GEOID,A00,A01,A02,A03,A04,A05,A06,A07,A08,A09,A10,A11,A12,A13,A14,A15,A16,A17,A18,A19,A20,A21,A22,A23,A24,A25,A26,A27,A28,A29,A30,A31,A32,A33,A34,A35,A36,A37,A38,A39,A40,A41,A42,A43,A44,A45,A46,A47,A48,A49,A50,A51,A52,A53,A54,A55,A56,A57,A58,A59,A60,A61,A62,A63
25025091300,-0.01664603361479346,-0.0012428764825988313,0.005151051020831158,-0.0370542386018653,0.00022015664709189946,-0.03023963503084233,0.0028531171153815173,-0.010980890070646341,0.0050424185476439605,-0.032926781273570065,-0.008357777559516295,-0.0028240618586443944,0.0017528043257662715,-0.019928672603949982,0.00046012018142841684,-0.1641461095241664,-0.17040020928163568,0.033227383283299154,-0.0012054292318305383,-0.062365355932464214,-0.0030162763298170166,0.0075067024876816525,-0.0056837889771143525,-0.0018217698640528195,0.0030696565496911607,-0.0023998757590695573,-0.04101688797533553,0.017829704395768795,0.005797765171332981,0.0013694776212178025,1.3579812571190465e-05,-0.005319715048448395,0.055561701143694964,-0.016017154239915118,0.03401181500401632,0.014160353791972946,0.008818727001235331,0.017029580127671255,-0.00238350335726818,-0.0033629587788477928,-0.0028165952725394744,0.038515158826537325,-0.0024235321882011495,-0.019317453963502245,-0.00035312350553380986,-0.023387773887722424,-0.04526339233384671,-0.030726820301567044,-0.016096667207890717,-0.03351713960634338,0.11962762296323431,0.015085363213725349,-0.001599442699377332,0.012700709636428685,-0.0206095369532988,-0.005542047374632208,-0.00044454619972801015,-0.013600827837951244,0.002127667592666348,0.006186632738876839,-0.003847022978966519,-0.0024298101904288174,-0.058366975015744414,-0.008828273631704287
25025110501,0.016211561693232294,0.0014290387599609539,0.0015519404493489583,0.0573963356973246,-0.0005765105566734417,-0.05502519017197576,0.0013745635057102455,0.005694353890212155,-0.012504671149887195,0.04496028562953091,0.014393012507841533,-0.002725068564953454,0.012392400867788396,-0.046150752280655086,0.011746304500533572,0.20422631725615376,0.1922099240236823,0.012571030615622604,0.0034229451895002472,-0.10847719796465326,-0.006411144510763714,0.003431528325959935,0.009254319815055284,-0.0027985979196307334,0.009792854517575887,-0.009956782585894724,-0.013701685614096196,-0.0006703733817063425,0.027256090368693583,0.016197270627693553,-0.0003455207388454951,0.008587874825417167,0.03731334362074496,0.04954111911330994,0.011547344071124194,0.0036237569959028477,-0.017681372110288505,-0.0022320587038023245,-0.004580473245106269,0.020864149271243294,-0.0007763890406042798,0.020662893594153884,0.0029879465965901345,0.03998049068790112,-0.00015526984820621737,0.002373246797766303,0.1160852513420654,0.06622808059798216,-0.031051130617480417,0.01973956213938881,0.07716357708996119,0.0035725792519541192,-0.007573995236822697,0.012953116495907455,-0.012502363400241611,0.0005015798624327026,0.021376143037574912,-0.009333918401486917,-0.007329374485996584,0.00823968292746348,0.026947303991024338,-0.0007991607609397927,0.004377431711090271,-0.025496511079596683
25025030500,-0.006113604895405158,0.015147332598051864,-0.008677161495247093,-0.06316016179643884,0.006833952611502192,-0.07389976466032304,0.01628613452902659,0.020500253385280925,-0.005678144232329383,-0.05702594523398604,0.029663609442233462,-0.01824746807206491,0.0021851354625518978,-0.022602398956007134,-0.009113206265018737,-0.13706917441860314,-0.17891982070270032,-0.05422640578095906,0.028288785420987284,-0.05133530077050702,-0.0031776938047236207,0.022202165433061766,0.004241056923499753,-0.0009808036506322717,-0.038903067759681165,0.008019182564701893,0.051142058215110385,0.0018753399715745005,-0.022749725964333865,0.00032260168501453446,0.004552674352390201,-0.0029475888142070257,-0.11007312197051337,-0.0474654578046109,-0.05400372662152936,-0.011206702695491035,3.9745191560984584e-05,0.03499170942045707,-0.0018186245396803846,-0.08649078740537737,0.0007759021764513523,0.07963636133615684,0.0039094467531199245,0.0074130658538865005,0.013816841839208208,0.006596957797904724,-0.05271555864732777,-0.02574975849524659,0.0010458720011247812,-0.018112678942905407,0.002942319291285427,-0.022700763508385867,0.03821719765680016,0.038808478682517446,0.03139303063237981,0.018343579012773416,-0.019158277845374567,0.02976949249252133,-0.005738703705206113,0.0018693704204689764,-0.013205877806411862,0.005185522777653439,0.005374331333897961,-0.007105390879331407
25025010500,-0.012964814276558321,0.006299698570745007,0.0014522864843282191,-0.03291079741207656,0.0010143245759766616,0.039964910188626974,0.00849925333195462,0.009354774356177044,0.005385777814126628,-0.04846138180744304,8.31209133943306e-05,-0.000878581453347031,0.0007690521451046125,0.004113912913631596,0.005323268945275786,-0.13287780478318725,-0.13958016121518307,0.023706747490174613,0.002058446468527874,-0.06071510367226101,0.011157845024309216,0.007560123153840162,0.008308493808065988,0.0023679349232515385,0.007256541783122007,0.0038115683767673612,-0.014203349488569217,0.010721739870180809,-0.026350446406275284,0.006934163953437348,-0.006694359086363349,0.004657639715797235,0.07261985955768636,-0.006441034606329222,0.04145685579072535,0.010048725228997846,0.012660072320559239,0.016204840911316496,-0.002214902738757942,0.044207817325545865,0.012922942391150091,0.04807825338986471,-0.0026748205709209026,-0.009203609304796708,0.012856524279488968,0.018484595726848144,-0.04663981138143466,-0.020225598423739742,0.012515233622909678,-0.019345955493398195,-0.013776637393769775,-0.0012294182740360331,0.004504168433151006,0.01588044675226727,0.0011792477143574521,0.0024990798895270197,-0.03493771451991157,0.008173682279932286,0.0025919843330932135,0.0032096029361864033,-0.001875362690712898,-0.001710020298637127,0.007745056926525792,-0.0013752110946852556
25025140201,0.062196158743208295,0.006647331156115061,-0.0032506437122236257,0.0245748974006968,0.0003067634717115079,0.06256804936526995,-0.00039261897998421434,0.003409362736950243,0.010096824076142,0.06494246271793674,0.01126523307687106,-0.013926783255200853,-0.0026644951304409525,0.029697585296860892,0.005134349110966526,0.24555205885112807,0.39964937162202513,-0.03505667927840903,-0.0011939967547681027,0.10522772891569829,-0.009636160142951126,0.0062337477639313466,0.03199312230733309,-0.00419660416542914,0.0024109676832138028,0.004633031135150593,0.04070047911381767,-0.006169234711473025,0.021280978047958376,0.00435440498457146,0.0005083790416905502,-0.02366545617027519,0.034613639556740294,0.05197952363523412,-0.002163975416501461,-0.012148064277394243,-0.020304337594473174,0.0036426138094736676,-0.009778813318456219,0.014190153700276448,-0.008889678423568038,-0.012115121065661658,0.0037956958515341773,0.023160793024791813,-0.001032636532079401,0.007368216433008135,0.12016281860311273,0.059341772311781386,0.054976744114518326,0.04782584151535214,-0.00981606595141982,0.0026250690717255377,0.03907885885024587,0.008672201025007459,0.012097570529404708,0.019850452084877616,0.030637603513671504,-0.00807493961282664,0.0033422159218476086,0.010238526720157614,-0.024683771649416573,0.005952111602412573,0.005469048542431518,-0.026859114728678014
25025082100,-0.006712777815457429,-0.006805600098550801,-0.008909966408418863,0.050585363051266846,0.0014413262950761629,0.06643425781713422,-0.0007168068111964293,0.005015943968534935,0.0061369514656866835,0.03853691974134801,0.03159983781337108,-0.0035505830702359667,0.013431995281599074,-0.05464555920891474,0.010412013046837107,0.09867114472746795,0.16802938027115352,0.015754253190245118,0.0015015230822101725,-0.12964901918360056,-0.005508714225960539,0.0052773124046689955,-0.0014874452296910394,0.0061849915665718215,0.007974914276444827,0.01248439338798494,-0.0896087394083758,0.007731617403985309,0.03868397012662696,0.007564929933404572,0.0005035610131640593,-0.014993223227274232,0.05033305913802406,0.05297415596233074,0.021205021489188836,0.002232724316282122,-0.008297494426696339,0.0009557234831057065,-0.004963889978233765,0.011440770395373787,-0.0012397458126799878,0.023182799526745346,0.0008632933902315999,0.03770211889597499,0.0027313254315951543,-0.009196728725424284,0.02329637290718281,0.00735035184093877,-0.03605784613618195,0.03677934054667489,0.04608366551945684,0.002626675003077721,-0.005084300821397552,0.010009710091394078,0.015234336309812933,0.016901957098990544,0.027872123533187205,0.019961902661308397,-0.0029702746491221594,0.013399411244789126,0.021443673747907833,-0.0033785776461872515,-0.00011104255123589265,-0.01652833720669607
25025101101,0.04281755547951495,-0.012962933396000846,-0.004566410599169991,0.06013783063012074,0.005487041228408726,0.048698385298601765,-0.001522734403644836,0.00658082562462052,-0.004223341225340132,0.05788802036153589,0.011761741747635699,-0.011145130589718756,-0.0023653159596779805,-0.03764907921926632,0.005239816190553254,0.18851518064712489,0.3555855805697813,-0.0411099705176841,-0.0018524900151974607,-0.025113380922187248,-0.010341700949920377,0.005224080994889249,-0.005372983197028644,-0.006847333926094782,0.006052613083134123,0.006422447616768466,-0.009832784242690995,-0.004227716805031336,0.02318543669745285,-0.021259019333178704,-0.0034723764849260916,-0.031069515673308366,0.04032864647498232,0.06443468999666357,0.00046642422004255666,-0.013686345552836404,-0.016722707634540337,-0.003292328541294411,-0.007395918892769432,0.01047179113962182,-0.009070535921756356,0.006938652297495188,0.00414515548182556,0.020970121861772186,-0.0018005331495908156,-0.0033062668188687983,0.10401253736277453,0.0617613701803492,0.007492213610319811,0.042047101421131446,-0.009563444371814838,0.0058247055654548985,0.02286335434956624,0.00507419437787388,0.017870914175399866,0.01303193162812814,0.022637854398038674,0.011490466567904981,-0.00668905314467808,0.008404598028222784,-0.003313007455616577,-0.014126847145812813,0.004092055631522115,-0.03797114593695203
25025120600,-0.005204052075247639,-0.010995192797378742,-0.004358408799492581,0.062317412360691334,-0.0050584208060204154,0.06935767012380839,0.012807563981169556,0.008253644531106007,-0.0021175817191747873,0.03714950907406329,0.02895387236203855,-0.00030612021447652,0.022602464429416116,-0.05766251267038143,0.0035508963931009537,0.19272280246982137,0.23159797863901743,-0.05094630903148463,-0.003815018336696812,-0.09283281200000403,-0.007031474822544045,0.0033180187653494577,-0.004546861720970064,0.0011407801987859095,0.008849740002473535,-0.011946988650581,-0.006945277780253654,0.016433645536329918,0.040362716865001966,0.017611088324306023,0.0021706543035287466,-0.011503645263855226,0.04566314831953275,0.06287496958656179,0.017232202253365712,0.006570326775696022,-0.01569550273264708,0.01371484843959686,0.0020103797563017496,0.01238913395086518,0.007144846125689026,0.034575894668149115,0.0039009762285575687,0.033565356786386155,0.008483775259820985,0.004468122482848287,0.061732498347128524,0.021736825467650166,-0.016931903035234185,0.025506098247496153,0.041132228628133316,0.007952731816685574,-0.002576950031120707,0.01567438792149032,0.019633328021627934,0.0023193168656238344,0.0351436116942753,0.030818826884146944,0.0029016304634306316,0.010268898003064566,0.03583068145307441,0.0009858253586029573,0.0041429046417865946,-0.021987757663452553
25025091700,-0.02003568716915437,-0.009399264952979753,-0.005433710784468443,-0.04932566109742163,-0.0010519061848400313,-0.058158186992141876,0.002402946891276445,-0.0027310396442804066,-0.008514795823315366,0.07564960950937688,-0.004206142783019169,-0.0014069784739929878,0.011221966962497868,-0.04494809929590464,-0.01868732407076708,0.19122718265699193,0.12192651863998583,0.03941517117888494,-0.006966557313987546,-0.012516050940243486,0.0016476200726500184,-0.009515750887149331,0.003534110488375477,0.0004005097793395608,-0.0036691867987725013,0.005360258798875024,0.04515137100290549,-0.0003646759812592541,-0.05375539780493802,-0.01479217188831555,-0.0020865961314233033,-0.014465563336042807,0.06241046271034198,-0.030404582775487916,0.02758094472826559,-0.019162617321806786,0.0004118770827629908,0.01323556106977021,-0.0037512261975183223,0.014818622339769594,0.010066506144018559,0.007110509589337171,-0.003471405226202846,-0.019970537744986236,-0.0446434884351261,-0.010978696199424548,-0.036383114381777236,5.100534034926214e-05,-0.02647755633953231,-0.04361934199242458,0.09882716940062865,0.0009635503603677622,0.0005570411965406533,0.009202926792917088,0.023802743703900026,-0.0010723106166352677,-0.03344574929460535,-0.00968088472001683,-0.002614068635253206,-0.013010622653770827,-9.838131912252419e-05,-0.006890688471885877,-0.013172764119852333,-0.010402219321637816
25025030100,-0.025673744390079266,0.005647451951656355,-0.027478909900105115,-0.04686605014872654,0.0013742823590304645,0.04074041576726196,-0.006697926679800343,-0.0008323083489860399,0.0043301167099042935,-0.05027898771768554,-0.006564016799531211,-0.003011183580370622,-0.004137071624832877,-0.02572128976702842,0.00418804946209204,-0.19342533193022826,-0.20791094798948545,0.03133746783423234,-0.001579795659513883,-0.06898743615457116,0.0037434366307791066,0.004984030252067246,0.006079650389713908,0.0032460218898061697,0.008420435835188037,0.004860547424472405,0.01997284798802473,0.003315175992439814,-0.033499862154634186,-0.0002015289137107873,3.9849215711958676e-05,-0.026479287755204594,0.06518846956378062,-0.04949886245684034,0.03878346886972555,0.009450641583132443,-0.026195520710437462,0.0015934311246003903,0.0004429655676568149,0.028046819239850505,0.0038598833144618816,0.054518688985080145,-0.004694434376017351,-0.020655858592564386,-0.008846031070005266,0.019246958386186612,-0.06766421034909884,-0.03782226973498052,-0.022948236831608904,-0.02891120093168043,-0.02356906123918277,-0.01241727424790327,0.005322136773770139,0.001789934250843264,0.007457270229992173,-0.026148239675152,-0.024896961466839826,-0.01656406314334374,0.001159996234019063,0.0005542088533133019,-0.003803114401180695,0.00042152215004675765,0.0009876697679071672,-0.011065893136750932
25025060501,-0.020151736625582388,-0.002477108588883303,-0.00402990613074767,-0.08242058413702297,-0.014913165577151728,-0.03629036940302849,-0.045475535206733614,-0.08042607837648277,-0.006906761503240532,-0.07676583524759004,-0.009978113906778245,-0.007311496450387928,-0.019223551787597572,-0.018550617271089104,-0.010890314823040904,-0.25250002560035545,-0.30377929300907475,-0.1422606210106327,-0.023850812825782084,-0.068417381975352,0.0016543603208348991,-0.06219732280254775,-0.01613853706069711,-0.009757951360323208,-0.03706353782826309,-0.01081811360606032,0.01308636998850048,-0.0037607035243291905,-0.03896294847615735,-0.03172896313505454,-0.0020987272921598812,-0.004391766758683279,-0.2699756691191485,-0.24804810769442837,-0.1068422485186757,-0.05085284611044512,-0.024874069681067444,-0.06269182845768675,-0.01271855367357232,-0.02702146784809488,0.0004413309194034276,-0.0012155051888529493,-0.007307840632843159,-0.027516378444508705,-0.12921842656493318,-0.023943722038826342,-0.12411488652770343,-0.07915544746373142,-0.014905704343591137,-0.035277505102088824,-0.06023255033704541,-0.012042674770390673,-0.033058670534740896,0.00092095396090701,-0.02253024942051306,-0.002035014044496809,-0.03661115890970513,-0.0037227682191348413,0.0014540930114533153,0.000713110659486026,-0.0009599097950203947,-0.0046156801119481864,-0.0073711811948704966,-0.008815564231243501
25025110607,0.039401954845573704,-0.004536549512491003,-0.005801517934666025,0.054175546385131335,-0.0056943916556183635,0.03134373037412267,0.0008891709419915567,0.0017873710379886286,-0.009852964994737095,0.05099646993907465,0.004008282542267253,-0.008806539638569224,-0.0012101560165172962,-0.031917289965741884,0.0045972345841439185,0.21544312350487935,0.30439956012101177,0.012592198763374718,-0.0005719177583497273,0.020683910776484814,-0.0007936079006810907,0.001797575184711416,-0.008420627078936321,-0.0043378765032388395,0.0022356550561689983,0.003839074135990872,0.06772016220509021,-0.007741836120092665,0.022921348036135946,0.003673663186021169,-0.004319305218420032,-0.034596516926243354,0.029180116530024176,0.05672754556705968,-0.00021924958031023555,-0.014395151634726122,-0.020478217057288955,-0.004445964151707583,-0.007694966192967854,0.0035942429226559743,-0.0063206234364694,0.012430561664184723,0.0050146358041104,0.02623330645157361,6.686838825014319e-05,-0.010314473561851579,0.09067582182124419,0.049627689975930506,0.013365746136516471,0.03759550361337687,0.03271854141818184,0.007247820969785957,-0.01148210416925063,0.004929091004391501,0.007124316586194814,0.014273220539485902,0.021187754957201117,-0.007622526193718575,-0.0042943082477549625,-0.004380769744737507,-0.0030481121526512015,-0.012173567477828258,0.006369255213976408,-0.034471179911037514
25025120104,0.05948962944763356,-0.0015949441478594706,-0.0050519455609021845,0.05656390790752563,-0.001986773946833589,0.050833113613535236,0.00491564116096227,0.0029291672770858845,-0.01160626680670449,0.05660057366309909,0.011788837172590948,0.0022564147884157116,0.0020821974212716847,0.0033967420859631016,0.004667092528673581,0.38739904705435624,0.4038809502359672,0.013545712274373567,0.00025132629356453603,0.1815412849244487,-0.00064695770193774,-0.004368911582435762,0.0057902647521750035,0.0005746514165917968,0.001762420870321956,-0.00790131898715011,0.10412023270176844,0.0001828502176127189,0.020618638889024654,-0.011834879801933755,-0.00013017406440253974,-0.03337083001900679,0.05117805326411873,0.08316199528234341,0.01767337656203156,-0.018293381787130015,-0.0018584279496302882,0.011212459957892662,0.0028460383044467464,0.01284287735684204,0.004848641510024655,0.014344064603379532,0.006078590869468585,0.019912972923581296,-0.00023286019564797635,0.002019757943689808,0.1384291135632072,0.018510666836048902,0.05854648337116012,0.045625724652552054,0.035611151517470144,0.008125556658626212,-0.0034273579460648573,0.004412920425097208,0.0328014063878122,0.01326048248136808,0.02034904296262478,0.01626233249956558,0.0015077697176004217,0.0013918159784907145,0.004496910273954467,0.002823952289497894,0.007766300424637162,0.05710847778498466
25025120201,0.05522918415627431,0.0010501213369879853,0.0022324626609746623,0.062063190683576186,0.007381547269942555,0.07334509234724554,0.005700225221737313,0.003790216001658449,0.011572416202890885,0.06330120088802527,0.020021862677553952,0.0011834157990893235,0.00530182276312447,-0.03050355981592294,0.008725778913776742,0.2576165367731487,0.3518953407688846,0.016537648013771368,-0.0025672016686445285,0.12164521395880264,0.00989276172423698,0.007348499802556858,-0.002528895991178977,0.0023752682709848438,0.008981065702639072,0.011292586062880559,0.07446205170842764,0.0012763313901160503,0.04072607387255816,0.0034244145327821775,0.007468156963133887,-0.011048143239559906,0.043392582607626566,0.08301679260955283,0.029524353029623713,-0.012271285718079596,-0.010845376532683124,0.00850774191920221,-0.004235990381888824,0.010039984150353605,0.00027828170735193984,0.011951614475285074,0.004099512956857997,0.04670158160618098,0.003262443592215532,-0.00014834899337348956,0.11908525820370866,0.019909454075168427,0.066086261333261,0.05661757344303854,-0.012033189841774187,0.008778513255943794,-0.006835652178477363,0.005808911718216173,0.036617759209525425,0.013280092995264777,0.024380918300903005,-0.00292474090984644,-0.0018031815493665586,0.008346395029834043,0.0019569948275246973,0.0039575533753760436,0.005998486474426113,-0.025927603605776332
25025980300,0.05559344956522679,0.01985480999904579,0.0010619976258435236,0.06356700392132886,0.0006506607314159181,0.03324141556592381,-0.003068136469908547,0.013423476035140876,-0.012178047148809086,0.049484681421963356,-0.005277834877890122,0.011077793726449854,-0.010736705805928344,0.14172892936677403,0.0029060406070951996,0.42756738814073625,0.4305514781056155,-0.036195106340770236,0.029398268622308082,0.1389923670566267,-0.004872502551408382,0.003878307415111519,-0.012006819667491833,0.00022776487687405035,0.013070569241416105,0.006029429101122257,0.10707892580544358,-0.004313324562311669,0.010788344613573512,-0.01799714644545298,0.002513825004551559,0.00488416176963447,0.0226699717391827,0.041448367660682287,-0.03814895154976606,-0.019325118117299037,-0.017468102666898605,-0.009372933418211164,0.002866352825722466,0.0011910745273271172,-0.008826191656553661,-0.10823460360538797,0.0043212152394290675,0.014413954742100936,0.008783631287278723,-0.0053842005864702695,0.15855195472092032,0.07411168616798094,-0.029058271148189065,0.0755020874893335,-0.0037134576994209537,-0.0001441396935385095,-0.01341335075286379,0.0022165053275844207,0.02485685102905985,0.01456512064525045,0.003372740149369318,-0.01677383826335557,-0.0012503860495602069,-0.012590918184530463,-0.023056787829624892,0.0015945380610465204,0.00902811729627371,0.009913262644092553
25025000704,-0.036523782543389914,-0.0299896373407105,-0.036046847885061274,-0.05616763821155817,1.1198098619786725e-05,0.02303722708768758,-0.004454110900771611,-0.028874988148174022,0.002246293736436752,-0.0649897865513867,-0.013033110397429307,-0.0028898766065318608,-0.008101493312605575,-0.0130392937016954,-0.008007524650493461,-0.21959238928294753,-0.21758309609572388,0.0257196016456126,-0.0030568355332845705,-0.06290161520055682,-0.008923985804107559,0.004037275237672689,0.005763683117598901,-0.0015715745804341051,0.00364683110694497,0.004896002640346872,-0.0441447879371582,-0.13371734466805207,0.00029603287246291615,-0.0004074927855004915,-0.0010001438631138638,-0.0038545973818021615,0.0350936031620749,-0.04109118505453698,0.023559865540604064,0.008862893688105812,0.004741783719878747,0.00024827564740528493,-0.006041069192286631,-0.08548877512528952,0.005080541006881661,0.03358090374753084,-0.0010215015039539694,-0.019880732672076726,-0.0018401572225184945,-0.042416114542995154,-0.06744978532879657,-0.04618297984787403,-0.022032658803060635,-0.036172467774393924,-0.0879073593018211,0.010143314071976434,-0.011654131292350234,0.007990367413235267,-0.01529672423556956,-0.004986599571875853,-0.02658658550323748,-0.01662884929378039,-0.0029919871025265617,-0.00018948100592616963,-0.006968574890052091,-0.005960767449202184,-0.04454090214744507,-0.012280762869549851
25025000703,-0.0339600926438105,-0.013825933770901055,-0.00048100497573241055,-0.07835024217034905,0.003035607743351685,0.03053512145423721,0.0032725738074690313,-0.03164032158440848,0.003972569763684678,-0.06890867295720356,-0.010462654145205525,-0.001342780821221416,-0.008574580146629552,-0.014392579955675491,-0.0023155926923924854,-0.2215105035406916,-0.23425310439576968,-0.09548116625101052,-0.0022224683759772233,-0.06021464310409772,-0.0009057676962719226,0.018186440846621972,0.0077868035449282025,-0.005336927841447505,0.0015955182094871138,0.0013980969285244012,-0.04241126879345158,-0.10740475268637988,0.0026270394731858376,-0.0028627851234930713,-0.007876927302755203,-0.00996329446797135,-0.17448798870864235,-0.07594332767489666,0.010318291819880832,0.005010325322491346,0.006012426837710243,0.03139761370520474,-0.0031712818933433374,-0.033589533143262996,-0.0030375523880645187,0.014584588310746837,-0.0026133100201861078,-0.019506562225097907,0.006988609832999873,-0.04827760220513945,-0.06742536550985002,-0.06882175030594548,-0.011424523996154729,-0.027091388263676457,-0.06697257314678677,-0.01162695832584774,-0.006866788516065982,0.014093386894954672,-0.0010029591974605552,-0.004893633331563253,-0.03505595720722635,-0.007672890355215599,-0.001988829537395541,-0.0008260624427743845,0.0019167208082679738,0.0009599100628380706,-0.06174884005715255,-0.007181551510902332
25025010802,-0.02129135265120111,0.0036983400315702586,-0.00018049207097416736,-0.06002387304865572,-0.0004161632249650007,0.03185731339750548,-0.018271777679104966,-0.0030562635638781616,0.006770336821003358,-0.050017514560464896,0.0045610874383873075,0.004339003525870696,-0.004388112615028467,-0.01736368352328582,-0.006614005046764452,-0.15370556678611197,-0.19408422948091167,0.0460911822105635,0.006784421737601245,-0.0376706148089148,-0.0017037165041378845,-0.006204665303773625,0.004485502611206188,0.001436516892609363,0.00765931240519306,0.001420790958082539,0.021711242417996858,0.010561475178245338,-0.03460180896019827,0.0015184522671883754,-0.0010706538140967295,-0.0021906601202694776,0.07409138293715503,-0.04928300089250851,0.022394306297549616,0.013793422333985644,0.002198927673114364,0.0016631878927380786,-0.0023149606552422914,0.03602808221035864,0.012104028841723256,0.06615251460105809,-0.005604069367707564,-0.014892354652662095,0.0018766768731898068,0.01529187954192573,-0.05579079943630345,-0.034610707136327905,-0.0003457558955437179,-0.02708943284692932,-0.025694197002273843,-0.002047114733964029,-0.009593974287544266,0.0069343154309808456,-0.017478836865087215,-0.004239610593661487,-0.03953415992898334,0.006848994922615687,0.004671866615643162,0.0027698446480332894,-0.002266921805337621,-0.002143490244530986,0.008552041020889625,-0.010662930694899934
25025010204,-0.01636186378364167,-0.006729731698840536,5.6851489931380074e-05,-0.04367260619669368,-0.0016518500701093544,0.03637749408789169,0.01149978741228956,-0.005235818740436178,0.005611347728667279,-0.055073211192840484,-0.004650972678030219,-0.0020778376285022783,-0.006270738094018755,-0.014702233767648553,-0.001640018655010951,-0.17998206663570943,-0.1951684329560422,0.03843177471414371,-0.0052688996101327564,-0.05193392394701866,-0.005381731393214673,0.013229627333533257,0.007192226558636874,-0.00030039492510456375,0.008963025116051702,-0.001329476760242197,0.03716809212693525,0.004022012554448607,-0.005344276163384967,-0.0027672594386736376,-0.006697042774068231,-0.00028154727669001687,-0.024061094841738875,-0.02330640876817203,0.0164408041645727,0.009676950896855352,0.008355824886178184,0.008541518302681921,0.001309425360964946,0.03543731861236003,0.012314478965214157,0.03576795812482666,-0.003850922462530249,-0.012880417985188384,0.011960175352302796,0.012813129106300527,-0.05443147152163748,-0.023689308954037373,-0.01549597984121157,-0.02258654244231962,-0.023838963535413454,-0.01133709924334349,0.006046866848382178,-0.0646520237670493,-0.015029126541927415,-0.0037065251881381414,-0.026054348372999605,-0.005648456198466612,-0.004100261989671996,-0.00029217173633004113,-0.016702385004938806,-0.0013097662039034234,-0.005574456075355327,-0.002417860162379824
25025010404,-0.012185679428986448,0.0032644557342138996,0.002409764957166955,-0.04462590411785069,9.663568049069683e-05,0.03939828827225787,0.012266752133601812,-0.005818671986800793,0.0065157197914024285,-0.04533286065424951,-0.0016470337570778089,0.0014574998851235633,-0.00230109670665605,-0.00959853352342005,0.01740306832248159,-0.15885873882592902,-0.16611519589468673,0.018764075218239532,-0.00013504187092872462,-0.06435681204655921,0.009494826481237487,0.0052181074185132115,0.012508887435028964,0.006641706829571963,0.006464597687983904,0.0064533193937181725,-0.004493758163243699,0.014195284102431153,0.012173272676403897,-0.000515910723281829,0.001788114060545429,-0.00189044406498466,0.059393425021627005,-0.012356816328452879,0.04146403983142333,0.012417520816676072,0.01164328849357666,0.015309675247524083,-0.003447566505172975,0.035818312591919796,0.011199877311393524,0.03536316485949649,-0.0019183931792614909,-0.01116749822284071,0.016126753143745204,0.02131658778223123,-0.047117631780411784,-0.026173747371762732,0.010647751653207487,-0.021093387630567777,-0.015762415145923414,0.003935272126806776,-0.01169288167590889,0.014762593242871574,-0.013638558071403507,0.0008732570696678007,-0.019190557910867257,-0.008199983066448318,0.0029793037337676655,0.003913918368765544,-0.0024429409616904497,-0.0014699685542386707,-0.0011038330063244933,-0.0012977966677869036
25025010405,-0.021426570128305997,0.0024628119732835485,0.0025461164109582502,-0.03499596586595137,0.00014708120025964548,0.037010827715047344,0.008543072132466231,0.010251781779415573,0.0064637258643158,-0.03664646268880144,-0.003226011878320034,-0.002147047198563972,-0.00395628457652801,-0.014201798534612578,0.015908797109476524,-0.1794078707664895,-0.1679101613305359,0.022161734965289434,-0.0009332850104137788,-0.06804780935406854,0.007991168685077467,0.006282985866944844,0.013571349587430167,0.005442148882581963,0.007715025077030815,0.004653933663189531,-0.003996842671841568,0.00779073549154347,0.00566489317232944,0.0010840014293293882,0.0009336590100467416,0.0034407478049792075,0.05877526114584263,0.020547836667124394,0.034484263962732596,0.010693060661892448,0.004784422203692733,0.019763970341811463,-0.004566969587957553,0.03815054696778112,0.007874533385907202,0.03473975974841833,-0.002647490705220502,-0.012949016262239137,0.014074378087394085,0.01357947586578955,-0.04507304945484494,-0.028318311487733436,0.009991409121375675,-0.02547226421283694,-0.018601334792164338,0.001628443001457063,-0.00339935645917996,0.01569516029259116,-0.01701681193945804,0.0015801732687923799,-0.021536268368969335,-0.009183303455455413,0.004078919457676634,0.005448824799225919,-0.0017761628991631979,0.002631526174301529,0.005631227313366415,-0.010280719292273118
25025081001,-0.013980965475064765,-0.004959913907850298,0.0022074511663006174,-0.03161027922071128,0.0055887853722387,0.027715944292233986,0.009003380264510835,0.014105296339227922,0.006762192869456246,-0.04555724157752056,-0.002927970271502307,0.002074113538361133,-0.005149598225424369,-0.002106113954471927,0.00389216337863464,-0.17615687546657655,-0.1731737755898126,0.02989168595144766,0.002007772678724137,-0.06973032036949939,-0.002664618670244346,0.006364910297565648,0.0065779694649228575,0.0021938438313306385,0.008987920786775738,0.005104043593359876,0.015423615847338779,0.010269668478599019,0.010612483746919307,0.004784874350936153,0.0033046255741040324,-0.01662792924608765,0.06776014657450706,0.03322553697117459,0.03986366438306782,0.012492857586709072,0.013103365015468476,0.01802108064150557,-0.0023950492502041883,0.04875526031067549,0.007127866253666475,0.04401965463885394,-0.0018984789027394254,-0.010791357359174629,0.014395051772081849,0.019970304845751543,-0.05059849796427773,-0.03264351890811773,0.01538058650346129,-0.026094686317243418,-0.0418026939722587,0.01889642936005203,-0.00507951603841758,0.01745796510818444,-0.014936145769939945,0.0026343667557781106,-0.024287142980814396,-0.003386751443016132,0.0028276446465587976,0.0035341148710867384,0.019034614809903216,0.0017124024561012148,0.006122092717806064,0.0005057445547897478
25025020101,-0.02357211688539287,-0.007048804253802685,0.0011301383968225684,-0.05281024026889673,-0.0020725247244882186,0.03351063981279137,0.0010672605347955214,-0.002716369626246682,0.004431059351710033,-0.02848430700304117,0.0010106205613865933,0.0017967938470475299,-0.0032953216546255707,-0.015197299941877358,-0.007109673090591268,-0.17040651920146466,-0.20896009021471687,0.04808922320402666,-0.014859231704713044,0.06328619243677643,-0.0017980052385938078,-0.010318055389257147,0.002893267264057713,-0.0014075069933806275,0.00026312181177823784,-0.00010503738778734053,0.034883209171150974,0.009061455817882187,-0.03888067991202922,-0.0033947709505994525,-0.005954232419444443,-0.006466084436188722,0.08782047951740204,-0.07254742616295104,0.02356083610140332,0.014619348824128566,0.009997463800351481,0.00492620740436364,0.0005348425141965698,0.040226339071940405,0.010018270068273829,0.058307392038675035,-0.004167496628464141,-0.013164011662177188,-0.018580815326949905,0.014589268888822874,-0.062028237575078936,-0.03183125330604037,-0.0024203294019419074,-0.03483905768904196,-0.057599623615085256,0.015391072303558101,0.0028080809120107357,0.011031429213689605,-0.004379039175884134,-0.0016499056089824603,-0.02476299286317389,0.0007191630773849514,0.003270426338199178,0.007121964254465044,-0.0031616771987427565,-0.010287185514884447,0.006538004571467843,-0.0038942622306725673
25025020301,-0.018719651210943326,-0.002064158709990019,0.002194598549852109,-0.039511660863133534,-0.0011548081544226904,0.029653436696927476,0.006599659309976344,0.007064903563523198,0.005234462742116789,-0.058379018095845336,-0.0037579337965578928,-0.0022260788364684737,-0.005316063589572246,-0.013326502516389553,-0.0026694126577124964,-0.15598080020398084,-0.2025261962056234,0.03486052103617669,-0.0020600792787743272,-0.06131995980433515,-0.0017454002161560829,0.001687099312912989,0.006983177101495933,-0.0008445966208234736,0.007340892229741951,0.002255534162742848,0.02234026784437925,0.00679332925706569,-0.03124105476457703,0.00026722390271198814,-0.008518644195500153,-0.015884372064370125,0.05633481801632961,-0.018934350953412803,0.015622990133034878,0.01005065467588451,0.010334378655095542,0.0015639502686482678,-0.004135550286544375,0.03709901827115508,0.004049665987988034,0.028009322207000906,-0.0044846635755121204,-0.014154261467521667,0.010319541303932927,0.006085083441420301,-0.048306443320791835,-0.02714433340110426,-0.01714236798322368,-0.02145162782944404,-0.02469454225835104,-0.009016144354308,-0.00707057935436259,0.014501355981577875,-0.01493569104084014,0.0005957274723307505,-0.042149394369359564,-0.007823875504295873,0.00044218595702310806,0.0061843756125922016,-0.0036668038004759327,-0.0005877807885503473,0.004676679372689034,-0.012609298358693188
25025020302,-0.024592385193858257,-0.008611235654312353,0.0034332643604940384,-0.04412489877783393,0.005004944742372465,0.04123059402643101,0.003948039211703808,-0.0010031922551158314,0.005118246957535347,-0.032256245561040855,-0.00016758501381987305,0.0013881548885575751,-0.0004784853399535739,0.08604650343128739,-0.008083112696028709,-0.2195096624153713,-0.25366732159581634,0.05148978665628339,-0.0034473152966099643,0.0816611390952704,0.002468008135803163,-0.012305593855784286,0.002125965296142057,-0.00037215297980107073,0.006721168566484799,0.002283113443260255,0.04725639868486157,0.00395751307717738,-0.03283838068955055,-0.01361796615487068,-0.006099671933904105,-0.0032876407992657093,0.06800987045658485,-0.06580626127612363,-0.01959766546207707,0.013273664295696371,0.012452449979789011,0.003562220128908225,0.0013420919172482514,0.04110945784313547,0.015262304120882607,0.04759067901705509,-0.00471258116001275,-0.011110346091523442,-0.005924518880145421,0.010212682098278908,-0.0705592425448546,-0.02919982284523972,-0.012452958814863748,-0.02954480901713002,-0.030338137742619155,-0.006063596597062779,0.00501918611332123,-0.023341082682168095,-0.00815688334637883,-0.007032938111809664,-0.02072420850957127,0.000469863955203435,0.002819518268240411,0.00565025073765104,-0.003523006850280094,0.0029824868307411754,0.0044621922259988345,-0.005778535266396868
25025040100,-0.023792958188732515,-0.009866435578803548,-0.007156989106708259,-0.06319500522639417,-0.00577389634003238,-0.029963362750038663,-0.00604847901145841,-0.016184838413756116,0.00331779617653254,-0.0786200177054737,-0.010601382386813778,-0.0028585647292707836,-0.012623606436660459,-0.03319483477904136,-0.017604804035298845,-0.18322849783470227,-0.20164021420638237,0.026212004171160132,0.0004906491510465549,-0.06767813081879431,0.003371600092247756,-0.012128739513788832,-0.0026292391202768777,0.0004209433528384103,0.0010659694325861524,0.001463651466691844,0.010016247594210673,0.003679000048357088,-0.03473372171518855,-0.003617675787649839,-0.005060519669571198,-0.018224319399975337,0.0683286617677979,-0.06861875774952769,-0.0398504665375803,0.0026134463497138843,-0.051719733741431226,-0.0073269287900889065,-0.0016119683252353214,-0.052848141380767974,-0.008804582788795041,0.015461546085204685,-0.006442746285449403,-0.022474277714964845,-0.01438591939070244,0.00786467594219468,-0.06255595402651602,-0.052871936869620405,-0.028428198590152685,-0.02716976165748128,-0.05573406834808467,-0.014812432099690305,-0.015886276945192315,0.014875861560350069,0.01709494802474474,-0.026989465918495156,-0.04003953930105246,-0.02906615056035756,0.0006869832969605226,0.004250194683396353,-0.005131705616547349,-0.0003008957581203712,0.0034848585256414743,-0.012172609840438447
25025080100,-0.011221731676070738,0.005834580288844975,0.0022934140273585,-0.05243852053936558,0.002510376364488375,0.022550102104158285,0.00295522943787258,-0.016759322005416685,0.0064095642599961535,-0.06337609832132164,0.0018773394638433307,-0.0013127358892048146,-0.005353234133011586,-0.010279596315834331,0.002624816795230869,-0.18596638712256205,-0.20303190340143557,0.03410040788079416,0.0006231283400970494,-0.061411792249372606,0.005160691019638333,0.021978656269285152,0.011954068221216934,0.0025437393523887767,0.011757289605075714,0.0031829112245857034,-0.02975431239009252,0.009731621922395163,0.00746611943879204,0.0010081412040865549,-0.0018344505087304528,0.0012606698478431148,-0.15561615303837806,-0.05595024544397863,0.009059831210652677,0.006633480915668743,0.0004093956395700349,0.015453839975174426,0.001479602570050274,-0.02300005564730653,-0.010945862872940408,0.023224790291261427,-0.0031471416151028927,-0.0126509849810096,-0.003034911551924012,-0.02747385005191674,-0.06339021153653968,-0.044764673958311206,-0.017053116062418695,-0.018945387899138397,-0.06458604617494933,-0.012584922144593554,-0.02103538394567452,0.022799800643598888,0.01597765223538545,-0.005019851416704157,-0.02546705808200922,-0.001616518603524432,0.001587932800362549,0.0012834032267143418,-0.008403419118015414,0.0018580342555183618,-0.007077515247153091,-0.007354204516330255
25025061101,-0.0037828002158026394,-0.00583465038250366,-0.00025726868708610075,0.040000732772578006,-0.002118601476026899,-0.057644445422709224,0.004836560797104472,0.002478918562003722,-0.007182510066127196,0.05115300132482882,-0.003994288372112342,-0.00673907417066244,0.005582155870026897,-0.04574938216729633,0.006088324277448584,0.09754300028319465,0.12577035669739306,0.021652186952971577,-0.017579574974290052,-0.10050476457271043,-0.00020551182744603448,-0.0016255391274815362,0.002478282105272247,-0.001430482752088908,0.007192161896294622,-0.021392520933782053,-0.12915560890317887,-0.0035876566038389457,-0.03601652573360824,0.0002076384696176182,0.0022293859817079965,-0.02158689182233707,0.06727300288184752,0.00035203119159762366,0.030440666849892654,0.003486649087510228,-0.018849469351945355,0.005672054792313481,-0.002196971383686179,0.023654492052934194,0.005405745675909277,0.025824976422181182,0.00304962615896442,-0.03477639352349961,-0.003554183471881598,0.00596442369066344,0.029761151208500113,0.009618352472783084,-0.008984697352096442,0.014466446957904689,-0.01711840641533809,-0.0013084892459010282,-0.0073152119879372045,0.011311633612829297,-0.005801340746627616,-0.01395847778455673,0.020821241201814982,0.005135660148824541,-0.007205791441226434,0.00666949055048113,0.010101698392715009,-0.003680017450758947,0.00997241856899035,-0.005074121531839514
25025100700,-0.01975940765852713,-0.008048156918196197,-0.008338680253468414,-0.09465871725653038,-0.0028504506114192412,-0.09127246269316902,0.0006290650118490014,-0.006127371802698575,-0.013471939882315043,0.049033441694463505,-0.009212915752909003,-0.002425442317608099,0.0034105685158124423,-0.048492707125651034,-0.017778702171471303,0.16746288674069837,0.1593089836934374,-0.0548085757329058,-0.0012795751653495533,-0.0214977388780927,0.0036039232898736886,-0.010490204599359636,0.007888237169892412,-0.0026617510277350417,-0.04002267692349319,-0.010594583378677403,-0.12322218912183659,-0.007234488370657404,-0.07295690313546595,-0.017165821827879006,0.00031046842351269247,-0.032433353044117035,0.048172698856123505,-0.07752269147127011,-0.1016992039084526,-0.029281193192213267,-0.030002616188889056,0.03861850196078574,0.0003076537446776928,0.009400875742347726,-0.009846905825072515,-0.027684755899447137,-0.011595949339411923,-0.04357713989319887,-0.016044376295485135,-0.00900369109083166,0.010797792526619417,-0.014306197745397747,-0.02544701530156336,-0.006780934212170415,-0.027462724969725114,0.003639845150477577,-0.0012482556619271496,-0.0155222548612209,0.01494069255403029,-0.00862693134992,-0.08377755260051412,-0.0026911733042515266,-0.005574558704467369,-0.010468517278572505,-0.03569600061588206,0.000278785745654895,0.0022842124521300156,-0.01568579866513172
25025120103,0.005337552673475697,0.001857926585881228,-0.005145386772463672,0.06820588169718082,-0.0008915436295942627,0.00995691530999351,0.0010170261319955708,0.004992878068338728,-0.014240380344518324,0.05619656250721297,0.010846229259947798,0.002368406722779171,0.02480531303028882,-0.02346946798880369,0.0026405664202556745,0.43413844689869685,0.4077068458849498,0.01129310078248251,-0.003842168515991653,0.12199449200686893,0.00843876519416968,-0.004541599360019995,0.01141207248987898,0.0013991658034348587,0.005871493541716277,0.007972134849329652,0.02824235499881751,-0.0003015535768783301,0.035042935045389724,0.005270794308935968,0.006154362426110838,0.002334306370047573,0.05635906546809677,0.0972097680952294,0.02039505267469307,0.0014163827309165546,-0.0029200307056197524,0.009880693069396925,0.004627251949799764,0.019397130125038027,0.0049148785431966675,0.024838011155821342,0.006412001035941506,0.05213318896113642,-0.0004104154120559024,0.0033629738214417523,0.0690814711726852,0.0876766842138709,0.04424366563657618,0.04047583899450407,-0.013200385717147914,0.011556729875498778,-0.0025762959449476507,0.005675486638251013,0.023182026365774412,-0.0022359948526707372,0.03531915505812156,-0.005776686017571597,-0.004688905169453475,-0.0032357890326205957,0.012327233676567965,0.0006374342572651547,0.017239804241929613,0.07470862041576357
25025130406,0.050562798827652466,0.015489692673710012,-0.0006443307821045371,0.06777419047780442,-0.0005461621842505439,0.036736485376959956,0.0073573287531974296,0.00651653625569874,-0.004184227610802205,0.06269151395672899,0.046900973432505044,0.007157963792055889,0.0006456316809901828,0.14310393389284534,0.0008826934252523188,0.4734079783369499,0.4729674861260267,-0.037956235301957894,-0.0024194895176832066,0.1298527130713648,0.01009460596108019,0.0028756924874845055,0.007050228000671858,0.000312282185603534,0.005509574212053867,0.007160426151288644,0.08301000998292947,0.00433524533776463,0.021656023801575754,0.003065064749779933,-0.000468076530051007,0.01466389780019657,0.02874765602901554,0.07620132295190069,0.014222201775943879,-0.015468074475213556,-0.013765287810969312,0.006076428630386544,0.00037900778720020395,0.01227832090174322,0.005751624527021082,0.009708662315327125,0.003314641559790215,0.04782616918357142,-0.004977091563444155,-0.005026717604328647,0.14530967868945766,0.08855151378641775,0.05009063321993989,0.08560585087874256,-0.011394098894649256,0.004503519534635322,-0.01180237934425349,0.003799499373061872,0.012529759063427983,0.02368164203165688,0.01815842791356833,-0.010292092627794734,-0.005260785118895483,0.012606552268476796,0.0027105344494138426,0.00026725792743946823,0.012626781450848135,0.08317399693658259
25025130404,0.0637994526934932,0.014651361790561911,0.00026748474345026025,0.07810587089010251,-0.0013799204461231128,0.0348403956411041,0.0039713958501386044,0.00857234348332238,-0.006329650750534139,0.0770421909846155,0.003610743619085645,0.001582360129048553,0.014103621880029572,0.19385400563119293,9.301470823894137e-06,0.5137173179643167,0.5326050863360935,-0.03734149580566145,0.026305625203189183,0.23465138838171387,0.012933344181714412,0.00610773643280266,-0.010141194944585786,-0.0007682353390017154,0.006048921210397084,-0.0020557579576310167,0.12797057805209636,-0.002520850319617221,0.023297932223392933,-0.016291062845817716,0.004477702400940846,0.017426961310480497,0.025320116589486838,0.07047714200807903,-0.031031647448990438,-0.018866165672289943,-0.01571636512517243,0.014021152461113049,0.01032155522779638,0.008280860830787436,-0.011470441430269348,-0.10601424414858211,0.0026594714601539996,0.021730717851014207,0.005008265232569767,-0.005106149233383512,0.17770437314983956,0.10087610504992764,0.04805768448771201,0.09323245594624545,-0.008034267467254221,0.003984785325696466,-0.011220635411873514,0.011762237615403733,0.015427200162551304,0.029693318029254526,0.014048189925391249,0.041041756842576285,-0.00668752065161653,0.00029453293257308654,-0.007557094039916575,0.00234324210020162,0.0097120548266089,0.06896794434106122
25025010408,-0.027382147471973022,-0.0011167266718993154,0.0017414475414466207,-0.05969075532768041,-0.006323662832346601,0.040604505741650435,-0.0003088993682390241,-0.018927374362508496,0.00595980240854945,-0.02716631127346669,-0.0061626440924194455,0.00019417427335203965,-0.012141854825508797,-0.022509088123883754,0.003173969617567961,-0.16941246005954178,-0.011330371019953765,0.030502934668178116,-0.0049069102334925235,-0.06189664682543118,0.005029974942828581,0.005577823560035994,-0.004335114228007135,-0.0030409010092955395,-0.017924317926560438,0.000603478334965434,0.050697405147266894,0.0080167628559729,-0.05204929173831427,-0.021224445887356145,-0.004499925033123406,-0.008118907439724505,0.04567811769017234,-0.02297431242956274,0.01749534726233671,-0.00466909439451118,0.004010873962363416,0.022638702184006924,-0.0033834481768555635,0.02881657069951497,0.009493407505579044,0.021238930025777297,-0.003924772848354211,-0.0195355517802137,0.007305273282395493,0.012890819449645704,-0.05204123106345417,-0.04270617665539769,-0.02243673599311629,-0.031277397221091005,-0.03559416289754316,-0.00041943577256908706,-0.011510846318216328,0.011892355529397762,0.013840893020031681,0.001942651285425917,-0.044664314373862785,-0.014980298866683025,0.0033699358693260713,0.005005841538162401,-0.018222021222967264,2.9509072222625554e-06,-0.0011859503901925944,-0.010758336408078406
25025010701,-0.018742333285735067,0.006270013425874404,-0.0014233094871341084,-0.06124740656414689,-0.003815814371215838,0.02687384282346783,0.0017158526204219362,-0.0051210919315790365,0.0035683178982261546,-0.05139243953754354,0.00653502606613718,0.0018924439249945815,-0.009558716267140659,-0.01733865834710716,-0.007762699030375123,-0.16386062790887157,-0.19643893855381944,0.03945280992879151,-0.005162246016361736,-0.02165946576468568,-0.005991293021819644,-0.00986002271308054,-0.0036966691269667423,-0.0013691307907397461,0.006237493843954082,0.0006653127374712807,0.03393918147825295,0.006250212991985852,-0.03664477612050246,-0.002078245111031882,-0.0038296405901358946,-0.004262806794005356,0.07514085662198577,-0.04152824512741063,0.02083556396020502,0.012913703816403235,0.006496053620389587,0.001928993626754117,-0.00243943244495562,0.03860116597332143,0.009719542419064534,0.041841519779764344,-0.005642136105814363,-0.014778517171478546,0.008703927181133152,0.008636591027239366,-0.057970499511953585,-0.035402391657026334,-0.002953189266537296,-0.024890617003755715,-0.02909007627607898,-0.006494187644935786,-0.007272502700842184,0.013103173288342576,-0.009145021876314123,-0.005494639981388541,-0.0291867738532108,0.002671289778636373,0.0017932230527045103,0.005864109181799901,-0.003943744982540873,-0.0005041365701298137,0.0027398080770758364,-0.012854128491548607
25025110403,0.03725570579065094,-0.0015332053591827924,0.0012741911456116903,0.05767400938758886,-0.00035495839869455556,0.0008664982087790151,0.0019062307104105863,0.0013680484237981454,-0.01217495324052964,0.045248746643697185,0.011485169174948568,-0.0056255809420914585,0.005720317834060266,-0.060402946500427226,0.004309823910796429,0.24398959608898482,0.29876873820604377,0.010605470921716905,-0.007733080461296374,-0.08020283603275578,-0.003646488338748718,0.004313781362764449,-0.005011450710979922,-0.0007932738092698828,0.0059747689410563415,0.00719258197784152,-0.019022057288482157,-0.0015669636087894422,0.03330113792813762,0.0003748831261606079,-0.005338401004656171,0.011457195915421586,0.03374321369624255,0.04644045380758536,0.006742201636253384,-0.008611754413620125,-0.01651086034064342,-0.010181794912490778,-0.006112087023404044,0.007208746507633401,-0.007460146514287118,0.011173615002083304,0.0036842147306276147,0.04056995623739424,0.0004500855455099556,-0.010434374087334294,0.10255633060007699,0.059367610680708005,-0.030242317582262486,0.044098184727071374,0.044039177681244414,0.005149943902236645,-0.007802481111199251,0.010186034458256858,0.015429610362754661,0.008909657295083768,0.025075287719536963,-0.009508290193326573,-0.004514593833146136,-0.00541143448950035,-0.0026263553005178917,-0.006649150080095538,0.0033691655467367543,-0.028234983650747402
25025040801,0.012933957966451644,0.028556142031052233,-0.011541225702291893,-0.07569652852453018,0.0027769551072297344,-0.048560913695034014,0.0032102188598588646,0.01720061145941533,0.006968358945700752,-0.057236760601126244,0.031025895964999228,0.012331994089124011,0.0004910740480939453,-0.016173640930247958,-0.014628608930828048,-0.15625291410939496,-0.2121444295767943,-0.069162216886057,0.029739570720765753,-0.056124004940951246,-0.0036271007192919744,0.020883183434124503,0.001843201365305587,0.0005138756281891722,-0.03864291906211072,-0.0010215936231478071,0.051669226675055996,-0.00036093060225053056,-0.03928401411742068,0.00572764606972788,0.006248377109952737,-0.0047304572660255804,-0.14980589979981948,-0.06798057457898037,-0.05878590757554971,-0.023654555088848884,-0.016938299463406133,0.024162196258783186,-0.0020400579621175667,-0.11169514515110303,-0.015770894198493215,0.05297306221425621,0.004181609206822139,-0.01196690781742338,0.010231830166284782,0.01055456653432398,-0.06360491840294476,-0.0395701941296612,0.003236131632334792,-0.019899019360653296,-0.01914396816380331,0.01126770030848454,-0.005436899989848437,0.049159485759354936,0.0334861536745595,0.018349213217443785,-0.017751290539828553,0.031172899967986306,-0.0006969979237863252,0.0011875042357936117,-0.010272354004429437,0.008237964692034255,0.005632563378513682,-0.0057920493548720645
25025071201,-0.015998588519950986,-0.0005629655005491023,0.001129417317686158,-0.0486380027725659,-0.001294122041845684,0.028367654223179297,0.0069665394842673735,-0.010490008333126185,0.005310383803753601,-0.06525971000628121,-0.002073161837211382,-0.0033601332153187927,-0.004573146579414053,-0.013582869390450945,0.001602470088438604,-0.16604628829101964,-0.17275699605201345,0.023982642605334916,-0.0005701570982838854,-0.06616148451235944,0.004764552049502258,0.011179050808925596,0.0077484656855425355,-0.0020969625157089794,0.009842411804427744,0.0032426909437361278,-0.03186756893263374,0.010627640483806464,0.0023323266625185205,0.0004491882693167595,0.00015978966233407457,-0.0004654587907107126,0.04360022970900285,-0.04644180780103295,0.010296749014378893,0.007894375281090238,-0.0005274104775245622,0.017654659587725472,0.00022504976990033983,-0.01548766917564082,-0.006144229092005548,-0.023036036569317412,-0.004496992497074103,-0.009938823026342348,0.010192253231806175,0.011387441920956684,-0.05274492801496008,-0.03482712096811161,-0.019600810787333594,-0.022145984837023316,-0.029344522864156095,-0.01806018936223896,-0.00528897392724799,0.02069191082708163,0.0071813218243198225,-0.0077773183574352655,-0.03844881605403327,0.002035710244607784,0.0051263831381561115,-0.0005623749067242868,-0.0013075777738960435,0.002198626456247903,-0.0023224722542394684,-0.009978891308619045
25025120301,-0.0010130419922731817,0.005343081101262042,-0.0007798131360837429,0.06918176145330353,-0.0022562797765141836,0.0805946066438399,-0.004256815111622638,0.00656639800898173,0.006826435131830038,0.06109218554169909,0.019549276864167242,-0.00781062438660909,0.006560195081996806,-0.046039684273679174,0.007925742175890893,0.14699075982235554,0.21468022343107837,0.020504611306031584,-0.0008453735025859236,-0.033988193786192535,0.0028211660337002717,0.0036193330572100906,-0.006313314651069432,-0.0015528358989577277,0.005614986176756166,0.010925873714530472,0.06257328726812234,0.009881819825908364,0.040188519278218426,0.016978120409778107,-0.005034180799739299,-0.011157979833904244,0.05026087791218126,0.07022233765991845,0.023231937957292535,0.0012957708834058295,-0.006542402057334855,0.00807387364724588,-0.005006051776088146,0.016718881499428524,0.006772388896150854,0.033886486857316836,-0.00013948110179358973,0.028196453985392618,0.007109441410058393,-0.00388329620977591,0.026388222362697698,0.005000946041847153,-0.012027677754906412,0.028857420219493647,-0.025022580989522227,0.007062176320696102,-0.009699567050272358,0.0015054570746372746,0.011865859132826319,0.01760084287619392,0.035014561344867676,0.016960427565873546,-0.007620924399884485,0.01019894487845927,0.01307153373557607,-0.0022712542045068805,0.003955096315651494,-0.02273723726072521
25025120105,0.06020518837368231,0.02425047804598252,-0.00019003241535120056,0.0756299538532446,0.0029824633185620082,0.03542703641633195,0.0006595328272186688,0.009145356572773763,-0.009939368053661874,0.0624751439026313,0.0036583239713262835,0.005675938309812488,0.0018891158431250381,0.16412905320845947,0.003945092430597389,0.49478368094093855,0.4785978009571481,-0.03623267742073828,0.015026188450722119,0.12586118128449686,-0.0035547872415339125,0.005205692725824514,-0.005808050159776506,0.0014434469092386678,0.011591483107676935,-0.003037608699920572,0.13094760118001336,-0.001859511841949792,0.01767997777910927,-0.013499170123205048,0.004645770075746742,0.013003427674898493,0.029889700735201752,0.06936324707636385,0.0013856875166065132,-0.02138186891565241,-0.012587216811245448,-0.007736650858184043,0.007126326803709675,0.0030026937770770627,-0.0008564843024330392,-0.10810159720155517,0.004699385986303998,0.04867929383617136,0.00893392310529808,-0.007187005126099369,0.15317398796937426,0.09019649881339344,-0.021610123862426785,0.08137248952018518,-0.007232353401789768,0.005768989327047179,-0.014711542251183601,0.02010895683496532,0.009357358751276364,0.026922032069655103,0.01749803376588771,0.00286152923167532,0.004662538303022076,-0.010571360882232244,-0.01870634265466478,0.002210276363427692,0.014952889792649733,0.07762649283187258
25025140105,0.053448532277770286,0.0166460936287801,-0.0007728150620800592,0.05454906342177862,0.004776630701272342,0.039953799083961614,0.0027963301440539477,0.004103371000600771,-0.00842602869638907,0.0411435034404057,0.0036416446013439593,-0.0006155482248069798,0.012451956564280324,-0.029079713184369804,0.006303706602635998,0.38985869237476856,0.37071636301827204,0.0117087588236636,-0.0056604719630556485,0.11227490706945975,0.005176407048458593,-0.006169344539375119,-0.00625080104468371,0.0001623866772001428,0.00893351184305901,0.006920712704024863,0.08510203501036277,-0.005953847948031958,0.02807690352153734,-0.00418174510661045,0.006472345025024318,0.016633780519113604,0.024733150690518086,0.07693228598726393,0.0048804504874384235,-0.013691718318965507,-0.0168856155273425,-0.0008316941659140227,-0.006910455121466481,0.0076958972846860475,-0.004427278245767169,0.012564883838222737,0.002503709131772637,0.0364992354301341,0.0009146806178256492,-0.003887327030165366,0.11897852910887131,0.060814831857014105,0.0032256768221879057,0.04478800358447028,0.03944068493927556,0.00853075592550892,-0.007205969803477766,0.0019136548237424355,0.009432618995271709,0.013888683737269649,0.017385073132131012,-0.010694784115108484,-0.004945226893034916,-0.011395969988486465,-0.022375050762640306,-0.009774929709925167,0.0009500744277611093,0.0677139924363439
25025981300,0.07776281732907443,-0.022681627174742612,-0.010237506452204195,-0.08423797743194719,-0.0007561220026821436,-0.11132993881866689,-0.036690990351955576,0.0020721136959726528,-0.018749379399200537,-0.09081845511967447,0.0026354185231608064,-0.00622919439865705,-0.0033283509015593743,-0.04697438897541425,-0.013139785332901699,-0.2729990008082981,0.2564793714307997,-0.09917728441581256,-0.013544577913899663,-0.10049584416273015,-0.006281173550151889,-0.01634051810736119,-0.003376456150240871,0.003598724606107171,-0.10489563405633483,-0.002018654011039763,-0.1101650313723323,-0.0044708615519853355,0.008565011958333698,0.0017726433962639068,-0.0011674367002735017,-0.005922596297519101,-0.11496847038543971,-0.10415794125499273,-0.1187014508082635,-0.027306655421969164,0.01978597906020428,-0.012960694463795648,-0.00941818624028553,-0.11696433357991068,-0.007243241877181467,-0.24106963221012673,0.0004335910772465251,-0.016660161812895393,-0.002604316830186359,-0.006002001653278343,-0.07549558381293608,-0.08104359295210742,-0.018039483052185105,0.019313810762764956,0.024805648789622124,-0.020020821888818523,-0.02005466421605979,-0.1104174388530389,0.02592474901257359,-0.008355996049515858,-0.06849275126141302,0.01637942226437222,0.0036849062535760733,-0.0026818693976557724,-0.03000866092901681,-0.005526993231514384,0.0014893227854350557,-0.010558411351171823
25025010300,-0.014538297321976739,-0.005264493585395525,0.000986085369843757,-0.03215278419832542,-0.0010487842564400184,0.028038968867099036,0.00878850306473576,0.009505950068595968,0.004351961265958702,-0.04831686264588929,-0.0024666099793330836,-0.005165971518660604,-0.006866707194784302,-0.01438779816047346,0.002666642266944579,-0.18759428984021573,-0.18366005931674145,0.012138901704674354,-0.0036687141950880295,-0.08982060684108253,-0.002468536541135832,0.005374051006562577,0.007119403733366704,0.0012884112888011277,0.004813343207204794,0.0033093863787068685,-0.004737769026024494,0.004434326457672109,0.0036088250796523906,0.0006365278204246942,-0.0032295145389688177,-0.004129402256115245,0.06744791437237989,0.042417504897352576,0.02845961375155163,0.010438239280883365,0.0022911967157905264,0.012487556944922845,-0.005037644896509086,0.03362280585498725,0.002756676399725057,0.024015228528222386,-0.0020985944682156967,-0.017496307000326786,0.010970372065054476,0.008315940784002922,-0.05623407937753081,-0.03627628127904868,0.004821621812598839,-0.030754912183567053,-0.020257256965066972,0.0017474735649969089,-0.01246055452788756,0.014295153556575244,-0.013535734232809777,0.0010623001419580891,-0.02696194295294942,-0.010853346718962851,0.002385961996140056,0.003498211137835253,-0.004415657780502079,-0.000916141919743914,0.005819937382145591,-0.01209991636748019
25025981100,0.06417796479968414,0.018433669546395255,-0.00014726671772075046,0.06727071896718302,0.00027890266489959587,-0.020542368356271004,-0.00549476510097157,0.00757007288216444,-0.01891366610018805,0.05754640884020866,0.015174523248813557,-2.983697530258299e-06,-0.01232855756673043,0.17964766937679752,-0.002411646766991568,0.44257900809483913,0.4616785385969482,-0.03862431138161308,0.006000912561875292,-0.1463903449889451,-0.005827879125387775,0.005311231307549991,0.013530649187657593,-0.009739178421216056,0.00732398388339053,-0.0035192691902737713,0.10552422155702976,0.0014916382427334746,-0.05424818400122717,-0.017118216697643036,-0.005980237879713683,0.00742627551302778,0.0216044062280579,0.034626377345342296,-0.0861627107949967,-0.011767987712473333,-0.020739695469063957,-0.009862622420384453,0.004824700296101828,0.0004889198839206136,-0.012735436205440025,-0.1054512843737079,0.0033515926355520225,0.034645897700060546,-0.0011010530771054352,-0.003339180574474037,0.14274852911026828,0.08396487953511958,-0.02948156773335759,0.07796034216109539,-0.0029853662150479345,0.0003353243548242619,0.05235473930815529,0.005681002329601638,0.020603955904810133,0.010397347616329974,-0.010655087384518331,-0.018567427057388928,-0.009242554255106556,-0.016662524867132423,-0.0235501444362492,-0.00427521375819963,0.004572483679814417,0.06428710790908385
25025981800,0.06066863863433331,0.00709121071903758,0.0006481854287145981,0.0808441371805144,-0.0007617262808868777,0.030347694930563347,-0.0003296011422993889,0.012587740620376353,-0.008893193517236367,0.0615206168961227,-0.002050984481061178,0.02236588568426129,-0.000898485228025766,-0.040031404107977536,-0.01627815247762727,0.32560841193955753,0.3671257526315544,-0.03785267194808639,0.025682866270811552,0.11289194059467729,0.006292037809191214,0.004791618690021092,-0.0013682816768751335,0.0055657712446143875,-0.000819833972283752,-0.008171415943529279,0.09607081986808018,0.00037869403270704557,0.015041640951914554,-0.007619403506183056,-0.004728897647766812,0.010467605727059237,0.032450554739779286,0.06689998814262303,-0.0383047790714775,-0.02148672105206222,-0.017391440065976024,-0.006984473402077814,0.000951247591038761,0.006950744515186198,-0.005704099103730418,-0.11274086133916962,0.00341363829059302,0.026954342688820826,0.005841224165250771,0.014637825820949349,0.13465326910947498,0.07114307987471448,-0.034807724116204954,0.07613816541520817,-0.0004127982323402902,0.0026684301718020087,-0.020391583007964297,0.009318981428084095,0.018147295187880864,0.022672095541595275,-0.03961919122767768,0.01462809823574885,-0.014388296976914822,-0.007602651256409229,-0.02046783938805297,0.026259448143431712,0.012264555897631918,-0.03526243292128587
25025981700,0.04935682175875888,0.019416014343172253,-0.013461026123421196,0.053461493228546736,-0.0006185905554729729,0.033745443666478005,0.0022461282222242347,0.0023165490786752857,-0.013819050597838379,0.05505668976088697,0.004451661011621007,0.012883494748580745,-0.016759124877965676,-0.051520122123113285,-0.019982632292898598,0.24785347045820105,0.32924368702296436,-0.03900908402492453,0.019696318175862818,-0.20639361151216779,-0.005516566698002875,0.0043376060711768855,-0.005317036995426955,-0.004128050559345499,0.0036063332014316224,-0.0033000815198326785,0.10517578142252344,-0.006009385001515677,-0.09575483279201082,-0.01947806707552318,0.002263143875133224,0.011085604232775879,0.02493253693563869,0.05655483103076521,-0.04316329308201694,-0.01754326042589144,-0.01743510330984913,0.0007261177548105387,0.005792976848713648,0.0004159991991185925,0.001830283184264004,-0.10786678494885432,-0.011956863169305372,0.03313429759526026,0.003263995563543508,0.0011282453982101581,0.09402709949911194,0.056982320467593675,-0.056947407594577115,0.021053647435159105,-0.005805157381184586,-0.04131161541870258,-0.019280241374418812,0.000438994034185273,0.023297734217870684,0.02420513254884706,0.013565668846149317,0.00660948639101865,-0.0027110105784441656,-0.01841927376273363,-0.02772806365811767,0.02024331592418036,0.013509578524171147,-0.031014125530685367
25025981501,0.06574455500167,-0.0007172524610969374,-0.009792063881190135,-0.07847176057961114,-0.005567519354609612,-0.0741797492546332,-0.0019405047884005241,0.009681667592176358,-0.01289148923410634,-0.011664760678995504,0.0033058809475874315,-0.0017855809917802056,-6.927059061194255e-05,-0.06623704019385886,-0.013607123819418847,0.08926038214414679,0.2786953478488205,-0.046123477242975025,0.029772959980473208,-0.034196415687067654,-0.004518019535731209,0.006756484847688107,0.0012063586407648375,-0.002530963285524549,-0.08330287830336243,-0.009994349637922478,-0.05960043470348363,-0.004066387642511606,-0.0905458498786533,-0.0006273079559917937,0.001659908663375872,0.014325246047791769,0.03706049911414046,0.021157663677371864,-0.08065911209368938,-0.01798685217533933,0.028269692064605032,0.02093571492478171,0.00514936191775024,-0.0841588010899548,-0.009786956942765832,0.02091748021276406,-0.004734593365279572,0.017520750590816432,0.009540219302289278,-0.0015917579572546864,-0.07116836029152505,-0.06826877102332707,-0.023084400828272886,0.07253685882541065,-0.008399002811520487,-0.05402998604354305,-0.02196990449239738,0.018785278442458392,0.03217298687829895,0.02545004648585064,-0.0648619859215477,0.025380449935072723,-0.009383816537402667,0.001163993601358537,-0.025291262129075467,0.020252671000589827,0.004918924970377618,-0.03858767840301552
25025990101,-0.015807782703226244,-0.01912988164413664,-0.011724309696592269,-0.14408392271828846,-0.0065727814913387,-0.08960594091205548,0.0062003206903384666,0.03990043631891193,-0.027852651281940703,-0.07423833396378021,0.009590471928636055,0.0008932702364043084,-0.005540587762170283,-0.04905845897973543,-0.011853014002345109,0.15381821623402833,-0.29351606433286853,-0.08345773304483207,-0.023221586796608868,0.16489811894512874,-0.011092898145207504,-0.04320867696111014,0.006834752511000751,0.007668172446265253,-0.09060215544491362,-0.014682082366783734,-0.0872968758017295,0.004451665869112364,-0.05587464323833322,0.014266403640596744,-0.00023050311251852435,0.020112018387332894,-0.28953953419820994,-0.0637745650971608,-0.16181751076232403,-0.04319008198178211,0.0328989685727567,-0.0044493735996765215,-0.0009746386357425367,-0.1886614660539158,-0.041660528610931044,0.05427612076370544,0.003409051760026314,-0.02075561475933127,0.006050396079383581,-0.006475006317825451,-0.09754010819846352,-0.0502234696787689,-0.0041614983307743415,-0.03831051267407992,0.07095009035339368,-0.009426154057720843,-0.01752781397052436,-0.1447072428421727,0.03367649161574211,0.029594078809558142,-0.04353828550392929,0.024119175034834957,-0.0005397191470403383,-0.0008775921326440886,-0.026040971701967293,0.0017977015218180353,0.007838678289177035,-0.0146240461365323
25025981201,0.07128579325044022,-0.020261508925848187,-0.012619740662426382,-0.15634215398786483,-0.010791050672507473,-0.10536472942453787,0.008575954691361328,0.0064606353662591,-0.025178524066967793,-0.12211681504691548,0.02133509367399731,-0.004412546192014089,-0.007474318096042898,-0.061828214966446624,-0.010659641321554817,0.08199698986783804,-0.19135975100241528,-0.10202405457992365,-0.016639772020032962,-0.06338442898329684,-0.010403774500364832,-0.04790985989549266,0.0023110791614268287,-0.003345875291438495,-0.1448464526559167,-0.008269586086776195,-0.01325036064951822,0.0006035245453106719,-0.07079248052818558,0.0015113741994687545,0.0030731754347878754,0.014218217526285383,-0.30519071469363335,-0.07794270013705162,-0.1936508143978853,-0.02473470257357541,0.03270176473410119,0.023174863202696704,-0.0024893910088980785,-0.21085758889542117,-0.07533824156215245,-0.002501403924609369,0.0025419616790713128,-0.017651469878485718,0.007086339506369747,0.011260664790776939,-0.08789354319366016,-0.0578549971183943,-0.008801573122686358,0.028833883837759422,0.02307233983928152,-0.03888190847149756,-0.021953473600578137,-0.12671425334021116,0.026692457760876476,0.010657116466279457,-0.0882528431284338,0.01912117925665866,-0.014364657008294585,-0.0016704520125279461,0.0232714883380147,0.0031987262557160376,0.008661400729822829,-0.02493216318886416
25025010600,-0.01935053800044818,-0.004347215233546739,0.0024301899348883943,-0.038716548805072144,-0.004783780214033849,0.03066876123755872,0.008927401923714917,0.007005600442207019,0.006661090015662623,-0.04854051218603855,-0.004547911935939697,0.0013537449720462632,-0.004123606550559199,0.08475179653134846,-0.0065670560141698996,-0.19057378275482934,-0.22670852545160833,0.021455820753511306,0.0015425921526677896,-0.04144332680703022,-0.0017862188798383983,0.00305271596177071,0.009307395596970846,-0.0018249726227422985,0.0073105136744434,-0.00044793434163984146,0.023605991660163802,0.007681156601028787,-0.029683627753036203,2.0312969777136217e-05,-0.007354238186219954,-0.0033366565490970013,0.0442758313147269,-0.021116753102088746,0.013065243233072961,0.008126768689010444,0.010114529903397725,0.005240173463099988,-0.0032564729620430132,0.04012702378027238,0.011836308777111839,0.04955069518865003,-0.00435691236532802,-0.011725141040589311,0.009141326204125132,0.013043446757258617,-0.05033165890851094,-0.025763988755344632,0.00673091481242109,-0.025685507106752416,-0.02157889602058713,-0.008816598102255331,0.0037744548568299976,-0.02598621840984732,-0.010397631283401603,-0.005969099823737921,-0.022184459908163603,-0.004080650480313796,-0.0024476686922207925,0.0034542377066808577,-0.015063230261040447,-0.000756859506679652,0.002948480738418549,-0.001074530084619568
25025120500,-0.008525606620968676,-0.01220760792177793,0.0011048583163861324,0.045621215438124696,0.0008171379068783467,0.03247095208321716,0.006477805504924494,0.006869362596144124,-0.0041454340074952864,0.06622128917496992,0.03658686971735035,0.0006118815890017576,0.011211592461782539,-0.038110828278670385,0.004492008768156942,0.022057719666438592,0.10347531238587714,0.02674177726223477,0.006372851246658526,-0.08948683854824523,0.004673545442201153,-0.0036557532865537944,0.0006259924285916776,-0.0011153179734534689,0.008710166839149831,0.014272268663083931,-0.03514050269177964,0.01633989243364911,0.023437423203759102,0.01384922196333144,0.004101181024504232,-0.0007630975086280058,0.06478129771068657,0.018182835366885367,0.030982947026387205,0.004274959666808284,0.007754505535527844,0.009028072000824776,-0.002900420511755617,0.012998894243531034,0.007421676083813712,0.027489947382369106,0.0015477414531908202,-0.01820811493186202,0.007928628038758654,-0.0029848450767235965,0.024318245445980408,0.015916111089405285,-0.015228228020158633,0.02488401688988113,0.08992574197980885,0.007197791917737315,-0.002525337402798052,0.010043436903005881,-0.006973083687850985,-0.0037641401773266113,0.03014066499645944,-0.0074598382329723245,-0.00926480941892367,0.013564537705623193,0.02672594725806636,-0.005290288422729106,0.0010688909198286337,-0.012582029069459877
25025070600,-0.013750580404963039,0.0026183412140991995,0.004755413187015846,-0.02923613391733104,0.0017547031475625549,0.03008835811660132,0.0027136279715316634,-0.007503202215706799,0.005979601338429598,-0.02599033454665355,0.04110701602631342,0.004904203106994792,-0.008190050547827383,-0.010457623625475488,0.005438291996435471,-0.17318569161834513,-0.17323606734254957,0.04205611161527583,0.0015180962355445743,-0.04086219166810756,0.010341034237537523,-0.0036707896196576852,0.005164086435380094,0.0014926191192953702,0.010310353458375726,0.005039515313869236,-0.03450046262442519,0.025310785622045657,-0.012389959648723095,0.0011948679140271585,-0.0017081719967684981,0.004075442567808316,0.10109818518347696,-0.04951954884049132,0.05208720404037912,0.017655343150654798,0.012580622156774655,0.013451080224162103,-0.0012957843447668324,0.04638304731955634,0.01590747267881687,0.08933198887922686,0.0006299569347533974,-0.012869121361587068,0.013590159745119141,0.026593774292897554,-0.05176621050033998,-0.035167060853151584,0.0005833504184288885,-0.02654922524705435,-0.04372254928701712,0.014509317334107848,-0.006625809891364773,0.011805473806069474,-0.015490425781479387,-0.01147225288842566,0.0008441825004694835,0.007649464229689847,-0.002787876947528831,0.003789549633963634,0.01590644829177958,0.00046082164829851734,0.0042344063050657535,-0.012097918109634545
25025100603,-0.027300811624751196,-0.03548835781258653,-0.009061805195852594,-0.15040681652839802,-0.002971644072365662,-0.1710731654909537,-0.06476168386674422,0.0010902042423346484,-0.01936926573967814,-0.1316086256567216,0.010757084541887792,-0.006741144338072381,-0.0161839949059878,-0.06657893966808175,-0.008656270805931116,0.015376461654136094,0.08607172634376883,-0.10484232975483074,-0.016868987920229228,-0.055578254791135005,0.004413117068258888,-0.03042562729683282,0.011183887178430232,-0.004546135348635179,-0.09430361108751277,-0.010575483942914288,-0.06709536519355969,-0.005476208154131369,-0.07932786567792961,-0.005224893568021284,-0.0035209706295701616,-0.001596521556873959,-0.27088990843353355,-0.12994849125951125,-0.1353542876649323,-0.03984078874501153,-0.005201891125787944,-0.012639553688576298,-0.0018005027372426105,-0.01145322743761192,-0.005270524944119846,-0.0012464847693785632,0.0013280952302767053,0.03322538850243195,-0.007569595060461304,-0.011452740522766517,-0.08980985415437258,-0.08158105316767235,-0.02281083505652354,-0.004518538185480686,0.023333826216697242,-0.01865336858795679,-0.027607873192634056,-0.04766865238657511,0.01622406363187533,-0.003342878218338841,-0.12656877636493394,0.01772332202274188,-0.008351438378824795,-0.0036500277061539852,-0.049017333104246136,-0.012399142702992933,0.0042011485063020715,-0.019732261418639
25025010103,-0.024083351017523815,0.0024219011498145104,-0.002049971971867833,-0.0500057435108263,-0.0027108710917585913,0.0397762518596066,0.003382107706605354,0.0071734432848368085,0.005757197697935084,-0.05702150518149078,-0.007246102961838123,-0.0035531295597162524,-0.007088800956437577,-0.010582834220322412,-0.002437227910983664,-0.16534170007982643,-0.19760604974654847,0.028898274587387595,-0.00020391344337204737,-0.06408174005023227,-0.0041719659063554635,0.003592169359298787,0.00922024764219668,-0.0016512430506218216,0.007781509196962688,-0.00035715004248011847,-0.003794427470280547,0.0057617804432462645,-0.02519371511515286,-0.001382637035425865,-0.009356228686524824,-0.005485672296888938,0.046929184750422265,-0.021324898291081657,0.002620530486096149,0.006426825543478771,0.011245857673211011,0.010797328821068174,-0.002363396323634349,0.027318759703565156,0.010131576685073147,0.025740095504827133,-0.0045594039236174135,-0.01505898001613331,0.010655918474108031,0.010312545732264209,-0.053857785615194095,-0.0444641307843864,-0.024798933199624184,-0.02236914813759128,-0.024671878370449856,-0.004982569582888094,-0.018652206975534994,0.013008836255531734,-0.01947685671769702,-0.005579372396862794,-0.025815401747384385,-0.019763695870731676,0.0034456723674009407,-0.00079208802277781,-0.011333243930189217,-0.002343028527237895,0.002434395809710923,-0.012624410603876503
25025070402,-0.014569574085553996,-0.004261104382296433,0.0001665336872485869,-0.0355844669420935,0.001549145532848496,0.02847837485020646,0.00982187290257006,0.010517544123759198,0.004905298457685344,-0.058104808143984124,-0.004393121092515423,-0.0003458204676792965,-0.0032384708840992333,0.021690593324572367,0.00013610792531669783,-0.16961159493874958,-0.17825948012392737,-0.06747664294013214,0.0003253939831519106,-0.05990177664204762,-0.0029409645810596703,0.011845466423258883,0.007911156881139825,0.0012757554233608045,0.007854883613924687,3.714665955412777e-05,-0.02181535940258286,0.004094052147469951,0.0026360191170128667,0.0027015253585179724,-0.007756117386613011,-0.0038536020045973696,0.07079462437204542,-0.022124500341427048,0.021950880593306455,0.013983623526015235,0.007051492343781835,0.022895895660956882,-0.0029661909842343807,0.03483602396254204,-0.031041529959677176,0.02759685517410669,-0.0037511290170485112,-0.014042649963627226,0.007836491604664498,0.010452230596550226,-0.057439972776984365,-0.031231104218437628,0.009334423954808997,-0.022013323067728813,-0.013867975400056031,-0.007087671574309185,-0.006105124204420658,-0.01617891245218984,-0.015111999372442994,-0.006971040132377116,-0.03289972739670776,-0.004862910969760948,-0.00039782202855818635,-3.414183636990693e-05,-0.0020014306473168826,-0.000179598801876131,-0.0018319587428542682,-0.004162646291283774
25025140107,0.04368937908067364,0.0060984982811131865,-0.0002532471756365057,0.06612509037153509,0.005091014218273908,0.04443124726011671,0.00025781791697158913,0.00515882963815383,-0.005658516992503517,0.0486118211230714,0.0079564706536304,-0.0014027313485470456,0.0008598955986092169,-0.03260301553341926,0.0045686570327985185,0.31808636553166714,0.37620375181485,-0.012135550246544164,0.0013731314800378854,0.08277610911660693,0.00344270468023954,0.003464153014240227,-0.006528898787417946,-0.0006179017025565249,0.008194207415723515,0.005338932422487991,-0.0014281267330457563,-0.0020208283243235894,0.037045794639878636,0.002538667823238071,-7.57761624148423e-05,0.022678080231561162,0.02601537223256388,0.07594866603625407,0.009965062864742724,-0.011877417010706711,-0.016139145054573676,0.0013719582062096532,-1.6931848947133296e-05,0.006716061274674738,-0.01003531398320538,0.01685183897488292,0.004198419197677595,0.05141689498957005,-0.013829240686164809,-0.008505774517327454,0.12261513284756574,0.06722571701092428,0.05960392046297695,0.07039346725266422,-0.016404304563052488,0.004167322717614637,-0.0029689207985380763,0.004070886665858785,0.011927649675964729,0.016047048503231454,0.03506289596181458,-0.005877391345730774,-0.005393822071537649,0.014066096991740714,0.00015618726721386493,0.0002552611719774281,0.007302016591044209,-0.019739099769172683
25025981202,-0.013616981495790503,-0.05955351361147378,-0.009631054007656905,-0.08759531008805477,-0.006016563089079167,-0.08815264225011744,-0.0008956162540153717,-0.005348668027529599,0.004439263372758128,-0.07863623077766281,0.005725480711694732,0.0017182982336902202,-0.00954635154129978,-0.029326955172244356,-0.01152391740516747,-0.21831940943629366,-0.27445658513416565,-0.11083552492446164,-0.0158186111484974,-0.03725299191204881,-0.004263764300752938,-0.05003651267633945,-0.0003867407149902768,-0.0024870000811002407,-0.08967533757239933,0.009256789903045841,0.07485862773596512,-0.0032539142918247646,-0.03477620561215024,-0.003389220603801864,-0.009140330948710994,-0.021775175874194322,-0.27335025383950234,-0.24064599915473817,-0.26551801020272675,-0.06291820595779046,-0.030563797700365054,-0.08092307982300946,-0.0042393823152732275,-0.14977834424696676,-0.012842516052948007,-0.011368511196242296,-0.0028384250822102992,-0.02128076896814243,0.007699620374019517,0.0018621390913459224,-0.09749637066152224,-0.04718820504836284,-0.0012404394404766904,-0.023403893599084062,-0.03240630833590074,-0.009854876876773435,-0.015209474086195105,0.003907779810747121,0.017689039080526978,-0.002063208127798879,-0.035361375999900774,-0.005713740749657179,-0.019120354474347068,-0.002402991833011561,-0.018500350990762453,0.010940872213148135,0.0031969488620598226,-0.007074830872852272
25025090901,0.030834764345331462,-0.023923430465922005,0.0017269682788873097,-0.10688702422979345,-0.003563265482720231,-0.14422446714711648,-0.013233541872014231,-0.001904717841000342,-0.020258241373119486,-0.11184867595446488,0.0009029893387534423,-0.00314263858387603,-0.001972388353385362,-0.052919335567936474,-0.012357975688723941,-0.22159060727380267,0.10353233288440573,-0.0942923299407571,-0.01395209179328654,-0.08292088342569663,0.001110774531739119,0.002940770433292964,-0.004626307873671317,0.0029119782390276635,-0.0767795472076535,-0.0030039128067241285,-0.10355294086349369,-0.00439310365210615,-0.031881066009040816,-0.00037950065954361765,0.0007140790608404646,-0.0057350565257782956,-0.23993773985662636,-0.10211827712802679,-0.2265363032217736,-0.028753456593718925,0.0009037375475644246,0.008272220269034436,0.002676063444829028,-0.07487277693338217,-0.017270593895568686,-0.26367338403029994,-0.0013883411086102217,-0.0298365736504906,0.0012285908240606022,-0.0038992676976754657,-0.024042794193389963,-0.09326930107649825,-0.018322085180977637,0.01796479053375234,-0.019456576960301845,-0.04648486796586681,-0.02418928715509977,-0.056015263474073165,0.015444296046748001,-0.0028527355425577183,-0.06414468416428379,0.014674679143163534,-1.7164550730907137e-05,-0.006312051741543495,-0.02917673092665719,0.005535460493933594,-0.002367462745934421,-0.012198589168313526
25025092101,-0.012429012787535162,0.006534890445408896,0.0032394488645965465,-0.06832546762106273,-0.009678000138528906,-0.06634536280753826,-0.033393319992096535,-0.004794805166261308,0.0010949086436395138,-0.045319358778375576,0.018111675861241256,-0.002968271928042941,-0.00723494931540782,-0.017817122446461504,-0.009803693842077984,-0.0519811639885798,-0.1682244498461466,0.03461522025310446,0.0020155389249798595,-0.014454544099087713,0.003945594087837358,-0.015184517804404862,0.005291857272516252,0.001192646349094765,0.005498118917261433,0.0005621959713986066,-0.026245709482201934,0.007618960109247662,-0.013790577736440589,0.0017586511099994884,-0.0011397606709632466,-0.010479834965698353,0.06867362553394667,-0.07042659931029582,-0.04747445384226126,0.005104186239598258,-0.039650876202298055,-0.0056944891367385906,-0.0017824145097839598,-0.007460160300869921,0.007826540865982867,0.027099211212650062,-0.0023199363683643376,-0.017952559981869644,-0.05919225870415153,0.007046718158844664,-0.009523410566552891,-0.02080997292742986,0.003271366680942979,-0.0345683984110692,0.08597167654690945,-0.010289832986090458,-0.011300203492020294,0.012449716908981464,0.021585140060299976,-0.005169313300663646,-0.033712236419514686,-0.004763797650988065,0.0031761437679956,0.0016494102945135921,0.0006106194626006852,-0.0061771197491732165,0.0008533689409600408,-0.011316405557395416
25025110301,0.058101040157657435,0.0005114382775275584,-0.0031933497889836604,0.06129027920970123,0.00019161995636112714,-0.0014147975912761359,-0.002567390230462335,0.001158833611670939,-0.008741436610660428,0.060108452475525154,0.01637687124418885,0.00014432851170411828,-0.0007489099792607825,-0.035818036288110554,0.0032745940441044246,0.2761508262844649,0.3382940482503345,0.011172974338821863,-0.002068897340918047,-0.1142130882831333,0.0010704058092532017,0.0024691226319045754,-0.0003861195122086577,0.00023089473753995632,0.0036923921179090285,0.007568554739195507,-0.00468491213425498,-0.00830462537748406,-0.04760265815655064,-0.007861083919779455,-0.0052326480513268485,-0.024969185354522687,0.03392712031635878,0.06567768061784611,-0.00641034488847601,-0.013064321251115153,-0.01506614752715668,0.0033180873897423703,0.004068154133936477,0.007371976689506361,-0.005773663145223611,-0.016927144567069164,0.0009114684879927057,0.03453560679419689,-0.00312652449020032,-0.010137990639089023,0.10777953441467612,0.023910248824409643,-0.034508770325054144,0.07455636026060461,-0.020977988662239516,0.0065977976714957825,-0.009242080334940337,0.008917339301401915,0.01597624237169859,0.013658675284984264,0.02041014601386312,-0.01043119989080672,-0.006680999697377797,-0.0026886904643522716,-0.02269720173959444,-0.001150660574236134,0.010855139305844724,-0.026813236936824688
25025981000,0.06673509906581233,0.018007421964877444,-0.003968280618986564,0.07761234297285553,0.003918831048292797,0.031633410979136516,-0.002971903127506951,0.013865299247758669,-0.01104139961129108,0.04589582787946212,0.01640121577947768,0.005545808857742684,-0.005241743814741862,0.1800503275491153,0.008446988702047393,0.46007778408513217,0.45235894111144975,-0.03452167735160508,0.026734339075350867,-0.0019613682651825567,-0.001475938512302621,0.005870943910049631,0.0041675110361771095,-0.0011665452556885315,0.010736493929764708,-0.004134151581985521,0.13242463940450067,-0.0013181256628112786,-0.039980549968277046,-0.017665655663320377,0.004865674707590109,0.03184961126654335,0.03390284244712273,0.04161480849656089,-0.0405124007882355,-0.009629842501770397,-0.016729203562570655,-0.006355227834686749,0.0067983738236464045,0.0008075646772585095,-0.00482341895622142,-0.10623927121490312,0.003464698459680323,0.036284931447961494,0.003868196246057654,-0.008061865862399337,0.13927333332780525,0.08566073469142726,-0.026928545350123,0.07918544598961416,-0.002126144629784101,0.004600954354039075,-0.011705422480744795,0.014450012678394693,0.025228777639689667,0.011566831805280831,-0.021661544990720445,0.01594440286855407,0.008979922525278756,-0.011210436444118836,-0.020654470057629735,0.024987674882291904,0.00896445062570618,0.06285572972323597
25025980101,0.1263663394852354,0.01977938235621811,-0.0088071094305953,-0.04466456294852528,-0.0007532451565408281,-0.021054420356009036,0.011646831039291972,0.044293988288767246,-0.013762316005583449,-0.03548064824708677,0.02703853245612141,0.0028978852010077697,0.000557290690850292,0.3654704332266981,-0.0032678369476214007,0.2934625330981366,0.44518430334330883,-0.07289566869852294,0.11588910149861946,0.17522604729155533,0.010076286155527574,-8.538959443039368e-05,0.04393150625295717,0.02241156564608471,-0.033356397551056474,0.020540153055408444,0.2504287731447491,0.014800946716845748,-0.0434092585383816,0.02387531965202709,-0.00048621153032429187,0.02696593504489005,-0.192190609535322,-0.022948258828766114,-0.05071413234997728,0.0004240419510662815,0.11640993994307232,0.020268135845052028,-0.0019494997583079968,0.017718591402084767,0.01677864759556106,0.04007196348320417,0.0019271982529261151,-0.0011102030785088317,0.01107927133064486,0.029291464750791096,-0.0935295966555599,-0.050269687693036795,-0.00689839360502446,0.01895391731354032,0.0930098852787388,0.05407892062734916,0.0949753172256525,-0.06118658540922758,0.05393201491466371,0.06234218281843469,-0.019734296199213627,0.02027717018224592,0.0065113972669970195,0.011936588555135757,0.27299552215268186,0.04665071160770508,0.006350562638165034,-0.011008770815244446
25025091001,-0.01181154973369606,-0.007976911385665805,-0.004736689090313078,-0.07705654099171266,0.001097718176775279,-0.06783134023064093,-0.0023837067731981585,0.010813551635685564,-0.015947743454752115,-0.07544442588569542,0.01793484740036197,0.010297958682328776,-0.011705612325132269,-0.04657685843697242,-0.01740233561840233,-0.048198043849074765,0.11264931894856083,-0.07693538784092288,0.0029150203592731463,-0.04262447478572565,0.003272405540356981,0.011791298342115309,0.0012981087008263757,0.002304569425272556,-0.06849185324705442,0.002788837496301569,0.019260722428007537,-0.002588744328669572,-0.04566937358903145,-0.006178127871880166,0.004043453722318814,0.00028925946218684326,-0.18230100583167858,-0.047842266553056643,-0.07638530464139594,-0.03979445425446081,-0.019108320720838092,0.05551808566206311,-0.0022403069049714798,0.0046512148129649305,-0.007791263487896382,0.018845433245313552,0.0003828376254651063,-0.013478676644319905,0.010442195688258687,0.00510565446083674,-0.05542271257237293,-0.041351029970698054,-0.008369459671029684,0.009869936865364129,0.028282425150018282,-0.04524249769024682,-0.011693562104380974,0.013319226672473965,0.01803194985448451,-0.0002502109670349094,-0.06246247749968434,0.015746572947501505,-0.008365621933389855,0.0029956243160407315,-0.03154662790292308,-0.004760664490160667,0.0018742053204752714,-0.01298846993429099
25025040401,-0.011894683939819439,0.010316041088084016,-0.004353548398413721,-0.0559264651222854,0.0024003015178294244,-0.03182680318582484,-0.029548711845296095,-0.005090454783132289,-0.0010976633965723243,-0.0689304425132505,-0.012942806278301227,-0.005706222671461008,-0.0043989112007755005,-0.014379831828370786,-0.00040012589263275594,-0.2604633246517425,-0.25303166040857916,-0.08565301365016353,0.001663541944809754,-0.06974171934195085,-0.008353476513565423,0.005049045142899187,0.007538570624085393,-0.002970305800972924,0.005660428911827269,0.0034681127329292518,-0.029975601650581003,0.0016125050068514085,0.00046800607834144686,0.0005846608428581726,-0.004095615176273615,-0.00507500891372532,0.048949647976599335,-0.07376230261881755,-0.041551377747600066,-0.03278381813321566,-0.04030417099316977,-0.001754032616590493,-0.0046198086204648995,-0.11042574474537331,-0.015365535674778165,-0.2089886680110753,-0.0034383369665172774,-0.02314813455204333,-0.007341412176018134,-0.01342620014304148,-0.0831138217884676,-0.04823792252141391,-0.015400012234431402,-0.04373546813598217,-0.04388665199701198,-0.022907049253915675,0.006932789247613723,0.028279311269175336,0.006906554413526115,-0.006064094582958309,-0.023882714615714923,-0.022354262319573475,-0.013646449117234796,0.004837893375429395,0.0007823210155501208,-8.744371385797791e-05,0.0023945062831047985,-0.010278333040589827
25025140202,0.04793364305688532,-0.0017457304233195001,-0.00016771715629224196,0.06669877419308504,-0.0016076962716812626,0.015589670071672165,0.0025853119280418837,0.002815572819847558,-0.009548826094635261,0.04586573525703812,-0.006528147853077017,0.008977316629659874,0.00834933585793246,-0.026303674397376423,0.0014750973034762212,0.3700756268908969,0.35493551308098015,0.011979822275611519,-0.003030755278991763,0.11698392824415868,0.005846841962741667,0.005916334587676123,-0.005492603382092509,-0.0007162367391377129,0.00473803974438846,0.0020494739574359057,0.05122454474580454,-0.004847991760565473,0.02457176932460697,0.017227752529032192,-0.0010229287770679623,0.009355731963585053,0.04383957852844258,0.05865267705864549,0.007101413971769927,7.531283796692186e-05,-0.018740154268555253,-0.0009443420959781113,0.003675948798305011,0.010112853021319024,-0.01449611543946349,0.023322547946993524,-0.00428329094759081,0.03407736502045933,-0.011370684851484718,-0.0030547856175503147,0.11249588215237062,0.0675132363985562,0.023165434557213826,0.03582594543260173,0.033082812247420545,0.004587094645915509,-0.007765091136345581,0.008520803635310959,0.006774593845358369,0.01345474002796458,0.027109709284726564,-0.007730223993579694,-0.0054829760836631,-0.005751995557706514,-0.004914808848405096,-0.008260595906638713,0.010183774343114217,-0.024632052215428652
25025140300,0.02974987681961913,0.003670730568951218,-0.0005798954889391476,0.05330930818865112,0.005627098086071044,0.05301787574686764,-0.0005427671672057928,0.004695818815117128,-0.0007121141940494834,0.050839752560405106,0.012422710074138634,-0.002129009562869682,0.0029711659390131194,-0.04279601766358327,0.00734403842192663,0.23072639994851943,0.3152863750514216,0.014249130665741789,0.0005194857495054788,0.09902781604979141,0.01211324558774655,0.003401182461923825,-0.0025882730276620934,0.001887274753355877,0.005792470738221549,0.01052868122331227,-0.00978974749397339,0.0009104463431546732,0.020856779685574103,0.004728053589395001,0.006432064079792039,-0.02068623786852063,0.03347547707156607,0.06631295795465454,0.004727295824224142,0.0016851856269984168,-0.01869194926046685,0.0076007862303700355,-0.0051619634794440785,0.0067950409660257035,0.0012232231252560673,0.013565498326743355,0.0039773429137836885,0.03924954313030959,-0.015436672113228694,0.000827258236429373,0.11339529582720684,0.05538866964611574,0.03517421889328161,0.03582869884860917,0.03767155524965993,0.008437201162445581,-0.00849846953171738,0.00507397913752216,0.0094168741039674,0.012179482034465563,0.02808413173167479,-0.006679022481979523,-0.00382311193667685,0.010976413563938282,-0.0010854926562892718,-0.0060060756973561395,0.0011836745679433462,-0.02662382202673082
25025140400,0.0450452669238484,-0.004550866782960368,-0.0031974278029851927,0.05138972768266092,-0.0054559710904263,0.028885124954692053,0.0006818138286726721,0.0027070100392442356,-0.012256456048004634,0.04861792900763809,0.01074313663398942,-0.006268348361890682,0.002018661881211724,-0.038711508943652106,0.0057578922789369704,0.2173060134508429,0.3102487234990302,0.009674680268785513,-0.0015799261393299536,0.059436672015341765,-0.0011437399435869956,0.0035369919901583626,-0.0080264577554399,-0.0027631981859193,0.0037622176924729874,0.0059655485049356916,0.05096340565985926,-0.0046661072248930765,0.019743180706857343,0.0028358196796949334,0.0005013265727059314,-0.03384506124289436,0.028685534595150653,0.07182968678437333,0.0022094507343214764,-0.012468952255647344,-0.01651109603242791,-0.0029367652700538023,-0.005752854599012517,0.004221577564978695,-0.013064370478819958,0.01224449051956495,0.004418572732478457,0.028849786224857923,-0.004166626910057241,-0.01055053784292014,0.09401159183730487,0.049787471731608225,-0.015620316562467994,0.040105842486391666,0.03341079621171477,0.007602944389640304,-0.00595902762683562,0.004793088006479987,0.006913631081824416,0.014538494553094503,0.019926049549292446,-0.008638842801295238,-0.006521515013270282,-0.0070353090475258825,-0.004009632856386755,-0.010804417458842207,0.004382454756301949,-0.020631456778526507
25025140106,0.03644339708890203,-0.0090471539946312,0.0037762594370236097,0.05958634866196996,-0.00138314530365142,0.04228546636715875,0.008840611514995583,0.0034272961743487414,-0.011820985646861805,0.054478660069228496,0.011025630585668581,-0.007639715013681603,0.003247547090600499,-0.03653876181444503,0.0008377827116457817,0.3056861662998344,0.3279032114814691,0.011918013079956996,-0.004916232090734417,-0.024951208598549234,0.010515535172949708,0.0015873605933171549,-0.005067460525704652,0.0002976894503397393,0.00580107792566264,0.006470243664822289,0.06598201431379855,-0.003909205201665931,0.034732962136895786,0.002620414555042623,-0.007504859141184392,0.015485679679796457,0.036711584141138794,0.07626746659067996,0.0048122093995638954,-0.015317220645904893,-0.022192448511671733,-0.002220104367866019,-0.004152636556133363,0.0036869415183413525,-0.009115151693100593,0.014062691507137109,0.0017643338064427996,0.032821173818662897,0.0007734920745880675,-0.0045494886669482796,0.10547658245784484,0.05472681130268794,0.022044447267605665,0.04584785905253088,0.03683724796755843,0.00961876579063408,-0.010102743965148276,0.0003329262352665313,0.012761537759559401,0.013999302357457622,0.02817150022399616,0.010973828176581995,0.0033461045074913783,0.017176986238148877,-0.0048900293838905085,-0.011896178145391189,0.0033610517011354677,-0.0258929400011911
25025110201,0.019719499167089642,-0.009498178273950015,0.0005946485715108335,0.042734883363948165,-0.0028874927359336233,0.032044649123903354,-0.0005785021163603117,0.0027584290896302947,-0.006204587110128691,0.04611656651836328,0.01792995946449636,-0.0073873272830825894,0.003488512494635554,-0.05115679212145167,0.006152831607663238,0.13801401339014116,0.258889187211888,0.01104153405905447,0.0009155384180596645,-0.11281482321974728,-0.00657587469933361,0.0010933364355646031,-0.003197371367598759,-0.0020162088593726657,0.003481735805288488,0.010403788121248616,-0.0883818641206968,-0.001815084855044389,0.01332854703946449,-0.0006990524961405963,-0.001936332379743983,-0.016493694104059365,0.033389931745289286,0.05434191724426801,0.01047763781888632,0.0017897320996447213,-0.013716644615997448,-0.004128979698821938,-0.005544783544593086,0.0071895046118107715,0.0019647678668512727,0.01583266435731992,0.0014134456698138011,0.02656370577145075,0.0013097998354088553,-0.0056206671073567825,0.09767115962629386,0.049017264196738054,-0.030323114839620555,0.029088398281288286,0.03453389431612229,0.0008701959432416068,-0.009296045516296342,0.008041106173432771,0.01901077485562139,0.0007283229729169794,0.02027577136221594,-0.006700354618337694,-0.005931756947224178,0.0098380314458156,-0.004119056426412296,-0.008710622949868001,-0.0019187038711406678,-0.027176140428082383
25025980700,0.057766953785494846,0.009911449108747491,-0.00016706306138743394,0.06701054808017078,-0.0008095921798816065,0.029469925506087305,-0.001494282062285781,0.01210043834920812,-0.015610804858959968,0.06485692119173321,-0.0036350918217257808,-0.003796616755864678,-0.006914881311532164,0.14223782918235398,0.0011761800364228135,0.4307411990982316,0.4514584510013416,-0.033911777503481184,0.025912792167470597,0.19995407148268304,-0.0039634392739260884,0.0032997610250989546,-0.009399903761935542,-0.007304217960792043,0.004607274423959659,0.00810399819708732,0.12007248357368608,-0.003899274223118654,0.016967354474257984,-0.01934783100646604,0.0028178741687808115,0.016496297842603345,0.017623763871344483,0.040646582769119755,-0.03287741929641308,-0.0195169987036038,-0.019177543514558484,-0.007401474104674322,0.0029700478383093854,0.0030303370248620505,-0.008348366362300434,-0.1085787985631736,0.002989264151603183,0.0013581224517831864,0.0028162289256634886,-0.015325181497820433,0.16302678654301872,0.07218354358016879,0.008203277288682951,0.08036751951483528,-0.0010583289671094803,0.0006728064442569782,0.05331534146535601,0.0029314072795389987,0.022004106885803103,0.009434914316544547,0.003649271473029153,-0.015866333564841455,0.0031880389749230293,-0.010383946905914754,-0.02067308368367623,0.0009985381316398882,0.007894052514484735,-0.012438035423666645
25025080601,-0.007156615372161422,-0.00505956457588516,-0.0009077562245781199,-0.025942791473877916,0.006230032328504065,-0.019974265518015025,0.010416340130192676,0.0075002301150531225,0.00388976463854429,-0.02917374914561762,-0.003791155143189923,-0.0006806952430117707,-0.005228052035094436,-0.01374025498577961,0.008133971786845202,-0.18119289020992216,-0.018526895143010664,0.020044513437763745,-0.0008550491318654805,-0.07463804256689732,0.003960999132519821,0.010758429095741854,0.011074235557834947,0.007896474348722538,0.005550155887069365,0.009717672371177774,-0.05630345699621328,0.0022294322671391168,0.010612508079401008,0.0025544064704957964,0.0011283459747893129,0.0018268025890741638,0.06642928184921243,0.023875042897131396,0.02693740035107053,-0.011922821262709384,-0.01380214215477022,0.014193125450503913,-0.002394434599950454,0.005252717326619324,-0.013243019148005165,0.032114691063794644,0.0023182830027028206,-0.019798034811503894,0.0003961850630316054,-0.007550437434519185,-0.038412645091082005,-0.04175490533985671,0.00030060441641347916,0.013339278894705622,-0.038866651255022484,0.005543721965778289,-0.011929210253296569,0.01785703846838607,-0.000691302950836657,-0.00047492567160924804,-0.03495821386727418,-0.009927217490953317,0.004873664877776633,0.004933482605806906,-0.001975683235572239,-0.0006138805789311565,0.0032112601013530393,-0.010207278851829172
25025020200,-0.023687698010143494,0.002412436954600959,0.002889533325011055,-0.049025537147484186,-0.0006107668830227408,0.03437804287002457,0.002682550384381213,-0.024579806484149737,0.0005692466681321994,-0.037652727564048215,0.009742668467270612,0.0016007514169215067,-0.0029341586056931337,-0.017838267616385774,-0.008770585603947442,-0.166947736549994,-0.19989119905831645,0.04571529072316435,0.0015129078205039065,0.06516470992567583,0.00038250280263404436,-0.007998408365520394,0.0004908488143571993,0.0010204568174577084,0.0058306069515319135,0.0036912332395777937,0.02601692347228661,0.0072295807180584315,-0.039746122803152775,-0.0011753672153368344,-0.0033484293828425714,-0.006783785219862353,0.06976596129125223,-0.06735164518673563,0.02232121437976671,0.016197564290863033,0.011623826890527487,0.004836121748341436,-0.002474541099964806,0.0455981531690382,0.011835464326103377,0.0630048418268125,-0.004786450475698404,-0.011465176992874191,-0.014562898171024333,0.017315115862894463,-0.06323664697277134,-0.03339478689173869,-0.00539463011265781,-0.036583463313506336,-0.037596674119226216,0.0159321950799994,0.010773648488819594,0.011024560306924508,-0.021514162685044375,-0.007489836872692065,-0.02515133198450305,0.001926540521019441,0.0021681406482694917,0.006464135418462871,-0.002763119110974546,-0.007623624583779132,0.006707068776851126,-0.010894882477239345
25025030200,-0.022582637189702746,0.0005850070791214395,0.0011723909164856568,-0.047443299097551704,-0.0034562028856464726,0.03103175005898011,0.004955392076095951,-0.01630771247166622,0.004917570439320839,-0.06211238780973668,-0.0027297603703243115,0.0013292400399039545,-0.0059560628963062495,0.07437428935886195,-0.009952767732687719,-0.21065415669045617,-0.24063295355429057,0.03684909071570193,0.0009218794504898602,-0.039226633996024135,-0.005612674012796966,-0.008872030951086417,0.006989757830133316,-0.0003317630071809271,0.0055762602224589475,-0.0007558352266898708,0.039297575096502044,0.004648311967796996,-0.027817435275419647,-0.00269800631305319,-0.0054954359648111736,-0.002503181325413766,0.07133914560377169,-0.06505043688526059,0.016783351605032158,0.011823770275903287,0.00833195802969982,0.00047125560240651623,-0.002721219011838415,0.03860735473105881,0.007767540147885339,0.0328186367574149,-0.005848932577196265,-0.010364965032215151,0.006940714248315747,0.017007429345862836,-0.05755953598428477,-0.031655732275848954,-0.01690286282744705,-0.020955512989716617,-0.032268341985627384,-0.014930153216976993,-0.009576928946258364,0.01318838388393013,0.008882637973553402,-0.016763359417230297,-0.026207517946099285,0.006090438976678266,0.0032668886735031572,-0.001878766804780761,-0.014527767546549157,-0.0012210222544611533,-0.008568800640280238,-0.0023746432126744176
25025030400,-0.014393570419266229,0.006898642520465134,-0.021352616182978897,-0.04224967615346916,0.0003264531128319901,0.04306161258341364,0.008940171757542342,0.011783030850978654,0.00533367356276094,-0.057915546958662176,-0.0008871461579711514,0.0037439235148287514,-0.005038586864023879,-0.0032870762238705626,0.0018410188004423034,-0.15200219204463924,-0.18559446924901865,0.03381815257917551,0.001993496098920479,-0.06065796165077082,0.008678436655824037,0.004046822142953684,0.014819488808188288,-0.0025958226628629132,0.0029937892444390985,0.0057505386221621485,-0.008495333942448616,0.023271704566007807,-0.0180579348431101,0.01069026543580403,0.0026948786740756546,-0.0018353342217211671,0.07459643423572075,-0.03616653009728299,0.05181555967885047,0.016682504955142705,0.01543380583925319,0.017727169284506936,0.003800623309193133,0.034510612413418316,0.006659012242634064,0.0292951786547538,-0.0034083080866654587,-0.011106847818064763,0.008887413341102999,0.02510135291947165,-0.03689475984385532,-0.03582386275646526,-0.012068736920747282,-0.024868195509396306,-0.020394283112966063,0.001041484547243931,0.010564080089339817,0.009305100480960284,-0.0024585028068858654,-0.01244527393087719,-0.004313232524339065,-0.014237297080685793,0.000441443939192843,0.005669261144192886,0.027913890798791148,-0.001331279573378242,0.0024207319326638574,0.005131855738170109
25025040200,-0.02171303987813439,-0.010413680783313053,-0.023074048621091307,-0.026624919772670497,0.0005738965137423661,-0.04225405494220535,-0.03452299544202746,-0.012879914854392193,0.0025871751717897913,-0.06922450983081381,-0.01059927287211018,-0.0027624828167613228,0.0009350396517249091,-0.0255118244929645,0.0023157984421475607,-0.21648491123455216,-0.22999889523892275,0.028570066100324927,0.0013415083465353184,-0.06876030126099962,-0.0009207058729020901,0.003257643164634646,-0.004661050505270306,-0.0030416541513549654,0.007525626487534225,-0.004541245484982621,-0.04558937916701087,-0.012387456090421016,0.006221149568259055,0.0018870643176324277,0.000226652882601666,-0.02261723866152602,0.07324038371409888,-0.07380250197729353,0.028100000659071294,0.007206033669892248,-0.025567656783762185,-0.006856266516402306,-0.001869640067162046,-0.06598108191094378,-0.01233262537074711,0.030497421363508023,-0.005199485873526845,-0.022065442993062085,-0.03321913206115984,-0.02328080419503758,-0.061251354214734835,-0.02200847612840536,0.0012931318291093362,-0.0353600891047037,-0.05845349641499739,-0.009492579758117091,0.0017623605880498446,0.007909532773931652,-0.003941391546334108,-0.01633916550592909,0.02794656690982062,-0.024730333451527777,-0.029424745572320946,0.00497944500270685,-0.006805144090293023,-0.0032134332670734574,0.0012748678053710893,-0.007869123769158902
25025040300,-0.04500776359008757,-0.0052836458018157475,-0.031069227872852382,-0.03450504522266731,0.0020516260283299182,-0.03546535599285942,-0.00782935729874286,-0.011805335046231966,0.0027121976901031144,-0.07034526392049383,-0.008632517900828043,-0.006311360955994815,-0.009177821635478105,-0.026973051394271932,-0.009582267296381746,-0.23598505722820431,-0.23238865610967213,0.019985858856697705,-0.0009038984214309605,-0.07435523943470682,-0.009540596805309836,0.004726771560819471,0.0043841714224851685,-0.00783074041952526,-0.0010551728762862313,-0.006959409565413769,-0.051045199874952055,-0.028902200432081054,-0.002446817723000086,-0.0023454003180669214,-0.000966643933278495,-0.021595147108485646,0.050401528974276404,-0.07686254307095199,0.024394581048428905,0.006921116016456555,-0.03271550851678043,0.002911352657203723,-0.0047195733241559385,-0.14048585322889967,-0.02489910470406188,0.026254282994194196,0.00023894931235455763,-0.02328272235950027,-0.0508727055966796,-0.02672453337630944,-0.06832191551010966,-0.02978583994503074,-0.020552940223832503,-0.040894102762064635,-0.06481881975677771,-0.006748178297081587,0.008244891956183381,0.003700487513751943,-0.00042834930026238604,-0.02480008138931912,0.02873346390879165,-0.022324758046251853,-0.037463763367507355,0.0005505537802802737,-0.013755442666238805,-0.0014059648388644074,-0.0035858265056539565,-0.00987028985334162
25025010104,-0.016112016239210505,0.004332820882448825,0.007057845775561756,-0.06577529194837388,0.001591972607561198,0.04029728270142605,0.008065296782595547,-0.0040786013190335845,0.006175594439125434,-0.04266263047100545,0.02562170558197135,-0.00233535540508661,-0.006960384836031984,-0.016213416284386415,-0.0034671037668059976,-0.14453869557969823,-0.1846997126955346,0.034643845166170695,-0.003331773146828458,-0.026560673965503205,-0.004479806870884884,0.008218463307852959,0.0011979123304841448,-0.00016261048670229884,0.00386412178942671,-0.0006705908346892105,-0.011035706992978962,0.0033413472140901984,-0.028679882306871542,-0.001972901296739957,-0.0033870436193090894,-0.002996600773620667,-0.17229769258097066,-0.06302789950987156,-0.015022772613966737,0.013205156426845452,0.011012942233648447,-0.016494234379413674,-0.0029858667444867554,0.013502627530664245,0.011463445973853167,0.034630394166064116,-0.00478820959984477,-0.013143748202249768,0.011114107328289467,0.013677740418637712,-0.06106636922020669,-0.03192613479453258,-0.014281752613448785,-0.023828667877586973,-0.012680380371309212,-0.016103705481921596,0.03183213511314087,0.005769362537174991,-0.014617245666532813,0.0009771687869297044,-0.037030582310098974,0.0029882456081360277,0.0018171104707692045,0.005177339986268462,-0.0019136774031454692,-0.0017217364949717543,0.0043427631974378225,-0.010335360757204646
25025010702,-0.018335622002257808,0.0028489324337929427,0.00024276430048609593,-0.05843249101147091,-0.0060254877454126,0.023676841537371575,0.005333639318686485,0.0054004240115456395,0.0034290854510225298,-0.05055525199116738,0.0006277850674862142,0.0007111545050814162,-0.003255468832712838,-0.016923126500869988,-0.008382118185748837,-0.15773869727549455,-0.20081421196889568,0.03614376014090736,-0.005023891305942709,-0.03618293888318836,-0.004350269764727627,0.0005689445300429768,0.00023381163694528533,-0.0012891755512327073,0.007416793375783912,-0.0029927515520025145,0.04094171891533785,0.007333270483235191,-0.036957036312977795,-0.001975021627936155,-0.008576336384064387,-0.005157311646958852,0.06401067794184073,-0.031788074914514144,0.01391101372227662,0.010740569454824458,0.005415117502382442,-0.0003789718689758371,-0.0029622210650929494,0.03420507264636127,0.01010523967371273,0.04156841275916478,-0.00471767348672953,-0.01491651824321637,0.009631193668274909,0.011569454466721517,-0.0668361359252256,-0.031107220955834725,-0.018154576724196167,-0.02415070546835405,-0.020399721577753705,-0.006646091295685684,-0.005948147241475408,0.011242342780337993,-0.017366661452222945,0.0014050076756755255,-0.030587567831006527,0.0004746254390737208,0.001223309681908398,0.005784293361356406,-0.003916135784028129,-0.0011790808581978614,0.002954140667362459,-0.01283491835518389
25025010801,-0.02036790979888352,0.002990571563163156,-0.003752490618564837,-0.06408269952887517,-0.004358219267260731,0.02806541251015645,0.0018487817378148837,-0.005919349911974933,0.003463592292767362,-0.050972071605193334,0.0007592449679335272,-0.002309789938024113,-0.010040590282444797,-0.019987232792405493,-0.006276396886619618,-0.15809479732348383,-0.2046108396836376,0.0369584979263676,-0.0022369088987752718,-0.03930049711658235,-0.004751053895555687,-0.009122476738956114,-0.003398212686924461,0.0004819470101464123,0.004221519789563333,0.0006653825095285853,0.023077138101400326,0.006441688664041012,-0.035467779190438156,6.049029107474704e-05,-0.004128464143956029,-0.0028176944732535318,0.06521797901426353,-0.03896946550462712,0.015679976222012195,0.012361575400298202,0.0033306395531568183,0.0020563335760095387,-0.003432596552523279,0.036635490155582116,0.011393288036643955,0.056375433389207086,-0.006004656690051453,-0.017759016190423287,0.00020560664488641103,0.008094906348425635,-0.05536027549569437,-0.033973956842755,-0.004636730579784887,-0.02659020561699102,-0.027506204362878848,-0.006207046314879061,-0.013965548727012868,0.0014594232896931497,-0.01868834383751532,-0.004205164462160488,-0.042511963740829106,-0.00048459862485677774,0.002226788054634715,0.00025233469211665967,-0.0100237614347735,-0.00334274600876597,0.00407815269990979,-0.014702688474811293
25025010403,-0.014963844954715609,-0.004370258721032365,0.0021505928776288765,-0.02731035964857457,0.0009882548706470846,0.031204962134241693,0.011412132567328995,-0.008818068486647302,0.007974629651305843,-0.055546158291691454,-0.0010641860708163276,-0.00010341578864171854,-0.0033575667352312498,0.01624660854236,0.009551096861831452,-0.1652735547571,-0.1617549030893711,0.025445173476373092,-0.0008284814315057952,-0.06005604486421203,0.007965280207226451,0.0083005875396457,0.008114790817995291,0.0019617293335435254,0.007030625569127558,0.0029256099684090773,0.029605783913055708,0.014592188957029736,-0.03141113948976682,0.00043280558314209524,-0.00502867184328818,0.0013968978822554883,0.0436123167215066,-0.007390604816528529,0.035113810717690014,0.010061117801959464,0.011172093829436673,0.016344868139054322,-0.004753314595877288,0.04189889226272805,0.014999392553502378,0.03738255347074271,-0.0035245453338690787,-0.009748972908701569,0.014122026396024745,0.01660021305670189,-0.0496079925542855,-0.019472204939721044,0.011639196342260653,-0.02155976036420906,-0.020969116673701528,-0.0010053058332105318,0.009686552575279747,-0.00842155678073776,0.0007426147467006601,0.0012012637312316522,-0.028795832915729173,0.00674817592533825,-0.0028116591689269226,0.0013291203277637962,-0.013424705085748645,0.0041248360849596615,0.0007171636761260387,-0.00848466663935768
25025060700,-0.017355364949236802,0.0050848355646894395,-0.0008873623567302806,0.03695713340735264,0.0034585443524699833,-0.04056073602569467,-0.013403156960694284,0.004568537465682916,0.002771675290217053,-0.0661134001217505,-0.012263809848568522,-0.00327290940987746,-0.005035724944674228,-0.00922154137148037,-0.0035037743817636275,-0.18950831646059738,-0.223195460103127,0.023683136590003734,0.0027213205831845178,-0.08052469355028376,-0.0049070107060600115,0.004915520059817924,0.006430453918182194,-0.0003742941422847178,0.0054644633433501835,-0.007401336307534045,-0.039975280605788005,-0.05794504059667921,0.004613076274015224,0.005103613730336585,-0.0013093113340553095,-0.02088789169782812,0.06344548328366748,-0.040330926061481795,0.031368345742487674,0.007273577015384762,-0.016674762642762162,0.02713063290446987,-0.0019421565700565857,-0.09355730769364842,-0.008244307643626426,0.03659057559412922,0.003493135945538429,-0.019674936485165894,-0.008006770853424695,-0.018372090234768313,-0.06484123112251329,0.006638735644344779,0.0005233199276645855,-0.03755972084752454,-0.046285110162289006,-0.010191667605473936,0.01460346942832172,0.009727606078665843,0.03276536190051364,-0.013643107287444613,0.01953998956031789,0.007822964620725693,0.0003167375049490299,0.00595910342221619,-0.004770121566909122,-0.013624678543173634,0.0013606774729128762,-0.011143629009731544
25025060800,-0.0366271066535826,0.0006392859661793266,-0.024006632609994354,-0.040504319343490205,0.0004911267352191935,0.02492934459094873,-0.004362032109625147,-0.015413543161297208,0.0022247173660648848,-0.057415869728142596,-0.004869575575259047,-0.007059538392101799,-0.0008476656810781594,-0.015466888638696524,0.008657201312883804,-0.19811426663108367,-0.21312192530510524,0.021432003357289207,-0.0026008362848787894,-0.06665479933890323,-0.007225923835121884,0.002812474551704253,-0.001980300370705925,-0.0032666919084741795,0.0066883890261569675,-0.0041284487063271945,-0.035188082457934616,-0.08456718029296166,0.004014203524925758,0.007087558542236673,-0.001116274866945035,-0.0012995589081754128,0.060393235997627026,-0.06293359641746761,0.028822533243545723,0.007828697383696502,-0.007283854617084665,0.009556503841887278,-0.006311295024545729,-0.11760247838017342,-0.021508986014994583,0.05147425612416162,0.0009023565803261906,-0.017580765779864917,-0.005024191622822699,-0.026290015980824557,-0.05463853825996038,-0.05360867314900636,-0.015038571399263878,-0.03776330532466384,-0.05792944490476374,-0.00858161620554833,0.012374643642076412,0.004410536684402982,0.003110178805325111,-0.005664810311034187,-0.024246387661277964,-0.0021379153223949777,-0.007745656172029813,9.650999923374865e-05,0.0089262434042189,-0.002489753772647765,-0.0125404448388961,-0.003217198550778597
25025070700,-0.01357402128350817,0.0025075333061787652,0.003118242497857707,-0.03981073389760294,-0.0009672326482394447,0.0384134677119629,0.0028777000630480316,0.004089255894091365,0.003714668705228398,-0.03628817443400015,0.008977812792104519,0.0005847741789203328,-0.005993360013640571,-0.012649410483013468,0.005787421990182324,-0.13892296437938553,-0.1449080197634143,0.03897709070343214,0.00326986605443475,-0.04054734698025164,0.01167458646458388,0.0033576380057063334,0.0032914946499352873,0.0009123088566993982,0.008378592365120879,0.004822650192928275,-0.03470311379305439,0.02408000074392393,-0.02125952950102307,-0.0007348376971611071,-0.0036936672731221983,0.007182873377916641,0.08315975453718104,-0.025198912722548747,0.04813322707073853,0.013370174268343919,0.010983119512398977,0.010142316841594678,-0.00221911274321906,0.04314754310079678,0.013435962283372491,0.06850592941167574,-0.002838818010138167,-0.010253523215755728,0.011723765308620814,0.02347952660471799,-0.04953445371564631,-0.03359468111323974,-0.014487465737430786,-0.022673261490722928,-0.019076309721179272,0.014543435431264271,0.00234380405588835,0.015776926672860705,-0.013834684512128607,0.00930374078459039,-0.020876799235304087,0.007674595506157519,0.0024344561398341384,0.0053409585966661885,-0.005975502159432917,-0.0015939654688739322,0.0059309910796765215,-0.011182544257115257
25025060101,-0.029842680257534646,-0.000259683358736746,0.0011914366573247208,-0.07605156389388723,-0.006225469115038362,-0.0375707603165555,-0.04966305760536333,-0.09637836412565716,-0.014545868392341427,-0.07195501261747358,-0.011275337115407446,-0.0022140785833736753,-0.015529139219185863,-0.01624775838900725,-0.013433532828108769,-0.2187786368518499,-0.2663811339505165,0.03261709852392887,0.003568835798214102,-0.041520400301079466,-0.0032989153792614915,-0.03522084997363334,-0.0012751455957833227,-0.0002485877757738808,-0.03930087606585189,-0.00047505152428990385,0.01591465860949237,0.0035554917542005896,-0.041370587864811764,-0.00413669530070428,-0.004857553900020795,-0.0035304204343397684,-0.3037048146575501,-0.2247515053388122,-0.09337343770695924,0.0113760308929974,0.0010430395728678295,-0.030692860731025496,-0.01450623191031938,-0.026990565838331124,0.00036115382306816654,-0.0026354160164430386,-0.0038338956235172547,-0.023361140657251096,-0.09402714236013915,0.003638550551030751,-0.09231935194101977,-0.06668037182848484,0.006413303448732515,-0.036870656572419884,-0.05544095315439319,-0.007359145691329334,-0.018048248285458004,0.01692074602564428,-0.022639695375430674,-0.03652552713411158,-0.03885984681208039,0.006765610490357324,-0.002651508613324942,0.0042749499704244865,0.0041472009589000195,-0.0049734405483396445,-0.04896792019510418,-0.011463220894498234
25025000503,-0.0031285566930077716,-0.005103855760314397,0.0035145221865775992,-0.014068361216274113,0.00475677940611218,0.08894281914159052,0.009156767775241369,-0.008119906538187314,0.0037792801200320298,-0.00544321541055002,0.051827681491938594,0.00949138816049498,0.025129243042019803,-0.014052543134107422,0.011437323894308288,-0.005237701054930255,0.05088872864815269,0.04830116757281487,-0.0022700090470115252,-0.01831713417191329,0.004966719954351168,0.00408431692249129,0.01519712360881287,-0.0007939252660838876,0.009874576509518495,0.014183888723229076,0.08854800348491353,0.016768313197969106,0.029034885162640918,0.0031905309002741252,0.0022645760506038817,-0.0012991715842190009,0.1172305708686234,-0.003996485039789339,0.04832489055343198,-0.002277302238100749,0.008139227329258354,0.019365788532884676,0.00378357981615159,0.013879049717073292,0.019428390839109563,0.04467883621921586,0.005474183509979236,-0.009821628694177645,0.0002999664612992999,-0.006807575913746634,-0.023810011826788775,-0.017660970078954334,0.02259757373380509,0.050328932461838144,0.1690257363743566,0.040561055465856435,0.005450197329565969,0.037863497276764316,0.06033376174756802,-4.3074658124957846e-05,0.025823328158980103,0.043102472839262086,-0.00032908386720802363,0.01332910211510745,0.03254422254160419,0.008631929991349568,-0.005572341759209854,-0.009791444875208812
25025080300,-0.022843466151078223,-0.004830535620171849,0.0010784589750213404,0.028174056442836534,-0.0005075512853205059,-0.0336387487997101,-0.0003186873912643385,0.007093236110611176,0.0033358333782057773,-0.026559563496198986,-0.0030997888931028,-0.0021037544468298164,0.002336968321578064,-0.015272437672480736,0.0030442994715314544,-0.16425279320638198,-0.17736126540708974,0.02908256227374195,-0.005578146747357239,-0.07516459687722929,0.000204511231293028,-0.0003235128366789432,-0.0034271755869806795,-0.0008369671859883837,0.004317522699488108,-0.009141482458805588,-0.04922749025762794,0.0023325131162659006,0.0048177511846651585,0.0012999177215874114,0.0018078700524435636,-0.010252497369874207,0.06941777422120181,-0.005826794827324002,0.03324947668632386,0.008249110271829162,-0.0011195567708202829,0.011759235612017138,-0.0064831395319510715,0.019106667971438857,0.008878532605735175,0.032112126115003484,0.00403173911997341,-0.016577186329608407,-0.002245616048160695,-0.026921278235389114,-0.045528857799787076,-0.014547695455496827,-0.014865991472958997,-0.03136743205594539,-0.0388079760535659,0.0036741540114639724,-0.007154542981750125,0.0030331580259973217,-0.018634038269464578,-0.008493858705486223,0.024491145768678592,0.0011022114639745763,-0.0016770178621209025,0.005487875823626143,0.010329593575684583,-0.0021979046689398593,-0.0017308453035000605,-0.018646747388566802
25025080401,-0.011073911815982312,-0.011539367702675822,2.115337391431219e-05,0.027182955908494382,0.0019709447481401805,-0.022532086766084154,0.006432202930949633,-0.00895554393282274,0.002989657166836648,-0.03953518041504597,-0.007673948536412864,-0.0012490014196936408,-0.006759497699154521,-0.013585969956176709,0.001791265744042412,-0.17578347444914716,-0.17466826839171562,0.021938924299081834,-4.5773493635047515e-05,-0.0764730739138444,-0.002312717064525245,0.005735193906708373,-0.004873339460249961,0.0005995701736805335,0.005958704802595318,-0.006730309285514536,-0.039605822398786523,0.010853916475641035,0.0062671268089654645,0.0027683162935491553,-0.001465629617847068,-0.0009988601019726548,0.06427798656362181,-0.02037831120978118,0.031334419776328566,0.006842201215796641,-0.018344169182968054,0.008497289756114705,-0.005282045963983173,-0.022888732179896096,-0.01846755834111827,0.021016207783784463,0.001965067149019395,-0.017882822570474605,0.007820608037938935,-0.0167352899355297,-0.05322008942353477,-0.026284575117961954,-0.015909343306690325,-0.032041253283062336,-0.05287344678342268,-0.006987989893638754,-0.01093320577219821,0.009508101937320698,-0.007408326780463674,-0.009663579726672391,0.007301474790443657,-0.004373323947218276,0.0013171582255546124,-0.0024983618726102065,-0.003642846071520344,-0.002680489247062634,0.0010753306279282393,-0.010395696836824057
25025080500,-0.012795811884279702,-0.014090096160167825,-0.0006266992759034198,0.03913506192795089,0.0019017723685248813,-0.036661480653971755,0.0047132984882786,-0.013500372084415105,0.0016936172237488397,-0.02527670413169424,-0.008755085591866083,-0.0014438016050365731,-0.0035717969857462064,-0.02015265337473994,0.004207128088046064,-0.18396095483130365,-0.04236777504344719,-0.026549429219254392,-0.001500289955497567,-0.0756400875702296,-0.004534797430337771,0.0023507130128175456,-0.0005648111648547616,0.0010228287120372602,0.006470981191396671,-0.009161185265699551,-0.07132681957089755,0.010368358956250687,0.0033341304488902074,0.005309102122151857,-6.33406233437214e-05,-0.006152300259941272,0.06878445506998795,-0.022249185621947803,0.02804251215213982,0.005495015433344518,-0.011641147502014568,0.006851991782759204,-0.004217517404144923,0.012742082948451547,0.0008018611420676534,0.02499890371658886,0.0066358881129392755,-0.01808731338253914,-0.0025822887000867827,-0.01648929727295681,-0.05122996614597346,-0.025093364688174136,-0.017588785532708526,-0.03323028054177028,-0.04165047585368239,0.0015992479712596615,-0.009039182354365745,0.007806995670230247,-0.022502462642006244,-0.012838139810342607,0.031063520453872125,0.0017043998208885745,-0.001789083783304103,0.00605482029289029,0.010034356533588374,-0.004340984822633812,0.00012493432114621102,-0.015267087998662998
25025080801,-0.01299705315798136,-0.0018266513477451691,0.002555993153808407,-0.019684750400614345,0.005527085381956644,-0.020363297644474528,0.011454655443080752,0.009137427372649113,0.0038091290761976286,-0.0416144186598007,-0.004663320598616273,-0.0009833841938638353,-0.004173426732978427,-0.015343627859902082,0.014966367064420356,-0.1649653905879996,-0.1554351586286973,0.019795030495381796,0.00011578991604452344,-0.06980111049209684,0.0019289402067133598,0.009651408073411628,0.010073511608050215,0.005249934390252017,0.0056133299110830235,-0.003495814915406646,-0.03592376214943735,0.005157290973988814,0.010019129852302362,0.004360366973318482,0.0008422220721893684,0.004347845229081357,0.06675783273586983,0.032284588297132794,0.033250051246746584,-0.007779329161079127,-0.007122530827213174,0.011499256812605947,-0.004453858210756899,0.024542797212303975,-0.015653553130553964,0.03233822726061743,0.0020293093929645953,-0.015413609827452998,0.008982075206249674,-0.016853008751032898,-0.04168909103256381,-0.03414820825061313,0.009770637370270188,-0.02850885113019347,-0.0390561356856005,-0.0006410930585625817,-0.005208340184158302,0.018594478310575282,-0.008040374316845622,-0.001721537428829426,0.013590300725789994,-0.00753675029193354,-0.0003075984978692577,0.004383714339120206,-0.0018814603165325506,0.00010217966262757222,0.0022493819548605265,-0.010326729311204852
25025080900,-0.016245433370906965,-0.00019366882744897504,-2.249397188769615e-05,0.035755791120803466,0.0058889137842307974,0.017529681678842564,0.004324613249557316,0.010801087605947987,0.005938416606264331,-0.040645026598921156,0.003256040308985377,-0.001269144881718931,-0.0014208262480819055,-0.02179781348753335,0.005537342260755736,-0.18682025984108808,-0.17998147872454226,0.022430093611789822,-0.003488582796757919,-0.08542435060369057,-0.0013078746199728423,0.004977735499973761,0.00875722703174223,0.0023075556765268044,0.008011882277202162,-0.0038310177967626345,0.02767186807616511,0.006305090353038659,0.004589147075543748,0.0014493365541570417,-0.0018673161233781308,-0.0027762039576184013,0.06648674709964676,0.03431994028157741,0.03710041853372686,0.008562180294673037,-0.007060515674831555,0.014196603721472058,-0.0032256623614217265,0.031112055264253317,0.007343548999518498,0.027732106861847416,0.0006869618548188737,-0.009822131113526816,0.007657228117120102,-0.012278724985449218,-0.036328497385745645,-0.03724444860450441,-0.011385525817923531,-0.02956476909134256,0.07570104253970864,0.01185511261796771,-0.004972786084090935,0.016722925919701374,-0.009233620586449118,0.004362580480752833,0.033876195864253104,-0.008763938970276544,0.003410179059151999,0.004354105271546951,-0.0038225477012669446,0.0015267717689511893,0.0030875423003499532,-0.0026156246608320358
25025081200,-0.016876846545488,0.009806136416692876,0.0041608098437545945,-0.02892957441756188,0.0022578780474110634,0.04204425574194347,0.006198167608756069,-0.004348594732511931,0.0036766047591060094,0.07932568896504635,0.003926782518837606,-0.0013301678956373314,0.011649473567966818,-0.012511823064000147,0.00791778057637196,-0.17843636356032716,-0.16889349424847033,0.05591207394115787,-0.007515177362401899,-0.014894004758484427,0.0017321017426233643,0.00588708955406193,0.010003747991047356,-0.0011720151955731946,0.008657995555045388,0.010088215369825793,0.032526434328239276,0.008703713548589606,0.006749572682534304,0.010394444925051115,0.00486377504055823,-0.0028185151747374144,0.09007673831634758,0.02528945830940085,0.03871690753351167,0.012375570895539183,0.014828950407624376,0.009685362709496508,-0.00020783869249537892,0.025478285727577214,0.014865923782881457,0.05137475777711645,-0.001485780676729283,-0.008392430377757361,0.004260007324326899,-0.005707733737340618,-0.02318543073720415,-0.006449605425680214,-0.00784423680375536,-0.025605293397342955,0.18554089580443045,0.010028964499833672,0.00811677979427143,0.014843284690905248,0.0005789477737689632,0.0044282848511450375,0.03141380414331694,0.004854914641937476,0.004674451925359411,0.009064901101297979,-0.004106719932926329,-0.0026021676469469754,0.0037256792087356177,-0.005085511978683387
25025081400,-0.006560280761862866,-0.015680043195585677,-0.001349707294872346,0.03998397155010698,-0.0026977240521741724,0.014812925151815473,-0.0006350295572857145,0.006111067529526001,-0.0069572528197561715,0.04098027936966394,0.00010273271263404714,-0.0074889536910349415,0.013367698476745913,-0.05447970341314981,0.001860621996275041,0.07000801909080157,0.12727164573526764,0.01518685164766709,-0.012279515867439831,-0.13014941824535525,0.001290771303508556,0.002914489387340138,0.023250768197225036,-0.0016063693206088176,0.004521716449772063,-0.02295705497458849,-0.11135779983375448,-0.003374865521650454,0.017386907587308542,-0.002705739348496371,-0.00044910648577467955,-0.025159104331435086,0.045530824964179234,0.05764520499691216,0.01626247053341706,0.0012755673224383738,-0.02485908329673255,-0.0010535612733868773,-0.004869390908776361,0.012700129984619845,-0.001878547608125022,0.008269946044643718,-0.0009543915254724123,-0.03161880815199784,-0.0018713591607543204,-0.01045957012624389,0.029280840334864354,0.0018512460812593692,-0.03637987476258185,0.006645067144582735,0.052505093281616885,-0.0022714329933478297,-0.011114783510970411,0.007797069967702174,0.009723548213537367,-0.0023907835400124207,0.020825268256376924,0.0010965634271949299,-0.010265477565286472,-0.00845694129340968,-0.002952419034413868,-0.003314856280819213,-0.000637643738097418,-0.027948257053787732
25025081500,0.0025047141288460015,-0.010736607811548627,0.0024588584296875255,0.04885441327815191,-0.0038525051864958812,0.03393916086196619,-0.0005809201169415781,0.0032120425319578936,-0.00719908231921901,0.0340791708745428,0.013724092455083487,-0.008897894102521113,0.007019861191996431,-0.06682982842455569,0.004491970963315894,0.1117125864388539,0.23620332205942582,0.008535870858303228,-0.00550446839963649,-0.10466187288625912,-0.010143925184191735,-0.00015883300557270141,-0.00948724685253857,-0.0006980211607833249,0.0026415130127504065,-0.015905447801761747,-0.11179784382835876,-0.003996207478550877,0.02983822947359472,0.008271341618032446,-0.0009859636776506104,-0.02851978487295873,0.033568795645656124,0.05500335355466657,0.004408669619293702,0.002055542412656034,-0.01796544153152339,-0.006501476091719488,-0.007814310820275484,0.008683577802170758,-0.001355669522250149,0.018714341041804063,0.00323917386230936,0.01618031612793327,0.0037081418473576848,-0.007914665176290579,0.08126166485860238,0.050976109085171285,-0.03511994573448952,0.012392730026446471,0.03589898821701981,-0.0020220944340163874,-0.01090529280339406,0.003249285298278902,0.024344347643192654,0.00883631826908889,0.019918220613026515,-0.008894773013305613,-0.006534119437688068,-0.005651242280656192,-0.004713391562495869,-0.009902689238060527,0.0024582025743407373,-0.031536854260163255
25025081700,-0.012035041535501547,-0.017495375628312455,-0.0005790794343176717,0.041815154076946845,-0.0038090804702074514,-0.06204120097097347,-0.0007103000408676747,0.0013094804223102992,-0.002453146287512268,0.038859674947229174,0.0036070327811863518,-0.005342679749738387,0.010566940659559924,-0.056643653627973876,0.003293613903442989,0.06562511254172156,0.10312478210060684,0.015346520203100764,-0.004510837931366537,-0.10532915759643696,0.002784285819801196,0.002670245261262431,-0.004670957358647473,0.004242581298170111,0.0055591581936962915,-0.0025378356964013715,-0.13381638277053196,-0.003359978511399837,0.012375383043007804,0.000535826490500902,0.002299687963342944,-0.02125763636840891,0.044205879913537006,0.0320869925980835,0.016492279070377737,0.0034757115139657977,-0.019827836271519843,0.006022486330046259,-0.0036908725030295195,0.012607596101452677,-0.0016826906558347354,0.011070335571300712,0.0018950801978545907,-0.03143814542435127,-0.0006947586987422141,-0.009009101689652018,0.034809077934821644,0.009401264220959896,-0.02394376714566224,0.007236991782220442,0.04948809727987502,-0.00040996107555151315,-0.010536057594107038,0.001730256528819957,0.011527031086954654,-0.0016351525149047284,0.024659170757163035,-0.0066086747871216475,-0.0019117070763663643,-0.0005056685054442953,0.000604322430453442,-0.0026787960615566224,-0.007450518740389758,-0.020705113669122168
25025081800,-0.011289118992037552,-0.011853366576212826,-6.11310287693168e-05,0.040081173838437796,0.0003999873941124391,-0.06286234951743826,-0.006248441117756066,0.006614774453410029,-0.007153374420913902,0.025919531777609313,0.020392634271323394,-0.0023149047141459707,-0.0047657311998640485,-0.04319676528799472,0.0033105830826580802,-0.011602138176032544,0.05152074991746324,0.021356666794918322,-0.004626567058083639,-0.08814557529937117,-0.004564000964307909,-0.00011645848911090618,-0.00035182127940849584,-0.0016594041669863665,0.005055035414821468,-0.02741206342202875,-0.12931758754055991,0.012531395275667358,0.006081022262972377,0.007900484568714148,-0.0017384283136059853,-0.011522560021989224,0.05690700428240044,0.004378596836470696,0.027207305962539167,0.004854100209824314,-0.012004321743668408,0.008582768766037871,-0.0042556652048427335,0.008631403577425546,0.003137452131821611,0.038239082779694095,0.0005772659465929755,-0.032133331552377985,-0.006350498417045339,-0.009299198779460012,-0.04343138736559486,0.001796728967539353,-0.01657029664752177,0.007793213790467953,-0.024749553922436354,0.004243325873148159,-0.008305520120644413,-0.00012208947054578937,0.004782445007377023,-0.014408433324204672,0.016582111502338053,-0.00854428233992994,-0.009078927874431113,0.0060902438552984176,0.011035214384641563,-0.002765848742876536,-0.005598390232305228,-0.016769246390461942
25025081900,-0.011728593575561056,-0.017523880983013093,-0.008348299095384962,0.04975831515093742,-0.0025965868070979632,-0.0501047080706109,0.000193972851315737,0.003816814902806404,-0.00039234963988480596,0.034501844533856414,0.017684976682246164,-0.004504080644570177,0.0110076624108456,-0.06309362048591201,0.0039323957580758555,0.08438509061560635,0.1510775371138827,-0.04029664601693639,-0.0040525375242552834,-0.11942425781408825,-0.00871886994168351,0.004742890548548865,-0.0028955294934171994,0.004237639932179034,0.0067027620346667574,-0.018053126151866956,-0.13316826820117722,-0.0007230034722215244,0.02829985703795675,0.0005946130684767283,0.00273115484331149,-0.013616570629623372,0.04293877246712129,0.04815603185586722,0.012598893924304357,0.002971392649186872,-0.016880721553904143,0.008984984297985145,-0.006127947930083738,0.005601092343882311,0.0005294551445895572,0.020614889462447123,0.0003208499107871188,0.030058992041410416,-0.0008063493350549133,0.004671228516427851,0.039599393719969435,0.014427517393103382,-0.027059345354026317,0.038674074199570474,0.044335268859947395,-0.0018172954017521819,-0.010694532472486813,0.0020003287419449738,-0.008491017337122517,-0.0005373966520750798,0.023575448254490552,0.0026759352214662316,-0.002315303407631295,0.004357988072934138,0.0031327256116179722,-0.0036165130152663086,-0.00461960100782704,-0.018946236195970266
25025082000,-0.009602813450111531,-0.013786715370650853,3.134162820215275e-05,0.03726795741682777,-0.001100255830008479,-0.04639025431535581,-0.0020900757289813556,0.0037781718685422224,-0.0013867213656292576,0.0414355702465853,0.019827736637148506,-0.003943352368215826,0.014150111084953483,-0.05717526932400165,0.0037210012023615596,0.07398945771042512,0.11758998534196503,0.020953646067089923,-0.00028481466058865007,-0.10115455002065606,-0.0010196322097947791,0.0011574586372442065,-0.0017686180666963603,-0.0004317871144589416,0.005129515872142293,-0.022617228812574393,-0.13540886735984548,-0.0014467648651108852,0.01358841962720466,0.0024418957524720846,0.0008787153004726205,-0.011464832120004965,0.05323319989881151,0.030156109510950747,0.01738118151624888,0.0012022959999548023,0.0013901771871378103,0.006276710644221071,-0.004319891891161114,0.013750529308958544,0.006114298640728898,0.01936858068231735,0.00036884990052096317,0.0003474601521957001,-0.004366312028052299,-0.00996124541096677,0.013843234930494228,-0.01457288710467901,-0.014507222942097065,0.014638082981497038,0.06097183863034559,0.00032762298335768935,-0.007416545919139996,0.0011812324228031139,-0.012234689293420115,-0.0024471353142207068,0.016988457268625072,-0.00686928367077109,-0.003481179104396318,0.007660134154739157,0.010558789533118468,-0.0035353783363651766,-0.0045907570847552,-0.017804820115571184
25025090100,-0.010232149972509028,-0.014163849249621321,0.001154963793564551,0.044028525057374784,0.00013302260377317767,0.028371004815702087,0.0011229663878911586,-0.0014914546278125616,0.0006900728690687152,0.06622214419508247,0.03879580023844199,0.0009222808720139176,0.015592685963421837,-0.04881607267797825,0.007365709957943361,0.10594613784754807,0.10545880519786802,0.022518543965292556,-0.0017142914203507765,-0.0579577697108104,0.00014143576353587987,0.0013504823265445465,-5.3329848026464654e-05,0.004407203278374542,0.00888776185010177,0.017589868599729615,-0.07295827044655373,0.006922081601841206,0.0285404070623988,-6.0359488158205166e-05,0.0018251206298837692,-0.0010766426844128854,0.06773788756468405,0.028266199448745623,0.02282883304587604,0.007118223007382012,0.007224770447592764,0.013427006830816067,0.0007366059638992636,0.010010291754657036,0.010699007100045801,0.02401311528735627,0.0010515483562875926,0.0024107653547327528,-0.0037138240872528513,-0.006556519044418001,-0.027985288980577703,-0.0022986783039709584,-0.019346125142188253,0.029214693290170356,0.10875397511836007,0.0058605038649306145,-0.0056409009457246365,0.010464462389788457,0.017327442610421424,0.0018326195032781153,0.03133955266705758,-0.0055539596785803965,0.0015127711060362759,0.014244174510769455,0.01762536864766213,-0.0035531803999668088,-0.0034350454416846184,-0.014614815577023753
25025090200,0.005296258545212341,-0.009029198143291698,-0.018125203816723712,0.057709521399847724,0.007043247979577152,0.0413299800534923,0.0017223893838239927,-0.007973862067093072,0.004883251743584306,-0.005589467158030164,0.048759441876045195,-0.0026477162325328897,0.0024010058813413843,-0.024906781193053108,0.010698884587265726,-0.15241152364293548,0.032406006715468776,0.02436560764274093,-0.0020199288259849955,-0.07433531888307929,-0.00681687003052551,0.0055754344927852195,0.011406604329291296,0.0069904252045759905,0.013902797195187644,0.008537878872562818,-0.04803313183392626,0.027537310279658316,0.03544380381536606,0.0016737425710686392,-0.0026591428287708126,-0.0008690409697380497,0.07716741602147706,0.043480991450193865,0.03071798426335784,0.003510032849507713,0.010321657370382376,0.012627548335114456,-0.00038024519392346564,-0.010878672546505062,0.0037291006588874853,0.04228306688220121,0.004995970791090277,-0.014119683196796918,0.008889617342073764,0.021430476232253037,-0.022213132897596816,-0.01638915924511083,-0.015610161955271784,0.053146579228265926,0.1636416010209657,0.01367068382941676,0.009003637683898155,0.014081694252984734,0.05710197650561375,0.029812285694014194,0.0396787756353665,0.04975754450925622,0.007067955755379864,0.01126485001818912,0.011036423149349934,-0.0013696456123123394,-0.0012153153382778456,-0.0020706746125703063
25025090300,-0.00970980127316679,-0.01301752295625481,-0.0027833678823556383,0.05401775559152245,0.002282730830417024,-0.02641176947486577,0.005744632571073052,0.013872627620588059,0.0036941001213297835,0.03175117454001262,0.0026836749239824514,0.001252220570528281,0.003830859412231244,-0.041839546113459226,0.0033313035645025956,-0.15275357418674607,0.17932152028452317,0.013161396705805628,-0.0015523846717009774,-0.10833150733289794,-0.006557977764429129,0.006896413395921814,-0.002270872448845931,0.004128572822995317,0.005499258969112091,-0.01079622006652463,-0.07149136853510818,0.004674514803551059,0.007067234218831305,0.0033197551041936465,0.002122826219449494,-0.0026755051435229877,0.05892897267688138,0.05723368518435909,0.02284154691747666,-0.003350980521103199,-0.014788306287310985,0.003861163643815262,-0.005937981962443542,-0.00658924180533744,0.0018099271595038518,0.028612620040455068,0.0025014823517197984,0.01619108114581688,0.005582953569460906,0.019933164381808772,-0.0325630325068954,-0.005491556438442193,-0.018047583807950452,0.05145397033032522,-0.033824968733609725,0.012196083536272396,-0.003409464804566759,0.0016650829486493928,0.016977529371708423,0.0032263879951511362,0.03791453056298191,0.0031717061232890403,-0.006398894263881208,0.005033307356374551,-0.0014937275088432343,-0.004474274650847848,-0.00031450351410479486,-0.011932285560025924
25025090400,-0.013297178153982365,-0.012121572102448469,0.00021033946831143583,0.037539403520083225,0.0011297850519573203,-0.07747589397937044,-0.0026986708976907696,-0.0030301317326575025,-0.004816508879117172,0.039698708554172346,0.007824556821427605,-0.0018911191022730242,0.010862750602728897,-0.04346320493609895,0.00033100197169305565,-0.014247860498210063,0.07258655424236736,0.02581891986671196,-0.002436692937596346,-0.06479192090017488,0.0027335844404380296,0.002421539943689323,0.0014941980636488763,-0.0016809312810927225,0.006816950543752403,-0.021490398471585286,-0.13232503068944482,0.00037504811802730484,0.004939973107570767,0.0010047669201062293,0.0012812261541199303,-0.011639921802996129,0.05934742286079809,0.0016233863956572133,0.0226000198550766,0.003969252827599953,-0.013841053073222424,0.009171613662494731,-0.005682010832401651,0.017482950605742495,0.004141179333113569,0.025100128534668354,0.001917711208212025,-0.026782887082843765,-0.007191640025744727,-0.0076972852452147035,-0.038663757925967705,-0.010652495640546511,-0.012921841865235626,-0.004888697440851325,0.0579226028027248,0.0036618915385992126,-0.009523055051427217,0.007997894216504719,-0.012406488860392846,-0.011173785014472096,0.024178495538160726,-0.004424109300325201,-0.0072068883225360255,0.0018092218382971647,0.001846924752952618,-0.0013267972690108117,-0.005100628447317933,-0.0178020883340834
25025090600,-0.013975792440366206,-0.0035686969961568134,0.0028954858843885265,-0.01951905873308822,0.0001648379108146436,-0.02760727979335513,-0.0015926936393540364,-0.011712982999323511,0.0032535127850474308,-0.024320670402541163,-0.0005226488200750255,-0.004131202205075779,0.005248107206174239,-0.00997417876229159,0.0053767661464751955,-0.1590352146575028,-0.16814037338338292,0.03326351273145674,0.004575097897229377,-0.055247693384724,0.006143683980133193,-0.0069173868047325655,0.0025718077257916995,-0.0012907131513473264,0.004163700899743382,-0.009202383295306616,-0.04079754349755861,0.0048111876625136964,-0.003561449938854439,0.001734557438016335,-0.004625258489724365,-0.0005353402709372605,0.07896937328220129,-0.031962430342678774,0.041890987342231394,0.011005662254708786,0.002809130663313412,0.017882514633203592,-0.002768789858878719,0.02101554099622292,0.010453498626370683,0.03261356258916635,0.0010469931095458927,-0.0183799009999952,-0.010622408993887424,-0.016568671567398142,-0.04212793638157023,-0.016554773655197936,-0.012510514868333437,-0.029193539279104664,-0.04807138554561544,0.0073135604375567384,-0.00971001907866768,0.008609174528059663,-0.012059617440956865,-0.0008961238613481773,0.025364206355059267,-0.0030252883846645724,-0.008182278195031251,0.008205904730614322,-0.0013864855851260366,-0.0009512710154599283,-0.0023441140042305755,-0.010674421767870715
25025090700,-0.012322907334927255,0.0025649081865634026,0.001013862370624843,-0.04073795712233253,0.00048232934401146074,-0.019304897223875194,-0.0041679053669967875,-0.02608144825673689,0.0053863092759443365,-0.05636912558548476,-0.005968406935598741,-0.0010780440888479605,-0.006251110508704269,-0.009639906656645863,0.0018216896265080328,-0.1898084950405008,-0.17869235150599452,0.027995356876453246,-0.003794207512574829,-0.05772407537990639,0.005661205914222697,0.00586616412656299,0.011490253188163872,-0.0012588561558138246,0.009400238016875031,0.004351712075870938,-0.025723650506599686,0.013228525390094548,0.009734263480507956,0.002838350863267145,-0.005909424990159459,-0.004735747032052998,0.054715493991372634,-0.05086302771116916,0.021851034062435132,0.008238929338641832,0.004144076214104495,0.0206780405230097,0.0011596981494373052,-0.04353396034722775,-0.00619597998697638,0.029143084839639507,-0.0007730606606278796,-0.01874361662318317,-0.006259420239871332,-0.014625766533616398,-0.051016118067083234,-0.045084408872687616,-0.02109142573345362,-0.02975600334235541,-0.05427381825706773,-0.0024191858674615426,-0.009371208441124405,0.016632522592068013,-0.0007218818218554349,-0.003786607987813527,-0.0008863143580845989,-0.011974994530871023,0.0059603861892463346,0.00038245364367022817,0.0024170123946084263,-0.002815855827741533,-0.020649609118987066,-0.005986372367220197
25025091100,-0.01975096619326689,-0.007158720394056776,0.001894407774083189,-0.02425004457569577,-0.0006147061167777738,-0.02736372415093165,-0.000719648171646425,-0.01500211098253409,0.0035218033963491514,-0.02254906493725909,0.021107081175337754,-4.484325140495213e-05,0.009197222635262051,-0.02042150699782795,0.003187823554612754,-0.15788155702148965,-0.1640397376951439,0.037017646721385855,0.006169041864835713,-0.059787412971172224,0.006072305087644037,0.007082248876429561,0.00865081033010111,0.0013056990471027588,0.0066833258668146924,-0.006891517247623306,-0.03679086813043169,0.011288138040031351,0.00547339388665351,0.004923438464303649,0.0036421552548855447,0.0025292529037983834,0.09138924436988655,-0.005580188774727681,0.04299928027728542,0.011314178531288738,0.008755744375698593,0.011653948240599043,-0.0018053788929910204,-0.0034258221831808267,0.014395723659373682,0.0732882775490755,0.007186234191028496,-0.008589873166169371,0.0009133411523059294,0.0030766939380571855,-0.05561580136057262,-0.02206504919116923,-0.014043308909229585,-0.028263670089929895,0.10813217486584623,0.014568935928071864,-0.0006451272056468436,0.013107018657351178,0.0059047536073562135,-0.002691427344211052,0.030193160190180306,-0.009513011541098583,-0.019679461686941013,0.006294514358872584,0.018260066328555133,-0.0017009366156399807,-0.010465610174640061,0.005188956657463873
25025091200,-0.013180617048422058,-0.009122621417030904,-0.014455338687651028,0.0368011966153353,-0.0011007935125299955,-0.038720864549479865,0.002339019806264494,0.012319208342688346,-0.0037014952467960423,-0.011133811961293089,0.036216488483406736,-0.00026827674105993127,0.009787812863063685,-0.02229785370052038,-0.0018385517320081304,-0.15482302627286276,-0.18028835256201683,-0.09056031551912604,-0.00615172864202173,-0.07513752676321186,0.0013115994912650088,-0.0011708987289440352,-0.0016534018791742675,-0.0015510817912362683,0.008531968007200791,-0.012827920788081149,-0.04825293278028806,0.004316233929238794,0.010726193876743019,0.000510045514161843,0.008504037588556529,-0.006022534168600287,0.0795891390825899,0.01879726748245479,0.026200829224191903,0.01038987834145619,-0.014168696706285417,0.011895371084520398,-0.0013860418913246208,0.0019797131477510615,0.012144425035766975,0.055405365378956455,0.004175625006980712,-0.017757544853744697,0.0013183514561315663,-0.00786504547214116,-0.04435266898189161,-0.006930558066351761,-0.015038114557374662,-0.03082873245511063,0.0888087136153141,0.005017363920565438,-0.007195375681230851,0.0079866378256168,-0.016560575262482325,-0.004397216231633187,0.01976088718427911,-0.014708535764425941,-0.007283106068890215,0.005376186657976443,0.012831650715331815,-0.0017345365031872456,0.0016868951103836062,-0.0124900460454865
25025091400,-0.017032642354794892,-0.009839068022819617,-0.0001767541563913598,0.039648541419564816,0.0003328080940292481,-0.06936161877471131,-0.00043759641929986463,0.011345779972647331,-0.005551613415995782,0.029658447970791275,0.00012353893180999152,-0.004353360157900319,0.02458241026720064,-0.046170391066894044,0.0006168229803272732,-0.07351096838445453,0.09869833540529428,0.019002997063371146,-0.004405240355999513,-0.10644481194822311,0.004518719890326985,-4.2381492295677435e-05,-0.0020160857737421692,-0.0016644588701591853,0.0071676952340006435,-0.024094897809016642,-0.12201357270191317,0.004921551686609511,0.007917475514233167,0.005443904073623884,-0.0012220591350244764,-0.01400996936717143,0.062471502399864404,0.018677059682761902,0.025621282632295746,0.004105382379720408,-0.01837913934646725,0.008883225424868609,-0.0051308648841008496,0.009542435552048853,0.0003974532081538106,0.028954680804808782,0.000863088811526542,-0.03502281270242374,-0.002295097708567531,-0.0110335350356926,-0.03842149311140316,0.005086378788509186,-0.02664835128602298,0.016209442226763127,0.06099583698556369,0.0022599934896348818,-0.008944082577956215,0.003637642233215329,-0.000986830109185112,-0.013092206522498005,0.017731548759412612,0.01825755362195969,-0.007288337123284239,-0.004477079513287727,0.021083889328509384,-0.0036622389731585676,-0.008831905989737885,-0.018933854638192516
25025091500,-0.018017270860874818,-0.0039078465554459,-0.0006847050657291997,0.03168676708061665,-0.00023839767397020885,-0.03954296192476025,-0.001651492295963902,0.009194990568075552,-0.004972578162745065,0.016899625152677396,0.032338328467309004,-0.00012995308163881383,0.007372653928259392,-0.021995557960656054,-0.006476586686028462,-0.1383014198139231,-0.15297118737452983,0.03481581246653089,-0.00897231540403186,-0.06613442617663702,0.0030157801434177564,0.0009587713097536044,-0.0003653273431538861,0.0008174577427469901,0.005379177653384687,-0.012186171276689915,-0.042261914846008136,0.00680361493044649,0.006888583119656595,0.0025779010010446354,-0.00012496148168804157,-0.007763591056916196,0.08175743364968167,0.020149192379291695,0.02902301090140821,0.01055903272281691,-0.013506388893918118,0.011424111944088667,-0.0009648601476646727,0.010821116449452247,0.011593164461984004,0.05255599882586637,0.0016261414796849667,-0.01269316900046574,2.4891681527839778e-05,-0.014438926820090212,-0.04020922979700876,-0.009464842064364468,-0.01378593144725899,-0.03563576099504827,0.1235793186214913,0.009312873909442122,-0.006480441211042442,0.0021822232445254833,-0.003766033556503504,-0.005841611157453096,0.021946320253538806,-0.014938771637897332,-0.01343657299364604,-0.004110181446442746,0.01602375903344702,-0.003800317498155115,-0.004049738481906895,-0.01589882860863888
25025091600,-0.016756654936300724,-0.005818388361598653,0.0026075006799785964,-0.02649330162042239,-0.0017749743015077974,-0.032849438805404856,-0.03248720031519704,-0.009451125079842498,-0.004821358704007756,0.01986331221564074,0.03460725295405627,-0.0010593396400962545,0.012885612469520608,-0.01516178888071461,-0.011728679306582893,-0.1531873217222299,-0.16198622987870545,0.052003540491689274,0.006651561825826218,-0.03538464465697711,0.0005758632144508062,-0.005977556896783731,0.010855833171380759,0.0012205467060019486,-0.012895659247668246,0.0030870511952038253,-0.009548824218249943,0.009979324486760392,-0.017269568755586683,-0.017389356077933044,-0.0006858207073610352,-0.004988456316178356,0.0889198960061161,-0.04071935258970019,0.03361147277904817,0.013565122537911074,0.007565239161420215,0.016668014081496544,-0.000489383738918117,0.005758089988800346,0.013071308400533986,0.04721541383431299,-0.0018097730625501191,-0.013425409861603085,-0.047916778288656724,-0.01568883423131818,-0.02734231634564138,-0.011797569941401263,-0.0050926326874717815,-0.02392038813981699,0.15145957276144212,0.011120738088397452,0.0003197348782848611,0.01508151741162237,0.004800041820839743,0.0033647621652882253,-0.011211640433648825,-0.004495660981674882,-0.009666209882694272,-0.0018026345972380166,0.0006366026237236765,-0.002482807091406515,0.001093498223553384,-0.009398943057245304
25025091800,-0.011911934055408102,-0.003980682987198696,0.0010410433814271466,0.04184024866636892,0.0044170155930973315,-0.042359351160322606,3.395906448249788e-05,0.009729742770984415,0.002850614814133562,0.05165818289089937,0.010429255064609552,-0.0018238854825670104,0.011386613339539763,-0.029000018540428333,0.0013164063340321305,-0.13202543138531017,0.005326507807682119,0.04146912626316382,0.00835862406121205,-0.06049181809843388,0.0024556210994380293,0.0011976463337378994,0.002094763287532634,0.00356504302237719,0.006597830087597226,-0.01918968071631193,-0.05164118396693895,0.008590513634089724,0.003920380306365652,0.0007467576370521735,0.00032623358247874004,-0.0050741257584057155,0.08018972031168113,0.02428874295368502,0.03092054889153095,0.008513272079821265,0.0037332659647745896,0.01499073777317571,-0.0016903915771684117,0.014744971379243276,0.008504191515107128,0.04162742472011882,0.00213301358840226,-0.01607906243835093,-0.0018126259186998861,0.019355578103959256,-0.029161735439767827,-0.006549028199928369,-0.01586709171243148,0.024292401477650227,0.1392081002987314,0.009536249827136951,-0.0074705957031554705,0.0038606334221291355,-0.002474952419736792,-0.01017913179965452,0.027711705022437572,-0.005619836290322454,-0.010231797335376533,0.0005376819810494164,0.00626538958322253,-0.004159536604886389,-0.0018310195594859364,-0.01214334207663734
25025091900,-0.008267628198875207,-0.009584238321941203,0.0004795446593861269,0.05023943965593194,0.004958035721610803,0.04661996781800411,-0.0007156921124203552,0.003256858864516134,-0.01641160997107029,0.053134793605161344,0.019400984420440356,-0.0026176962542528944,0.007056415826753092,-0.05249093500651073,0.008574423678720643,0.15834592624748878,0.15853366982907527,0.016834457198656564,0.00257370696951007,-0.019851474820500887,0.004526440275896929,-0.007723722970867349,0.0014366150779147465,-0.00014641113445202278,0.0038569390975235524,0.011278136244873182,-0.03919785673867462,0.0009366505376448071,0.01675087958475929,-0.014917524701131682,0.0026645630808175332,-0.02140036834680551,0.04047903506289553,0.05108893191980388,0.0189013722506072,0.0011482036345980531,0.0008536905319291683,0.00499869869269328,-0.0051287377041977795,0.013965946407914105,0.004043934326768358,0.022766092052756395,0.004870000125343765,-0.01018242181771684,-0.002804818071228661,0.0008575926727324967,0.041465943995097974,0.001210378775054225,-0.018601797505729885,0.015230518359488602,0.0504370019964013,-0.002067377435236857,-0.00012214726254203842,0.0052148778871154745,0.0310315465561216,-0.0001784162479875431,0.023552331868973958,-0.007677826691374089,-0.0012305708315394955,-0.0069845241808256155,-0.001198808578876432,-0.010430528146952752,-0.00683280812193738,-0.01958633136160033
25025092000,-0.013465006227389139,0.0014263983422403627,0.003178663347612336,-0.0412628912258573,-0.0019281279158084095,-0.04119846627255571,0.0034911655459683825,-0.007531901531714992,-0.00557669676674182,0.06654456715621676,0.036657922957313585,-0.0011602256473064565,0.01673368265221607,-0.03129197240230686,-0.010237238687084945,0.1323770432605897,-0.13893635389885223,0.05095713315537942,-0.02138483424615458,0.06123990821665515,0.00035419986723828696,-0.003138849149418667,0.013272945976378205,0.00015471017870793722,0.004277957879138367,0.005529004392672985,-0.023299628150529664,0.004937608538512235,-0.043222876782259376,-0.0046293381735223885,-0.007288548683389194,-0.004615410981335732,0.07929151817683606,-0.04435560271850803,0.03873704617913974,0.013295379998560657,0.017711591800372257,0.01687061025773223,0.0012968623672099044,0.016703222989822016,0.014307013812930303,0.03314133125543076,-0.001829076428051593,-0.016002005425279183,-0.026790572103458584,-0.015362690072887028,-0.03706909082224195,-0.017288387856232167,0.0023465581191517257,-0.034649475494295416,0.14277954678392527,0.005132216019545686,0.0028556553948719393,0.016316551906622383,-0.002868155981807479,0.004145106972668556,-0.026573906391406863,0.0004479203317958232,0.006623052119924813,0.0033480005428299453,0.0033622932529427155,-0.003944680369243567,-0.0022391708335359694,-0.009455793807240513
25025092200,-0.0218721148201172,-0.00015279508465069236,0.0010125230177740637,-0.025882776956255786,-0.0017551463819154294,-0.0772828344993646,-0.00038787345494996567,-0.005531147008176773,-0.014647255422825786,0.05938558791752063,0.02070946143643917,-0.003369571774493008,0.014515123883584098,-0.04425877920019522,-0.015570213830791949,0.18154478306198413,0.12599662995103156,0.029272358977314797,-0.01870738801389175,0.06128234237947517,0.000667527418517957,-0.00635687655191317,0.005476796327903593,-0.000733850289637575,0.0027065389047706175,0.007623794749934829,-0.05777115988670986,0.001836378815701509,-0.05686225885559209,-0.008091745587502473,-0.012167140401905934,-0.0208685338551076,0.050017943415288466,-0.029775876631804626,0.019955221486352134,0.0032922638197474944,0.005583067876430937,0.009047608219988562,-0.0041843267290970374,0.017710206248888374,0.005367236594564618,0.023363989356061887,0.003701347111765155,-0.024675788181988144,-0.00613233555068194,-0.004466248178184183,-0.018965357138916682,0.00361275680852746,-0.008614669625561922,-0.036265180661029704,0.04972904216583188,0.00307186739065504,-0.00024722768907120817,0.004291712171229707,-0.009818224856277726,-0.0047644892534226485,-0.014835322693702632,0.001547875960038536,0.0005685194861709974,-0.006796119277823776,-0.00011891808356842654,-0.005415332869674673,-0.0030839116215310622,-0.001723030036664092
25025092300,-0.018002987950819907,0.0060024786776790556,-0.004064358419447274,-0.054928079436396805,-0.0018614672468378432,-0.033728858682145695,0.002323007012926649,-0.011151520020907024,-0.015388420837797179,0.06550722236822637,0.03515266591544514,0.00466219921405612,0.0016661381063859029,-0.029399518637402207,-0.011656482774901538,0.21149597929010047,-0.14315988200352953,0.053731180402245435,-0.02405992104390745,0.08018548859640094,-0.0025290176128336186,-0.006682013410237945,0.009626452206665378,0.00046576716488382444,-0.01401705236526248,0.007128021674963228,-0.03481557992590683,0.0029100016569721587,-0.05361046984853835,-0.005566838007194108,-0.00700806548402922,-0.00993292263653235,0.0834446051065685,-0.060213182022105405,0.03619872009782912,0.014165473598544453,0.015576514876133962,0.0005557004613051153,-0.0068190473774472115,0.023742972323903336,0.015380551618951974,0.0559345143786423,-0.003936681471179811,-0.021168326801271602,-0.027667526968433716,0.009539849439860255,-0.04993530149468954,-0.016285926986866844,0.006930650837047364,-0.033836290723983774,0.08202335984417881,0.0046379305534280406,0.003619007812702414,0.002038651206473578,0.035102767922564455,-0.021901812534622946,-0.03232551105035271,0.003191014726597027,0.006438870342791812,0.0029118822342865057,0.004360930202019617,-0.0018758895354293126,0.003757196187041788,0.032256339954096554
25025092400,-0.010556798876877794,-0.007220241627010782,-0.0016072091728634352,0.04201914848061372,0.006270009960974716,0.07067079432075246,0.012469395537924083,-0.0028196657255694082,-0.0027382188172541256,0.06663452377870417,0.012729633347436023,0.001015219648273351,0.016497410493514067,-0.034960352218358935,0.009026432738791437,0.20906940484941733,0.16965748278909673,0.02660384458380079,-0.021675359781882987,-0.010988955450387123,0.004865516852842698,-0.007736048589751761,0.0012269990410970681,-0.00021178377525194722,0.0037379978431209752,0.014292958163964605,-0.014252708257512244,0.00014279140830700273,0.010809632804458407,0.004177290716308785,0.0012642224244758557,-0.020038454684239884,0.06193067036788514,-0.011091338143687549,0.02419787502201894,0.004738538046742254,0.0037344257316981955,0.028841774885529324,-0.0038728466002644806,0.014138758769225032,0.011094171658517166,0.02264153013449076,0.003170242134317631,-0.0021185392976671453,-0.01663717644515511,0.0010185381467187234,-0.00838725229875231,-0.006705488876551498,0.020104971948712778,0.029124611085062625,0.0673953754057643,0.007792721152186511,-0.00756527540858281,0.009452087421521942,0.03793544659527545,-0.006950595329155415,0.03096666996117773,-0.0004891273132316587,-0.00016941583527773344,0.011437471460369285,-0.0002712510613712144,-0.004863647099851311,-0.0008353462999376278,-0.0031653469157629423
25025100100,0.03207417580748172,-0.006536784667322143,-0.000685985669593727,0.06390665333464922,0.0023046334761551695,-0.03802893691681783,0.00585439968113588,-0.000292376932381718,-0.0015094211545770067,0.06912004395663365,0.0122069573056842,-0.004702745048914859,-0.003911306119946683,-0.04190735313806919,0.005503200332899763,0.25239969659846617,0.3413038349450036,0.013485590175969396,-0.0027003426033415687,-0.14053358037577873,-0.008310382660773274,0.0015065622749378589,-0.00024451945742925616,0.0018228666763578055,0.0051181740808109765,0.007677159021003787,-0.08742259661498801,-0.009645275846254834,-0.03685430941714767,-0.0038737221733178835,0.0016178112082291707,-0.021858086089279073,0.03341222222729701,0.06546629229213993,-0.03511140377415534,-0.01552578374246747,-0.016958128133902906,0.0044559220788420425,0.004686387100514776,0.0022107514213158624,0.004960804522046882,-0.11027110769906837,-0.008456463790748985,0.051021179916104845,-0.03580416542784365,-0.004464188880250231,0.12643348140688976,0.018853667572698875,-0.027571669909226052,0.021872685743209115,-0.01651761107245879,0.006499194397461869,-0.008870392030083664,0.009198291199193478,0.01753202491271908,0.0077541424171420755,-0.012336492921423753,0.011315700370896273,-0.01465941866741602,-0.0030311038224438043,-0.0009335271872376122,-0.0009414049044747523,0.003988958310565574,-0.015828158378140965
25025100200,-0.012694089900425929,-0.007543348148366416,0.0004635245914446975,0.05165421101322215,0.001462506300722357,-0.0468279244505996,0.005216710352701558,-0.0030101548506355565,-0.013197297478461618,0.0567045791151716,0.017945776684402386,-0.00569338838062088,0.014222308454552093,-0.04915641098584199,0.0023156871216356715,0.18103538054017423,0.15739766988214016,0.016953337537307076,-0.0005126728014030132,0.0765439285366252,0.00440000841472796,-0.006884866711357574,0.0014829848385668524,-0.0006247083791900523,0.003251124999808891,-0.0002815633949222888,-0.09950734943071576,-0.001299317581477365,0.011911601812760284,-0.013403661063035956,0.0035659380204023277,-0.022084463060436047,0.04452118220685129,0.0008600969564444701,0.027135458096099633,0.0027940883526574338,0.001184993364910615,0.009258001487061745,-0.005410846648417315,0.01747109685942389,0.001997678054110168,0.023476819576740648,0.0024076556754774048,0.03790370235005903,-0.018109822872472495,-0.004557891955888538,0.026274275130787585,0.0038692924876005904,0.016390761743319382,0.011028605893798242,-0.02208149010173417,-0.001996573458775506,-0.007616093777633895,0.004660111089478611,-0.000503822215082005,0.0006776357407470679,0.027742646749822346,0.0030551449341913606,0.00011917097383335375,-0.0005147097906848427,0.00184980579590042,-0.005397659256873875,-0.001988889205691787,-0.014826151954995403
25025100300,-0.01758654294750154,-0.008983910347555442,0.002991361416108538,0.04130524232991719,2.5396253503086228e-05,-0.06988268629115117,0.0030819339171491125,-0.0041410775268908235,-0.013788373834806257,0.06366985871359071,0.02007647596979007,-0.0035739289548016432,0.010276444609792936,-0.042724377936082074,-0.0014714152030016162,0.1777939287205283,0.14470730824480194,0.027339698596235404,-0.005548400901321735,0.06293742783880726,0.006365412991457449,-0.005213654113144054,0.001222089644035811,-0.0016039257521108657,0.003906183332241529,-0.011569558105319124,-0.11543924183590046,-0.00038587223684453817,-0.038974223115184725,-0.008556616877749591,-0.008211750925537128,-0.025681702783945718,0.04629921984783653,-0.03793653977335388,0.025630860527774416,0.004444707860691286,-0.00471911023160225,0.010303365151037877,-0.003325970664350411,0.023093414761315902,0.0025380100575752595,0.03140997457127605,0.005303118761694931,-0.031235507628683726,-0.037063787856547695,0.004161353675262171,-0.035200404083006544,0.014659772618317659,-0.008587072661426977,-0.033810866573545685,-0.019066723228809725,-0.00017701439494210625,-0.004665240254707923,0.006142314651986167,-0.0012874025722751383,-0.005948341445083314,0.02366527362754019,0.0014725274538254657,0.003709974170539594,-0.0022330548540426326,-0.000211671784947028,-0.0012108297733094975,0.0033094226565212334,-0.004829681054665609
25025100400,-0.024720806675940288,-0.0038187563471092337,0.0019119891466478996,-0.02587486801526042,-0.0008861937242209233,-0.07008420229249995,0.0025959958340967828,-0.0014072362483013307,-0.013212666761391576,0.07248349215493555,0.024953382880226048,-0.0013143172052461959,0.014281086913371594,-0.04254161204661839,-0.0114965603752729,0.18229661452456813,0.1266126246107473,0.03799365399443333,-0.017727623427996043,0.058998415283344825,0.0006877793398596887,-0.005992029946714832,0.004766960869974655,-0.0007136797930962238,-0.00047239851023967946,0.00849040197409226,-0.07795398754762738,-0.0005993452552608496,-0.04645166397774866,-0.014175966588671646,-0.010682491354070402,-0.013776522424803588,0.05386668067963441,-0.028643461368772213,0.021139765173721337,0.0034774197729768065,0.0028915771398692947,0.028208451767036145,-0.00404900647392529,0.017923014893899823,0.01029789058348605,0.01994430730555398,0.004035351962529488,-0.029663120873484956,-0.041864893063809756,-0.006051120099434125,-0.034244775406441885,-0.008987890221462786,-0.012010935981434417,-0.03681711500606872,0.05750859253467822,0.002184209802739864,-0.0006826605459426765,0.005242604722138201,-0.0046015436438984125,-0.0037761176523492205,0.014312232047294614,0.001956248964710341,0.0024136066551322553,-0.0038538662668802467,0.000983863000029366,-0.0049585963747372005,-0.0019450853628195839,-0.0013431509146164913
25025100500,-0.02366560373411644,0.001457792277660996,0.0002933198518701538,-0.02735282128335343,-0.0015400872981721674,-0.053961256284848345,0.00026866027732136666,-0.0002119244884391703,-0.013272984122561152,0.05858463243213765,0.022127873992499995,-0.002276747118541281,0.013846103244948251,-0.042353882297468885,-0.012753475030491344,0.17645267449674618,0.13414982358343455,0.02857542234557182,-0.006353402068352828,0.05519586833915782,-0.0024338633247304115,-0.0059308309554342116,0.005827955217147911,0.0004495699923154411,0.0008030306546897639,0.007674124133904617,-0.08717063978667365,0.0026924308746129606,-0.05081599840566294,-0.014776367729872432,-0.010309913159028112,-0.016441919740589346,0.053789396712030015,-0.054679447852088406,0.018209098444611025,0.002821209595925015,0.003380736691792628,0.028618356335011533,-0.003398131242342187,0.023872683547863593,0.008196019219325073,0.02529191657557068,-0.0006915062332044904,-0.03218887634381087,-0.020298091318025784,-0.010607485497132765,-0.030590939773980284,-0.009578922725146233,-0.010512133377441838,-0.03780817153202208,-0.029146347470345023,-0.002204525882068679,0.004824798637855081,0.007556414179439812,-0.0035547480790542618,-0.0038856600059848432,-0.0332465491262019,0.0024255676532990893,-0.0029079191469860593,0.001380587063925689,0.002216481084434682,-0.004285298690806929,0.0021570001829522255,-0.0015645722271965799
25025100601,-0.021657663776861864,-0.0009012783701075154,0.0015838398578134853,-0.024644261274752177,-0.0017078312441032274,-0.05815424252703216,-0.00208556445786057,0.0003164809875771357,-0.01604425112607987,0.06952057107418452,0.029869123395797937,-0.0026558681689143756,0.00435858933272515,-0.02892506920972258,-0.011143881068830288,0.13746450417350276,-0.15603205431875772,0.04690964300439497,-0.011499224449815966,0.05617829030291524,0.00015451018303246604,-0.0011955198708099334,0.009730667159501626,-0.000621430649073441,0.0022054940809881646,6.55340970952027e-05,-0.03356124557866569,0.003911505448467616,-0.04442980451729278,-0.004227577596747166,-0.010157922069395513,-0.01414107771713298,0.07493945798290792,-0.04342804990708345,0.03516512905115528,0.011994502849868987,0.012590170573332244,0.020260061674074698,-0.004246674668627357,0.016984966005430438,0.010385442429292097,0.02612267888949137,0.002358824311365042,-0.0214788106571805,-0.05156355488404868,-0.016044311311904206,-0.043848357285045304,-0.018399522696253216,0.0047674901929435345,-0.039318947388949074,0.12630780128121077,0.004324211879521324,0.001746755176567859,0.010271748124785934,-0.019699229529047287,-0.0038517847494453365,0.007040905058881324,-0.0030227898754210574,-0.014625277986626084,-0.0056572150082206864,0.0014243522326001918,-0.0015949682183708101,-0.00205730250048672,-9.942130371542149e-05
25025100800,0.07433084295831693,0.020588344875868737,-0.0001110974087538782,0.05603203985735322,-0.000328159476922823,-0.03111291877936471,0.0008332233663179687,0.0035811642204324223,-0.013035623416117876,0.057837454613458496,0.013521068667135181,0.0009720891082894005,-0.00013740098888022912,-0.04785623063361674,0.008500991898505178,0.28661726592838993,0.3782156278982191,-0.039741181785735415,0.021048362292811266,0.08202014452685888,-0.009045803779854669,-0.013641695946777608,-0.003725594555045671,-0.003947158257616493,0.0025126216539534713,0.0031678455746238674,-0.023196595466207788,-0.0043028641630954885,-0.05786750425600422,-0.025681683162814245,-0.003705491044911427,-0.03861264598801339,0.03379896640995862,0.0029125972907178294,-0.04073031335672761,-0.019649945138172677,-0.017583841086434255,0.004795651068360604,0.0036785640216722222,0.011912058093440446,-0.014540142119658669,-0.11171586516177046,0.000803791974567785,-0.0029605135502185644,0.003966711246369074,0.004468677012089462,0.13359806284374875,0.07318803210798396,-0.03804637872617292,0.044752121346065946,-0.00856764714411836,0.006695233381040784,-0.013580018264288717,0.005440054811597771,0.01040902395800345,0.01919144665365692,0.01237872132358239,-0.002256641222263428,-0.000103920688771282,-0.006440753732124794,-0.02371083433643573,-0.008888255899417696,0.013830942363656546,-0.02693044646383322
25025100900,0.012070139426781673,-0.002651668897490268,-0.0020871897191488877,0.04667957089659358,-0.002855448116016401,0.032561506433521716,0.0032532114150642904,-0.0019193376096779229,-0.010052205863721226,0.05027617548830686,0.009350529871257944,-0.0038249871201885125,0.0009020487632828512,-0.046617719927614355,0.0023115052619562468,0.231809105610344,0.35381106575303745,0.014382828005805405,0.0012019990916994397,0.07650300361315855,0.006196220510744846,-0.00999927843639809,-0.007374269883989828,-0.002508929493728762,-0.011096941879291984,0.00758958231390947,-0.016068964286653793,-0.0034925383982839036,-0.03044691402828922,-0.027538218660814226,0.003179355597280847,-0.033585252225471186,0.02717871701262669,0.023689661622833636,0.016023473347801707,-0.016195425214940915,-0.014768920631522279,0.007671204315901313,0.0022091377898685403,0.013616796170185765,0.001354828585077216,0.006361327908434887,0.0005130011228879487,0.023920757632518667,-0.024503533540259435,0.007105986457781999,0.10542352426181914,0.069373827495423,0.02153916406814561,0.03199737084124988,-0.02028223801949482,0.006119105211435452,-0.007279384351088267,-0.0005752169579544578,0.006545735834169492,0.0015946996954375927,0.027724685063953782,0.013168846128938025,-0.004318466649544655,-0.01250596741588143,-0.00908343109378763,-0.013256061503622628,0.0033779166316498725,0.04769362775264854
25025101001,0.037184596734541144,-0.004259125786884832,-0.0015584725237683494,0.05962515962983044,-0.003401118174783287,0.04677948961220072,6.353828633424324e-05,0.004227621249721754,-0.009761554466296972,0.04791424388687495,0.012365483485545906,0.004643282384332541,0.002112688620039497,-0.03864018274278853,0.004710484210613373,0.20934034537194746,0.3195564223206387,-0.04206692583866417,-0.001690478986468065,-0.03658446436170838,-0.010237139451289535,0.0009523063455982913,-0.004123675279289541,0.0009932585737200746,0.004922184144243187,0.005574810908470048,-0.041144944570519947,-0.0031886184330181164,0.02853971630218547,-0.009256534983013617,-5.0692841512614144e-05,-0.023523489270893448,0.03754661753503526,0.059903071070045555,0.0007113130348246696,-0.008543332402084262,-0.01590869926402158,-0.011109494465311764,-0.00672677444422023,0.007543123473801731,-0.009259209110500825,0.007896360715370207,0.0034059005521985116,0.018074770765309955,0.0008608552094861766,-0.006480466864748366,0.08953435674140564,0.0642212526373346,-0.029311347687163494,0.06902732221422897,-0.012740153579638978,0.006007857689542558,-0.005705984836562822,0.005898890893167383,0.017362587588675163,0.01890841236146898,0.02163671278261358,-0.010752461403694947,-0.007556670621927048,-0.0032415885818602996,-0.0018256706208560458,-0.009425334674133413,0.006648194517454759,-0.03693293435704446
25025101002,0.04174027168207118,-0.004197137804015497,0.0020640004407523537,0.05210669182100363,-0.00300965049872638,0.041561223448612884,-8.105229963944407e-05,0.004997120597154724,-0.0058822387510341,0.04222154510551702,0.0030392226148209674,-0.009330010346291613,0.0011835824380291217,-0.05778081432191436,0.004042658333582346,0.16483982603976954,0.3108665805618071,0.010190339318578663,-0.00662475441991445,0.07460059747329668,-0.008021412732546683,0.0018362254272621613,-0.006141916887188215,0.0006907111565475002,0.003516314711504298,0.006421819672847282,-0.04416395138184468,-0.0059282754610543,0.02963904003694218,-0.011559351256781116,0.0005141247971686177,-0.03373893107146213,0.02466356388641541,0.06736032876761497,0.0012192939453398864,-0.012385271536704627,-0.01249174017701676,-0.00807582083920301,-0.00921310537478169,0.004639650764966105,-0.015424473822588264,0.004080325069404504,0.0006969951818387655,0.030109442395114087,-0.01108500323447934,-0.008601147210487747,0.08685867535708164,0.05099563029103935,-0.019567008417120405,0.040222445213702135,-0.01916797142296527,0.00654223898531354,-0.0123112012300113,0.0026183730518732754,0.008315159150114425,0.01134590157061595,0.01785569976777915,-0.012286456308912399,-0.007463210067649525,-0.009617479883700562,-0.004203493266621462,-0.01134596640272828,0.002029998365943418,-0.0319743592057257
25025101102,-0.008730947190996723,-0.014247218430235407,-0.00458156435726581,0.0496814949059055,-0.0004921912165956022,0.06150115612929588,-0.0007318418132794853,-0.0015091043630976089,0.0007557378108861093,0.044150126172505716,0.02394783998885147,-0.006324096180886237,0.014744148590893217,-0.05632243631376564,0.006668307677602267,0.1089886008662046,0.16707124903888845,0.0125674172166908,-0.000440258427718006,-0.10373836061934986,-0.00841257821282673,0.0023875524886187638,-0.0027934103514554976,0.00393299203784492,0.009178680979254918,0.013088088093714687,-0.10275944717578973,0.003463784659988097,0.03396720134991709,0.0012434689493607562,3.219083069831306e-06,-0.012376711060426608,0.04630855045795101,0.054825680577478775,0.018450324990041834,0.0004640748227339612,-0.01769943854702488,0.007344108532681097,-0.004062824316774006,0.006311904947072652,-0.001754336854211979,0.015913742742785425,-0.00021586928397484696,0.031472263764602285,-0.001788268620594628,-0.008627701318734245,0.01923383884775592,0.0060650107330458124,-0.022960250220804772,0.04546896432867532,0.052877981955839856,0.002220597961890333,-0.006528854026280823,0.010945052045347882,0.030634558957370894,0.0152063171058307,0.027755685179199692,0.010351116832037786,-0.007850247267785914,0.010870343968671575,0.017051861309817454,-0.007871821128486325,-0.0087026004576487,-0.015272402799602368
25025110401,0.01730230062354689,-0.003924447391378474,-0.002124236328055345,0.05642122238243907,-0.003983758083030095,0.022521851547478537,0.0004713910688960598,0.005553667297806803,-0.010210745910346878,0.04490451556433759,0.01637810411597778,-0.004454894253815702,0.005201731423279617,-0.052223151987456196,0.00416128839087163,0.1743483385486687,0.21160719777892462,0.013244666745588511,-0.0029375834108873733,-0.1309047853967287,-0.004629539016734289,0.002595075391773395,-0.00606151757630001,-0.00018477145595202307,0.006836011757960713,0.006809655408427195,-0.011267087096195477,-0.00252106740629642,0.027494106830850695,0.01161578161727523,-0.0039007546473282277,-0.025088419327375138,0.03439768166025152,0.05204867070264081,0.010496093329879061,0.0015473850137269415,-0.02009184097525807,-0.00829418010209565,-0.007153918884765962,0.0095585877827862,-0.0025339693080488604,0.012757991321427095,0.0016893066381057067,0.028457918892578215,0.00046042021737125003,0.0012580410455915912,0.08912803106376584,0.05444557299897954,-0.03373454983652866,0.02418273625673025,0.03483998162108071,-0.0011128769818842003,-0.010423875697162879,0.006458463825601514,0.020395273796879644,0.00886416902916221,0.028080609484496706,-0.0017558694907904295,-0.002297177919869326,0.000519341094538919,-0.006143885633627531,-0.0071605247880510816,0.0029617996775820436,-0.03189797764480473
25025110502,0.0027366167147473354,-0.012256835160315768,0.0015542223990353701,0.051751893913398635,0.0012349137873160717,-0.046391152404989644,0.003831444315470184,0.0028129537832068904,-0.0083251034308713,0.04878624210327274,0.026018933385829182,-0.005428114245496511,0.009300657457286386,-0.055120049763511564,0.00529011873620236,0.15521968662188543,0.16145529789713078,0.019907097483832136,-0.000539397926226761,-0.0854685034912712,-0.0013648328349607133,0.003142529273555921,0.0004943066440122545,0.008458897600178374,0.006701429110692333,-0.013129564517044024,-0.0010935007927804724,-0.0006750932613230382,0.02756402214348043,0.012662928547859541,-0.0011934131735360143,-0.02874106413808852,0.04416234487400195,0.052504442455378025,0.018101720794020813,0.0020676478126523917,-0.014265148806360484,0.0033646173595109634,-0.0059895678924168725,0.01709899999891508,0.002671706036746943,0.029394911936420187,0.0009437913149567576,0.0349076240092441,0.002483032571346117,0.003878830808812593,0.016887172151334475,0.01507367801781263,-0.019410155785746366,0.02064166005871434,0.09006492251354818,0.0012392281459816883,-0.010939623960897146,0.016390508199513213,-0.00527059264512351,-0.002548573062238289,0.021533077010470563,-0.010601671734179847,-0.006672808978555681,0.00950165894779595,0.01079279260559248,-0.006076564650260216,-7.415477463931363e-05,-0.02439240148705701
25025110601,0.049431961107739536,0.013651665053580477,0.0002914625205581976,0.05680000635700099,0.0008817474437028034,0.02981310050224757,-0.003696510685365357,0.007269953619943644,-0.01080095373479448,0.041473102060249734,-0.0049125404481365825,-0.007745511999900834,0.00020943897956246957,0.11588028648984106,0.002393529786790796,0.39693341052404474,0.45599574744847887,-0.04003225089860272,0.013756273076128351,0.18065853630793643,-0.0034727608164391616,-0.010179908086693425,-0.006754192980100199,-0.0006338791584350501,0.014910404189873782,-0.0026918367574811385,0.11466745776581323,-0.005354514121458637,0.024454729574016038,-0.00985601835564675,0.0023454167907490868,0.008369083682219546,0.019162697192014924,0.05088187669308153,-0.0029522882392191163,-0.019122228607498445,-0.017842041899933415,-0.011492777802229995,-0.00711853082475019,0.0038711109344930295,-0.010705954096785859,-0.05485288789762625,0.00398747950616497,0.014625580408358565,0.001408779552539124,-0.007472499977204621,0.13404265545639982,0.07500946198677216,-0.015523419075653586,0.07485370612336335,-0.005998654937451575,0.004591057734041423,-0.021115032988039135,0.0008464206846387348,0.014343854799808518,0.018083648300401035,0.015559459912027205,-0.013522638835174055,-0.0026820826631677327,-0.01241816017344522,-0.0268387134394847,0.001205922869634487,0.011083157310607189,0.05657931013629946
25025120400,0.011813483313680222,0.002066016877862751,-0.0004900221278802387,0.07110828739026373,0.0014398027840753322,0.041018847709407495,0.004748033196025722,0.0038699345311513345,-0.011978833626220927,0.05363072708244751,0.009312010139132942,-0.004713412330503849,0.01584148998118931,-0.03330209739780165,0.017250565199728018,0.3205107537689011,0.37538356350524443,0.011481752657043267,0.00044997861210958364,0.12432353358829448,0.01592796846802081,-0.0019501111203360677,-0.002765609463593573,0.0006192696386845671,0.009353956912333128,0.008032598528907538,0.053089406670940774,-0.0008577521956690941,0.026445035663933008,0.001971195899184615,0.004744959457120907,0.014984172711918561,0.046671685019921534,0.07592800139649312,0.017386961580055572,0.004211524976029836,-0.008683621189560837,0.0056684014858570594,-0.0051594941188052934,0.016755328577542892,0.004891774976894451,0.018917760728394926,0.004838938275819686,0.035404782169634434,0.005785663675381052,1.8669828946944978e-05,0.12688562435794526,0.06726665474856286,0.03412650243765552,0.03400570200580441,-0.013452864657053028,0.005991961598906037,-0.0075614865260377985,0.007397826386739497,0.03304985850561404,7.433560174378127e-05,0.026833786353286683,-0.000385010144604508,-0.006386137548537029,-0.0064843147334844925,0.0020153185868379605,-0.00990095920035111,0.007638943419194837,-0.01597948840340836
25025120700,-0.014992430747008378,-0.006796921976126759,0.002778271896569696,-0.03899339064273211,0.003846734304901389,0.08317093597519536,0.007426853092406025,-0.002028752607126515,0.013230461347794457,0.07761656402361747,0.0022065051749878247,-0.0024620117888697187,0.019319786961705616,-0.027401272922294325,0.013763607065172238,0.18007670359679834,0.2145848285738241,0.03810845057279726,-0.001722430705265392,0.0056731129691614144,-0.0005836380679241063,0.0016222335095207215,-0.0027993220750470358,-0.0008948317587529114,0.010293723492343315,0.011762149354869472,0.1071069629141663,0.0002036141675938295,0.017963728565640328,0.0014920835808973445,0.0011894995051072884,-0.011335195620243578,0.057325209730819025,0.05297971625231646,0.026284444982775983,0.0006034865519360692,0.0028012449658638477,0.012724008423432492,1.1174210689258903e-06,0.02951164876408142,0.00639243944811885,0.01718809215522564,-0.002024245966252348,-0.015350966179963755,0.0006474466337316362,-0.0009800854629641788,-0.0025399142817592625,-0.021606656298541943,-0.014645884229988047,-0.02712586466315305,-0.008138738673266286,0.023703942293998644,-0.0060955432998596685,0.009447371393329908,0.03900709106689921,0.0015409875286070277,0.022653043932214574,-0.0019494031823502572,-0.0014820110341122355,0.0009549970698332934,-0.0012806050600065496,0.0010435746067084472,0.010889077834934438,-0.014180084211362376
25025130200,0.05051204975656917,0.0029121431075368534,0.006626577308982537,0.08058957145998147,0.0005982588899530796,-0.028360138150919034,0.008293500769336992,0.007463820189711622,-0.009334758474751417,0.08152947355129948,0.03443136071762488,0.008379231500277081,0.018472351560411757,-0.012846341101136442,0.017402204335577615,0.4828798585978222,0.38451225154469654,0.014867014860301096,0.006321722420066839,-0.006395820240158141,0.004769110388885527,0.003861553987164561,0.01699776893291475,0.0017230989447211621,0.006879813315947351,-0.006506618773005872,0.0031421181070934085,0.0012106301301021522,0.040580591282205355,0.031612900325827024,0.0016601854967059975,0.037870753367422655,0.07625958898650616,0.09081559042984434,0.012994681580263037,0.0025219278706252735,-0.016236801251858446,0.012381293572367863,0.011328273341279317,0.02703577942660023,0.0009544112551438865,0.017956655825028044,0.0046182057865200065,0.05383395287903365,0.00046847475513057897,-0.0014066113074667538,0.1552150472718055,0.09347085682603197,-0.021397717551348353,0.08672652340496186,0.06422043159950375,0.011627241487712396,-0.0038370949322991178,0.016469017926271947,0.023668432186751475,0.0014670463796727035,0.04860441023317983,0.02037909826682723,0.007508520611089165,0.018887840907939962,0.022613457542889032,0.0021504334585770615,0.006721816369382358,0.11749071334787009
25025130300,0.0585997767329631,0.005297864480214894,0.004024492356042426,0.07966471877725734,0.001255299478388102,-0.021682414124496,0.0002435876935522115,0.003820365045492312,-0.011719317011330097,0.04690291048956561,0.010881411689152284,0.005181478099844483,0.004544350428744246,-0.02297584014346719,0.011785732321908894,0.41933768720381687,0.3723835369301608,0.012601079923753894,0.0024645970437639107,0.06243384467668157,-0.0011860766531328372,0.003390060167903224,0.0017780997588535729,-0.0008940973036246023,0.008700811563093854,-0.0027635246873536144,0.07266451803226559,0.000351406874259217,0.04026902771804716,0.029759316211887765,-0.0012646636954046302,0.01985561575644639,0.05473806378427956,0.06814708600331713,0.010341343894042893,0.001948821083241657,-0.02119688718641283,0.0033872787916396424,0.0038924052273988474,0.007947864697020236,-0.0032315047349219784,0.020788410557232948,0.002097561285290215,0.06405832616007599,0.0020032545177481693,-0.005655944508006977,0.1272733230930048,0.07797501580378317,0.001200443034781875,0.06391212185391405,0.04178616000999832,0.003997753897359738,-0.006214818301162555,0.016967487329909263,0.0327449722166251,0.017673885687699963,0.029126129001990627,0.015130159625221037,-0.004710767485473746,0.016296083051794877,0.006516665704938662,-0.0033154193167243586,0.01215482196892812,0.09599603876471038
25025130402,0.060552142970612184,-0.0011937143645604567,0.007525512502781531,0.07970808442684325,0.00814259201977809,0.032712042188613885,0.0062919328781575485,0.0046197186422931675,-2.9399297326721126e-05,0.0739546825417193,0.05308319087731669,0.05976175478789751,0.02373251011882498,-0.01935117612633307,0.005602680349933593,0.27732975612855615,0.46410089027350754,-0.035747111496728545,0.0011591379180465604,0.18913624814534594,0.01031837410010846,0.008703422320235063,0.05080244107567395,0.024752465203942538,0.007711099900863706,0.006439119668681255,0.019885837970685535,0.00443743716617525,0.03690258952722947,0.03621053447664313,0.011241798385865743,-0.013950366784538345,0.03628479811233747,0.10781809608353302,0.04238148384604194,-0.01374061643846808,-0.00783009743019197,0.11374638788679071,-0.0040047238458039685,0.012553816695837302,0.0033408151391005015,-0.004133826567765501,0.0008796479149346361,0.06268310937531917,0.00023841560228473515,0.0008744308189810521,0.07985381730318385,0.11349097996309986,0.02664865693564115,0.06733222436407771,-0.012442262698550118,0.009583123149028464,-0.007802431650867421,0.01673212479574962,0.023979973266826517,0.01019269462463675,0.041686905850046814,-0.001772606377848527,-0.0016599581891920266,0.008188714488694711,0.05383570690382196,0.00812489682695966,-0.0017214769519678804,-0.013335059644451914
25025140102,0.04757448884749881,-0.0042618367237736215,-0.003176048874739635,0.0645395803234943,0.002338275843185888,0.04626605396206197,-0.000864326578208789,0.0013271482266374638,-0.009509864257739904,0.05553731324012812,0.008876702235876407,-0.010755179375584267,0.002307967713669651,-0.03544170335872352,0.003707532606604639,0.2685092646195726,0.3785481193994169,-0.03880351725034878,-0.004306120132877008,0.0834126177983124,0.004555079274632035,0.002674526721963774,-0.0014522907475147983,-0.0007125966767685567,-0.00204338707320759,0.006968895473818295,0.07350064077626134,-0.002602309233827268,0.019600422252255726,-0.0025085528183255673,0.0040792895932501285,-0.03279702643168497,0.0369307247307716,0.0862068727661907,-0.03188532302619896,-0.013645235701442172,-0.018660492481976876,-0.0020946479499036287,-0.006097824340419088,0.006214139843475501,-0.008094770224938735,-0.024947413860486673,0.00434951748475956,0.019274290195063683,-0.003440359974087129,0.0013740647083476782,0.12150988418906655,0.06394290708188592,-0.01946440109356039,0.057099804169948816,-0.0173590082338748,0.0055159414231694005,-0.014152424226363732,0.0016759567809223892,0.003476687748499127,0.015463457711638,0.025162158133845657,-0.0097338925914444,0.0020309464688111362,0.008007390264023443,-0.00693114862170589,-0.0005566368166525992,0.007138044044953078,-0.026548086240812563
25025071101,-0.017287574212401104,-0.004593554008262622,-0.0010585735635593799,-0.031497613780172844,0.000652031051571197,0.029582585439259936,0.003686703188726585,0.011756143772252235,0.003283970266602389,-0.052168851187593505,-0.004416452993859788,-0.006585802440352252,-0.0022911071266244172,-0.0159314913097205,0.006249585501925804,-0.1599398230249258,-0.18748612726999558,-0.1014723756163758,-0.005126706284099987,-0.05877904549618566,-0.004264393224544234,0.002100594559822498,0.008200612397699893,-0.0015063649247615666,0.006931057813019352,0.005407859469140078,-0.03587390254133715,0.003012451000129194,-0.020846047399016562,0.005690469983898185,-9.29108249763143e-05,-0.009530754283958361,0.07296983821119372,-0.00981231813469396,0.03370248720161306,0.013282312633841935,0.0027197191143827756,0.013495196960886798,-0.0030877414863832646,0.029420390284339033,-0.020462861113466835,0.028814993489597374,-0.004423763819195777,-0.010812994354364001,0.013006656401416695,0.002476684002338778,-0.05299683107311466,-0.03432594583179771,-0.013373474718994936,-0.0233228333427761,-0.022870763446380216,0.002086131108549397,-0.016097717785620892,0.01552256828132519,-0.011978583601698461,-0.0045132672344941095,-0.01840793252260081,5.293492568701855e-05,0.0034863798373421058,0.0005790074838372439,-0.0022731670953075643,-0.003941260171465649,0.004833457743786699,-0.012542618473687688
25025000201,-0.033293988673754514,-0.013006881145124828,-0.0005734707112237762,-0.0481471392568144,0.0033486072519648387,-0.007747031360794955,-0.00436282219005061,-0.0117524488072887,-0.026710929010871375,0.03951684460060166,-0.015448932854913385,-0.0029466339952174342,-0.01434924092478228,-0.03801525921861397,-0.010531903219724845,-0.2854082488482664,-0.303947900464683,-0.11517158841075359,-0.009915605755040264,-0.11317268866489133,0.0008902481789772237,-0.015255727538018512,0.0053665328382211065,-0.0023851987024917135,0.006763622548757416,0.004501686661128513,-0.0098937070299503,-0.010972290034603269,-0.0016937431655643885,0.0011509182646111543,-0.013453448284215902,-0.031091043530080333,0.04440920118222512,0.03395555039994343,0.016693142345976582,-0.06082002185524757,0.0028219201852699716,0.013281517429422927,-0.014603924818343496,0.010900263138787851,-0.008024651789574906,-0.33098163540233755,-0.002384759403342918,-0.01652956222182488,-0.004754354523922457,-0.0476797025648178,-0.08841865767849368,-0.01574124968268732,-0.016328425945027314,-0.041658513620398616,-0.04058283414586312,0.003296849382805883,0.003598867551338217,0.004135117707441224,0.02599129578147849,-0.025485652414613827,-0.028440605260982035,-0.0013777549929144596,-0.025729866407381275,0.0007468130500109159,0.011778886724210551,0.0010997711640429518,-0.08246243134476111,-0.011516447165613938
25025000202,-0.02460720618189255,-0.012631676455293034,0.0004498931513841134,0.020129250928163766,-0.0007490107154994552,-0.031108795543953887,-0.0008514032766943153,-0.009726315905838641,-0.02658416742264595,0.03623941390566725,-0.012616899265361095,-0.00315669686981919,-0.012294333956564547,-0.048477862202785535,-0.008609054531559614,-0.2810240395865598,-0.305600614156033,-0.13566150062581558,-0.007723740613824051,-0.14202393405969507,0.0004291401995293647,-0.01351285242357115,0.0010431565006796945,0.0005722016636238729,0.0034128006046980157,0.005545977834359334,-0.007450085771397921,-0.018424020458286453,-7.194999268743625e-05,0.0004409401477820046,-0.023485338268853476,-0.018025752415512387,0.042411121753118446,0.02540448588627341,0.011076843582870704,-0.05072787891244336,0.0010766630963433164,0.008886868426151141,-0.014760273182505192,0.013805344367946936,-0.006479971268037806,-0.33320215958409144,-0.0007391238607149575,-0.02126636617516863,-0.005532834599453212,-0.08306334788281075,-0.07935288499878876,-0.013244306549082532,-0.01810407990968527,-0.049202604261611396,-0.016533901496173658,0.00021859428608785595,0.0010603366513472505,0.00705268303491367,-0.013500535755273548,-0.008845092488516284,0.0105663422222888,-0.012495789851904339,-0.026108067830276797,0.0009597522835078517,0.01358621564932657,-0.0003974875039638948,-0.076145209892418,-0.014099705420497188
25025000301,-0.017350742533748548,-0.010063047407528994,0.0005753374095046332,0.041420377050205,-0.005471324064094883,-0.008213057648547328,-0.001101489965922412,0.007912359457954156,-0.022384608414887534,0.030727002178833288,-0.0019276921675908361,0.00034338930355807585,-0.022501559406387674,-0.043125810651889585,-0.014775576301224384,-0.2715972774374708,-0.2933432990126806,-0.11598322179944046,-0.007571222372360421,-0.15940125592823373,0.004043025850975298,0.003760358367893299,-0.0017509733051457093,-0.001989370114540808,0.005723806163482165,0.006071744071618022,0.02287017294905033,-0.01743090211382161,0.02593966402367443,0.0014034162463404853,-4.4083505951130484e-05,-0.023767098198870625,0.03518014311237921,0.023967955163109053,0.009212177072953529,-0.04535812326160801,-0.02212762603193636,0.00873040917797545,-0.013047221970997093,0.0037506244518623957,-0.003037795232691782,-0.3257896546105958,0.0009453373295326935,-0.014560665180134148,0.0033260919535943235,-0.08656332093797016,0.024804145146905772,0.045080200029809274,-0.02312262589562561,-0.00014835084578557184,0.04586472700408423,0.0038991117338218807,0.0003050795693161177,0.007541486787848969,-0.031391133246591985,-0.014877673651807768,0.02585302718084218,-0.012678696629098974,-0.02573292750270267,-0.0036452329297222575,0.008468562318731433,0.0025570556083413312,-0.03499887590818839,-0.01903678334484488
25025000302,-0.004618329933698598,0.0024869901172660217,0.005677946887245246,0.050713362574337374,-0.0015339593179138984,-0.03223383816058021,0.0030378333805676553,0.005862943731035049,-0.005602063248416318,0.05440788458627538,0.007455121032766937,-0.0006120832730515975,-0.019990581335639104,-0.060836168815723096,-0.017094114743565852,0.12933287815194056,0.15116432097990562,-0.06110759344690604,9.433942299090698e-05,-0.16200246945416794,0.002917509628982055,-0.007404655628065213,0.004333076228552897,-0.0011789074229469963,0.007154634757735389,0.006104884499162725,0.07449652906557455,-0.01460628603817824,0.011411238197295986,-0.006424337237946924,0.001754846559949005,-0.0005431938772751501,0.03947378612432286,0.04166227568774747,0.009850550289123461,-0.023504094014703804,-0.015458447610089087,0.00029373653389976496,-0.002188100751646035,0.011549820587198069,0.0008498551713190362,-0.13397640620991383,-7.239899579498821e-05,0.02180265416516327,0.007109877832003975,-0.00013196148825842945,0.054660601974107416,0.07568255943864165,-0.03579069743945149,0.004098971857837153,-0.014811800226397668,0.0005767531149547756,-0.003588086580152981,0.00828870585043973,0.024544750304121808,0.0036878785416688546,0.025529272730509128,-0.002227305434304325,-0.0048566493162262745,-0.012064518584115906,-0.0016045021164285544,0.0021170498116487766,-0.015985769458074953,-0.01972781417964813
25025000401,0.002842702416464942,0.010580840503824154,0.0004490321092156195,0.04608561992036255,0.009321577768413733,0.06760785207063481,0.003201164228359326,0.01586519111592907,0.006786277623273052,-0.006641606980539369,0.0021214265248315897,-0.0016967780871379942,0.03646632079415401,-0.015582025040427407,0.008870225336906542,-0.14981913263106045,0.05215014818663186,0.041063836644186495,-0.0009334997872821997,-0.0365847357979765,0.0032159744071564625,0.0017343811164503436,0.00948040839364907,0.006302581561062294,0.008912958902424085,0.013243421493263071,0.020106715794746106,0.014311694787298337,0.037527134633298986,0.013300256803838681,0.006313937967250293,-0.0164465344527731,0.09654342189955849,0.08494788793104613,0.03511334179358715,0.015895119875905785,0.008083877854815846,0.009727583954451394,6.168758557862058e-05,0.02428644384846915,0.013059142344748548,0.040615402409643044,0.004874949692917279,-0.007771177692678136,0.0007971966596550611,0.018201629318855026,-0.025094298920781733,-0.0005348652188018242,-0.007277942146099148,-0.035066747650671824,0.1706149647718247,0.02075385766332102,-0.005257525204459621,0.027283832198967968,0.03679389629657901,-0.0067451243410881125,0.04285699854017723,0.06603499282666495,-0.0034903628289367906,0.012969111949286063,0.03274597049581066,0.003578897075437245,0.0046878446016857915,-0.009522669570378254
25025000402,0.00394970695220008,-0.007376981555435216,0.0011603282565322737,0.07272809092943916,0.006638218259413944,0.05128050884019474,0.00017979016373190953,0.005515901754167976,-0.007384906144659284,0.05944775128020751,0.005030973346154174,0.005021903833443285,0.004641745189211263,-0.04900309249649101,-0.00600868206619455,0.23894170864052572,0.2988192364622329,-0.04910602832455185,-0.002940035111576132,-0.03490173697293021,0.005563738763422708,-0.007137008342730811,0.014976101487315291,-0.004581844980020469,0.007883110021633812,0.01098000518935551,0.10751926231797372,-0.013327949631780751,0.023718518958738895,-0.0021066194476384776,-0.007723680540704221,0.004796247202078592,0.047764928769038505,0.07906130459044702,0.03689214748458795,-0.013350029174220665,-0.009518262975404278,0.021974244406680648,0.0018698763068472706,0.01820746503348391,-0.00025108699521758486,-0.12429377819652333,0.003091749325083821,-0.023807253003253183,0.005124568243007746,-0.018025040748375146,0.07450888128380061,0.0771457806559628,-0.020825264708989863,0.013897607463900173,-0.012784782667433468,0.0063992235058716734,0.0019418507281661207,0.00835984784811161,0.024470727227747697,0.005658216819388068,0.03527481870600697,-0.007660649851330755,-0.0036653892466247985,-0.004508513983198543,0.034955858957381764,0.00229717640611738,-0.012555389560860223,-0.021582101670673176
25025000701,-0.021497153891258614,-0.01675145208843065,-0.023078764452952025,-0.02184392773253504,0.0011212681261529407,0.024719451068058597,0.00106330415495999,-0.014889526744449474,0.0056154948425263486,-0.03349689474610742,0.008206675460991143,-0.00032798702673828066,-0.0046293933051361705,-0.020703527880351708,0.008920485982607737,-0.21919280977983618,-0.21882725469436143,-0.10828804402804777,-0.008065784952112695,-0.06810890553988291,-0.009070348855072742,0.010831472202347914,0.008434295198787564,-0.0004976722728762869,0.008370772894912169,0.0044736198558480746,-0.018020145220258823,-0.03132427707203892,0.025003884539429953,0.0019725313142873345,-0.0011941896484140247,-0.0030834284955706336,0.05685330528674516,0.011048703016149764,0.02491646240813776,0.0061481225435087005,0.0011525188284944637,0.018361255380663574,0.0004539339826265968,-0.04645034174894409,0.005585860632269718,0.043704669974755646,0.007375071478226996,-0.015447846944707657,0.0017341764831507345,-0.03573136259218063,-0.0641862503248513,-0.03583183570258996,-0.01714243327916419,-0.04198774982579837,0.0893193650864589,0.0058903642913352055,-0.006298422958096807,0.014553486418686687,-0.02611167110518718,-0.0013672849867940645,0.03309875747740666,0.055517105791504893,0.0036118545814589125,0.006454449321308921,0.00789294225792479,-0.00016194234859951036,-0.00012639068143208455,-0.01080320588474552
25025000502,0.09054611459858616,0.012289462812852332,0.011231797350254254,0.09245377964994944,0.0017912442592905088,-0.02821878181759623,0.004293906780875797,0.01224486327599781,-0.013599051167611582,0.08463146615818079,0.055318320400579,0.009275232091040647,-0.001367413966236838,0.26304035630304,-0.010190664085572431,0.4533622082591552,0.35224918722364656,-0.05423347970155583,-0.0026141845741596515,0.1988293691070781,0.002702132783288925,0.007985251170402143,-0.0036243329209850075,0.006602445621206476,0.0034433496470831736,0.02925001759530557,0.16006830339968606,-0.0031869511723927103,-0.04092455998892031,0.005726719657582152,0.004870650896327082,0.0433467201923477,0.03803494359044711,0.10248113110016493,-0.06782263462478665,-0.030312473307495955,-0.015575421167443813,0.016275627275927067,0.00431300590080259,0.028598522706736122,-0.0034304577297304597,-0.11397457582480108,0.00214186532119638,-0.015981815720046158,0.009432039680626758,0.013938472383465274,0.026149500120280635,-0.012943421187243488,-0.013862096034287182,0.0646909721318333,-0.018548705160659155,0.01099156637002018,-0.017089429630839703,0.02484553800220766,0.03923281686672075,0.03838956340956901,-0.025929217142832313,0.03740985653589641,0.003117842849454726,0.0024459596133779246,-0.024099204545595786,0.02587333466133831,0.015289372851912807,-0.0247840834333926
25025000601,-0.029642469247035716,-2.0944894809990608e-05,-0.011509308249042002,-0.033295616777699176,0.0023947820189851496,-0.024251088935864838,-0.0027709514283045878,-0.011463572486442683,0.0005526207449764227,-0.016369921242731848,-0.014077235538534507,-0.0011454045170031237,0.004076274871108841,-0.03471976182750105,-0.0039035075966731133,-0.24529269186512595,-0.2712442466412878,-0.12105297586116254,-0.003041030679057086,-0.09036870903612527,-0.005541843273776226,0.007919352231241605,0.008334760166074285,-2.0152105897741252e-05,0.006633000607551095,-0.003379944744637683,-0.01599579103660489,-0.001007300123274325,0.006731055164981901,0.003915476033379905,-0.006937742694301007,-0.005154378001953408,0.05408051558919492,0.021413367265617385,0.016385311986744637,-0.04106259074336122,0.0031929715990533136,0.014945441831474875,-0.006426166095742342,-0.00631720184465952,-0.0102147570066505,-0.23970105445075174,5.529148304445181e-05,-0.018388383128166954,-0.0026966137106153067,-0.07013502074299141,-0.06422752544081105,-0.02385246685223462,-0.024588060883472426,-0.04100815470385549,-0.0267551700882739,0.001945179313392133,-0.006595356753297117,0.01827552820945132,-0.020366416775264816,-0.009446695722067694,0.0024728265835286863,-0.01127901987317195,-0.023626991335163047,0.004376336827433575,0.005313647526888983,-0.00017948534439648502,-0.06104790913361228,-0.006880705441023626
25025040600,-0.007742826541608057,0.01596683163653142,-0.0144846306902396,-0.09743157443479818,-0.0032535545811109476,-0.031684427903681936,0.0007681698829981845,0.0005654977169173884,0.003051259162647973,-0.0663494229275258,-0.009767329417835419,-0.00036378145850612237,-0.00734250721749949,-0.016471672290414907,-0.01465977174928281,-0.19659805341979564,-0.22549777086408504,-0.09602902680285498,-0.008139475541919537,-0.057109493753578856,-0.00018280260622263167,0.03187432941792759,-0.002863757811375323,-0.002442390434062625,-0.03337281185587273,-0.0009054578829842615,0.019398583607067685,-0.002662744746718078,-0.03541499876535629,-0.0007775392098471394,0.0010428873391230109,-0.016236665775969765,-0.18986564257358768,-0.09666485810609426,-0.06874339313265747,-0.030196371483846525,-0.030822201130774923,0.016730355172452284,-0.008036142586834365,-0.12199361127647723,-0.017462067177353716,-0.04695059686278681,0.0005427464527945564,-0.01982233570445249,0.008174943579106623,-0.0010482361845914328,-0.096998127851126,-0.061640563428347964,0.00023913553130841298,-0.0356528922997653,-0.048607106566903376,-0.02861000508574068,-0.033409069811321204,0.020931849188777406,0.020944284989561683,0.01243183464734706,-0.02719251679850372,0.027818943177787592,0.0010810430071233228,0.0013124299574332164,-0.01673569157339248,0.002031399584602526,-0.0026907329304009017,-0.009437650216578155
25025010205,-0.016911857616442177,-0.0015242010429796433,0.004879211675173774,-0.04554146396888396,-0.002215380693607158,0.029979230967198466,0.008373043877459395,-0.005352816825727504,0.0054762410431806645,-0.04383054034589593,-0.005326599861770284,-0.0030178063176025034,-0.0057143288503480015,0.018915937497030216,0.005117279267588975,-0.18009986441651898,-0.19076853886493833,0.035154890510123285,0.0035675260833125627,-0.05079658211976963,-0.0044777746923433176,0.0053577559169823786,0.0030058651935103865,-0.0019829594063571865,0.006546102220822636,-0.002988314193046432,0.03968303065174877,0.00795670006366585,-0.03218498887098667,-0.002612257755962384,-0.004186078096573176,0.0010565925067957545,0.051767922823429825,-0.014990288645447282,0.012895867858739469,0.007724371362935333,0.009579179944643908,0.0054073670909489,0.0004649998618984319,0.03335738095629852,0.011847827919351838,0.03836395503575827,-0.004029207654956659,-0.012664656095974587,0.00964986764420875,0.01128578206933542,-0.05706052183494037,-0.02638263971817763,-0.021903572537961425,-0.026855291987336535,-0.02220055031469657,-0.009133397711365673,0.005334234777209863,-0.07940865984931239,-0.009486692466998759,0.00035955881079883275,-0.02134914200581938,-0.0008994791010353093,0.0009089349472527611,0.006889925321990723,-0.01582179552357025,0.00012222116729902969,-0.0015675030821756177,-0.011207304567648057
25025110105,0.05568776168929514,-0.0073342217504365065,-0.0009374737821341899,0.06590457416679193,0.006344893874653881,0.05664846721588977,0.005789922991987699,0.00492150735183597,-0.0025912923844652156,0.05758099883202615,0.0059266384862773054,-0.00324133783926944,0.00872212949204623,-0.034860522574849194,0.006107754064182344,0.29603640979683477,0.3486337073153337,-0.042430341890470236,-0.0036573500988896853,0.1383090705756442,0.009236119317841867,0.00736582216708522,-0.0036861032056058314,-0.0011485283314764322,0.008447624332905895,0.011477310883973083,0.0945076162706301,0.0002925213548528965,0.048784954062011894,0.002053196546979412,0.005764779042729568,0.010758925867991669,0.029953167442183886,0.08093200789119755,0.025750563971962813,-0.006221516984649611,-0.0180531347548235,0.009287618695127241,-0.005259726048606333,0.010039232687614492,-0.003753007332348321,0.015455769884762662,0.000389824683855211,0.04319329300773265,-0.001581595321812246,-0.0012450541809959335,0.12285002425678516,0.018633806683992983,0.05689486241092665,0.0429975381842247,-0.014179900288843231,0.004930397442763488,-0.01184789989397157,0.0035275229202600955,-0.001373421492019856,0.02707568342933163,0.02595990644710635,-0.010409027059942804,-0.0013290860270117584,0.011667909170253532,0.0023978594023547324,0.0032060359163246397,0.012213602709609974,-0.030658870914496823
25025061203,-0.012482299119522092,0.014032955911639623,0.0015272055998067822,-0.046541200150098466,0.005747285337258673,0.03789441241570124,0.003308291033527301,-0.011800978348796343,0.006012260718331496,-0.06671023046900512,-0.00419693080218843,-0.0024281038355197467,-0.0012144313580084076,-0.010613547955501366,0.0002176037942310657,-0.1717032376918095,-0.21547515140582044,0.030557448746637923,0.004476541537228123,-0.068947707595883,0.008744361602251062,0.02404462516097675,0.0008871050307504999,0.002166485694121987,0.009136023119766428,-0.002248612285611425,0.02332830460530886,-0.039286742503720884,-0.03364301076001918,0.001822251469172914,-0.005388506907484303,-0.002041967578046269,-0.1494353412901492,-0.09043831177662957,0.01719373595362744,0.005921052502496771,-0.003864454035278296,0.01208881412106167,0.0002737458405631929,-0.025066509510709326,-0.006368305348045835,0.012108013440461902,-0.004495057514781103,-0.014894893930413027,-0.0014118544509049672,0.004949017183088011,-0.06458907236152153,-0.0341866919744963,-0.019453915483218162,-0.032116761753463,-0.025498166913696458,-0.0009202098489610365,-0.023060542191568115,0.023617135066367798,0.01052611847252873,-0.009459358036566346,-0.034412039130001994,0.006154170241868077,0.0015660163918080569,-8.605206346472697e-05,-0.01121380091732518,-0.00022194159543964488,-0.008826338249588322,-0.00798376685150847
25025070103,-0.007892821184838012,0.012612180631114725,0.002690327176836237,-0.06492390459085198,0.000798928052576297,-0.033622051491029724,-0.011923393245468442,-0.0012194113536864103,0.009515652063680349,-0.05247130385229174,0.004504487855831969,-0.0007650981848543228,0.0008347197176494079,-0.006590115269131187,-0.006147498453238231,-0.1784212074645611,-0.17478090308894112,-0.05085852447705147,0.003980430919398032,-0.05577333949843565,0.006660319588447149,0.037316955479544896,0.012298384500882095,0.0034904700651062887,-0.016575430618518353,0.004078592274474656,-0.029309334763679053,0.005093436042590372,0.004427514960821943,0.004608803193326562,0.00046356815315808504,0.004655348725126851,0.08104591582298978,-0.04882820710300282,-0.03726519369230001,-0.01400825552477812,-0.01270028354874653,0.04580717377680797,0.008831348158379108,-0.06846564198642732,0.011124612854835014,-0.1444024246836209,0.0015463161275349037,-0.01306057919712313,-0.004028891165699918,-0.005676523636481633,-0.04415535609544686,-0.02645441874467932,0.002993246507936251,-0.020408005677987052,-0.026884154706412786,0.006505272276975219,-0.009347687913236079,-0.00935542036227284,0.02635433577167271,-0.0025155304195450317,-0.021879194575194143,0.033723178015165375,0.0064382163750635706,0.008894457582519026,0.00694608567073305,-0.0009731771865164148,-0.027830056935851624,-0.005688671179543957
25025030302,-0.014138507285574918,-0.019906334004803117,0.0016705757437342835,-0.03692370407302633,-0.0035763771537565174,0.05038099388660468,0.013576096818803784,0.008363925791527204,0.004953512498569582,-0.045882240415182476,0.004895013756240493,0.0042952940610196414,-0.0010232474608381581,0.07813681977936167,-0.006857820442166837,-0.18381249310017,-0.21274650287057975,0.03716108955949689,-0.003105472125792179,-0.04258013718279211,0.004738362963003704,0.015698955939635304,-0.001822999958654976,-0.0006224349699168511,0.008565262850702964,0.004436547207704857,0.04688228978241831,0.010365131219475736,-0.021845185792287166,-0.026414158831750564,-0.001989909401558901,0.0007191214361971756,-0.013058848214796977,-0.0377236025432016,-0.01733945854393576,0.00901460571962192,0.012700902214726228,0.007855846554605233,-0.0029298566653338932,0.04139700095134053,0.01236946768012686,0.04645522640945564,-0.004302205426757703,-0.011667227782466566,0.01322781960707271,0.01223243972453333,-0.048093178712056,-0.015928482804395284,0.006812177227040155,-0.017923903042597118,-0.006687229559625038,-0.0162567443641566,0.02870815562570769,0.017315182883321033,-0.01089096779583889,-0.0002515383012822214,-0.01583872213481053,-0.0028628542725639776,-0.0013094691055813878,0.003746697819960859,-0.015726620224675136,0.0027083415708302615,0.010247815509208176,-5.406097268379247e-05
25025070201,-0.0284476724220556,0.0014910873574308875,0.006749938792444305,-0.034302906684730045,0.0005198914888123402,0.034628699867373346,0.00855415918011343,0.007776395154795881,0.00792265253807059,-0.05768661045053656,-0.002101696429219163,0.003057388540915252,-0.0020902034462103145,0.08200202570429106,0.00453955461295671,-0.19799803310256572,-0.2391347820635254,0.02432055860253591,-0.006920919865504477,-0.028535162582744977,0.0005577587877871676,0.005117895119390876,0.00760467942728158,-0.00019389140731623176,0.00965198801151018,-0.00027275976541563297,0.02458130851468288,0.008681882240943056,-0.010986037600971449,0.0005038003553352845,0.00023417152581987351,-0.0007716800025752545,0.06007821820994082,-0.008623727979725552,0.018103381032528353,0.01096965881698488,0.011740035037823306,0.02121113901944186,0.004456543331955405,0.04087618852742465,-0.002191897922932168,0.03570441980172427,-0.00380014076733763,-0.013914706179172034,0.01306745405514019,0.0074485174242134335,-0.04982650053632129,-0.030794117145529314,0.009077962860821721,-0.020835723940935164,-0.02080366869700879,-0.005319986976678679,0.009234460018082122,-0.0611919571234609,-0.01266398531822107,-0.003309116719875874,-0.02405568450137266,0.0005071252062906494,-0.0031284773856535527,0.0045905545348119015,-0.0029307821412956157,-0.00043252957803992833,0.00783099231891442,-0.010457802185003182
25025000806,0.03632093515581614,-0.0012407422825740752,-0.0020411238221413252,-0.0869493561977942,0.00575965433651761,-0.0377161286187798,0.004410187958641432,-0.016768486559591025,0.0038872209847118644,0.07549716612724726,-0.006859694605748472,-0.0017977419315492614,-0.0026752429096635463,0.04353382226885707,-0.0018073864652769437,0.15864114642429056,0.18437093370373542,0.006949012328507728,-0.004445931013700637,-0.09184065725217638,0.004589833848880271,0.010995679703764558,0.007218712340779408,0.0005095097270371877,-0.04268397005528802,-0.006986316167843721,-0.10778465709476404,-0.00438035706321043,-0.07045892166783531,-0.00228869512174992,-0.006723368381938473,-0.013083777392829975,-0.11910079143025892,0.0009426628458439061,-0.07788870892310727,-0.020498511711728,-0.01910186771143349,0.041355694535346224,0.005673534151462356,-0.013951131649272622,0.005855147392946213,-0.10064071087834588,-0.00786234287331723,-0.03016856218912439,-0.032049165730687064,-0.0011313700516885465,0.05096289774596819,-0.06108814756891496,0.0288038783199678,0.03036115505181877,-0.019583617386878614,-0.031617473184568645,-0.008310845199461458,0.025345191636072552,0.013330845815152502,0.005954420863019705,-0.07176981962709345,0.00956268519361337,-0.008220409768923749,0.0014603374388591592,-0.03603411636808649,-0.009393921047455036,0.0014147076235580252,-0.009529328169962907
25025000102,-0.026765081372146157,0.006519989680823666,0.0009462762424000836,-0.08167743261599143,0.0028032143281818403,0.03152652960374404,0.003812829173815205,-0.017919079981586976,0.0036032251633300308,-0.04844157353843965,-0.009002593346124447,0.00022906334869992568,-0.003093187049968668,-0.007314685013563625,0.0044144176036340224,-0.2531629549420142,-0.27137622238147213,-0.09357779872918905,-0.009552042330087286,-0.04365632907515109,-0.0006973455162933566,0.01657643344846674,0.010460590952091571,0.0011476702648296113,0.000530210917680901,0.0029188864214405585,-0.021845402005062884,0.0007972467311691933,0.006211625723554989,0.0012859824115098015,-0.007323726237292738,-0.00244411432529129,-0.19041931640300772,-0.027535400964567133,-0.01682293371375788,-0.0408153276426262,0.0003359651491475566,0.012888357805460248,-0.004059042955335626,0.010033425522282508,-0.015036024087328048,-0.2943424046022987,-0.0028698524937384065,-0.021894610725942575,-0.002519499762572224,-0.013176574952069432,-0.07951969470294891,-0.06892466931330711,-0.01611138083108538,-0.033516084363639474,-0.05252842195618365,-0.005433300755106974,-0.005454976428612518,0.02371270877718198,-0.004467221014430527,-0.004644148623544723,-0.04041237574407466,-0.007726921373571355,0.0010232412257607775,0.002759664632415865,-0.0024974046924753322,0.004934057582125427,-0.029126958255647584,-0.007923659449965524
25025061201,-0.008832871549998919,0.020081868309628294,0.0005819971090535724,-0.05013170901536102,0.00492857615397454,0.040389612707754846,0.0014612831035044837,-0.04372072884771247,0.003664398048353191,-0.06519736339625173,0.0034360853624981367,-0.0018203762291004546,-0.00021733928489803695,0.012370879641577903,0.00127713592111638,-0.20271897214907633,-0.2207892769213359,0.02293949801075246,0.007903747597475029,-0.061868775588462405,0.009686796051876896,0.013325382241737517,-0.0014701872123717241,0.0013437529743141007,-0.021032267252143626,0.005549542278877784,0.039372222860273816,-0.005111274464318953,-0.02168669272195357,0.0014413581582312061,-0.004021570455776825,9.469304701857105e-05,-0.17794362083463236,-0.1512815411179547,-0.049412802068801304,-0.00014209162678317767,0.0006572651287390576,-0.01137355489440029,-0.001639887227310103,-0.055153737370313066,-0.006596184539084966,0.01666280338842609,-0.0031925997759028896,-0.015792432902354332,-0.0016796709003765809,-0.021265655673926097,-0.07266372561547185,-0.03519351086548625,-0.013182641497188919,-0.020281819938324966,-0.0381473406777039,-0.020863139631575746,-0.021568068058232477,0.030932831191581054,0.028822540699182254,-0.0011348378340766715,-0.028295633279622416,0.009354146066710237,0.0021420217181145613,-0.0003913741848125027,-0.012154443221004299,0.0005544226462540633,-0.02224518767620091,-0.009196936671869615
25025020305,-0.02786999137954547,-0.01082850209521868,-0.018096059212510018,-0.05115345858334502,-0.005623222545939661,-0.0012197168172865317,0.015216683435344876,0.015557884358650912,0.0026138265075668606,-0.06303385552612153,-0.004315210604967022,-0.003693548906319427,-0.003914426544363723,-0.01280165123293112,-0.015055806195314598,-0.17866248121313055,-0.21992371579525144,-0.07028066789102791,0.01722562136012924,-0.06984696232525288,-0.004606101363299139,0.023537504979483675,0.00042542371041815185,-0.0002407036278227266,0.009532728337759304,0.0038945786851838143,0.027076209185591647,0.0024323003602179606,-0.029594390162802617,0.0011955131973482344,0.0026498321256795197,-0.020806916632484414,-0.18117499136449447,-0.02564460565840932,-0.01947189237700646,-0.034537257841923824,-0.026309083139390895,0.01165357567513737,-0.004512048587166488,0.008901233063392817,-0.023488154990489188,0.02042896083063572,-0.0057750448385174395,-0.017284232253418068,0.011755604047079555,0.009318302907853746,-0.06441840953031501,-0.04104171799277041,0.0029061157713647368,-0.01931166657397016,-0.009174611000144946,-0.02483503074349852,-0.03314361463234149,0.023700265075397898,-0.0034113991135966116,-0.0005317710612912824,-0.03164406469415082,0.023916893617752413,-0.005584717124346626,0.001411128394288991,-0.01495452400594629,0.0006964801716833859,0.00406161562979637,-0.0029633242003922196
25025020304,-0.018726296108031067,0.009069017442856365,0.0010820119868486528,-0.03781274230477091,0.0014422925548108877,0.03429438077361533,0.0057125042139258425,0.0052802535505049675,0.004476033882920897,-0.06960112874172235,-5.873502168228574e-05,0.0017124002285485605,-0.0014627181371508662,0.0026437068144864124,0.0007215095722915371,-0.21683058175289396,-0.22227890445526385,0.009302740409728942,-0.0014976518044193506,-0.06642137262229837,-0.0043345863352435,0.009545866956516604,0.0037560176877340272,0.0015971901229027562,0.005822961815041094,0.005900242037037953,0.013042401808338672,-0.0012163136223232712,0.009069773945134857,0.002065855501636797,-0.008096545628326323,-0.028605095626921918,0.061231380085346745,-0.014165000913100207,0.014537181501719402,0.00860829290027797,0.0072709154913349885,0.017369144292356645,-0.004675209901686059,0.030725731778107394,-0.02359232314700078,-0.16520484453183087,-0.0011469806259487721,-0.01287045867557177,0.011436025834660213,0.0018078855723703893,-0.05851146382545964,-0.03029346152518136,0.006514812598841158,-0.02317600211097273,-0.022461745592478235,-0.01839858432594887,0.004662195996377313,0.0009891960428057335,-0.015318866578397266,-0.0036140844111580746,-0.03368209757831655,-0.0105382007665362,-0.0016357092917770088,-0.0008326905866830111,-0.0030246713190368816,-0.0018063521035334774,-0.001749973971386622,-0.009688327737029519
25025130101,0.06411800201308927,0.017770006138014077,0.002756146628578204,0.08236156330566725,-0.0004138243651915942,0.03131688454914027,0.004788771570439632,0.005946701890043721,-0.005773240296178321,0.08892470089306334,0.05641974646439542,0.004581536032756809,0.013429553400828234,0.2330898591546432,0.0028197323042948043,0.5684817808936669,0.558909548896549,-0.03769707258433132,0.00034397347311746726,0.2696620329428886,0.014064125377272092,0.005817973540117823,0.009610840079895142,0.003367088824352984,0.012341374119142419,-0.0003485846447223817,0.1334247669489183,-0.0013175953303110463,0.019889964240485947,-0.004880485938024467,0.0016577575893134766,0.026284677432335535,0.0256321119849245,0.11953287802868931,-0.015013991018653226,-0.011213586769421583,-0.012200797980009611,0.004080888519601653,0.011099526861117669,0.008066314916252747,-0.007799604855771038,-0.10709997476112564,0.0024288181513019004,0.03756149604123557,0.0038357491398220336,-0.0031361922721061613,0.19483947439214183,0.09778870172153192,0.05463468661955865,0.09390099093079941,-0.00046665330883036415,0.0054055916028887185,0.03800153070077486,0.01325296789803877,0.02089382917207257,0.02670961273889688,0.012964731141852355,0.03322094856787897,0.007275972469909814,0.015578382500210016,0.003567153583005922,0.00601744695094423,0.014432863914477671,0.09068339482043239
25025000505,-0.011607037030437835,-0.001356004490072816,0.00519502236757525,-0.012057964732692227,0.0028158348098862498,0.04038289615265642,0.002899081293772899,0.012758051855901956,0.004191315360020776,-0.026745383538206907,-0.006857175722886892,0.0011030113975768025,0.01584043567575964,-0.00808280560633551,0.004927325785353638,-0.17998715921919997,-0.18095451117716335,0.04198690120438224,-0.0012249638326576847,-0.08140773798467914,0.0034410928885296355,0.0050287278393163,0.006164772472023645,0.004011779963997174,0.008769214930060179,0.0029989281555225728,0.028021090284778314,-0.017617105668622523,0.039275171857674526,0.006041747826249009,0.002743804037166002,-0.0019815289428601994,0.0850145500581098,0.03416240553065584,0.04141148428338672,0.0009606736922033294,0.010308907678537984,0.023830927685466786,-0.002496107390320847,-0.01051524312914845,0.0033065518016187306,0.03385466228287107,0.006071795876195962,-0.01661564149872129,0.0016743038669811536,0.010394176491678219,-0.04962752807218725,-0.021025088224052507,-0.008329073732382043,0.027853007372676347,0.16295400375685284,0.02028222484527476,-0.004158789400119745,0.008103715888136775,0.008512871723874204,-0.0010500332700696478,0.043720680943705535,0.04857530663636482,0.005052590462016294,0.008447370784219874,-0.00477183000742529,0.0017593520088010498,-0.015066330022688323,-0.007483213370796836
25025000506,-0.01093022304309984,-0.010817314874146595,-0.003818184369987227,0.039004574594613234,-9.398879198705036e-05,0.08900988385666773,0.005725249566811357,0.0045054328279354565,-0.005076358049349922,0.06578275684713099,0.033500825512338475,-0.004448603808800227,0.013856101234849635,-0.03801740031101104,5.6839434103752486e-05,0.21141389533348615,0.1368603840799241,0.02444015082322898,-0.002832665445077822,0.09087592293065024,0.004357910278910139,-0.008833132688649615,-0.003524757215112457,-0.0016538999200966977,0.0063338925298508444,0.014162028538282028,0.08497235637820887,0.005710823900554433,0.01922015711813485,0.003502051388988906,0.005633440212161711,-0.01631415374900391,0.05550772230379695,-0.009723923678704881,0.016374582165605465,0.004255718881635176,0.004351190812002208,0.028974368429062317,-0.0012663191691983243,0.013925756616304073,0.00909995845335944,0.0193681632226166,0.0020530968282618752,-0.020563810876192728,0.0007165121022300551,-0.0030548413661378414,-0.017418103087299623,-0.008459560893197184,0.020651044997806164,0.018090138056920165,0.06757289701580918,0.011161265725400252,-0.008251039841230013,0.0028686247994361967,0.03552402817611342,0.0009775710376931095,0.02860943445745918,-0.00738074625471001,0.0025435605182780466,0.005652660037571984,-0.00024244770983634106,0.0017908824714914003,-0.003778716225161748,-0.01344922495240066
25025010206,-0.023686383395925464,-0.022890064346552604,0.007111716291560632,-0.043316021849677595,-0.001907498762135636,0.03279403088495737,0.013424429700023482,-0.006226787622265845,0.005217232778518165,-0.043922906801985746,-0.00571222555266231,-0.0019228776097487655,-0.005219072835556154,0.007255318078110023,0.002187412244704025,-0.15260888560753105,-0.20465676100811592,0.022838011615613822,0.0016493023797910058,-0.04450740608425273,-0.00391059725381248,0.021756694267869445,-0.0015851655391194107,0.0021773298527281728,0.011171028359280601,0.0015648833273383897,0.024577448383571232,0.006243102779107024,-0.02932346513946319,-0.028115247862060527,-0.005578589832305683,-0.0011775572013519844,-0.17380727616923886,-0.01594112109892736,-0.02797207279664173,0.008095270141597388,0.008874799721523946,0.017369947770166344,-0.00498931391583314,0.0320469083135369,0.006956274548898863,0.0343231747133006,-0.004775102713844618,-0.011815712100020017,0.00913653696065721,0.008723664716896404,-0.06332940886633677,-0.01833502954397749,-0.009944438811344944,-0.024101581174397382,-0.014923774152810636,-0.005520228902703174,0.03217678689146996,0.009070596159488402,-0.00684372510592388,0.0047834677235792655,-0.025136581258323954,0.003483770568976313,-0.0051914285484233194,0.0033888432118030737,-0.012997013145837339,0.002806891098678437,-0.0037599372061193586,-0.009647169169389772
25025000604,-0.01779993775794036,-0.009186586485380434,0.0004888236457447718,-0.04841838735604455,-0.003989512813066852,0.05260497633586734,-0.004006673132623771,0.0006503186756088289,-0.012570460984196095,0.03935047106701085,0.00997190599228549,-0.005724638437703423,-0.0037790448298854642,-0.05573218096601917,-0.004566112193759068,0.07552532917895641,0.1091922327745897,0.01688716972200385,-0.01703884858339708,0.009759010816894734,-3.459829351232731e-06,-0.006649973077465684,-0.0015349556346487686,-0.00030296658146759516,0.002970485745408878,0.0034815971728791215,-0.028720348731473742,-0.0032618039220117276,-0.10934930659647508,-0.004177955039735992,-0.021709521265348423,-0.02994506481086543,-0.0017703624595206697,0.027211083903100168,0.00919292484841754,0.0030876836944835518,0.0002264194559239316,0.005957605373310532,-0.006868991282630173,0.008038936710831758,-0.0006305252172634474,0.0025273779048151923,-0.0009882917922544357,-0.02706874149471375,0.007217081100945571,-0.013062515520338895,0.017996524493498596,-0.0317128697673019,-0.011298394278609642,-0.07568877213375085,-0.03548237448724845,0.0015198160709300735,0.0019941651552151055,-0.006893659288588405,0.012244253839852373,-0.0056693951873616425,-0.0733401093113275,0.0009790589372181977,-0.01725076761822497,-0.022697837146439276,-0.06070446029929795,-0.005736272605227548,-0.01060121152352735,-0.02853806425257322
25025030301,0.00045883348644669035,0.015096849294974865,-0.007633541548624284,-0.038542891348693736,0.00958196204830093,-0.012785719747925601,0.007458284936613004,0.021949949823410725,0.0007366979815678287,-0.049379622459658275,0.03849724483898794,0.0037799278703109203,0.002683100314280896,-0.010424197222312057,-0.0030244314740679856,-0.11487044630424487,-0.18213927391751317,-0.053016910850245465,0.054221044289275835,-0.049008031666909535,0.008154540105774943,-0.03633375523254228,0.012745512112313295,0.002725509929685894,-0.062429352073181184,0.012134630083869473,0.12759814681391657,0.003143191666539954,-0.0177783097553706,-0.0074797568037608345,0.010306058501226947,-0.007247894007426496,-0.11148535938652442,-0.06923348072741223,-0.059565154889912535,-0.026365071113988392,-0.023684474398331615,0.03173095544235691,0.006250032953375706,-0.0015777623801134894,0.014863374646762986,0.09964246624454288,0.008225190498478235,-0.014869549997357843,0.01488231230786128,0.013878884599709231,-0.04361386654415388,-0.007817011270087808,0.0074549004416340405,-0.012462942452751148,0.02045768328564364,0.013569118417704978,0.05359800682346636,0.03647961594642612,0.03125948385363006,0.022222466794721455,-0.010460578799526181,0.03777878524065092,-0.013847757460418818,0.009740624189801055,-0.01199911882888981,0.01648794981522104,0.019323978390224917,-0.008656313551643403
25025000807,-0.04545286235963554,0.007458470266164444,-0.00668541413534259,-0.0689896970273538,0.002812825839033724,0.028597906131007905,0.0033591026084538334,-0.010072967227524664,0.004954704470615238,-0.07817364635240155,-0.010599016657389135,-0.0018347296257198867,-0.004418938230951255,-0.012671522779013357,0.003832184255398249,-0.24915811463410348,-0.24329868395327608,0.01200066721327169,-0.0009465201903545681,-0.06922224014219218,-0.0017030660069646383,0.023216150263066584,0.005515389743364947,0.0005517147269907843,0.005094152387574617,0.004855223950885639,0.025890624469818407,0.004434766413211016,0.004806345423063016,0.001475963292514823,-0.009890605452230248,-0.003852556223461618,-0.21290447701533607,-0.006093788913620161,-0.05385478034081712,-0.035353785908285904,-0.013718207249400769,0.029696073657397296,0.0015616058214999711,-0.01048899407511243,-0.015300576009984536,-0.11050183206613513,-0.004247540025339605,-0.018334715008766177,-0.009350830447674607,-0.016410091401330224,-0.07138063681003645,-0.04278731297192955,-0.018263404972117852,-0.029247387753584445,-0.07097058159486765,-0.006791744107060157,-0.02649976866496351,0.024327563270846585,-0.00710371454827494,-0.0007719750047309664,-0.02592951593269505,0.009702893890618177,-0.005193097568587294,0.0002915060885701535,-0.016419067992272343,0.0017537275888900655,-0.0033845826232240333,-0.009662486560423216
25025081101,-0.0025591105201049234,0.010119503308358728,-0.00011030678294079448,-0.04038170663734887,0.003929633005665508,0.08031111071677652,0.006790967457856665,0.011119284582894289,0.013242839211312318,0.0716794334056452,0.01767365517950445,-0.005437236431325523,0.003939138833618651,-0.03014102235976675,0.016530087373549298,0.18251779326514067,0.25520059804474643,0.03255183330521481,-0.0016349262368517052,0.16912797216938494,-0.00021294163367875985,0.009184425845156174,-0.0021471533556775505,-0.0022564692340184033,0.011707305731988828,0.019008228142031104,0.17161428171555712,0.003512601117224786,0.04312757204950473,-0.007498379275662595,-9.598274193259257e-05,-0.012535497882633709,-0.1496449364750056,0.09344492606186867,0.03425965959923138,-0.007885019718376235,0.002554709275939927,0.013140548223918356,-0.006025327349240126,0.02235940299508829,0.005631722300157271,0.014982099289732539,-0.0011244336142452779,-0.012223879327486148,0.00975353037067368,0.012674508537977039,0.06909159732441356,-0.06009785248247397,-0.010384499594341826,0.02517051670779034,-0.01454421389607308,0.0008648644283061188,-0.00129077363279487,-0.03635211878892362,0.01637772935409279,0.005749694809372865,0.04826184558954409,-0.006696951555447499,-0.0019151863399926897,-0.0017417107483236355,0.00042069644685964474,0.0016304995661433523,0.008701398932617451,-0.011136198154884308
25025070302,-0.017859067077851575,0.0018908017758981503,0.0057423359780003095,-0.04082099587177816,-0.002497466554277986,0.03272037147384505,0.007745213970027762,-0.002603382948211343,0.005314421514148818,-0.05020555940907812,-0.0032425241001563195,0.004615759344031513,-0.0024125544881591775,0.006916551796538917,-0.00416394280765906,-0.16229427755975986,-0.18788226048503856,0.04670471297063477,0.0029011989657704287,-0.025613820628182907,0.0007260777983369774,-0.007588460567550702,0.01102844134829776,-0.0007433632180866215,0.008747056799117595,0.00012988495513636776,0.040137633573158804,0.011506769404883908,-0.03340168796059788,-0.0010511980846697137,0.00036252467679225914,-0.0032610171950054755,0.06284422711641205,-0.040509512750648125,0.013417528476908901,0.01369633524254,0.012969763991307495,0.0030535506412832955,-0.0026014326276125994,0.04634589705098324,0.013137529746727456,0.039464324321410726,-0.003724577689386527,-0.013055028388770639,0.012753738383749299,0.012937475469887974,-0.05380050217023075,-0.02844353906725884,-0.016500927738931772,-0.019268085269308118,-0.022088664440204738,-0.007952064701875615,0.009447391724564188,0.009286185879923001,-0.01430109334509662,-0.0011313749821280934,-0.02831694334102772,0.006535963813552726,0.003182505508346114,0.008517151775823996,-0.005039213918584867,-0.00030064770671197667,0.006361301571715609,-0.006991903584061099
25025081301,-0.005760357356116916,0.006318121867938068,0.002855152272441175,-0.01708077772967745,0.0036660832753496065,0.025278209874014804,0.007797141704063218,0.014102700847428006,0.006335639371808648,-0.03264178084678031,-0.009029115073028938,-0.0019449540982537893,0.002210411440484166,-0.00711490014643094,0.01571434493462932,-0.16872614795338145,-0.160897480096641,0.048209733846285276,0.006738829224739726,-0.07092957504579325,0.006544621119847258,0.005166479200264725,0.011544979613671803,0.0033445601377147124,0.009124403622042134,0.009816734216653614,-0.009134378968717265,0.028360880842159954,0.03209113801380406,0.00826411524119477,0.0027922484372935367,0.007291344826427831,0.07217925844554356,0.02335220576684533,0.04135466716293338,0.014328709412254495,0.013315242887286052,0.02179963941112572,-0.010390377559212568,0.029615334284502602,-0.010037838888304203,0.04144089537716741,0.006061025196717777,-0.011207799242454464,0.011644815208279256,-0.007635990360001805,-0.032535357294278165,-0.029696584710296927,-0.008468705616798411,-0.024419107172314658,0.10784869041006057,0.0179499083990795,-0.004878074667482526,0.013550198433742404,-0.02064753880981695,0.0020112619124304397,0.03780110160227673,0.048467637560447016,0.004488813072928439,0.007037267261232965,0.016048834407046766,-0.004061991020874315,-0.002374927999864801,-0.010972424715186523
25025070301,-0.02209959558420881,0.0006072271535050977,0.002851951961445959,-0.056541825729875844,-0.0018666290249860341,0.036516677149052525,0.0023451417164619816,-0.0051780367708673235,0.004236608938196952,-0.03662138848843176,0.007145970268063061,0.004550357189330325,-0.006945333279871021,-0.01607815037910515,-0.0062315456586422725,-0.14831338848318715,-0.16612739841158544,0.038531177525476384,-0.002465566423393132,-0.02467084041100342,-0.0003273074879196149,-0.008145095335659245,-0.0026231805211954598,-0.00038979070854580747,0.006405272375898891,0.00012791246859923265,-0.008109301300405387,0.017243927777159183,-0.035481878842231564,0.0004199542362816061,-0.00027456735234508093,-0.00463048875609446,0.07756110446337271,-0.04437466351782259,0.038956649782857795,0.013564185939949996,0.011059305356580439,0.004310024226283392,-0.0012910849167502502,0.0391168283713334,0.013231930792874333,0.06523129583698278,-0.005145576995059601,-0.010264186604851764,0.011077443653263373,0.02006360404980864,-0.05222990646532977,-0.038448927907994646,-0.015447051251329807,-0.027810164199714483,-0.023986163261739066,0.01354279689064473,0.0026559795978908993,0.013768980376575514,-0.015145428819905321,-0.0034085059317854,-0.04134508388883866,0.005798841860784901,0.0014843026722462444,0.005602464228968994,-0.0016406891958299036,0.0006618707850193461,0.001960690672746332,-0.010560964782205652
25025981900,0.09856728853169681,0.04355947910780907,0.004227606740060561,0.08740010563459925,-0.0027378475160566586,0.03805291694312969,0.004323595123494715,0.0033748485858615326,0.006289260903752013,-0.057047630908236974,0.04832839256919535,0.038048914498286956,0.011466521266305759,0.3141010032606918,0.0019968080641491193,0.3419348099410768,0.6293319458978311,-0.04195980682327757,0.052150135713452346,0.3320510266633589,0.0035087097209609347,0.00320363474680803,0.041347534651691074,0.008951607604408086,0.0061881233422947666,0.006314100112626756,0.1678961794335516,-0.0020804984508989944,0.009164318904270366,0.007763634443843814,0.0015250854225059252,0.028347731878535273,0.034594349004942494,0.08361803233494482,0.00311547914430016,-0.0019458202330447055,0.07002909730224413,0.07883105102450755,0.0014958783838623616,0.03760340324120679,0.010109435784569269,-0.1196040273643401,0.0030868902401967333,0.0057139480665505055,0.012042987901094874,0.01248659233346271,0.23284206848361702,0.08395836579818398,-0.017562459955609594,0.10125544909842797,0.010852999948192096,0.048390055188582866,0.0878388165276197,0.010873137216430382,0.04216737135189856,0.02637761337655637,-0.000915690367429122,0.059739699592403044,-0.0047175611056636335,0.0095477182612651,-0.016765645522009348,0.029546069704499692,0.0033998190833562938,-0.009497554484916421
25025070102,-0.01713483489743105,0.011224203183878697,0.0005883571469742206,-0.032083266747997094,0.0017873072211003814,0.0350338826791658,0.008410888963824172,0.011272316539000975,0.005678096035675186,-0.05638028392061733,-0.002108687210793548,0.0014906057395082978,-0.0031444741096543654,0.08416832102428232,0.0010926956966789449,-0.18584610267237672,-0.23211307754456914,0.006222977457978817,-0.002105398465037894,-0.07619588140552934,-0.002391426197845611,0.0054921238463799356,0.009183180219840634,-0.001048289349702722,0.008206720325130272,-0.002452133522882435,-0.002966795632917799,0.007362105226044827,-0.03161860695037425,0.0017698340711831677,5.861931067904062e-05,-0.02661865431417543,0.06917834145565276,0.03304134776220577,0.029181928235041784,0.011351515031473136,0.011095845433304935,0.014613166521101721,0.0007929609963600012,0.03767744147782208,0.011351314675593478,0.03740574640103358,-0.0036638358938707607,-0.01127657818826912,0.012761077386851241,0.01009951166711816,-0.0520031083688739,-0.02457313499621535,0.00959951492309023,-0.0316545731123515,-0.019278205205935334,0.010892709146323943,-0.008255173782772265,0.011434489674338353,-0.018638870477327617,-0.005552243457492042,-0.03717175341426077,0.005509526267371717,-0.0018242334500554523,0.004023698650918106,-0.0039942896735515,0.0010133999297217322,0.010173251137823747,-0.0014029131257656173
25025070501,-0.012214874955808738,0.0008350627728082416,0.001372926674753903,0.0021187631538465653,9.839115623759627e-05,0.03225012767004871,0.0024590482650258686,0.012782253262951104,0.0030431484974490683,-0.04125682866014036,-0.005182627671382146,-0.003309209319038557,-0.00811551121142788,-0.010384955415877575,0.0024326011113240905,-0.1796390580161998,-0.17092483937922132,0.020471945577423812,-0.003568549426697984,-0.06582036199077741,0.006358962033921086,0.00020153078609518474,-0.0030521033971024534,-0.001082102673280074,0.006807617540447575,-0.0048566322177833994,-0.042288128294624444,0.00704382285387025,-0.02417202759043786,0.004872307968167671,-0.001069200887634083,-0.005548703142145885,0.08008788800674019,-0.010419345555740802,0.04195390798447265,0.013816975174995036,-0.0006406317869649415,0.013594605634125026,-0.005906513140795122,0.03439569364764165,0.010240117795476724,0.059504803565861936,0.001685231533521344,-0.014304230821343966,0.009727751940160375,0.009200314464264073,-0.054411569338881347,-0.019991769924703657,-0.015224078540065153,-0.03337075895139261,-0.027423291028582337,0.007315210615917736,-0.006936550304598831,0.006451573374293595,-0.024743430468583738,-0.00934410290894929,0.02378612688489059,-0.0005485736266430153,-0.014695539788200396,0.004607215716134743,0.013388472793008845,-0.002373798757326967,0.003255553442541337,-0.01557287606421832
25025081102,-0.0014282568871875696,-0.011100324962822908,-0.001794336151957184,0.05383551061500577,-0.009786589462219601,0.059242964327206944,0.002407077335180642,0.0010264404795495203,-0.007112067560066694,0.05934111252702273,-0.0018118278053318388,-0.00034904316938814863,0.009121445300672383,-0.0406926253336239,0.005899240534976077,0.1993828337527388,0.1936600720657559,0.018664082367465043,-0.004501461632494659,-0.05480645933585373,0.005194539850426844,0.0030258038801715004,0.02218652093802977,-0.0010848176140775183,0.009906930066172102,0.011411924136890165,0.1121526867550734,-0.004927061701715138,0.01513699165159702,-0.0026844011075611526,-0.0036508377070376347,-0.015476162336294971,0.049659418460990416,0.059338397037813885,0.0065942523193178336,-0.013204148182212046,-0.020221106074505987,-0.001516676823542046,-0.0003897123758948026,0.012860079762584195,-0.005643150418249526,-0.13445767519845703,0.000279819335021625,-0.018466867371381302,0.003170454887957989,0.0008602348014372265,0.09796162156900265,-0.0031229902061603123,-0.04755189882781612,0.011346289719768069,0.048594922370286585,-0.0039461007450914045,-0.01125400355845048,0.005036872725126432,0.017719995528875713,0.0005819969470363936,0.030033926768605335,-0.00910203693603058,-0.005489072126077437,-0.014286658606252937,-0.008916585896683017,-0.004255905880780724,-0.011335601988801989,-0.022914012930693686
25025000603,-0.021513586940874938,-0.008561336144814791,-0.0009738220516124785,0.03514834788751418,0.0007917364042834302,0.02458834497566514,0.0035869711393570615,0.006682568734566401,0.007535953439659788,-0.01957953888261165,-0.00888047256261052,-0.001406732151803621,0.0009396095778838012,-0.0048748584564480635,0.005655487283498606,-0.26146992063474433,-0.27332693946648356,0.023000115624547426,-0.005828944259102018,-0.13285571283227704,0.002180111802040046,0.013402246336179527,0.00014746268966209355,0.004008745923052817,0.005318077534510699,0.009450551884447428,-0.009380685771819412,0.0033166587759641754,0.026331938617458434,-0.002045300580536631,0.0031469978328956916,-0.024994009802461376,0.04882555197879788,0.04772989607984872,0.024461727064625148,-0.02197147793145736,0.0022244212762531006,0.013516313549326059,-0.015309466504166638,0.015362224852543106,0.0009318968678921456,-0.2143343696588997,-0.0006056333640000568,-0.01607117370995726,0.006153659116007527,-0.020400317799416506,-0.05256025126419174,-0.045072846883134586,-0.021429204129487532,0.01129255616939331,-0.04655721038858526,-0.004066146901814709,-0.007605934660786494,0.023471677350893286,-0.02299117217967948,-0.009928971536130793,-0.015086881223711188,-0.019821787244863293,0.0036730821412398196,0.003609061055698658,-0.0066232354560202995,-0.0015618041316416175,0.0003519987361849957,-0.015239813272575606
25025070202,-0.0151750616999706,0.005077504344208423,0.002427762269127307,-0.027706613186218046,0.0010020139298458164,0.040882478464081,0.009186611919649503,0.010879928610191712,0.005539143199832676,-0.06242203798336461,-0.0012683269067017748,0.0018833410063409128,-0.0032958180238035293,0.0851078227525523,0.0009857028551381092,-0.18121045586914358,-0.22721454881890674,0.014297320466247642,-0.005584743716649593,-0.06293507432520708,-0.001535498608170921,0.0024714507083486575,0.005869147732677507,-0.00024372375702676554,0.008470233134116842,-0.0003112614291745323,0.00423565230690215,0.010656979474497107,-0.024206672966126684,0.004012960085815483,-0.0014250621615295926,-0.001631780744139525,0.0809871511324653,-0.01508897425676234,0.032892185361227726,0.0125291343553703,0.012169024146008163,0.00934287871427591,0.002115611472783831,0.04117613627212798,0.004483031681771575,0.04301235476061458,-0.002239176708395433,-0.011146181850406289,0.013292246605025298,0.012428768539691904,-0.050266888704212656,-0.02438133546083462,0.010389412508684123,-0.045694516396274316,-0.019148375184039744,0.0057549859243290645,0.0074598417216354615,-0.016692248670207268,-0.017007038524566736,-0.004745731092456595,-0.024155538391251202,0.0036582104434994015,0.0015039255568420496,0.0031180294823508667,0.009346674169625549,0.0002879091474200493,0.007928939346644008,0.0020382397734142656
25025000805,-0.05008081666705063,0.0035797430220520063,-0.001068253583098378,-0.07547937736189496,-0.005792583151490649,0.03171525668346149,-0.0013694803215662976,-0.03412839511883828,0.003399218866767595,-0.046139977831697036,-0.0035600153262758632,-0.00283043197103586,-0.014165622580337444,-0.016189504018201233,-0.0010793243954942714,-0.19740863359386168,-0.2388230164724413,0.026435315357327092,-0.028369167775350864,-0.0005897798209151056,-0.005995537771637062,0.003896431306895953,-0.0003963941954916247,-0.0034364357461401165,0.009063919551464109,0.0010712924521782787,-0.024252861604170856,0.0008972532549569869,-0.02910091521772999,-0.007349942021315038,-0.007058975794411613,-0.01208288332340888,-0.2439112163405976,-0.08858445114180556,0.004177347327249946,0.006684484064403486,0.005513424819009604,0.012526689177933365,-0.009645339408626042,0.0038126884608405175,0.004412135650663707,0.026623535579464248,-0.00439178268620166,-0.019904765708356094,-0.014562529815562006,-0.04863763159830459,-0.07737779566705265,-0.04374723329369853,-0.016498494900545682,-0.031058563288887883,-0.0746078357806836,-0.015774235385294492,0.03146854270909154,0.004835800324520098,-0.019626114749189127,-0.003376038161992565,-0.037001840568726255,-0.010078367870801927,-0.012891969232837126,-0.002928925549184034,-0.003873509215128018,0.004631641221602377,-0.016304538410400127,-0.011836461753744074
25025081302,-0.010809052535767291,-0.017277761631557954,0.00026502643946020696,0.03962042770873384,-0.0009259218633346685,0.01359828376069845,0.0015661474270254974,0.002799011921279437,0.01029405050495669,0.04618532300977862,0.0036061108950445186,-0.005881240454151805,0.009202934632097167,-0.04817825649606618,0.005479185109928343,0.06031124575279358,0.148904141780186,0.017118779716063206,-0.006269815466377844,-0.12782256447331541,0.004522805044049556,0.004779918490732241,-0.009967686149558038,0.00381629312368513,0.005824577111129039,0.012138594796524804,-0.0015927578547368657,-0.0015912262957396243,0.032365727750184925,0.0023409898885101304,0.00042738636107882117,-0.008575440338720718,0.04713706568021786,0.05048448125942797,0.01147890586830036,-0.005422403541355131,0.0034452004994610604,0.008436022182354442,-0.001516590322048836,0.012534079305174115,0.0005937878963613181,0.00894032352663181,0.0032326115019507863,-0.013858451943480864,0.0009360554410739365,-0.009594345422538819,0.01529107880025996,-0.006787485929654216,-0.042707025551226484,0.013710994425440255,0.05733427756745859,0.006484509345041249,-0.0066595378593927584,0.003062129559373717,-0.009884694350927932,0.008032306805075712,0.03732150747042334,-0.0024229338525388992,-0.0014173489507024741,-0.010778723681681698,-0.005028454160965196,-0.0006813632472879172,-0.005524180417157074,-0.021819666131334677
25025110106,0.01572451145322712,-0.009019270430956447,-0.001468611514844584,0.057572357950788515,0.004828727654729282,0.06939518394848683,0.00663815562367426,0.003801442364717067,-0.006923960668023762,0.05814104219168589,0.006005198902746803,-0.0050885394642793975,-0.002363436346512475,-0.05312891632255453,0.004825722880432096,0.2346984311634294,0.2872557948612224,0.014833742319728501,-0.0005903992803945892,0.09950001510430587,0.011750439623272409,-0.008020259620479316,-0.005744525230797224,0.0008222816488604828,0.007095493761539881,0.007840781955478245,0.006137058506247538,0.010445632525763885,0.03189914644161266,0.006024625078676611,-0.00025477734217510756,-0.015092702389499465,0.03035629452004566,0.06794977848877763,0.013563447617667231,0.0030606609088756113,-0.0018107818832333185,0.004530369230406723,-0.010795551572355361,0.010430406185403866,0.0017770784226012629,0.028447367617814707,0.0016970720690447389,0.027388925528868218,0.0011118605515284185,-0.0017184649730705526,0.04986355380470465,0.05371560129055744,0.047453011379113764,0.03705033432138128,0.03498065205472018,0.005520557015827257,-0.008112919794272297,0.003473922506986355,0.01304615605772547,-0.0020735048630486585,0.03200856699016586,-0.001496928042533397,-0.006192104487845356,0.006588766837391542,0.021887063966992897,-0.009921610259586117,0.00013111212299160376,-0.02810010776719515
25025070502,-0.012858997670197795,0.0016273646346213553,0.0009164526992301282,0.02957101441956299,-0.00017502113786508754,0.033400219406110196,0.0015908218287200603,0.016726666506353596,0.003634155714359592,-0.0467214887918212,0.003779569246281757,-0.000175532034969658,-0.0037369755770547478,-0.010654957395564562,0.00862062166300234,-0.17006425442474862,-0.1627395817666789,0.024151681602672614,-0.0041837401523002835,-0.07386828631146033,0.005972355844107252,0.0018077258556248924,0.001090430903526045,-0.001562116405219977,0.007241057880248844,-0.004527127470124109,-0.04779046332846481,0.016838621304119592,0.004440456968267007,0.0044065803459994056,-0.001678096595148958,-0.002308349414579898,0.08025329833234292,-0.01120619575348434,0.04158312588347365,0.016215358405507942,-0.0013966240858802703,0.012987528642149691,-0.0031742637030467468,0.03610159245378097,0.011493196527446887,0.07066540289055796,0.0035497751682264695,-0.01779775392167695,0.01412127299627268,0.01282969319451134,-0.05405073918408925,-0.033060409232145954,-0.015448835442119746,-0.027946471559608523,-0.023496737953742894,0.008770601645051078,-0.004126123679760342,0.011257936259081452,-0.023739136311553583,-0.0021256027321079497,0.0234577602308226,0.0008745590017304353,-0.0013753838918975358,0.003713524116629593,0.01763572753315156,-0.00248383223124954,0.004243166089789812,-0.012000729626826934
25025000101,-0.03211156500547694,-0.012967341459110509,-0.004246610670644999,0.018302488276304305,0.0005976896315210495,-0.02714240556658736,-0.011153070933184009,-0.01599112957405549,0.0032847570045001317,-0.03359306666623595,-0.010439910265189636,-0.0047952753769444165,-0.003993397373878547,-0.01661225542945274,0.0026059715165507773,-0.20270334845112212,-0.22179125902331603,0.01693402673562704,-0.08246831061668718,-0.09213652745362125,-0.0009702942950235296,-0.00028675939367519605,0.0004377186544804552,-0.0013798502437022818,0.0021799786812272248,-0.011676761350203624,-0.056250239206361734,-0.0015712903205864588,0.0009479934867148305,-1.3145415601680292e-06,-0.0014488679605090672,-0.004073420325050986,0.06507585684831944,0.008071835302421447,0.026834196347092342,0.006497854702816747,-0.005124885041655584,0.0022671305738996565,-0.009239843029163808,-0.020212887291620133,-0.005207853051708005,0.017496030609992715,0.0014903883229976608,-0.023156469414112892,-0.007369775296836206,-0.027702301687143608,-0.06888109703272831,-0.030834731030871487,-0.011670432263710492,-0.046556289757424464,-0.07341475226535124,0.000828621199629957,-0.0032658030606784057,0.008981388235586054,-0.03690985058779301,-0.011608359078881428,0.01922482664338534,-0.025184484361243955,-0.014172252146913217,-0.0013409330600644101,0.0017742084981961302,-0.02202856605668598,-0.0022052168912501413,-0.01683049433592387
25025110104,0.017606499534429887,0.0018871540832621667,0.0013589499112230678,0.054506745005374405,-0.002192518264684791,0.07404656455999419,0.0070435450347268716,0.006989366627969448,0.008021552357124243,0.05901552432253461,0.004839494303081674,0.0010259792710438354,0.005246773238347815,-0.047379223514252417,0.008729256966091328,0.13534632067787455,0.19064115647115104,0.023653094740416714,0.0011314438372821687,-0.1315132440334507,0.005602811347466978,0.004237743896797439,-0.005612805859209702,0.0017348548924333617,0.007812034254339132,0.010821077809854357,0.0824671594453563,0.00785247634224198,0.036568547829300156,0.014271729404314917,-0.001389275244192472,-0.010966966602981248,0.04487276798797621,0.0656216983666621,0.01652367819124391,-0.001132342650225952,-0.009206387949344986,0.005982946574713196,-0.013264347764096778,0.027520443229711068,-0.0002081667871002075,0.013446538365447992,0.0004514950952191052,0.03653968105770748,0.0012574726336367819,-0.00439794472568738,0.10881932457017525,0.05680233294205779,0.02764933262396322,0.037919872095620526,0.057205763100445076,0.01514647190333184,-0.0035038036978016244,0.00593516571651436,0.03382782643445903,0.003938460662379431,0.03025470178562605,-0.005544475535140168,-0.006750872794285595,0.018429284006176303,0.021206296579965832,-0.002429775012335421,0.005401024787985385,-0.01790467045940195
25025980900,0.09477378591839392,0.02661888957499744,0.006542601326386078,0.09128613703927382,-0.002216599731734137,0.024053237736191262,0.0039534603757360835,0.005835525624428724,-0.0076251479779836945,0.09793713771034497,0.036180032074655866,0.02977562603976625,0.012535714108519547,0.2723760244131564,0.0017984796092206476,0.5831927890129353,0.6005987559360606,-0.039989639498488314,0.03551798994285311,0.31719654271957376,0.0015199346973253256,0.004307735224227356,0.055508586381532984,0.0024175692186454044,0.004657102535772177,-0.0017895932399638235,0.14093791545779694,0.018976081133758947,-0.04643824405437232,-0.015736534176961914,0.003627128499237981,0.043165359764165974,0.025824061031976084,0.13274982967364546,0.005280926415931226,-0.004317851237917712,0.06019961132694535,0.01579105973305737,0.007694079240740481,0.004586878089227687,-0.002002689525638265,-0.10177295976408082,-0.0034373828745747513,0.01930056493308341,0.008414181324461053,-0.005329540449070679,0.22640141413322037,0.11982596885253823,0.034149135771418135,0.1041056141901082,-0.0007584571776370468,-0.0011983628015802743,0.08182727035552287,0.015019844169210213,0.033863375096389356,0.009825050606066596,0.002370963970793408,0.04808599717685627,0.0019933279256265607,0.004677197388518843,-0.01672678907076711,0.029540707467513708,0.009330348357027672,0.059642749703355126
25025000804,-0.022058409039514355,-0.01168367210730915,0.003213429852356266,-0.0396226444251088,-8.205302696450011e-05,0.023241688379505653,-0.0036964786883794077,-0.019620378422966094,0.004127860282058625,-0.03873890364959826,-0.016804709216490604,0.00015011922705564007,-0.011805770620127599,-0.015714660734932696,0.001255235143566149,-0.21820938889393912,-0.21067696981223114,0.02102615817801601,-0.05767537376896557,-0.060008850234021326,-0.001819503885912656,0.0031760677281559456,0.008923583044184611,-0.001566991978550077,0.008399858880897134,0.0019264744010764716,-0.03795155264988522,0.003255639162122115,0.005756312582611549,-0.0010232493072156678,-0.008530064760655433,9.910050772541763e-05,0.0422299613853262,-0.022822249901809463,0.008279514933573293,0.007800745687971573,-0.0006069140523949438,0.014302030268519086,-0.015698029909520184,-0.026580675865321278,-0.002766482570878487,0.019788969928090584,-0.002349049245065212,-0.021622726315854577,-0.009702537409631961,-0.032699382271813925,-0.05399482336832284,-0.05236061921096556,-0.021485513069747362,-0.03760311988395688,-0.0752997580020848,-0.01046962030681412,-0.007737010299160812,0.009350293515064743,-0.009753397244775202,-0.006497421973309259,-0.02430966090130591,-0.014147530281212246,0.0015877603775074467,-0.0009167616059652153,-0.004135490274978534,-0.001893353655829042,-0.01001719067781117,-0.012544168746813791
25025070104,-0.01683303367052991,-0.00579746788608438,0.0011021866972638458,-0.0263936938382424,-0.0024796015385474745,0.024481081041147674,0.012254667933230101,0.015100833298830316,0.006723078007454682,-0.04988454053064277,-0.0038266648344174774,-0.006359842721683199,-0.0016989470715686422,-0.010086937044475542,-0.00854243915335114,-0.14673134377651761,-0.16657729268548205,-0.07605379689623469,-0.0008269931844691748,-0.05999537746710302,0.0013051172489133966,0.012725093918755153,0.005538227132132917,0.0003700283932946604,0.011208397712468112,9.831119092723587e-05,0.031567673198029965,0.006604903148607574,-0.031002194014951818,0.0007317391666940466,0.0002999582019947778,-0.013363793448636922,0.06578517887050077,-0.011360849600635735,0.02492409497269194,0.014949809356936293,0.011349294957786013,0.025463986059609128,-0.0018892501668176921,0.037329051882631865,0.010391346607703907,0.03297295524715672,-0.0032448519455465226,-0.00841324918265281,0.014591635590561336,0.014104189775611875,-0.04353823982128981,-0.02441033063221488,0.01580978995873927,-0.01978085132394711,-0.00888674615610584,-0.015539209929143523,0.0024137295179345237,0.015228013609541482,-0.007394786856481587,-0.00046673300882656664,-0.027879248035946453,-0.008534812023018682,-3.155580956362055e-05,0.003135837187028543,-0.01474624817817585,0.003750099130854471,0.008550828105255984,0.0010229667966666354
25025061204,-0.007083191251509155,0.014055214239945364,-0.006984142587045396,-0.040626292589931626,0.005431990338275949,-0.013952502531917658,0.013467797395602039,0.012037377512427044,0.006310632971757066,-0.07081811537869634,-0.002782004541547054,-3.6157926299070715e-06,0.00894970596131901,-0.0059290564298505495,-0.00687630230573631,-0.18338336457422613,-0.19366471792843998,-0.054868018119370025,0.0015628832624287093,-0.07193705876049314,0.0004367574135672687,0.03741661701152276,0.010251794119189944,0.0013497056079692107,0.015108636554108991,0.0055882220615992425,0.014567460894795806,-0.0007405698387476131,0.005348065539381674,0.005589780010727265,-0.009530324855577348,-0.0031996722669013996,-0.12990652521210266,-0.06300266482010146,-0.02906036528201614,0.011943596149144682,0.00045371285822432824,0.05776700837797795,0.002664667385214881,-0.006089422025635576,-0.004685583595865212,-0.05364111790468505,-0.0013976296654530933,-0.012533349181727415,0.011427700093396673,0.00783036141642922,-0.04952630477966697,-0.03355347441996519,0.0056663306015607,-0.026415497216363572,-0.004528638347722996,0.0077307536517656145,-0.0031745377435556748,0.01622406813407714,0.014014696230803479,-0.0046921018943266645,-0.03588604720826954,-0.008415961209215762,-0.004451887703531783,0.00018378518039996084,-0.009059052020316559,0.0027967644943368715,0.000700436917304334,-0.003849084428341046
25025060604,-0.003283586236500793,-0.014983782351435736,-0.007200773688794251,-0.04585178785437737,-0.0034033741698791184,-0.07881745073776862,0.018253560992310538,0.02112781878085237,0.006790668990899835,-0.04437757869212074,0.04411243821643028,0.004529843447672354,0.006558486743999,-0.009551160380857059,-0.009172670773909411,-0.12802798349635863,-0.16497397268593494,-0.03655243175148252,0.03489780904821003,-0.06213865832079597,0.00275882728939413,0.03310948123139292,0.00686506234838023,-0.0012756928388811166,0.008686999919438387,0.007049494679966972,0.058490959853204724,0.0031659050895329627,-0.0311462856663458,0.0065756841975033445,0.005736933348564773,0.0017670787831569488,-0.08353704054112784,-0.02506893387302962,-0.04018990403163343,-0.008746299507995737,-0.017489260296349354,0.042819874877239705,0.0001796530774449461,-0.0075503396627002286,-0.016299914618724046,0.09524641540103024,0.009100115390368497,-0.008950138379445076,0.016524336873625946,0.010946158354638252,-0.04722571843728945,-0.008694356731340004,0.008536083415721882,-0.009752756757380143,0.022191306971807143,0.008936513651132162,0.039621857840689986,0.031735457179262794,0.029495750680733655,0.023494046515974157,-0.017312850716036457,0.03602486314084937,-0.004236269372932032,0.0014319944032625425,-0.008701684501379415,0.009506572291090722,0.017540217358475732,-0.006849007166196214
25025070902,-0.01650513100376561,0.0017877575920974794,0.006720024133059343,0.031363252630755824,0.004967020122490293,0.025489269376657492,0.010482324328094912,0.015241407403090879,0.0044412976151343405,-0.045591199503597316,-0.005838546221967865,-0.00046211844759449155,0.00037355745427780683,-0.007471558612887198,0.01549866621244098,-0.14455102815155899,-0.15116797371232688,0.03446796453985283,0.0034108930304988833,-0.06992316695519928,0.011774027011541965,0.0019795267760087114,0.002224566933600611,-0.0006021003233184104,0.0074256595746398845,-0.004210388835445903,-0.041413223888868436,0.03182000404257047,0.0023625537300128,0.009177253636147983,0.0030737171436432866,0.004382204272098013,0.09006175677537365,-0.013754966029411697,0.04748631587514618,0.01836994630202063,0.009150430106315662,0.017991136126326614,0.0032599284689044765,0.04662370416972626,0.013847994897344722,0.08557662302337972,0.00794107858904531,-0.010347798943612374,0.013986321156884602,0.02033407218983633,-0.04569991085253169,-0.030181300223836718,-0.015197955972293379,-0.02086695148047496,-0.015348371251819645,0.009436110998518358,-0.003005513509682034,0.013143351724908303,-0.020342479610676603,-0.0026571536664153675,0.013715666324622212,0.006568808656406929,0.004227324745675299,0.00042239973160220954,0.010522732764982628,-0.000930624429251369,0.00561177618099566,-0.008624415009862163
25025060602,-0.015830331163746977,-0.039194883784813755,0.0012537738644036896,-0.07004521808963332,0.005685486761765168,-0.00301837793271103,0.0034439589054198433,-0.0013738163399320622,0.005782289400455679,-0.08360709064101454,-0.02313322159407078,-0.00988190978182437,0.0003452397326804063,-0.023341911840982353,0.0005107623237922498,-0.28472545946948663,-0.31153340973179405,-0.095497195785888,-0.02075617003289451,-0.08269706238421456,-0.0029235351501710758,0.02006464775249655,0.00520815649665961,-0.00020100456181892,0.009070953305561147,-0.00013580170383525251,0.015144594206589252,-0.041980520758768104,0.02255334841744279,0.0011242482765316934,-0.009095913568112601,-0.03842890999022994,-0.26412344399295684,-0.09452091257826961,-0.06915038540586796,-0.006938629297582853,-0.008012509093298936,-0.001631078842400603,0.0005754907655667724,-0.09056374375090866,-0.031787427299093396,-0.2760150442281473,-0.006199434860455386,-0.023877729196867602,0.0018668255639766272,-0.003440995446140275,-0.10150526153572638,-0.0741932808580491,-0.013841950378912815,-0.03135676425674496,-0.0012048199504919965,-0.011718081506988385,-0.022384986248693083,-0.15117163306906384,-0.020219216614167246,-0.022269967992596663,-0.03894243347721255,-0.005210156388944228,-0.01061488275597372,-0.0005543049190132709,-0.02310384824616191,0.0005082591411319052,-0.0024819750513363067,-0.011024467920175954
25025060603,-0.031762177600511685,-0.041302250375833544,-0.001822075044919285,-0.0730737292484075,-0.0022195738119435474,-0.015529119058278853,0.006564769259717565,0.00019141914692943134,0.005586813860297608,-0.10715434287713178,-0.03214488113192191,-0.003041850899243627,-0.0030524165089379413,0.004786329874657888,-0.009251856457190212,-0.2609200164066571,-0.3237520425384854,0.0005260450933363093,-0.016806967162718744,-0.07677152885832102,-0.006274858466572526,-0.0013090506201026539,0.007898615901530267,-0.0013987303234553562,-0.0012239130131042463,-0.0023179829746831147,-0.0010027032830724108,0.0012003768141163932,-0.025801926468836108,0.0007361160929454458,-0.008151814198833299,-0.024930923448287737,-0.28508005097165534,-0.06252633737877632,-0.044529141746107656,0.003923086387059774,-0.0008095646934971454,-0.022226289344439546,-0.010651002139604997,0.018655855399902752,-0.03487243728253802,-0.39942345029474513,-0.0025696973848723277,-0.019627395741994656,0.007190738477466493,-0.006298412637091873,-0.0856684053710592,-0.05049736018268256,-0.014237990631650203,-0.05588551488624325,-0.02663422584680598,-0.02782231863460825,-0.012750065182327141,-0.16589442950007974,-0.02550710005397587,-0.039590218089125204,-0.04118459581902526,-0.004042843087682102,-0.008423206079996885,-0.0049429285711458165,-0.005509810216846111,-0.0012091048588199974,-0.007596327946182069,-0.012798788982465194
25025070802,-0.014134122534305285,0.0059664840173797185,0.002944790631944895,0.03314672605098048,0.0003673563050696562,0.035201056889467106,0.0069679115104572835,0.015292228491064899,0.003474777204096115,-0.03257864255913559,0.034981152791595485,-0.001107648260856267,0.0001654862354563621,-0.00628912336733759,0.010424305441443363,-0.1473604951895802,-0.14961196432286833,0.038278316433809335,0.0021164224715819044,-0.06629627060719208,0.00907386493089419,0.0016326415205026473,0.009019091459943885,0.0004069154316959236,0.007268735403017139,-0.0028013113555055125,-0.04616208448760851,0.01740272969332432,0.0029140253373155078,0.00905699239269277,0.007152996733268483,-0.0017759247507735535,0.0863439294379314,0.003751886764166091,0.0463659361736048,0.01990978705997604,0.004638671502454137,0.014934412755664135,0.0029773343334023247,0.041431809511308135,0.013381229823060746,0.10031312861996458,0.00573945057723935,-0.01235127949375807,0.014526033863581343,0.02020215220597544,-0.044265093628297975,-0.013649797117378407,-0.010523140402585703,-0.023302986742230344,-0.015135604590464544,0.015240819189360376,-0.00831627723742725,0.007958531180966262,-0.01620255691733625,0.0009136054282600445,0.026258681206300864,0.01106896977143953,0.00812813059248253,0.004825952938325015,0.017531934248680325,-0.0012730131632492582,0.005811341456980979,-0.006945267017580463
25025061202,-0.00820918735039912,0.03133003108977572,0.0014228699151115618,-0.07382893867960649,-0.0021198313622038684,-0.003546113983379281,0.003016627575502945,-0.024291238797954216,0.00594606671058192,-0.05608615273636176,0.0026703350071045685,-0.003282466001822325,0.0008456931190083842,0.11066182776338997,-0.004913703938769481,-0.2652228576770912,-0.295846701611113,0.024038081013091687,0.0016404059410061933,0.039869781422157406,0.005325023303902578,0.014174713018785423,0.00046949550295454233,-0.0015480506585117302,-0.03678082948365512,0.0020060972768271845,0.04714393784206672,0.0037968031450518903,-0.028961545672181933,0.0006090111965380158,-0.010138688309614254,-0.005891480281913505,-0.17361331523178428,-0.14112400375977477,-0.04735626730236981,-0.015246832381562322,-0.003005806833877106,0.012792211404481037,-0.010682897924503216,-0.059692347627982555,0.020505761979383808,-0.16955814531208668,0.0006651000399146302,-0.01552939056806499,-0.003937921238089966,-0.007704733896242314,-0.08647155789953018,-0.03896489170966064,-0.007643688975691761,-0.026490583097323977,-0.041902529588721586,0.001782257472150589,-0.018342909331018023,0.05140330246574556,0.026155564852669518,0.002007957825289218,-0.016755940675480887,0.007218290760466369,0.0016400863808273566,-0.0011779793763402975,-0.019194327422388958,0.0037018295367622902,-0.001555399173793816,-0.007328177600915714
25025070801,-0.016339952449260665,-0.005090966843351142,0.009943299429244474,-0.02720380109318909,0.007006713784460995,0.040165453785371154,0.014842829356128379,0.013593943009654701,0.0059211388158358635,-0.04880815021498671,-0.0015208215634559797,-0.000926350929937274,-0.002517483158478586,-0.0049028786932338265,0.013159826565072244,-0.14353889380229695,-0.14688952492733584,0.035817463481294914,0.0016560577874343899,-0.06133175276090743,0.00310163476182064,0.006684792330022716,0.01112713419934129,-0.0003142655812444981,0.0076394197953388665,0.003244117072860993,-0.03924614264324842,-0.011691619142414037,0.004750165891971856,0.00821419637982045,0.0025389405734417506,0.006619297409889912,0.07751176318868075,-0.006500498300974083,0.05296964503665602,0.013407222010490126,0.00580370304446058,0.017994545897137455,0.0024699588931299723,0.04030437530077658,0.00804032097260631,0.060998914264859955,0.004016441980810682,-0.009369969092674957,0.015182802467828334,0.0205527975872198,-0.044323836055936976,-0.02462113024596674,0.0034989790867855004,-0.015466260718867024,-0.01776545910224849,0.005310472707338867,-0.001821160683853127,0.01488397437349485,0.006401417362354196,0.006663579854660716,-0.016344172029239688,-0.00378666346514725,0.0038075047654000183,0.005961411587164836,0.012523320811147893,0.0006109241382581344,0.005637016592656636,0.001312701514789211
25025060601,-0.038646875050461965,-0.009288779607628197,-0.03918141214605574,-0.04635030324504884,0.0009654070533882608,0.014076719616058164,-0.003084026694212928,-0.014808305774144034,0.0039679352252141795,-0.05356159930105234,-0.012857225057595427,-0.008166209194202452,-0.005265579290371874,-0.02699120064674289,-0.007750171179840948,-0.22209588033788416,-0.24277696797156836,-0.08588793327503802,-0.005237812534695689,-0.06387262389840402,-0.00558692198888643,0.00803815570238439,0.010945122453244098,-0.003605339712761365,0.007406311054710808,-0.004588608782303063,-0.04376285161095952,-0.1042426652727124,0.00829307515807956,0.004621057086699919,-0.00356452509484782,-0.003724022366619646,0.035018306503095946,-0.06665252787032797,0.020531144635386158,0.01000225227198945,-0.008406975574419997,0.023806659693037,-0.004628793622815996,-0.07992891071794715,-0.024022480176675864,0.024902983776630062,-0.0027742010348631007,-0.01761522589438766,-0.0032394291655681215,-0.02448371437764254,-0.06695544150487227,-0.05839161895206346,-0.023116216477777448,-0.03905002081539133,-0.049303073082280414,-0.00919165801635914,0.010198964246167116,0.0026513985945921903,-0.015554148517928763,-0.016280953516482906,-0.02299075362706261,-0.01567246851313386,-0.004117711868976782,0.0016755728335686078,0.004782314545653422,-0.006213570904636902,-0.01140308808544966,-0.0031944954822016236
25025070901,-0.016641273192152,-0.0014345650011180786,0.00766104519736715,0.026393388616649187,0.008197487089922819,-0.026251778551321707,0.010826862879186999,0.012707303113181774,0.004684301484308587,-0.042666952127341125,-0.008336612638833289,-0.0018746636895817573,0.0009181214243588563,-0.009855982949300362,0.00998148509846846,-0.15345358210380997,-0.16291747693274805,0.02118956395587213,-0.005955405266108696,-0.077088327565808,0.001342248140976338,0.001954408634165552,-5.091261516236885e-06,0.0024181749904703073,0.00807939371146793,-0.007966355503011923,-0.04497274469711845,0.030606196679740502,0.011085083181045008,0.010901621037210143,0.0001567252947058164,0.0008212826611552949,0.08445763729512788,-0.018768827095001824,0.045258959008791115,0.017137129017857976,0.003969333331571144,0.015085369436656648,-0.00033982418876105856,0.025725531647605212,0.004478823763629023,0.07348255398374022,0.0018037244241543855,-0.01185153224245829,0.012926649945083881,0.013556286923707769,-0.04374350614213302,-0.031126914202532496,-0.013595129568704883,-0.03133944580793866,-0.026794224095647325,0.00905498296907815,0.011552129228686299,0.014231849494795747,-0.021841586383295374,-0.0018299257316048596,0.026071098689491246,0.004487244768557408,0.0025218398591607266,0.000967306073288621,0.005005052727376424,-0.0007617154638273888,0.005046360673997748,-0.009179455598181329
