GEOID,A00,A01,A02,A03,A04,A05,A06,A07,A08,A09,A10,A11,A12,A13,A14,A15,A16,A17,A18,A19,A20,A21,A22,A23,A24,A25,A26,A27,A28,A29,A30,A31,A32,A33,A34,A35,A36,A37,A38,A39,A40,A41,A42,A43,A44,A45,A46,A47,A48,A49,A50,A51,A52,A53,A54,A55,A56,A57,A58,A59,A60,A61,A62,A63
32003002954,-0.020937325206088223,0.0030778641225743908,-0.002875452208558843,0.0020413519562004247,-0.005575873899100897,-0.0006079864640021581,-0.012049824333592139,-0.004762067922427484,-0.00033996744076094016,-0.0172279653845577,-0.012178533912412302,-0.031337105364849724,-0.004317391894922816,-0.018456574463181705,0.0011880818174915776,0.0014529482344297605,0.008900939007526719,-0.004792994385234006,0.03230877914283106,-0.012032114310975011,-0.0026288790746006943,-0.01003642910701254,-0.024328997235550587,-0.0038059058767285236,-0.003989627069419869,0.002171893980741664,-0.003571332094800924,-0.003475062952776061,-0.0024234008832896294,-0.07428289752758058,0.0015800912723095836,-0.006174209455914665,0.00609046788830927,-0.00999212657824031,-0.0036130839747084685,-0.043184379367508685,-0.01973969201410015,0.0013982710202271554,0.034149324403447985,-0.024627567648484613,-0.0022984073332525624,-0.005066183625588426,0.003448774379682136,0.0020562566836203255,-0.016687938674829324,-0.0069931384802339805,-0.0010755755234882712,-0.006212350539934982,-0.005174535052296689,-0.15818493921423368,-0.0021999477714295004,-0.004955676480670406,-0.0012584970817622132,-0.0002771049331603999,0.009855836844536399,0.0005333900453709544,-0.013418134313099302,-0.00876643493126768,-0.0015765551165826542,-0.05550420771744847,-0.0061084765346059375,0.0010739859405599008,-0.0479890925363569,-0.0025733952021993493
32003004709,-0.0009124296130947081,-0.0017123084141508252,0.0014865584736401954,-0.003875320974730081,0.008770157840859017,-0.0021121022800437836,0.0007541559043607821,-0.005000446361631159,-0.0020899017240396814,-0.016630161181903483,-0.03780396108517987,-7.923999892164105e-05,0.002917899957216991,-0.0063290053374130215,-0.0009598657053364654,0.004114655368789852,9.125009693076957e-05,-0.00969928605784694,0.012208842224982147,-0.0030928001837954157,-0.009064227794293275,-0.013798244053376622,-0.1288955558660173,-0.0018616376237432723,-0.004873099772213938,0.0008285774226398675,0.0015307698733854922,0.001393451427503182,0.0011850419077273446,0.025134706158563596,0.001989730713811033,0.00978572749890947,-0.004833561573236406,-2.379506125104307e-05,-0.00257286602475103,0.02572818831456562,-0.0032296268121888867,0.00025751751168495625,-0.02284157097559273,-0.014362787051052907,-0.007480514269522539,-0.006500540586588218,0.00010748856073659406,0.0006663698346630092,0.005216444692135455,-0.00726972836347432,-0.003077732143687611,-0.002477512685747579,-0.003836997831738573,-0.05439883071824424,-0.0015046687101736797,-0.01040700562435584,0.004416561711034219,-0.05127271307967598,0.0550956742189453,-0.004605813167289664,0.0002476877807965912,-0.015787543575585646,-0.014407447701317386,0.009044774196090361,0.000903030181390806,0.0020460406338351014,-0.04706249514215439,-0.003651994846597507
32003002915,-0.021602682914707783,0.0021113854975077775,0.0010573219604089028,0.0033784871666587,0.008682312038853278,0.0038233603080865715,0.00011681002699741165,-0.0011645639587468204,0.000926580402950319,0.03779104214037062,0.02433856579233424,-0.006733537015012398,0.0033397704008656845,-0.00048607283299733115,0.0014902334166335231,-0.0013852170219777883,0.007346683668199419,0.002434378917570208,0.0021276055694249016,0.0049287934361722414,0.012713632919752464,0.001321573031309741,0.09356697051360473,0.008914213049926768,-0.0032748527006817183,-0.0009150084833258738,0.007741590306555926,0.001903126329189629,0.00367372092420977,0.028784854814624696,-0.0014397709930925214,0.003947661438946949,-0.00575208706968385,0.00783837320131517,0.0001468051150283847,0.020876968669624595,0.010491384701319982,-0.0009552742960465231,-0.005854810507459964,-0.011616250715390826,0.007940462641229504,0.02049764094976277,0.0037759291605044204,0.0028329049207277256,0.008398297536314797,0.008576832074851245,0.0006758270275772654,0.003716247839570539,0.0038846184086419482,0.13703925374091855,0.008697948009202733,0.018420762766923136,0.00917306709066739,0.05661803688708782,0.09005478539063846,0.005500362001738415,0.003617319624608105,0.0016511989636277728,0.028918214230249345,0.017084705088891438,0.00695684648871624,-0.004364962950177,0.01980871038464124,0.006233649045796335
32003002916,-0.02521566446146161,0.0013478431187839784,0.0014451391597144084,0.0005995654456265171,0.004767554009919722,0.0027208646136640726,-0.0012865271591021182,0.000577346049952369,-0.0009299295726325682,0.025759613568464877,0.00123795055004243,0.0002331257783841009,0.002225179739558325,-0.0052025527632462406,0.0012516269207741733,-3.0158896740761764e-05,0.007295750307951342,0.002461955621978855,-0.004156546911652716,-0.002735564322190278,0.0043586843718225795,0.001847063491562966,-0.0006864390498461303,0.008821818395587206,-0.0009769031771959301,0.0002907456694486,0.007930347293389366,0.00029425457025944836,-0.003396267179802736,0.02285641101111295,-0.0017472136199235648,0.011723735050778193,-0.006939338100229473,0.0047111859191078095,0.003132982178726839,0.023967277337381594,0.006955178298110406,-0.002082955996182904,-0.008626613674381028,-0.018534596489055477,-0.001904544788044089,-0.0012860847380181436,0.001543547696821428,0.006695022815523087,0.006370246627867098,-0.0022080348792500974,0.0011967716136422218,0.0021090368235545994,0.0017535605739125025,0.1035077632005453,0.0035003928435755724,0.02186432981983493,0.005349100742230383,-0.0016857853246768975,0.06776869514800186,0.0015478883372375457,0.002634114546838783,0.0017771958466091997,0.014370671297418803,0.006887800840699471,0.00687506027126555,-0.006294220597463102,-0.0046352828581272,-0.003831842859772343
32003002919,0.015351561417566882,-0.000730162955708933,-0.0007062872457223779,0.0037098518096045623,0.011287658890258605,0.00272973355997462,0.0022631911827831965,0.0010743310501623163,-0.00222791558463175,0.00565933865750101,-0.015813454652860735,0.0015459901925476563,0.005892782237808119,-0.003579894448292097,-0.0053147319961415,-0.0033335852764438284,0.004905064352368303,-2.9225303880506023e-05,0.0014261936795763022,0.0009588636976199475,0.017861844455104994,-0.0039598764138935195,-0.011927021978108519,0.00687654233391448,-0.00035773029846134256,0.0009455551498353432,0.00337905246056552,0.0025763414071250834,0.0005870756627625153,0.030047767222912837,0.0010750776798593386,-0.009799729327744698,-0.0037562383709642605,0.011852506688431208,0.001826333428457495,0.016490974332496796,0.008165275808924245,0.0006678128042008085,-0.018538944882749365,-0.01995672011466249,-0.0025074014953782057,-0.011769521709031165,0.002485237177786705,0.0022467069588250513,0.009557458402986788,0.0051026189107006015,-0.0017190253239340856,0.0021262115090331835,0.001976082784779096,0.09080543860562498,0.002837078895282784,-0.013654209122124698,0.005131374878284388,-0.006185655114901512,0.046577000524145665,-0.0029713577413588593,-0.0004691100158736824,0.001954458429754349,-0.005807717566685821,0.001334200661200079,0.004384072754815192,0.020303556770376246,0.026997115468078352,0.004317314009993421
32003002935,-0.052160969033284356,-0.0036370480483674415,-0.005805303616014079,-0.0013222831677362295,-0.0012701527804832064,0.0012375848456743367,-0.0076895908448507645,-0.0015918880305806856,-0.004967039829107609,-0.009382628216389924,-0.02573910115977483,-0.009129377526794982,-0.0010541256640419932,-0.025728528713606057,0.0014250991737850703,-0.0065864799160420305,-0.005579348052591983,-0.004124406941267261,0.008818859419448112,0.0030134640856728425,-0.008783652544436209,-0.01754760546374822,-0.008881181163208237,0.0018326654316448408,-0.008084681231971742,-0.0036260777078473316,-0.005929678911074763,0.0004553508712782425,0.0006633555646171358,0.009167757230202118,-0.008586737151637418,-0.005107489253821643,-0.01938313205000844,-0.0010384921947331556,-0.008128372452238589,-0.0067881281639014055,0.0014804753793043223,-0.005446408750877724,0.024717604842278074,-0.03180596596613193,-0.0034291687815110297,0.0015318158679686078,-0.004566217113056488,0.004915334621573928,-0.018670146811420152,-0.007287620312243349,-0.00034722165624931437,-0.004137132680414044,-0.010668372519912029,0.06793722866474965,-0.0031064480974470877,-0.017018821608565528,0.001493328319457903,-0.011307329159805783,0.03334066783046379,0.0003097688125998666,-0.011159176383209478,-0.0011039523221509175,-0.014292997147849701,-0.05287331930376222,-0.003218230227045916,-0.014945761209713675,0.0077882912154359,-0.00015889724938325671
32003002206,-0.00041175428149163145,0.0016164819320114178,-0.0011063216137951718,-0.0018259103540953833,-0.006219436416285614,0.001711380698040035,-0.005152144645424602,-0.006591967418647443,0.00677681096395345,-0.011706181073929883,-0.01049568196025801,-0.00023655149984902244,0.014483697453605275,-0.014591648718577642,0.004234789372721041,0.01048854644445059,0.002759868982510541,-0.005425630338202393,0.060564874412912965,-0.018382630982897163,-0.013082389912474764,-0.008818651011483295,-0.006026826301542196,0.0013340326568984332,-0.004304372959681065,0.003054996077904717,0.008054138416879419,0.0014440172028322839,-0.003928364795632101,0.010644804318472279,0.003997262672384515,0.0207457293914331,0.00979044175376161,-0.004941053957799099,-0.007129443833431522,-0.033053021422566234,-0.018579935776605307,-0.0013157155114661863,0.01875182783658235,-0.018027526134508632,0.005063562110747114,0.0017706146707962198,0.004177896449659119,-0.00010287009752716294,-0.002773305503559632,-0.0062145572653643745,-2.472067773912053e-05,-0.00740046364678344,-0.0006978447453136316,-0.12947660076385276,-0.0002276713092163045,-0.004865391901429321,0.017579523427304594,0.00491791213935834,0.042689603052033565,-0.0012368342015897055,-0.006686820189078299,0.00115412810155666,-0.006155234355576534,-0.03184769950536282,-0.005030993782922992,-0.00018554711590877316,-0.03658835010546757,-0.0029204794733394064
32003005013,0.04752742612795895,-0.0021483039017367238,0.0023889763578787454,-0.00022552909274665777,0.011522510429149597,0.004015034112984159,0.0009422237563702644,0.01017035849183977,-0.0005660368452244792,-0.007136381739418475,-0.027014669206257145,0.0045475662331954285,-0.0009247075114009652,0.028466143121922714,0.00016143677268953312,-0.0012581910907100544,-0.0010371496433903844,0.003353952265634698,0.009134598052413751,0.002483548765455401,0.006180672868331729,0.01875944825804554,-0.02168819993386974,0.0034873189417045417,-0.003025766786192726,0.003871025765086375,0.0016982245722868524,-0.000829765960549616,0.0018809099960653587,0.043515393475151695,-0.00029146888403165096,-0.000984838115089611,0.021414332922912636,-0.0025315652096006384,0.022620664101499877,0.04693648233550548,0.009880193793053433,0.0014101480784195872,-0.015294950449977258,0.023993947768011104,-0.001038180609255773,-0.0036712122253501995,0.00019707930156901012,-0.000723845823645492,0.04038540857207735,0.00028010960996404895,-0.0011887849936234093,0.00012922583198469512,0.0019978516673363903,-0.07196344189436896,0.002960610786749826,-0.00791543458658088,-0.008563898634737412,-0.0520647842147464,0.07307382861759718,0.0016313980842288529,0.0034750525170100695,-0.003918287613739689,-0.005286249213309623,0.02827069038179201,0.000494119559526892,0.020312110584986966,0.045727883461466674,0.007348853067719756
32003002996,-0.016932053735523974,0.0012697772587621147,-0.0013396897896398746,0.003071428640809803,-0.0047371846171066125,0.0021433164449346388,-0.007214002425183481,-0.006527063575402754,0.005727500195477938,-0.012057231990292315,-0.014401263733220957,-0.0027588033670609873,-0.000525566195263656,-0.012366589109639673,0.0015005217594259257,0.009565903065730207,0.004418879379083231,-0.002314680682853969,0.07021969428570292,0.0026066303930608135,0.002888613050352553,-0.008215337506669113,0.0035872540921517973,-0.001800476954408391,-0.007743320307707759,0.0033312617838493876,0.001414539148590318,-0.0009418099513238597,-0.00165325574037883,0.0069252774214011124,-0.004743690547375645,0.03254609440797998,0.004773937830448034,-0.005675914322350054,-0.007668835593562559,-0.024112581872290154,-0.01598683648985802,-0.004270555364584241,0.03045812110974458,-0.010189505439428903,0.005137507711898716,-0.00034886676754246495,0.0029827326341428997,0.00609522791821471,0.0020613199068008725,-0.0038102699675379562,0.010406195127162296,-0.00021884549434986078,-0.0022562808133861534,-0.1132186980449947,0.00034670016175588914,-0.004790048696031668,0.004110602296470421,0.011376403938198014,0.026403063459031133,0.0010815738675878997,-0.009386003224986726,-0.0035521556436076867,-0.009751133549157494,0.005832703419046626,0.0066951176662791035,-0.006305981192939222,-0.035027552547796076,0.00013125663799379205
32003002207,-0.023635294622128388,0.0014126112870344251,-0.0013399422750265835,0.0012061905071694193,-0.009819214790123347,-0.0010279421437705337,-0.008936281997972077,-0.009158383192116296,0.005155350527374042,-0.012837119174518274,-0.022860285889617925,-0.006166355893613745,-0.00278778505341772,-0.013346768484587601,0.005300266311908277,-0.02068835971680155,-0.0004907055637154367,-0.006778492074975389,0.0534273970695638,-0.011705891780832329,-0.019019897071444834,-0.012939554342564025,-0.011778986834653414,-0.006723250720764838,-0.004147820870787244,-0.0013028363243373694,0.0061534343399899365,-0.0008717702455495654,-0.0014331334776875662,0.0077683783264297125,-0.005000582457275352,0.012534318019576393,-0.006497989923766363,-0.0009750343344835589,-0.002577297443172957,-0.014621519961373968,-0.028306653064193544,-0.005575042441034233,0.021122868764641548,-0.023091858777383283,0.0003032344075697197,-0.004593440445659094,0.00027244452249967183,0.002168949023858603,-0.010946672179056753,-0.01223640406613966,0.0013145277463023264,-0.002339412653249881,-0.003375398615598258,-0.1520170995931042,-0.005093572051708188,-0.010241658615001632,0.016518320104357786,0.015959295567561732,0.040614962134992286,-0.002451169115512204,-0.010374098503818544,-0.0019975216009132726,0.000657131994214844,-0.0013281386969422936,0.002433657569159618,-0.00870300285259393,-0.04961566757989582,-0.007592076355846856
32003004402,-0.020902930907867896,-0.0035587423302339033,-0.006691969780918903,0.0007191742818879879,0.0012575707450463026,-0.0023619178404756832,-0.0026283431726390662,-0.0031796296578532773,-0.015536607578510615,0.0020805458296152372,-0.012636556856802513,-0.02013137599100703,-0.006170792814926578,-0.010669359355139078,-0.006696780521753766,-0.014753085439691616,-0.009010719129590422,-0.005474050975351936,-0.05730722988828835,-0.0027046089154671832,-0.012972475710536155,-0.008195379832789758,-0.02466956271168381,-0.0025781914103919406,-0.006729572412600586,-0.0017825380222874292,-0.0012745815096267396,0.0003854903362568462,-0.0008737859134916343,-0.07749378074007063,-0.002055212729611972,-0.025564076480637143,-0.015924849950020675,0.012203736331067874,-0.00272861315721587,-0.014051002841736457,-0.03646793328145301,-0.005241388821342867,-0.040941357636640655,-0.012385708260660875,-0.0037141479557973324,-0.008301814062618726,-0.0005623467019235413,0.0005686160011596486,-0.01944526548469217,-0.004069911068437186,-0.0047917352359646715,-0.00965688080330632,-0.005832718093676892,-0.20473644116717815,-0.0015504444425801318,-0.008117648745117029,-0.0061907167807803,0.0015900499501331792,0.02364982090908005,0.004837117452090881,-0.006468052317563411,-0.0005069667577342079,-0.013766084497441341,-0.027825338410134622,0.00018636145667309703,-0.006886042019158499,-0.05326638847983489,-0.004686843370078911
32003004301,-0.02048489781667826,0.0020052110017377204,-0.007705441561454966,-0.0018471232909699497,-0.0010324726184439918,-0.00011073093945916666,-0.013080105035611559,-0.0008709150004490286,-0.007859939942482005,-0.025193698901518072,-0.029143074190987783,-0.015308454350536361,-0.004196267191131057,-0.02010422038415376,-0.0001020168332797082,-0.0019863293934621914,-0.007020867307667751,-0.005282532005373527,0.008061682651936837,-0.0012552521844298552,-0.011410485021482964,-0.012749580723846252,-0.19450110710252302,0.0037542901422180823,-0.007333733667398999,-0.005578284831310272,0.0032043202245516903,-0.0002819078728643216,-0.003368465705927649,-0.07235701555130744,-0.0073967468425506205,-0.01178306180561761,-0.00812644664489477,-0.009192289506717298,-0.00187301414627865,-0.046541164736516226,-0.027036670501580148,-0.009694569062288176,0.008426131151558163,-0.026262705324280676,-0.008925907000792268,-0.00595431820020182,-0.004667942205499499,0.002768241961110902,-0.018075146292812958,-0.007969476578087317,-0.0025097303373551334,-0.007818073800068605,0.0008417756670245788,-0.08862577305992024,-0.001959282182468308,-0.011662727413947117,-0.0004108466132208018,-0.05844674382291121,0.025910241602604998,-0.009884545298421539,-0.010339622559918741,-0.017508177321380505,-0.01759090003575458,-0.06094610473300344,0.000593190178780584,-0.010030320547193234,-0.06026383841654313,-0.0015823653273459926
32003003247,0.02162071438400913,0.000845397956404288,0.005241932600454676,0.004960118415161792,0.014186759892486946,0.01029653084951062,0.005596615469953299,0.0007679690708962956,0.0009532597365826812,0.014049133291164756,0.03172993048669105,0.0051907802363243645,0.0006566062266781513,0.011269049095004232,0.0012875251610455375,-0.004333156624199901,0.0046479036105960625,0.0005413868355848135,0.07497515566739076,0.0042322170085895795,0.010378961751947404,0.022302213324811627,0.08042385385968741,0.004253486164188173,0.013665125613625583,0.0015178351675231596,0.004180625115976277,0.00766448214561938,0.0020641804971076342,-0.04411326063003252,-0.0015099839220337138,-0.0012474877858106156,-0.005506510101876778,0.013176259916679799,0.006087273473044079,0.03545340615768687,0.015750753511726903,-0.0007258716944020617,0.03713370796225948,-3.805824405663204e-05,0.00882322804844183,0.027826300492231705,0.0045961080059761916,0.014441148828110397,0.006862229519924998,0.02166001313508653,0.005629196672692616,0.006666036048080921,0.0087260417824271,0.12442920734279092,0.0014661839291077643,-0.009012132406083556,0.0070707396272130345,0.016109625231179845,0.08888823775459159,0.004178178053008379,-0.0009616940503089558,0.0012794277446835783,0.02381143621149737,0.04188340777563488,0.006278196752337235,0.017122248953059638,0.030228399990774583,0.007225838201060742
32003005905,0.09285200405765177,-8.932521244635103e-05,0.00307610997633802,-0.0016467805691360816,0.01567384974357612,0.007209354497032138,0.0036437171471142117,0.004209396289304838,0.01031030825810388,0.02402202141708586,-0.014846399306917881,0.005565736247318719,-0.01524461385015981,0.02426842134424209,-0.0036415187809850477,-0.0010486895538882209,-0.004834360557107697,0.004331074355813553,0.06416720857266421,0.011382934393790437,0.008640643159473384,0.02963787716265483,0.006161518190218793,0.009000417278467048,0.0003124688947618514,0.008347212611929814,0.01873691061855414,-0.012572276174639187,0.008608523222072239,0.030249499226910535,0.005381559118570657,-0.0037118496448882814,0.01018319672749728,0.009721799925227143,0.016151953527870206,0.04441990200918943,0.017746744425283116,0.007194475564429831,0.017620303030733662,0.014079564630664659,0.0035541990058773885,0.0045372251160940395,0.009471853678820315,-0.008601431161851926,0.06075342875919926,0.013544836408851551,-0.002042854405783564,0.005049821006257743,0.006979581819123478,0.12397659196594063,-0.0010800133388341388,0.02851206929853041,-0.0131390180256743,0.005286068001358408,0.09025247347907828,0.001798207999802772,0.0014923816282292992,0.003209844591335501,0.02307095883834647,0.048049938747527804,0.002840420018150582,0.01364851022748521,0.04497247555411692,0.010532155015431293
32003005434,0.018716071369495692,0.0013606881440368665,-0.0016187331372768058,-0.0004610371340016005,0.0029164105536570767,-0.017972898686780255,-0.0024030956213280047,0.007190165302023243,-0.002628844958830764,-0.01193897940407056,-0.02452544275055331,0.003283272607312265,-0.027798108072390432,0.04273739881963798,0.0004887265100232764,0.013287352146053338,-0.006257819264196753,-0.0029117095588897957,-0.05905899959418137,-0.0004449178115523653,-0.012176211072094923,-0.010536998971209702,0.010515783519998283,-0.0032029635360582534,-0.001087447736472112,0.005748235318478226,-0.0023556832514837834,-0.008695929061501656,-0.0038573000710314686,0.018649821100391827,0.007413005322196493,-0.0016056388559645446,0.02110093940856671,-0.021877033018881206,0.008888589153140072,0.026424409941614647,0.013336319685172888,0.0008416630849807503,0.013701500047491488,0.024469846226180227,0.001283322018094349,-0.0027698709581468603,-0.002076325740304589,-0.005391482935768012,-0.007708559167422391,0.0014764548437138612,-0.00042988203493151295,-0.001834015864790364,0.006256701464849108,0.07830053065491238,-0.0035255327109751807,0.01988173305942055,-0.0142433006690267,-0.03716680055445205,0.08284979038872183,-0.001338437967519915,0.0021419418875808184,-0.0014454780587745586,0.016779478790349727,0.029807836859463893,0.004752767613420317,0.002621173609861613,0.034053242585042214,0.010352279298927992
32003005615,0.09728904871872156,0.0011544041269218532,0.006460140223270271,0.0028978535875396386,0.0035914096109698874,0.005317678702373381,-0.0060028835013644765,-0.002659763259237027,-0.006112441577013035,0.022698754303378674,0.033594421091996875,0.005209397190271083,0.0041378927511278975,0.03797904820691934,-0.0030778711565667602,0.018870518221608134,-0.006787750343304942,6.751983083902094e-05,0.0771206726609345,0.0039374103193522605,-0.009589088275396042,0.013840344590332183,0.051890833696216575,0.0023290521521490306,0.010227394872072875,-0.00010603547474806086,0.026705114226419857,-0.007835605284457104,0.0032727014248980276,0.02190236567863377,-0.00569831294165277,-0.003599197425064697,0.0006615320925671637,0.014525546885800098,0.016225055591815748,0.038799619643163384,0.018836869255331623,0.00855313390956982,-0.026501207447514483,0.02463259134432357,0.00012727485230188096,-0.01496643264944881,-0.008927125530426043,-0.0018103582287696547,0.04350824040901393,0.009607436410758206,-0.0047900530300796565,0.0031641020500243248,0.0027414404829684182,0.10205508123135078,-0.003729681101499231,0.02342982251322089,-0.006755280966605471,-0.00586870677029279,0.09903943375380451,0.003866043551285611,-0.0006755697082133225,0.004446235079863847,0.016669318905690855,0.054343817951261024,0.004069907901565641,0.0073788195113062656,0.0604257843001654,0.0011169143243028516
32003001501,-0.0011156105311842313,0.0033937478073950847,0.009226051485556722,-0.004183949208725938,-0.004916629481183146,0.0008782707039544859,-0.01018332743563967,-0.006671548327361038,0.0014725518616272157,-0.018658603893052086,-0.011563199027520467,-0.02957468437901412,-0.002431923426028292,-0.014458258835525508,0.005411631320176966,0.008559788638706009,0.00437388091982822,-0.003127993002493226,0.04822528985271252,-0.019962549254229366,-0.0030384124513040045,-0.005237894039869218,-0.08543727333838291,0.002215521297740296,-0.0050059017094401,0.002141219898404207,-0.0004860133500304748,-0.0030808887041215397,-0.007305192593311585,-0.07769981748355796,-0.0033527721099783866,-0.003920044255030837,0.004003847345822239,-0.0080632113688197,-0.0033956344975457037,-0.038276310101385484,-0.021361509366176448,-0.005853440946920121,0.03735757096632719,-0.018620517411042082,-0.0028387600110366847,-0.004314534982850265,0.0019268384374155048,0.0010656321160394972,-0.017242932279900113,-0.005988216831867967,-0.0009586220866945826,-0.005150694156781113,-0.004761000062462345,-0.15515143822229602,0.0006622640528125299,-0.0030383058025762596,-0.000274124756490787,0.008335296412555286,0.029851615858682425,-0.0031241396612222538,-0.00432006399461441,-0.005104394717748255,-0.018220024507678654,-0.046378329556734446,-0.005935944435857795,-0.005048108009759503,-0.04862418976557051,-0.00032432156032964914
32003000403,-0.01684998653285901,0.004932832530392155,0.0014119602384603212,-0.001445035623583912,0.001511294355876452,0.0030584218883578855,-0.009032755198766049,-0.0035173231668725567,0.006467573699029571,-0.0038614120639313574,-0.015715570953703226,0.0027042933461534874,-0.0023430960346215828,-0.012940211677374315,-0.0007230143756441615,0.003979061266386378,-0.0002232520395770141,0.0006170306179849313,0.06268689304525447,0.010019695646334302,-0.005657432819878902,-0.012693737006618761,-0.09197215539478007,0.00046737139661752404,-0.0023205072622626936,-0.0021058608865708226,0.009553040645587105,0.0029700979788037443,0.005710807014176114,0.02584724045547711,-0.005253545502899423,0.011136393988472347,-0.010146970982815346,0.002640659305015173,-0.00040433785389210736,-0.021612360539952913,-0.011127217309158501,0.002661918379562665,0.04037753655240455,-0.019117046904584736,0.005955335000028618,-0.0002801017062219282,0.0002558849697092702,0.005271817388794358,-0.01511404561827594,-0.00567032857190235,0.008768694571302417,-0.003318457130140593,-0.003290880659860825,-0.04303967342085341,-0.0009545928530169009,-0.0069300581868831325,0.0030451233575687375,0.012692980405594807,0.05176274868386658,0.0018343713496465222,-0.009549368182363783,0.0022977567945672932,-0.00754399556531207,-0.028790280711494816,0.012255117084625816,-0.0002855163571364327,-0.03593942334113009,-0.002181987636273237
32003001401,-0.018545653820690462,0.0035463239842072887,-0.0017018944235802978,-0.0015407654628947453,-0.007556613001759317,-0.0013670888221051112,-0.00960945176740674,-0.006832636567132296,0.006283058056640539,-0.011483054077550004,-0.013371175679268751,-0.025336390857089282,-0.0038808673658497243,-0.014623415623573976,-0.004464178185701416,-0.016025259578615413,0.002702271470880108,-0.0025146423871432568,0.026232887684581832,0.0017525754172253607,-0.007886946961533192,-0.012059290635721354,-0.03939151427182706,0.00010429709456284232,-0.004269604483402877,0.00011891718520222419,0.0034339727627279073,0.0013496457348553114,-0.0018153910074846004,-0.06738246970963258,-0.0059133941219317605,0.009541279060923658,-0.009189111728164214,-0.000387694550460992,-0.007153841613838419,-0.039726554144509846,-0.02428887309309813,-0.006862687431973366,0.04247967926145469,-0.024767305927179392,0.004799673759392113,-0.006601722253243779,-0.0015195116407205314,0.0037658133305132164,-0.023712278317435623,-0.004925143947376188,0.002297506217748299,-0.007044497223001327,-0.0013555536589668425,-0.16410135518411215,-0.002005168195996978,-0.007170470725587513,0.00044688219856033425,0.0016492987389668554,0.033345906930523125,0.0020486517203212786,-0.010300268368033395,-0.014496776637661005,-0.013441332797803178,-0.0364706866628791,-0.0037738999591579877,-0.00874186791361756,-0.046768186643557606,-0.0020969894349308796
32003001502,-0.01610677253731853,0.0019018038843536733,0.004744223594748312,0.003709556680834021,-0.00264810112720212,-0.0006474062560292587,0.0009226163640734062,-0.0005140354989564811,-0.0010808930931259953,-0.01352933470752121,-0.009746684775157347,-0.0027300251008724663,-0.00077239177156615,-0.008756037859212668,0.005913204479997282,-0.0104867809441187,0.012647909601853078,-0.0029035349008945523,0.022804789413248205,-0.003512445151826339,0.008239461586104413,-0.00561970066554782,-0.03269697156720983,0.002860715162702843,-0.007598901405454605,0.005703349756385009,0.005075832362136111,-0.0023820829771752107,-0.00852513184801055,-0.0365165321202343,0.004091341847120215,-0.0008614771897187518,0.003195137188674758,-0.002445373925753979,0.0005656706770927804,-0.023125629687804693,-0.01942960710328928,0.0029869436650928347,-0.00013252966680603288,-0.017206397153938006,-0.003331870475297568,-0.0012228787872064443,0.0025413188614467667,0.00032722699164836104,-0.008606710839772574,0.0008892555907642403,-0.0019109425614602326,0.0075470187187860315,0.002193549826979761,-0.14872188474735246,-0.002486251411425831,-0.007350340165695225,0.02389490760469061,-0.0033088832427872693,0.03896103382527005,0.006355319754262038,-0.0027533905392996424,-0.0034301604459610053,-0.018028700240610276,-0.03365018639047541,-0.0017244773496987906,-0.004754327930081785,-0.04765488296203164,0.001535298374575807
32003000525,-0.017463949015306107,0.0015097897104619292,0.0007785875886538781,0.0012794391944677705,-0.004840585046602742,0.0005460175957193242,-0.003524365702697847,-0.004303469650956687,-0.004698556677256843,-0.0049603338260490355,-0.01434831709155222,-0.019715271444536085,-0.0039012377371346507,-0.010637170121492333,-0.0015056870270296178,-0.017986461954673592,0.0021971158593038272,-0.0017698091136020516,0.002893720758819983,0.0012398829579982247,-0.00423512938683732,-0.009589398715576593,-0.014952174235158301,-0.0031941027279524465,-0.008370795693442453,-0.002265111325333924,-0.0028197821562263668,8.050275157620068e-05,-0.0009455443886177421,-0.057560837216062255,-0.005987163647656849,-0.008517350329842785,-0.012286877361334818,0.0028576115486571244,-0.0052104441057502435,-0.034571225080919525,-0.019029467750487104,-0.007033144783557558,0.03956564054646707,0.005888313992557183,0.0019481799419096646,0.001626481261386162,0.001036092203383674,0.0028710263036054095,-0.021691434646001272,-0.005520575413829063,-0.000614286433738437,-0.001494063301691334,-0.003073865647987864,-0.15664171550949096,9.352751859817994e-05,0.002840002830837525,0.0038454459515379685,0.0010659803915867053,0.030370056209156324,0.0032644967356706433,-0.011282814568619686,0.0029820137829522963,-0.013242876056511995,-0.029142318805653964,-0.0007517148725200517,-0.006459739353109071,-0.04011847671528581,-0.0003071983197680914
32003003253,0.014132057541706681,-4.897211652755696e-05,0.002571511315310611,0.0006161143234812191,0.014928622753380878,0.005129418070142042,0.021423285055308244,0.012955173481449539,-0.00045614381117393493,0.05373599852644237,0.029770727110206046,0.012314301700872875,0.010329549887282498,0.026672687312020056,0.002202423850383748,0.008841457199015723,0.0009198720224369869,0.009778453314960035,-0.02061722221827212,-0.0013815764613929295,0.03626093883926394,0.04446132066860333,0.03036317172925422,0.008682016559668835,0.004219535566036041,0.0031565115601298608,0.01306928826129126,0.002173763240494673,0.004519400665218003,0.031004322620386538,-0.0021908746630661022,0.008915622495553993,-0.0038222178590858443,0.03521627390550181,0.009855428634556806,0.05928402450700161,0.0201630357292805,-0.00021126116437147322,-0.026781349587945785,0.01772795486612144,0.0021851438967126252,-0.00518067796871341,0.0007410640565885385,5.930561326028905e-05,0.013668263477498862,0.007668804379992802,-0.00023851508528700615,-0.00035287970936503227,-0.00029681851094901505,0.017908697142386094,0.0017307798474003571,0.027675017341870313,0.009964744405650235,0.007937118549588805,0.07264101950957119,0.0013782305860876134,0.003085901063400178,0.006035405001360139,0.019449138920366833,0.041726059487915454,0.005524919271992631,0.017990233000677282,0.048422470687394664,0.006538454231782385
32003003104,-0.0230238766647336,-0.0014418405635655428,-0.0018204258370722903,0.0008677141231862549,-0.005467293618562867,0.0001894770288324261,-0.0030021014159524887,-0.001625318598174137,0.000893263101553427,-0.010924599613192624,-0.0056181429987761985,-0.0073122768718226865,-0.0038568930309991157,-0.006846526512940606,0.0015125126579701418,0.010894730543893835,0.002436110543157191,-0.0023071070280193413,0.014301540824526093,-0.000894743547902948,0.012014748186030938,-0.00019896838675348473,0.005806450556591688,-0.0004892580835394715,-0.0064996681521597675,-0.0018705971801304103,-0.012356502213092101,4.68722455418159e-05,-0.0001365412587013495,0.021728744473432482,-0.00020007629035850044,-0.006566057622073907,0.004297430095524476,-0.013470879074460923,-0.008203802202122188,-0.0050790957990392484,-0.0224773153536481,-0.0025122672525139814,0.05362427811609866,-0.010193821117623701,0.0026445097533074305,0.002418442711123646,0.001697717598672649,0.0015644351582851706,-0.01681626864483174,-0.002208028389823022,0.003980120946892718,0.0015200198575086804,-0.002631908569611525,-0.1441052544754561,-0.0009922399319808577,-0.010029912227662746,0.001799269354491992,0.007248154324519983,0.03882156700953838,9.600606099977236e-05,-0.0070950733585271935,-0.0028759880908392557,-0.01662910571716787,-0.0328697415993392,-0.00042319456114305515,-0.004582160640942016,-0.04511570404243967,-0.00015911229907105394
32003003228,-0.03402037446243134,-0.004002785028318294,0.00031550208574361116,0.0006706773177139452,-0.022296305728144443,0.003436842758256374,-0.014254416877607604,0.0011414811684970691,-0.0022352571130726468,-0.017574347093521105,-0.0033303403883609647,0.0019132254582098745,0.0009826597643501178,-0.012970132079737002,0.00254786179595369,-0.00021599612291615486,0.0023741153373003075,-0.0025144563513434825,-0.015492044541000071,-0.004746131102970564,-0.016603517739699116,-0.008719098271687499,0.0003933951321192367,0.005864237573071141,-0.007715972568063487,-0.002953992944450506,-0.016898562550079075,-0.001560818003237864,-0.00555901760269915,0.012618319442630234,-0.020962351252745436,-0.008692049804828161,0.006349763444617306,-0.004839839201377221,-0.008407399690302776,0.007226123405026594,0.004971379046071191,-0.0015407922594252476,-0.015077411570250363,0.0043177193410126186,-0.016360370220287166,0.0013914772634823205,-0.001191809809804778,-0.001118129893979823,-0.016958943271787926,0.008055967656485625,-0.0008476786665447607,-8.513879752483892e-05,0.002235404183711285,-0.04867146430695732,-0.0008614475162897644,-0.01713036110419428,-0.0253336631202118,0.0008855716103396962,-0.15699726688008367,1.7822786271086772e-05,0.0015809164215223133,0.000697927871183809,-0.001357153213419577,-0.054705902564134344,-0.000671787474046901,-0.010159209400912018,-0.0005664114957148579,-0.00757341862935599
32003003251,-0.0811841634646199,-0.004074295973610881,0.002280980793213987,-0.00014687251067936185,-0.02787677146031006,0.0035376574312537216,-0.01643393189988107,-0.004710055196748427,-0.005577109577435418,0.03987918019902263,0.013802024893148385,-0.0002322636250314216,0.0032601548176616896,-0.002852277197096295,5.794141177377338e-05,-0.008987766033457186,-0.002328952314679895,-0.0018769746586982858,-0.005752759327768107,-0.019533524162017323,-0.0012445794176424597,-0.0011452756025020737,0.02172334328911721,0.0010846787177308985,0.021758448535099006,-0.005425177865311236,-0.010405457278214481,-0.002651790493961637,-0.0016916727272630828,0.008017861046655144,-0.022471015296631498,-0.007703768044350611,-0.010058150902540192,0.012802225762749,-0.0050966407826764214,-0.008728824450444204,0.00013681654948363,0.005232696501576195,-0.006192562652421435,0.010153058486881729,-0.00287049210001869,-0.03438259706792904,0.0011255800279547901,0.0004011637215127063,0.0026323315306969707,-0.004105803327938326,-0.004738234919216201,-0.0031083681814394726,-0.0014798693192017848,0.07204552423097055,0.005532349021056607,0.012033747469189175,0.007209144111084393,0.06805512080609011,-0.21210689265633106,0.006135909077023932,-0.0017262712474778595,-0.00133655420282917,-0.021249980625832023,0.018212995369044742,-0.006440924327471406,-0.011092446174615297,-0.002520723674853067,-0.003974605423106637
32003003241,-0.0031022918846012127,-0.0022926121547494436,-0.009327992601911705,-0.005297065492207444,0.006089389788756229,0.0017296185639079562,-0.006509952743419112,-0.005683548329156967,-0.009409851632346389,-0.010352541408493541,0.011020746081638777,0.0056933078206832105,0.004307264401023968,0.012699552888160328,-0.003830815774058764,-0.005031027702355766,-0.0037068742809836823,-0.005440604490785561,-0.07622753022281678,-0.0007128761932906543,0.004619575962764036,0.0010517751358301729,0.01569906444695855,-0.001981215872236181,-0.005654449472261715,-0.0066597171907258525,-0.01527368080202541,0.0009842418556862702,0.0011579061216189647,0.01766994249516304,-0.01905624266632697,-0.006619592161435512,-0.014154327846032008,-0.0035007220083435875,-0.00631493170687949,0.011498156115026921,0.003595711289438813,-0.006528084146180713,-0.022513925685481027,-0.0005675578797960008,-0.0033231288603905273,-0.01072748123396117,0.0028301087404658115,-0.003435861524520177,-0.0007831303729476973,0.004092371125734796,-0.003243170742612665,-0.004578014504661676,-0.0025928995137768345,0.08697258737533146,0.0031268512024936173,0.01007866242452222,-0.023863654621734735,-0.005157051740948704,-0.14157320891187605,-0.0032596357293851017,0.00067504312863898,-0.017096058905699485,-0.007127204332289672,-0.0019568612336858613,-0.003306581653994104,-0.010299745919700029,0.009754947551350611,-0.0015417270671229505
32003003244,0.007520433432032051,0.001331746760992495,0.006479777952703298,0.004756601919248573,0.015060227082335377,0.003921948123670325,0.01108886435142491,0.004989962057488259,-0.0011432881631377578,0.04630559030414142,0.027413288627741624,0.0077458162851004935,0.006370340888910867,0.019618647485973705,-0.005270981389803328,0.0056084694370292995,-0.006875384602249607,-0.0017347180247974522,-0.01819550032774882,-0.005873978124154555,0.009296914730844623,0.03301231014244399,0.0638812537767406,0.007072592793371654,0.0010889004658040128,2.7026014958748343e-05,0.017744603074095613,0.003214197927354484,0.005937694794126676,0.02189411668392175,-0.0031401447180411783,-0.004249910764325429,-0.004466884119636533,0.01624547089792509,0.003736944578288903,0.031705073884150954,0.011619561963348062,-0.0025650969992391057,-0.009594503178628913,0.013944689907654906,-0.0004972376728723091,-0.01607794364175598,-0.001613438459577834,-0.0025586076300126584,0.0039034542175193057,0.009565292412163744,0.0006830875029756471,0.0030503038765872705,-0.001026735724761793,0.10749318069949128,0.00488896958599789,0.03111169924390942,0.012146409445557926,0.03310629290546283,0.07954567336517454,0.001091134098622587,-0.000508570007582107,0.0016716210134846534,0.017770534402968774,0.04835654813504355,0.0032104382767214287,-0.004802196024933048,0.03876518702683898,0.010147870723048414
32003003235,0.0826664995999467,-0.00010421943133190712,0.010240055911632724,-0.0015971192984138955,0.00919860975072995,0.001257312057021132,0.0011823596235554605,0.0034187452231259417,0.002833633979014548,-0.011726680881687667,-0.011090698585648076,0.005598195417682968,-0.0013639321394661656,-0.003978780750568389,-0.0005133422340859473,0.003059697888940201,0.004296824427961079,0.0012930145134962693,0.02260791849453323,0.003930892462917033,0.0031615877297207877,-0.01014394137702352,-0.012630999295301242,-0.002362300231943918,0.006190270896403425,0.004390146218821565,0.004461010204842448,0.003042409499473951,0.0051899441352166375,0.02192302234254839,-0.003893388965629062,-0.0025561920578354826,0.008017167101268586,-0.0008049483294112899,0.0018891597418245088,0.023016212355475754,0.012842534811976012,0.00013959372555144692,-0.00719066942903007,-0.015346377395419056,-0.0019380315231299454,-0.004051401692154176,0.002876759566661591,-0.001811087760849949,0.004661110447862069,0.011095627094970821,-0.003388437567609225,0.0038016430381823813,0.012096122486018036,0.09824103298463306,-0.00010964580340992818,-0.010058735407469118,-0.004800733297413458,-0.003541054357079547,0.07006642783334525,-0.0005187845984310586,0.0019001406608791104,0.00446356693152399,0.013211136095226485,-0.040073576779932694,0.005001085123813857,0.011972158666929786,0.024237559332295322,-0.0050224817628248914
32003003309,-0.023004072427359714,-0.0019338964626221958,-0.0009477520525198084,0.009546108355314683,0.013447655419601844,0.004144669020395164,0.0007752320967383336,0.00425332330958785,0.00128543638804838,-0.004964636736774414,-0.026636230482987265,0.00484630468837808,0.0016319688134789907,0.012732625683926949,-0.0027688447137966163,-0.0002853702719605302,0.0007706189397870633,0.002431795107461291,-0.036588563663210186,0.0077364965490140545,0.02914600284543048,0.0334566511244357,-0.006553821193691048,0.003724076598173685,0.0030028205786142483,0.00668024245415718,0.007370918352715405,0.0018297892046410505,-0.00597465937983316,0.028249650478417175,-0.00023859896813544762,0.005373588886647961,0.0002976696365976679,0.021784111564292528,0.0017482522278040296,0.03002791874769228,0.010406783590035022,0.008002062186245175,-0.01575537602024262,0.004079270789529836,-0.003431671680374194,-0.00548058858451928,0.002382772909342466,0.004773013473086911,0.022711074590791167,-0.0020416945361269655,0.0019042264200748197,-0.0023601954275660245,0.002195974316720932,0.09006553535388107,0.003595562730767737,0.017182864900988457,0.009521796837701182,-0.020670833343767535,0.07965987566575544,0.002215584731754315,0.001491862918206007,0.0008772011361087369,-0.0067984844776339285,0.03239139473869717,0.006212485506931389,0.03133591936315399,0.009364997881165286,0.007456775028930422
32003003103,-0.04604399893998497,0.0035129041264764693,-0.008885361446741966,0.0026471841060251564,-0.0016682930368588044,0.0027386876925207444,-0.0031413094598291822,-0.0022116843054637496,-0.012352207809648545,0.002005322670176476,0.011706212574188324,-0.00900493700416271,-0.0011368851109892087,-0.007848084502783374,-0.0024677837352069473,-0.008842147270353928,-0.004026079823565403,0.011148946694500703,-0.017248846704623944,-0.007562724142465028,0.00037848680006164354,-0.0022456469812478365,0.01900173354207921,-0.0008807739652113215,0.004684854081663089,-0.0057916343592320845,-0.010360127955423954,-0.0010078620883351398,-0.001328759393317456,0.01735561052231493,0.001168441510331359,-0.02168421935738779,-0.01590507487985708,-0.01048831372001077,-0.006002445484196686,-0.023599662823850093,-0.03069069370606573,-0.0020795468578101548,0.0003041478880355952,-0.00577701231539042,0.0035275223061526236,0.0018193762124325118,0.0005929141368369584,0.004235738820518569,-0.01882731922330863,-0.005074835751559859,0.00039008694173298645,-0.0028822657229519346,0.00014050626452717332,-0.0753736947252168,0.004444787794444736,-0.011558497796512369,5.7054793490545235e-05,0.006408922497789899,0.0325821011359007,0.0011004883242042302,-0.00975311166099496,0.0031209921131746922,-0.012563520123005946,-0.0019394155209886397,0.000697545165771681,-0.015023609766257065,-0.013923647394168218,0.0001351185360326476
32003003220,0.11598906355751455,0.0016229207473342994,0.006841001961845062,0.002767294256726802,0.016982823794445632,0.005017713895186443,0.0009853858750390825,0.01375546579661708,0.0033336517215690636,0.01147853948823762,-0.011438463708067934,0.008471703178893513,0.009237169242491556,0.02683291249833687,0.008319399083015143,0.008833580533323646,0.003939310359422322,0.005245817808742657,-0.007720419348513607,0.0068515435272472865,0.038445418432275835,0.05433168754122503,0.02622466177101932,0.00989236774084115,0.007261111841014692,0.008150646020128913,0.005163759305079151,-0.00048678751325040434,0.007246796983312328,0.030793472624448072,0.000639525278019085,0.000864668486896444,0.00520300659065513,0.03988173987172498,0.028490215900176148,0.05651474086220007,0.017990090270615378,0.012457567976776296,-0.028678480938108368,0.0012251706867047055,-0.000755943881517071,0.002122194728012661,3.269124429670618e-05,0.0035792304084037506,0.026357242532521676,0.006905687152465612,0.0009005073433814005,0.007552721770734785,0.002065412544353057,0.04284414840636695,0.008094102305788614,0.00764350196431343,0.011074165183114371,0.0030352251742917554,0.10266833144552016,0.00377132716278051,0.0013732041657920128,-0.0010123984246687917,0.02528589753730417,0.020552450863713868,0.00912462589362153,0.02596378852154198,0.05127791168911207,0.010555069681220506
32003003305,-0.022642574575777976,-0.0011588766829716537,0.0006135116272896639,0.0008224734070514529,0.012021192587924497,0.001893933293240841,0.0026372556743197184,-0.0006526366309171849,0.003914601284402758,0.010206730138456709,-0.004339913539132409,-0.006443456785401608,0.0018316233658599338,-0.004489576263544899,0.00045666140406962094,0.012940143137524547,0.0029902164460215083,-0.001798639935545992,0.012134593815621094,0.012296715400324766,0.017324174350926435,-0.0012118984305542026,-0.005347683014125044,0.007812937073782408,0.005514741364745313,0.003067467792095113,0.00020826109464972713,0.0026171972042669032,0.0037301120929845335,0.03894937870733932,0.004627653256760139,0.00405828253305284,0.007482373875212784,0.00938582087049936,0.001758586880532224,0.0450287966820481,-0.0003256707782386487,0.005876413532365001,-0.002957389222241435,0.028854613250635257,0.016590235980495686,0.004028600164847743,0.0025034868499055687,0.003563783876916307,0.011138205171562552,0.008017578945285013,-0.0014329046797691514,0.0018230022796728745,0.004953474186535115,-0.015787050385986472,0.003734423823144481,0.0014223288476406775,0.003738421708153183,0.01671365806295466,0.06118471640700045,0.0022822986059169974,0.002661706647574819,0.0011769000299430787,0.001207248916340678,0.023929732067124544,0.007251042280611723,0.02164809875466364,-0.022831496916168575,0.006215920063879114
32003004924,0.022158611060988077,0.003413983681057283,-0.000968100676691549,-0.009571085655094336,0.005244767113943812,-0.006866354753248418,-0.00804518040102624,-0.0013133127982179209,-0.014351356258944573,0.0013159066417307865,-0.012985764022844713,0.001696888261935893,-0.009242374352997452,-0.009825309852830252,-0.0034468425988168332,-0.006903744133883908,-0.006968574624149628,-0.0069422560115789105,0.01867127783842493,-0.005197476740247929,-0.016504783762472386,-0.004970957768707731,0.009216559369873083,-0.0038271349425671687,0.00750601965889032,-0.0018500340413805181,0.0011594238387241241,-3.257932849644363e-05,-0.006655174449024139,-0.08152775827161081,-0.01058844121581303,-0.009327039029421537,-0.014668449638459136,0.00913837109779442,-0.006975836503456173,-0.008503853454256447,0.00248008582300847,-0.008035311816725314,-0.029138370816559678,-0.02424897549983604,-0.005587834790624175,2.1105520907305207e-05,-0.006212311554029619,0.0015681305600701906,-0.007007546339054338,0.002503540631327972,-0.003038485483244546,-0.00391965427462635,-0.02731977519612627,-0.03357713229708111,-0.0020346641627441804,-0.02701662569639457,0.0013234513618902647,-0.016137318060971767,0.033781256179004085,-0.0009557866913935666,-0.0005723558938494188,-0.005381032521028864,0.006475091607592294,0.013951251458479924,0.00038252346032040664,-0.008614758812700322,0.012779985106498264,0.0034797385313564016
32003005006,-0.001139769845377609,-0.005140402697874447,0.0005196552561103416,0.0004555889234184561,0.01224716710221278,0.0035357388870952394,-0.0026202809811634972,-0.0012882235891798505,-0.007105400841345819,-0.01016922391897179,-0.011735971275364347,-0.01872168660587073,-0.0015691401350997748,-0.004886376109002635,-0.0030278446697873367,0.006659880921767324,0.00011627600760332511,0.0030916180535858644,0.011770756449014569,-0.008061040975251583,0.017232488486363242,-0.00023315631490476916,-0.0002168670472983521,0.0049280250898142645,0.0011986051626821687,0.007550641843622541,0.0019086500258685257,0.0010632420012331902,0.0004370240145082957,0.01089111491545876,0.00022708937529459912,-0.002403984337275359,0.013949171022974544,-0.007245562810421798,0.008146182053322492,-0.03243330323389934,-0.027300819484162936,-0.003933227230659916,-0.011230005402140482,0.020739841165827715,-0.008162588052827015,0.00012359079630648074,0.0032659494105308842,0.0030362254918617554,0.016866299988893215,-0.0021249272256447438,0.0003200484681275898,-0.002465202899614945,-0.003513512677506349,-0.15489537309886303,0.0036190141112058772,-0.010415720579410565,-0.0033172996085228668,-0.04300699721996972,0.04510669475821295,-0.0002683099843214238,-0.0004278517184536756,0.0018598625002888554,-0.010129854350501883,-0.003899451805722996,-0.004590969257587128,0.013366444501790087,-0.0519552771794916,0.001603239837052319
32003005010,0.0011058737255326232,-0.00030773093764855324,-0.0010584756182156492,0.00046580427185879654,0.008135647648079461,0.0017626297262319966,-0.003030010910899387,-0.0009361999838860049,0.00267982069596751,-0.019912175300879038,-0.057670259944582004,0.0026650488696296185,-0.005648800575899535,-0.010462469634926811,-0.0016937561434056353,-0.004009231482491613,0.001876511343896963,0.004202205108498779,0.020874489860791847,-0.00844093777569789,-0.014286362863869513,-0.006512441599236642,-0.15125400340412196,0.004488166187185141,-0.00594343789132226,0.0015878905033121895,0.005883012880318389,0.0018527113690746254,-0.0015516576018128054,0.02381428632171338,0.004850164707078122,-0.0006574915588626327,-0.00236720758907968,-0.0017850669300368287,0.0013032218100643047,0.0152367943748341,0.008133770141039482,0.001779367928742773,-0.005395246400878498,-0.012028963404308977,-0.005277202740750714,-0.0196698319410208,0.0013587857746558004,-0.005221753761342801,0.005312379228017398,-0.0004197756853946202,-0.001366790451079652,-0.004319192115643675,0.0003181863255567751,0.07384644443490375,-0.006125777166482117,-0.011524703939062231,0.00101191886384722,-0.037266572595054975,0.03599762535999074,-0.004936007319022449,0.0009585418727069173,-0.0013641557633880888,-0.01160137161720503,-0.009940334215481622,-0.00045613764970294955,-0.006095449317943045,0.023238625543483365,-0.010416536256742168
32003004923,0.009943783976251534,-0.0014460735947236377,0.0009037094597618868,-0.0013074714138328943,0.011227888891969554,-0.004778175119525112,-0.0033608299919691137,0.0033680475723929606,-0.006082472624590518,0.004817008396468225,0.0014031873662004334,-0.0006734132869046077,-0.0029771830277131287,0.010594462416876295,-0.00038003713482230085,-0.00699186266265082,0.0026172059892516863,-0.0010943617285126418,0.0037931121278395965,-0.004886296138802894,0.008743836160800302,-0.0013670782830065772,0.0042659208270211645,0.0028780738363510345,0.0044410049527156175,0.002946166514300029,0.0017576362757146177,-0.0008886462053379839,0.0016624131275160255,0.02560443234747494,-0.002639333343023239,-0.01001439562616372,-0.008942977653918001,-0.001138681263508835,-0.004136391034742536,0.026084951251811782,-0.038124036300311824,-0.0019456461120693352,-0.025922622805422447,0.018252828365609583,-0.008747012650310252,0.0020322805083694386,-0.005028662557696316,0.0016047751009971099,0.011881327658276297,0.0026554787902852138,-0.002279492530240777,0.0011585604963105468,-0.0028021253977967764,-0.1770938584592791,0.0011763635050359325,-0.004313447625692186,0.000300403814290664,-0.00600067428197164,0.03756441209017554,0.0015820762137592223,0.0016141500438671284,-0.0007153251698832133,-0.016317010855880276,0.025845395384486367,0.0006784042068308472,-0.014950805404315568,0.0075064393839145895,0.0038919293083877217
32003005107,-0.03266302094194133,-0.0014717391479764663,0.004664471835087503,0.002451046918035152,-0.008435060981111353,0.0028677878478356486,0.005553357744053417,0.0014490107114755015,0.003933136969581704,0.044214579246983465,0.031167108523057298,0.005713460570985034,0.00553819642599542,-0.0020648925754428497,0.013710299518851535,-0.001427439337394845,0.012994964694742607,0.016665582899950394,-0.01079115257692274,0.0075103318246604826,-0.0019079268159474117,3.5664322966280357e-05,0.06425482808825013,0.007176058081580792,0.01961613382086419,-0.000953124729039992,-0.002257017598994878,0.004796362584180364,0.0006870762258886369,0.023730130162773883,-0.0035219420226587396,-0.0065481032805808454,-0.0032288232452967604,0.004096606308066605,0.0025481963963162185,-0.01818470577804995,0.005672941555506178,0.017827762893272564,0.013301728075857956,0.003231014453535816,0.004159660971374621,0.030697864308609043,0.0035754910434402875,0.006865347241979628,-0.0071520802110991415,0.013154324134054601,0.0026665270631160685,0.0028115818733196853,0.003989648990741961,0.14049240901001978,0.007570017347579916,0.03204279829921346,0.016050195826858484,0.06990260564248744,0.016012570949936255,0.011454954530748752,0.0016721420958850013,0.0029149905496264642,0.026855639990800904,0.02572314872514963,0.003887382091483116,0.010145467957225311,0.039009698473060433,0.007206977316936602
32003005108,0.008479591204887534,0.000538977081811052,-9.298905185294224e-05,0.004113191405199002,0.013637883102444735,0.0026795262219327302,-0.001479495431020825,0.0029561786418172437,0.005283062758058342,0.030681361599783675,0.030396841825778582,0.007700598780650617,0.0041687976017766495,0.0028761166057047183,0.004744380467060507,0.005802719579215993,0.00612712048524057,-0.002545951357481544,0.06045736460392625,0.007693942223514485,0.014212903422407842,-0.007748865002166871,0.04250886004594588,0.004626901295546013,0.002999184987034487,0.0035568856522249148,0.002660156930551885,0.0034570270678780214,-0.0005072866185670934,0.02974422968849678,0.0030820301871418918,-0.003880801812542056,-0.003763880539469054,0.009388238299013515,0.0029135658129899066,0.026208854448975572,0.013591783511820733,-0.001689490983997482,0.03653374674712595,0.022985965397461776,0.008076113673436356,0.010687352075435252,0.0015935395324827408,0.0029093204169826402,-0.00787753935233457,-0.0020956953621454944,0.006179686218485551,0.0015210353224757757,0.003578371774654643,-0.007333387287276271,-3.949751996214629e-05,0.012693566490520218,0.008365790928706896,0.050575778653223276,0.08163119157885149,0.0024385533418814008,0.005152880851254515,0.007213155596454381,0.02033340440506274,0.024836697649343334,0.0043422789298161995,-0.0016789197833300786,0.017169535743966034,0.0019508893619908276
32003005200,0.023634636847220558,0.00218291038079597,0.001069000672080781,-0.0040111739144598054,-0.014206905179702746,0.0004118893148185803,-0.017527191169797066,-0.0021785199858078163,0.0036926432362179625,-0.011519604175911401,-0.03780996772893446,0.0033751819169948734,0.0030794169965384314,-0.019349882506575516,0.002831206012704155,-0.005148899539135593,0.0016861277152188572,0.001581700858604667,0.016223712772326346,-0.005509464610699665,-0.01612307716975218,-0.01746333062991242,-0.005490988795408991,0.0037680368059382326,-0.005895214904473184,-0.0018159669720275882,0.007869950070680164,0.0008539845028984958,-0.0008918417582399391,0.013808872354531323,-0.004160612163541538,-0.00844726916300578,-0.007114169277601438,-0.011199684227208151,-0.002722406740134727,-0.03280359525344334,0.007291173226206051,0.01242419610839903,0.006083431445277386,-0.019922773767324573,-0.0029354248527682252,0.006587255396624835,-0.0035474777741862453,-0.0014840662350888538,-0.017330655878619847,-0.003574435942655623,-0.0009347915479639312,-0.0035128318838777597,-0.004008219304483283,0.10984629403827786,0.005529330588672693,-0.006259740237886538,-0.0067968555630439536,-0.008565210154602132,0.06350514321502115,-0.001446492876330367,-0.0019076465284536455,0.005409022170099015,0.013972261426226554,-0.047094568408115524,-0.004803823821444296,0.0018771785498364192,0.0228387733122167,0.0015529524067181444
32003005311,-0.028814885223297563,-0.0002145221064605909,0.00050796166551591,0.003322755149758349,0.008185089994164025,0.0024386114695715035,0.00453535686783911,-0.0005090329210705692,0.001512229926787645,0.01320027311337577,0.029299394244342858,0.007419596328622826,0.0021643806984395263,0.03185643119549018,0.009690682530174773,0.004040844347228101,0.006988354956938383,0.0002860032466607806,0.014508430960182206,0.005723907373966362,0.010711129200604309,0.002374903403784093,0.07238974466414742,0.0073018707081894,-0.0035360890102227906,-0.0015479369746011738,-0.003877702054035023,0.0002945352144469417,8.015232200664734e-05,0.013419863180318958,0.0006739838260231905,-0.0029011086950422454,-0.0044096908587657,-0.001728509777255945,0.0018336627334759757,0.006280612127261231,-0.0018415534936208297,0.0014080235379224843,0.007229496371622792,0.031768190437117406,0.009606646759093255,0.023283430843866196,0.00306375510451764,0.0035065379630456624,0.0051793147598055865,0.014163729245368862,0.0017442001335856803,0.0019212276323421814,0.002090178403752165,0.1133828362010876,0.0019068203828476486,0.0022933513120111104,0.00911718990115718,0.018580830589822368,0.07803619390820928,0.0018529245247135787,0.0002756370232235523,-0.0034016606013176436,0.026217933821983574,0.016069091100720547,0.0026675500658900585,-0.006606617507072782,0.017630734251147168,0.004345951465515633
32003005312,-0.011959200743696432,0.00011191676668123323,-0.0031937449525900933,0.00329495665489692,0.009580789193050296,0.004875756898838094,0.013470957435127684,-0.001138966457348057,-0.005936995622926663,0.03490659949143762,0.028475842009296287,0.005022036197955921,0.003297266635709122,0.01431071698556075,0.0032276332926541042,-0.00034100720100948526,0.006326516954187026,-0.0006314731723856775,-0.002665358910319514,0.004272273548797939,0.01146285277492022,0.001428411331022037,0.0729380897726411,0.006456710967635384,-0.003572046464460299,-0.002081914064078458,-0.0060418373966904726,0.003677813749642359,0.0013973016638620262,0.019411351868354895,0.005025217144940572,-0.0013234949759147027,-0.0049180547320007845,0.0033094626965714316,-0.0029120302919577803,0.033973424489040255,0.0043398373411412715,-0.0029819926221753153,-0.011897499592776889,0.029058906220920316,-0.0027203410139427153,0.01953451447424028,0.002222042283698328,0.0014219571527661794,0.005794542157460982,0.011255916963537433,-0.00257635781540918,0.0021114348066667192,0.002236749008114258,0.11570139245662141,0.0033712725172428556,0.025701317187332727,0.012599791347986654,-0.004618490711926434,0.057208971030386316,0.0007063047720809809,3.144305877560981e-06,-0.00015320317698264366,0.020962368048782785,0.02661738907486571,0.0035971560759248578,-0.0018430128379712991,0.03210858297399273,0.007447741450179476
32003002974,0.04619878153404626,0.0019217046921718552,0.001722683852142627,0.004206269687513557,0.02255447853977419,0.008159062962671701,0.03067709373960353,0.002814750654269682,0.006929097863630047,-0.007108752492354911,0.015386926826916565,0.005194734829295787,0.00419648868100821,0.005513549258554071,0.00012619148808262832,-0.0008843203891174599,0.0007589377009658052,0.004443948598939006,0.02535006207030829,0.0034367617086626533,0.0161140805264235,0.02040780061268572,0.023575584415172254,-0.013561788606123336,-0.004153974516592789,0.008131636939023596,0.008366703891397965,-0.0014839170010511517,-0.007985562607269027,0.02920670524587719,0.01686145002163111,0.02636858838257747,0.018654130552899592,-0.002090814465281156,0.006646432263852172,0.0072035966033545664,0.013360523815268865,0.0033043839506094906,-0.003864793412114003,0.026111282716131678,0.005600919905295138,0.01719999981342238,-0.0017814271876517341,-0.0021321247946162517,0.038616612441800445,0.011732521851679422,-0.0006156003980920767,0.003773701681245705,0.007290472340002432,0.08926122719686173,-0.002662846620647437,-0.008722980773237687,0.009423473096681676,-0.007562424880870362,-0.14896967833721875,0.004446974925362811,0.008331619718154501,-0.003682756079621445,-0.00014442266960567715,0.019975772260348017,0.0016084187832045291,0.015371696623374481,0.04242455131071187,0.011849158211553834
32003002975,0.032078030452291774,0.0006513037860953923,0.0010878239658588902,0.005736218815419608,0.022946476155357453,0.005669957629403338,0.017733661055695214,-0.0017399746552591794,0.008050572316311524,-0.004619711360143628,0.0061620603706099,0.005911490079047259,0.007641069133248001,0.0073044899404479694,0.001115282936215115,-0.0015098170264938684,0.002131042744344783,-0.004133708309549194,0.033380731352761706,0.0028719741857940887,0.010256015496995237,0.009094261336571447,0.016400831682058924,0.0018499595302034157,-0.004960337191098911,0.007598436737634767,0.0060775853256946075,0.0026389979497907804,0.00416672037580064,0.024159248306567235,0.017590714992830988,0.022629373927195016,0.023226867540802134,0.000720579835994539,0.0008965934219675782,0.01835841221635849,0.011749787244650653,0.001857841262429103,-0.006242020075372065,0.03574645445463988,0.003909647469035548,0.017003054682386668,-0.0011304184260259322,-0.001448036057986995,0.017817223961080916,0.005433044927554625,-0.0005786997960764851,0.001697989002752945,0.009400489300688125,0.08638916653180252,-0.003902334869492194,-0.011733488630656368,0.008361747956634647,0.0035956726303089204,-0.08598270895407417,-0.0031223388942847614,0.005301138197401646,0.002665362293875204,0.00466234599345823,0.003853506208165594,0.001676239279836642,0.005549182798218565,0.03200254123521438,0.0022818868187221676
32003005351,0.022678842134802587,0.0038335218552118223,-0.003142977818150056,-0.003232273031876022,-0.01563828953617199,0.007192212639583034,-0.016347550507137914,0.0009855961138486486,-0.0028391885710008563,-0.012356823628441012,0.01540655290995944,0.005046248788938855,0.0021641258706260338,-0.018440021927651953,-0.00984785549335482,-0.004904560148350339,0.004619999808269724,-0.011346106783218285,0.047959083118373894,-0.005968234089050185,-0.00995245616333745,-0.0003935893681589762,0.052374755690193384,0.005547849338570307,-0.013727301965952402,-0.005322239939475488,0.007134113364716495,0.0035315735179393625,0.0020394731280483466,0.0014777875147372376,-0.0032269098130642505,-0.008414197587461859,-0.005564005961359589,-0.0035274301872220415,-0.0014330165401716095,-0.020667253428066232,0.0035544282572110056,0.01318544474689905,0.028273797615797406,-0.017954366485144178,0.0027204119181266856,0.01431056826151367,0.001215173517678651,0.0029334908595044216,-0.006604833611378825,0.007442067041240255,0.002719785638510564,0.02426091915749551,0.003581476707805893,0.10493339294052584,0.0025518572103741697,-0.012660822936313548,0.0023264624638741683,0.03001030055333589,0.06734661054851777,0.0030319903668413893,-0.003071386594685225,0.00029416306979107375,0.022153623987151816,-0.0019762594318457733,0.0015165541249712537,0.00021803958649523113,0.016289942282392545,0.0014180164593718017
32003005350,0.023302468481860183,0.009726216666094665,0.0032947158614073215,0.0012085979886649213,0.0003358645142646567,0.00016661775339378497,-0.010929309629329632,0.0009562157043175508,0.0003875624757827111,-0.004351685483493708,0.02344109756788055,0.011209118590528528,0.0026647813098990302,-0.004871910515805675,0.009831768400453723,-0.0031199132164671556,0.0042634819537023935,-0.0005339332993403444,0.05328493289418142,0.0031003735589544426,-0.00548772763353575,0.0029412921425161142,0.0553494670197288,0.007910945126692697,-0.008889129853381368,-0.002583877164799019,0.007548142098946064,0.0039449209583707874,0.0022209013482605384,0.0188709820552873,-0.00012677486249979849,-0.006327077357913161,0.005477963222603233,0.011216827510047048,0.0020415251125634943,-0.024356138947019774,0.0075640732652293916,0.015570222540071073,0.028749541205375647,-0.013904526511528719,0.007061691490092622,0.005672778835699529,0.0009304004872999371,0.007354579299249238,0.004484576816270785,0.0099880524651032,0.005606927757414981,0.03099750166775576,0.003426359027703422,0.12500244582772255,0.0022565478525340935,-0.01184677867778038,0.010623871488627746,0.1161948153215832,0.09804511480355381,0.01036010640712089,0.0014287786482654016,0.0016306448305040868,0.025312252071674018,0.009743683024223527,0.0026222682540822675,-0.004472802117372633,0.015482722848608207,0.005528586960421421
32003004925,-0.03262576057346858,-0.0070969584883930235,0.0008438722008206357,-0.001993845520429673,-0.012652422802921554,0.0017573239708943917,-0.006696063872003235,-0.002565521385168272,0.0028451975996485824,-0.01706835691290276,0.011629764500708073,0.0006271668212938626,0.004335893365163386,-0.00895186857668007,0.006718857118187441,-0.006351087632005796,0.00380069904385185,-0.004686388171229504,-0.009459205086457277,0.003444219615821546,0.0007410289834812748,0.00482255244821532,0.007303826205422997,0.006918116274206869,0.014686061865373716,-0.008553685522354406,0.0065803695392477445,0.003718042333762965,-0.004011786974599888,-0.027751925194239104,-0.011819013962116192,-0.01060196401324088,-0.010371363160384698,-0.0017652066053543394,-0.0024737233539878166,-0.030980949378659257,-0.015442601390151956,-0.003312856771630271,-0.010084616847818136,-0.003919177321991985,-0.0006081611923996509,0.017089889816500763,0.0019747886159210914,0.0017081223084633576,0.0044437758390034506,0.006804497194834203,-0.0004987904682311528,-0.00027036425942881344,-0.0029957523955956157,0.08988584957094894,0.0036175314496028604,-0.012596072220211679,-0.012052945373922664,-0.005512673611183568,-0.09981419445214705,0.005631568324831427,-0.007729456073053684,-0.010660033720346632,-0.004206968770991795,0.005110288199431851,0.0016999563524308294,-0.0045246482935504566,0.01744925789222642,0.0018699843704732268
32003005607,0.11773232709237046,0.0007141271621521628,0.0062529080013111055,0.0021587660710697025,0.019601691169598486,0.006484421158461612,0.0026287433226801823,0.0006683646482539278,-0.000857576735523451,0.04553129096475878,0.04924884648302515,0.0073337244048971816,0.010352434281360822,0.032292035548545046,0.011465847351763338,0.0010128916776440426,-0.007077957722443611,0.0073288123423273736,0.04542858877198672,0.023467266090893862,0.006311908067678595,-0.006550745130910309,0.05072602652133986,0.017307666532476573,-0.0008269854013498198,0.006210687742333556,0.016328351599629684,0.0021009499272685466,0.002704472987356166,0.027501269030780165,-0.005189179218822219,-0.0006565099505875223,0.01344544931812257,0.0010029703673564816,0.014490186824181954,0.043076462863909655,0.015350359772074591,0.0030637941875107147,-0.007675277331361254,0.03316330636896032,-0.0011698930427781135,-0.01197701027554335,0.002525071796377703,-0.0012010725430884016,0.01698366204411117,0.01562076698573484,-0.003096530126563459,1.8408154407629786e-06,-0.00021791103897673606,0.1385795745839518,0.002104620731331793,0.02540454868931276,0.014801382311911524,0.007799766556507359,0.10763697759774098,0.0063110349724467005,0.0011682610668646732,0.003816529940594028,0.019191084069087046,0.07191163593397179,0.008424240215581578,0.0072274250301143095,0.05671255343409308,0.0032796970204908935
32003005871,-0.060992891260373557,-0.006568260849615303,-0.012183260788606534,-0.015863777128073978,0.0071515650800920896,-0.011093040527065716,-0.017767459145277817,-0.007139108700364207,-0.00961962526637618,-0.006591030410948752,0.00962267313037094,-0.01314168299124502,0.0014872947708104932,-0.009190497523258264,-0.002818031684626452,-0.009520006063509744,0.0026271031377151422,-0.019659045082751785,-0.025684582489398224,-0.009948846661501358,-0.006335598589643357,-0.0010303084738486567,0.00855888782989825,-0.003176371448048129,-0.00814828508041716,-0.005314764959088044,-0.039692447838827416,-0.0035366343254748934,-0.014184857410618324,0.0063424129833933515,-0.025754314962434313,-0.0034935534188812326,-0.005505005111981907,-0.003522913411564356,-0.00953515748832427,-0.0071682972033820964,-0.0013892656876858666,-0.004608368882344161,0.0006112672000636182,0.015329232508703848,-0.02054913371886896,0.007912684310775981,-0.004051914387690785,-0.0059545081925349574,-0.006808203545660981,-0.0077265075451317285,-0.0036810934826879806,-0.000709060337589028,-0.004782671526396106,0.035789179600418615,-0.005374867502276588,-0.021911025511801695,-0.020897932816240944,0.012974878256766237,-0.11304067619462375,-0.00174173576101728,-0.002316363857244382,-0.00332195869747764,-0.036005975646679074,-0.005831520922517763,-0.0008947624453429227,-0.007548566416057296,0.008535004487692587,0.002798990228196897
32003003645,-0.039067960710501705,-0.00495449754327976,-0.0011783279901399545,-0.005136014912947673,0.004234760662720171,0.002020698957581752,-0.007782370769580305,-0.0010378318481910522,0.0008899616804912828,-0.016627766549923585,-0.008649601756277863,-0.001948474928373631,0.0029865152000022013,0.008324028342953108,-0.00033980348549528185,2.474435339443188e-05,0.006402568696420874,-0.002208820439201082,-0.03297094841224404,0.0023725717115450026,-0.0012070430519896104,-0.0009872065242684254,0.007002095179413985,-0.0008254824098397545,-0.005210150353400903,0.0018559277300653969,0.009257828075723038,0.0020484902101697857,-0.006730690694662629,0.010196743639211534,-0.017218348816292264,-0.007827949963424239,-0.010965750118009588,-0.0019858843447670234,-0.005207300599913225,0.00029405526980428963,0.003610193713534572,-0.0022352919507985735,-0.01562947393263798,-0.019968127449346177,0.0011755762990036988,-0.01079697486649721,-0.001079922117611008,-0.00011389926237078923,0.0020252902509748996,0.0034751572259061865,0.0011383832283771704,0.0009409396234990288,-0.006217901091755926,0.08177241142355401,0.004375959693549237,-0.016553586080472072,-0.014463437686696647,-0.002764406510467264,-0.14754622231261327,0.000289738025468708,-0.0024353169603871807,-0.005922515886981088,0.004695439783087049,-0.0319949440596913,0.002806504667697069,-0.0056318429414773585,0.004490204296972536,0.0034101526665854987
32003003263,-0.025109638809230953,-0.001848223663886406,-0.0024681583669869736,0.002961910625504302,-0.005986622042461445,-0.0005830131074272695,-0.004810549615949476,-0.0021528844081919844,-0.002008132070884482,-0.00012778551095646857,0.011310595272928757,0.003935889746199399,0.0005374670960735491,-0.0055996027803729585,0.0017164930055967801,0.0027275097761244455,0.0016755849104145599,-0.0012771313295371707,-0.01777494577872057,-0.0071353961481171345,-0.010343607283882278,-0.006338790511623787,0.039811784852038117,-0.0006790520684382351,-0.003618761659718452,-0.002904205791796605,-0.01383934745837621,0.0003275305569892659,-0.004148255318874569,0.015587228330667818,-0.010692474452106165,-0.009271870321349693,-0.003863750695906192,-0.0010356616934783817,-0.006500591856611563,0.010302873059968356,0.005088668800598913,0.002802290197606763,-0.003619509119134476,0.012268761050714514,-0.002636715932774908,-0.007939670574189843,0.0003115454712828952,0.0024665740698117406,-0.015070839689525564,0.0032868984749460555,0.0003092623105247067,0.00889175737096099,-0.0007903618140550524,-0.16928710288139737,-7.854694717702219e-06,0.0015777616522486457,-0.0026553028643861317,0.02900406757187617,-0.05501045646114372,-0.005124460673179546,-0.0004958498301301069,-0.0036652550828936434,0.00650649308358376,-0.005262864296931631,0.0011241641034832168,-0.008655742201716884,-0.054490384000318005,-0.004158308134181439
32003003269,0.0415713636775191,-0.003181303092836332,-0.004470698103856855,-0.0020574929485602674,-0.042492107326000124,0.004090158271118253,0.0016544729078330014,-0.0034010637626961694,-0.0022047307832941767,-0.012874939363952901,-0.007358294632868122,0.0034984749351827217,-0.01767081503564911,-0.010340539046521244,-0.0003180990342838424,-0.004007637541340905,0.0012843993984619603,-0.0034873002415378865,-0.04043116819764042,0.002379879071372666,0.011219197223067617,-0.0004949209457844723,0.011487605746032867,-0.006512471728193501,0.014418134660143618,0.0050933322862702765,-0.010192334372164304,-0.00344659911299507,-0.0012538131035237177,0.021036934782113607,0.004294679506562893,-0.018416818707851796,0.008873825858364316,0.02334312374862062,0.0020800010340218888,-0.031362901024621956,0.0023773310522899084,-0.006565587653465832,-0.0395042996677114,-0.013555052260902882,0.0005757875943448358,-0.017706623120279173,-0.0017462500092207127,-0.00027310160912767477,-0.01163562382374683,-0.012310014476755468,-0.002532929886938012,-0.004891869073036579,0.0017633988665779203,-0.12682197771175502,-0.002172292689430348,-0.012595098511091782,-0.013747346013332253,0.009514746258709347,-0.14951322904884817,-0.0037112516842425975,0.0012364891992491943,0.002345379136038716,-0.012808729918680475,-0.024190526309766962,-0.0003405040308832534,0.0029126188612301923,0.01736092325031162,0.001751172883021562
32003005719,0.012783064121167493,-0.0019369402211141349,0.002250027972373503,-0.0009669219544930989,-0.03722325688923262,-0.027632699357658715,-0.03646471228708338,-0.0016733570231208903,-0.011319399459689298,-0.010586531917174983,-0.013153792780429703,-0.0015585969742219108,-0.04270756344134884,-0.022744116870005316,-0.002019117505164951,-0.0008456494976638821,-0.005674158280376722,-0.001814300970125507,-0.02021679696360526,-0.0023471726594236427,-0.02733245767053023,-0.01141321714217838,0.022485190321944574,-0.01688968848312853,-0.013233188856082712,0.004171441662037216,-0.0067624616143466395,-0.026303886560621027,-0.003862169418996291,0.005525537992078561,0.009070658439642859,-0.016229779811396467,0.007546315742297623,-0.037026693258911565,0.0013112042381686734,-0.011252529557449483,-0.003064513278740782,-0.0004561530499979562,-0.023870234789596996,-0.021527690946088557,0.0013767259646501986,-0.005004448288124774,-0.0037750622637975966,-0.007290393215484415,-0.02129038131867549,-0.0050109306926553,0.00038734132463978535,0.002741399976879557,0.002674886163483729,0.03212748149621147,-0.006088603923939774,-0.006982560079921319,-0.013766127157172006,-0.0024504502588798324,-0.26499935748610914,-0.007132258222532841,0.0028465029365097577,-0.005665390486453294,-0.024813685635469852,-0.014893240331942179,0.002946392638692094,-0.007959345245483637,0.011266930359117848,0.005161460711247509
32003003648,0.03334169152048197,-0.006693653183324303,-0.0015426199248385604,0.0011377260926710188,-0.020715894739898048,-0.004910023749994851,-0.0026685414074716827,-0.00026321145298996754,0.0032073187577490053,-0.023317654660579144,0.0029700772147022267,0.0009221610277395977,-0.018726222102233382,-0.009130703768084482,-0.0017864197767138471,-0.003951141022815211,-0.007056341820962167,-0.0044622534353247235,-0.12156451480433805,-0.000543418844897936,-0.0008165944501977816,0.015993420743548665,-0.1382135593641433,-0.004068326320555655,-0.005294565038337953,0.004127159763941067,-0.009179763221462313,0.0028384915408734466,0.0003068001066879474,-0.1024082579664974,0.0038566755241115527,-0.01362988519482669,0.008045453189590952,-0.01047852263772907,0.010569806834103359,-0.05420624284298609,0.004167649751751432,-0.0007153435072265803,0.02081592392830553,0.018555165895041543,-0.0040462840380852344,0.010992384243181379,-0.0063627131365287005,-0.0013830608844997842,0.013947240332992451,0.0023294120591699514,-0.00029022449003056913,-0.0029332716862045744,-0.0038507824948200405,-0.17768942306017754,0.0005144235057859183,-0.018062793079427174,-0.010714337743489162,-0.10937433643297101,-0.15825539160172894,-0.006310524445726741,0.002188714564855101,-0.015329660267022888,-0.006295698140208574,-0.007552591096894921,-0.0067709711240894095,0.002865017618132871,0.017087799377169966,-0.006295187580933817
32003005872,0.06543260307283623,1.0096546360895782e-05,0.006968232511719997,-0.012629828428405002,-0.02807651693985751,-0.0172763425216648,0.028766879711253,0.025742911549624416,0.0011130861009206227,-0.009852355483156801,-0.011873338806735282,0.002482175163860426,0.013112009848949752,0.043519107263608164,-0.0036276554187180715,0.017117726541119278,-0.008758999438333581,0.021170650292251514,0.006336863959795531,-0.0006812137447183204,0.01417395254074969,0.007902796033065925,0.040108294310291434,-0.016224902560724525,0.027008328176291792,-0.0012052219924709388,-0.003315383221092441,0.008555955400499892,0.0025019216068029784,0.02380141371315052,0.011107798837319776,-0.00880880839573445,0.006779497591432418,0.03219526563128959,0.002816416545141573,-0.014139053946316722,0.00534962193243519,0.0019972045809941753,-0.0023025268871896673,0.004417968776709457,0.004676433469124293,-0.00938381916639539,0.0030990033336273323,-0.0019661826578266043,-0.01215169347953348,0.010128908135714515,-0.004375937572640899,-0.0028578498997238037,0.0028850520520663585,0.05949577356900287,0.00700310082639881,0.023418755961505035,-0.007045165682269208,0.04245243290030369,-0.12086904362667261,-0.0022024511401961284,0.0029276564073179366,0.00807968351299417,-0.0064408984525194555,-0.024089875140291272,-0.0033110781341070985,-0.0013941981637962924,0.04678860688888479,0.0062594799375080504
32003003654,-0.03629925655801015,-0.004134674321369949,-0.0012740008920652719,0.00042728700004956196,-0.00048356276984059317,0.0020171609795365296,-0.009240693027914838,0.003596939191158894,0.007256868899498708,-0.009604255933806635,-0.009172023792229117,-0.002551274836264568,0.002788078840118885,0.013893383534445298,-0.00048084582150335355,-0.004082650105878234,0.0031543409532521086,-0.002761153112104623,-0.028360611544471857,-0.004785765614635903,0.005998530210343602,-0.006039405533946329,0.03933432828454367,0.010290791214675774,-0.0060426578410509866,-0.004379417087345347,-0.002648537694560826,-0.00011211885002106302,-0.00017914124864835902,0.016467080939405906,-0.007846871429270106,-0.004994507568756842,-0.004493338635114437,-0.00036513105601728395,-0.0032298943797230448,0.0004632667027914926,-0.006233942201459007,-0.0033769730104743845,-0.005806649283014354,-0.022430662433289544,0.005256517569826766,0.011168872968609994,-0.0007659351597874331,0.007538242436359478,-0.009029849248257107,-0.005863653043075397,-0.001297574959741049,0.001449219678678663,-0.0036538113591518175,0.06785334370316816,0.003929858532550607,0.00790247303046827,0.008830262137134748,0.0121152419190643,-0.164851435485754,0.00023285214278068048,0.001914571585246929,-0.0030867191030363277,0.007094870584608765,-0.022419813866764185,-0.0005908737512518854,0.0005399977134293175,-0.025457122762057756,0.002040830986289112
32003003652,-0.0619580517955926,-0.0012549656548483913,-0.004560483793500857,-0.0003853506536918409,0.0016403387067089107,0.003333795384697235,-0.010406698487612916,-0.005526004671788393,-0.008687210071749557,-0.018332853887041152,-0.03732615323980687,-0.005041784307281896,-0.006999701168839881,0.005175461814628125,-0.006366414887015358,-0.01077259913345353,0.0021303015317615907,-0.005636556901443558,-0.025256573264517693,-0.010207633721201268,0.005039905217017862,-0.005111299942917801,-0.004836925441923219,-0.0013826738314748083,-0.0038187566745390136,-0.0013192312135064642,-0.009261875152823198,0.0009868934703572577,-0.0025817117182100804,0.015348362516087602,-0.012489115618407614,-0.009492011177158978,-0.011558387753621724,-0.009936481355583286,-0.004419910805382289,0.0011211238623904365,0.005585470286884412,-0.014413074259268275,-0.041519301340680076,-0.011568393866327846,-0.004485560056729482,0.0005638933728592873,-0.000867030550903363,-0.0001232780045789895,-0.002941358862908863,-0.007458505864061377,-0.0034982374227519493,-0.0034695290407075695,-0.0049986020135971395,-0.03998881769958328,-0.0002486205777538411,-0.01619774858542279,-0.009838756822408421,0.006970546156102134,-0.12645640816023165,-0.0002755823384969288,-0.0019259228949451263,-0.008029651065366968,-0.013005020342150148,-0.00041016709086216585,-0.0006410021350297351,-0.011377292984745073,-0.062080258930661804,-0.002767676905852767
32003005859,0.01422984814184646,0.0010727314259895346,0.00024045445582272123,0.003813799864346757,0.009133477912956517,0.005687828230168026,-0.0025588066023500425,-0.0010530761855822846,0.004254039720477233,0.005737322601670955,-0.010978816426285933,0.004573190775399742,0.002450029110600675,-0.0006162292998164769,-0.00015015237712746098,-0.0037827095575295694,0.007462785804014126,0.001474465666904084,0.027790108109319873,0.0008690498606661968,-0.004000572381919237,0.003353712242230332,0.0656336491115873,0.006590270660177036,-0.007596536042927248,0.0013362994322835215,0.005714730746450236,-0.0007463855493685995,0.0034627263134826315,0.013547094158815864,-0.0015254646780322348,0.0005422513853731922,-0.009038117217732978,0.0051952375297904235,-0.002655445439323141,0.03163909689768194,0.008436809508033457,-0.0023915511562033406,-0.006519473926338986,-0.020122562189302612,0.006387187497658811,0.010067052030082378,0.008557870979269584,0.0009686290898511197,0.0022957090962992897,-0.0027220451457627397,-1.0784716660181674e-06,0.014485667240535923,2.4826335076976503e-05,0.11269313516837043,0.005161212942000238,0.0040990662377490975,0.007022292957020451,-0.00014260375857497027,0.07628124889159427,0.0017418997843096204,-0.0020726338235130285,0.0012249406956576707,0.013823792471844778,0.010238904891208522,0.0021976805752707417,-0.00047379503600698244,-0.0027624248934007864,-0.006844194255798801
32003002852,-0.04319074273585567,-0.0036411114226363515,-0.000800035242202821,-0.004598001863779457,0.007684682962824386,-0.0023939241308030034,0.01116385851171931,0.003362739454683993,-0.000256622220536891,-0.009702506421930445,-0.026021783876335348,0.0009968686540586878,-0.01108484103108451,0.013748939059591526,-0.005222455055467542,-0.004473564946556464,-0.009510171814996356,-0.006324720930965644,-0.0616148766938044,-0.0022977739443835327,-0.0030697857624012747,0.012663877230134473,-0.008906846400613963,0.008252659993439299,-0.001980757905126536,-0.003902873572612888,-0.008692508130849215,-0.008917473520332996,-0.0021540320309255665,0.017486537869233352,0.005935746876644368,0.0006447128373046006,0.0162617120258118,-0.007209298149530883,0.0018228338906727789,0.015163832704800076,0.006777659553115339,-0.0005923037958958904,-0.013459460811235767,0.01664687555468959,0.001045092749965985,0.00438045578057856,-0.0014202135331140657,-0.00450596898086523,0.01841834818513573,0.005589284215993184,-0.0024771374898036706,-0.004438257443341791,0.0030914841417259047,0.06182255799209968,-0.002672832992095296,0.019752565755518207,-0.02183402200633565,-0.014521604388651296,0.02368576032425903,-0.004911804444922916,-5.05942748843668e-05,-0.000519630291867924,-0.015220533959384747,0.02131296898627874,-0.00418117098990775,-0.013111515811025697,0.018233964888515156,-0.01062909453360084
32003005111,0.012745347340596562,-0.0017674762984620546,-0.0026759795562834136,-0.0032375691355137574,-0.002565651928314681,0.002583737149109466,-0.002904659831483286,-0.0009371903513533286,-0.005685014737527587,-0.01536864014618118,0.01971586507437631,0.0023697009326547336,0.004821914081263652,-0.00358339624788566,0.0029738471474492706,-0.0038599834519516636,0.0012481202200326019,-0.00218105786574729,0.012929195648152772,-0.0011309633141053381,-0.0029356451195948307,-0.00039272326807253557,0.06320840682011833,0.004150411990944326,-0.009794472500368115,-0.0010533346287632834,0.0009357382399760526,-0.0047063769890886035,0.0018290902851668918,0.016478665642609126,-0.0025611066795592323,-0.013360520532911207,-0.00047121162701952064,-0.013602891678496421,-0.0057348000222610185,-0.004413549590672047,0.003848979780210771,-0.0021788673110003957,-0.020765362087234954,-0.008653866222666916,-0.006010409379500265,0.0158812569943743,0.0007410998683080194,0.005909750317475758,-0.015140899601166123,-0.0025688245346369718,-0.0016489453801937948,-0.0008687929816262823,-0.004193543296186766,0.10531013457516088,0.0032683447496890607,-0.01732708515559956,0.002439908099773442,-0.013945470214055782,0.062495010173336064,0.0026344630756848946,-0.0011211378803815057,0.001392099982406642,-0.016795297862363872,-0.029143818624719674,6.026370929735321e-05,-0.003965415660207014,0.02826119983237945,0.0011586373477416815
32003005116,-0.02473471892860403,-0.00025273781443746897,-0.0024947402063100893,0.0012424061316824305,0.0007319943601441105,0.0005269177838005878,-0.0016663727483377483,0.0031439613550533737,0.008742526662057614,0.02671386247231116,0.008389215195372696,0.009148596184673178,-0.0012951120676024924,-0.000535687584414268,3.208205416878871e-05,0.002071506476610649,0.0029298355301337416,0.00041162169814649356,0.023815089194731534,0.004709244741404661,-0.0041172425507779485,-0.007427286056248443,0.03581183148124533,8.433769839040923e-05,-0.0008170266800131696,-0.005767293428880343,-0.00485906871068325,0.0005325540114294252,0.0017930403296620417,0.032952549034035335,0.008633962230897931,-0.003456102674461954,-0.004104543326312576,0.0026602006390870135,-0.006474134726514222,0.018322151771574983,0.006899571550027784,0.0016113226062395513,0.05527894960557576,0.0373865944177458,0.008665729204824736,0.005378596030206298,0.0012168561142299858,0.004617597517297478,-0.012819642434766467,0.001987987401275121,0.006812234877154189,0.0011553542500821062,0.0006251553268811437,-0.1306296329032978,-0.00019186991243290888,0.010679011815006608,0.008039279257684568,0.025032482316443845,0.05192921064153666,0.002351504337923406,0.00858480154653136,-2.7032828435192277e-05,-0.008422715515947421,0.017725690109710767,0.007193290756468136,0.004626073254018883,-0.027814951430237815,0.0027506686115153583
32003003646,-0.031228747415289283,0.0021065619863089077,-0.018853808411732946,-0.006555432728978537,0.006242883969576933,0.005758057263861533,0.012322248771912516,-0.002602870816580272,-0.011468006051712715,-0.01480623212060936,0.011522500603047579,-0.0008875659255321443,-0.012634556181959387,0.012389938007339443,-0.0036487069378599575,-0.006510089472369822,0.0015613658724020758,-0.0038997768676936892,-0.07020319617491504,0.002258895677916824,0.011428295297076957,0.011051350971296474,0.006871008181606812,0.009559531317557358,-0.005109451216107449,-0.012620453062631737,-0.012957091814571477,-0.00037161124588085137,-0.0018641491070479942,0.017559651902434758,0.0025956213017552634,-0.00902228201497309,-0.008039754729082136,-0.0026816005057649916,-0.00872376001358967,-0.024292605345146958,-0.01451781105656212,-0.006148296363815407,-0.020156269427482675,0.010861618850670583,0.0041053054831492715,-0.0034617565974859343,-0.000400552432630697,-0.0038636178225862163,0.008143726255063042,0.007725411339264678,-0.0010393968041038856,-0.003400711301255282,-0.0026409604306119154,0.06845393116241234,-0.003778004880845923,-0.026266170811461147,0.005397366388120942,-0.002402940529274252,-0.1926317329758195,0.0003009137395287742,-0.006020424223784291,-0.009964846560337519,-0.009470792352936687,0.011263655881274882,-0.003593903813353802,-0.007276860906556579,0.013455746371717384,-0.013318460049116193
32003003655,-0.027845889810178968,0.003358311105635962,0.0013783846201761468,-0.004212333620726911,0.01212445614718597,0.004028075498040273,0.02340694266944321,-0.0034865837129640018,0.0022641210405849074,-0.010374803856063888,0.012654319034560295,-0.002515495456359118,0.0022497152359452622,0.007599769128915248,-0.0005454501262656226,-0.002436181667426954,0.005025031549436214,-0.004893228694291238,-0.05909950039763481,-0.0038401397573441984,0.016083104405514387,0.020369396747639896,0.01470741853928544,0.005126566260145556,-0.00032714115674562644,0.0029753516588936504,-0.007620392292040002,-0.004279957661363233,-0.003817105221115064,0.02015559213935835,0.01258977445400926,-0.008476496251911159,-0.0020345482019795487,0.001557870409876356,-0.00016975050621810734,0.020385916685726098,0.005057708854911882,-0.00021494899893610198,-0.026494937747696665,0.0010655018506597475,0.0018839239936214022,-0.010116022506605931,0.00024502915084067157,-0.003601844814544515,0.012912916561267742,0.0024527740053687567,0.001544274408086913,-0.0008647050619932935,-0.0027327174829739616,0.07391036483992172,-0.0007448230343620391,-0.020820759377830438,0.0031324745524740957,0.001957833350240483,-0.14191115600424678,0.0007897021725629634,0.0020679594018052864,-0.01244277079447556,-0.004755850742449858,0.01636939708792225,-0.0022756767663761716,0.017550650375961437,0.01908945282103784,-0.007345110933578758
32003005722,0.009690970654761764,-0.004615848620557419,-0.004295826892554365,-0.0007053580700562066,-0.032479678346763616,0.004321432903687446,-0.002809831591156567,0.004597854237346882,0.006560005794013115,0.03406443157648519,0.018972895340604142,0.001521166786286307,0.0067030916736806855,-0.0014724170296633572,-0.004729962072734921,0.012491472895937416,-0.0063092663975803705,-0.0014961581600088356,0.000897081433261714,-0.0062850732122794635,-0.011922292118916274,-0.007777491754926405,0.03832775413268401,-0.0033986573176478835,0.013225503439547329,-0.002398248524569774,-0.010117985632772724,-0.0009276578326984943,-0.0013562074531553007,0.011055890878745922,-0.0029582661771653377,-0.010557441407400194,0.0005285556834515302,0.015988637006913217,-0.005482130522872734,0.019451992621305637,0.009463618476271453,-0.007042903197666081,-0.05759018754577356,-0.015402299858841137,-0.002034883411482983,0.016113576224139864,-0.0033908814227501106,-0.0006102778355283303,-0.012275794539857927,0.007443334407966796,-0.003933670504957511,0.008179940046383947,0.00011171898503966707,0.07549831934779128,-0.01075065716268476,0.02663017020049941,-0.01646143183526336,-0.008321227122879585,0.0742749219276567,0.0022579944509057526,-8.495775223372859e-05,0.003081255784185322,0.011800770257628414,0.02006041240476157,-0.0007429369667129342,-0.007181638457297458,0.04059226638396669,0.0040513789049582295
32003003270,0.024185057714745696,-0.004336879491808724,0.0035295034270783495,0.001429364406341915,-0.022957071336828977,0.004936237157683842,-0.010840743033699703,-0.005771676071544303,-0.0017244535851204058,-0.013267848603303644,0.013634656265086802,0.0039017493506871685,0.004843016326745356,-0.012404273386486092,0.0016223275931742489,0.0009832867533708298,-0.0014341624015818664,-0.002861955097163076,0.001984943067949556,-0.005426538560310781,0.011983964619536297,-0.005586576043228468,0.02387588571919827,0.009990811019401863,-0.006225713184724658,0.006480589973377683,-0.009952463789952808,0.0049037468147826455,0.00036970597921555447,0.019634044345447237,-0.01207020618193534,-0.007643116059892997,0.01625086006357291,-0.03189546751033977,3.685994555164526e-05,-0.0165791724281019,0.005560727470286287,0.0016229586634664568,-0.018816834918063432,-0.01305934290509404,-0.007310588402930623,0.00014011342759819302,0.0008483782887187841,0.007704245347594493,-0.008574689895091909,0.008027356769962081,0.0012840961743075777,-0.003934957829707796,-0.00032064733248959615,-0.025734095514495844,0.003087185133020679,-0.009558562747101672,-0.011930962132033436,0.00757920224351277,-0.19758469517875935,0.0022104774660003175,0.0004310844684213354,0.0117752732475608,0.005954448319569986,-0.04231905691911108,0.00015674838137809828,0.004308711611105936,0.018684354997279662,0.005685418504430933
32003003665,-0.032720256068787305,-0.0018607844002334526,0.000671173036841256,0.0005985873337841898,0.00794874073137499,0.007142237858570896,-0.0080776244819223,0.005513336772500025,0.0016202830680981124,-0.007276392195969448,-0.00040888209400336304,-0.004805673966367394,0.002046415643210594,-0.003625137054918608,0.008243949456045254,-0.001103674196091275,0.0031759611214949974,0.003174676667449542,0.017467813862857666,-0.008740445459896311,-0.0016392826614606403,-0.005429599640304991,0.03403487798349824,0.012418378053805025,-0.002685200101198056,0.0022436365043038294,0.00751713296923826,0.001703724399900055,0.005301078941313445,0.015723337457218354,-0.007608154782343344,-0.0032558671021216644,-0.0049159643814197735,0.00308278963221215,-0.0023241419927542096,0.011027082759789437,0.007786967942749144,-0.0034350878458927372,0.033656879765194464,-0.016451853494643086,0.011446326775364996,0.0020821972457187136,0.002206796728362312,0.006974468599007909,-0.0009022417430570952,0.0007664337553731276,0.002984634699114838,0.020223715507518027,-0.003957740451821705,0.09888402079960941,0.004308128774741443,-0.010350981355195746,0.00692418558254057,0.014642124603505424,0.02788925041917296,0.0011600774719007132,0.006253295756056922,-0.0028198660430553586,0.02702500533968616,-0.013182511085637508,0.006749707904199061,-0.004051645263372762,-0.03537361871410259,0.004058889679237399
32003003664,-0.020599940731761926,0.003953247741425156,0.005878475741881714,-0.0026339312721992943,0.004779204641686342,-0.0006111654420966395,0.0021016539561579885,0.0038764806616554902,0.002884403542582002,-0.00971748802602782,-0.01046316360872762,0.0006040458906274693,0.005041775047714101,-0.006085443276604578,0.00613290268671217,-0.005204797397658019,0.0024022699284625185,-0.0007878939488383657,0.020695368696000756,0.006301775703377148,0.0016393006015596471,0.0029382154394384016,-0.006479154680482911,0.008080820645683459,0.0008208650133254432,0.006605935343457288,0.00893169129340811,0.003682462056664097,0.0008468835236214675,-0.02580008749887702,-0.00251226708625827,-0.004404100747832104,0.0011782359522546102,0.00802323499855907,0.003802347681737713,-0.0035208059068652744,0.00966361689215899,-0.004619270959601534,0.02012299805673948,-0.017568406254297217,-0.0017048954282598684,0.003948090665247675,0.0009641714259837729,0.0043327165547250735,0.017141582986524403,0.005269395689337083,-0.0006332628345273898,0.004164739893592476,-0.0013891099466165175,0.12452308743409386,0.003552205434259252,-0.012275898434857574,0.0030565805112153896,-0.003252861192003562,0.06754344295070921,-4.127720228688373e-05,-0.0017394513944473768,0.0010098102138751724,-0.0077843113350589055,-0.024237799972306035,0.007780553972390176,-0.005387201409977814,0.008909022797897168,0.0065125672080004315
32003005718,0.013365218080356735,-0.0011081713320342914,-0.008874212719682154,-0.0003300838784225358,-0.020695025287400085,-0.0002613429279114963,-0.014625008327706022,-0.0008044873233758284,0.0018163556780533782,0.0004914809578304751,0.01742088648390219,0.0022587006592752704,0.007312490431641189,-0.020175369933335092,-0.00022386162810896716,0.007219205213292132,0.004515929402757112,0.0019457950191773695,-0.05124034522689778,-0.003911792713664706,-0.022603655732048363,-0.01043384642639863,0.01158805894670762,-0.0045488109581366815,-0.011802958879747277,-0.0006696138835376535,-0.013624658233242862,0.0038735487001145424,0.001658518224983946,0.010340889725783228,-0.009676265884751761,-0.00619497993849447,-0.0009904753533459178,-0.0022815533585274234,-0.002332103898996883,-0.03660735297630816,0.003976013874862442,0.005410867502452076,-0.017326973092407525,-0.012308400611162717,0.0007445503946722315,0.011809746417745584,-0.0029663771883072015,-0.0006010332634591236,-0.01097581786728312,-0.004183632524398829,0.002993532657730561,-0.0013575218671708896,0.002140492592565138,0.0849044665013244,0.005543731341947267,-0.012727247641329499,-0.015479884334362995,-0.0007997352712436229,-0.22077565384198528,-0.004205161869468765,-0.002411411644895155,0.004669671859856126,0.008715885003890514,-0.00479923004917874,0.004286032943369976,0.0031034347212792633,0.018281621431522867,0.002923883570460257
32003003663,-0.043418779605908925,-0.0031235844318441694,0.004433818004005987,-0.00045388948755637756,0.01576421538785315,0.003006419729577382,-0.00530238373706101,0.00046039193269852013,-0.011383695530574646,-0.010377242887933716,-0.02653820929386537,-0.008173154760923302,-0.00027743028185801024,-0.0016756727591645468,-0.001490049552425698,0.0004801241349377177,0.002973942941934635,-0.0024749653935848986,0.009600061218047124,-0.0010227951393460108,-0.005811052389914121,0.011334612464503629,-0.026842133904961808,-0.0012210407210830252,-0.0013584702753527242,0.0038977871127031205,-0.0016670714227192992,0.0026221970327088653,0.00022064594015541516,0.025521724372661016,-0.005493378295108227,-0.005476812171082408,-0.001164953502370263,0.005581906210702713,0.0008191093414869502,0.02541872947645051,0.007260579375213033,-0.0006513750374424664,0.03750267310475723,0.005980537619417228,-0.0055213057597191025,-0.0038497136261558063,-0.0017830626137773362,0.0023068266286074687,0.003169003418044751,-0.0027850019551764723,-0.00018713260199164556,-0.0006177542222845845,0.001036146033054413,-0.024049258585484873,0.0024937932205185455,-0.0015399380962230012,-0.009577154857084293,0.0028747233309358773,0.06323916607565147,0.0023666313827467975,0.002209303976185619,-0.01180215206957909,-0.009596358838247018,0.012088221741015849,-0.001973256198644371,0.014729136847664635,-0.03979182697103976,-0.004230161864625532
32003003660,-0.048439387868823236,0.0011402673637289182,0.0017798637568252052,0.0018371172901726306,0.0035765535431663865,0.003763501027012967,0.011444003180286846,-0.0010355905625726962,-0.0038186884267944446,0.0009417548813033123,0.01096493873715389,-0.007595249184971911,-0.0007167407048913519,0.01619278890911605,0.0005120539329837344,-0.005327367643422466,0.005619348773797382,0.0024050074904984676,-0.01831368186809847,-0.004319794181664679,-0.002625422607305698,-0.003126767890953532,0.025819078287891647,0.0007533428462730639,0.007215239637805824,-0.0012913553702912,-0.0061562063454748735,0.0006399383981948404,-0.0004619977366815065,0.009054093243148794,-0.007766184005007931,-0.010500598029023972,-0.007552391306221771,0.0012570953437230112,-0.0064280036119358395,0.021991321901232805,0.002789538072495534,0.0014106104590854208,-0.013118615941172208,0.006487037459163782,-0.0028769980384653307,0.0067684428708268424,0.0038297781351067073,0.004172320706105341,-0.006873212713589505,0.003965560484407881,0.0029906528157442437,0.003235647071985761,-0.004107205714796865,-0.03688085785263062,0.001102197988909864,0.005111735654393391,-0.007674278503537202,0.006868023536594998,0.009996370550364139,-0.0007144697875708343,-0.0043071785690570455,-0.0011790010320529513,-0.00976571183481067,0.021690857527976733,0.0006860525038781418,-0.012784552556514957,-0.042052172265622176,0.0036266729880740996
32003005877,0.034890591070612126,-0.013186520858024393,-0.0011631363828678784,-0.018331138871755543,-0.04940281160493545,-0.0388890306392037,-0.00851068908719467,0.036368111443047545,-0.017175500506309872,-0.03209440306358603,-0.019230195553042922,-0.009716859578988293,-0.04787752390571642,-0.03953467661051679,-0.008939819251498969,0.005156143279477552,-0.013068132775224839,-0.0001418286371215939,-0.002155873706890388,-0.010635861131897533,-0.018946005503762877,0.007456976428523471,0.007658760706301694,-0.07048244959596553,0.010726584395915725,-0.006462525363970746,0.0027613778309498564,-0.00492452147593267,-0.0030205578163388243,-0.05880128012838787,-0.0015006389194213356,-0.008845414113935359,0.004361397595900179,0.020099232976977573,0.0011601143930884564,-0.04459697566902243,-0.0002573996244206067,0.002293303406192369,0.00023437146692685597,0.011219567233222202,-0.03554245579177194,0.0038573343262558258,-0.004080697884687996,-0.018323529763643952,-0.011225267526186737,0.008139250096050167,-0.01438089297544513,-0.07195358475610893,-0.011097397532106796,-0.058405181680470014,-0.01227869633151737,-0.0026329128490595486,-0.01365008428814347,-0.02127312676877228,-0.2251240740053308,-0.006503268793255227,-0.005934126482138242,0.002470412130915001,-0.021155924553802302,-0.015036594666540485,-0.04211613607125704,0.0011135881340549574,0.026024904649201482,-0.021878632030163426
32003003653,-0.021439276065700428,-0.0021529791567306694,-0.0020610336862795864,-0.0013086202098906285,0.014854067524365962,0.0020176305812785776,-0.007612210165265834,-0.0029891471437534164,-0.0041949907250244545,-0.011087045358252678,-0.03450902921141805,-0.006567636684566769,-0.003236828669847132,0.014680157879247504,-0.006378752559218058,-0.0013717598049212002,-0.002978953495172402,-0.0020059425664869434,-0.11355337855866982,-0.006747408863151036,0.010137293872152748,0.0018490156629296947,-0.014330694632626479,0.003301106999014108,-0.006226833218226817,0.0009113408844618645,-0.0015006306817610363,0.00048481716571477883,-0.0007035907771945572,0.01291813933433197,-0.005566310210064954,-0.014262031269766757,0.000537602971912642,0.0019436820841160734,0.0029685679897109287,0.017708816780086765,0.00584622812650093,-0.005682491324004736,-0.042364714644460705,-0.0010699824512756687,-0.0068338502250405485,-0.008716995903722716,0.0006923141190372052,0.005641765896996368,0.009855687114627294,-0.002992734523175017,-0.0017925644283038238,-0.0015486570455512173,-0.005573566545655029,-0.17473038338917343,0.0005435179084352662,-0.011113493754217742,-0.006391552158626801,-0.05637393227844305,-0.02832274205113071,0.002715302026598769,-0.0015930581065760451,-0.01097734186231675,0.014878097757552293,0.01977029534207686,-0.004045898326208315,0.00848417713174206,-0.05131674138932364,-0.0005752532635179545
32003003265,-0.021266068218816273,-0.00925231699722721,-0.006006511171891988,0.001931268699821199,-0.026731983286164312,-0.00021512121224286424,-0.015211412796695085,-0.005060907234692,0.00011858928382529317,-0.01479719790133934,0.010407304672384982,0.0003504621848765352,0.0010497113014855887,-0.008667597268345133,-0.002543164543771873,-0.004479628419383703,0.001038104482357531,-0.005082374374704952,-0.10069829306742854,-0.007581381927449454,-0.011349055666442634,-0.014710523992786459,0.013681434125481817,-0.008820421628572168,-0.011968256783116228,-0.003643494277970313,-0.018716195019544184,-0.0033745137332112417,-0.008946792338778443,0.006060476434910875,-0.01884829619755833,-0.018740486908965275,-0.007740256151276464,-0.00688818579301284,-0.004602323380366774,-0.04397061840666784,-0.002234821359245645,-0.0029560307526166956,-0.053803194514706186,-0.006638915219548741,-0.003652329660441855,-0.008121786643631735,-0.005485418902908308,0.005898751363734321,-0.01515593659517787,0.003588380773629173,-0.009861476016885846,-0.004130810201453894,-0.003636475077702377,-0.16559481146439692,0.0016533095049240992,-0.009887744926975799,-0.015225108168002486,0.011051759727178909,-0.19702485912128062,-0.004451720049400346,-0.003575253172998759,-0.0013156411779528415,-0.005743486704141688,-0.0672679730125622,-0.0013482818918805007,-0.008736481544996186,-0.055205924841548605,-0.005781994013035984
32003003266,0.037250962249337875,-0.003342172547973428,0.015518737165714525,0.0015685997849784385,-0.032330002317536355,-0.0007081512678748957,0.0038995708335496098,0.0011881071815906027,-0.005262724059893712,-0.018898378058183025,0.009213465948519248,0.0033254203063270375,-0.011530099401438794,-0.013172605404961187,-0.002731465870793433,-0.003785686288355574,-0.0010177363055682406,-0.008034967173024862,-0.12236775805951862,-0.007147004536105725,0.008651191321566555,-0.002375295167318425,-0.02205655185852405,-0.00145453608358543,-0.01211915967016944,0.006286558019113158,-0.006414742958545079,-0.0005834023595423633,-0.0052552358243568645,0.030155693251665987,0.0024602714991136267,-0.02325368460737714,0.010091179795073322,-0.007449722098285939,0.0019023236852315402,-0.0465437597214134,0.004004128626699808,-0.005108952835596995,-0.03923821738846985,-0.010390528813004897,-0.0024349488978332007,-0.01786433729493245,0.0014573730868511594,-0.0006277538314464914,0.0030760613461038224,0.0015757951142430697,-0.002032100076721786,-0.0011251981870036994,-0.001534239082324085,-0.19564459595247166,-0.0045803460583808174,-0.021195714862348867,-0.007064606140625186,-0.09019004418283628,-0.16519116703107864,0.002782883592751255,0.003821653326025021,-0.0052813436779786385,-0.014119392723181187,-0.029674597141087014,-0.002177749497709648,0.006282904408714913,0.018928258772473547,0.0023651486124302203
32003003647,-0.04526889771109996,0.00033678106051196125,-0.0018006478680841337,0.00175211542305003,0.0017515753182521336,0.0036865122691784164,-0.011034234673912601,-0.004439598381458062,-0.006931497845360224,-0.01904198364683179,-0.03981993455034797,-0.002832386208305836,-0.0016763402688919702,0.00026871855771930687,-0.0008902604508477668,-0.000911969156595333,0.0006076704583743136,-0.002854066668095965,-0.05432296669538799,-0.007284668300712808,-0.00432856542835526,-0.001597459350432194,-0.01296242294041797,0.0038621016711357548,-0.002376888051374536,-0.001128254386096609,-0.005465737243716861,5.986003511269274e-05,0.0017563031779182703,0.013080416448677076,0.005126930114262854,-0.013177378101314998,-0.0003019502973892886,-0.0050244742117634255,-0.004475974975884287,0.008522815359874465,0.007212229798830998,-0.014121942565187149,-0.02893194530009877,-0.0075855929833463604,-0.004638751917725549,-0.00453458089115066,0.0003184382732746829,0.001975496669241983,-0.0007750723610083115,-0.004888015810072992,-0.0007432459030237334,0.0009508276614496582,-0.003781386782347852,-0.06485280729962102,0.0011653629796611348,-0.008025965702190838,-0.012533773804449989,-0.052400137915522955,-0.12190110336308263,-0.001715890122494821,-0.008354462271292613,-0.012292265799624984,-0.0095677961728658,0.0071792059712078036,0.0003103017372425715,-0.008652401816802794,-0.06431053818804541,0.002217473314966018
32003005442,-0.02214736449095633,-0.0010331353544368437,0.0028157721932169483,-0.004872916434764355,0.0009475125471158492,0.0033362109367074525,-0.003057558573238532,0.001845453029323755,0.0038019162768846548,-0.01886816084135065,-0.06190189200913912,0.0021437303957377663,0.003869866271842427,0.02364940603917051,0.0019784922185488826,-0.0005634378071066262,-0.0009382399367910431,-0.0027200996759701376,0.048686317921212884,0.0038323069824346954,-0.023702031366857133,-0.0028089380964013907,-0.021748198090906216,0.00458160048975954,0.00034193614668862255,0.000963958169462622,-0.0071545520047617385,-0.012595894872961033,-0.002661080997642973,0.008844120348809615,-0.007248394957362357,-0.0019771705880745837,0.016465353675507857,-0.03980413244426783,0.0011574302770072393,0.012979343367663619,0.003951251790386786,-0.004936824235988237,0.021871494512014384,-0.017972130522174706,-0.003505451482505105,0.0009987729581230822,-0.004482176954505042,-0.0067810104897271534,-0.003443434001311903,-0.005411241068277872,0.0005372504016066463,0.00024417033434147306,0.003380176699535487,0.039181637147472304,-0.007735748565544598,-0.01508379312697573,-0.016233515298360607,-0.02851487274332266,0.06710707122555289,-0.0015883290720256065,-0.0002790377175831751,0.0009037993566402432,0.0024078966734201778,-0.004553871579279604,0.004828258175267049,-0.004912246628172312,0.025770183504860385,-0.0063492210915855754
32003003264,-0.02977802116046805,-0.004291777611849389,-0.0028469161298018035,0.003807809712501439,-0.015465655172921727,-0.0017529135283566042,-0.021263914707035734,0.0015817428922857838,0.0036536715176535245,-0.02034329912973827,0.009697933810726407,0.0019166873291899223,0.007575930652360241,-0.01436045637989903,0.0009404666382262243,-0.0037731696076541933,0.0036730205339123904,0.004024381279851095,-0.0386713194271413,-0.004527698174926446,-0.0125812358453344,-0.0046574537953416005,0.02392451005669564,-0.0131619507605492,-0.01153501122794309,-0.0031648333445560718,-0.00243439431705328,-0.0017879703898729634,-0.00916820192275426,0.009833563128875709,-0.014836511637149465,-0.010210157237138359,-0.007024200986761156,0.0019996211510243055,-0.004162411588364684,-0.020220476780485344,0.004686593799415235,-0.0020554994867785976,0.004024675231033914,-0.017847993573850966,-0.007976141674085386,0.004360420586880529,-0.0049377491124024,0.008771261174447147,-0.013054750878617991,0.0029339354746518117,0.0001730103585714325,0.0010456508336271915,0.0002549277013971103,0.07539516778775893,0.0068895857830402535,0.004082458987214064,-0.008561455865210097,0.04941866229478296,-0.21763485493443097,0.002891426976401946,-0.0050501436325453486,0.003674656219162025,-0.0027706177927798764,-0.03284288546421238,-0.00041634211862966766,0.005839062511339385,-0.02153775021258324,-0.0005102159206407338
32003003662,-0.05366640084850222,-0.0019164111883184444,-0.004693397412346602,-0.004018425865088109,-0.004400673066335479,-0.0013080820637374577,-0.011357506102329587,-0.00883938098439523,-0.014455432451700544,-0.02493473942954617,-0.04035298950130464,-0.011118838853781477,-0.0011385902584473164,0.005100048774816926,-0.008078203075614304,-0.010147747860848638,-0.000562355532170153,-0.008391635673424607,-0.09915256618874572,-0.010550937473416065,-0.005731916244506736,-0.008489718213732489,-0.007625907227814948,-0.000414587842297522,-0.007819659677661982,-0.00154062556816597,-0.01383841069932179,-0.004297118664736585,-0.001349895460526074,-0.0010001873497862293,-0.024441996217628815,-0.02611602767615672,-0.009464231091144694,-0.011941775771453098,-0.004213472998414379,-0.004408534863244377,0.0010255825841875889,-0.018594379243687845,-0.06494483241811229,0.0026134030212145855,-0.00903937969420031,-0.01309800192515523,-0.005694985144788281,-0.010962561462860346,-0.002858956511672448,-0.011995270863978133,-0.006726507410299588,-0.004477508101819999,-0.006086568773336682,-0.21312266305062663,-0.0005599402099250713,-0.01594792745968812,-0.017589166987155465,-0.08225110165362787,-0.08244735368760403,-0.007579845862052261,0.001177697863229827,-0.008534394161812574,-0.02302243731004248,-0.0017904715699959815,-0.0042621188897953455,-0.002360115072105708,-0.10158585352250979,-0.00795470708801712
32003002944,-0.026343505783158753,0.003529091513986119,0.0032455635706259904,0.013244849940049723,0.012529163749949859,0.004879818489858313,0.031261091816499234,0.005080334770763181,0.004630724582249839,0.0016515703441591964,0.01975211004810199,0.006869318858875235,0.005907410465537241,0.021749334475537153,-0.00033975406824665925,0.00365240596567094,0.005564963002572711,-0.003344385484509661,-0.012063836237367346,0.0004812591504305104,0.01515279083151124,-0.0011878191139383805,0.056196811883255926,0.005869491090607378,0.0009079482687003962,0.010453876499308998,-0.001726570239495801,0.005235706652164495,0.0046365107955287435,0.024574193349414856,0.015307663179234017,1.2330143384072306e-05,0.015236633944391148,-0.0014185289462669835,9.254999207519804e-05,0.02551487567361224,0.009223457590469303,0.002145252460422996,-0.011138144921460322,0.03844299220345445,0.009099779460903382,0.006138637815571864,0.002956415342621847,-0.00040209944636499813,0.001861057941599487,0.008687681700107083,0.002132358698978169,0.0038735260685781934,0.0036467756281324615,0.12006700115901951,0.0007040603402375475,-0.008893626604446677,0.0092312637443682,0.00964216022959339,-0.06288269881868055,0.00635697639361933,0.006087670583641222,0.005213671650113339,0.00722291469538409,0.01986941806042086,0.002960170235095214,0.023362583955191373,0.030122056934935106,0.004260365320322863
32003002946,-0.08114350689765028,-0.004172016806592874,-0.010172547543765842,-0.0028869007715777383,0.000525286681586644,0.0030626213686637815,-0.011981418249617714,-0.005917593354495537,-0.00020994420862328374,-0.0013854856223143685,-0.023202224483146305,-0.010984421005148019,-0.004874601868022887,-0.028288017945464185,-0.0039648082816246735,-0.007350296474892873,0.0016160778165336595,-0.002883374629947771,0.010041866779603253,-0.005674471975010071,-0.015925555618734596,-0.016886786560906412,0.0159971239551432,-0.0010056860879622638,-0.013113684303104538,-0.00786069146592285,-0.011223210753117979,0.0014861059846901189,-0.002216677785523222,0.009782293550060661,-0.006695988248197065,-0.007723755784811396,-0.01479306981185301,-0.006544973414936756,-0.009401030343518184,-0.006094160587594587,-0.0035659906827307246,-0.010551935178002271,0.02514942744758291,-0.018211592810764576,-0.0011626275729846865,-0.0002139977755627974,-0.003346897469369257,0.002683197157798782,-0.015812511404657503,-0.0005657337651632871,-0.0008338281265184147,-0.005808241400252477,-0.009332321082505706,0.04823875293082826,-0.0009165341519203205,-0.02090315043601371,0.0035388852136403657,-0.008533174520420106,0.03722100103612051,-0.0018294564599532451,-0.00935715010658328,-0.00504431009057637,0.002661531558909539,-0.06213266997740332,-0.0016299555389026853,-0.02082505587607776,0.0001042704437995608,0.0003567843746648109
32003002961,0.058354648467032075,0.00039033444043096583,-0.0006446251666930488,0.003253800157839841,0.015647614205525497,0.007858955164606277,0.02315735853118986,0.0035314012737006017,0.006719586049170216,-0.006028118588063798,0.013472768374140609,0.0022742250397402098,-0.0013718391662930621,0.004929048167586518,-0.0005225993871911744,-0.006588569979814716,0.001699635655412216,0.004583594145265154,0.018984017802213763,-0.001316079611778827,0.014814852402906632,0.017269326523115015,0.002244433937607175,-0.002823367949366733,0.00033157141687538357,0.007223127920160884,0.009203472970723405,0.0006097666267835067,0.0007592063975264743,0.028947526498882842,0.01293019780936647,0.03290307620920979,0.018600767496889742,-0.0036093089330855436,0.009830970556213773,0.021077522731244348,0.011507568121271215,0.004278111650746679,0.00582898480249526,0.01889601303383319,0.002616400338711112,0.01241472071226669,-0.0020957022906648083,-0.0041154168408427255,0.034890345555606675,0.015437347924639922,-0.0006817461489120959,0.0022300563836462482,0.0046984464652803926,0.06787671218763938,-0.004232904479740518,-0.011686113350963678,0.005364019592847412,0.005057735994540197,-0.07751472939209693,-0.002030155068242615,0.005121739615968345,-0.0014953872523465913,0.0009475215395484032,0.02303180578298563,-0.0025663297669418638,0.013557117588175224,0.03336122424387261,0.006696600114753188
32003005864,0.0266441837975932,-0.001469675620808007,-0.0022509799687373644,-0.0015844586988774732,0.008765635610885806,0.0009736631675708769,-0.0045363416620494874,-0.000511353277327872,0.0012286273327364009,-0.013738701032922494,-0.0070760488138213685,0.004587852019593736,0.004091727544731034,-0.010860554829492792,-0.00043715181106943025,-0.0032833472847264376,0.0013250686454380045,-0.00196710941893204,0.014144735995595686,0.0015024659495939576,0.011200810595385805,-0.002834736754128725,0.006088922782778756,0.0030688658687341853,-0.006357491783609912,0.003070634544946764,-0.0026112149413574097,0.001722409045056275,0.0020457930806748975,0.02938916915335716,0.002871993386835926,-0.0046621576293731076,0.02072146873826246,0.0016218155170346612,0.001420125166950807,0.007303209853417976,0.006461856507123043,-0.0038057692532103304,-0.022978990168686292,0.012422085947649377,-0.00245676576017403,0.011246095189951628,-0.0018304297649247194,-0.0004455526630647824,0.008728021365258673,0.014485186881192226,-0.0036134262218034292,-0.0020732104349257307,0.005879117498628598,0.10321557210590339,-0.0005587243825721248,-0.014546677337503698,0.003027652844044959,-0.006718795683871444,0.013509007222761042,-0.0051094172736829485,0.004234927285229669,-9.565229961952806e-06,-0.007690828293829717,-0.020807863067451735,0.004156281213212384,0.012412885012380697,0.02765541625648661,0.003856600124226619
32003005366,0.028663465157062307,-0.0009924603000767535,0.0069353557091837775,0.0013199043698609266,-0.0065907893265301455,-0.010785940287012906,-0.004794172783107735,0.004482990081794278,-0.006375414432387917,0.04013336138300747,-0.017133297376149104,0.006048937126652512,0.01062588441205381,-0.01973723629884536,0.003967184760030385,0.009753952049130224,0.008760005565823214,0.007858878994037265,0.08642427812410716,0.0021888694356173594,-0.016156825575450843,0.0052783222257632755,0.05422419934359469,-0.01365820321485199,0.03146752161586917,0.006551344156243862,0.007204322642454618,-0.008489231088727319,0.0011757267396163896,0.010679628331133633,0.017860872146475585,-0.006530817028704398,0.014191096810724052,0.026783282099434095,0.008878709628017753,0.02330232133348815,0.006496900192397478,-0.0044092793381008775,0.03176312882213913,-0.0022420278959657484,0.0028690040927053556,-0.003029425140674887,0.000976627242275313,-0.0030709849408434016,-0.007560031420891193,0.001371665640966498,-0.0022866750651298626,0.018214208479722067,0.00599961705350703,0.03175590500964051,0.0015691362048089789,0.014769987833953222,-0.008234169634198795,0.002551945926140772,-0.047203607622224246,0.0011972983409662104,0.0038655000190638287,0.0019459805948475277,0.0025602823044840097,0.021931775638204545,0.0010299375715225282,0.0008638639823491208,0.046193871217070935,0.011817492301396436
32003007801,0.0047005316181719615,-0.001380045807146304,-0.005508538777394462,-0.009857604591989822,-0.01383501904711185,0.0045100836116626014,0.008454421791654702,-0.005341730490247474,-0.006468914524747669,-0.019384389177919105,-0.008660385308844472,0.001325242057273469,0.002139041089393599,-0.001437605699809728,-0.000988016775010262,-0.020104776824952993,-0.012747472374515385,0.0011282566839070551,-0.11123490067705559,-0.0020599206996668195,-0.010921109579522508,-0.010394098529065098,-0.24584869888687078,-0.010225844350330783,-0.008057299669723355,-0.002274476871714376,0.006197224397263356,-0.0038136388096463693,-0.020284220068105877,0.022868429572672582,0.0017649739946572597,-0.01053092632868755,-0.00978929270275066,-0.002024443158217312,-0.0033739232365592926,0.017565256348384944,0.008083426640586536,-0.0036959004232970834,-0.028611604299625396,0.017080162841382876,-0.008157309786902532,-0.03677562925544094,-0.0030076991195660432,-0.007674016650857466,0.01431966960194258,0.0023683972298675082,-0.003008950852049368,-0.005018940451096868,0.0028838924836709213,0.0535071253271878,-0.005672622035916781,-0.021271290496786072,-0.016660093143709153,-0.059147152906910326,0.0169220322578228,-0.007025992247635742,-0.00034606479176019927,-0.010281226572673717,-0.018268240716839156,0.0026196969001185794,-0.00886694898494653,0.006699605551881165,0.021059632079566147,-0.012349106433719058
32003003323,-0.014159257408147325,-0.0017592348618372955,-0.004066196488471188,-0.005216029508138672,0.007119929254539936,0.0011215627018103978,-0.0010357380520832282,-0.004597468386866728,-0.013763698383658571,0.012798494173166112,-0.025109418220155173,-0.0006240723535638958,0.00021037045185786878,0.0032463746802720867,-0.005860637797107654,-0.010169265344431803,-0.022701836355736384,-1.7709507941706555e-05,-0.11858077583824059,-0.0014649615276351136,-0.007602632130506931,-0.011337245272112885,-0.027567281143980778,-0.009322174636936922,-0.007104197642982236,0.0001462734690631419,-0.004515118110568291,-0.0031664956025327664,-0.0005598758749853045,0.0247035316611957,0.00171902607367564,-0.030800770180413987,-0.004298144395331295,-0.0017599094351308346,0.005013823069492193,0.022640841447968674,-0.00010355944041208556,-0.002613039294307464,-0.03776901938615496,0.01604573705727383,-0.004610086435922484,-0.05156804683867671,-0.012974665371991644,-0.009762196562980809,0.0017247605975548408,-8.094694497917177e-05,-0.007720132496649519,-0.00641290571988012,-0.010027507115771703,0.03228643966293175,-0.005042346998677525,0.0016393204209133145,-0.020984860472503496,-0.01087199383990927,0.011455244081981824,-0.008320451640600314,0.0009441547470865882,-0.00652262807741999,0.0045077999691921534,-0.00030275657039365847,-0.0016289362153165809,0.0014047946409394985,0.013645326258750574,-0.007960646997069757
32003003621,-0.02609376440284444,-0.000831988050315026,-0.0002939808702294349,0.007707484765856725,0.013444393152779333,3.636782304209578e-05,0.006151577032709319,0.0042937706787039166,-0.007836383083044896,0.02800519117473662,0.020904288913120087,0.00493747630616599,0.0035576935808518725,0.018142648089796837,-0.004217806386898819,0.016729201161442425,-0.00975231463329813,-0.005802356079005,-0.09073351856289377,-0.004052756346801891,0.002482095210947055,0.016111057060845015,0.051981916234307264,0.0057283180455711446,-0.0077237546342438295,-0.00022609388623748899,0.003329540011725945,-0.014310656612411708,-0.0040805435336478246,-0.018374805077366572,-0.007135597419390833,-0.015469852328612615,-0.007478383208312989,0.012155514168030328,0.003524459787990836,0.020428228945124,0.006672401621037289,-0.00352949413215212,-0.059518628218106655,-0.017913530375661655,-0.0003441956294317423,-0.02492864603220643,-0.004093652621328855,0.00031874754486529023,0.004868317584164083,0.005111306814632966,-0.0010468835958445065,0.0010085014244015221,-0.0003929315217785758,0.07262267906258835,-0.007358222915714668,0.006550799651877786,-0.014734369921207332,-0.014607801135233897,0.05009974131472668,0.004193687598760017,0.0008502765745121073,-0.004214010777234657,0.00868280379077442,0.043053002521526135,-0.0022324683386082595,-0.006442769895533685,0.023131254146142855,-0.005931828911734968
32003003619,-0.0385604538918885,-0.0035572599202458397,0.004027804331679158,-0.003610522937596659,0.0017617656973947134,0.0029467464302963013,-0.002328841725558625,-0.002656450082853941,-0.005738421550187388,-0.01058557669950049,0.012884289364302557,-0.0009635596212990703,-0.002607752963232719,-0.003539062835553015,-0.0028822201406346554,0.0030097808632711916,0.008056972092876744,0.001117174258998939,-0.05104268472946401,0.002481853126428946,-0.004452633515881739,0.008531335403076627,0.018906237127793175,-0.0001457348866714967,0.007385633594874105,-0.0030186809146302406,0.005519388228659918,0.0005621616312499318,-0.0029308558011133363,-0.06399625585647144,-0.006117491195159919,-0.014567130228766703,-0.0011532471383262368,0.015460978622745952,0.002214553247014498,-0.00032427940957942443,0.006903395597710431,-0.004139472982416817,-0.016382760834687097,-0.022425582979006122,-0.004727990182428357,-0.019652736376923493,0.0036562530352127753,0.007873938212031813,-0.0035234941053358163,0.0036333094240686447,-1.307272610410765e-05,0.0008149401083579407,0.0004349886690601221,0.09317990348721983,-0.004703593557807427,-0.01777831326797988,-0.00799694440402532,-0.011602430440020626,0.059047275614305984,0.0008767754321043295,0.00029452881877883684,-0.00047750079978600994,0.018749021003504725,0.006953603598255795,0.00474727360926441,-0.011272593590843791,-0.0008367448241572401,0.003700487297953293
32003000520,-0.017508625662508607,0.0009530610123059755,0.0005979710502580031,-0.00024799753076201525,0.0002496468388964775,-0.0003047705163384607,-0.013385281748834575,-0.004316603935176434,0.0047685292473824735,-0.005855289785302214,-0.015750524448947114,-0.018054902817557075,-0.0016581764634680872,-0.010499372424914928,0.0037648303332374,0.008411453831328903,-0.004538609309433975,-0.001651102850336581,0.01685575294541108,-0.002480841229951748,-0.006464171153953514,-0.010522206966493664,-0.011733512532083344,-0.0004678988441735243,-0.0037466649910379364,-0.002140770777229689,0.004299764887410694,0.000686980882824755,0.0011549190427738256,0.016532533212836216,-0.004782158013687292,-0.004961203194159374,-0.005970882216457688,0.000419945007500987,-0.005880386545621294,-0.027848470776811005,-0.02143418428650052,-0.005937794248965584,0.04159491112748007,-0.011306598074743341,0.003317928223626247,0.0008798019719073551,0.0007133249692192929,0.007460084123908721,-0.019914646311196885,-0.0051341746731012475,0.005306057086604464,-0.004632958405089068,-0.005073484555020826,-0.13488196732062427,-0.0019273735673988551,0.005054365900938581,0.002672200505704362,0.006874668409809893,0.046289605435233486,0.0020358153931089563,-0.004907292176760453,0.010080702927265844,-0.015700125842317433,-0.030815412665773464,0.006813364401705419,0.002705412427117092,-0.04170736690454041,-0.002431367316022359
32003000522,-0.02437962442324444,-0.0017475469127745918,-0.0034054922225982085,-0.005125302129992017,0.005935374904697662,-0.0001371948553439701,-0.005834894403542559,-0.009800785923045494,0.0037816256753899144,-0.015992150060789915,-0.035015070250655984,-0.004091389613895918,-0.0018197438460946138,-0.01594393267425803,-0.005218446442773045,-0.0006295242416587338,-0.006286748011911005,-0.006254428240413305,0.023833316825520503,-0.013054200031167734,-0.02088747566296044,-0.014173556733836364,-0.16328402612618811,-0.001949134269458672,-0.002874527694609646,0.0008230892802450615,0.004594793213711082,-0.0002117171868732599,-0.003367344940255607,0.019625993353951533,-0.0008167177137778849,0.020924667877575458,-0.0012120212847160727,-0.012134402189399478,0.0009615421919664886,0.02108119345937723,-0.00027332922553096326,-0.0062626266750876024,0.02392201377186572,-0.018932696170356474,8.026148763594251e-05,-0.006182036937442129,-0.00845784600268517,-0.002753192747023035,-0.02157851673479664,-0.007518371703027577,-0.0043176351319099,-0.007961775670294716,-0.0013980591844792302,-0.04442902560166128,-0.0017249653686319613,-0.00543005562610672,0.0012124022237563759,-0.009535943062686927,0.046130312841343855,-0.0013652782946535064,-4.123251117832471e-05,0.006737869188688279,-0.016122930936513843,-0.04166861658418036,-0.0004488588498726454,-0.012954671181498524,-0.047218300050119094,0.0025869177065502695
32003002824,-0.05178432253593878,-0.0002512578746805032,-0.0028550562131908503,-0.002582410638707106,0.003108340240989067,0.004217429040330762,-0.0059209932162861256,0.00029126919907090845,-0.0015191626147396447,0.02525523587294504,-0.021927584386748328,0.0035764938955841,0.0040413412697996596,0.0009649057831147124,1.2077848039152683e-05,-0.0009317693998939327,0.00020585150509193443,-0.0004384007603055069,-0.039105236374012274,0.005600777791049014,-0.015929754630813767,-0.0009836888453709197,-0.007343263589694078,0.007737217098923396,-0.006178095985183756,-0.00413744355085196,0.005119054072575684,-0.0008942738271599183,0.0031154984420005854,0.018591298214607362,0.005330868607218683,-0.002068258319516345,-0.008021076362945412,0.007350357274598076,-0.0018598237256732034,0.027188019820263407,0.006169933763819038,-0.0037019752194178595,-0.012716604584782286,0.014107363600808607,-0.005284747001383617,0.00481559085040564,0.0016219869105231267,0.003297797701178669,-0.0006249595914151336,0.0023926332263299512,-0.0015738716890543085,0.0006075752475706109,-0.0007291645004260391,0.09061338367151248,-0.0006380760429033502,0.023343804643152864,0.0035770162476216646,-0.011735065818911927,0.05965008091149733,0.0006030794793439511,0.0015493992781061056,0.0016196782995011633,0.009943495499458223,0.02698174534800337,0.0064462941098118644,-0.003617911630022961,0.008461559377552406,0.003335638655045189
32003002834,-0.01306260270589223,0.0018109917610339954,0.0012256346675341867,0.002848311502818617,0.014103513933685415,0.004463999885024757,0.0048241553084572685,0.0004811912807699246,-0.0029537827649646006,0.018593081431078105,0.025413498587543836,0.006611656220194416,0.002353300348233217,0.014703416621910489,0.008733749083129606,0.0013074352820483352,0.006307670017251745,-0.0021634499009338085,0.021380924518384768,-0.0036020706245803477,0.008608014072826823,0.0028157391483938227,0.05725199154821756,0.00611162175144276,-0.0024942800979271293,-0.0007983087870095983,-0.011882112343963684,0.0009912535057038892,-0.006117330184967141,0.017591533470679648,0.006782004283040387,-0.0036339663686238166,0.0008817936866063901,-0.0005303954313427649,-0.002852554812484719,0.03366009047204488,0.00044734813234812977,-0.0027291390837119746,0.031393785061830555,0.027682170919520282,0.0031561876683826283,0.013262879485565256,-0.0007763840184215376,0.0012754778789012548,0.0009540081206811679,0.009735911740570313,-0.0016936028958908687,0.012206088563481859,0.0014976338423906249,0.10688654555639421,0.0035274169969405898,0.026722245650173473,0.004043143157147536,0.013994179969361956,0.06309968436650527,-0.0015446263563619659,0.00212940312495877,0.0011923622247275456,0.026293650250871187,0.025016332709029244,0.0037742662230065465,-0.004521979860380759,0.028433260641142943,0.007164839868741216
32003002956,0.0025413357549605394,0.004535303243834509,0.0172325929862777,0.002440063442102508,0.016122017804290137,0.0017155320539960946,-0.0028380535304796143,-0.006007040822659562,0.003741605113409198,-0.010349059970325366,-0.005640432177459748,-0.011597930460472576,0.020460716215268474,-0.011947075935552302,0.003790606630889761,0.012710922726757954,0.011356522977485944,-0.005770196084774582,0.08612122274905487,0.0056061482099544,0.005615240109365776,-0.009066575731929066,-0.03054094159482804,0.004487561932790111,-0.004006822940330914,0.008049881947584122,0.007838109206210557,-0.0004718382073741896,-0.0017239042160670382,-0.020082510969734575,0.004059072767550296,0.043332905386848565,0.015812522479913802,-0.007370085663246801,0.0020505984037288076,-0.02924073006225563,-0.014961578480208237,-0.0025416874619582906,0.03169350891593276,-0.0013456669443610255,0.0031891685652484843,0.0019525055147706115,0.0026426670007341484,-0.0008332560270931151,0.01422921066512352,-0.004103821510271831,0.0020593274455612356,-0.0045497560583521255,-8.572712636198574e-05,-0.07384182549786437,0.0012506041204080316,-0.002340813082190478,0.0015355232438901854,0.012316691020616218,0.04002421376455299,0.001434707330250685,-0.0004002843497844649,-0.0012896848833919717,-0.007874293777393846,-0.019281058586286155,-0.005377660000138293,0.009507594163119425,-0.025300387434086857,0.0017351260693860798
32003002830,0.027755943335772183,0.0012568143559176462,0.0011553033843191794,0.0016007789019663876,0.012754328469519984,0.005337741197109562,-0.0007921285843845562,0.0004890229855013368,0.0012299191211951486,0.015246172798552947,0.002044662483564782,0.0029877123099750222,0.0055131391352136174,0.01704275570464195,-0.001067803932406507,-0.0033095187645835297,0.010698301271769595,0.0017097569201728596,0.006763488467968574,0.004074106451235543,0.0012259264999124656,0.00956634210408635,0.07785140204809117,0.007556321190760197,-0.0012545854894902646,-0.006103344960497739,0.0028355174430129155,0.004951911811188999,0.0021279367035935254,0.01881662210409537,-0.0016000404391258458,-0.0017913123908008229,-0.007465227861102209,0.00246354732569132,0.0004446072929620317,0.035059231092220894,0.008715883745587218,-0.0006670756943014733,0.0005922172745964789,0.004228439144767469,-0.005636959939482986,0.02265919360202596,0.0011398642786992273,0.0006796952630372201,0.003938020566366997,0.02036956269933603,-0.0016869219285174234,0.00417869013745418,0.0021416468006583617,0.1283134290429244,0.0038384590239116585,-0.00937089390319087,0.004251856824731532,0.013027264957391257,0.08271748244266187,-0.001371554129228132,0.0006528487349785927,0.003095066061934241,0.028445434767055824,0.009263300925500604,0.003911975008808538,-0.003063935413282056,0.03638001767177224,0.007743968686618126
32003002957,0.08520262867044226,0.008984715563995683,-9.287363075800345e-05,-0.0012714902730095842,0.011619713883161,0.005641673121192108,0.011152480672732015,0.0005562346850889048,-0.005518104246309492,0.04435315894516791,0.024945964818943067,0.005285579173936226,-0.0033572476984486854,0.0266025424878893,-0.0008064236289484037,0.028329584711294254,-0.007986825031170845,-0.002774812470826485,-0.01407093259446908,0.00845362604317245,0.006146325208378512,0.025436931126032392,0.06276173585425306,0.009076288840278576,0.01664973320138534,0.0037335731791543424,0.019628464249919753,-0.009112623282918298,0.0037791026011639063,-0.037785227483981866,-0.006600641132030477,-0.009271158345727327,0.0007387883796077601,0.027635055388578817,0.007862783638761684,0.04261470828489454,0.011893252179266746,-0.001502083015130303,-0.052475841907699126,0.023738019484054417,0.002711876616470085,-0.018439463286412067,-0.01364064584706312,0.017166609202550975,0.035467821038207795,0.002457569516450283,0.00025442510042257533,0.0014003965453381676,0.003899249376321242,0.12056244143149324,0.008240855943604459,0.03186595060270614,0.005616356378928187,0.11808251095176577,0.09160100477306425,0.002737572645979216,-0.004374510693214965,-0.0006858735974481335,0.019856877905853245,0.046423983759364164,0.0024928502567889833,-0.0008464089872809424,0.05556123563047876,0.008238005651060214
32003002958,-0.024923651959197168,0.0021660760297548738,0.0018257794769388814,0.006531605669660493,0.006360717613597375,0.0017189723377569312,-0.0038442591276944935,0.0038174248048207875,0.007457246438666813,-0.00268128717299261,0.01314654952301177,-0.0024795891252156433,0.0035442055081905035,-0.014723960679025769,0.007823179168508058,-0.006606591450014831,0.004624512790081689,0.011978080203375211,0.013339945406099297,0.010589008105178132,0.0021926951706632675,-0.008731289784031352,0.07490257867582986,0.0032193165561212457,-0.0024275787433427213,0.0036478859326206452,-0.007130338479509192,0.0034348278362946946,0.003013612810543561,0.01794815352484414,-0.0044077754547185875,0.005869926626065562,-0.006171294005418763,-0.0004694699482739812,-0.004188269533406722,-0.01948741326173106,-0.006471582313086929,-0.005966192636194718,0.029178960123771386,0.0035546855290379,0.01079292357875375,0.014632337135797549,0.006829341768130052,0.007779752611142812,-0.005779855250370877,0.001695265983834436,0.01127603609142479,0.0010790370958439328,-0.00761403588334986,0.09972593639466798,0.00445419637123091,-0.006209639822280434,0.008503803470432197,0.027131559828611564,0.07271121448103089,0.0035559948807217722,-0.0061844562607906725,0.0024301981339483556,0.022962722565929412,-0.021368084050159438,0.0042560183094185675,-0.001739483884734261,-0.028431276502359076,0.003500540776549108
32003002822,-0.034451293045014555,-0.000781895982318344,0.0005254093811052851,0.0013811439493677752,0.0016946839859772478,0.0036027466073927446,-0.000251781044138332,-0.0022128907956982507,-0.0013016746337755304,-0.011104811995158004,-0.017508031261178458,0.00497920000100866,0.0022766605584957325,-0.00981021931379987,-0.0016960462350284317,-0.007063657296348522,-0.0007760583540909997,-0.004608019697714604,-0.013263611987558866,0.001389230571753381,-0.009140982016459626,-0.007059815585561509,-0.013228592197133085,0.0011113005370919843,-0.005012671566892982,-0.0025084358478353543,0.0006823337945467706,0.0004946585542804648,0.0008283002437299764,0.019047836194520613,0.003933295120665472,-0.016045833001882344,-0.008592201048687275,-0.007917228167417835,-0.00448033263792448,-0.022000804206537158,-0.019875646055845245,-0.005196102620469578,-0.006560384196956095,-0.016707288568056484,-0.0034915219065653107,0.006493379721771738,0.0003632359109366337,-0.00014033883751593074,-0.01466357772353141,-0.0057605764494463715,-0.00025623136977012434,-0.006418482627444409,-0.0019641331833703565,-0.031675729682386085,0.0037391144997720523,-0.01582841800406017,0.0034605411991227163,-0.007887342055992043,0.038827014550893275,0.0014357761271231958,-0.002970011758807976,0.007520397452142306,-0.010071427255391709,-0.018864129199929667,0.0029986048530356614,0.0002464572057599348,2.5682916718345794e-06,0.0076209555415435466
32003002947,-0.04214166658577699,-0.001570651026046844,0.0003776766072082612,-0.008451206543462951,0.006101360200404626,0.004111716701621012,-0.000832365050092527,0.0011729167881428947,0.0018316058844410374,0.03497069715127913,-0.02720918237396885,0.00035057675561446316,0.00421807190190123,-0.0026624212944220626,-0.007573363781054175,-0.0026152607550804486,0.006281987325874063,-0.00018981752680598176,-0.04325337835565727,-0.0006349935501910892,-0.0007565305790983955,-0.009113124390794624,-0.0023079716372478467,0.004912796463731893,-0.0019339781514951988,-0.00171943834393135,0.002997358362748767,2.221883078571782e-06,0.0027249923495866967,0.021977735079720347,0.0022772669866939683,-0.003653045801281111,-0.0077071777234463896,0.0005512346164141653,0.0021730280025851665,0.010696810303287493,0.007839055172495705,-0.005601023557104055,-0.018484564470043267,-0.012812991995895917,-0.005817282857379524,0.004893943129129924,0.00039857982556007644,0.0024219924355562477,-0.0013395479324824085,0.0035372903897252822,-0.0016759330326241387,-0.005170428500204531,-0.0011738562575705554,0.09822552617331137,-0.0013421407802522937,0.02600341000333744,0.003410945813667947,-0.007416091297546222,0.043703899364087695,0.0021082881090094033,0.0014089777666451034,0.0021720395172563243,-0.012733098406566475,0.012059219463301825,0.00502180523058698,-0.006612472571628174,0.027802451198089082,0.0039010181157596905
32003002949,-0.01927247889279387,-0.0004805569298268152,0.0024364651536302865,0.006627394038358619,0.0018432191632064404,0.001967580727989856,-0.004132313894323516,0.0009256849209014628,0.007479249243548382,0.009091931051851977,-0.011208632019320592,-0.010269452698901962,-0.0006384417197868621,-0.014011971018600751,-9.736275348801087e-05,-0.010782425911396417,0.0063166003217136,0.011050985226253158,0.0008557400270248225,0.009759588650432128,0.0017854985753102185,-0.007537713148149203,0.0032472889916600176,0.0020301418080901435,-0.0009107729957247745,0.00475568098944481,-0.002839940263641146,0.0024021699467548074,0.005976251113239736,0.014882306091647618,-0.003959834240013166,-0.0029812029574044587,-0.008979468296025663,-0.0017597199105742964,-0.006449741067373436,-0.027252260712786705,-0.020916100098396433,-0.003944885087715018,0.02807997548898657,-0.024657298561070563,0.003972362662552836,0.002267094226035268,-0.0005122214541939918,0.0073325761562868675,-0.014641641352318251,-0.0034001812765260316,0.007555506585894763,0.004148422109183467,-0.002565727491274507,-0.023349249720172202,-0.00029039734306982083,-0.007470701907531964,0.0033888871093093837,0.0074260150953260025,0.05101463739918112,7.396450452745004e-05,-0.006654902828387461,0.007637299505573226,-0.01382518843591782,-0.02646035129000337,0.003678168727347324,-0.00041944790574485524,-0.036163711460194634,0.001094594978292935
32003002948,-0.0262714318473429,-0.0015911520004610264,-0.001376801141629775,-0.005035124406865039,0.002661973600824729,0.0002248132298592144,-0.0014568729590364723,-0.001642053880701795,-0.0003413852107176077,-0.012087402018647681,-0.014476568647816141,-0.0012868671479286616,0.00038202631635600096,-0.015550199671038094,-0.0031141528742878004,-0.003577123465328507,0.0013015406478928643,-0.0020633202425976694,-0.016834584502839808,0.0015448346521664716,-0.007008506048493333,-0.008064584252006516,-0.0009199561264579182,0.0017108000994774742,-0.007814926469655755,0.00242897238387986,0.0016718657237844848,0.0008919846552238505,-0.002893785113315075,-0.0019360143489360363,-0.002875656096730532,-0.008265260308676326,-0.01285862091051229,0.0012129803246715377,-0.006434991289631755,-0.030132876733412518,-0.02432947964989822,-0.010418795193749577,-0.024445661863875773,-0.02312739107355785,-0.002016252179997183,-0.008581408759035156,0.0012949047011561704,0.003999196624589183,-0.01477385006561951,-0.0038185897192414197,0.00021817297063255497,-0.007320364874452681,-0.0017458635199015815,-0.030921558507733565,0.0005617043893311252,-0.01012118803718292,-0.0003466562884190923,0.0036827458863825,0.041940276659757275,0.0031756908040458825,-0.011273654828268807,0.0010280891768974542,-0.013788076381718476,-0.02751600955037671,0.0014943877937051203,-0.003784600287157989,-0.03555725414942979,-0.0013284358014368479
32003003001,-0.021246356122037072,0.004128480607372328,0.001928751146713158,-0.0015217431770286568,-0.005597851514792195,-0.001294500845848061,-0.005313607442844309,-0.004682029519644492,0.008269780304122273,-0.013425393843450251,-0.013836994788110605,-0.02146512970819606,-0.003769072396699003,-0.013754263943827595,-0.00520875553445528,-0.007549274188662016,-0.00748692808467779,-0.002774063979457496,-0.0049815416101266444,-0.008244063358908192,-0.011097096545460369,-0.011145076170943844,-0.024921535631939665,-0.0026899312865929174,-0.002978287486378083,-0.0005370376847046311,0.0009677179990278224,-0.0023777788097943757,0.002849494012107499,-0.07304401599656261,-0.007651591736925568,-0.0070341624292746055,-0.01190210800859456,-0.008270234987081805,-0.007469168469510746,-0.04150375983842106,-0.024556940980257014,-0.008848025355829422,-0.01074863824738849,-0.03499710074320146,0.0038637718177455586,-0.003951425050845516,0.0011162521879367246,0.0011661996398655092,-0.022498977694471126,-0.007426622136838475,-0.003597954975359431,-0.007083574620413709,-0.005301965907368724,-0.2004662043562487,-0.005277940596957742,-0.013667358498537953,-0.0006766493931641784,0.0026506019876346583,0.028578422261921428,-0.0003557903989487979,-0.009536232656182404,0.004181211108257936,-0.019703171816127872,-0.06521830779752859,-0.0022041149458919876,-0.006161689112384697,-0.05429040781221004,-0.0043817763305437464
32003003003,-0.027719147287026506,-0.000601578416846742,0.0007856759189018046,0.0023493468354320196,0.00401609753264584,0.0007173227026672115,-0.0022889376327216355,-0.00022688094637164793,-0.005223046527871484,0.009286219112406588,-0.001440427165998498,-0.005544783492937349,0.0019985730794782304,-0.004449447031545327,-0.002177879911270448,0.004568251965249504,0.0036960144096165153,-0.0037865497748889552,-0.03156472095960468,-0.00239963975959814,0.01438177290820576,-0.005459471493752416,0.009776729247199661,0.005077686721072599,-0.0037970485635287193,0.0032207869588042944,-0.008093242381861617,0.00048018658941956953,0.001995429616318338,0.020801769467290565,-0.005005787790062686,-0.0025713978393950058,-0.009318690503960317,0.0011557582870555594,-0.0028032155668858043,0.028467072326903452,0.001911684620180841,-0.005046279646092193,-0.01654436346184598,-0.0018888019409949756,-0.002244605971130346,0.009856977034693954,0.002058815913862302,0.006449329054948165,-0.005271570713639951,-0.0035396234900434416,0.0008012299434561194,-0.00036054057357751287,-0.0010217883231510314,0.07937001298046074,0.0003775279253449613,-0.00397841341011022,0.0042392604408457955,-0.001977957008626588,0.054498147728558946,0.00016333518584926547,0.0008486633368599231,-0.003174062242717951,0.008323331685110411,-0.011092955573463004,0.003892805863225151,-0.0022842738789930735,-0.008584750342958171,-0.0009312491055525511
32003002836,-0.010416862236130519,-0.0011558054342326192,0.002983358336683676,0.011145620678529323,0.01753491691558722,0.002957219610280309,-0.00022642249099299953,0.006285931573937512,0.009029380988113626,0.001739135424515839,0.0016538524558484438,0.0017068304632165837,0.0022041335582653914,0.0020142369406705965,0.0069158058254007405,0.00705815086053132,0.0037172812357103443,0.0005020011547180851,0.05944197631612364,0.0059869047553488906,0.006610046417006358,-0.0005744566219567634,0.08460839988658186,0.009908456650032354,0.002113308333908948,0.005152858996039128,-0.005290126634979816,0.0029226970328867577,-0.0032536848133880264,0.02592212809337396,-0.0033443138048607503,0.005754410666413809,0.0067044863544920025,0.0052840160537039205,-0.0009898946755468574,0.03589294249491836,0.005690882181978816,0.0006327675257230082,0.04877546147683118,0.03003423163567103,0.0072281306762174745,0.015715047310067096,0.0037648139754100124,0.005307937122061122,-0.0031998981173123305,0.0007039600166346034,0.004250186338981213,0.011661027604955819,7.78296717803338e-05,0.08695558208478518,0.008819937966189972,-0.003619371411071952,0.006086005763635901,0.01390417756964581,0.08249176988283496,-0.002528450873919979,0.006500686729036207,0.0032224305462414007,0.028407714830247153,0.014885822797057777,0.004499684590421592,-0.0006975001394457394,-0.01400758113369135,-0.002941725404816084
32003002952,0.06857484684052953,0.0004109638361264345,0.0009840495684013263,0.0020220304311715153,0.011284788402484043,0.0024763186992557413,0.019257509841644836,0.004610702852058528,0.005665627668444348,-0.004226005821511565,0.021377835798286275,0.004437347530000197,0.006195211906724747,0.01506278328276132,0.002207361650314276,-0.0007877085793209133,-0.007447226642868581,0.0019247159409638173,-0.06625015956009937,0.002990089354129242,0.015074188824849757,0.011507483845075583,0.02081991678702555,0.00838486026038013,0.0019446415437806867,0.0069433609340145705,-0.0018036991866602718,0.000750939176525383,0.004231862422691144,0.031208619971855457,0.00283333225047793,0.010822347197844945,0.014959384808400138,-0.0018188603262859855,0.010731459315115849,0.033298377309255604,0.009197538043737248,0.0036935441518287596,-0.018165067502608098,0.022432689740009844,0.003125908685069156,-0.009489714373289333,0.0035285826579487937,-0.0019596360550779564,0.052551347930490086,0.005295023790090206,-0.0012628198340849108,0.001109929297121951,0.009543432145681228,0.09848251247331333,-0.0036157973902808463,-0.010927562563023529,-0.0035319993107758535,-0.001232088637695772,0.05124152249076199,0.002117735505646468,0.0059898292279274125,0.007343629943453275,0.012505479948690995,0.0071069517349933945,0.002721420214745171,0.011857385062881289,0.03534079494998997,0.009966483334401104
32003002953,-0.025673055817470064,0.0002686295784505767,-0.00315394661737571,0.010312263757297867,-0.009400579437704528,0.004792501222826459,0.013846220031241039,-0.0011078660266980733,0.0030820394612171096,0.005766886719392821,0.02945914360609287,0.0040291113175124835,0.004930193366908783,0.00872122709015544,0.002843328009827093,0.0014629655069217562,0.008450772137757757,0.009834242754453163,-0.051285938346722335,0.003696334730594273,0.007390090594288496,0.003336593512688439,0.07741279028202015,0.001592117844852655,0.024098130952887726,0.00013902255136139698,-0.0112452327426163,-0.0018305606468226173,0.001818974221027437,0.02265791678002128,-0.00207617761501584,-0.00395908251594802,-0.005679403324453227,0.0015011015516863298,0.0006146008608199583,-0.011607488489161535,0.007253631536872143,0.020839207738763525,-0.002510470019404163,-0.01365073858963574,0.0019032540210012204,0.03243793427254439,0.002104101285414568,-0.0011016343888372048,-0.005889363422173987,0.010826796015312182,0.0016221085436773444,-0.004188087030506965,-0.0014262090782866392,0.13229227901332993,-0.0005982179700002002,-0.014164399451245901,-0.00707458608745335,0.05323875493893784,0.057415942771999295,0.005179254598603124,-0.00405621210700142,0.006405995989839464,0.026498271015104206,-0.021669313158811453,0.005102252318916144,-0.005433328632246915,0.023378740012149277,0.0051519239405711575
32003002905,-0.03197238557911576,-0.00030152251923280484,0.0011576757327914336,-6.751293474912961e-05,0.003623554933111425,0.001668685625470378,-0.0030974349946621183,-0.0025477257189559827,-0.0009421375301323432,-0.0004201278073356668,-0.040787803021806894,-0.00406863344675506,-0.0001012117153308781,-0.00855133019235152,-0.0006925124760557638,-0.00858312382814273,0.002272762877548877,-0.004860113021865345,-0.002430852284599066,0.003257670845893629,0.00933308153776916,-0.006423860816251139,-0.03811162613250159,0.0034898495229240454,-0.006345861248563603,0.00086241225694508,0.0030110529820057005,0.0010603708533433217,-0.011468293545575532,0.019904495028294895,-0.0034641973394558194,0.0034230440688932796,-0.009215779817015282,0.0035169565758044184,0.0010368246164768225,0.00804701400261707,0.008077870351863959,-0.007181753836105938,-0.013830514460454054,-0.01865468709086909,-0.0074668680678813045,-0.007876992211412626,0.0031400925209268096,0.004058121242741705,0.003035040041150643,-0.003096099578699187,-0.0010767975195534974,-0.0010478664679153208,-0.00167001760170135,0.07300209980597354,0.00044111943288379794,-0.006697317884467957,0.0017059486963565775,-0.005130204395517827,0.04761034450493509,-0.0020158869914912725,-0.00044751661615344756,-0.0006713670175611582,0.005777373077421496,-0.03087312466637967,0.005077220024024113,-0.009941102180679921,-0.04809718246798802,-0.006256629409577569
32003003005,-0.012928834253081431,-0.002428496840497331,0.0038470755041502057,0.00572787590828202,0.00376211581317761,0.00392547447150075,-0.0009841869523452085,-0.0003249489640680794,0.007186675002441742,-0.0012483420877397117,-0.007022600131573295,-0.011857343213105219,0.0026919512487230753,-0.009368076551303428,0.0001258702993560936,0.005942872775087401,0.007928014806960468,0.011887958231529095,-0.027737902524261813,-0.0013770964951058378,-0.00154324961599936,-0.013607534590167501,0.0022531475764028933,-0.001814437211180706,-0.0040972830201333275,0.000978557331022591,0.0003548703810597035,0.0008928897187519866,0.0015504775577560278,-0.022942169137634603,-0.009789888737136819,-0.008383461578092256,-0.00952610197286431,0.001309965078013398,-0.001948588199457939,-0.020471269575082208,-0.01780071788235516,-0.002358609254090434,-0.002917705417783614,-0.0054858731414458226,0.005305681163903367,0.015468314607708299,-0.0010465000843691023,0.002516219025355715,-0.010822248398263545,-0.003310314184993273,0.0059119227361228415,-0.004071486459552546,0.0016331593144476388,-0.14521119957175377,0.005731528375941707,-0.0015953989036167487,0.001916975952796974,-0.020087062931904667,0.03910267192955324,0.007253486513826499,-0.0015023180663622673,0.01154754948303436,-0.011338912019499181,-0.02078386435552046,0.001475271366107186,-0.002978879665101329,-0.049643739196610755,-0.0003736116338717723
32003003204,-0.015246232288445004,-5.5253748182740054e-05,-0.0030921652574607277,-0.0012389646808886588,0.007768666187320026,0.006486299227022382,0.008075385762819447,0.0027802261501013643,-0.005202512332434055,0.054035034718219056,0.02311822369491906,0.001468513493474468,0.004857687623993104,0.0144065869495055,-0.0017411527500971018,0.003981222668847739,-0.007583740808433909,-0.002447930677936904,-0.06666758926013694,-0.005897386198335972,0.01721001885293573,0.00639775376810172,0.052463667272886164,0.009865548265192866,-0.00605396364053437,-0.0014679231717407714,0.013625561136143566,-0.0007839970037681953,0.0010119207353229574,0.018675017786551146,-0.003943735686097932,0.00270280165594605,-0.0024515824301373553,0.018100676218682544,0.002347020274988671,0.026996417029440667,0.009437806237628472,-0.002678424882288506,-0.013353521653452416,0.003620588706141042,-0.0039502752692659755,-0.014592558512655696,0.002850428689130177,0.0005867749672257556,0.012648947581061339,0.007011894328838325,-0.0009021764459611008,-0.003457975058500188,0.007211484963677466,0.08533862305334726,0.0016196003108985804,0.035749038894393396,0.009340220012981914,-0.004118669285041863,0.06463182697702054,-0.0017616148035896346,-0.001237767377823071,0.002051665674912257,0.014058903508689446,0.05187515791009803,0.0016392814169624145,-0.006345007926062487,0.03375796589210235,0.006172118521805651
32003003213,-0.0006809996540645181,-0.002623179901126285,-0.011448250546158504,0.0011633539281481677,-0.013609754705264482,-0.002788797865834288,-0.0025846679829660095,0.0009205216794097624,0.0008044616154524422,0.02555649375049439,-0.055380648192269434,0.005520569834924655,0.003888987261738362,0.01533143635150206,-0.0065014866766038605,-0.005656994790098394,-0.01117533014670349,-0.006822511488760623,-0.059348935593279195,-0.011898260215028027,0.0018964846407015152,0.014060777103016989,0.022195752201689043,-0.00367298489216787,-0.0022808998908355645,-0.000300297725718908,-0.008756356790856748,-0.022157975950964873,-0.0015553032807044055,-0.003561321237268746,-0.006388056566981662,-0.016210242297299268,-0.0040519497441334484,0.015953304552471875,0.002424743292545074,0.020572941619177547,0.005831015799656089,-0.0029785336203545084,-0.014237550803271501,-0.0062948771466893455,-0.00557844130336083,-0.031245067415489675,-0.012551927997031117,-0.004526627052028898,0.007483516269436094,-0.001591763454109431,-0.0016079495931053704,-0.00829537071282951,-0.004123017598066795,0.03797037968755339,0.005406492740997503,0.02215378130302703,0.00490602586016315,0.06647185720791808,0.048553002896876404,-0.001736619368416234,-0.007181650087400143,-0.0004991429967178235,-0.009572044844101282,0.029539137384813872,-0.000561727924083326,0.002983683391987012,0.021797134054151988,0.0013656334452669425
32003003214,0.03118851941173334,0.0014339516091577918,0.001954456067073235,0.004593229095698649,0.01911476617828147,0.005007848416155853,0.019308973211023473,0.007638680082690134,0.005378788413166507,0.058551407851699204,0.04078193123878696,0.010919930639896182,0.006404866581198009,0.0270507356503336,-0.0023366955952231665,0.027665472309202608,-0.006255886239549002,-0.00013584586064036865,0.02104308230818289,0.006009145237377083,0.0038047198659973028,0.034364624441656944,0.06197106535041495,0.012160341876379046,0.03156614895113983,-0.0028059500779749605,0.01647383174169625,-0.0007890289402859815,0.004998208551717994,0.024188140016418405,-0.00040235616780917425,-0.011200938343298425,-0.0009430727066258052,0.0217907313012424,0.005283959878127719,0.03017442074224464,0.021630510010189785,0.004266159457085614,-0.009020423137688499,0.019825231438349217,-0.00272442899606753,0.012853720258938528,0.00554186031675588,-0.00123985162768465,0.0056742777036476715,0.016770367779311623,0.0011300052388134433,0.002000770060111717,0.0034737983562337493,0.1469721659328599,0.009046271122247592,0.029686324516704214,0.00907340883274842,0.13937223402263757,0.10907814533838689,0.0036340189505780895,0.0030527916708425547,0.0023298026715143512,0.021740428793717823,0.06043330326361173,0.004589210216479768,-0.002848994873812362,0.0506716329580076,0.009535001387303923
32003004601,-0.0036534892370907817,-0.0020892493577760224,0.00122054221836855,-0.002233479627305929,0.007714741975507853,-0.003800996742441967,-0.0017651902748661115,-0.0031800146602298496,-0.0025986697076430866,-0.017982220511007764,-0.029871272495861263,-0.003043777845142903,-0.0035537906542753507,-0.012485508034127303,-0.004308094386002976,-0.00349628696723112,-0.0050272602908763364,-0.00461571571815228,0.003992736526634144,0.004489176666579884,-0.0029827950877118763,-0.0027879670997500044,-0.18630703865107248,0.0028944574947766324,-0.003221751051586251,0.0018333335399283264,0.0037122978084753854,0.0015839326443354436,-0.012950698342343556,-0.07844074897462053,-0.0003131866811285563,-0.010965442945803785,-0.0008157754944150672,-0.0022038700545539353,0.00037460672642634376,-0.00842539277431025,-0.025994224749927117,-0.01070877430688811,-0.0069518984851841764,-0.02001977197894903,-0.01128722698235762,-0.0077857126500457275,-0.0015115016055426813,0.004018640560065633,0.0038307870686807074,-0.002123731648641269,0.0008432215319172575,-0.00790456020861788,-0.002756468675685042,-0.07250574514509049,0.00019017815996001257,-0.010638317719212871,-0.0011628495574834657,-0.08310904992567102,-0.017901359888926827,-0.0025974672402173937,-0.0026897711470955745,-0.006935237009232199,-0.014708129274773168,-0.02262009423694612,-0.0020669013092279136,0.00852823832135596,-0.05953188820269719,-0.0003643686531644795
32003005014,-0.024870794308689596,0.005930683868098412,-0.0022645775758057853,-0.0025281328274346484,-0.0022803345565082043,-0.0002946768785260919,-0.004027545592819417,-0.002787676900963317,-0.011511425926385686,-0.020196951418698775,-0.013119727773874882,-0.026535871842060115,-0.00407368273914293,-0.015801471005264783,0.0017941857583889794,-0.005665713716514564,-0.0014950004283042467,-0.0020264890996627987,0.03234793771373148,0.002346963737747456,-0.012364772497737389,-0.005413367226159579,-0.05626835168835418,0.0009297863220793916,-0.00550109134310787,0.002454045815436246,0.000953379037447724,0.0007158925971678015,-0.0032782355231251383,-0.08282519753616042,-0.007747383069576056,0.005190481830931812,-0.012189070330355765,-0.0014510771024083893,-0.010374110984137512,-0.022425001076314455,0.002975446314823363,-0.007056585873887235,0.034910023720989836,-0.027059189516553162,0.000567828077134083,-0.003960570717458417,-0.003282988036475337,0.0014014076898048358,-0.018098598209154094,-0.005101078801019987,0.00021173913189205702,-0.0009976567331843999,-0.002751150532230254,-0.0775432200172105,-0.0033689027584802383,-0.011552221343119954,-0.0021684663800317326,-0.0010759170579980226,0.035159761350533815,-0.0025431410390472278,-0.0057768942175678555,-0.016583689912112086,-0.015381649574364054,-0.03985153196466788,-0.0014831856558759023,-0.014300396199565624,-0.051262678778010044,-0.002796530129743804
32003005354,0.02582571333841122,0.00012057783137508044,0.0009915887172298053,0.004195858196966313,-0.01839410945382857,0.0013993173188213692,-0.018332235459921263,0.0007411253789535898,-0.0032911030225282393,0.03341585946797638,-0.013304279460601377,0.0011529864568797525,0.002506962204930873,-0.014269420282741179,-0.00019314893974540107,0.001935512343974912,0.0018913033423268693,-0.005465990391167741,0.032474257637465635,0.0008496833347845474,-0.009802901466846363,-0.01587728675912511,0.05475695876492743,-0.008817378622225053,-0.005098915554080838,-0.0021451615222769977,-0.01652741209048347,0.0022953032951880496,-0.0037564097721864112,-0.0048585291154240335,-0.0020873956768334167,-0.005949733051233098,0.0018942401448059332,-0.0007126054972844608,0.001478323766625371,-0.004050715519895231,0.011201267543833503,0.010391400196557331,0.0019685792104995685,-0.013941540119279956,0.004129512630046292,0.017290772913641773,0.001092617557048695,0.013968726612864704,-0.01242913874468029,0.009509110311110944,0.00015250824340502024,0.01298790191289512,-0.000772018044560326,0.12301053485550131,0.004107145361051014,0.013803040626345187,-0.005334576744417947,0.1211828723292979,0.10170388289869728,0.0012939052336466842,-0.0021434544180131657,0.001177824534575295,0.027955656777777352,-0.03741351962839106,0.000279421918241064,0.0046715677478359075,0.0338336583867328,0.006935088253888246
32003005360,0.0282957149902201,-0.004058640085658614,-0.0017387500076682836,-0.0014203213251354862,-0.039807310027339365,-0.038252158042043245,-0.04911839433417583,-0.00398247379647869,-0.025787813912930023,-0.023252953026582198,-0.021184607072333866,-0.0059137551055040575,-0.05511392632939359,-0.02470056403106906,-0.005577269740182769,0.006372455109909332,-0.00552827715000052,-0.008224764114244925,-0.023952758330175305,-0.004399173082701825,-0.02933678652205824,-0.006499157379252807,0.009365385653865119,-0.017652273168612537,-0.015700463215549333,-0.0006185994979095797,-0.002505873467159179,-0.032467471295879444,-0.004788497257536665,6.168870718098223e-05,0.006625799605293702,-0.01379150370771125,0.0034525548557240915,-0.05885625340249758,-0.0020844158367567464,-0.0040718581301750975,0.0007726374674474663,-0.010372717528396297,-0.006296963913736374,-0.022248862253083455,8.121297076806142e-05,0.0010676658720851914,-0.009409945484284143,-0.006564286428601703,-0.02296309004447804,-0.011897964085548733,-0.0003180181912662834,-0.0028931715257775,-0.0009129428504878589,0.016189724233527197,-0.007547480562450171,0.009929250099851916,-0.01844316455636795,-0.00833906456536503,-0.2695938512091678,-0.007075484950155138,-0.0036668954369448617,-0.005291301625999794,-0.028466509476526767,0.013811182523730153,0.00033102222655874,-0.008627658817397979,0.013442138920916459,-0.009591171010170839
32003002939,-0.05031268432135734,0.002358858004658142,0.008123806699862455,0.0033154003089741657,0.004470315046289144,0.005516714352624332,-0.003291661349274999,0.0003398862673327439,0.00067550579090904,0.039321059042961896,0.007521219649097577,0.005416946464660327,-0.00401270795562406,-0.003793795892860647,0.0004147395501908084,-0.00109884974119598,0.006701660158985824,-0.00023665030839042496,-0.027440078904810546,0.008451346289143832,0.012838655220390073,0.0019077160797964603,0.03830057746642802,0.010223482097076837,-0.004659646606440198,-0.00492035537485602,0.009192243570321654,0.0028562790914520918,0.0038130663409508105,0.01775435381158335,0.010063499878406544,0.006603612784184004,-0.0021257251540390525,0.005276827767546486,-0.0013087787972382394,0.011374959581651954,0.00662068468636019,-0.002128351437228377,-0.012052609251666463,-0.015320789372283773,0.0013676576750952414,0.010686293556306726,0.00290881225703114,0.0075483064557740065,0.0006550801221467397,0.004539178025405405,0.003366144218704974,0.002356949038276627,-0.0007477729191824687,0.1168645950461911,0.005800815069036305,0.033849945510098636,0.012137825843455994,0.006182372341741925,-0.01267246592847445,0.008808839416370288,-0.000871422936371449,-0.0012404048515287317,0.009993877884882913,0.03264636455875275,0.0057822276562129,-0.0006093582937665054,0.01640396223087373,0.006356074427847947
32003002941,-0.02755684635329004,-0.00045765433115828823,0.0030432646696593488,0.0008621510914017922,-0.002153173434397042,0.005607644439671531,-0.0020382046623027643,-0.00037123252089975496,0.003638050910191897,-0.002930696396645484,0.019334694128271702,0.003934009603157614,0.0049931811156448125,-0.013238620687519251,0.0002551563232994683,-0.0022498390564984786,0.0008526782232150063,0.016925792248134276,-0.0075100955454324375,0.0072699608985326535,-0.000301126059586493,-0.0021494613238608284,0.040735711849832906,-0.004872129706448844,0.006062510479649427,0.0014420580438235238,-0.0019406613892760576,0.0053246469578478815,0.002663922827571138,-0.026380199400222532,-0.004885120938049031,-0.006473955203039036,-0.004343626013153487,-0.0009562816833201498,0.004143176100455588,-0.020229693261497893,0.007872030711121851,0.007054618550638352,0.007391841061044596,-0.017006806996181845,0.004701367142765861,0.015244393742757663,0.0037447334507323357,0.006059308304678627,-0.0056082029622677165,0.008070180424717731,0.0041828790116575565,0.0021975960833997546,0.002822405617954738,0.0994811498344074,0.006051153017472618,-0.008183912768188282,0.00833839154860894,0.016371005161715857,0.06183384531213686,0.010925582699555403,0.0007476979834374187,0.012002092509370527,-0.002638224022802675,-0.037003688566724736,0.004926201151694523,0.00693200054662878,-0.011937305549147808,0.002893514400109256
32003002942,-0.03021974613801864,-0.0012178605447622256,-0.00037813619307794935,1.8500561368421802e-05,-0.0075876201384637056,0.0012903097462424909,-0.0034628993343890266,-0.00034211652762556846,0.004358353221741495,-0.006954965865396852,-0.0016355833163647156,-0.01099618642872754,0.0010484941879376625,-0.014354208872480912,0.0017474369556466955,-0.0031311496569805405,0.0013933006115114759,0.005246588662969728,7.439587631334076e-05,0.0053748161864534735,-0.008250450957646857,-0.004565232853826793,0.031336897240552594,-0.008746636208667615,0.0065531719015984955,-0.00032376169224767725,0.0013873816907677998,0.0021969034912470136,0.0005762982799770377,-0.03515816942240669,-0.006452228261495438,-0.011152537180496913,-0.011141970758534006,-0.002060926187496951,0.0010508642583438455,-0.025043905217067123,-0.013368329982965282,-0.0031378804276448536,0.018812042666677214,-0.01869182663221542,0.007607684565821687,0.012919314841403743,-0.0027517379836053315,0.006330470986968573,-0.013139297956352406,-0.001690879953447619,0.0011794437121444457,-0.0023507586150764343,-0.006461603095923086,0.08915168861255586,0.008916093539919465,-0.008969029445998887,0.004569543890518991,0.0020719391704559784,0.04909311449789917,0.006512228729998362,-0.0007653459628424762,0.009967330252409083,0.017226715247704208,-0.0389154050820368,0.0026233686179943155,0.006067076259841406,-0.027062303899560734,0.0033798952769442513
32003005015,0.00880248849389067,-0.0020329780598429296,-0.005668261200423121,0.002398427045998269,0.005537140841107308,0.0055601341280418805,-0.0051271726670547545,-0.003167461611869105,-0.006224886976080209,-0.0037374190719241455,-0.04693161863115474,-0.00025353197236814204,0.0034974516781281235,0.011948699072369125,-0.00011833802080408831,-0.0054198113500369596,-0.00125813616663859,-0.00144753221334099,-0.02758611028511606,0.001305806005279026,-0.007711030836535544,-0.006826176361498672,-0.021040712929519655,-0.0020920915369697078,-0.0037884637238726013,0.001757332972019541,-0.0016288013791440395,-0.00246472061420795,-0.00024025619616739775,0.024561148115401905,0.0023533622905260168,-0.004758279850451046,-0.0002566619272926076,0.0030401825070019467,0.0011847887012716703,0.025419387752254396,0.01254095827506573,-0.0020456965761075645,-0.02864087469694566,0.00934367889643688,-0.006267016582934364,-0.0065295913315412376,-0.000269118568793629,-0.0015501631423525388,0.009365282916656564,-0.00594335957781193,0.000875484053447716,-0.0007523237730292506,-0.007698067893658766,-0.013298380842333072,0.00397335266866398,-0.006625745159976544,-0.008733562470530283,-0.022197163211013303,0.05899649836154434,-0.0008461362086636362,0.0003744347675126253,-0.0023519080486716355,-0.016988164416303343,0.025417132105711764,-0.003815471751121026,0.014106479325239328,0.035599088065407763,0.0067162017560107755
32003003637,-0.03398940309395154,0.00025497603474437103,0.0035262847720778307,0.0004873828706439721,0.006139926387138177,-0.0025655405239042445,0.009198678970631978,-0.0010092499426300628,-0.009125368786637517,-0.005394613481372651,0.007346925179198537,-0.005268287414300609,-0.0023507752139966345,-0.0006619554113490748,-0.0003989728687610027,0.0008033824852017802,-0.0003726817738561977,-0.0011823550178563739,-0.007038168889661986,-0.0032146129924325467,0.0066831582465333465,-0.004209934337044125,-0.004584032986603067,0.000507932386979023,-0.005044741328116527,-0.0014925832572053744,-0.006554482421487199,-0.0013187866834688704,-0.00185344904718328,0.02870091254029815,0.006168502194157823,-0.016519915409471553,-0.008264963206531759,-0.01158205570005393,-0.006572595014430141,0.011572237978723584,-0.022496644618440018,-0.002051967113353282,-0.012519487677439309,0.022809655453360788,-0.0031328706545685255,0.007024236389643195,-0.0005842675695564823,-0.001017888666043056,-0.0032534068498474814,0.00036658751319175654,-0.0010955770597650032,0.0007577160378789442,-0.007688828005231943,-0.15761787662465543,0.0009220840669363854,-0.005149983937719381,0.004556264603226408,0.019498814017789343,-0.07153273323500815,-0.0006922065069450064,0.00023163346573809593,-0.0053345589708464,-0.013324331967909974,0.015815061615938878,-0.0017902319016519918,-0.01209127941103673,-0.04971045479141769,0.0014002255801909432
32003003643,-0.06917009979954455,0.0029058093774273178,-0.007500065639168518,-0.0015208533865653875,0.006726070348325905,0.0027945248115690173,0.022241506928938174,0.0003368449164968102,-0.004552565596176775,-0.010442808752709783,0.009179883678694609,0.0013132669150845704,0.005661932254418926,0.009623286998151263,-0.0022257798296618256,0.000525749618197644,0.0008577132010268415,-0.006792015033811598,-0.014137458264452842,-0.002440514341484155,0.007452521779710874,0.009644576906509203,0.003360569110777282,0.004571983730102976,-0.001820749659546337,-0.010627674756812559,-0.011620772136492336,-0.0002970676933404017,0.0012483879841035752,0.016731448076568088,0.010836779055357942,-0.008715382152958131,-0.016283751788062083,-0.007217516221072278,-0.0041652389996085625,0.010449529349954304,-0.012422204996099494,-0.007763875448332835,-0.013505924798288185,0.026098144263899694,-0.002798781547422251,0.00655815786876051,0.0019290733307348572,-0.0010174933538213285,0.00010804096149528897,0.0017525851629242354,4.7845019829811546e-05,0.0005487437453695468,-0.00841523422536445,0.06447592349104858,-0.002149900778123759,-0.014048997727882307,-0.015268371625405733,-0.005606221447966665,-0.1273769415208363,-0.0004385572555082899,-0.004429702201189733,-0.017313158670055978,-0.013912959701111373,-0.001760308819585569,-0.004157309189765612,-0.012848314903768815,0.006289310898505267,0.00278118235812559
32003003627,-0.07616288151000537,-0.006088473959314368,-0.002131154943214405,0.0019653409088564453,0.00425668007288956,0.004991373680952426,-0.008566900157218768,-0.0040636625878161595,-0.001657677197368292,-0.019716771712902894,-0.06195426241254033,-0.011570993166927283,-0.001211594136883519,-0.001707559753924584,-0.003924377478288559,-0.00019800713654155445,0.0003993363516411572,-0.006576655883456028,-0.011985446510280441,-0.008450630200863809,0.003018231328708041,-0.007747924916715967,-0.026606162396973554,-0.008005305669331253,-0.00975719055954682,0.003502480138544275,-0.006157702804278616,-0.002720468406528909,0.0028849681745170834,0.014532752568462745,0.0032898701651207303,-0.005781668918499108,-0.0063592684823564425,-0.02470676450162175,-0.002655576505358418,0.007017998885879284,0.005593405771573284,-0.008892933655042918,-0.025091259315657533,-0.0071319789357025725,-0.008695338194032787,0.0072688964018843265,0.0012674410205846208,0.0013554003535549708,-0.003254685838847213,-0.009104857535338295,-0.0019055369578564172,-0.0025201470945389335,-0.006977957593254059,0.07629161497784667,-0.002284745584228859,-0.013925447476983842,-0.014727258357253963,-0.05194804820442255,-0.023850221715555304,-0.003562552257315563,0.00033704104040303904,-0.005484757100247073,-0.013693561214733876,-0.009440794090605482,-0.0006012119916749171,-0.010270709780825898,-0.07214940918409052,0.0023968547227469572
32003001613,-0.027441657973414413,-0.000981548263367447,0.0026376968681847486,0.001291663115606698,0.0009252606426712103,7.591084027841066e-05,-0.0019067411594745941,-0.0011887917092273266,-0.0030019996957610156,-0.00907145353095256,-0.009475672652066055,0.008495066819293235,0.0021513403680319203,-0.005999042708839061,0.010246815674421202,0.010214227317015412,-0.000712809208783286,0.0004749372714018334,0.010133478305199535,0.005925069631348699,-0.0023954796079685516,-0.007083530514643623,-0.017797387235494188,0.006270572287115928,-0.006825760548792505,-0.002703949904022405,0.0039842439581989405,0.0007720013437205209,0.0016417510419415098,0.02649750955457446,0.006829524437029207,-0.005444599931098619,-0.005446860419417499,0.0010414504954748354,-0.0026903467075501553,-0.004305391295179186,-0.01644267880354716,0.0062106370240434545,-0.019904108421692622,0.024704816214999016,-0.0029274967375009617,0.006415293406271811,6.990734755026762e-06,0.0009051476905122208,-0.014184151233532111,0.002134172438745439,-0.0043185561224026794,-0.0046333104437664965,-2.171035152462572e-05,-0.13668863441232842,0.007677235024775183,-0.003709369392772278,0.0010104729702236138,0.009230066891849043,0.04175373277192642,0.0033298004984275396,0.006331712845344836,0.005233926952263807,-0.010798011838800949,0.009605446027279047,0.0012502602445112919,-0.009265753763244906,-0.013593782829560482,0.0013961593096118192
32003003313,-0.08979103040920963,-0.0037715216602035215,-0.006768159045067218,-0.006391469755624979,0.0007026842789887933,-0.002075380159793397,-0.008473073912490718,-0.005819444434032213,-0.008323634528666765,-0.017890775237461746,-0.07042779288863578,0.0033103318244985616,-0.005738617638732049,0.007167343145253576,-0.013385947295264924,0.0012921405925811552,-0.004290863329778132,-0.013220625972657026,-0.1077890660139151,-0.02017233073329677,-0.013159557392321965,-0.007561117872096923,-0.015191708228311417,-0.01452861086727683,-0.006421406901971758,-0.010641401697486612,-0.0018777182867429824,-0.002329644986823421,-0.00269062765949696,0.007687671798776372,-0.00709405029009602,-0.007147270510377449,-0.017369741947576248,0.0010578811298109932,-0.0045857319713507915,0.001537838850294961,-0.0008138421473473201,-0.013591364428935488,-0.05144580773922671,-0.02659599713878629,-0.012204708045636168,-0.020745495018981246,-0.020307896168237378,-0.0013224138336429233,-0.006341080371048732,-0.016189462020766664,-0.0005066074634197155,-0.001688841989835082,-0.0034501198421280493,0.0399472893412569,-0.004132864276457367,0.013140968523956064,-0.020093833097369267,-0.053788434372262876,0.030118734074831618,-0.006466254725292054,-0.008192541811904359,-0.008825832054386053,0.006132697097147915,0.011824348215685048,-0.0056851223329033255,-0.014049779742725409,-0.06111816854136108,0.0009524165704730771
32003003316,0.008894217038720948,-0.002199361640394186,-0.002629912536722773,0.0004715910302868363,-0.03448501446426789,-0.0009963287749484991,0.024616193037873896,0.00209371813959356,-0.00021068440829786236,-0.014835961999573486,0.015295948470140203,0.0037722297727262517,-0.018267649959190266,0.01412432648212519,0.0008929223106001552,0.0014100903555928773,-0.00386545309336679,-0.002081624353808624,-0.08918362924092815,-0.0036314730802457346,0.013671644653439851,-0.0011443259570512747,0.02048598732145165,-0.006150014288837874,-0.007031015494953811,0.004326479391049987,-0.00761754900591741,0.002932091470354906,0.002510132873724332,0.03894224094202421,0.007009997609065208,-0.015877351010801802,0.013696469974407497,-0.003774557591060079,0.00195449387747943,-0.032266353819527305,0.004259391234924481,-0.0006313967229772764,-0.03105291023923487,0.022235009340667033,-0.0036901289838788733,-0.0071024366646373445,0.00125811944803609,0.0003724780704225213,0.013754456806819517,-0.010368267460565322,-0.002697778087431653,-0.0022832775348800333,0.0020366812865897227,-0.06886168352392512,-0.0009990691182120406,-0.007793314271188687,-0.009897744092620673,-0.04290753492901934,-0.15495652651154812,-0.0019090028464708417,0.004638042512104487,0.003717711811608571,-0.012513204947675272,-0.029427386103096108,0.00019733388982100627,0.010462699055994592,0.028760939326057864,0.0050819293289094255
32003003236,0.08181746730738025,-0.0006298341021355285,8.344363443475677e-05,-0.002983429023530554,0.012498894714504308,0.0018401070966911947,-0.0006058115142947099,0.0008593968665118168,0.0014448253070016791,-0.010745427375772233,-0.00120148646446583,0.0015242994808903401,0.0060716399811457334,-0.010175319039588088,0.0005178324359380889,0.0011744747792936314,-0.002821610266663732,-0.003001395757514198,0.012506469642671143,0.002444225905697456,0.0033065096613488776,0.0010497068378217738,-0.01168647912096133,0.004673733284217069,0.0021592339508117895,0.0020379236212930705,0.008887674463538362,0.0018648709341077437,0.002366102906648408,0.029046420325645476,0.003202581624449388,-0.0007005889713711439,0.018161978131140236,0.0019491116657505455,0.002106061447677655,0.005094739532841075,0.010814779992126367,-0.00720284915729849,-0.008787393588469623,-0.012796506449835977,-0.001642538219957925,0.0006872042736152731,0.003216986021262606,-0.0004199594345837458,0.014477805258090925,0.014775238241455628,-0.0025871539049126626,-0.004906531219998239,0.016720181554586135,0.11666619806214365,0.0006917083407776678,-0.012233413725128523,0.00641827356269986,-0.003524493710853024,0.013464857943683272,-0.00025957077288681454,0.001951707733469919,0.00173896810048093,-0.006412579374756472,-0.030735990809306696,0.0010845338288925303,0.013353675179532695,0.032627404162605525,-0.001613637313336966
32003003243,-0.009786307840400842,0.002709690345992332,0.010053655877606519,0.01062709455876706,0.007380548255620599,-0.0016563084807567105,0.03135187259226231,-0.0011685081430271695,0.004404647442680034,0.036158022993158304,0.021454467653084782,0.003982342712320586,0.009841793019032869,0.01656934616442562,0.0014851099227620934,0.0028794429389714755,0.0016897822671249423,-0.00034970303929413737,-0.0435033957056945,0.0023125709848108543,0.012767437939348085,0.006303669443382598,0.050299425418477116,0.009799151700629543,-0.00155787350372036,-0.00517298570885986,-0.004708115380434847,0.00284365312213384,0.004486025170228671,0.016950746499726554,0.01848004675135921,-0.000986364406936714,-0.007381420695272349,-0.0010401010637751285,-0.0036365957545699754,0.03686332911579269,0.006521098191455233,0.0035842845692955505,-0.01498613956758737,0.02796277886969957,0.000765972141362583,0.025961020059554408,0.00453754167923701,0.0008495053397683082,0.001432740554760553,0.008762545296918063,0.001658313248924801,0.0033330802126362393,0.008796673348147184,0.10976697103860339,-0.0005453027446114698,0.026268417010040637,0.0017786410205990002,0.008071256440188518,-0.06119645641382077,-0.00048810432899038344,0.004707776561611098,-0.001653835197027331,0.017427613931512046,0.017652712761486864,0.0022933060817193324,-0.00394191530957874,0.028973105857184843,0.009336525390413974
32003005614,0.11485654597928724,0.0007822667752858761,-0.003590264666842823,0.004173931508116092,0.017146732485525017,0.006277370983266138,0.02564085990095981,0.00043525998002481246,0.007529375223720916,0.02149273238498307,0.053349837429463975,0.0059827326808488904,-0.00654201771814485,0.03705681112247846,0.009017993436589445,0.0024538332819789227,-0.004908391722147436,0.008159659705592346,0.03974227635125895,0.022707805651626223,-0.0003882630162738203,0.0037981264956354556,0.0029635679466166014,0.01046578498955651,-0.0012806785804559701,0.005775671610381645,0.03661949928438894,0.0018763815359374464,0.005446338845144865,0.03891325288181687,0.007460633823378023,0.0029213917134065016,0.019391905259152756,0.0039688777998538325,0.019220193021324,0.048176511690947686,0.024296406252962404,-0.004538763167234904,0.009478281420985644,0.03001144738155002,0.0067745852283838314,0.004660904014004842,0.004547080247667482,-0.008230445774702867,0.0713083308201387,0.02210358408192222,-0.00048158339006998586,0.004882571597898122,0.0064805907837629665,0.1599157301052973,-0.0018965425619376995,0.028884193880983063,-0.011842927985222169,0.002325447264527029,0.09897884954662725,0.004408432980745637,0.001153961619268917,0.010366977954775989,0.02449980404656529,0.06684093555844818,0.00342838196026759,0.005235723951742018,0.06725829431428773,0.009852626967811784
32003006900,0.014769897967937788,0.007226498717893654,0.004403311012690609,0.0020167709000665722,0.0255888035694408,0.0035034891724653725,0.0022993298376085755,0.005641879860044701,0.003992150730031328,-0.002486695676320135,-0.006084821095400899,0.004664889723038317,0.02908220554090837,-0.004952526788975677,0.0074284983469321214,0.01366820786588239,-0.0006944917700915827,0.007042949460536374,0.06889613664628909,-0.0038319118788347826,0.014279870508678143,-0.004890445398214394,0.011571681209914123,0.005833870227199521,0.000282377616537081,0.0104445013964226,0.0103433676495553,0.002650916611424595,-0.0024096333323786957,0.016597671229423537,-0.00028989397040931757,0.05493583783910965,0.009505656980844424,0.017557721935857938,0.0046221581826313566,0.027222430049480384,-0.009897351601338098,0.003226285164619551,0.06076523927683565,0.016718167639590605,0.00885744428565889,0.01276246383854461,0.004110655069744997,0.004528107339136523,0.03024953629300853,-0.0005673481512053134,0.0037803357222605406,0.0059426214569551555,0.002184401893527197,-0.060317187304679255,0.001810121925752875,-0.006312644706629123,0.025103214607373445,0.022422154868286043,0.05180212772662012,0.0003154321585544394,0.00784572277582139,0.00419913475246866,-0.0034501847387845915,0.014585729523571596,0.004541798962815448,0.016505246617024225,-0.020805844809049096,-0.0006226416070936401
32003007100,-0.004546801411060972,-0.005179633039513357,-0.0016698429590984297,-0.000777316505346353,0.007432193502499865,-0.001704868784947777,-0.010195720945848185,-0.0019716332094918336,-0.0018994212212331057,-0.015555636064557832,-0.020656870673192988,-0.0034949035406237187,-0.0021211126088324667,-0.011904306812933625,-0.0013023996220095067,0.001739865673509698,-0.007189335112466322,-0.0043359578824787295,-0.013673640645889617,-0.005446565617525333,-0.004379177929592904,-0.009515106313892874,-0.19865671248027839,0.000868694061238612,-0.007599371993221586,0.0022132550738700935,0.002455850161190264,-0.00014847149546930836,-0.006738014426201133,-0.07933408546260254,0.0001223867339926557,-0.007465886358416789,0.009151928057236872,-0.005329921728237286,-0.00043915800931103386,-0.018843130333900244,-0.04448481179612688,-0.006789832196088848,-0.0334210511355204,0.013872076809747893,-0.008962303752010738,-0.010474766606886064,0.0010125229235143137,-0.0018635851971678787,0.00867792552659593,-0.00028700452211858523,-0.0026690209416953955,-0.004892943789200222,-0.010140634715092462,-0.23424101320710325,-4.9268094635240545e-05,-0.013428898623673866,-0.004809644739410248,-0.15154202852677673,-0.04543695301654232,-0.0069474410677390136,0.0006877931946958095,-0.005149867838201249,-0.006968061231468626,-0.03523112798572807,-0.007191086387451841,0.007473826122156975,-0.060330443554451,-0.0043935407192030075
32003004602,-0.0015024589331430838,0.005316181784920788,-0.0029461868581491285,-0.006834148463112751,0.010165042509547412,0.0018458636763816275,-0.0005581631656193238,-0.0005125929451105242,0.0012344492971349793,-0.020763038429966883,-0.02314831646640635,-0.029674997232104643,-0.004458400785130537,-0.0150201070333668,-0.006279573758211087,-0.015478823071687726,-0.00459147509378768,-0.0004657383390523983,0.04464078604845382,0.0012621312611481507,-0.0028300436487910556,-0.01057704871416418,-0.17928386680867994,0.0024966924557717016,-0.00439521805467651,0.00552531912774286,0.003828335138790883,-0.000557007807408376,-0.012749033519524944,-0.09472760235170731,-0.005605457393286545,-0.011274787404072673,-0.0025367308947668765,0.006952304957980335,-0.002235660450836557,0.0012425066195817466,-0.0285710716336921,-0.00019242878414482483,0.038658240848671636,-0.020781142673442207,-0.013403723829625926,-0.00820383922129997,-0.0016599407477315097,-0.0013550876923795676,0.005421663560158605,-0.011167872207024702,-0.0006735239149184731,0.0005328693398523503,-0.0035858950121529986,-0.1693021525972843,-0.005776515437550824,-0.008515707724002564,0.0032896141054279174,-0.053388911796923504,0.034249811919537534,-0.00369918680475923,-0.004570948741127136,-0.014747166457164024,-0.01616725970670457,-0.028590668463700772,-0.0057581241183902055,0.0010128279189679104,-0.05584498067041977,0.002735104672828943
32003005011,-0.02595887042327436,-0.00034148786982912867,-0.00722929528852852,0.001020327872414615,-0.005028979885285192,0.0012611123523461054,-0.0010074097621380544,-0.0024003151459270765,0.003959398430471699,-0.0077290813408706005,-0.010871411906036152,-0.0008355581319674025,-0.0010026123721751724,-0.012486090446057191,0.001346214551812266,-0.011525263306193334,-0.0009598762844862694,-0.0027944349979537745,-0.017458434509007838,0.003297371976448189,-0.0022265592038647882,-0.010762628105696045,0.009137893378659822,-0.0015608141644749755,-0.009772542715149997,-0.0017643876430827332,0.00018524535693708024,0.0015492176860257166,0.0010302326729743929,-0.0046407062126046505,-0.003825313643045559,-0.008283112060597645,-0.01092139883743065,-0.007373197087637112,-0.007158571613762152,-0.025744476961343774,-0.02074172389060196,-0.005438502757637343,-0.014411814964017312,-0.009810890907031035,0.0037848333495377443,0.0011381995300833484,0.002219397533762454,0.0034063240929887426,-0.018543112663186756,-0.0028551064551877365,-0.001460251047886212,-0.0055045181433945045,0.0008852048176645374,-0.1657821001081282,-0.001606692031759359,-0.004259510115073389,-0.0008024584091045077,-0.0010365934498557429,0.03197828132207081,0.0019781989603292597,-0.012465381644290102,0.006146194431280829,-0.014888559743538669,-0.015671478636963193,0.0051230956866572695,-0.0004261171778871796,-0.04384694732282383,0.0058758878527080715
32003005017,-0.023858096237906475,-0.0008935139306116854,0.0008140813724153596,0.0008951205146774205,-0.01527779471894065,0.001665851904385601,-0.004370814904531574,-0.0012528733376057609,-0.0046271168279063656,-0.01932121302683764,-0.015475219511403604,-0.0025102639259961287,0.003235602868282159,-0.003903611116656843,-0.002641552480533534,0.008053197400469768,0.0013036225880906727,-0.0007328904860116352,0.004336048785529433,-0.0013027572853001276,-0.026303240143020965,-0.015578681691350755,-0.0006010806279748623,-0.0009346706946914312,-0.010640107668693739,-0.007536130711100987,-0.016528815398384706,0.003161803538188332,-0.003561723933718033,0.015188465537767652,-0.008029904189511,-0.01457898988567876,-0.00019378955318396268,-0.026286402892460935,-0.008351193541843728,-0.0054772246412997695,0.0038357103721019777,0.0005536417873584973,0.024016552625071557,-0.0007011099397974442,0.0011456789645021776,0.004677530145350605,0.00024066049951954334,-0.0029123022126239582,-0.015355892863142939,0.008530776112342337,0.0019680435182777554,0.0029247728905111158,-0.003674822385741955,-0.03752282656506176,0.0003056529995898294,-0.01646351573408902,-0.008846717993094087,-0.008475216370695543,0.055374200685934995,-0.001764209865404259,0.0017406255971241843,0.0017855254476211418,0.00048422646395262863,-0.05507082506874977,0.004867261357836259,-0.006863445912993965,0.004099178406460715,-0.007780994407841066
32003002965,0.004638275910992227,-0.005739650831605422,0.001149610700717695,0.0014144976778787833,0.006809355557401057,-0.0010222092976920906,-0.002453928176205602,-0.00234327958718202,-0.0047238799403719976,-0.012586970312856162,-0.006361231867735538,0.00420688608652089,0.0035523983446309145,-0.006111647006558948,-2.0315003461282934e-05,-0.004573831127949336,0.0006188467354968437,0.0032599367257391083,-0.057373090531389656,-0.0016283302070343748,0.012583344058167372,0.0007627305766091271,-0.007545844020301109,0.0023834738669712215,0.0016863831110425945,0.002876321906510241,0.004722073563906488,0.0006118172448591456,-0.006316867165217046,0.04317367102840753,0.004252313688604983,-0.011745401451258183,0.00166679752621875,0.003226426668277624,0.0011460991244002375,-0.027207034048376915,-0.0301205660748572,-0.0012552242189961182,-0.039746614440276946,-0.0011577481797459363,-0.004870137533477241,-0.008705116795378389,0.008009073571218366,0.007285932602839751,0.0056759441728864105,0.004781614934674215,9.915923125613612e-05,0.0007034452008261331,0.0018779357320009814,-0.17711696963065354,0.0031011026550186666,-0.010451648359745418,0.00993017977012941,-0.048566273543470526,0.004081485110298825,-0.0014278483670627051,-0.001079403607417723,-0.00791077198850752,-0.010319701348899478,0.004442200513545361,-0.0038924277785310634,0.008049437489598714,-0.04386130560746612,0.009432698875670305
32003002970,-0.02607721358391155,0.003609330770647785,-0.0016155733212827293,-0.0010999392923442715,0.0034356337053404766,0.0022178176567559317,-0.009849879015164697,0.00213045509583684,0.007198734780623056,-0.0061153943767664745,-0.014765356348771755,-0.0025980615762826106,-0.000342358043797333,-0.0074649555835798916,0.0033828456500851305,0.008591205192715183,0.0012354704067884187,-0.00011852830791447332,0.037609397919819335,0.00839788488096531,-0.0022008097483531,-0.005190812133741627,0.030141063909442396,0.007043209710390039,-0.006361275541037313,0.006417867012165304,3.531396716184851e-05,0.003966449769843993,0.005058112839162388,0.023074590902381644,-0.0066584081116637,0.004214899250189185,0.006691381600097388,0.003777767518679626,-0.0075074916221396296,-0.009305976255049371,-0.021974989226118402,0.0002605302750157237,0.05841530003851085,0.0009236921736096208,0.006267818236695842,0.0005963818853092895,0.004203470720515206,0.004358997497930247,-0.0085726869723999,-0.00644129402356408,0.008954966928579625,0.013217521585878956,0.001629876394654527,-0.12377283881763843,0.0017026279113473495,-0.005590007307925224,0.0045547658682890315,0.019783408109153692,0.04885696524509506,0.001343800698894202,-0.0017919257066671128,-0.0048406315580373435,0.015904507081439683,0.013838553510510332,0.005662636542570547,-0.00865355654198206,-0.03532162383844741,-0.0012217883532148373
32003005844,-0.0033055908203175866,0.0002099717210997906,-0.004445269391438336,-0.0035210259126988424,-0.00523331062341447,-0.0001647479384092754,-0.00558154077193483,-0.0011895173129184244,-0.00775460874433578,0.007350758806847752,0.008751146886713074,-0.002602010913174652,-0.003419207790506704,-0.004360321551904051,-0.0037487665444801764,-0.005083201585892525,-0.012109401702629433,-0.006902571065996313,-0.08676118017787178,-0.0006829371711444438,-0.0026373473077546078,-0.01233510121143567,0.029732677061858497,0.00024641248700387386,-0.013920793661014688,0.0007846131654704688,-0.008586786529105519,-0.0018864008067816251,0.0008791634918855569,-0.06240610126577374,-0.01270200585259756,-0.016410350774440183,-0.009075788405552484,0.00020800186760147537,-0.006184708540488144,-0.04416262251360781,0.0032097448165453652,-0.0055287779960329205,-0.01975417878191946,-0.028887243530266078,0.008422178040403629,-0.05037630988522845,-0.001018414783225332,0.009066985794428334,-0.005345182558782253,0.0032664628152227013,-0.0009614128778687876,0.0019912996420671206,-0.028867400721505496,0.09006206752037639,0.0026016899035162973,-0.03716972745093325,-0.003091219067322652,0.027115643304092236,0.045574435458377874,-0.002110201847492817,-0.006189504771449972,-0.008199635027096275,-0.019318831192762186,-0.020637585542523797,-0.005297999568815867,-0.006498593385804269,-0.010254454692990158,0.00094659928290487
32003005847,-0.010490790750414212,-0.0025896381433344238,-0.0031108245525275453,0.00015007216105759888,-0.002486733261330178,-0.002001501195614715,-0.007032185373496403,-0.0003066190521765495,0.002306007439821608,-0.012932897068400328,-0.0029122753866345605,-0.002404302218736488,-0.0024684800654948646,-0.01311891250669073,0.0017853414137020585,-0.0001354858561326822,-0.0025616885162869627,-0.0029124493810117873,0.009196011690737638,-0.03019263841689567,0.00463795456255499,-0.007325344831866968,0.019705646751450864,0.0007288014011683244,-0.010385207358281582,0.0017243590954874155,-0.00013146024977274556,0.000415373821378853,-0.0034045750563778806,0.015877142110218182,0.002433038317777899,-0.0008653204896723121,0.009607900901936084,-0.00868826531285038,-0.0008578820148212813,-0.04100059722934931,-0.022550117213719457,-0.001431316160449641,-0.006016483007239047,-0.0054219523094524045,0.0024300249063358478,-0.008525211328552246,0.0039295803542182695,0.000752088187668935,-0.0009708844748395726,0.002802435744742881,-0.005541824839377132,-0.0046482533542488704,-0.002779603911565204,-0.18452197109146043,-0.0021380160114451976,-0.012010678204105887,0.0009126991950555138,0.012874230701072999,-0.1088888972920538,-0.0018557617636903011,0.0008344676817248913,-0.0016264306346437957,-0.01834777648806309,-0.04213438896774714,-0.0003276406422057021,-0.008758056531479739,-0.051765502377980256,-0.004237751817029485
32003005848,-0.026685131002155735,-0.002582018096589714,-0.0019583115895418805,-0.00010652776919584296,0.003427428377532054,0.0019424613150756168,0.00029225509918023445,-0.001204130900240037,-0.001433630463915468,-0.009397395995939755,-0.019816117200048618,-0.006457691610513824,0.0001977846479524249,-0.010319238168219799,-0.0013008031001916767,0.006777782634442449,-9.464869582922042e-06,-0.0009919939515033126,-0.006111854534107821,0.007122963597807495,0.00349886257585974,-0.006906087588753101,0.002644923413858501,0.002663379634878703,-0.005253204981615138,0.004840973438161046,-0.0025181336214186363,0.000820258791200547,0.0030290321213016238,0.030118323074078458,0.00383998383817624,-0.00809702596694287,0.007697751203349468,-0.004334093803279849,0.00025889687449222836,-0.0004208680831043009,0.0060468676609764715,-0.00511308716084913,-0.024177626086524066,-0.002983611107413372,0.0023930817446189017,0.0022021730099611976,0.0020497917762434177,-0.0016389626222169038,-0.01696585364685917,0.005253690664814832,0.0023702562412908305,-0.0027782862832383707,-0.004129648653872616,-0.02746852628447772,0.002187245523075098,-0.014384266134857066,0.00100608790136359,0.0036076790697150882,0.04256571447859612,0.001916622958927081,0.005059324794414044,-0.0006463430529047691,-0.011318769257646468,-0.04100102336356666,0.0028658811059484625,0.005408627847554312,-0.0020780800854867955,0.002095210924547852
32003002841,0.009750306882923252,-0.0011869113863362303,-0.00016729850153250094,0.0010536237566036173,0.012627137683456942,-0.0017783057041127598,0.008776706176648804,0.009941966764022703,0.006540252537607659,-0.007520804220880882,-0.012900833016480451,0.006203383564595602,-0.005033048864544096,0.021777235404004124,-0.0036593400504350234,-0.00010350899580359212,-0.003970933049254339,0.006472478593173264,-0.0304681929447102,-0.0011046598303087192,0.01536848921782979,0.027207508148736917,-0.004891471082758696,0.002095971852263906,-0.0019985940195494352,0.0035167153352971847,0.007557524016864062,0.0014241639543803334,0.0005958684928529553,0.043857886074440175,0.009097499433497327,0.012752151364264065,0.021070084336856056,-0.004335820188209021,0.0140038007707316,0.03846441965755085,0.013761145264790192,0.005122833904157246,-0.008999414624221552,0.021528924398575636,-0.0008184716220882903,0.004480053502312547,0.003239777203828874,-0.001817028285311415,0.03782410423625305,0.008671653753734257,-0.0029676460185515115,0.002245112798174658,0.005644805693031271,-0.016233492759933014,0.0004074175679961256,-0.006368086318661695,-0.005220441687533413,-0.01150990337123478,0.053580980292179135,-0.00295601819922927,0.004545276507604238,-0.004061891235450577,-0.004737584295287739,0.020136906019232716,-0.00256623753678923,0.01669353213592131,0.04278194698660576,0.005928032288441467
32003005356,0.10277903146782821,-0.00033635628738686556,0.008096637665129558,0.0071093571983313645,-0.02024660305217349,0.0033291896522977217,-0.007827878499682469,0.004750439265265765,0.006435243125249887,0.050538255436402314,-0.003008375210494228,0.004245812656647352,0.007922138482956559,-0.0016758369470545383,-0.0016622857966277459,0.016213903221616404,0.00679515187008668,-0.001630063169987935,0.09056286447561984,0.011331926885562144,-0.005856476495101755,0.014397388416403652,0.08004073427905932,0.005000643759665674,0.03599355731845489,0.00437695608957996,-0.0014677494658841916,0.0008585945091029251,-0.001232685535611404,0.014269739707742366,-0.0020116826902197467,0.004607651816855826,0.011908166449216396,0.024376535092859253,0.0049130735789386796,0.030002465925022495,0.012602632984445852,-0.0015780909112880865,-0.010003333097043099,-0.003977519935649627,0.0019241172650713287,-0.003938212648929521,0.0012058595187081577,0.018401012208580477,-0.011605048320349559,0.0032912605281058376,0.0040792315338215035,0.016777316811309187,0.009583318264256587,0.11011321318913277,0.014704385382174811,0.026997034767052702,-0.0009357147254907403,0.04154531667645702,0.10040701807879937,0.0009589906959305753,0.003519341714635788,0.002863145047494641,0.017988779129085853,0.03175840252225335,0.005503413310489208,-0.00091834433909129,0.0383068934400184,0.005159057424100193
32003003422,-0.025201916350180188,-0.0010261794121929457,-0.0005282777390084239,0.0005634100488628331,-0.00909408459900818,0.001403832657482056,-0.0015684491644284478,-0.0024680204896061816,0.005789402786328226,-0.008389458817244363,-0.01456677301605148,-0.0032637691988759428,-0.003238377710103729,-0.01167597779681147,-0.000754519215185153,0.001215007469526502,-0.0007318389289757207,-0.0017665734646248679,0.014579801279811289,-0.0021124371218152324,-0.009890118740538984,-0.010419779063567801,-0.002189891820841854,-0.0008522678508636523,-0.004587749592754115,-0.003356429032641101,-0.004914997258004575,-0.0006143576258852332,-0.002604667667175887,0.01633410714276259,0.000888916327127575,-0.0068896605011404734,-0.008290812965728402,-0.015200692599632602,-0.009132379996539172,0.002045199656797374,-0.014883218340279131,0.0003443906883754532,0.04139129943538249,-0.014788386658905636,0.004896496458557486,-0.002632848892748934,-0.000901483284577059,0.0044454478288297045,-0.01469303912090852,-0.006230495237891136,0.00588921097979329,0.00020089552116359067,-0.005178835254349536,-0.13583329087201204,0.0012575014821969957,-0.004102380580333691,0.0019707756933462213,0.008130118188142752,0.04150265726103412,0.0018017413272898482,-0.00926591021397522,0.010000639351871279,-0.014604654167942908,-0.03475037244979609,0.0010535826572733548,-0.012144035665943423,-0.03765699960811213,-0.002254726276573514
32003002831,0.026754631945569637,0.00011079149664460556,0.005834049881918758,0.006113862098888408,0.01253278436855599,0.009055828515946482,0.018163615000396264,0.0038223556808744223,0.001323935558019483,-0.0033396724316242334,-0.005943452766775616,0.007326827627036717,-0.0010498733094314943,0.030093810137147604,-0.001191221666787593,-0.002986966597333256,-0.0006836796090384705,0.008996382364975922,0.03357370826432424,0.004413174973359923,0.014472367512375796,0.02822924808803354,-0.017529853607267807,0.008485191848482418,-0.0037568142609422624,0.004718350282314091,0.01775304435528837,0.0039374019006892585,0.006911502469797865,0.03321737136419234,0.003977401055087421,0.0420570987613745,0.023287220276037187,0.0008095912645348383,0.013692818870373463,0.03901100738821354,0.017440348456664482,0.0063598101423865665,0.011681052128470535,0.039084706914553694,0.004559359238292396,0.015557829654032447,0.005300133628977491,-0.0019103493013046652,0.05588981670097251,0.013585825863334367,-0.0015040260974568116,0.0018855798963704235,0.0047829213786529335,0.10669363368546332,-0.001329488124691289,-0.008471768250154,-0.0018615633366259362,-0.003922829050774056,0.06264940690787778,-0.006481952907051324,0.004540583340760907,0.0032388942874315013,-0.0022139610497593828,0.0261173328078668,0.0014473516084867828,0.021231961861883624,0.047802862862349575,0.010007190748330308
32003000517,-0.026575439175447618,0.0017333488490656975,-0.00034730875225760034,0.0019690589957985605,-0.008492547334547905,-0.0021649996023423435,-0.004272920541979979,-0.0005855872679358044,-0.009211927287051018,-0.013177880274882781,-0.015918754418365683,-0.0036608740582578076,-0.004550944707695196,-0.012470869646096014,0.00148433907041363,-0.01161014150338502,-0.0005193537479345354,-0.0030877340233529697,0.016524495815735063,0.0012239783615166891,-0.011479605456296582,-0.011683609229775556,-0.01969644383350031,-0.0006514972581699347,-0.011945935444927398,-0.003251343322334687,-0.004865982501184307,0.0003397070633632814,-0.0007368086165461729,0.005012090951684761,-0.0074122984273858085,-0.009066313702629763,-0.010065546073268355,-0.013498008054394614,-0.006863620870096464,-0.032795975415165504,-0.01813522240136176,-0.00378674732808516,0.01638523171820853,-0.017014805958705984,0.004224290577099289,-0.00022919975061440331,-0.00501894894947489,0.0009714354792167944,-0.023053713919618166,-0.005216172521233347,-0.0022635535767863983,-0.002872087253536022,-0.004305606213801913,-0.18319510888992466,-0.002362448967672763,-0.008211324138205953,-0.003362712254959554,-0.00010586616716674694,0.028955839113057116,-0.0023647101254074604,-0.015901219132800393,-0.006477039878421394,-0.019967863193559705,-0.037791653737778895,0.0015552401282630047,-0.014204801255424913,-0.05340663887059126,-0.004135153568366039
32003005803,-0.04674202494112434,-0.002117644165906117,-0.0008425158635159696,-0.0033742686316418392,-0.019916890940357458,-0.0012245834799938773,-0.011556876150223614,-0.00410625170879636,-0.001508415376876396,-0.007692780536765268,0.014380570407460372,0.00029519661179628243,0.005595181830012722,-0.02370009133773467,-0.005122964365020877,-0.00541931333814635,-0.004273914478761857,-0.006232992207821946,0.02074585462384606,-0.00025984536981308313,-0.009517176101939258,-0.005284230427778983,0.028242198272000085,0.007985974253084551,-0.00595098155219979,-0.00040445820471562424,0.0012384190284824624,0.006680770948970227,0.00234643126764596,0.011122864334340956,-0.01237566049149966,-0.007882252454510854,-0.007093999439545993,0.0015469110378386235,-0.0033334112653676884,-0.02838967159597033,0.0007191006429333297,-0.000493133991072823,-0.008241533282792226,-0.009217117361087098,-0.004588279891549155,0.023227741834710557,0.002916865177850579,0.004755873573109972,-0.008532268449663054,0.0006349992413240074,-0.01129464323835066,-0.001770839986087263,-0.0034799269263723607,0.09056154317080682,0.0026701310868160245,-0.019085180260062035,0.0017185409155117757,0.0786728658772279,-0.16877061630166126,0.009565212754196478,-0.0019607608009582734,-0.00016796889226491552,-0.005526574689928078,0.0029054605389325,-0.0065255200816543785,-0.008545755672550864,0.0004943207447765098,-0.003417586950037663
32003003226,-0.004654457457403256,-0.002465686562260833,-0.0021476746039949934,-0.0040332908847008275,0.006291157230982852,0.0038742352456843316,-0.0029058901182965214,-0.0017644540017454466,-0.005197060458409863,0.015691106066335305,0.009262721230817488,0.00017027109106577636,-0.00679083607380519,0.013549714342025334,-0.0017932921115036194,-0.004107405197666592,-0.010300065101637751,-0.0010035705601707172,0.013446345380673241,-0.009372329678232585,-0.030571653207518833,-0.011203302930040043,-0.0081868221986631,-0.007510051506190811,-0.006266335840897464,-0.0006416393496114915,-0.0014006183877967454,0.0005387245255851448,-0.0007775740338164808,0.011364433905801538,-0.004562876521037352,-0.006545468584655191,-0.0014624915046316913,0.012502085255062995,0.002640091472956921,0.0230526202654294,0.004928905227331803,-0.005056930039921279,-0.017369939462013765,0.0029967965290081705,-0.008118001894255423,-0.037080519314336466,-0.010892012909070247,-0.007765142082728216,-0.00125817929110076,-0.0006530811250105538,-0.004377552395811501,-0.006952918198084802,-0.003921125245827784,0.04121746138274273,-0.00873804960229382,0.002013027239453618,-0.011959361841115802,-0.018230686486498775,0.04913248315609956,-0.0018857742230174474,0.0038625031569986504,0.0012398906024216417,0.001925579584693292,-0.010082981190125946,-0.007584826969877426,0.0024036400605837024,0.02769478478547232,-0.016167831858429217
32003005005,-0.01161748466263066,-0.0032299750916603663,-0.0034798515650317752,0.0026957581008484766,0.00592921086984593,0.0009289455876865531,0.012047458415759247,-0.004225380694281426,-0.001615583371820648,-0.007344787636683058,0.004671790177857176,-0.018600486192185968,0.02962160876760644,-0.00557727207470028,0.003909010735325685,0.01025608861192712,0.009417127165469837,-0.004858738904280818,0.014160053666514934,-0.01590634942591508,0.009586754245211064,-0.006353132353988676,-0.013244858369632137,-0.0023156182247634715,-0.005216464423932132,0.0031396856975815426,0.0006579310400191184,0.0014931595256972654,-0.0009204404540756981,-0.0734748764052882,0.004706722624001629,-0.02292593287283082,-0.0031616034771999443,-0.004207122378718875,0.0001925077214663407,-0.028947600998995147,-0.018243052165717165,-0.0016819139060997464,0.039041282504595716,0.020760630765105776,0.002075292047779042,-0.002258630393076899,0.00029479981983752165,-0.00037929825481457355,-0.012063413932973882,0.0029824053593061153,0.004154157136632773,-0.006936631771647941,0.0011739076489446056,-0.1286015284922562,0.003218599140992635,-0.007756979093316756,0.0031736277470116128,0.005080387219592751,0.025945451100088397,0.006179702689881043,-0.0006380470545144343,0.009017129652589141,0.0038437967738292962,-0.04039959335758854,-0.003973088690225905,-0.006561992006140374,-0.045098607454124674,-0.0007855486969897428
32003000513,-0.020169170210068504,-0.002017418828371065,-0.006250175739663877,0.0020840235717373076,0.006946717772509673,0.0004434054056165181,-0.0031923910473899753,-0.0027176475606679367,-0.009041891330043364,-0.003775281720864466,-0.0002339462853275952,0.0029086365704013464,-0.00125807762313489,-0.0027840386230127364,-0.0014216429906218713,0.0015786490248509994,0.0004950229600006763,-0.0033543194641911544,-0.015530327717596265,-0.005021064984642821,-0.010830231834099492,-0.00984603308211406,-0.020306696266346586,0.002221217091507308,-0.008271965226242899,-0.001995131165682899,-0.0025231871605012205,-0.0011258474661425975,-0.0033962918089672253,0.02168947125440468,0.0033184940742375106,-0.015410551975242206,-0.007928963929348656,-0.0015003267752771343,-0.001433556191977053,0.009135565340731922,-0.03773976654839909,-0.0034392608211021615,-0.04294697932199506,0.022256032175755103,-0.007387401899508288,0.004877587530651579,0.0015236640429981668,0.0004382145480238112,-0.013614671886420472,0.003459377416077214,-0.004642887970353182,-0.0017257739007557678,-0.0023821538293717043,-0.21255107504531154,0.00037926517637177287,0.00754469932753194,0.0005272237182892176,-0.04028627223898187,0.032092292522548097,-0.0015299463442570202,-0.0004644523709219628,-0.003664610885093158,-0.01816385281902857,0.01193336255008474,-0.0026568874297892846,-0.011958430383756387,-0.05966307210612981,-0.0003855117432356208
32003005703,-0.008582475731873417,0.0002095355567631974,-0.0018543529357196106,0.0018129138502734404,-0.03595811225799737,-0.0557349623484411,-0.04002206590539482,-0.007678649177969782,-0.02404872174227764,-0.03191834817622784,-0.037830891232763134,-0.0007642866145964676,-0.06205551143894838,-0.023161368565461877,-0.006227433914263767,0.010744184874629137,-0.01312597490568495,0.0044276048561737846,-0.035974234136220834,-0.007049155489557429,-0.022420204538062066,-0.014041629799345597,0.005684777609053038,-0.04356160740279757,-0.010972954395035421,-0.009206279007066127,-0.0047003545303127125,-0.013789218145086367,-0.0011099885319768423,0.010255561120494437,0.0029152605730497225,-0.016092438023030255,0.008648462266739595,0.005036505921379368,-0.002149361186494287,-0.05808724441424224,0.006405669274898531,-0.005183154872352512,0.007398204613454679,-0.012762901833906002,-0.009508188188752702,-0.01645321899561111,-0.00840574370522192,-0.02850671355404595,-0.011507624457569992,-0.009746852947918917,-0.002286320104702112,-0.005691012555608393,-0.0005798705113896632,-0.0014628932772761856,-0.00360265743530998,0.00431570275838069,-0.012031742192552874,-0.10307007713103199,-0.1753799499196131,-0.004131174666289581,0.002630751140230027,-0.0002987246195825647,-0.02416582830652274,0.019275623413268973,-0.042735208171801174,-0.006755263255118604,0.02024706010296605,-0.0070770893655940055
32003001608,6.671546163816715e-06,0.002898883465821564,-0.0017252030147225416,0.004084262506092421,0.008323219207529485,0.00038434621148027495,-0.0015542487556159913,-0.002854160428244882,0.0037170319050687,-0.015878491503512716,-0.0021212213554049437,0.006138560312454329,-0.003078025828884862,-0.013221842821137872,0.003620875867533502,0.00707190388891609,0.0013374502179804074,-0.004133887610101283,0.04286531131344694,-0.005058877377351476,-0.007539668164459111,-0.009326154575309121,-0.12280241178067847,0.007872218799740493,-0.00355894590773252,0.0032708888299493996,0.009511860440883656,0.001880358747148126,-0.0037267472717025067,0.01485105008914157,-0.000782258624171806,0.016858279283711333,0.0027807778804524617,-0.006652153221657654,0.003652899185628107,-0.02432654637667547,0.012493862538236582,-0.0038949441674309,0.0424853087551613,-0.021554210855988718,-0.006176532077429125,0.0011534772615454099,-0.0004416174424727447,0.004226010721654511,0.0022514658958541866,-0.006976615176555238,-0.0012361853624835632,-0.004188937613529977,-0.0007088253474765237,-0.10689876459447471,0.0038044511206345934,-0.007733688008314738,0.0025658469088806644,-0.02334727805900465,0.05488183437191319,-0.001424814260279196,-0.000213016204348263,0.0004612552319444997,-0.011889254165635079,-0.03405226431281173,0.0031233923985205594,-0.005144356946582689,-0.03821660767852165,0.0009355607001092401
32003001609,-0.016231199042817526,0.00020169999056227552,0.0016654073204839443,0.0013583680296878732,0.0011381901160202896,0.0009877142753737986,0.0002272415954040623,-0.001979446767629964,0.0031571729700478916,-0.011025569798396147,-0.013754235763901607,-0.005438389509361189,-0.0031969327889833886,-0.010120663869984725,-0.001490451213122106,0.010211814808261208,0.0022054804353280675,-0.00017816026418786276,0.017192886842867624,0.004679146048242074,-0.0006011234400646174,-0.005916390575895514,-0.02071860029450651,3.934719439384332e-05,-0.007052089045061035,0.004156714348107227,0.004301243619989289,0.0022760714334665528,0.0057761862388074495,0.015646339098859516,-0.00037389241885549447,-0.007105242625403191,-0.007903598447947776,-0.010766799390818635,-0.0007449421036986929,-0.02614209992207142,-0.016681338365871514,-0.0014420035104562219,0.002374339577230372,-0.01642710865445903,0.0012633599387607255,0.003032670736152898,0.0009188487248774877,0.0026236008494639313,-0.017140899384257054,-0.0012239395994795613,0.0031633275399149067,-0.0048756660301708795,-6.730441091485411e-05,-0.12889674024951495,-0.0007512140871561611,-0.0071280844803505465,0.0021948770920496284,0.009661612612683232,0.03923665282426405,0.003037605360781817,0.0005145098348963494,0.0014192271971968469,-0.014210611392792753,-0.031076959647464042,-8.949981992480633e-05,-0.010856150580550408,-0.04161388626255166,-0.0009343189612024604
32003003615,0.0026686652788212154,0.006004260012862597,-0.0005225996711408269,-0.0019607132626929917,0.005585283754492684,0.0011322094119965073,-0.003137645267770095,-0.002679302886483091,-0.000603857383359778,-0.017026874723852694,-0.004019112549983403,-0.015508284578662873,0.010169678496466543,-0.011954390505028993,0.008202489637114065,0.00740893781263971,0.0007834607654524684,0.0014746404607983105,0.0374760838879743,-0.01370239835987839,0.007344085224049281,0.0035790073740483595,-0.007822946125487737,0.0006454294250708409,-0.0062566665771615635,0.00463645857451031,0.006915623645537687,0.0008248054308326545,-0.010827494870651065,-0.05367204204035187,0.0076478537564312905,-0.005541663889950193,0.004081450959557355,-0.003106035957236583,0.0034813111791940033,-0.028916918048312763,-0.01924552802288561,0.000655879799586377,-0.0030643576131084015,-0.007804690862092273,-0.007186407220145413,-0.005847419348089648,0.005254403716713961,0.0043702811898913944,0.015275062662096313,0.0010006668575159377,0.001847109090743565,-0.004081172231156123,-0.006270308009255318,-0.12731106469311604,0.0009336943613909981,-0.010109281554540064,0.016924231068047323,-0.033862956597342085,-0.07547442892503832,-0.0022639457575500143,0.0018413905264993262,-0.012787020635832225,-0.009978118609029763,-0.02155769901672418,-0.004144511080970837,0.007955849230403154,-0.05285801004151767,-0.0021241275756606224
32003003700,-0.0009454569095495092,-0.0019853371969596606,-0.001810559833658885,-0.0008013495026346324,0.006600946150384211,-0.0008238405120415421,-0.003078527404185889,0.0006541619406452294,-0.0035562461116679578,-0.014743075824667702,-0.014197703675528231,-0.001571999026726054,-0.003083539263994774,-0.012648636980423643,-0.00041354460884911973,0.00056329825351989,-0.0053800268862091195,-0.0035857376296056127,0.00022360813658221532,0.00324625323507135,0.002217865664262428,-0.006048158654324239,-0.1877263283052083,-0.003940232893039491,-0.002411100316982737,0.002756294764136689,0.004042160601655529,0.0006281205191531363,-0.01569159972736665,0.0003945200764045306,0.0013306883090710231,-0.01091894594977833,0.003609965142935512,0.0018088393323523273,0.002118197359846468,-0.008081951761644258,-0.03044782916404929,-0.013585003489521965,-0.039122733624888856,-0.0024590521477272412,-0.010251485657584684,-0.005234544208598865,-0.00048089168508375475,0.002385899328593812,0.0033368209441462264,-0.004990507208673269,-0.0038982837824692172,-0.004067284729165119,-0.007089404695609913,-0.18254621671102014,0.0009421697322711924,-0.006593644591695108,-0.0005330324729933108,-0.11632437507661836,0.03476144467172422,-0.00564577473506403,0.0006577186393368334,-0.0054502831839588544,-0.015605671637091506,-0.028197832747261578,-0.007848318073884445,0.006811879682936097,-0.04205018543346781,-0.004374130940959586
32003000700,-0.011123291764304504,0.0052993311158296705,0.01442788511692553,0.005079329798804953,-0.00022337382175994058,0.0009323997308346981,-0.0007228119115146512,0.0013195609145234737,0.003875851353016739,-0.008324074772128173,-0.011468296279038276,0.0005291986783723672,0.016545794533358235,-0.010800333280280865,0.00855385603153282,0.010727716834624174,0.009040011500530078,-0.00587198267656559,0.11158951886209467,0.007681941115676757,0.002014930301087725,-0.006227153177057423,-0.13915270337555916,0.003888191481247606,0.009424169825060252,0.008837822776961114,0.013560423344248907,-0.00010681456016140642,-0.005904809610636945,-0.03750597038625969,0.0030481082674548065,-0.0044102981582279715,0.006593061474872962,0.000900977014860058,0.005422019587864345,-0.02563556526522687,-0.011438149113839722,-0.0015297137150645486,0.05031716787677196,0.008415357538321972,0.004881148527681774,0.003540828107546472,-0.001626805821672871,-0.0006541297141728296,0.011132759219887685,0.0053256700140644495,0.004342703583574412,-0.003135586913906027,-0.0015755374078848547,-0.08082868528315162,0.0028295002832813883,0.0017906563046057628,0.002046625828843907,0.03174877253341116,0.03972240565593769,0.008440906691302793,-0.0017584192181880859,0.021448295223406823,0.0020266323024762194,-0.022996698194620965,0.011076634485969683,0.006770982605345568,-0.02685213592626472,0.007965242192841891
32003003800,-0.0016613809819049769,0.006222298574469049,-0.0005654374912500069,0.003887829444241648,0.009568554415961526,-0.0008988047493332727,-0.006950146305813368,-0.0031318352822007883,0.005784636255321556,-0.014354494279567042,-0.0361008194235622,-0.0030294318276609064,-0.002151357644624778,-0.01448700770891932,-0.0033609031158308975,-0.0023185625729350377,0.0025451991222752456,-0.0056049686588652585,0.03547644506548838,-0.005630705630260432,-0.005867987287302759,-0.009954795758634269,-0.13902149636348665,0.00034759019753443217,-0.005527654312930773,0.0026783662045023067,0.0018816209344650946,0.0033154613413110758,-0.00753492509171908,0.016888023383444282,-0.0060863381647406085,0.029313661516147633,-0.0019406828215381708,-0.0011252784696020258,0.0030907723524645765,0.009587989644340022,-0.0035315513091512263,-0.004391425151778642,0.017678372619053265,-0.02412087374767916,-0.004536112730047727,-0.009345737680894632,-0.009345933672631005,-0.0018247864303676223,0.000707984562933278,-0.004959517288404416,0.00027725067285410234,-0.007112358390303034,-0.005350859853482583,0.028698027239972956,0.0030362022405708493,-0.008418339649222546,0.00019857271704897689,-0.039033259084414774,0.04450507553879662,-0.004255225002677118,0.0015569535148848043,-4.1891520350459237e-05,-0.006447377506298156,-0.036130572575122095,0.004912966947997398,-0.010361859364904715,-0.037465438350159405,0.0011051436953535265
32003004000,-0.01672857710703483,0.001955403396286677,0.002577962542708709,0.004066352383679566,0.010908116446138105,-0.002094892886788845,-0.002659434753276415,-0.0031479721818012067,0.005697800899570982,0.011207321067671121,-0.012409870297168862,0.0012892783624747506,-0.003307255594881968,-0.010723533416238572,-0.00304561874814375,-0.011779397076382613,-0.0007056790141717722,-0.0035958974573442872,0.0005454215325561946,0.00041688345099454027,-0.0012169311368199391,-0.012487287825141675,-0.017627273565228987,0.004793778681702726,-0.0011574250366228733,0.0010166240646663945,0.0062681608753684245,0.0004249279061483269,-0.0005900250956510155,-0.0042749085091494474,-0.004830994763125841,0.00979588407808994,-0.015540191659838817,0.0031073601680079994,0.0038358257494524495,0.0023220557522010917,-0.023682749780471916,0.0003692094714949972,-0.025910769076494703,-0.01487548626158143,0.004533210942527955,0.0026899968660052008,-0.0006368513695483862,0.0031095763437475736,-0.01457168386008116,-0.0009919679634334102,0.0020118982705441177,-0.00011625316559383679,-0.007523153659733086,-0.12171592315089229,-0.001187113861265327,0.005592669858157281,0.003563198489755722,0.010128203799714448,0.049651950656172436,0.0009368601943109558,-0.0027414559117306912,0.0019697774813333432,0.0031262343379749027,-0.009131986874444427,-0.0008381656201437097,-0.0020182816323809907,-0.042853117775927346,-0.002796803122565295
32003001610,-0.013060253718099933,0.0029467699301675633,-0.00405426103269662,0.00011528654812181495,-0.0029847224861621322,0.002007498237762881,-0.00349142982645336,-0.004161131594560669,0.00727458861326254,0.0015285896044443016,-0.018105895258435475,-0.00139121845423983,-0.0025310435068644785,-0.010410835597190386,-0.0005343754826016502,-0.01244713036742035,-0.00026153852355219207,0.0004359645096047284,-0.0018885699728087627,0.00614809243149998,-0.0026476601065423206,-0.01325076397485377,-0.004844675615959975,-0.001570425497792931,-0.007524911436514483,-0.003146691459485305,0.0027170850614834413,0.0022980468557217467,0.0002323443895160728,-0.0033501191163641383,-0.0050104842576398235,-0.0011558329641150208,-0.011777521373591539,-0.0003865818960973163,-0.006860377519995833,-0.03213273301623533,-0.025717028372627487,-0.006138404414179785,0.024285938174996725,-0.010605884669805091,0.004951746553199419,0.0013370134690050472,0.0008026052329190756,0.004355780064271943,-0.01644254248438971,-0.002314999735042565,0.0012461316999124142,-0.004687708361823926,-0.004903877267297342,-0.1585877939989367,-0.004280745506463218,0.009172381653645598,0.0033515866488246335,0.007610209315005959,0.04068522991592896,0.00025774713593298905,-0.005957505193428696,0.00791876395349915,0.004496369419320401,-0.019232451015802916,0.003578575368866356,0.0004186329564269614,-0.048163466741274086,-8.563339327290868e-05
32003004710,-0.023121548270017084,-0.0013286260144614159,0.0012084891011087634,0.0011110033427385723,-0.0032385114591662514,0.0002929275327758607,-0.001220628630167691,0.0010692481317080764,-0.009325988821756923,-0.013051468962391476,-0.017380094940042723,-0.0003998496282621877,-0.00427695054228583,-0.0041899690038516586,0.0006626114725255537,0.006836075306026534,-0.0038305135968358384,-0.0008315253664293344,0.015360624617016094,-0.0018927698117755457,-0.007036409807726124,-0.006875804279099115,-0.02283471401603948,0.003486907606848469,-0.0025718353954796787,-0.001557602738664844,-0.0025439104411111107,0.00123429739174015,-0.001791004557694517,0.020003058566184905,0.0005860767865121766,-0.007826749880537633,-0.010783497224693865,-0.009055440439409241,-0.0014741028805138414,0.010511948497094461,-0.019425706167073894,-0.005567428254671269,-0.020199587834099062,0.010416680695079596,0.00023817195428011833,0.002461839480025805,-0.0033850099789660536,-0.0020003485086879454,-0.016595157089066635,-0.007270038436209953,-0.006784875963327218,-0.0016563463644705344,-0.003831261083362544,-0.1615436286675008,0.002513753343848954,-0.0030087534255770583,-0.004476077905162094,-0.004735876379245041,0.03938485738103041,-0.0028496305006260295,0.003848050570077633,-0.0008963106276774127,-0.017107173288656363,-0.032784251273632006,0.002475189927351572,-0.010646137019730323,-0.05073518162617867,-0.0020545751390501446
32003004712,-0.005307474424842545,-0.004935738242835982,-0.0008610683545610129,-0.0014083723306655362,0.008904850500824813,-0.0031736430307946193,-0.00781497981889624,-0.00112208467560041,-3.474443787256607e-05,-0.022976389465527925,-0.036220557504234925,0.004575892418671823,-0.0026480991168477638,-0.014521933819944821,0.0013791238550956285,-0.00035509205461155193,-0.0030134342562801665,-0.0005043485941032184,0.0059996016323076015,-0.008330836716173455,0.005593694190038803,-0.007099240383102326,-0.16101829658104896,0.003089293107063624,-0.0056601554176500595,0.0045912352687534205,0.0042767954933371705,-0.00028675197264900384,-0.015236320863581097,0.029725144370728648,0.0061905986871191926,0.006500619308412944,0.00969697777904396,-0.003973299863338497,0.0002761751793274355,0.0010755952487376712,-0.027773657421409415,-0.01117722214211499,-0.027941753819388227,-0.004243570417129784,-0.007756223450174022,-0.02141692805121788,-9.513643637680296e-05,0.0019400265193335665,0.015617308956889215,-0.0036847949981021685,-0.001949656459553056,-0.002429133218871465,0.0026457602383680263,-0.08818164298040547,0.0030314670082167428,-0.010249322911497643,0.0004313087629473603,-0.10714302063438262,-0.12250480448172475,-0.0035281997845466053,0.0022082304977552925,-0.01702713157176475,-0.011836743703283997,-0.0018085441290628954,-0.008876387221147301,0.006251584391479295,-0.0609746309485968,-0.0022384384233316785
32003004713,-0.002161000925490644,0.00272151710837071,-0.006998712120878327,-0.0060610728087258136,0.009621456736176943,-0.0025943129324603785,-0.00654550223528305,-0.0016127355338452494,-0.004441961765297934,-0.016583658043001197,-0.026079155688718006,-0.02581297082928631,-0.005172767414953074,-0.009485404466704934,-0.004184718064363988,-0.0015365922148836623,-0.008546958756531371,-0.004856612319529432,0.019308562087590166,-0.00171958309965028,-0.003400998243971728,-0.008796559362470438,-0.20516182238061353,-0.0030349643068074434,-0.010748033700522013,0.002820054246947532,0.0026916932439546735,0.0003376695996993228,-0.013562210648141426,-0.08099506811900456,-0.0010770882855854508,0.027095047551747735,-0.0009471838558761554,-0.0029907725078231685,-0.00181750907793832,0.02013987419275028,-0.0394643773700642,-0.008911313347678885,-0.010307617402103245,-0.010272301708775074,-0.015203790007910951,-0.008496635329605448,-0.0033393949071544803,-0.0007108104747253273,0.009059545003081598,-0.008609278540263636,-0.0022070861839148907,-0.0065266809141670944,-0.00915502771849788,-0.21252548839165972,0.00015447836140237113,-0.013634816136665439,-0.0017375786751987856,-0.1332381841059839,-0.03389914041602858,-0.007902593628339913,0.0007030910190031379,-0.01666253287852091,-0.02770066569241443,-0.027359970560644573,-0.005707759657213316,0.004684787848489078,-0.06314005686778468,-0.002414514754381197
32003004714,-0.026610603410407312,-0.0027183957806717566,-0.0011784138165098611,0.0010998944783805512,-0.004908140038117516,-0.0032837713766649275,-0.0021639784852975517,-0.0027592467983817695,-0.010240669202423613,-0.015133641553996251,-0.010155894290091054,-0.02119337367570417,-0.0024725126565170235,-0.008821507585096386,-0.004378264954983069,-0.011769141107100483,0.0011724405858935664,0.0002489843163827596,-0.058484606131353964,-0.002488978922027078,-0.00526415448095597,-0.010889552775590823,-0.04482526582663872,-0.0027150396179599725,-0.006783176227712126,-0.0014687168720189097,-0.0037759445184596483,-0.0015521457199626871,-0.001918760492667622,-0.06876212405223533,0.0020294058539265195,-0.026359170433645916,-0.011831443900027659,-0.005720892210652195,-0.0070275871814973094,-0.014743638942081798,-0.033917232186245885,-0.0026623894840889927,-0.013980355705973616,-0.010717551462301075,-0.00442734442017459,0.0003380936718667169,-0.0028847295622520083,-0.0013376572316426741,-0.012811162526517721,-0.005321451358916662,-0.0016523325661777796,0.0017706707629874493,-0.002004962487650777,-0.2185996679105724,0.001050134897879536,-0.0010963021933490093,-0.004520899981837648,-0.08621876016022494,-0.022222293050076572,-0.011576796197941113,-0.006233206956425154,-0.005721517827722827,-0.019763771400417938,-0.04338586111426848,-9.908581261906514e-05,-0.0034947222275853733,-0.07004133770995438,-0.0045911964813153865
32003004716,-0.018731976001487318,-0.007664421930672304,-0.00048778610587170825,-0.0028323809675855913,-0.0018392239722402818,-0.001922029271178842,-0.014023318627037016,-0.0005099065532307767,-0.010044764393450287,-0.016698053876099683,0.005400527403017137,0.0006921823226197169,0.0014546823058176775,-0.02002565187120201,-0.0044088876852342316,-0.013229160801406228,-0.004804110448380388,-0.006158375975249823,-0.015125325208502237,-0.007533162069914422,-0.004174188798066303,0.0005506246652289301,-0.02754410778009344,-0.003251761522063855,-0.005840985312877146,-0.00020668901120218734,0.0014274742397645866,0.0011380368700728352,-0.00044826929548309177,-0.05946811023997104,-0.013112553844120337,-0.010530892847299913,-0.013985293525794827,-0.0016555333488244611,-0.007782431676927679,-0.04045836384606197,-0.020081402086711855,-0.005967024969834654,-0.021988148449746645,-0.023014144170961783,-0.005889533369692417,-0.006582542621525854,-0.0032232050279782007,0.003444025278134071,-0.004904430710984541,-0.0005793107060952304,0.0013142956330625356,-0.009861050675953826,-0.00897892996948998,-0.07735868766239314,-0.00045831588247351483,-0.018570067386875895,-0.0019046547361170423,-0.04119071922590061,-0.11229257791850507,-0.0038878484324864756,-0.002796572554677149,-0.015573633834480141,-0.015993862066813355,-0.02790179445390107,-0.0010786125309724835,-0.006833092541918205,-0.07802556726052017,-0.00033217927615141184
32003004717,-0.018120083453255456,-0.002456459166739152,0.002225881120042558,-0.002233914186387601,-0.0006998461931854283,-0.002033881170794728,0.01139550162876337,-0.0013763618063000979,-0.009160664798572443,-0.006710088371374058,-0.0006685276237521668,-0.002137196662380522,-0.0014848912548721255,-0.008750629370848915,-0.004716111438422723,-0.0023927318681669424,-0.004425397859694053,-0.013626112025054203,-0.1294317957077415,0.004915741530235306,-0.006191847073619139,-0.012595344666263103,-0.0341097142258853,0.00127581791230297,-0.006889531782322795,-0.0009017501797384225,-0.0013051881594160224,-0.0010371993485219727,-0.0006605590325959465,-0.08644573818345919,0.006504211819382731,-0.02676301018601047,-0.01208627506159162,0.0012073365289687894,-0.0023631977557397703,-0.013040746636386262,-0.03964507380976289,-0.002877655061021406,-0.05199300793549608,0.015611264671528619,-0.010896785306216487,-0.006300297322968758,-0.0032973473890707235,-0.002839792555784111,-0.004338952118089849,0.0039037117290976774,-0.0011660622695755987,-0.0034784264100159766,-0.007772066014664055,-0.27120849213997944,-0.0003128323618360887,0.015482054225287256,-0.003071487524749288,-0.12544931794151964,-0.05667734059628021,-0.011340241000306268,-0.004474440993456963,-0.000939202923158535,-0.016152356180499258,-0.0025631126959362155,-0.0019236043049045892,-0.005269018352689346,-0.08271366635104445,-0.005728799204873655
32003001006,-0.026680957051211308,0.004247204682122284,-0.003021094228481166,-0.0003487180353086645,-0.003654115334334892,-0.00273059068738381,-0.015147263415721177,0.00014529674373737412,0.008072281524989974,0.022514573698373147,-0.018196922065857324,-0.006683285712629428,-0.0013756527820274985,-0.014524881055513084,-0.0007002228980747894,-0.008333920375667827,-0.0003180363129969503,0.0002529078606158617,0.014298734831185421,-0.01108152695174325,-0.003940578270839113,-0.009544265286299055,0.04957749576184213,-0.0030493309099571884,-0.008978541624068307,-0.002576202433286087,0.002935010443863253,9.666924361471074e-05,0.001957949315856147,0.002095626176493816,-0.006097638170392787,0.004868701630649009,-0.0021626149298641035,0.0017167911148825011,-0.007989227508478497,-0.01393737129854903,0.004235774659446959,0.0013490751377303373,0.012849861698058941,0.010059453225985455,0.0004355923695054434,0.003566753328013481,0.0015959448375128663,-0.0005811615529413035,-0.010453633681896071,-0.0009974826660222706,0.0004959941615495691,0.0009110214927772453,-0.014862799499010239,-0.17643941980325079,-0.004380333748499501,0.007834035481274858,0.025159774759988995,0.05071444731634003,0.04651717438836745,0.0017675530001346935,-0.0028734171263721576,0.004419269459563515,0.011131055321199793,0.02022755085496738,0.006304491046204666,-0.005280518997176409,-0.03499761380232667,0.003071678435831094
32003001100,-0.011941835218094039,0.005915666634034463,0.002733945581260973,0.002257914970664581,0.014520095861375463,0.0013536188216707074,-0.0005217456104759794,-0.005793714922554457,0.011017520148738134,-0.013027413627632895,-0.011647045632271936,0.0017571836351694696,0.003124037086147343,-0.01112966212018568,0.003287958808261538,0.009854228429844179,0.004231398147797163,-0.004962593298919075,0.08076989101835032,0.007465898328635921,-0.007767886294953045,-0.007136722471393714,-0.12486341588121876,0.002352584187569791,0.00028751357487953583,0.0063709214426993935,0.010306517837331032,0.0016656097871433188,0.0043112423521046205,0.014521255391496981,0.004260654847631515,0.03567281790617846,0.011749935601036508,-0.0029682529862231203,0.004874060153141273,-0.011244010236832896,-0.012288159618530066,-0.0011453077534351096,0.04278238960664988,0.028220993794929754,0.006841230041298686,0.0027448734374500568,0.003918091037275897,0.0015131122196615295,-0.0018341394891703397,-0.004425827924477789,-0.0001160103594531417,0.0015466216499104414,-0.0014562978922742153,-0.08536721687951002,0.003527486046107251,0.004020159038525743,0.015604790864421788,0.027681581894358064,0.041099773910175115,0.0027455552496938873,0.004098248714676168,0.011604471534478565,0.0025148432043597016,-0.007509021543309695,0.004353764096891096,0.009068781900312368,-0.017698781942615302,0.002504938008987542
32003001200,-0.016032849173399023,0.002816681011467852,0.00350155914550423,0.003182664715838634,-0.0006591804012199458,0.0023638641079890706,-0.002602826332440093,-0.00438050793925042,0.01011516073213334,-0.007641001285012168,-0.010781769302130071,0.009305777068707262,-0.0008130419399288672,-0.009989137912865213,0.0027316729411648545,0.0017864470560260556,-0.0018622884852788305,0.0016581521197875347,0.04137326385850463,0.010564169600143674,-0.006923693263392375,-0.004039674169954533,-0.00468972708809203,0.0002165417390156543,-0.0001731720283946823,0.0003865761541545698,0.01173039270657568,0.0020827305987862524,0.002740815053449801,0.011016703478974864,0.008997126128480776,0.04064010127254029,-0.0063484026824833055,0.002622269450479112,-0.00289485244460182,-0.016951810756378822,-0.0132880288781338,-0.0030397983513862133,0.0424118023308384,-0.007544955693666913,0.006039474102998255,0.0057448847858377755,0.000429355703548423,0.0032398091878283073,-0.011601086078730418,-0.0003041721339028777,0.004460280440657096,-0.0008945175902748549,-0.0006761098430691897,-0.10459705859967759,0.003849390785072603,-0.005652998755209882,0.030435668759126743,0.019033604855093225,-0.008359496770057696,0.0051492167356450794,-0.0064487862295877045,0.0014242253852126496,-0.0037441560163523945,0.01783863831557818,0.008287768597325931,-0.003196592048011664,-0.03370833092467754,-0.00043370896442297067
32003001300,-0.012635671849788605,0.0022077303441093697,0.0007347614926462586,0.0025185510301776494,0.0024036709181328242,0.0031427552136029167,-0.0006819936412310829,-0.001580834026645817,0.007058873946331524,-0.0017741002353975513,-0.012442297266084403,0.0021076545921341777,0.000644393388026423,-0.010905421426077777,-0.003041240560536803,-0.009431848186560565,-0.00455703238683122,-0.00218029142627715,0.0124456718836542,0.006571061479990197,0.0009386011139196604,-0.006293845177505203,-0.008749384514423064,-0.0019434152178392544,-0.003423152362847626,-0.0026705256303004837,0.0031796976428449613,0.002550335322777434,0.0002572798281055872,-0.03373400882538275,-0.005492381152744454,0.009974043549197406,-0.010189096654536624,0.006404232501055849,-0.003002540793285378,-0.024218466418505828,-0.01877906460883392,-0.0047168848577206724,0.029161829928462626,-0.006571588519731886,0.0066505794937117705,-0.0035089700775300745,0.0016684946187031438,0.0045214186518875935,-0.01475738177963162,-0.003393005870332896,-0.0018076110671192906,-0.0023299610173382348,-0.003847832866862476,-0.1382496248687422,8.936047403856591e-05,0.0010233849466383198,0.00814886927521001,0.008440414681429023,0.03767199535006357,0.010125335570488262,-0.003573663727205588,-0.001986203513581608,-0.011012013895388584,0.01938207894770712,0.01196620249400419,0.0004195544191301347,-0.03627116395731805,0.0018251560479420538
32003004100,-0.015334382396077697,-0.002187361212253471,-0.0059942065391825556,0.000738422254592928,-0.004915598797122582,-0.0014082451700855247,-5.7618404677053053e-05,-0.0026010856192262444,-0.0014683529646900863,-0.006082050124315411,-0.01017908317530632,-0.022622354128175166,0.0003966869254224986,-0.009859848960204557,-0.0019520566334036925,-0.01633965930255526,0.0029770528408814656,0.002043121878812184,-0.04661648766838849,0.0036951914946535404,-0.0099352102297456,-0.01136673389698347,-0.010987717682057306,-0.0025568159623226205,-0.009458731176097128,-0.0023207376572072173,-0.0011367802081613655,-0.0006165829050536655,-9.721348170190965e-05,-0.04918834298292473,0.0015367462764402154,-0.02375010593410253,-0.013588540676950957,-0.005185150894353321,-0.005520877946854719,-0.029367005458372217,-0.020319168981494426,-0.0063096344252678285,-0.006429565008683455,0.002887328832808399,0.00035214375940353736,-0.001705137426074466,0.0006704190904516697,0.0029965339734022863,-0.01675494552353942,-0.004401583028524048,-0.0020212646355502193,-0.0059426615701979,-0.002779804892780778,-0.19221112687842845,-0.0012689575455105313,-0.005045943540458725,0.004125020994682642,-0.00373877458017042,0.025859226814409508,0.007441308145241218,-0.011509508258694573,-0.001347945239508435,-0.009555096608481837,-0.01793542776960717,-0.0008204045876261533,-0.0035350636828356888,-0.04884390041229257,0.0036694229049494573
32003004200,-0.022190779526549076,-0.0052371232359386625,-0.0016117768790998637,-0.006409881114416028,-0.008368276900464763,-0.00156711247887933,-0.0013774442457356346,-0.002784289542739132,-0.012916897619764143,-0.018044899499948475,-0.02483280344174593,-0.02377872628607013,-0.0031649434761821657,-0.013431374989596142,-0.006337333669994409,-0.011435408511584559,-0.006185735446170276,-0.006476690687244631,-0.038582936862160286,-0.001104281193987087,-0.00783080246918439,-0.006596110327167078,-0.1841466174701879,-0.003681336227208236,-0.004184479018220817,-0.002327883574323234,-0.0005655603103996962,-0.00020771242097613262,-0.0014008533025540806,-0.08997243063980243,-0.009415901023480295,-0.03506712147238421,-0.011764630259814331,-0.006504729306563218,-0.000933117620305347,-0.04104393671745113,-0.029569788968566338,-0.009209331735267216,-0.020819853398223682,-0.021464848525971515,-0.0048195616919294235,-0.007754069454568051,-0.0023722680379383997,-0.0012699593903949377,-0.013470112504174585,-0.006540825515118813,-0.004090495281256888,-0.006974569937883932,-0.0035677235367826644,-0.21383725301838488,0.0037864262240440124,-0.009385148915826902,-0.002651246217690346,-0.06092942823288876,0.02641586812647149,-0.009597991040672577,-0.0023434718222196597,-0.004374056204932707,-0.021672589522137492,-0.06490376412571941,-0.0024462673671847815,-0.008592389495919974,-0.06626531287579333,-0.008520477613726367
32003004910,-0.02608121069897662,-0.0029098760256337534,-0.00020998992689289452,0.0012563270155392364,0.00039382008551187115,0.0021819558110150483,-0.0026294624916882183,0.00037558106386268786,-0.003431211444679603,-0.005790465432526145,0.007393261929905721,-0.010663570957938295,-0.0035836585822237176,-0.003496298854457501,0.006195453556400923,0.00979283437972573,-0.0009470751088553182,-0.0058790206209884815,-0.001620116832958219,0.006265777243023291,0.008597714845820446,-0.0028953423559090466,-0.0010456259514528372,0.0018495273709215885,-0.0066059814178973456,-0.0008204073597154853,-0.00277049677028619,0.0005504403030240304,0.00022902056024011195,0.021149594926264937,0.001563234465389043,-0.012113069670848886,-0.0046709929116583015,-0.010135187068816654,-0.00600771634631102,-0.01392987012062146,-0.027613340616945613,0.0017592534215958903,0.012829572568060887,0.02891026291337825,0.0042891598285998075,0.00046444921068413314,0.0022583441841571004,0.0015822736975052252,-0.0036682892625522537,-0.0025675159693485114,-0.0026653928635688145,8.190882971883444e-05,-0.0006707217708372982,-0.18041960252597838,-0.00018733309705977464,-0.005104598794799781,0.0015882281746851222,0.003513286104017411,-0.013849289198793557,0.0017711523887029876,0.0028268799086429808,-0.007602556695648706,-0.01526558275632271,0.01571094047405743,7.273958825428339e-05,-0.006507396847724204,-0.05865508139407481,0.0010428384434580582
32003004911,0.004636229735060032,-0.0005813989267108472,-0.003204778537751162,-0.00023698549448186528,0.006031529540421758,-0.005647452987459278,-0.00329305342843585,-0.0018011805417292017,-0.01712349344509337,0.006415697372385551,-0.029891856232823644,-0.0008755808442832039,-0.01160121519927712,0.011881390619156882,-0.0017103533250855168,-0.008082346211437877,-0.004343339253171897,-0.007478351451798936,0.01520380360256148,-0.0007221886416838439,0.0041411769723937045,-0.0050444495001712554,0.009448287244742297,0.002299181414330624,-0.0012818557090869464,0.0003026489581251315,0.0009853641841438153,-0.0010038874135709802,-0.0044186161884074695,-0.0032267968283856588,-0.004454381140965075,-0.017489436589310216,-0.011713356431345417,0.008835001882749733,0.0008115794269129677,0.02244287934972071,0.0031451422672893457,-0.0006376002550827872,-0.03678726557613796,0.0025428376184550047,-0.0074492565583006536,-0.006757182015569004,-0.008221428285388112,-0.0022577991529118047,0.007134359611687534,-0.009971857211761295,-0.0032304927076722075,-0.0021189208580101025,-0.020143606217311812,-0.18774771662965276,0.0020300894642431553,-0.019258970539873722,-0.0006695383421363947,-0.006144578139664701,0.037030412130042566,-0.0027093957645611933,-0.0016605539860903658,-0.002365563503371146,0.0041311069484366945,0.02275846971643334,0.0018713866788985355,-0.00600138845847741,0.014705851353092448,-0.005901653011189098
32003004912,-0.02844919588533545,-0.0048051780676992145,-0.01130691582656339,-0.001540584498379672,-0.0040512297906707346,-0.003988374759657063,-0.003289592627265818,-0.0004183032077088813,-0.017005144183988286,0.011074919887102578,-0.009333327707505933,-0.0024233171208633553,-0.0033620965349227244,-0.004818194999409169,0.0017153812252901851,-0.010652164599074782,-0.004035571876445861,-0.009218079433825853,0.0073565687212208885,0.0014522596004808617,-0.0097995362238266,-0.011027453847157078,0.008969554261301416,-0.0049439448399829855,-0.00408897841842486,-0.003595704838916158,-0.0025094400422718192,0.00014245695903384692,-0.0016037687150634392,-0.052410539844501135,-0.009285340770940648,-0.020351177157829043,-0.01606664108860365,-0.0019853143756370217,-0.006498265781112295,-0.019094538597238076,-0.038096701153239154,-0.005335759288488126,-0.011445558603901873,-0.0030832904693694355,0.0025773479160688135,9.257979858886012e-05,-0.0023281337463444333,0.004174298857608889,-0.016445324931992356,-0.0017222074285961797,-0.0006529675274032477,0.0026337559521422975,-0.003357849803493842,-0.22791412003818068,0.0023256015747449457,-0.011546902726142623,-0.0005180472631481824,0.0045187135824331795,0.02484895622085239,-0.0009861652113540493,0.003858207342528514,-0.0011584469965425666,0.007785486944285791,0.012999300523053722,0.0007928981120530423,-0.005864255533962569,-0.049907256773900954,0.0005535203699960901
32003000510,-0.012175615900805301,0.0015982486136340737,-0.00046662358067604484,0.0038256484478312526,-0.003317392755947455,9.154362167869633e-05,-0.006590813263746537,-0.004443156293909237,0.006058703635615938,-0.006093225640691162,-0.01463603002288653,-0.023528633310407308,-0.003675805542906356,-0.010298785093960575,0.0016023997152706637,0.0048161859581824,0.001747742290980565,-0.0019463961535269752,0.0067045933310025865,-1.8435810442782304e-05,-0.0017200975244551695,-0.010988769255539106,-0.01522171098002246,0.001246696384675682,-0.004320797029727079,-0.003099746345705406,-0.0010193207945999028,-2.6240795659577743e-05,-0.0014487328022417295,-0.04901374759146884,-0.00446294963661806,-0.006914677536676879,-0.012373308530916663,-0.004108267171184516,-0.004342801202754484,-0.030400745685683968,-0.018106504384212053,-0.007213550687688084,0.037868259247473446,-0.007170456076602721,0.0035785703955940377,-9.072048208175581e-05,-0.0017207630847766659,0.004056225230885007,-0.018316197419114683,-0.0037488850285123873,-0.0011349433727202694,-0.0017697931733284883,-0.005975241715288577,-0.1567803178218319,0.0002896362195804199,-0.00018818711447114492,0.0014290276890823574,0.005034034013744416,0.03594495375056018,0.002865123795659783,-0.011124204713769488,0.0009607030529631955,-0.013576497989996888,-0.033203008431223244,-0.0008070467206904601,0.0010632336306740633,-0.04204805849709793,-0.0022275080472921277
32003005335,-0.029484643959125176,-0.0001559215359678073,0.001985140266769019,-0.0025016182132601627,-0.013982606706491221,0.0069080311685591625,-0.0033220762145728744,0.0011873289126089555,0.006764518381312559,0.0345397151152097,-0.014076907410348484,0.005682269286719211,0.006361468038662189,-0.0029721644621924083,-0.001843290279888836,-0.0036425746175656366,-0.0019734370692330843,0.0002690979818176049,0.017166210811413958,0.005731491546905199,-0.013392498182405742,-0.011388631342269391,0.02708554527828612,0.004341946626139448,-0.004826779769768172,-0.00235542668978645,0.001523272704439694,0.005293634353062219,0.0019362092145182685,0.012346759913897989,0.0028621696259260956,-0.00513483996853129,0.005154284580331554,-0.026985242921793315,0.0012715403205859031,0.02384892718916186,0.006965820122411574,0.016517984448880505,0.011735528641845544,-0.01897223251664316,-0.00021858041374526167,0.012363063788762303,-0.002116173750854031,-0.0008877936628113498,-0.010963764127458567,0.012621121179351616,-0.0008623906473004085,0.0036852746766882593,0.010886373640540315,0.10768820261616618,0.0016480212818250433,0.02051450561587619,-0.007399225691596683,-0.0015365276671884655,0.07592311858446113,4.3487757659939676e-05,-1.0136355941308465e-05,0.0028913839117277063,-0.003460039651253344,-0.019688133746876824,-0.003170720590187963,0.011704167330109006,0.033831089040202024,0.005570304637726299
32003005422,0.01420748441551699,-0.0011627194764586304,-0.00307688833279242,-0.00746139760799089,-0.018260674456094673,-0.001902779719834378,-0.015195920542960258,-0.0025879085618602093,0.005265843546103285,-0.013152689106742645,-0.0283168293554924,0.0003180353834765721,-0.0031118549408256867,-0.024972190810394028,0.0022893658832585555,-0.006954303344409716,0.0006691043277581362,-0.003249847805004932,0.0038250826582318545,0.0006479481146870801,-0.025802286049637746,-0.017932432276595415,-0.01454491621763158,0.003631472736066584,-0.007368843616089126,-0.0022266970358519943,0.0004869902404160629,-0.0018104569150893732,-0.0019790416592308764,0.011496280463919576,-0.005903021697132467,-0.009570492420266436,-0.014329938259812585,-0.03412795272418374,-0.0027707115638553994,0.000839045342670519,0.00361422802713979,-0.005661866170460562,0.017656633506743798,-0.028596364217998823,-0.001361949797785898,0.001274760709975396,-0.0033611554162327304,-0.003623764378466677,-0.018197992109811073,-0.013149017218699578,-0.0029944325438991917,0.001144575317326071,-0.004713267905370439,0.07641112412402916,-0.0011918209547617988,-0.00986317271525955,-0.00019164424461495834,-0.016440730626665186,0.044028902467703385,-0.000146293419884634,-0.0008003897648552785,0.0004271433605153159,0.006466532308970424,-0.05131362862354889,-0.0029546212650265833,-0.00036617948628885473,0.011795561824895892,-0.002726154702582343
32003005423,0.0033806766110594643,-0.0016936035623774657,-0.0051958880457617235,0.003908430516701577,0.007791351302965204,-0.0022392465506768746,-0.00011955438057415071,-0.0023053758207132948,0.005106864189799635,0.02126517480310748,0.02065707386367349,0.0032382572760755683,0.00040504005003742257,-0.0008644277189119939,-0.0013413803355353767,-0.003034632871152755,0.005949223678794005,-0.003108456141847403,-0.016789162802293884,-0.0043828956847287255,-0.017853967897872927,-0.011201729639812606,-0.0067196612408099805,0.002984644433263813,-0.005533933382642772,-0.0005379463980157666,-0.007589853690230532,8.3094144602958e-05,-0.012134448333089833,0.016278228918647386,0.004082194752812911,-0.005328067065571174,-0.0124136001209008,-0.005977465807485737,0.00038694342488463415,0.021405012770430693,0.002417552398590316,-0.008127243460707657,-0.0070979914438208625,0.018907296577066388,-0.002905103689959187,0.007860040523160283,0.0031803020361266107,-0.0005769080173926084,-0.011964951248966498,0.002947166060876739,-0.002641231280650964,0.0014933562817862308,0.00044549748922305426,0.08442532942650102,-0.0012819366087933176,0.018178211495950038,0.0036340650048860205,-0.013476671974694916,0.04206788791755133,-0.002029158068025493,-0.0001703110542087447,0.00584120629383019,0.006628608568804221,-0.02530662092448886,0.004430111394816677,-0.0005482966662772601,0.026637365171623146,-0.006796951780956733
32003005432,0.007185131175117343,-0.001278086689238594,0.001977559577466062,0.00030750579327919365,-0.013736828915675325,0.0011554198854391818,-0.0013126381054582488,-0.0005998747081959445,0.007181803826308827,0.03611646739546787,0.02685059903466405,0.006435234341693107,0.005130473865966655,0.012130806052776324,-0.0005181067508076534,-0.004629904282342408,-1.4326594758945047e-05,-0.0014703185198353403,-0.04644794079890775,0.000277677476259275,0.001131428189273957,-0.00633289643321042,0.06762701086691617,0.006722383154311565,-0.003136523974967806,-0.00232290209703968,-0.006445502799082805,0.0007416780917862972,-0.0013228918304831212,0.02013489053483341,0.00486796607840378,-0.012616755800256512,-0.01034251942894205,-0.0015337952783795546,-0.0006065466117874796,0.02653786700983271,0.006446899290003637,-0.004340657510960539,-0.011451506068701283,0.017621059415703397,-0.0020809686829272906,0.019392777335968583,0.0019308758217887595,-0.0021295418806940845,-0.009283842950574498,0.012237847564470312,-0.0016511629785532968,0.0028645521227650666,0.008919966212213144,0.1179076290885049,0.0014333849509135033,0.024184469333198066,0.002883526021290265,-0.006570588718420619,0.06772163570356785,-0.001884877674015588,-0.0007371177141245505,0.00370313625497428,0.02388689441375511,0.006138987675157466,0.0034396758924885315,0.005712063339172267,0.03328737085749102,0.0034275680552912644
32003005804,0.05597018922660889,0.003843854715151087,0.009932390269062714,0.0006156098226380967,-0.014876467472515616,0.004294807746140743,-0.00018747281197014528,-0.0003196863275629604,0.0011896215114005088,-0.000787496955018605,0.019670934430635927,0.0034489596899196714,0.0052602218287547626,-0.0026871392194117685,0.002236906678786813,-0.0032149999209173793,-0.003275438820843975,0.0006597635391897692,0.06338456281022854,0.004173036874696152,-0.002783671319937591,0.00785853136240946,0.05142046481196335,0.015262771135680751,0.022614371604767057,0.0015816844348632197,0.009622467419923507,0.014762575119155805,-0.00142481494575801,0.01980858333440665,-0.006296009008323893,-0.00032008286131942525,0.004266931499081727,0.012070039095648714,0.00431769955261496,-0.018218202955732704,0.010133475551921099,0.011502770081440733,0.002843513280435776,-0.0074588494060598524,0.008586941018330858,0.036999584389978135,0.0002830650498823046,0.00016591986208518183,0.0015413812476844056,0.009621782406487079,0.006305078869809952,0.000718821719193201,0.007170630502534569,0.1442565884449757,0.0028993622224845676,-0.0026638432498154513,0.01003901848750274,0.14185404690282935,-0.06783072892762354,0.015137182063225469,0.006711183588444092,0.0007719923397364547,0.015885304006064017,0.020922850889285406,0.0023168316377602007,0.002361474765211993,0.041974514242334275,0.006177956073436688
32003000105,0.0026417471682506884,0.0054357916909566935,-0.0003974657660373172,-0.0030697792956459113,-0.0065832591616368135,-0.0012414029662727833,-0.00786339350059376,-0.005963018560967578,0.00011770155366214946,-0.01218918084110493,-0.025518801795056386,-0.0024048355629514113,-0.0013418141550983703,-0.014069523857260671,-0.005996714243987942,-0.002158586825934569,-0.0041372012831644555,-0.0071712794155636295,0.0008688853424145916,-0.02088739897868639,-0.015259425802766796,-0.013991300874936653,-0.03157493834244213,0.0020411200184337515,-0.010799299670052198,-1.3946304539969894e-05,0.0052145611913390595,-0.0022509482230301057,-0.001931061523808558,0.015651307746954023,-0.004836594582766725,0.001993263842926716,-0.008445888940844389,-0.00401477414699694,0.0007291341689088351,-0.01238535703513917,-0.009549045486330352,-0.009465288075421529,-0.038631080746926415,-0.01843073194156767,0.0041953653316641,-0.007424270465911609,0.0004343807211038839,-0.003056226173978277,-0.01986223531289347,-0.009930395110338351,-0.009532389043341576,-0.009115148222056623,-0.007074454703630749,-0.15581170123368807,-0.003267812320928023,-0.012340006446217423,-0.0011552660932762178,-0.0005051617489802781,0.03442077083800536,-0.0006257877430886581,0.0016840973844763746,0.00582260755948981,-0.016975928713380502,-0.045564292330284833,0.0008230308869248128,-0.016069917856930394,-0.055420021330998256,-0.005502208160257494
32003000516,0.000904100328764776,0.004226162248168675,-0.004328104039317986,-0.0013872101440085482,0.006141484048867134,-0.0022695975217959276,-0.0050218057006103335,-0.0014374656254776798,0.00436252357907171,0.021460706657546,-0.03269720348297075,0.0009347281352064104,-0.006941932587170554,-0.008955516473620584,-0.006507372034593267,0.0013627007469008178,-0.004787758461362535,-0.0074769544999177175,0.003965585398865268,0.0006855188693645715,-0.0077715478854111205,-0.015943293991458135,-0.01068903611774593,-0.006589880117626197,-0.0068965152084678365,-0.003957678007708316,0.006267591613536055,0.0007019406365426915,-0.002540810326353659,-0.04797986276636218,-0.001481275129683955,-0.003968377263376486,-0.015399838823578395,0.02760555642089403,0.0013447282148846002,0.022853242982046832,0.006280514731582651,-0.007970314683911262,-0.024159376341710618,-0.013088713131008074,-0.007184636456262409,-0.0021163166446644044,0.00036881503940905543,-0.0013557499094661043,0.0013251854137483348,-0.006524220858302611,-0.003845406007584019,0.0011310296520434832,-0.007862427742134019,-0.15798876938109527,-0.004460981905256545,0.013323605620306574,-0.0009659453481464995,-0.0003699421269385856,0.041817007281115245,-0.002536787297017304,-0.005700329528447752,0.00021652204450596163,0.010821464635506674,0.030117544796835913,-0.0015226443188105015,-0.01271699970914221,-0.048853875126975366,-0.003684394582859245
32003005317,0.007877749484190887,0.0020407073208788752,-0.0007242703900799999,0.0006280032301811485,0.012628678559278406,0.0005011696696162046,-0.00037226106068433373,-0.0005491582830174401,-0.0031120573429220355,0.03702188047316848,0.031657523278566115,0.00460664106171658,0.0018545459737361132,0.010467601952431476,0.002369402991688568,-0.002288234506859989,-0.0005256645585779423,-0.0018340148540844975,0.06278422401712792,0.0015786778355020641,0.0076035230554245565,-0.001687565972733395,0.06823434895212949,0.002956879393482593,-0.008547514010942876,0.0015606215592583014,0.007516569259797082,0.002892974916319747,0.0016116860779571776,0.019451621070125907,-0.0018488782902204444,-0.0044684220145632435,-0.005036366314559512,0.011682727902973233,-0.0024051195116783003,0.025724798661545232,0.0048648229391111105,-0.004826936940074381,0.015115527646230937,-0.009292734147985017,0.005005889594142827,-0.027953632201950893,0.00118314107673872,0.006000922437518122,0.004234044976384302,0.009330467345956928,0.002998084321115529,0.007668936358997577,-0.002127175823149236,0.09830565107044133,0.0007505263573476304,0.020496169387583193,0.0007758681314572404,0.08065730856475022,0.08183045735462859,0.0005499965887734025,0.00011413630745676252,0.0026526309567351646,0.008658767357468547,0.033007755694654105,0.0026527567000947947,-0.006354591767705785,0.021270577887968406,0.0014461059963359136
32003005313,-0.026416398938695834,-0.00012237593780292996,-0.007294714837972269,0.0030351912078245015,0.006107027778922432,0.0054501810261292135,0.0024066417227339197,-0.0013691198541313332,-0.00422781733112044,0.04747345635906219,0.03134911239104346,0.007204282345691899,0.003426545396374499,0.02449909038344212,0.0007337568168374504,-0.002879475005372732,0.0012337330474435967,-0.0015679111835443633,0.00758012212899502,-0.0006085762098004586,0.002600795158963333,0.0020666808592263346,0.054933274297693485,0.004095747184595694,0.023308618178801793,-0.002266133956173399,-0.0116136975383426,-3.176652629984118e-05,3.6207889309825095e-05,0.018037553191425693,-0.0050008096319267385,-0.009092769357893075,-0.004715908335361752,0.0052312817900950865,0.006399920353915266,0.0034960646075940603,0.004013826648489319,0.009295078860288257,0.010518176996066667,0.025299579896490502,0.006603911177245342,0.02329035454460483,0.0017548253511377773,0.00652844379388956,0.0027842163792853587,0.01769773492051308,0.0007252908339939893,0.004709224509297449,0.00033239040362287683,0.1328480326592098,0.003275199946473886,0.04049887709803382,0.01324104502272921,0.12296006284090748,0.09437920734354457,0.004362736350004351,0.004177698207087572,0.0008638215098726851,0.023345321771164232,0.027489532063265352,0.002633377692639067,0.003778870438316661,0.020996434208115238,0.00014500324501287874
32003005314,0.01034252015264591,0.000706434982764831,-0.004117328145906269,0.0031471973217864113,0.011499050057749384,0.008930374500055061,-0.0013540189300356737,0.007926242640329904,-0.00220008473915105,0.054835052555534426,0.032306110636208085,0.0029584176667417374,0.00589637618102531,0.02427869570274346,0.003252785624794335,0.004228871970525399,-0.0018577773337639365,-0.0006102917884782926,0.040947919903478874,0.0014610422975927081,-0.004272600602592186,0.0028569103285524876,0.053871129590826905,0.007638895910675572,0.029685971628197947,-0.0030986122525477533,-0.007870396840580943,0.0011921971565550466,0.0007869546275214344,0.016874745385144406,-0.0012614126700761245,-0.005888717734388514,-0.0023702171452957307,0.006145139597510643,-0.0001863633476925758,0.03062801995691822,0.016316047926013287,0.01403481877209687,-0.008367654615290938,0.023791265943368767,0.0024035170882219527,0.025299374264265925,0.0005422542960782439,0.0014010939354837204,0.004034646834105088,-0.0005174849243126903,-0.0023607111894275007,0.0028431924079217164,0.004985696944886875,0.12735910386223664,0.0013473755556796879,0.032152017902629275,0.008737290482448696,0.1314106988902578,0.10103704943838149,0.005226492146123181,0.007352437219512375,0.00025330981566693917,0.026005451720837295,0.033986250200981644,0.006200392221852136,-0.003947085617122817,0.044055815082224635,0.0035612984380524433
32003000201,-0.0003272983310170242,-0.00271036345025332,0.0017725221437675553,-0.0008675736890134829,0.012569205442015986,-0.0013550817886174556,-0.002116206979897513,-0.0007344801955720957,-0.0031119197541497477,0.018815600102415862,-0.01766544332856838,0.0004342602943390742,-0.0002667859420270407,-0.0068455480645739485,-0.0008715687625454207,-0.004554308296050425,0.003804696564799552,-0.005705799998533281,-0.013369721247772979,0.0005828104115535873,0.009561111693082337,-0.009301191372780689,-0.029477182342916703,0.002752885257717832,3.45272326187387e-05,0.002447235264043485,0.006137076712134701,0.00024374287171112402,0.0013877033806461378,0.0359222929283702,0.003703606029450281,-0.004963102552113553,-0.00515464449306268,0.0033326287988278557,-0.001461326468705541,0.03891923500333005,0.011181279250782418,-0.0013946221510871806,-0.029932534716635796,0.011393295320315617,-0.003910372474630497,0.0009107187822015783,0.001388033293721154,0.003098872002494189,0.0025274564132029185,-0.0008636149516329687,-0.002114573557062597,-0.003112849657904063,-0.0028899965624412252,-0.13085055072381963,0.005042423354524124,0.008616383309379135,0.002837426053217825,0.0024842409801125675,0.05074071143573244,0.0032243506497257623,0.0002125776451604294,0.007079997428392455,-0.003208455550942583,-0.005085134381407192,9.156322687924735e-05,-0.007802695757571161,0.011167918503481138,-0.005898361225851735
32003000203,-0.0031507738831940313,0.009317568467547024,0.0012927544980882615,0.003992147756011593,0.008571332101095579,4.649345600853704e-05,-0.005965614520239627,-0.002827554841786654,0.008176845476854218,-0.007484874176135197,-0.01871623264553275,-0.009016794177621149,-0.0008194565068663518,-0.010743296978396705,0.0031335856257371925,0.013027899919926552,-0.005083817614710483,-0.0019466579337229087,0.08180089639973864,-0.007973144445308876,0.0008480819991726874,-0.006238868876817432,-0.011825004105274,0.005418801513316658,0.0006143004112854817,0.0029156220269099765,0.007846827194801769,0.0015743312444311717,0.0026172627126182938,0.02004590755671132,-0.0022731406546762454,0.04042699959588126,0.004437873095892473,0.00249911894601532,0.005224339307821792,-0.010750837454572474,-0.013640198746080584,-0.005940456382242526,0.05819965900773551,-0.01647618374146497,0.006786268822858349,0.002824213345641726,0.001996897673037544,0.00680303187190775,-0.004203916844226329,-0.002472553610499143,0.007007519799558232,0.0038177993511389063,-0.0030170150369009537,-0.08782598685651473,0.0007467955330198137,-0.0026702981547806343,0.004959788891422577,0.012347202310034446,0.04911764904969114,0.0018431044161111112,0.004445257047400463,0.0110143043649313,0.01223575301018408,-0.019867937922785715,0.00503727518311021,-0.005154823645310759,-0.03447900075900192,0.0010127097655612386
32003000204,0.003058949891900432,0.0030919857390905607,-0.0006967145927540345,0.0020174679167189666,0.008359464679220578,-0.0001222390542821402,-0.00792465911139715,-0.0018802634026100849,0.005009013194327165,-0.008262426737988986,-0.017310960007662468,0.007450846104062377,-0.000710811155069607,-0.012113236864312897,0.0038611956272466444,0.01175519506224594,-0.002087447613072434,0.0014484023370162225,0.08093556199084126,0.008370377547382058,-0.007352347390075359,-0.006840204387883337,-0.010045457578440858,0.0030264035189200545,-0.002358470533981372,0.0019103387292695234,0.009478113217083986,0.0021413139416036602,0.0022973553154931846,0.025544267247899762,-0.003553251281621201,0.0377398571681636,-0.004770505110304381,0.003698727270111297,0.004575420277694903,-0.004527979046723204,-0.015428363739386495,-0.0035453400615487753,0.04825800723925582,-0.01580392723695026,0.007008358673453113,0.010082995766657048,0.0009776267828674812,0.006379016473455443,-0.011875107726163191,-0.000873511963317499,0.0034821498260256484,0.00023231279026132316,-0.0025560725043572677,-0.09360978198253422,0.0005141761345805419,-0.0045038893046284055,0.005381378534743123,0.015022836993525027,0.04572510414338063,0.0012493582923402643,-0.0034849597476328555,-0.00035746741325952365,-0.009074673412071185,0.007484049560791524,0.004087724016195536,-0.005235696303113669,-0.03790454733609615,-0.0016816746335384758
32003000302,-0.002522420828914385,-0.0016985424678161796,-0.00018109191900883315,-0.0008762374020818899,0.006983019347625256,-0.0030584971964367357,-0.001428519927839271,-0.0017200544507044748,0.002594003573309551,-0.002095160633198459,-0.03282879692439388,-0.003106325960338345,-0.0011832851737795527,-0.011545600760766274,-9.739637907157525e-05,-0.00607892782076532,0.0017997774247603948,-0.008163568121515585,-0.001716195553032304,-0.0064281443331409656,0.0039475396065446,-0.010654157393355151,-0.046817044678175934,-0.0005447247986934499,-0.005875128626250333,0.0004367884722053685,0.004625351678796689,0.0019734007941478024,-0.008883828346941324,0.024006420557133763,0.0020961222133243224,0.009535938386666842,-0.007430835482788917,-0.0016641578586391508,0.0015288306921244514,0.012516163805045792,0.005781245633600875,-0.003543241986419269,-0.026665953767351043,-0.015811684959099508,-0.005234470559848762,-0.001268486765313532,-0.0002795252922406543,-0.0016115035241480679,-0.0006666041618545747,-0.006029789002915862,-0.005019128537502752,-0.005514731436327771,0.0023567396942017027,-0.031450455226932426,0.001693628098173965,-0.0038857489307334227,0.0014738664244952468,-0.00993048882498288,0.04882069460721173,-0.00010842318501590967,0.0014859179593566668,0.00908046937235236,-0.0087610014976297,-0.022106293443734413,0.0017919796770970394,-0.012061556693467245,-0.02586395385849804,-0.006402212742931575
32003003219,0.037815803045802884,0.004225925978684199,-0.0021025204009386365,0.0017060268388787148,0.006499389722235442,0.009670261230446663,0.0025681051615183818,0.0035406739456060017,0.0005183547491831368,0.036807780108705,0.028485504201770064,0.0032957025391675836,0.00046660369196609077,0.0029291463209030182,0.0012733585091689885,-0.00539962114164729,0.0019084520357831587,0.001466132701196534,0.02517241870048613,0.0035256093227465928,-0.0020045852698887404,0.0021842661853790782,0.059034890998187955,0.011336283792689202,0.029919840951594046,-0.00018278060504271667,-0.004769369828522068,0.005685902667389145,0.0038648112804099233,0.02305789274643257,-0.004826043259085475,-0.006964032497469489,-0.0032174899040075234,0.008659132851418078,-0.005870283159593158,0.012876207903829283,0.014225735074575056,0.0009114056696611402,-0.015829097655473138,0.014948053356404558,0.007522501579447988,0.023828186105237164,0.006893547584451108,0.015588719824120167,0.0010833631653617724,0.008295956510395107,0.002510593158312446,0.015183348741335409,0.009180370136997941,0.14572814626787065,0.004913888956547559,0.024997547543263377,0.008785567940679568,0.15505179634176386,0.10989316312859672,0.0028514380544926864,0.00482653113796237,-0.0003758293682285642,0.0068670279213923074,0.004295679946104975,0.002685320090966376,0.0026951543953292463,0.049274472811402514,0.009496803237651114
32003004907,-0.030204365803155043,-0.0012661791611729767,-0.018120911187223736,0.003216646573873401,-0.005626105322689205,0.004629803371365688,0.011354495928013068,-0.0028707383870239813,-0.000401359706738836,0.016871404974823253,-0.017978149174935502,-0.003963189824980618,-0.004061355720359107,0.008957469506142384,-0.006123556720014483,-0.004809355501991802,-0.001641292464249654,-0.006756828413344173,-0.06172046767382408,0.002170854388498966,0.009193165146412897,-0.007223791931556456,-0.026653358059607415,0.002402014000931769,-0.002315720787310092,-0.0013673265989586714,-0.003565442135151244,0.0029148446792984823,0.0018941562146448459,0.028132473702854145,0.00215626520804739,-0.007026628344909692,-0.012432074777336238,0.0012361190035848882,-0.0007925481354095662,0.015192986866424396,0.0023601340614394085,-0.0020769444599808102,-0.01934440784933382,0.02024541798646756,-0.003440798662988221,-0.00798416845871808,0.0029047407366299713,-0.0031282416753601627,0.0004541928586174605,0.007546614246089728,0.00019463134082491518,-0.0029419814001684108,-0.003619865245371367,0.05077142761475248,-0.0008904187788009414,0.022935490269708595,0.007247173035361151,-0.009931750019662781,0.026205012764014327,-0.002602390240895993,0.0016451347917230692,-9.090369894138488e-05,-0.012560349459902476,0.029006042058951874,-0.0018205266056756698,-0.013714046074504084,0.02163751534409853,0.002073783288336213
32003005904,0.03865322572793264,-0.009823151658923591,0.006760532925160444,-0.016256633370310237,0.008332121459311656,-0.06817090704221497,-0.005829936197425732,-0.006687520852912652,-0.021280320067882576,-0.034839159426508864,-0.03268755378114302,0.002155303389227457,-0.04824650272988338,-0.03855103966232848,-0.01398467696494854,0.0004261315236755016,-0.012331045779212757,-0.004269007844406596,0.05112912308862183,-0.02705119252805117,-0.008336571135076761,0.014373076736967833,-0.019062925252521984,-0.054129308076437,0.006356724635520996,-0.004410686190847888,-0.00495738905973317,-0.002163508412674189,-0.0013481515304760426,-0.08700079889035098,-0.00498723632734452,-0.016363580814377575,0.006681409871204422,0.017489198169072552,0.002659182592918861,-0.06433752210030591,0.007804352708065805,-0.00778210731139396,-0.00037167743828877235,0.003442070119580874,-0.03059339980500367,-0.004136011134864648,-0.0030195815314162425,-0.008668821940046898,0.013949292586641458,-0.0024730397661328093,-0.00936639107374943,-0.06143407077519068,-0.016229246060210104,-0.02479066084633189,-0.0060397255315027066,0.0011214503100602862,-0.014644140520818506,-0.010561431616919309,0.030115418876725388,-0.010569579732405649,-0.006810528035994126,-0.009998402638214674,-0.019686525913650218,0.02097632436003019,-0.04141313952454824,0.0043167860654692095,0.011552786188994435,-0.03275474959003226
32003001715,-0.02117108181815211,0.002397325241810938,-0.00011130270297848995,-0.0034717665378889537,-0.0033018171182477036,-0.002381724989800794,0.00023117394948509682,-0.0014392956057122503,-0.0003484808774171348,-0.010468451621950809,0.008367412893882903,-0.0214194977249478,-0.00299208809042355,-0.012186339762492868,0.007075801386239463,-0.013969246304387695,0.011333379732145595,-0.0043276573288751645,0.008619851076445119,0.0021685895717846342,-0.010836632981471785,-0.0082329538141553,-0.007468646649801727,-0.0024930986980655806,-0.0038814381652358316,-0.00027572673286186945,0.002425908065135702,0.0007592251409856405,-0.0008174178873488585,-0.06877096796423103,-0.004993349145810096,-0.018761132384115843,-0.005714482288793497,-0.006812957617935815,-0.00658875906511353,-0.037257477527382385,-0.01945675014506737,-0.006094464817551035,-0.0013547224338523148,-0.01570343057275583,-0.0001534418968635879,0.0011517083575048593,0.003826036597123928,0.0016390212253051015,-0.01825362108431227,-0.0022801661848946856,-0.0013520693498526883,-0.006247627654971247,0.0018798295382667664,-0.17154922256547897,-0.00047669915795551496,-0.010657120325964674,0.002554732066599513,-0.015340088609396589,0.027753964151048815,0.009574930938416732,-0.010801544180149895,-0.002471917358363074,-0.016209691929065753,-0.029976160241271085,0.001794258829937469,0.0010145003945114938,-0.05889003081985633,0.001970751920113542
32003001902,-0.0016964269840961178,0.006110616695031558,0.002948932653268819,0.005460773837585531,0.0010090497185522068,0.002546606598125614,0.003806589392617474,-0.001978597117543063,0.010710837249420343,-0.0035358753929505406,-0.0062880659446929565,-0.011526929137618993,0.0014114667058548207,-0.008736598439147538,0.0029410804459186453,0.0015235623140650468,0.01791387407880968,-0.000769750095937044,0.0038850512175015238,0.0005052287930577634,0.015535443145598979,-0.002616723556681424,0.01049407629334368,0.002516009623425594,0.0007501523258460152,-0.0002855571274875077,0.014518369664493458,0.008322552745804745,0.0016499090309924278,-0.011914202007417501,0.0034154532215338617,0.008352489970630168,-0.0023258388104473024,0.00998527251736556,0.0010204375274562429,-0.010547595490916451,-0.012621096690465194,0.010186306439243875,0.009025687700007452,-0.0037570459387936505,0.003992905794511486,0.018870656993109802,0.0019781513939322115,0.0022302605331227785,-0.006594401038086505,-0.0015328531300841232,0.003075380623722792,0.017605455160214813,0.002313284683950844,-0.07330323998066042,0.006270795192285946,-0.0008857288326603755,0.08080863996782851,-0.008585930691527539,0.056867106473479416,0.013187576873968663,0.011375697136898419,-0.0007184975156086912,0.04011982374930328,0.008372014358782928,0.0008450981433767063,0.0019029176859300535,-0.033128826598655195,0.010429623472908106
32003003242,0.01750366940947594,0.0035942845201642616,0.007398725696106423,0.002510731565869369,0.016933854696190687,0.0004063878362040022,0.025103735694063517,0.0033226964169005657,0.013054892788016938,0.00934389058476218,0.019733858991793352,0.0046855176220781565,-0.01389064648055676,0.018475811152753558,0.003570818539307871,0.008752636568484243,-0.002225137876181144,-0.001456798664849372,-0.05524947507198324,0.004896107901188929,0.020538000985347513,-0.0011038220470425656,0.050144712574721445,0.008251858352559505,-0.004105229321764843,0.0030659716646219974,0.002968064289148863,0.0067018809884711135,0.003147386056244634,0.021878965883542406,0.013102014691966956,0.003630603279728467,0.008751626768730971,0.0014201204463213637,0.005335942527549822,0.013813989441720995,0.009724693516971538,-0.0010665071362851402,-0.03252761155012739,0.00420374290575257,0.002879266600907972,0.004584443433531146,0.004578754966599998,-0.0008190759433031395,0.016338430331693375,0.012251154400276642,0.0016671292797700008,0.0010564404567720575,0.010519085618004657,0.10646980743466025,0.0011641455653209787,0.024114155059075743,0.0020791385394456595,0.004600694776043877,-0.07052236544189187,-0.0004053040816243725,0.0058425960884782215,0.004216850432761278,0.015814941685475235,0.006304096702716718,0.006007770966957784,-0.006553752582346202,0.0320147501566078,0.011242979717454507
32003003240,0.013354982102451063,-0.004698216224640218,-0.005557370555540086,-0.0041877596560452755,-0.03350168846579001,0.00012397960486656005,0.026274630036741874,-0.005217474265011162,-0.005052866720378878,-0.007561477790418244,0.013362257171532449,0.0009699250336317192,-0.014061530327716584,0.00691871468246526,0.0013164357824148295,-0.0042360331028611625,-0.0027709568554832083,-0.005565347806974835,-0.06446719951677973,-0.005167482314679903,0.014933731895737086,-0.00688070635008083,0.012007866842757944,0.0035168444456354616,-0.0011709376428751608,0.004062080579279014,-0.004078827764919677,0.0028135254718022855,0.004020513102612314,0.02518417367800482,0.011711996656736374,-0.029736117383446187,0.012725393654329443,-0.0016200545157744645,0.0026751071970896522,0.010744580397706573,4.607337044666272e-05,-0.007131066780883354,-0.03497207080357226,-0.010136606999640287,0.0008541825608494362,-0.02661853804868932,0.0015129518573137406,-0.005253122936345367,0.0023498264393230933,-0.026162926719317386,-0.0034260812112595538,-0.0009313551013915074,0.0023567825523221416,0.06436064116233468,-0.00733890487094907,0.005427868557938358,-0.014383156054523357,0.0019333698125120877,-0.11895345037770406,-0.007486878336987941,0.006466278607112738,-0.0013888371685418963,-0.01770946406866745,-0.002174639097477465,0.002000678244041469,0.009905041365867773,0.021907034371518554,0.0022395920496916357
32003002000,0.005046864495644405,0.0025391976856560233,0.0036050558610827518,0.001469719163548247,0.01419535575861238,0.0017660632129883624,-0.005454332112130745,0.0022756241083913384,0.006029430950451271,0.0053615452220704875,-0.005954508396736895,0.0020274753770640904,0.028732339367502455,-0.005338405319506424,-0.0002611261873788848,-0.0022061701948924975,-3.442333945624332e-05,0.003272371610641243,0.09307441773857394,0.014046028692378525,0.009658564010637952,0.006525440727525577,0.0043621685399202635,-0.003075561256751262,0.00934668900279858,0.008790685071143027,0.013201492830526539,0.003431074735967528,0.0018927330888924225,-0.03770661648718763,-0.0002598074090154863,0.051173166160219184,-0.005816689262777941,0.036965445027911145,0.010698454001981625,0.034172615407361134,0.00805739588586253,0.012305545838951385,0.011277094855115617,-0.01630123820712224,0.0079272775639385,0.00401190745403186,-0.0016263522526899707,0.008041387657420199,0.019325010124649752,0.0025097538712978416,0.0006274374860773634,0.0035558843569707937,0.003282187969666206,-0.08234640366468758,0.0050996675867016885,-0.0005943741646523057,0.029901887773768683,0.015204192578076293,0.05293699675503832,0.0008209121694724337,-0.003764638321604719,-0.0034983518411947773,-0.008624302857255857,0.03471267743869715,0.007032160479285197,0.023484412625675844,-0.030855775082828458,-0.0016221211623725657
32003003239,-0.051152233398309335,-0.005108247143022377,-0.0029392729065411552,0.0004322163217669973,-0.019704689241369377,-0.0038797412498196796,-0.014551447081116085,-0.0017837498264546973,-0.0009667028477600478,-0.010940583431571511,0.014977956703777941,-0.00011648687848229575,0.00343564271605127,-0.010710991403185858,0.0015400723165550068,-0.0062946749680170035,0.0020003696292995934,-0.004065439341153651,-0.014181336726447986,-0.008134858851853385,0.0025778353368226363,-0.010495862978118569,0.01830371188672911,0.01075105894093248,-0.010446623703504103,-0.007246600452139094,-0.01080225943166352,-0.002698286135581887,-0.00518470014218841,0.008186887407805796,-0.014914194101998304,-0.008774495714598044,0.004634173961957514,0.0011740443817630898,-0.0018439896339965578,-0.002611116752577939,0.001393629067199578,-0.0027885816099137966,-0.014581855565363263,-0.007831919788406052,-0.003021593721989476,-0.0047139472554225985,-0.003278052159385866,0.00540215758574232,-0.009550273556054437,0.0008910469841275204,-0.0024279580366340604,0.010101597915269125,-0.005834998478778022,0.07155019742986801,0.0053021787805421685,0.019012902272170295,0.007934148905619824,0.0829428469291771,-0.2587685018426505,0.003592447112756318,-0.0018528603497491383,0.002084008216971998,-0.006026453633007283,-0.011851742920868057,-0.0035247420590339305,-0.009897005545854466,-0.03763816391400676,-0.002403143684354749
32003003245,-0.015930734637653134,0.0025903536359086258,0.0037081630908875193,0.008160201551152813,0.005937773295182457,0.007075001043666561,0.03267241670994012,0.002103915828343215,0.0022506829932886006,0.033769584611518785,0.02425685443624531,0.004585789745307078,0.0058421665846645635,0.024064520486825988,0.0016764594052881578,-0.0007347826990825579,0.006139998243254755,-0.003184494897409215,-0.03793989388253714,-0.0013430559271772585,0.01881891130011412,-0.005081645181209742,0.034068821141940944,-0.00039230395976295383,-0.004013555778061748,-0.008477724947196388,-0.009501591354632017,0.0013467388115452944,0.005318885240365255,0.015667293823784727,0.018529468225044247,-0.0009046607302674129,-0.005507100270917911,0.0010401107044468692,-0.0031717983537269514,0.017650179470803194,0.0013633196797865695,-0.002790115671728933,-0.005014211572436114,0.030839873467627867,0.0005214255045801248,0.017140248872346418,0.004021511067510929,0.002365514517281922,0.0060229552699119625,0.0190505862719607,0.0012508123495334547,0.0017191803266113203,-0.003498550002870274,0.11260646389876276,0.002408370085026976,0.022273434093310885,0.016459148678476955,0.009637038827226121,-0.07997458487930965,0.0006458413356703186,0.004956221070688159,-0.0034803839937234456,0.011648277721925305,0.017719701057094417,0.002920949535050493,-0.004925950105127681,0.015398160423333791,0.002714254739496169
32003005852,-0.06341724513506247,-0.009107097558350109,-0.0022291711278604348,0.004937772615352599,-0.03263858170322195,-0.0023013348236401126,-0.017508896839979627,-0.010628473868303357,-0.0016716174579479745,-0.015906667980227752,0.0070214611261629764,0.0011650477418967198,-0.00012889208939923915,-0.016270625862446212,-0.003664427440327554,-0.009480766740654512,0.0020867876021937863,-0.002823915304494388,-0.0007449637256229778,-0.016765261288743814,-0.013793173553293117,-0.00030311300581221696,0.034927266158924275,-0.02801374854736076,-0.006585195249704345,-0.014416863821524795,-0.03359492386727627,-0.004244497969023919,-0.019649514617393407,0.00827864849560057,-0.022004985131004774,-0.013161508642740185,-0.012366306299619807,-0.004301147618046118,-0.009751551149199813,-0.05362715631148265,-0.001195320463259282,-0.006794578122873373,-0.0025078751572571657,-0.030656994423060545,-0.021024763500759193,0.011074611640357392,-0.002909441575561346,-0.0025138859668966465,-0.012321915577032898,0.007780215585891508,-0.012346487326690482,-0.004021070424559095,-0.005526346367210834,0.022320278540389024,-0.008757868112815285,-0.02803454532120944,-0.018244079412605828,-0.0042056572402181065,-0.21359952342472593,-0.00446800349349579,-0.0067134267259468345,-0.0029670045051069876,0.00012805001605196515,-0.024765675015022734,0.0012672326875874493,-0.011005869120544165,-0.008336216193805385,-0.0015639906749259338
32003003320,0.045512621903086886,0.000581704716374189,0.0022423133395298874,-0.0006480778319698975,0.010541305738711704,0.0031170230682977924,0.007483008083706876,0.008291952996164195,-0.0036819792267363204,0.03755094506427938,-0.005123679797161215,0.006093466749484983,-0.003631691017193228,0.01798481775387059,-0.002709635349549263,-0.002497604447636199,-0.0019512972329311575,-0.0007199307758641466,-0.05170534538028309,-0.0019810581507859375,0.028989644173012124,-0.0010130766435780037,0.03159849678454486,0.013673871466300362,-0.0017794005846491106,0.005349750411437733,0.0014846213182216324,0.0032045309610394847,0.004264184061828477,0.025925903883058384,-0.00533655242402947,-0.0030955018181134937,-0.004606408010445908,0.03993051735747265,0.0036510062035657255,0.047978608273311414,0.010552134995288037,-0.003161119522601558,-0.03549715168523554,0.019939815076290265,-0.004027627512042448,-0.007975069379482959,0.002005362730758683,-0.0012207995475421157,0.01890683816165169,0.007452494287241435,-0.0015185516239433331,0.0009746844829955466,0.002283479264194116,-0.05437531142588158,0.0036009446422621237,0.027971302988980682,0.007109118577637042,-9.362284326764552e-05,0.05376520831427169,0.0021519226589754095,0.0035333153427455793,0.0017664731648732602,0.0072791569937275214,0.03255241007182258,0.004723646939897016,0.012931750337203559,0.025004882433290826,0.003164007131093562
32003003640,0.002457149531676078,-0.0020204849201613923,0.00018908259360936425,-0.003086917031040675,0.007570405337898992,-0.001210901842300366,-0.006083067432442244,-0.0016546396274025425,-0.006431025126929929,-0.014935153776280007,-0.04936779178161025,0.0004595194571403532,-0.0033825007923027283,-0.002063116010644521,-0.0031591491369582143,-0.00879678882316206,-0.002716148218607525,-0.005767649270704499,0.01839168026952245,0.003959734047068905,-0.0025489665287185205,0.009476981486865958,-0.013807244325308035,-0.0008873292148896477,-0.005457183288644308,0.001579869213316023,0.0034457987626944414,0.0015377226787520678,0.0009604404598137927,0.02156799809067214,-0.0066385775428382315,0.00289212064303497,-0.0037620546736769514,-0.0022122396025789867,0.0007554130976932752,0.020236224746333777,0.007107680780173096,-0.006361659223161293,-0.016187099097462385,-0.016171170044214395,-0.008415439756780075,-0.012810360824544627,-0.0034708995409272457,-0.002236116596489638,0.019472694645561978,0.0005636032289692168,-0.0051955024339961475,-0.0022985560212520372,-0.0047105646473176105,-0.002677150119189783,0.00227788080967516,-0.012411399722195583,0.0014586496553636525,-0.007466183822285435,0.05352498819856241,-0.0031680077005518496,0.0018881691823809093,-0.0072913567470115825,-0.012893830027016797,0.0004112582056517987,-0.003366960013853404,0.011888515770836496,0.0018461473454536772,-0.006278571195354096
32003003641,-0.03337398483735637,-0.0032679584183011885,-0.008336905755005113,-0.0006810304379530509,0.00804067796217499,0.00040770273651336117,-0.007343285924765807,-0.0020939854271047184,-0.0035123041565255273,-0.013300808024909646,-0.05507535613922143,0.0009301298092958402,0.0036578696424519825,-0.006399006879069795,-0.005558171310105836,-0.004834166276388863,-0.0019419318869087303,-0.008810114733370428,-0.0337547964676851,0.00032618172920730265,0.009503575703773803,-0.007172094356645493,-0.02181381682170924,-0.0017832874442256,-0.00620335653071227,0.0041172077920574,0.003959552542159104,-0.00032920278074593997,-0.003941639495211058,0.018223552119717712,-0.002976570313636633,-0.008251105190205398,-0.0038622349087775966,0.0014766224810896726,-0.002793515977425058,0.019114606321584345,0.005150331431900768,-0.003768838538397791,-0.015467688396997734,-0.01768983110959932,-0.004081314733586861,-0.019215919395205127,0.001995700682290591,0.0016023063353698644,0.005219775988344122,-0.005166458042344996,-0.0021085567792562434,-0.006929819669635962,-0.007769628928214891,0.07221594042232866,-0.0020509579858655814,-0.02360488312617119,0.0033748437051445207,-0.00863658396802243,0.005918727945988817,-0.001398783984421614,-0.002209544615658893,-0.00755728644768299,-0.014215694428568655,0.006738557294175767,0.002904047454656617,-0.008895536921391063,0.004679803277767947,0.0027705283517711196
32003003638,-0.039678889113394816,-0.001469847238537599,-0.0016910106065369805,0.0023405463625703437,0.010774145163906148,0.0007089627001559464,0.004826240094497858,0.0004704829570943739,-0.010116999451070283,-0.006313007792901112,-0.0062662040396628624,-0.004819169245870443,-0.002857582559827385,0.0012596850871206865,-0.0020261831037410053,0.007720594615207433,0.0008328931182564388,0.000844247577660448,0.022131598126979683,-0.004585948711869461,-0.0003112638673750756,-0.0030016032775029735,-0.011925503345646874,-0.0007166276539915548,-0.00223647829026589,-0.001769312587145029,-0.009342464803292386,0.004752699481608528,-0.0029351243024843547,0.03259685289796989,0.002188257979702473,-0.009899466965574439,-0.00938204087141524,-0.008941773923091569,-0.0042737190468120105,0.022405154095103172,0.0019808364573011728,0.0008330607474815682,-0.001559188821435042,0.028184639250018077,0.0029563504302585406,0.0017175997179939408,-0.0027159385309206514,-0.001084595658204086,-0.007989860457415957,0.0036905715201269586,0.0001917769705791463,0.0015843013759292322,0.001978871055722059,-0.12859969673501886,0.003523962647896776,-0.008936252539894503,-0.005819957515661406,0.007808769552784234,0.035401955817165515,0.00040176892709817996,0.004543633119413497,-0.0005650620194144628,-0.016753084089253977,0.012540863608230429,0.0005929834899313645,-0.013356811778928458,-0.0051426116332283734,-0.003863789796040184
32003002976,0.07848152875150582,-0.0006544685850917211,0.0017896606389344418,0.0010947164677274305,0.011710898447944007,0.00703617645364238,0.004348586412407398,0.004969959333766682,0.005130648202840523,-0.007581937755463516,0.014460925514864992,0.004855492719116588,0.008516603482577862,0.002617212064306308,-0.0010310087546101766,0.0016040450594835792,0.0008117564937515236,0.0018978078599692894,0.056601208892361976,0.0019979510988196447,0.009884702883951123,0.019165272527144804,0.002401149270461678,0.0033863281040539153,-0.0017778700264758159,0.005978766883025373,0.013449975107439121,6.568610086937791e-05,0.0025486897649724363,0.026451451459939934,0.011843925602070086,0.039721298129775165,0.022139887042096466,0.0030343663251674547,0.009311595093390348,0.03475491313340285,0.013955423861339793,0.008761427127656693,0.013764847181355717,0.02939627288418652,0.0017805036173160107,0.01242601629970691,0.00216149260279529,-0.004197676176742826,0.044609938903883685,0.019219201187095566,-0.0015161402720311264,-0.0011916651686861373,0.006281751625661529,0.10226611827405405,-0.0009395012006147174,-0.012480733202597617,0.006859263666026153,0.006724405659447285,0.008045031387196805,-0.0019928401498457925,0.005322658274769638,-1.1408760233564144e-06,-0.0036718809788618407,0.011371553572692735,-0.0005502395715458536,0.004157269897863064,0.04025121277332719,0.006327578626904751
32003003233,-0.02955706430063545,-0.0034213347458712357,-0.007949377967624223,0.0016970291633789949,0.000559261235132424,-0.00010066341868706262,-0.011190629347945232,-0.003030806427939218,-0.007079826913840429,-0.014963936689482439,0.01275103415335399,-0.0002798539348396107,0.0017060030464832222,-0.008803802098000111,-0.0008136225525193677,-0.004462347615534549,-0.006484911720329758,-0.003581273634558903,-0.0740856221259174,-0.005212058262887006,-0.0025044209095763784,-0.009096792333879127,-0.004518832255408563,0.0007622994550990957,-0.003461826937628075,0.0015754488312357741,-0.020014747022381155,-0.0030161696343493313,-0.0012091049804694878,0.011502098689297349,-0.018853482637205175,-0.013617537600639582,-0.0048894346528193305,-0.005535289483152786,-0.007398831432798091,0.008007010094043495,-0.00048254116385220254,-0.004069978180941779,-0.020523325949686342,-0.0008033849123347056,0.004033778317282664,-0.023424630812790757,-0.000662201794601285,-0.001678825565513194,-0.010782872188749728,0.0006200710565830662,-2.4767451332900773e-05,-0.0027579714818384213,-0.0016666592080414459,0.07220806595573771,0.002725149758593105,-0.01942346615515396,-0.015558060329472706,-0.0019939784135926857,-0.11650858000645675,-0.0008351492932662223,0.005847874189447717,-0.0025453854359503503,0.006409266493776343,-0.042238270534795,0.0022783298671859267,-0.007689632692762469,-0.011743169067788934,-0.0038696421075270727
32003003234,-0.017048607640673882,-0.002423707616076294,8.645671649916583e-05,0.0031962247830446427,0.010418296403735528,0.003620356394733749,-0.008047085311845375,0.0013498062867220583,0.00024259066520321276,-0.011273345445978286,0.01759643966126006,0.004643340845787708,0.003970962981930815,-0.0053072482518553106,0.0035840611144613956,-0.0006867096952247487,0.004650477394541105,0.00634584565954768,-0.021119798236232185,0.000642217989003829,-0.007580287447452973,-0.00980972640187896,0.05395971927364814,0.010392093926885174,-0.00248663807477219,0.0030104613460303666,-0.013106317716658482,-0.002459173020484621,0.000717573098834292,0.011626755316027861,-0.006288075988135831,-0.003736440535135754,0.0028008883602709624,-0.00026481558616200186,-0.0030401581192707676,0.03480688877361233,0.005732816680116222,2.652181200050633e-05,0.008701990700679615,0.004498119518209608,0.005031009694343473,0.017925487811477667,0.008262891481558482,0.00529737001456354,-0.010256782281351007,0.011846558707086579,0.0008978926137415824,0.006519543358559633,0.004966141028011475,0.11961336105705099,0.007232059547227647,-0.0014194782596153818,-0.008399394270030875,0.018045259809543773,0.04007194931058167,0.00018595963152069622,0.001620255163157866,2.3428346772858638e-05,0.009071177689933744,-0.032267277686130365,0.006194930715639396,-0.0030558234903428866,-0.010280718594201205,-0.004090173323224335
32003003428,-0.025238695471690685,-0.0011792406504843624,0.002791955984206277,-0.001842371083030363,-0.016190583831401123,0.0008185955298632969,-0.007840369051587059,-0.0005692214646704253,-0.002403424293636947,-0.017640906252047485,-0.01823818313193215,0.0014058982400536127,-0.001203379991886003,-0.014063153345202884,-0.00405774324473364,-0.00897447143617939,-0.0056184262394529325,-0.006940594246779872,0.0011834927170320708,0.001118132595649214,-0.012231838550555344,-0.00014656357775442403,-0.014968978963211747,0.003109521377866608,0.007019449805761928,-0.0033156094937182813,0.006011563743536442,0.003620630148694588,-0.008491244100596132,-0.06773649202326737,-0.014606362546459688,-0.01286805084426351,-0.0069977009603881465,-0.005365648998428901,-0.0011173901332682111,-0.029571063651667447,0.007204139316515236,-0.0040028187602894495,-0.01608456939075209,-0.019894541524980304,-0.0038788585533987736,-0.0015963569064875844,0.000921268736925523,0.00324741361854024,-0.009358278512909508,-0.004285863148889093,-0.0003290434081320949,-0.003935755622092482,-0.00091650456499039,-0.10162803616882277,0.005194657119947113,-0.012976922973932546,-0.005115302175468344,-0.019819028854938858,-0.1183257545845382,-0.003402746532948511,0.0016879249858210176,-0.0049858832087279845,-0.0182838606321288,-0.052548373374376726,0.003801756822333987,-0.00816309540361127,-0.050139746330008124,-0.00027842536193473186
32003003617,-0.0030766531476116334,-0.003544161690883436,-0.0024851015003677984,-0.004168388968401883,0.015542749891518763,-0.0015979354687899164,-0.0019484977072480683,0.00048526509857130137,0.0005450399331863175,-0.019920934455857093,-0.019701555617983618,0.0046146731775138184,-0.007988208095239131,-0.008458945359638247,-0.001975955827048877,-0.0008219685564456638,-0.005121393802908565,0.0008769296954413601,-0.10478098805297387,0.002208385112603731,-0.0007930364206702358,0.02130998456182069,-0.16793563132336548,0.00785861421291933,-0.0067693933391021295,0.004740754978764427,0.0022816854067270066,-0.0007551333398793542,-0.010619732148456474,-0.08572010930852274,-0.0016547256122088426,-0.007199938602103478,0.0011795303646786712,0.015025714082833853,0.007299822889688112,0.0004066412877433242,0.006434846412168836,0.0014862328541443378,-0.02681748360586259,0.017820212658496138,-0.0049275517732307915,-0.01866386514157592,-0.0008571855697701888,0.0006739796160047601,0.02028761777060199,-0.0013774800343071322,-0.0024130782782573004,0.002275571758305344,-0.001785286266892224,-0.18784812719424407,0.003278627323188745,-0.01528011143023669,2.7010710819595036e-05,-0.10198911159389593,-0.11842756201670827,-0.0067759790756872895,-0.0007279521567199866,-0.010460236983919612,-0.013970081194477964,0.018617934404660474,-0.007401379361370558,0.007983156970298244,-0.005659790000595205,-0.0010471743604889589
32003003639,-0.04054861822798309,0.0018835313218221825,-0.004325870612066863,-0.0002882105734669896,0.007295994588193599,0.004356425374631353,0.0013620479417232139,0.000801036731557623,-0.006616548187187524,0.004241895663590812,0.013281865114776723,-0.004024514229040032,0.0014874161820657148,0.003038775162242267,-0.0014382479974613682,0.0015471154726169846,0.0027027570826348604,-0.00041005744452346136,-0.017562222427601432,-0.00016666098467386144,0.01292641921865824,-0.0006335542629227699,0.004256775711740373,0.00096645723993689,-0.002112843641567491,-0.0002862439173154484,-0.004608778052233347,0.0014278518517339318,-0.0031098207663426557,0.021494395492206105,0.013426203977673681,-0.003335048032505724,-0.012125090697954956,-0.0017219296402152427,-0.004241437897413406,0.010548947139733988,-0.007878039362517159,-0.002543792998136917,-0.01905923967347439,0.029323982817776324,0.001411750544712624,0.004512111615526223,-0.0013614334115417714,0.00178596132012331,-0.00765662639312578,0.0025835413801787964,-0.002543260376114829,0.0006809841367820959,-0.005930902583610917,-0.05208154421594554,0.0016392831344947904,-0.005478480558430068,0.006302721215890746,0.01395630403114319,-0.06671427034378778,0.0002777753157054353,0.0006629898983224122,0.0010418364983256043,0.007834008972147227,0.016628441336007223,-0.0012817461651035702,-0.009546719442466116,-0.03668659724108561,0.0027678550123629853
32003003636,-0.06694022416961787,-0.0026592310247366656,0.0007348325441664252,-0.00038548003954736994,0.0038023007651433,0.00211194722433715,-0.0015502574966268835,-0.0016332738673553828,-0.00535521787072673,0.020989822672276892,0.018959570361001436,-0.0016969368760163396,-0.0011054343574408612,0.009803676870221727,-0.0032030496440255984,0.0035429170562001097,0.002694616233208007,-0.0035209978294024544,-0.06285709377886237,-0.006634378043533378,0.007301335770691334,0.008096659104896787,0.033610516507232124,0.0033324319395977202,0.003779365566252778,-0.005835758711795153,-0.0019217330763127173,-0.00206500786128013,0.00024475443506137356,0.015490510460750312,-0.006215314852519003,-0.020638288220172538,-0.005571448152288713,-0.0010570720816478949,-0.0046728812474159526,0.0034540419212050442,0.002658498533443555,0.008015958134424187,-0.019080826004633178,0.0009131390914282702,-0.0017710411096917315,0.010664572709217399,0.0017691554522984538,-0.0010682791392244238,-0.00012165598255111038,-0.015139216168937326,-0.001418562878523483,-0.0010685184483647044,0.0015255993958376572,0.09679547143328114,-0.0059459232706478024,0.025218686364853637,-0.018012975437486284,-0.009174993849556036,-0.0010793981319141208,-0.0006418015183604829,-0.0038688990436443926,-1.3068950488906405e-05,0.01703609944778451,0.01773984431176839,0.0006605636931847454,-0.010605478759373142,0.021592153846732284,-0.0055309341785535855
32003003630,-0.019946503849180317,0.0030752318658926235,0.0031097168466867253,-0.00025780327203450487,0.010905454105666368,0.0015006699447335638,0.03718782665779097,-0.0009436339480836499,0.004391762930953926,-0.0018542342894310032,0.004229742952999593,-0.0005857919309869664,-0.009629408961037996,0.022589471507596822,-0.003120402298807302,-0.0028608395108349234,0.0026050510158934026,-0.0059570073397457735,-0.06980559308348488,0.004833456247975795,0.013979111619375439,0.024533930170871833,0.0198303310702601,0.0034138148998639575,0.002057580853416418,0.008260273383409024,-0.006853578248588664,0.0030420258144968145,-0.00010919479947916352,0.027353024847013702,0.01437756473570431,-0.006121054043766041,-0.0003944439353911858,0.00627862414283923,-0.00017837619926634485,0.015807966125813776,0.003963085598549875,0.001850364108587738,-0.014120730785802145,0.028746443511499336,-0.0003102372641696334,-0.00964041010627975,0.005192233894307541,0.0061193605008319435,0.008004279007515228,0.013056067969132428,0.002422030452932236,-0.0007952696311819857,-0.00895370297965678,0.06881701499901789,-0.0006739033751152116,-0.00601330691243457,0.012643858700797136,-0.011258545392159602,-0.05788125066603311,-0.002688937098680101,0.0055285119908146186,-0.007997081773036147,0.0027071423072411198,0.02560493442541699,0.0009132883748667847,0.021032026128965254,0.026525893633603848,0.0022074346916403976
32003003312,-0.08778683240725402,-0.005598455778778149,-0.008114690423215207,-0.00817800312880395,-0.0017616925178874294,-0.0057665387894538294,-0.008980596495807467,-0.0025873265101975696,-0.009325888815810023,-0.006126575924100099,-0.05174568807441979,0.0011536356887511534,-0.020160333811695914,0.004143189578807325,-0.013571057655568229,-0.0033869874695897787,-0.0030226853403146335,-0.010727061170050298,-0.0921269066893113,-0.015171140880421537,-0.009795581645987065,-0.009002778889461018,-0.006423893170266846,-0.008947631831183646,-0.0046790902148918945,-0.014088766168229874,-0.0019385075555166586,-0.004205622326171176,-0.004474735658014209,0.00613814939702557,-0.021190219581492916,-0.01191283609387392,-0.018885111888772645,-0.0011855756532621632,-0.007236741375343451,-0.010639074241973832,-0.0041089376771909596,-0.0076343864456114244,-0.04819201303073154,-0.015063338603405398,-0.0038965956588470994,-0.020731569227076117,-0.020265929167295568,-0.001625568167545405,-0.00403292678442059,0.0008395822694885758,-0.0011588868943868639,-0.008662543685555437,-0.004404687592018243,0.04272060776566196,-0.002798056586280345,0.013361648996704997,-0.009550889133984353,-0.052304217890349745,-0.10945885551562307,-0.007715599752627859,-0.00676421389095374,-0.009741982759164951,-0.016469156452609872,0.011918456142715158,-0.003171269988499138,-0.01794414416721524,-0.03981427877109177,2.5476613364033302e-05
32003002977,0.043442531551370275,-0.0004277987022059286,0.007079574538301559,9.147940938990825e-05,0.02647705292058419,-0.002400703718973781,0.03760914186058004,0.0018269230719646608,0.010978920391846735,-0.005141768776880666,0.015037935407103437,0.004044482897545711,-0.006915800602364629,0.03729867707861391,0.0003113951182631364,-0.0030094570772715348,-0.0021410296575100998,-0.003834059569897085,0.05576183706719886,0.005040403786295856,0.0038015148183958404,0.01701570584081904,0.042681434993111424,-0.015411274636377816,0.003217957715912025,0.01050947872750592,0.0006115239509072324,-0.007202202088580499,-0.0019302527511054093,0.02108599468707464,0.016266316865988784,0.032119875987058566,0.01539146342942354,-0.003961266035863771,0.006073837631793848,0.01315678105586468,0.010580535475542071,0.0072672769946439,0.022440690558228386,0.0167574810755164,0.0052772712410841,0.015420029772182023,0.00015302727774730253,-0.0021653421928412337,0.033012028224197486,0.02581590113064438,-0.001241587202636042,0.0005608504029604937,0.007295050809792383,0.06402001180741236,-0.005701382686368521,-0.005299051909004872,-0.012148044841872927,0.003037264406141225,-0.085272360392937,0.0036195204604789616,0.0039356009807273926,0.0058984453025056555,0.004033238796728352,0.03626176507240844,0.0016575984160081862,0.014792578499264677,0.03268488527742305,-0.0008652988026150221
32003002982,-0.04164744675828706,0.0022278870517641863,0.005400625435874059,-0.0006111358223429527,0.01466943358373952,0.004457823031327491,0.009608609974425072,-0.0043326911967048075,0.002429186273727455,-0.0015466811489817972,0.014822656169834471,0.006165674064117189,0.00569524473629688,0.004268288055609993,-0.0008039709268790072,-0.003702602040008254,0.0009311645037762215,0.0003778427634879585,-0.006071238808897516,-0.001250220027281876,-0.0003237290527389076,-0.0038999295193748325,0.05887093971863943,-0.0022577141134589077,-3.63667017858698e-05,0.0007553849602726073,-0.014355276310925376,0.005132363348832438,-0.003637542240743188,0.021227036149156248,0.017074262356780265,-0.004881472875732263,0.007186516117925098,-0.005446628828077616,-0.0012073301836340753,0.014801644001624282,0.006315794721341048,0.0011253408175687055,0.0023015394862864135,0.04266731956189201,0.0012869190725653542,0.01802321056821612,-0.001821612076176222,-0.000903401769464818,-0.004615600802498305,0.017618693993070502,0.004256231567715002,0.005321344636998977,0.01018979817705008,-0.031130037181428722,0.0011531441185288769,-0.007245572919026611,-0.007894964583112089,0.009379901550946847,-0.07310943902875254,-0.0005320984331830476,0.004901725448853926,0.002779067634771992,0.004252676484536154,0.015701252886977123,0.00024860536023353093,-0.007925875867791171,0.03583956798953696,0.0037960245400662966
32003005822,-0.04190843079602412,-0.0047286727176128725,-0.00887624672460484,-0.0029680833570058522,-0.021274979410265755,0.0005508875552643951,-0.005947022824556093,-0.0010430083127706048,-0.006355974040798242,-0.001847934686555984,0.017064732120710985,-0.0008593146909646256,-0.0009198779364941452,-0.007734142134894138,-0.002792907465661007,-0.008763360168729216,-0.007669547317651936,-0.004298864954498373,-0.07912341679940967,-0.0063992036804303,0.006906179764820763,-0.009443184617889039,0.03009370137881139,-0.0026705803447963487,-0.007292520057809419,-0.0022989821596673533,-0.008833763952593979,0.00021798186844176084,-0.0009819456678121048,-0.049835410751735205,-0.015187828339354453,-0.01855230092839,-0.013218939353013898,0.001478274567724567,0.0029150274115939422,-0.042874826812521596,-0.000892618686319345,-2.9152516870368295e-05,-0.022286065162467998,-0.02970232232345179,0.005847293344638507,-0.036252603449375954,0.0018889886096291135,0.0011127004244185265,-0.002599648415849951,-0.009751188923085068,-0.002534242052499053,-0.00847489373009217,-0.003737303715464275,0.1008285852285472,0.0016427457553696606,-0.033168324153041204,-0.0009062234954383395,0.012752900394874953,-0.001701936034967618,0.0019167493910726748,-0.004091825462685026,-0.005408161728044111,-0.017639110955514372,-0.03400408383694463,-0.004701238905864742,-0.011324792309863739,0.012302302354161791,0.005976303687225435
32003005841,-0.005273611231402831,-0.0005865220658865285,0.0006390980694990052,7.66167156944039e-05,-0.011586739791208151,-0.006613325336728206,-0.013270582592071622,0.00033481086198318367,-0.006104904459875227,0.020876500975157714,-0.09141118483196581,0.0036241026533661443,-0.011820134592366608,-0.0023730038262794444,-0.004945119018369889,-0.009669628718217898,-0.01723121847996904,-0.010632464662736759,-0.01442412261941952,-0.002636230267955937,-0.0035395398567187254,-0.006620294032557409,0.018818169749133556,-0.0016321410214808524,-0.008296684824109932,-0.00022517893419549153,-0.0014993876313960316,-0.0012484295996037919,0.0008299102281958832,-0.06498660441879532,-0.012078343457009576,-0.0174975679077144,-0.007892309662213924,0.015595694839256713,-0.00770293369283845,0.015116431875439491,0.0024229345463441026,-0.003367141488826212,-0.07891795236255536,-0.028646685233562223,-0.0038965596961530367,-0.04765831285299706,-0.01022139779514158,-0.007259754154378082,0.0032571855371856186,-0.013969679105687636,-0.00033851570849446807,-0.0018978166481325412,-0.0063125456212771505,0.011287700356130085,-0.007553229388992184,-0.03919896669710773,0.0004955301666087368,0.07264406983444566,0.042331204558762645,-0.005284037792164911,-0.007903420965864055,-0.0041082631094133916,-0.019829451900857515,0.011856443846976076,0.0005961310751362386,0.0055207189423007175,0.011851617113147712,0.0060735303547738975
32003005842,-0.010402315823404128,-0.005626683204957514,-0.007727894479561499,-0.0016455362224762418,-0.04885453928209847,-0.005437266446159716,-0.006410889677796643,-0.017068486882776887,-0.00772862709707748,0.0019428399169242494,-0.09766650761979048,-0.001710670277253525,-0.012788007244362002,0.007431927272582019,-0.007559311062836938,-0.0067987544902073545,-0.023788939096066067,-0.008852408236116504,-0.0528738668015961,-0.006283333512468259,-0.005868617991881254,0.0020246517720708787,-0.00879951341476067,-0.004702340842077501,0.005720430712853344,-7.439419781120584e-05,0.0005060025733640467,-0.004663960097780624,-0.008029448178168953,-0.09060706850344045,-0.010991785728544194,-0.02606149632506211,-0.015600642254859402,0.012460042334876978,-0.008758306544506145,-0.016766866402518496,-0.0013896995678054104,-0.006745157787878722,-0.09963360053954118,-0.013827323164552598,-0.005988301487035125,-0.0637857046622413,-0.015315318428855192,-0.0018480740120085813,-0.002011540312933306,-0.07472034754972008,-0.004480208506941069,-0.003480034029635675,-0.00431036026313057,0.00017334820945766945,-0.01902805430667071,-0.04397981091437203,-0.003943265068755688,0.008301280055275265,0.015759772072667134,-0.009449627384957351,-0.006671250569656907,-0.007955654728697904,-0.03414215609154093,-0.0032413074919928663,-0.0016782236186513129,-0.0016311004439792402,0.00978292038644411,8.870971227640624e-05
32003002821,-0.01751375738867936,0.0002899505138878057,0.002369435051037095,-0.0010902495878667045,0.007323391936327254,-0.0014728896474685749,-0.003235344127169853,0.0004883503126226757,0.005901041355308943,0.002874690960204993,-0.013292781362371497,0.0033070075838111464,0.0021894888885009745,-0.007199134603936721,0.0022162806465672808,0.0014533655358412235,0.0007102563362308727,-0.002845762077721461,0.05260815326922128,-0.005237110493347531,-0.004471791039293736,-0.007143521715112057,0.011506017884001142,0.000990844001320036,-0.0031790993002719426,0.0030117412102439174,0.003207475346445725,0.0018501000718957172,0.0024954075561822693,0.028718557544762283,0.0029338437146177302,-0.003996218769580881,0.010236928956235274,0.00413229054817101,-0.0005325891137424329,0.03937250889842335,0.009388803918298534,-0.004261809077572745,0.012679441588149801,0.025380255263032656,0.0057789962535393135,-0.002198183299288044,-0.0008160013604691595,0.005114530101928693,-3.5126778408735326e-05,-0.006015851579379993,0.0024756481913434524,0.0015529016258925424,-0.003912637601164116,-0.020590008206041014,0.0024520533633484655,0.01360785379162934,0.0075681389612746895,0.015631945383710318,0.0599325179152988,0.0006760154158363592,0.0037564424694197978,0.0015715577585300364,-0.009963851144077683,0.02966644444503741,0.0013100059672030376,-0.011758762490602448,-0.0007624776336374087,-0.008618492218909032
32003001801,-0.01622407189985106,0.002889656472955809,0.0023565460723373103,-0.0009895807500569383,0.007340241269375358,0.00048494035343699425,-0.0018845123084266936,0.001426519842033867,-0.0015279915079450454,-0.013799436529364552,-0.012247203429693588,0.007999259621739089,0.0005610843978686136,-0.008648785387187519,0.012389642664034787,0.011573273735781913,-0.002804885652868784,-0.002355330967818206,0.016813834580253522,-0.006943452509923176,0.0014899895489659293,-0.005433104292367195,-0.007547166757990877,0.004347418077120839,-0.003155263395648656,-0.0010054542140875923,0.009812825988901819,0.0015874323977615509,-0.006879221631729944,-0.04923791093239569,-0.006876977630359177,-0.007719419998033558,-0.006840377833230694,-0.002857775342220639,-0.005697908441180178,-0.026176809326862484,-0.014938778253262727,0.0073074142544874215,0.03779701789709449,-0.014286643658181514,-0.0014439562965648176,0.002582276623679479,0.0012005600231277493,0.004908747831391167,-0.014621035114653753,6.249296560724122e-05,-0.001234372173033884,-0.005839686219694886,0.0018370325788433996,-0.12525966565619534,0.0019987821316504242,-0.008152626493879832,0.0030687692468220466,0.01749522357028535,0.03828129904156764,0.00710486211397531,-0.003242428640104831,0.0009139090893879626,-0.015100570011359327,-0.03729140352199671,0.011705674568439545,0.0001271813294852394,-0.036008705196226315,0.00029597422587597895
32003005421,0.01891647140255475,-0.0016543791572423319,-0.003803647908859363,-0.005441594047430687,-0.01673365826876894,0.005233476406239238,-0.0046671692509152925,0.00017328892563109194,0.0026983218471095085,-0.012590894262726506,-0.01816134954699253,0.005427635645157275,0.0034226726864782027,-0.01437162380943222,0.007810090122650408,-0.002565869188184553,0.002662251989635568,0.002411951430668132,0.006263681980183527,-0.0029157036589901645,-0.013671651478943713,-0.011745490950099882,-0.01411166742925824,0.006971060602593795,-0.008764176930343719,-0.0011321257097531125,0.005074636373331844,-5.030988875158907e-05,0.0015753893303210728,0.018666569907268227,-0.0014883922328174854,-0.009304206400118092,0.001656737954162448,-0.03673672704246312,0.000926581260026428,-0.02623202654715971,0.004632577811385514,-0.00539122322017801,-0.00923981627402429,-0.024535883598012957,-0.0029682343207680815,0.008478666482822455,-0.0004484821155590457,-0.0002525303741565422,-0.015266934434965854,0.0022701387059915284,-0.0015132992200359986,0.0038449118167344304,-0.004626809580802155,0.10634931217011473,0.0007297023847942194,-0.010881400217098063,0.004122273188512373,-0.02833601360021732,0.05001893431864091,-0.0008968811462875562,0.0005721556524141082,0.005150207176442266,-0.015837637648383807,-0.03332420748844023,-0.00042988023501125156,0.0009608929564699165,0.01933226982392576,-0.0008850347065102438
32003005336,0.01976960778773605,0.0018387558424776437,0.000504610025053433,-0.006043510357631086,-0.012085089884076016,0.00284486682576263,-0.015548610395167155,-0.0006314610726834658,0.00410219681183393,-0.012055633864440777,-0.03782509510493721,0.004652033100482195,0.002884880593118941,-0.01419221106920839,0.0017002237770370884,-0.003356252102537467,0.0013221250244558203,0.0028804163349197168,0.025730098073621265,-0.0006546057596851652,-0.017568846585638363,-0.01704176501277181,-0.006431925835001153,0.006199449107403432,-0.00953845668034728,0.00020711123449686163,0.007850796518621674,0.0022295521390715755,0.0013099239178388403,0.014798069937424907,-0.003789854840919577,-0.006843831017947889,0.003970533209179945,-0.030315527003751126,0.0038016972936687423,0.0006913521750700716,0.00529269808540641,0.0006486393047556383,0.01866960563184447,-0.019596205511182466,-0.0014633243343207519,0.008265198483910573,-0.003666948025727408,-0.0013366451871502723,-0.008158465467269768,0.01026960959008411,0.0009423359099899897,0.003329659383687101,-0.0014156279971371945,0.10625188808124608,0.0043798918879393856,-0.009172348131340399,-0.005094467229182527,-0.00857956542284265,0.06492028166967828,-0.0007102221107906667,0.0008458327058590635,0.0019262093313439622,0.01831964833143074,-0.03574946947735497,0.0006345030145209157,0.005904071339091781,0.029875894105026696,0.008407107497336946
32003001611,-0.019864809569436127,0.00011279343500584675,-0.006996678578339844,0.0025126341692856286,-0.005689178100102041,0.0006878782507149971,-0.0037216702314782422,-0.003741748086980594,0.002276636372610494,-0.0011760613354096759,-0.01784405520503945,-0.0032715481489897945,-0.0050951133403065,-0.012550409098329718,-0.0017009485763238952,-0.015185382810839993,-0.0014398140124683846,-0.0018248832267931372,-0.017493256273706338,0.00305308523165644,-0.0033001061778388597,-0.011163485951011133,-0.008145041680600896,-0.0014457850715526503,-0.0110097620121767,-0.006563519448560102,-0.0051506620231392235,0.0005341045952831554,-0.004313697606948296,0.007631417856569021,-0.006791645401336967,-0.010161385861309154,-0.013667335130676752,-0.010961612410181206,-0.008992833371278859,-0.03152217442863872,-0.023840518369102268,-0.007870703160707855,0.02236568560969733,-0.014902895539009831,0.0034064099201281044,-0.0023831451350186873,-0.0017140071805895694,0.0034370258418537705,-0.019609708815750016,-0.0042312302847550025,0.0005401763080660737,-0.002300165429149404,-0.009511052309384383,-0.17809184323314747,-0.005511545191182048,0.007173676355490098,-9.091841999065509e-05,0.00504374979436471,0.027747479615387857,-0.0038000056090537826,-0.01931231652216654,0.003374192329306476,-0.014702571446260129,-0.03173448837565569,0.005330537686053472,-0.001214981328043182,-0.04969298816379218,-0.0016760422755460183
32003005337,-0.014663176877017865,0.002944690329900189,-0.0001240082282420269,0.0019699201600187704,-0.007253125072419365,0.004570584087722312,0.0010057613713600451,-4.7345707433084465e-05,0.0004506966232712852,0.041148861997515634,0.034878148813765615,0.0055160408662215474,0.0019766858617657483,-0.006300373082039925,0.00021846868166472188,0.00863819911732306,0.008538461187247812,0.001883104441412973,0.00670868879027346,-0.00014890372187408466,-0.003493408883223007,0.0016220318860626927,0.06594682178709947,0.006804740729280333,0.03820299018208337,-0.004412758901279192,0.005853660545021335,0.002997198538044666,0.0004630519331497829,0.007994779039315145,-0.0049486424839658575,-0.003531878660162105,-0.0031962486069936884,0.01363772871837128,0.006294272770266132,-0.0108887599057188,0.009365705048159687,0.02015609492614091,0.010215756228962125,-0.004066335298554937,0.0025726867984704944,0.01705600230236563,0.005829280271545998,0.012492253730300381,-0.0061963211357755205,0.010823686027231412,0.001461212978649521,0.04535234796048672,0.003067459960603319,0.15357437443390964,0.01196525937903039,0.04075625427251088,0.012346790668252228,0.17150052510318614,0.11539781012754437,0.008733871906417685,0.0001577296814124268,0.0033467906233661665,0.022186365326288888,0.004134169268313169,0.0049198840467577195,0.010562930079110647,0.034718015813728555,0.005679366387133154
32003001709,-0.015621959128217053,0.004821190366608511,0.0032025131642905704,0.0007280588692598858,0.014141445769577581,0.00547417012654189,0.0013827938994707839,0.002227047839098791,0.0020915996780849996,-0.005882091538132484,-0.014199763534589247,0.0070678654765284135,0.001879233518435896,-0.008306814610593736,-0.0002244209843065467,0.000151650593827624,0.00010429062079756043,-0.005433123972484024,0.03274728470228279,0.007774493661791458,-0.008221933130377324,-0.007039390429549253,-0.007008436215150742,0.009995232689311413,0.005244524944960548,0.004264088941516107,0.010222256528047124,0.0018779467389294171,0.004218155738566278,0.029461136006587358,-0.00047163058732855874,0.01686393435645805,-0.004889462778002805,0.006044868764716742,0.007516600260416497,0.017422130072324946,0.010670936154224257,0.007203512927762793,0.015411160218444376,-0.011699572969131782,0.007024552950401885,0.009695840698884267,0.0046502487199397485,-0.0020870504939929676,0.011621991542898301,-0.0010756929353861531,0.0023090453332285737,0.0013140322401262719,0.005708565822163085,-0.07925546633675735,0.0025948492255568997,-0.002228188881216909,0.005007847542089751,0.013088602837235036,0.07962045249164691,0.0011937810693785614,0.0037439284666082135,0.009911033938979324,0.02083075049102837,0.014371731520188736,0.005950331355993077,-0.006793969330180006,-0.015196142138807212,0.00017383402957771895
32003001803,-0.014823072535767007,0.0028610711348298406,0.0008380870029776235,0.0002597288941300718,0.0033462269668552737,0.00133777951724348,-0.008819091651953834,0.001822022470223196,0.007477279503391001,-0.00846768861293646,-0.008704578611308557,0.0013689710640210275,0.0006445535486579915,-0.008646972888249288,0.00666176046646146,-0.007303578122242645,0.0010066025216916717,-0.0002413746839244194,0.03505624233102318,0.01062368181398146,-0.0057222232164242355,-0.001873812694306623,0.009010043620394863,0.0002544238961766047,-0.003828842505362179,-0.0009674631657064809,0.009310988485095196,0.0016590652152250838,0.006337894416196573,0.011371535559524096,-0.00592919190420828,0.011104425644291985,-0.005134570316007422,0.001879602818609125,-0.004548623880770295,-0.01961570891800846,-0.016501483626104752,0.004764008547525824,0.04248156475104823,-0.008498147659198735,0.004875130536557548,0.0009416125151466201,-0.0009977563264052778,0.005649560812536517,-0.018252046499803682,-0.003978516553436421,0.009595227767106081,-0.001288228454123129,-0.0008112570970300905,-0.11046974386710237,0.0028134654613879376,0.0006053629864498716,0.004798547731900169,0.010730736463582238,0.04449076013400388,0.004365400176544215,-0.00809186950706625,0.008854902615659285,-0.010862372444065228,-0.020685868331268925,0.010079760067157892,0.00309167718238552,-0.029588475735421668,-0.0007817985432242148
32003005338,0.08156631404998392,0.0012925418145618526,0.002884635809368203,-0.001658011913197193,-0.0123050104147582,0.005073997434878724,0.0034043639861870098,0.0028241590973487507,0.0004514678653727772,0.05038635507098854,0.016797299139541567,0.005368275562424294,0.0017889098387272346,-0.0016170399455886831,-0.0008532987053935947,0.0220343620299614,-0.0030994825065164453,-0.0004574680626496543,-0.0456887622858744,0.0038625929780994822,-0.001320338704689678,0.000983576952021987,0.06093321220053211,-0.004286013141698113,0.028510159551161627,-0.0017437943979522876,0.01334715431869714,0.0028438519521604253,0.002105786580006409,0.009961524847516287,-0.005695217410842426,-0.008127947186618325,-0.000677301477625617,0.023026699287234,-0.00023197210861341212,0.007930077185028323,0.013595536108394575,0.012835340186005332,-0.017474023063691228,-0.0038972315133768277,0.0014078304082972665,0.008864055433071272,0.005540210651113657,0.010553639500158505,-0.011880680040799459,0.014666959987227385,-0.000881615137652874,0.00023089115715054087,0.002257183822361319,0.16670122668907056,0.018129934747971112,0.03716743979659379,0.009617478320850744,0.13287028197044837,0.11588232757716298,0.004965087493337819,0.003608474032319774,0.0025707899240588056,0.0194211159956125,0.027491987974610135,0.0051819540405480535,0.010852395454897376,0.049074724893899295,0.004664966953434526
32003005341,-0.011909553499529962,-0.0008395824355446862,0.0010440301722642173,0.004644990912712628,-0.0002589629849111382,0.001903606262400822,0.006581736486735819,-0.00034364220854655065,0.003493042539315747,0.050630233406774486,0.03352901414252874,0.005577173195641625,0.00474097779371578,-0.0025149869547505216,0.0005596536093750796,-0.003667818578887554,0.0059847881313221645,0.003915203203193828,0.0260239984243507,-0.0010350322429595953,-0.0075447608017028345,-0.00913832105945009,0.07832368014041222,0.00503023029582696,-0.0036095293855842843,-0.0021628806257240354,0.00507054732612741,0.008140592463683404,-0.0024426743375901986,0.026081569720332723,-0.0011004782524086268,-0.007887568109148639,-0.00347047429144658,0.00177979337019176,-0.002335731686249175,0.0032159347856041583,0.0070587721989076755,0.012290566966067425,0.024909405010232998,0.009654204367307486,0.005557513316347978,0.02377880161697175,0.001695625628383814,0.0018084022723949243,-0.009059685459746836,0.013000127823401033,0.0007145434872661611,-0.0009667162780436472,0.004802294212663342,0.14014370797444772,0.005717589862171366,0.037279867899592645,0.01154932872238642,0.07189379597878225,0.09694647769469919,0.0004381745262053591,0.0013701580677500473,0.007108386588800498,0.026235666935531775,0.0105158148915866,0.003802137997416672,0.007807512477140946,0.033114522275003916,0.007261194916898656
32003005342,0.012976831287211233,-0.00041773994893380185,-0.0035418803458706514,0.006925543107571462,-0.006774449721880925,-0.0009905717087869761,0.00048433104746834507,-0.000199293092789087,0.007547374152433873,0.02921032638163142,0.03437024629885106,0.005178651865651813,0.007190959486894132,0.0014401768381705105,-0.0010865736813891942,0.000556853131629594,0.006294332535257583,-0.0004672465071024279,0.004201111362301655,0.0023248903352693293,-0.0005093645616706092,-0.00924293159643801,0.025260589918534394,0.002840957389942695,-0.004287320139443557,-0.0004692770337883037,0.003386704715069905,0.003973921397774969,-0.004429717539651447,0.022534895993661392,-0.0021816282662090896,-0.004167829928973443,0.005072374879764753,-0.0019491971153471602,-0.0013797168938953282,0.027695553616710916,0.009022321809025935,-0.001386307397829432,-0.0035224810198320575,0.019581130666950847,0.0025081293222730503,0.015096315718087953,0.007634346550231596,0.002755141339404438,-0.009878954061839045,-0.002897937499843607,0.0011258732121033825,0.0029306850497999655,0.009839954849003456,0.12015535599371822,0.007239476245287163,0.018883826131743706,0.010290104857214533,-0.0015443155883186988,0.0758425815511191,0.003631893701669112,-0.0006173096553285237,0.005804310686097835,0.013929025271216859,-0.0024278821045258547,0.004950164883930448,0.003381239809704975,0.022175964370586485,-0.002316488564930461
32003005343,0.0428678013776815,-0.001537400448904143,-0.0022100901000269096,0.0010329392070070082,-0.01265351651483555,-0.0033968664465787095,-0.0026726900720468114,0.002465094580861815,0.010340878536313857,-0.00996427479699209,0.01977380400854843,0.0039043471186520117,0.013363586363485223,-0.004721822572253408,0.0017126560396146155,0.004987662274720732,0.008902340389312653,0.0030179745983838083,-0.0019885317929637146,0.0018868737315704662,-0.01227090001413942,-0.0037738845404650836,0.034622760581978676,0.0037754885171196496,-0.0028274624802971777,-0.0031003383477003167,0.00773798966234911,0.0013461533833874723,-0.0006387229748652924,0.018818575724649497,-0.00273124707591369,-0.0112132646039623,0.01177032907905129,-0.023656822801158543,0.003640780553129522,0.012210321152353695,0.009079003264737307,0.0064958956618899,0.00018308970939753897,-0.010193577275430101,0.00036917018773123463,0.022879374334926553,0.0013624133026793215,-0.0007304380620739364,-0.008861184868026216,0.011615196692026722,-0.0016306521222458736,0.006121644011485611,0.012165922057586992,0.13037646270992845,0.008409329428395111,0.01687093581873177,-0.007177034311730878,-0.004123848238647827,0.03671447944190265,0.0026972776085164695,0.0021861596063518346,0.005353661714981824,0.016122788434299866,-0.018308794803371997,0.004881312097797001,0.010534869930525373,0.03362778245902642,0.008436379070536867
32003000108,-0.02018961760900193,-0.0037680265987085587,-0.002934148323205834,-0.0038494782371143814,-0.00637339832055483,-0.0025911334362044634,-0.003712665995457975,-0.0042418952795005675,-0.003875575803469629,-0.011023154927340214,-0.01562985690201079,-0.02493525023276442,-0.003448078214099348,-0.008783260868686036,-0.006890167572022897,-0.014593526450112288,0.0012102785564404525,-0.003115742877652176,-0.09463308713583636,0.002216124660073287,-0.010369784934489413,-0.010772269597125468,-0.016942950742358003,0.0017824915459162967,-0.006190643291651511,-0.0008702180567144146,-0.004242824845242115,-0.0022699892350408323,-0.002770704638559375,-0.09469004245606963,-0.008570572678277601,-0.018805918262085795,-0.016126174671712536,-0.010220485472942145,-0.004411863510453901,-0.04078905308067067,-0.030007497238811926,0.0009177703874788349,-0.03743667960892863,-0.017984127637177702,-0.006715691759371572,-0.007984623467347475,2.6821546364667484e-05,-0.0031407225820803287,-0.01643615552634131,-0.005787373278091024,-0.001869659119073641,-0.008348561912884923,-0.003941915749063599,-0.22939096003872864,-0.0007080892105787567,-0.002696066616094339,0.0009387956358767436,-0.05484396152668898,0.022998607755129692,-0.00036197577473322967,-0.006045582706750506,0.0049934042518256444,-0.02164348153823647,-0.056523603735678635,-0.0016484828649853008,-0.0022273257715355807,-0.06386282329627771,-0.007163869411240849
32003005834,0.06402877264464812,-0.0031324172607304856,0.003629191878924916,0.002993001579584895,0.015595620604260582,0.007080099353221506,0.020354002986961047,0.0104234291170023,0.004774035205425496,-0.0030677854958111404,0.01710812746036802,0.006409846114029973,-0.0125161066460584,0.03873856385233289,-0.0007689679294603381,2.2498283517874082e-05,-0.005096364651886254,0.005810752251574936,0.009738682732293514,0.003720229998249066,0.020236161589961044,0.028588399151295345,-0.00733932821596507,-0.0056593930739915355,-0.0003539027969065083,0.0066533191246566275,0.013693105243225645,-0.004891395570219067,0.0005775284741933985,0.035656780041565354,0.006513675874584813,0.05058166171328503,0.014944639967153697,-0.006946126104858488,0.031875844449605284,0.0277940157847613,0.01567024522266289,0.0016058271696364143,0.03883276534710325,0.014717953729118551,-0.0053519175566567635,0.01154144301510098,-0.0026402385952811734,-0.0008036074905556914,0.04396727875547745,0.024170514813311332,0.0007608081247809217,0.0010334657251219168,0.002956697073477017,0.009876489144394282,0.002540121122060796,-0.008264468069539486,-0.008093723900850579,-0.007637478421745851,0.03640311801022156,0.004838045215467927,0.004185248032591318,-0.00760112620130124,-0.003809687796969581,0.03895031486575891,-0.0055537677813743535,0.014225188448324875,0.06364310749931998,-0.0016849651346827821
32003005349,0.028351050722227666,0.007993405713132005,0.013242253917216803,0.003676002060507979,-0.010333607979390553,0.002004871909944348,-0.010608515846261126,0.001023384896114452,0.003048192524913104,-0.01295203745723734,0.0008766810393203027,0.007750863660259444,0.01367829274326833,-0.015988704078935975,0.00413112781359587,-0.0035425912412097586,0.006200225307100083,0.0013437188259161313,0.08221831435747881,-5.8616856834055336e-05,-0.00680598151270185,0.0063981526463603245,0.07900082233083514,0.008220990957180195,-0.0006077994269665214,-0.0003058771098399592,0.007125259389211741,0.006750378237215657,-0.002255142424253788,-0.014076579330090322,-0.00216434186643686,-0.0074905517483754794,0.004802862504989007,0.007990277175614964,-0.0021413270980763445,-0.01154855879247004,0.00913891031365152,0.016364590349771113,0.03436234458829401,-0.012745579919757864,0.007031945376780395,0.015939137627421558,-0.00030060570864061045,0.007560142304784217,0.0004046752688487863,0.011854940487321986,0.003869187059556171,0.03358168753368845,-3.5737387717693646e-06,0.12972737597259787,0.003425434032724819,-0.01128474423636313,0.0029493438515340586,0.051596850293710216,0.08800643119979576,0.010033694459905335,0.000386711130665525,0.0006451153589488352,0.03002576745794661,-0.025788582593930395,0.0017217170633632697,-0.003161087461261973,0.01677441204842684,8.68173699374798e-05
32003002846,0.018292845112690432,0.002125440148575158,-0.0007453266259923924,0.005391175839059042,0.01146373430040445,0.0038831717013000904,-9.747398831221326e-05,0.0022090903350740574,0.00590471806989609,-0.006336655183604736,0.02501739631381656,0.001417667323919873,0.005168397698174743,-0.000990283909882767,0.00923375386879133,0.005381625056506102,0.005349544377276485,0.0009693438609267062,0.04803306424227509,0.006765725991321141,0.012214633942155868,0.0028814984207347154,0.08145200440369928,0.007108132319845694,-0.0014041373616388562,0.003919072941940343,0.002610680279179492,0.00019379104418232088,0.0008764701239598327,0.018084493734896376,0.003539668451088237,-0.0021522222647504703,0.0033835624440262694,-0.000985436735481308,-0.002559330720998765,0.01707630547727061,0.007632318890438075,-0.0028800586220305503,0.03803806026716068,0.0193590507752856,0.01005051553458271,0.01920403437991108,1.8981913705098117e-05,0.002648248329613614,0.005359664738085428,0.02621599802745213,0.004371705020973498,0.013162632536371045,0.00016860852344349568,0.11356740052093836,0.0028405663586342157,-0.00716000734702555,0.007720556595463781,0.021541265972941228,0.07680265352211535,0.006898184862694695,0.003001524351740193,-0.0011329853591937249,0.014446291673606663,0.010846576914336856,0.004061707455506183,0.0009081184990601218,-0.0028564473334788975,0.005519141337923779
32003002844,-0.0074259347402157085,0.0017620376166293363,0.0018667969844264564,0.012075324872970144,0.02581964689696192,0.0034257361221643485,0.0020514693011588164,0.0020839594327791092,0.013267609409010958,-0.002252845335226819,0.005995223460355361,-0.000538645680656751,0.009790649027537795,0.02105090516612579,0.00026194065250686164,0.004805617754879461,0.005368853727203895,0.00412332012541991,0.06401464178817057,0.002307153719145928,-0.011397915804821959,0.0014001493515861667,0.04831940225349901,0.004927280410693925,-0.00054874565401547,0.002083843366901614,-0.005751547068224998,0.006726703709559174,-0.004360676403229032,0.03032523918097076,0.025737326666968367,0.00029815255310747344,0.013851430833122944,-0.0023484677029876277,-0.00259825171302496,0.0381555118259927,0.009474177100168596,-0.0008194961991870724,0.03826617029585866,0.024426291557450807,0.007331717382473839,0.01872787727836408,0.005353589632402908,-7.021365259008118e-06,-0.008989213631361499,0.01708394220835366,0.0037131777919142276,0.01526890447328556,0.014016492022643358,0.09800737723977289,0.0016218276240117962,-0.004641937380199027,-0.0022354225576167795,0.011318511368788477,-0.054789824525472076,0.0012781272856674645,0.0039266951209570395,0.00434734284690342,0.012887420831691452,0.020579624023177517,0.006368608883049502,0.0008926349880264225,0.016991095507859537,0.00503855331549256
32003005346,0.011804453578954445,0.005668312145027915,-0.00012349840295096124,-0.0029046832108678496,0.001346253834111441,-0.0002580366521808635,-0.010361704680777257,-0.0016401102431208433,0.0017737548956038526,-0.010990550744495826,-0.015296473613448274,0.0003398988946071466,0.009013574761632297,-0.016403225783521453,-0.00041689165604016026,-0.0011034083566733592,0.001322261854877926,-0.0002172675894795808,0.051155599608219415,-0.0024478398446171837,-0.017223376021871076,-0.019572761125800742,-0.0035477404009334897,0.008943041076577469,-0.0125909172486529,7.884287783060794e-05,0.0018377571049089814,0.0007851412100749755,0.0010503525041069565,0.012604871193590278,-0.0035640156462863307,0.0030172661019622926,-0.002105835790494488,0.00019138871888886572,-0.001070122427409984,-0.026382320700937305,0.002504954791223724,-0.00631696708139758,0.02664468471786737,-0.020720414284489196,0.011144414666448029,0.006619484636219263,-0.007636877581485602,0.003509099140558988,-0.006606571520320628,-0.0023639153896894143,0.0027987964453416265,0.015910291385711428,-0.0018641605366126234,0.07784305519141536,0.003887148719434939,-0.009843322822250844,0.005954692528742683,0.014060751886432974,0.054789960452822195,0.0003451654609696549,-0.006037283900321989,-0.0021188919185020625,0.006538462582839082,-0.03573577571371337,-0.001550707042800135,-0.0032783820175957905,-0.032817742603454006,-0.008136444939775236
32003005333,0.029057372476320315,0.007377017093808112,0.0037138319390209325,0.0009771533953581108,-0.01089474640089062,0.005272646416558936,-0.006338217445378704,0.0018600747883191558,0.0022895331505362834,-0.0003803856090883589,0.018309680470841305,0.0018585884025265433,0.009749074805279387,-0.004631689146157217,0.003830533287752571,0.0005850783918114636,0.005159773806506969,0.0017892695843366876,0.03949556320905371,0.0006415058156096953,-0.0056199307642668915,0.006666094328166753,0.06945072462986622,0.005519567350123592,0.03381596603432344,0.00017757206127825135,0.006591057880727715,0.002756055488840362,0.0015939269270588009,0.019445835886353662,-0.002592788510110878,-0.001015830488686314,-0.006827020941538764,0.009168016909402629,0.0027306933379533617,-0.011639734255637506,0.009238073391120344,0.02519610967457559,0.03002045388290083,-0.009853936559510735,0.005416655080528367,0.0297490605916773,0.002188549486217539,0.017024806248929037,-0.002229376639828038,0.013966553250612999,0.004721120236574985,0.04723196122038686,0.0068970580627170566,0.1586933954630807,0.006992501149708501,-0.014063622658408536,0.00610194646557862,0.16272306657793673,0.11130633752446042,0.007690578407032801,-0.0005282359386560063,0.0032323088747436453,0.023346433054332854,-0.024815279327951956,0.0023250711731728074,0.0008995492327737055,0.04241519584009949,0.00973153878676146
32003003262,0.003896720276366228,0.00019287869302426035,-0.009805250585392371,0.0017808362549791338,0.005323439913492694,0.002190021860026621,0.0012225847135945143,0.0014085928833686898,-0.009261239839937407,0.015584969567133311,-0.05456455404349597,0.002794394326949622,0.00265334119629204,0.005320473330128032,-0.005312822239655455,-0.005214841350438963,-0.010155516664398118,-0.007040467766476085,-0.11287428112087483,-0.00785108772859484,-0.001427857115158805,0.003078973607835699,0.0023083078867281123,0.0072136180323330214,-0.0028241297248000653,-0.00012308091504377848,-0.004026810636329598,-0.003408092661666554,-0.010509701652662174,0.02078266154022416,-0.0018459014234691637,-0.02069566827406359,-0.007384674666244158,0.00890728583365419,-0.0027622391840800265,-0.0031752322370822037,0.004909720628338452,-0.005634353279525664,-0.06375485170908719,0.016013418882562105,-0.0021340423381678558,-0.04321565871103649,-0.0069434975133123335,-0.007546005520756894,0.007500730672914261,-0.05482084186456679,-0.00223412271789155,-0.003951253362596161,0.0010856740680784517,0.06251145471994109,-0.004423911132277983,-0.024775085713670462,0.0035485927575015534,0.007390630815134538,0.027281117615184033,-0.003859998472801156,0.0027214634509593653,-0.005797552525122021,-0.013683227770014331,0.006067117216546768,-0.000955444821457228,-0.006439438728165208,0.013542285918461272,-0.007087968228840813
32003001901,-0.015787657969001178,0.004035398778237518,-0.0008530335076664778,0.0056144989475167455,0.01059386417236843,0.0032958120811556846,-0.002575169122482656,-0.0037358329152170134,0.006377926968578465,-0.007301112716479219,-0.010210859410822132,-0.010974641864580517,-0.000720409569571492,-0.011920819746893739,-0.0011997744941119911,0.0007775050658695779,-0.003305442152726095,0.0005518343408413468,0.056330024247149973,0.0066629981687655795,-0.007935881748945838,-0.009186681236008614,-0.02565557344178173,-0.00018283405966328,-0.0015741555004036138,0.003241491755857374,0.010655193993812359,0.0005929749308175757,-0.0002033071251095238,0.007735566463642648,-0.0014500776656455282,0.051232209108591734,-0.005267528379817379,0.004215087729739077,0.0022727443875756085,0.00024388842328725027,-0.021067026793898044,-0.0032916332654537852,0.05316937814068342,-0.005661642948461938,0.00571350158719394,0.012572767657629073,0.00064720246393682,0.005080700116394235,-0.01816375937072753,-0.003505667109572546,0.002287140737267885,-0.0019531250446376317,-0.0014115062441509131,-0.09325218715671417,-0.0010235343140073197,-0.005806542076860093,0.004217753654115908,0.010594255038040653,0.04106902453317969,0.0032377582427945573,-0.002462757843163709,-0.0009046779128308681,-0.0059171410055618625,0.014138773632607788,-0.0005259982753555631,-0.003814329371209847,-0.03786345888415013,-0.0024776653335296804
32003006700,-0.012466512277221151,0.002711567250411493,0.019574669899243106,0.0005539203542820351,0.009436497699318707,0.0007495693682376072,0.01918968306652787,0.0005274505996936303,0.0052471248045197075,-0.0063419321373372264,0.0028526341858034726,-0.01637148785599937,0.026501333356042975,-0.007589165949322123,-0.00011750652050899688,0.013271080469461027,0.01093411772416105,0.0008265004730075073,0.09893576889595952,0.010144343821274184,0.009945407593991238,-0.0018090503434978103,-0.008225057207978538,-0.0036957370444513186,0.013410262262685003,0.007184316376680001,0.006495908833064382,-0.0005181347857492039,0.0022986600495170165,-0.04408391553126473,0.0032664620661888633,-0.016052588715062713,0.0047528966814343624,0.033928455532891706,0.004777180529238066,-0.019578027959444456,-0.00886972762709764,-0.004781525316418592,0.03979426683455932,0.023483012472065745,0.005457085295660961,0.0024812767396370375,9.241205501339819e-06,0.004560951951220568,0.024341918236277946,0.013663639810562307,0.002390573721597681,0.006007421724205152,0.0050760140244806955,-0.053033990767350214,0.0018402403759514726,-0.0052499121857288,0.004781229316112598,0.02417547990124547,0.0478271749353746,0.007059329584329006,-0.0024535166547205805,0.015559749131626987,0.010322796657246886,-0.014205567204041767,0.002535757915966991,0.010690877105572113,-0.024697497221632378,0.0014537384697167204
32003001714,-0.015916407958864294,-0.0018501012706773376,0.0028794802137005393,-0.0013540782857878987,-0.0018737744068060827,-0.00028115978533154313,0.0005429078338931938,-0.0012506504653599924,-0.002499694969457758,-0.016202186646029182,-0.012584755637821158,-0.000305573246645726,-0.0048056704562016005,-0.008748997626641311,-0.00019145142773747243,0.004506495342176845,0.00018878176595446574,-0.0023466684514027274,-0.000592226536282351,0.002491079649878815,-0.004877360660953012,-0.00501079517708069,-0.012251238495841253,-0.0004701772110794066,-0.005810058020942667,0.0014687581908801653,-0.0015997770266439814,0.002563997955881294,-0.00011700093037571704,0.0026720781206291217,0.001603521067889397,-0.017719085236752294,-0.007642039765085554,-0.01147898973922376,-0.005777072445566205,-0.02645964266806621,-0.017131904266789167,0.004694034638808469,0.027814543526480825,-0.01905341264412317,-0.002321479285576045,0.005853955025810527,-0.0007236978290796665,0.003977047624473238,-0.019241959410522765,-0.002656918731172059,0.0010887988225290188,-0.0005454537317089839,-0.0022877213121741302,-0.13847325179313358,0.005652012146731725,-0.0019856278122816835,-0.0010483807495855336,0.010512528963337837,0.038132196630236447,0.0011083323140133907,-0.0024061286467116473,-0.007827965174519743,-0.013507065414833607,-0.025067964279043724,0.0011105373120558228,-0.0021200298850812724,-0.047046723361212926,-0.0022240260560321937
32003002978,0.023275471177704808,-0.006346319003137066,-0.0002553409317614792,0.0006862580882841728,0.009462353673936759,0.00014552542582113578,0.008007384338259378,0.003195634793822728,0.004988109354552811,-0.0061757584561875235,0.018808424739838014,0.005527858119222378,-0.009463443219863006,0.02018893504244107,-0.0005254107003075679,-0.00015317143705551901,-0.007137622847474358,-0.0024721444883686996,0.010448448931324414,-0.0017311502755061642,0.0023511034862273403,0.016087915726821278,0.006689208668914519,-0.0002433472436760347,-0.005458672159575948,0.005965209106391112,-0.010791388855124553,-0.000746972530739543,-0.0009698769693652649,0.024588505192370037,0.006919584420474792,0.02369113325415439,0.01953267448878841,-0.022923139980835772,0.0024217967502053956,0.02333451579938141,0.011253624685932538,-0.0012443192414649754,0.0007075990314440813,0.011441808823658126,-0.01141808221267342,0.009059432689826842,-0.0022437364521281436,-0.0022849757090340696,0.04582045036232905,-0.005044492800715182,-0.003912693288395723,0.0024593386996926638,0.0022929308050985953,0.06283541771490962,-0.001497993724916845,-0.012048306089037064,-0.011977173230876036,-0.00477539775786415,0.04958622206328658,-0.005220885426119743,0.0013975207475363243,-0.00015806291759797137,-0.0065064653330483705,0.010297318910698879,0.0013924526560165672,0.008684815076184198,0.029677252855729676,0.004614071102672085
32003005806,-0.05772537194618307,-0.002560755160123693,-0.0033149576453808637,-0.004899723752854764,-0.019069474439852074,-0.0033766851558548845,-0.009092577972221277,-0.0010745502249360974,-0.003081714620057468,0.03141848116638183,0.015628160163413268,-0.0054614089871627275,-0.005353677100631469,0.011469690091651372,-0.0019053045689261289,-0.005260056341825148,-0.013412235183970935,-0.004649956597150351,-0.04923030132096448,0.002542152966076351,0.005250549830496096,-0.0026183573225123232,0.027265160198370466,0.0011380877396867195,-0.00952751268284304,-0.004940833139682156,-0.010907704247381286,0.00250610655104382,-0.002080452452175647,0.009339293531420913,-0.008563780182705098,-0.010456814105335787,-0.009094920414224737,0.000800058041385368,0.0018422124913054954,-0.028720262084187455,0.0029606021475391364,0.007130023517016854,-0.005137620763211367,-0.01373562580878438,-0.0022754249355520276,0.005386580709179195,0.001351579332212538,-6.626939405656868e-05,-0.0006843044143267522,-0.0029477071563874403,0.0001857270213960832,-0.0005299564886205378,-0.004005692644962949,0.07366889156479316,-0.009547205899021569,0.014202781186318974,0.0062223701273131544,0.07224727218619989,-0.255388973899977,0.006105581774188709,-0.004990750104491699,-0.0015141667182039305,-0.0019558682997660873,0.01001076470315087,0.0018593675856818394,-0.0030075310178651195,0.01525175150318669,-0.0029064194048048263
32003003610,-0.03656881362978792,-0.0031904860845328033,0.0034594579935132656,-6.236880655531045e-05,0.010929568189688613,-0.0016417844586936443,-0.004335430772358639,-0.0025915035477058718,-0.005567725868633359,-0.010103386903670011,-0.0021632635316573756,-0.0006720502936196953,-0.0023224886231757173,0.00548353271788884,0.001452291768982187,0.005924566779550341,0.001961529023059028,-0.0022563354916540486,0.00604910491672523,0.0034399542203738375,0.00891695153757999,-0.005707471909761747,-0.012544935303751557,0.004052021498512182,-0.0028988372824310573,0.004084124159905862,-0.0024798976172486203,0.00013759690016053628,0.0015058072229508267,0.029083772417505885,0.006043452811113994,-0.007445124462707921,-0.004281130524910652,-0.0024109536844929736,-0.004120173369768779,0.029103370131263927,0.0037578521272258474,0.0001314537363880767,0.00014445187789143712,0.016323419793055242,-0.004868527859981735,-0.002743748994983851,-0.004738622161005867,0.0015252628950871057,0.009235403936955662,0.0074168803339207615,-0.006718239891077546,-0.00132559795044122,-0.0072626929201238715,-0.0460938157446645,0.0009580937023012787,-0.015028786443773414,0.00028198978871521723,-0.0034744017270627783,-0.01014260320019319,-0.0009004822879152222,0.0039339160502445385,-0.014069160973412721,-0.013614572414253992,0.020837494761242744,-0.00281789617546025,0.009573037376948344,-0.0005074613128641608,0.0024068998387857528
32003003613,-0.03587892688665652,-0.0033268429599763406,-0.0001059453057979437,-0.0048279676018080035,0.005641806782713726,0.00203042548183586,0.003039644851324078,-4.603822562960676e-05,-0.005089452731678031,-0.01597704783412769,-0.01179144162630028,0.0008570488026624056,0.005482303195882457,-0.001995396712750613,-0.0023760128441945795,0.002638224743478991,1.2944889001809388e-07,-0.0034393266960541184,-0.05444167026679208,0.003240616718765066,0.014853970701034893,-0.003689448905027911,-0.009180407463483318,0.0027196610480663365,-0.001363668234067454,0.005183468595733523,0.004775506832453131,0.0010188261234187455,-0.010805391056884727,0.022350266426368573,0.00938807451061866,-0.01121459720974226,-0.010420692970182402,-0.004827556138171939,-0.0016913634759132355,0.010310055354899776,-0.01209026280283744,0.0013255091445115905,-0.022620934123594116,-0.007001978243254648,-0.0026346159104527157,-0.015341314476518078,1.2833612168333605e-05,0.001036353296027179,0.0027892378883181365,0.004381862688871594,-0.0004765395681348084,0.0005983682218177157,-0.011627599893714159,0.07358541937316164,0.0017445594660190672,-0.021327787274055137,0.004424116823515761,-0.027253483552082545,-0.0937611362577476,-9.10252948002641e-05,0.003185746686701438,-0.014899375595782251,-0.006286893731432911,0.008956111960331335,-0.0011383174252446752,-0.010193892505016166,-0.0004437914968129506,0.00283276367376427
32003005503,0.08458800916951528,0.005491093922660663,0.0029310169444241208,0.003426133930674953,-0.010978095980074008,0.006441720559515942,-0.009563385803563019,0.0009444349304091062,0.0063248396328607626,0.007769729466450075,0.03756604690835521,0.006512223627799629,0.0007971099170645044,-0.016891863563781136,0.010579138033528994,0.005428317052152856,0.006638574097814361,0.00278791508552196,-0.046365839799550446,0.0018243012794197508,-0.0046280009502733255,-0.004176030206358955,0.042458952304565444,0.007487076566717853,-0.0006098043158296561,0.0020453859356816145,0.007632112765079831,0.002076266270500181,-0.004884461335275427,-0.03783944410622229,-0.0022896735682230835,-0.012774462388733135,-0.0049845359613687155,-0.0008857283901764376,0.0010886624962210506,-0.03081149840058177,0.006622857733631849,-0.0032259947164095418,-0.014166460566530079,-0.010307956763337763,-0.0021732656272993914,0.006461560303866303,0.0016756227899501369,0.011805454114256783,-0.0069257247199314845,0.007073310927769064,0.0007037896411983854,-0.00021685554004904448,0.00010191013115885925,0.15226876225505948,0.00550599956498501,0.00470375226392206,0.007796820714271854,-0.020785867608606727,0.08006229692495412,-0.0011518976470555786,0.002254151413535743,0.002540021423921947,0.025943266790544477,0.03286509876487429,0.0007210411511049733,0.007076573248030015,0.031107852328280648,0.006509219998644644
32003005828,0.011452946591908321,-0.0031863383002673847,-0.001103536044038801,0.007663000384090112,-0.016758824045790235,-0.0067506710777293175,-0.011405585526130248,-0.0013428458945780994,0.004854585000512317,-0.008214261522450934,0.011945392325601187,0.0021776573306984373,0.0073739573782431915,0.01310454455599342,0.0027880330998948447,-0.00475855454376311,-0.0058346066902337035,-0.0014875370291675945,0.04521639380677652,-0.0003172703433155478,-0.014548861146571302,0.0010661156078613902,0.022118576615049925,-0.011140779111451237,-0.00687515083927644,-0.00907202699779233,-0.007778310922198218,-0.0005561800184371593,-0.007201454013698567,0.010831335320452006,-0.012097793547385842,0.001564304877554864,0.01731365915816388,-0.003274628353045627,-0.003924313728331719,0.004795965688676159,0.004287695722632371,-0.0030868733315417046,-0.0027330531063339447,0.01598797548909985,0.006331901261014546,0.020056483086068777,0.0010516441126412533,0.0005246400284630285,0.0027587410114402913,-0.01433991952844403,-0.0036673560020752303,0.006209825469752935,0.007477179874520344,0.08465980444683756,-0.002251581395683602,-0.006698010104125326,-0.015039792489594368,0.022485020116490784,-0.14523023569946608,0.0019080999325234017,0.0034180837591258942,0.0029262541227402313,0.0016599071738960642,0.004491945632321675,0.002339486486754323,-0.008126686409932315,0.02007320971178221,0.004789878270948811
32003004401,-0.01698315597283645,-0.001579028261533232,-0.004229565570150141,-0.004095653948001736,-0.002574587587017973,-0.0031005004933700245,0.0001299393599642442,-0.003510431709844023,-0.004376496284579405,-0.018094855202711955,-0.005402425444289054,-0.017429579693200668,0.0002494796974202459,-0.014658655939881625,-0.006191747207421055,-0.009560769813819234,-0.0047421395939442335,-0.00018444295775424843,-0.026897765139819285,0.0023783053256218926,-0.006718626639693685,-0.010714279581717393,-0.16741298233271448,-0.0034966211424128663,-0.006211400351824779,-0.0028856408964046407,-0.0005926007882459384,0.0009677754783654453,-0.0014516891058842854,-0.08014993464995715,-0.006010238238444302,-0.027942616661095068,-0.008361238247748218,-0.00829208158269912,0.0001445586211202557,-0.03307460581007354,-0.03005742941434348,-0.00902393941579176,-0.017095686059558985,-0.01920438872960663,-0.0071405660531991015,0.007261276530669486,-0.0010074887282086745,-0.0005654897271199635,-0.01253421102021873,-0.003784959462011711,-0.003480111334820878,0.004442652286764357,-0.0005539888518447205,-0.20387179114547593,0.001334603287094819,-0.009100171760242637,-0.0008382029914013582,-0.05230359683015252,-0.011011842448526123,0.0027855785562456666,-5.965973543587875e-05,-0.011157507325927726,-0.015917067828628912,-0.05138780154907478,-0.00010746100455212457,-0.002943059585579683,-0.07197851162722202,-0.0048706864486041095
32003002985,0.02189627324370638,-0.00032446541577738536,0.000823105855996972,0.008399293968884782,0.0147534040988973,0.009357914930344527,0.013602218391080697,0.007186248248722804,0.004827685244217515,-0.0036511145820596323,0.027359068889465106,0.004973807738462493,-0.001117122298527475,0.01420086440881307,0.0002506666745981034,-0.0020026758878222022,-0.0009344957936674768,0.008292256421475254,0.00679179666218907,0.003477581842535311,0.010728182885421366,0.029783430539370954,0.008972687054859596,0.005672982796777592,-0.000559984351014268,0.006887495009522444,0.019808422751774864,0.0010547234798297634,0.0016539611843463086,0.034368917612029794,0.006136200104310378,0.04068992881877803,0.025059396118795572,0.00386848659132274,0.004536811076325221,0.040728402814332626,0.019894479678210394,0.009512089913204336,-0.001914819903387436,0.039368122619087564,0.0058863951723779374,0.019173732630796157,0.0068393098174129655,0.00023475997367212347,0.0534843744142046,0.018193012018369696,0.000716982644493057,0.002634818600737853,0.005012219382440984,0.12443700488253195,-0.002216157788834728,-0.00963453769257189,-0.00794931595136829,-0.04149996672246429,0.059818816728608684,0.005222984623656212,0.005390102367766464,0.002326453619154737,0.00041512279616297835,0.03238331603594724,-0.00035365827306771776,0.012231163793625757,0.054832955026319054,0.0096110747496216
32003001706,-0.015213228415750749,0.005804360398248759,0.0015472556549990678,-0.0032647350055885916,0.010270291771355964,-0.0018619212845650047,-0.008580567376744688,0.006963318036490722,0.0016776535518300854,-0.0014261539632240007,-0.005786506262404398,0.00695546105243721,0.002151234062962074,-0.007278601278980786,0.004757109052364359,-0.004835966744790116,0.0015438557059237082,0.0006423593150611569,0.06673527268613155,0.004473122395998972,0.011100814371105416,0.002457224714092973,0.017903808316121185,0.004800067503550598,0.001106854137122798,0.004543653311685069,0.004038516008787424,0.0019356101574128132,-0.0007534895095154096,0.03190588745767882,-0.002392656709683184,0.036292031744391315,0.007576514492033293,0.004460754271447641,0.0050231095717739,0.0027856717688738656,0.001407835759717633,-0.0018402651761453075,0.05779294789472844,-0.006207591079396198,0.011547883518135002,0.008291165790884477,0.0036658717611848623,0.006659771467406498,0.0165471134278368,-0.0013874255774655882,0.003815374582535122,0.0007724105258070575,-0.0017345310115199338,-0.0123691079023276,0.002324710367391375,-0.005249093416993138,0.01592014021302445,0.02823337847773014,0.06855658322161898,0.0011918237683447627,-0.002333257158584706,-0.0031984983538624837,0.011596739595091598,0.03417304181531324,0.005997661512288795,-0.0015719562793128153,-0.0237224297309081,0.010340760317267796
32003003229,0.00981745359869801,-0.0037914531295873475,0.0025857076312171476,0.004050034962137991,-0.033002287666896675,0.002672155465905035,0.0018509362258947706,-0.0010054811559919233,0.0048919203511798215,-0.016192971744963258,0.010899702007672445,-0.00040462435250093433,-0.010697495192439491,-0.011155342205356779,0.000962810511943869,0.0017539036431589924,-0.005097598058770568,-0.004850148401946082,-0.07533276954526104,-0.005089602365910358,0.004706019979036085,-0.004006737681596275,0.013111821343558752,-0.007613878325736685,-0.002194095058351517,0.0026471969844921775,-0.004858298400224772,0.0006237008268621397,-0.0012618217273026489,0.032403883004367744,-0.008007782117886584,-0.015491592747362481,0.01468897663954639,-0.007208417663681621,-0.0010574941458075754,-0.03167855263615307,0.0007945411330107443,-0.0005843120630548587,-0.026007521203765392,0.007574995597992956,0.0015800680988191469,0.01666058901729504,-0.0013559689466473852,-0.000980255168438181,0.00028892397391875284,0.004424692865664608,-0.0022536882542480287,0.00199480956892383,0.0031648617108781477,-0.04853956672579609,-0.0018138388219636555,-0.014582541903624185,-0.013017292152085403,-0.022075334771817126,-0.17388148830733757,-0.004735464164850005,0.003311593799210136,0.007657439846424666,-0.007329812268062541,-0.03312923330566572,-0.00041133953967904016,0.007966050744633815,0.023132511835958634,0.004780469716434839
32003002847,0.07764567956258776,0.005134523911135845,0.0018436842756611436,0.002033851186002408,0.014804072031075442,0.0030942784077567925,-5.5745213993957795e-06,0.0021359393495678065,0.004379305717282287,-0.0046997212532275,-0.0035504634774406415,0.001622905627733645,0.003755221625437517,-0.011846908442966726,0.007913082589847385,0.0009651513974302362,0.006936782810484005,0.002783508534444222,0.06908756401583101,0.007901040362414779,0.00545001406437396,0.001071041467853814,-0.010173223903924281,0.009969445624929468,0.004798577542017163,0.014259860282639043,0.008467176619349861,0.0060466972585687005,-0.008484564748836288,0.02867228761104037,0.0018259210154155047,0.04641122023474631,0.03069672269208349,0.006499230228552851,0.008795266913680768,0.014595564209706695,0.008603151492787897,0.012004954264795673,0.046153613897458444,0.012234929343520629,-0.0003889185693170194,-0.0022620913196153983,0.0024747616205739315,0.0020254761650312847,0.03458617270910759,3.8191442833708404e-05,0.00014277192553053953,-0.004871871132182966,0.004644072465347142,0.08169395265504627,0.0047324236265098955,-0.0036860133806710838,0.0036301799315631897,0.007993072284869715,0.07058166300587856,0.005912309361422723,0.003744084927451477,0.0024030547329986513,-0.0011993041586357547,-0.021296356522350183,0.0049982399503195165,0.013375424816832546,-0.008466867698723873,0.0011747560222216862
32003002837,-0.0159500896068179,0.00028123998408386813,0.004303750362977436,0.009192808886621232,0.014412326568764195,0.005108175795727398,0.011625496918959732,0.008945487762148747,0.00408461178458227,-0.0035649714278200577,0.0005577310997549147,0.005018595227395055,-0.008138241217159106,0.006789943943879809,0.00192721773569159,-0.0007440140535538353,-0.0008701357974357129,0.008788097873309548,-0.0342168127139902,0.006030442034650577,0.025766499916596568,0.03241094325640251,-0.0034817386644802094,0.006311463698742711,0.004554516545914609,0.004751392491043202,0.02395834599977366,0.005860196528169073,0.006348137306990216,0.03287870911073318,0.013755245406851146,0.01466108631586106,0.00920069352533426,0.012515665684777872,0.006853533328704329,0.021184776688803298,0.012322191813123122,0.012032734699646906,0.016172468551366122,0.044220165928166855,0.003578771135951565,-0.003963073491515681,0.006464885048132567,0.00047770122608694287,0.05413963375094701,0.011927176866121028,0.0005564519782492444,0.005164005795111825,0.009907263300093946,0.12639283929457418,-0.002142653958974921,0.02622610099403439,0.009279755041774425,0.009646720211472327,0.020047193829871895,0.0028243760062219344,0.0020135512210019864,0.0005956967079635381,-0.0008408248579717605,0.0370112530011486,-0.0007115745279699744,0.00026451499137043576,0.0473006293655646,0.011319216088222357
32003002967,-0.024266268771359796,0.0017564382707172435,0.002802625088918341,0.0028448329885186344,0.0024588545280534585,0.0030136739715733198,-0.01054754949805827,0.0008891178366282651,0.001906252733390995,-0.011998377591162224,-0.009138605324937286,-0.002179399204918789,-8.960261984447897e-05,-0.011640545720774567,0.008028487658860753,0.012264659432831377,-0.0032087343303072663,-0.0004246414708653488,0.024864053495878675,0.008430124110159195,0.0005486151890876339,-0.004393146183552788,0.0058635964251377804,0.004203234414788042,-0.0012372610989669806,0.004587812531536698,-0.007640663895060297,0.0010837078365435004,0.005604948898180662,0.020935081425580936,-0.006572471541660931,0.005635434237177854,-0.00245274544047625,-0.005774872453150477,-0.006248573553924951,-0.0035158922069609775,-0.015344535885129665,-0.0015057170386756696,0.0503274261191039,-0.004910720475279063,0.008030614477766143,0.002192354190262287,0.004198052500101615,0.005660058919481221,-0.010780574889974626,-0.006228533457299237,0.007570750170358985,0.004621982156083548,0.0006771226059790343,-0.12842564599830683,0.0009356908336539626,-0.007935881395791674,0.004440642486554536,0.023329925038630482,0.04948578559436774,0.0011770758295698508,-0.005046126167896846,-0.002209757330120868,0.019931074088990912,0.006716241818150931,0.002328567188699989,-0.005372116971819596,-0.041820729518041874,0.0015329863013150422
32003003303,0.0102795401251331,-0.002037965337645947,0.0005074879845629388,-0.0022306495661094444,0.008158669218538729,0.00040096282830951737,0.0006489373530283861,-0.0009363617172486221,-0.00042397497281930426,-0.007780796979494906,-0.046191204653772744,-0.003465738578966982,0.003461210597651093,0.0014583999716436082,-0.001442088220871821,0.002228400772445417,0.0029979602299113465,-0.0007482352435696774,0.020614053113794575,0.0031711794264888127,0.011666293647384644,-0.0031636272156242524,-0.012731526862294593,-0.0024075645005401836,-0.003684866315867588,0.004866833947816232,0.0028136182620798708,0.0039032736447242003,0.000862086875944864,0.022073368571983255,0.0025486377439284803,0.001823537405001325,-0.0012979025396235146,-0.0027861118944048358,0.00544452187542352,0.024903687307775806,0.008792830038471706,-0.0017556392580965782,-0.012171345277847105,-0.016568762824387816,-0.0013423790755984657,-0.003511993919131521,0.004235410033157217,0.002104192660573131,0.025611402238013715,-0.007292813308511418,-0.002084695317255785,-0.00027680799337348114,0.004224310568758662,0.058515025471238935,0.0031489736802091306,-0.008938574379628975,0.005723441804867776,0.002107576998134959,0.055484878309988245,-0.003216503335530441,0.0008058876071340028,-0.006824706030771148,-0.007636694237968936,0.0021281315243274986,0.006686860192523501,0.020719485769394988,-0.025218050802051525,0.00169997407988651
32003000101,0.003304783054684525,0.005551463338561664,-0.003416515480244458,-0.0027916703272616613,0.008549496751409435,0.0035685814475396663,-0.004221243425760118,-0.00034526896902609757,0.0025156611991190812,0.026846587879055774,-0.0277708212593553,0.0011534814842189694,-0.008751724257213432,-0.009101517014305572,-0.004857104919467253,0.008315397994346671,-0.00478203412592757,-0.008685861024594219,-0.014490566394151735,0.003468831737043385,-0.005735403832594885,-0.017057990247416006,7.870829178342252e-05,0.0007928236929263876,-0.004501625316092063,0.0025821295631108174,0.003459845040631261,0.0006708342264472216,0.001983895753117723,-0.055044556655240336,-0.008475402100186376,0.0010814453004314144,-0.013473498009501806,0.024427831476501887,0.0008584500056507468,0.03351481994788018,0.00814440035149962,-0.0022933381905300815,-0.018293432438716017,-0.022733782841920284,-0.006301478237440647,-0.00510082208655643,0.00017983518053646855,0.0024651388684655434,0.003376729190453674,-0.003910376284514355,-0.0017448745339975792,0.0005807665985146918,-0.008999704277369862,-0.04016530282558751,0.0022611628321698735,0.02104625681513565,0.0015602557458092331,-0.004551762647721385,0.0527886940446325,4.869427704146992e-06,-0.0012500672576959736,0.0035691173861586733,0.012538628776060698,0.0014266043975406655,0.004278948692131534,-0.00900379045329401,-0.005642322568891701,-0.010633879526950574
32003004703,-0.0012739565782384998,-0.00448535966089903,0.000702656691034417,-0.0022728123550576546,0.005738793856753915,-0.004952667074929081,-0.003526733583711577,-0.000506672567825355,-0.008796768466233576,-0.017428026087026923,-0.018989372909705215,-0.002693718681230855,-0.004083721558115421,-0.011238152091473753,0.0017115523830157102,0.0063263301230989735,-0.002758775812544943,-0.003784672404253135,0.00661775477531405,0.00172489483046063,-0.011504947190299925,-0.004652933035317426,-0.18646644932934708,0.003084753484711397,-0.004302456033839459,0.0028356993539492086,0.002202782825667939,-0.00014659133004153577,0.0018375892544788797,0.020965817359124356,-7.521650785712531e-05,-0.016129503609250497,0.0038462124871985436,-0.010564611246316982,-0.002027763590474642,-0.002300940360066205,-0.03070070445238905,-0.0047351542706456935,0.009344825872039995,0.0009289961094274146,-0.006937566434289328,-0.0030421133222162527,-0.00011964342499194327,-0.0008191354771310299,0.0003161697610359561,0.000538995665161272,-0.004764349505497409,-0.0045338437053125185,-0.002151631966001125,-0.20530228416526144,0.0010489189218204505,-0.012898818110559384,0.001963005982894328,-0.04471547624432804,-0.022067407882040993,-0.0010770760114257373,0.004135094837983943,-0.004135042195451272,-0.020539924510485797,-0.03598832261764023,-0.008691496978432682,-0.0035758277815431624,-0.0591874615934026,-0.001887925395210298
32003001003,-0.022973407710031195,-0.0004270689476722822,0.0007312903538130892,-0.00020520357068769878,0.0025545499502729507,-0.002692256942159923,-0.0039038538816504285,-0.0014406474388713468,-0.0013138410572507723,-0.008824678151673452,-0.02511745722211402,-0.0035499638470424533,-0.008223198007740722,-0.011485769448619175,-0.0027325658123501925,-0.006561753504944361,-0.004004553475773496,-0.007236776512294965,0.0040363705631591175,-0.009873324888032128,-0.010542094856044373,-0.007543815437701297,-0.027233293093668634,0.003184240775496197,-0.005972982622408909,0.0022761437390749575,0.001256047638898444,-0.0018402417546508974,-0.005948677846529132,0.02093681654524658,-0.00013415664602596048,0.014114942218223741,0.0018493276759197989,-0.0018552937746682703,-0.0020675263212257718,0.003149763813884133,-0.019152390669663205,-0.006367454145462381,-0.03681070250621348,-0.0021927988038736813,0.00510423994299077,-0.0005049617942287007,-0.000157309309227498,-0.0005954366256324703,-0.004596243156089748,-0.0062319987076422225,-0.007960618567265106,-0.009390169275276958,-0.002858153004528445,-0.14899791628514555,-0.001509636267502841,-0.003923762667799865,-0.0006221276713574797,0.003577990154983461,0.03843285661881763,-0.0012977741875413644,-0.001536422673307834,-6.243347538856886e-05,-0.01726746615255449,-0.02087885101453105,-0.00290623819345324,-0.017541814709128942,-0.049906448897839586,-0.0036579824241137907
32003001004,-0.01175824189100298,0.0022065964786384565,-0.0018057240488190502,-4.954071323705989e-05,-0.008315153345568939,-0.0019367100926528551,-0.010789653922263876,-0.005453995457774238,0.00333149647753829,-0.006347756857469514,-0.014577664004419712,-0.0105926848046502,-0.0023893605781641707,-0.011314086964875065,0.003437442577669931,-0.01861639821713067,-0.0019568151859694722,-0.0035022792259623483,0.019784385670531944,-0.0149941496533273,-0.005348555477937869,-0.008187090632820592,-0.008073073284480136,-0.000469970045023714,-0.009516254662949326,-0.0009367949261276175,0.0008393483561922368,-0.002008274370476466,-0.0010681044665665248,-0.024613058911042106,-0.0027809135974252966,0.003946419185354405,-0.006588916300567991,-0.0033010220977180336,-0.006398635514601064,-0.03962769408457522,-0.021087162974794807,-0.007806246309514801,0.025881264577340288,-0.017858660855840647,0.004323676528681366,-0.007588181248187891,0.0009192075827427259,0.003944751058842214,-0.009547333089445909,-0.006367168596779427,0.0010684570337017906,-0.0016308457018329315,-0.001353605873060056,-0.17479677765548074,-0.0016141165848264291,-0.007691288279861013,0.012158771352469153,0.00859091494749527,0.04051272355396049,-0.0019924664978089707,-0.004962918287929248,0.004034695547818453,-0.018997491207850003,-0.02139472943463579,-0.002142058790075166,-0.013490066110680017,-0.04877685713733282,-0.0015394559721697717
32003006203,-0.022793570764595754,0.00016667317855228957,-0.007396641121609635,0.0015837585506674398,0.0036208135151536416,-0.002998892967941153,0.009916590873082342,-0.00020729225779885944,-0.0038454128088959375,-0.004032734159998319,0.007408693683462288,-0.00039406652262629043,-0.0003761750198446695,0.009918654425375066,0.0010792027759991742,-0.0014969368425995385,-0.0023320100806215774,-0.0020523786264442213,-0.062370889817690144,-0.0022102116264346343,0.0033949012216665814,-0.00880267209057496,0.010338500512795964,-0.0015137407975232828,-0.005426713858257103,0.001096731845943933,-0.012116610091008985,-0.001079222623630866,-0.004272429227663895,0.014323048332994855,-0.000884792024076336,-0.021931465641258734,-0.00022224646145448874,-0.01021064653686645,-0.006089312304943163,0.0012541491777448292,-0.04058660764131869,-0.014774055642913737,-0.03484738029327664,0.015447826229307864,-0.005246923704969149,0.014527656937877814,0.0009767370591811089,7.733469696905491e-07,-0.00102156441755323,0.008701148398010812,-0.003414264765247566,-0.001549057587015344,-0.007216583025088152,-0.2058812331781225,0.004879570047826685,-0.0055769082182623875,0.00225654899519713,-0.04630141142396061,-0.06092633122171688,-0.0005493283444473575,-0.00041167124425406344,0.001839514553788887,-0.014537818464395256,0.018857253573362376,-0.00370043760291629,-0.008351814796378025,-0.06049914552918614,0.0051933712405183635
32003002979,0.016633803744514508,-0.0007975579790364652,-0.0011455162981000894,0.0029781507922705475,0.007762473339364252,-0.0040883711192242185,0.006054364684063582,0.000451818069940827,0.0029916544397618366,-0.005029715906020647,-0.008832872916881337,0.0034304036602295467,0.00435808838548977,-0.005749769186061861,0.0016904131627004091,-0.0037269748667413155,0.0014197591327853947,0.0025133910505439785,0.023484642009519115,0.0038018180722265995,0.008823672956572586,0.006490745594096565,-0.008162684652351126,0.0025186415165462843,-0.004774035061501615,0.003952493110963897,0.01035797957404244,0.0010892668019723572,0.0016621960224850335,0.028300578048230423,0.007113297581577534,0.03214591368539886,0.01812248906607995,-0.0010944524883847787,0.003794277576731561,0.014074475562498577,0.005163711602697875,0.008649524738532265,0.005852180697636975,0.02426226201721765,0.0002664694470081935,-0.015783803314921983,-0.0011209466462062795,-0.0019918556847422367,0.03134820740565146,0.015870255024810306,-0.0013919204018517795,4.735105476105948e-05,0.007428814952296717,0.07957435285131585,-0.0008555387550216116,-0.007159372191912891,0.002501589057950266,-0.018464595986848575,0.043755367113826105,-0.003719093424051804,0.00287384377654274,3.9483495462729446e-05,-0.0019061586042331048,0.0004056222057683348,-0.00027891856761240084,0.010085980988081476,0.03567189669153461,-0.000214396789168122
32003003429,-0.013129585658646458,0.0021921513517274573,0.00350734682463207,-0.0006550421129035383,0.002163077264579992,0.002725260814065254,-0.003931372692228158,-0.0012765889723116517,-0.0027501005001883596,-0.008477230191475843,-0.007343665958864272,0.0011767324602697975,-0.0013436850999230343,-0.001851088439993804,-0.0049344237606079675,-0.0075560364507397774,0.0006648803237928698,-0.0012786552354581778,-0.07771883514795738,0.005280058828247982,-0.004195699447026416,-0.008645950396516626,0.015635743497695122,-0.0004422830796539219,-0.001993883203876856,-0.005233957030453149,0.004082950634724332,0.002024068964573832,-0.0017131453541455765,-0.03466828479067631,-0.01021141326635065,-0.0070619273050122645,-0.011066546486116652,0.004377037538650404,-0.00265139880269218,-0.02240725263586691,-0.009534089284636145,-0.0044533735245565215,-0.0263168232386257,-0.012229685052014272,0.0014390985532495091,-0.0019321915147575757,0.0005733517834582681,0.0016674743219697921,-0.01162708432765747,0.00044273740586498627,0.000757464894562924,0.00031039574399684226,-0.00142714444614554,-0.16111923939197892,0.006061415257219823,0.018808351818930133,-0.0005768270610957038,0.01364236321181965,-0.0030886941087956057,0.009189495574090831,-0.005253778269714041,0.007457344341905813,-0.016155623477463178,-0.02012406185406077,0.007408058056746064,-0.0003077468358324093,-0.053698932265672523,0.0024161290508543966
32003002707,-0.01452413233901976,0.0020246610315282853,0.0005975752161613602,0.003697198314951597,0.011333151324019925,0.002648131205260588,-0.0013302675625493513,0.002786537787888219,0.008038926430419762,0.009781840135536193,-0.008791038157613848,0.0013012414078216962,-0.0023631912794868995,-0.007531435037455719,-0.0004753414811680874,0.003591033550978321,0.0007347965716604378,-0.0005220753818152477,0.011967609940194066,0.006763969926762473,0.0023960781801174334,-0.004069096633224567,-0.009021840300948259,0.0006370125631955853,0.006026818002151893,0.007954813020942076,0.007825447752372497,0.0012400823976959376,0.005431262293663291,0.02517409378204548,0.0005450902069925724,0.0180011926036716,-0.006380225743670442,0.012272299318734614,0.004310452873665362,0.01672052518481567,-0.013913634803861404,-0.003239428213760781,0.06473666125551979,0.015740858601240384,0.008528138363326287,0.0018186011008592643,0.0025355350865935776,0.004415921235388575,-0.010341697050903619,-0.00039060393662434866,0.006351661981080025,0.0007950322280112932,0.00371141475955282,-0.08527464182511797,0.002401627376616526,-0.0021676523259846077,0.006300391166343544,0.01983938115447862,0.050634698515882155,0.0012914550040400532,0.011870423113619846,0.014621933110872707,-0.0060921995849362205,-0.005265894837121228,0.004392543379811597,0.0016351705282146856,-0.029606479395758837,-0.0002415223857913328
32003005903,0.06990132176786344,-0.005339077913339998,-0.00203471897906017,-0.015045641107022858,0.01261528052178207,-0.004318553339190216,0.009357921350944683,-0.007433173180166897,0.004559333765653684,-0.009377044895305758,-0.019900542543584886,0.0033125984954533835,-0.02189074017322427,-0.007845197741427556,-0.004001869291797705,-0.004635706817285919,-0.004699196610325061,0.001396906075690274,0.06909684417181253,-0.012078769919334757,0.007945866098671346,0.020293470813879548,0.003727069045335473,-0.004967268928159159,-0.0004272713546212208,0.005924504243317558,0.01086809220971711,-0.0008422228571981186,-0.006643592057668879,0.027705191237883262,-0.004373842994214675,-0.019070248732635135,0.009006990561587096,0.017595074635040404,0.013107852093411428,-0.002332676618273356,0.011667422945005283,0.004040522757401747,0.02429072761833684,-0.0038222655159663435,-0.014262420905653841,-0.0007337212287908393,-0.0070030941400237925,-0.004572909206443059,0.03143768639970724,-0.022199023932245977,-0.004831091249244656,0.0004810036236411586,0.0054214913310477045,0.05554008780600476,-0.008013816533704775,-0.000377945900603832,-0.013838432219613011,0.0010762369724707482,0.062415843191680705,0.003710091209168623,-0.0011495903675487781,-0.0016625564650683685,-0.015228743136382193,0.03276725265736056,-0.00859073541079698,0.009064393671510499,0.029407303869295184,-0.009254159524954128
32003005016,0.055632955051830975,-0.0017835674188504637,-1.932192557425901e-05,0.0014012355609820122,0.0073242964977479645,0.0044300825844404215,-0.0004621492826907906,0.002289501027255782,-0.008310492162419103,-0.009408419033008885,-0.035884213193710636,0.0031257476301097013,0.001189847457556842,0.026940215769048054,-0.0029662888168706246,-0.00213779326936357,-0.004704162270466615,0.0016826192795214928,0.04420635644479599,-0.0014843935290389043,-0.013905878962328803,-0.011892777818645235,0.009565670277670954,-0.0006184906295398053,-0.004378020537756578,0.00670366193994987,-0.00040042466390343274,0.0006274060256442675,0.0009393364036542853,0.029870437167494195,-0.003971634123763006,-0.007225028703413495,0.012732458472555632,-0.007548771706942026,0.01705275880117385,0.03859981798154234,0.016503812617029837,0.0008771919324327984,-0.029500195640171922,0.014741010612571003,7.627084600205456e-05,-0.012727719637127648,-0.0016484946717520439,0.0003986212719321066,0.02452894530458374,-0.0045356423041528525,-0.001764971053054344,0.003575619246309049,-0.0026702639012968206,-0.13150470343597484,0.0025735442341943003,-0.007008736540038818,-0.008663401720798656,-0.05731565323366463,0.06464012500824054,0.0003118230045359821,0.0024797343230428094,0.0027763257510260487,0.0059629513596361535,0.026547594779958345,0.002653765328577238,0.007644123375425459,0.04296161293530055,-0.0028439584281824432
32003002604,0.007097028477663454,-0.00022084145465077376,0.012524412711335553,0.01032276671636877,0.023018829586039652,0.0033198373294348583,-0.0008246146650366757,-0.0003564619391674523,0.01042429168832475,-0.005805710499330423,0.012380949053828272,0.004877882533809291,0.001539479040534585,-0.0015460138221138424,0.0020800556844181826,0.007951751936402303,0.0013993348930755407,0.0032341702458885116,0.01781246542546141,0.007569979528318364,-0.005949463889987448,-0.009175439876779616,-0.11315427136375228,0.01459205362741889,0.002011256708093449,0.01347170574049809,0.009592049869179858,0.0020100894232848955,0.0025681380331818563,0.038610677748255266,0.008248162801076599,0.04022553735463937,0.004653776294492346,0.007061574873707804,0.022086823652524037,0.043667466940418405,0.017878719115656153,0.004189485336730206,0.0686096733470671,0.0030685460586632437,-0.007100088169991241,-0.006879823924464785,-0.0016208697080752781,0.001014202714740932,0.01379188684448071,0.011540388139858465,-0.002300569482870701,0.0005504405164999597,0.0007431952242860402,-0.051940594320957205,0.004834407158810821,-0.005558239992990693,0.0012909368706258025,-0.06986995085681504,0.07262657513175273,0.008305941189411033,0.010141864676936205,0.016870470447827277,-0.003976830166431581,-0.023992756878619483,0.01668983848877645,0.01737257392009866,-0.019176157404866424,0.003219880785881509
32003003218,0.09141287901989241,0.009644143077691302,0.0012576980650346686,-0.002374554919773638,0.013912030616110077,-0.0023456453630562443,0.005201894428917687,0.007187187766425327,0.0003919172050671871,0.06921888951145277,0.03833875944362991,0.0053119388431750415,-0.0006049151598519777,0.026880693093366423,0.00789668186221713,0.031754462197289,-0.002177159649950866,0.000469447362295067,0.03658131537752359,0.003384127815159256,-0.0012651831767955565,0.029241215772150917,0.06684931578694318,0.00835572237278942,0.03658495507701345,0.004199396415486667,0.010301681049338367,0.005601318434418655,-0.006773369168025683,-0.040253618191417345,-0.004122898483115152,0.002566529592256363,-0.00494541378009922,0.027374166399015618,0.007468266347082992,0.040110039177298024,0.015792491345560218,-0.00273118913751538,-0.010525110658752177,0.007376680230491874,0.00392591599086663,-0.01803336321304372,0.00877745523297261,0.017710225710231772,0.006727142601736111,0.019049709564803542,0.0018340714319949082,0.012494838125688836,-0.010942523761224347,0.1319454469147471,0.017668931592958067,0.03767266612076678,0.0070249109292241365,0.14335764458598857,0.11642844743079003,0.004385569900669841,0.002345599411304514,-0.001256851094545174,0.023932462451762462,0.06626970085885163,0.006515929348290653,0.0067691073113432115,0.04514552387064561,0.011680534966283062
32003005504,0.02976470219948523,0.0016108118210830706,0.005880717543135598,0.011541611946807437,-0.01216764861535826,0.004169318878864243,0.002326482082999637,0.005445142658258373,0.008624103875571911,0.04707673031517642,0.049337760875221945,0.006244124154465463,0.009818265857347512,0.015883459724928925,0.0005266855692379414,0.004125316665134935,0.009808916585969114,0.0027021714950586704,-0.05476150706979708,0.009607195516176533,-0.006137747603367524,-0.0020230391223890944,0.03783783807671524,0.007540353344051227,-6.26177529148565e-05,-0.0011958428258164692,-9.891929806140258e-05,0.0017823900796603398,0.0034750976818777105,0.020474118259061144,0.0010003690079092157,-0.006859220881271433,0.0048288035369221625,0.005438753620354579,0.002170794545583121,0.01751018564341191,0.014482553323101994,-0.0019482181857809998,-0.013375151957666045,-0.007128905619565269,0.004054146292200676,0.021941833149534375,0.0006108897915371193,0.011013471638631606,-0.007827035510689336,0.019801533271853394,0.0002917987469265804,0.00828227894592288,0.014070969445467783,0.15895441651418823,0.012290573131138977,0.03594852848509537,-0.0083560728697957,0.004722558156935082,0.08824651794658027,0.0033613499382005993,0.004012879554400222,0.004579527089681282,0.022144996792224588,0.031056340496457436,0.008560932819878962,0.008444868157074147,0.04404487767924875,0.00839975471861501
32003005347,0.06583927341344155,0.0006122354611933129,-0.0015908015366220259,-0.002840449398932663,0.005462804574350855,0.0024304813764131055,-0.0024466997656062586,0.0014951343797400406,0.0031331214857770267,-0.01318777343985305,-0.05108822031443706,0.004399232801892505,0.002552307071776767,0.004795917461547865,-0.003116486645465246,0.0017599727117972336,-0.00942327695330237,-0.005036238081315349,-0.018593688264927816,-0.004937923647328308,-0.00729620045543897,-0.00536566557156763,0.007431755489941426,0.0006161496863503679,-0.002164769403098994,0.0012856341727284226,-0.002963009641825204,-0.0039420931349399505,-0.0014674531945729273,0.015358997969691781,-0.0005836283238127775,-0.008310248751060309,0.01842443067371854,-0.010291057773843027,0.0004215006581670698,0.02357004692323097,0.005272405804267347,-0.0025814141975304397,-0.015535224685026458,-0.007855872489722136,0.0006749904715322949,-0.013622450999802974,0.0020809618081645783,-0.004131540126348854,-0.0010149037822822882,-0.002168860388719202,-0.0023140701254373342,0.0021860203008943428,0.0015438100068438571,0.07676789271370381,-0.01214084966013831,-0.012970707640497778,-0.015969623458531385,-0.0235843831380539,0.0651186951728479,-0.0031807108327428124,-0.0007343936936800773,-0.0010571982976143185,0.01365892008459436,0.01025407381982195,0.0011588830582312526,-0.0035370862538964412,0.03921762541822176,0.005762979157529926
32003005348,0.030956786418239124,0.000846196135547007,-0.003900737544923887,-7.221924336664648e-05,-0.025796024230273586,-0.00476014490233632,-0.004251766821122173,-0.0027335245102926833,-0.0018769044306059086,0.027776383304736477,0.015556465810371735,0.0018300237158720603,-0.0019914963220343707,-0.008831294207138877,0.001573391603812336,0.001671309086711898,-0.004174637682988689,-0.0042322168908511945,0.025176043524461907,-0.0018346038737679041,-0.004638229421738634,-0.0017838431224537169,0.023341112066189055,0.001832780434228769,0.011420303196431687,-0.00496314712791331,-0.011007772759078565,-0.0021707885663134517,0.0021930070715395285,0.004367257596288344,-0.005142995489421321,-0.009163240940377019,-0.009112921298441214,0.005184997595627748,-0.0058819367867918885,-0.002618731095940398,0.01167285315360887,-0.004199729784736426,-0.022090320470569066,-0.0173111459115459,-0.0014973144675755837,0.015356081807200926,0.0024895862327527505,0.01080031028192837,-0.013677582487475482,-0.022052587448098123,-0.004611876845109394,0.009504593046079512,-0.0003313719662517889,0.11834756031287458,0.006239203537487611,0.02818052541355251,-0.01537770236769905,0.04431657231478514,0.07375219422826407,-0.004838259857423465,0.000887820830364478,0.0018836872310471894,-0.0013975157284072906,0.023182868109368388,0.0038477824807937886,-0.009989935948589691,0.03348401556041323,-0.0009428503519655526
32003005711,-0.004522414741600341,-0.0032479357966531943,-0.0014058135197568536,-0.018788211075629117,-0.027459549923690124,-0.0833895775978749,-0.06230071281333626,-0.008751305407795897,-0.026887678399686952,-0.03704273358259134,-0.03531510711988876,-0.0029383370622473666,-0.06394275000935547,-0.014820475060436326,-0.003043061770039169,0.010328660674444816,-0.013399621495615395,-0.0042627102677772356,0.025834640914210803,-0.0019044315017041125,-0.02325010138982906,-0.018355890751048133,0.008952215477823084,-0.07303072792763905,-0.01066273750277728,-0.023298926864180974,-0.005488862467388429,-0.04643336481418578,-0.024171817745618013,0.004545230471258706,0.007194273740684009,-0.01502943402206159,0.006184906136052338,0.002142673893562774,-0.004703573400218742,-0.0698344342539433,-0.0017330010837395228,-0.002885591000282475,0.003756958020679761,-0.00852565607843642,-0.012124868575207393,-0.024191545001992793,0.0012880589254918972,-0.034359788822816116,-0.012292289299407672,-0.015096910652162633,-0.0031699187360279568,-0.014554365921964777,-0.024456051034267755,-0.029976310734985866,-0.014776110496756922,-0.0010797541337426559,-0.008819226367010618,-0.09515928778971684,-0.1568027058836849,-0.0033449560442792912,-0.0030665516898380945,-0.007082074603731159,-0.02297933248875535,0.016928569945924298,-0.05839654861666774,-0.004887772211296674,0.019857910793614264,-0.01238180723159892
32003005855,-0.030169929805457803,-0.00029354958208081935,-0.0015872438323120174,0.0043559083579393565,0.004691682994082293,0.004495695097668753,2.9570445577550252e-05,-0.0014911704960715924,0.001487569974803168,0.0038376267002018785,0.021910257832042247,0.0021091247225431824,0.0035504837282254995,0.01892399035012739,0.0017262520884149617,0.0026482926340534885,4.4584992462850345e-05,-0.0020970908002498315,0.06082771362558356,-0.003990906278749248,-0.0048552444833006945,0.008565045683001747,0.06323551004531783,0.0027227087401934455,-0.006549077519645847,-0.005283587402262658,0.007111720096376923,-0.003126067566717755,0.0016084587896998772,0.013789460377016054,0.00023884376885383789,-0.006808396283463904,-0.004764717504004991,0.0042399446696665495,-0.002474519523653853,0.017741643254180543,0.006642892869763219,-0.005724794003831727,-0.016374157541362847,-0.02118904763531063,0.0032759079708668615,0.011610501708821205,0.0022012027922868626,0.0010873405344247993,0.006154274458819659,-0.006546520464038333,-0.00030562740664857684,0.009219176178312803,0.0005811963285618851,0.09661439128988004,0.008114157142373925,0.018267995974925438,0.0071548625886162336,-0.017839186150811717,0.07525208882290338,-7.544185304621415e-05,0.000796524669823294,-0.003340476020627896,0.02121040590096866,0.041659332123483654,0.001077362797863122,-0.001944581899716198,0.01748929698465239,0.005840198792305737
32003005856,0.026624777966543303,-0.0017024423162282142,0.0029775417472552414,0.0026662469541107454,-0.015008855709403836,-0.00035419139362660214,-0.0037194527913040902,-0.0010416310519150655,-0.0010273195744483264,-0.009265291718558515,-0.008207469783160776,0.004599799703238919,0.005448836258038625,0.0170992423079234,-0.00014194116116499409,-0.006374336070306046,-0.006474723266177241,-0.0031763166877289274,0.03644196361116613,-0.003572769358545783,-0.006624315657522177,0.005176692925930795,0.04684318135380347,-0.008423179710623346,-0.004376858388847681,-0.004913952231916904,0.005550455749231576,-0.001047564987270659,0.0005524501681085617,0.02024914367920175,-0.0052012995310081545,-0.0016515825779188972,0.0032352956089232517,0.004051461759190441,-0.003329869525703819,0.025809900238079084,0.004996325555826631,-0.002582907760378857,-0.019491392667138355,0.003239115315015928,-0.003281083795294839,0.015050726459832912,0.004391871625086461,-0.0007294546845651476,0.0030547379190449214,0.014464971831366519,-0.0006400921926430074,0.0004386076992120508,0.006143344286224495,0.10403979802577416,-0.0023826511089784664,-0.008179892436850635,-0.009080534201893836,-0.01392620533442672,0.04364717338260227,0.0005463088007031913,-0.00290467657656797,-0.003923335875095062,0.02137770632036516,0.02988526276680184,0.004894307377562782,0.0018559952345634356,0.029764364603658118,0.005639674727740483
32003007200,0.08750324774255909,0.004161968611857637,0.031389716474015526,0.007443229719218123,0.023064795149573478,0.003370231477714798,0.02766497270420012,0.07190791712331475,0.011622409451607816,0.0026358350428716906,0.005679928291746199,0.0060015048142614885,0.005584111970561722,0.02578750353053249,0.0062983345306449195,0.012478094713795384,0.000989579438617974,0.021399005116074038,0.16248628190939718,0.006305312098130065,0.005471314688705575,0.03386011223755339,0.051347718882092434,-0.01543509078255315,0.05932277936970845,0.013145094076334799,0.00960133119057577,0.003071864302207485,0.004857629751430071,0.0006180207473035097,0.009576508341805227,0.004691622628721237,0.022769180371621837,0.09233289620197803,0.029726559324021976,-0.011448939352929864,0.020598271180102143,0.015419072770204895,0.05306402938015106,0.0014471903103342296,-0.00042715875125845434,0.014239534728468475,0.001937475200135281,0.00372333667406586,-0.0006388364885443967,0.04094827155709052,0.00023857160026277563,0.004334495574014059,0.009734925500486408,0.04860053429513127,0.0009057299833446644,-0.0027150120156093083,-0.006272137020166308,-0.0036527102885968634,-0.010169415873378471,0.01706751310858992,0.005204171706402399,0.012152581836380974,0.03928705463036063,0.014266394598380607,-0.023258340553747345,0.004693840133040603,0.09415681994596675,0.004924671195382036
32003003317,0.007525641562367916,-0.0023321988649515563,-0.003946213041421863,-0.005438538410235688,-0.022307519117463794,-0.0034823970512936893,-0.010553905632473557,-0.00023948831888038393,-0.005550943368040769,-0.01884645978708592,0.011361248335560306,0.001173559467626462,0.0023902513943011568,-0.010898948967117019,0.004182975596676614,-0.005300457127147539,-0.008241215522635863,-0.0001821487480319474,-0.06150914188043457,-0.0012128229384221977,-0.01566214022115701,-0.006531963932528787,0.007942249765406889,8.514466360779913e-05,-0.008576509266291695,-0.005324089003824653,-0.017421587317845266,0.0029368005903888357,-0.00019963524788475296,0.012903688645180355,-0.014815022965502652,-0.016635675390221125,-0.010654017740685378,-0.0002522967904723463,-0.006693803640238104,-0.036786230438777254,0.0034719062231877147,0.008157366688598303,-0.010462089504245506,-0.020043724832393063,0.0021609408203047626,0.0015960436227734531,-0.0014362501894816175,-0.004197405715691489,-0.014184550056074066,-0.015344546112652648,-0.0005517017724748083,-0.001776530209823598,0.002001230084932998,0.07586501203554265,-0.00769087070982424,-0.02050350734239633,-0.02079587871009995,-0.004338323629728434,-0.17282717483308202,-0.00269566581114372,-0.0015752431664305172,0.002140600272916734,-0.0004790441692522252,-0.04039630449768593,0.002193533941022985,-0.008806292658727366,0.012119552857963045,0.00487536853488606
32003000526,-0.015306313682362935,0.0020535128674368827,-0.004412306078982416,0.0012062674799866665,0.0008504083393999409,-0.0015316890598440723,-0.0028023293302149093,-0.0038572950058623403,0.0031311811022590556,-0.006222561551969606,-0.014914874980488647,-0.024156688609779438,-0.00301648584446484,-0.012105613260861948,-0.0023235057967838165,-0.01641075671146947,0.0049186690272421466,-0.002469499153493819,-0.003217316063962755,-0.005536031373392477,-0.01056635062344484,-0.014832284113624567,-0.016944898100007735,-0.0010656907757621065,-0.007672234304410688,-0.004149801183046728,-0.0008236367850826836,0.0012113208368788066,0.0019687451022216253,-0.05429152671996922,-0.00970678698556937,-0.011953776608101489,-0.01353951242303829,-0.005440042878758114,-0.007990657337371511,-0.029310969318922925,-0.02384092202233847,-0.007898448418599125,0.021244712576115828,-0.009896587526603919,0.0046962972811626725,-0.0020913571716620486,0.000616265074180133,0.0009085546209139112,-0.017472777082671337,-0.004394725629979023,-0.004475237820125544,-0.0029930109352603283,-0.003835136500161286,-0.16417010627442996,1.8277218079963482e-05,0.0005579666893558384,0.00236371097316889,-0.03742306326289917,0.030835977879498044,0.0010231846252821736,-0.01074161604072578,-0.006186980193688064,-0.013612962806844861,-0.014888717901315934,-0.00046864858938003626,-0.0019773858421626997,-0.048967863529180415,-0.0028630413985431904
32003005355,0.06156939776283373,-0.007375893336586456,0.005849772697731704,-0.004608900448889875,-0.02889529189597995,-0.006672709663206314,-0.003162360924702884,0.0013391575583295014,0.0035515148681711955,0.014678966815313324,-0.012455334821827667,0.002785846134770706,0.010499258907707889,-0.008918025000035181,-0.0006496089321057538,-0.0006784732855230019,0.0015524732787847236,-0.003039201749787986,0.06941200128862415,-0.0021052998121614524,-0.011556568460290491,-0.003337786011613428,0.05114026136530197,-0.008828095492833556,0.01721860593226732,0.0007922410496859391,-0.0018297641437077456,-0.00042072948450754764,-0.0036980386809393074,0.013646142017060322,0.007839382583486343,-0.0048189509409135006,0.00982769348536791,0.024894694152266146,0.002201765755771016,0.016765865762630023,0.010007094222680634,-0.011873188102312977,0.007624456059843443,-0.006574701323161189,-0.00408696731417953,-0.0024150644730355415,-0.005560972117688068,0.000586750972544244,-0.01586074017894432,-0.00355221708901821,-0.0028980346860004555,0.01454516018936167,0.003746157882001443,0.04722723182143924,0.005416623194578811,0.008972383345977617,-0.010719316497371394,-0.014644770143243235,-0.0102432097924978,-0.003499350119091152,-0.003797844317987494,-0.0018285584370862221,-0.007651565948352176,-0.001137097933686765,0.0008740324208408942,-0.005893256963258685,0.043818987479722994,0.004393273279100835
32003005715,0.006409987188775391,0.0027784198937239753,0.00042261028055626493,0.00043687166802652524,-0.02365136354517262,0.004669818823269272,-0.007890412498140204,0.005217514757542187,-0.0019075526509537333,0.04528927455919009,0.01898974508757119,0.000514518349022944,0.004582225276217118,-0.004752697304828194,-0.0016684466539036767,0.021993230096736115,-0.004162641397244818,-0.0008797841484533172,0.028312709358497442,0.001535137597079573,-0.004753611303415663,0.0023404079216574445,0.04841653263699285,-9.904689145113558e-05,0.01404348216330047,-0.0006017280797587402,-0.0033900008542674226,-0.0011097275008033884,0.001220564552505668,0.017698129624261996,-0.008395479089003432,-0.011661209400612675,0.0025095684877317606,0.018801536760354478,0.0008948397854870708,-0.0030139604172627617,0.013777590758401506,-0.004437587735823186,-0.013696549100967709,-0.015070049349635475,0.0030952226607561355,-0.024392941721726402,-0.0004663658910883008,0.013941571463127765,-0.011999381673072254,0.012584541359285276,0.0010026411055476,0.015199306988509598,0.004803195834203768,0.123176558605269,-0.0018809236230691747,0.02546616308215267,0.008390336352998958,0.12319671701737527,0.09723649472721232,0.002046835502526271,0.0008492844854431698,0.0020283515686745405,0.016687510643541133,0.0430795853708237,0.004030628927504739,-0.0020652963544143957,0.04257844797975155,0.005924148700167561
32003005846,-0.01000234211697882,-0.0014689454405829921,-0.00479999074521274,-0.004695666027588626,0.002434933975073596,3.0313674701404134e-05,-0.009014571299148856,0.0002851224113572693,-0.019510183865006536,0.005509485129492734,0.016343745723707705,-0.0018331694088476722,-0.012635607632608155,0.006303567296068077,-0.007061688815027361,-0.009457771720842131,-0.023945718884960387,-0.010774348786875667,-0.10666761567855006,-0.0020618975089443576,-0.00935577469992294,-0.0046926699127670364,0.04276832934025587,0.0016013087370910426,-0.007827237398705318,0.000607405709058876,0.005273561404970583,-0.0035141405680662492,-0.007980005415705942,-0.027750463516310962,-0.004224834794637519,-0.031208115605725506,-0.010601816712264246,0.009203368231842583,-0.008975081756887033,0.01237523354666788,0.0027557397592408222,-0.011950593053786195,-0.07120136931557866,-0.03094325379685572,-0.004458305205899713,-0.043268010382155726,-0.0018511056834264294,-0.006065302101186244,0.0006050379175156638,0.0035168537607997465,-0.0021548307570322797,-0.0012567879845513336,-0.0025435298522443555,0.027959361247406795,-0.012500517432884979,-0.040751494536398834,0.003515559116277616,-0.0158400864293238,0.032499410401901706,-0.005740437495799331,-0.01258894594372807,-0.005835039127092064,-0.004801233286782205,0.010965613824084196,-0.00022916189048850409,-0.008185631837219624,0.016620767663493522,0.006181014456277378
32003005839,0.05093684042069673,-0.0013696583896678377,0.016591040970911356,0.0027634543753038794,-0.03132485707888465,-0.004998089900075229,0.007283556812563682,0.000985536864663949,0.005653668409021442,-0.0018734881526021748,0.0042793939539840665,0.008458688017298672,-0.011889236209302314,-0.01145092355237021,0.0031082698895552353,0.0071602533547692705,-0.0030548736147758843,-0.004634962071717295,-0.0140173199488817,0.0005911673157442373,0.0034184211653415794,0.022508231226598223,0.03647931669279699,-0.008379357847146286,0.02567161192432447,0.00998497294134343,0.003919913794820339,0.004994587305616159,0.000660678485775347,-0.06626550859684048,0.006497274506970479,-0.013872726130648159,0.008075834258781873,0.07018076973653509,0.015257037912712454,-0.02567447818017204,0.007363256956973154,0.0022830279813129115,-0.006424387227850474,0.014900009467949666,-0.0035152244386997453,0.02440335360293185,0.0020718542447072004,0.004059550274204213,0.008820773444674707,0.009229021793698843,-0.0035184994930482524,0.00027381195597540246,5.259544970941863e-05,-0.03194534745986028,0.0007319749482119513,-0.005075096685218885,-0.007204601337524746,-0.04859218983565286,-0.11524115902825399,-0.005048374825665426,0.0003605334918765143,0.0030642047788436632,0.009717480839280692,0.03345021992377078,-0.017780972467213278,0.0051986897555056436,0.056818444999912135,-0.0037189574559290057
32003007600,0.06123056967944096,0.0011473316999283999,-0.0018953675088519268,-0.009014007941561913,-0.0476385178583192,-0.028277831584245062,-0.008208461587017376,0.001453049744329207,-0.014494069634193647,-0.02825807245711707,-0.009015989154305416,0.0059117487645523655,-0.041054732398578396,-0.016975264191338043,-0.0011586442172469011,0.011371480737253917,-0.006816391903371483,0.011672267488339492,0.08103275081353886,-0.012538806658067907,-0.014180611431216336,0.02378966083333969,0.02275029541512616,-0.04758676695415018,0.015402762001172758,-0.008281446823438968,-0.007692508187572468,0.004499056669899392,0.0028958281317753545,0.006059523134607781,0.0009922012649581128,-0.010645196787805823,0.009654532578616766,0.022732125498895653,0.01891943823882435,-0.033873876739688745,0.002670135811350397,0.011156777680475686,0.012004032024046834,-0.002064295763756322,-0.004733741314286172,-0.002166361793017621,0.0011608503806926848,-0.018917542583629567,-0.007863588983063802,-0.004164988377286912,-0.0037494041593975737,-0.004303215414215033,-0.018741966278980608,-0.025932060619809957,-0.013376980405444086,0.002899480854651615,-0.007107460729828331,-0.0173335148712091,-0.10878141067269097,-0.0007076681325288773,-0.0016901588933951055,-0.0040915385003565865,-0.00605640735824278,0.03178072076246581,-0.036594298218388874,-0.0019286964580917812,0.041927428117997934,0.00045490988300158383
32003006800,0.11474108501002533,0.00714912221878028,0.005508934589160782,0.013272727543807279,0.013113143510660119,0.00442210195399962,-0.0007413171236838257,0.0018906975570644328,0.008572114110043584,-0.014175929092099599,-0.007953520675785124,0.0049885776815923105,0.005596959455876727,-0.017679268001858168,0.0031180858579280745,-0.004213404498955908,0.0019154202111254792,0.009483151924963643,0.032410879671387706,0.003686857950826919,0.009150498274723615,-0.0037731189069480403,-0.11173973101586288,0.01251604744690986,0.0033195206269648367,-0.0036046582271483853,0.020541310294942917,0.002099101829973619,0.0018372454581629795,0.0056938373291993,0.009258626793341388,0.002993485244567929,0.025612983509643427,0.014296726820382324,0.017523458420442756,0.006972482795012472,0.015890350902043212,0.009728366469633208,0.03933823523183395,-0.003945288795404699,0.010040239421448022,-0.006621675708121216,0.007312092522311332,0.003025742804546927,0.05882861818821993,0.008580789565460937,0.0026305574217887883,0.005914395997518263,0.002653434142397875,0.1436753703553334,0.009816139679605967,0.009933186183436379,0.01138133803955899,-0.04892911627205319,0.07850626057529017,-0.00022194477164797887,0.0056248297451936815,0.009757882663248067,-0.004734367433764417,0.0110648822976627,0.008978552899939481,0.008575120378741941,0.037361582870420185,0.008675410847503614
32003007500,0.07564212999419566,0.0001769222299679184,0.008473703746219714,-0.005885183416301292,-0.024223569269842742,-0.016303137059579045,0.005793241080690827,0.025315501920943898,0.0018128643524547483,-0.0074012225176288155,-0.019207002387190808,0.0034880473436761186,0.0164443647942641,0.037580234022533965,0.0008452628858205028,0.02622309359641566,-0.010296335418235374,0.02491096454708003,-0.051138673336786546,0.0034477899334389673,0.01380274200910653,0.0028556084752895546,0.05524032222487508,-0.0070146111907319385,0.02694958979888478,0.0020457837073915124,-0.002806804656590229,0.012566465121443163,0.0043857746564903944,0.004152661284850583,0.012977670541142456,-0.006525722929130452,0.015853018248809095,0.03239280432932592,0.0037565208086278315,-0.011245026239027118,0.009140929537098873,0.0003227474940935651,0.005222952374104808,0.010821278163889574,0.006705429523036502,-0.007598587293315826,0.0020684471029913396,-0.0005853636961242588,0.005056461474636533,0.009916748550767731,0.003996179882314096,-0.0035026142653157336,0.0035802026156447225,0.08924907446992152,0.008985165246415076,0.027196613215512304,-0.00670206207911532,0.11227353105278186,-0.10431846250819328,0.000517489421733403,0.0068731275375972815,0.005743908732815653,-0.0005739805460467204,-0.005876735403195126,-0.02292085987019286,-0.003382710440718173,0.04836609147126391,0.01796806437155841
32003005705,-0.04091068485997775,-0.004357688384730562,0.006462298369995791,-0.008734019089042706,-0.02536816293836847,-0.03112846532647068,-0.005155827349484163,-0.008387415217919995,-0.025628729353412007,-0.035971189649177164,-0.032533581171309646,-0.001078594311283859,-0.0436088380602642,-0.017439346028224827,-0.0032707313064104957,0.005442546916570878,-0.01689696217465433,-0.006192182514048742,-0.08906930058668183,-0.00398237880638476,-0.012823471554094369,-0.004996741147933445,-0.18349340818618656,-0.022687449702385527,-0.009420464794504224,-0.0055061998745801035,0.0028903166044875117,-0.0024679630803060544,-0.006263564165240037,-0.010033914608827901,7.620346649553208e-05,-0.02750889812548103,0.00884573513221896,-0.0031069581914702172,0.004174722561138213,-0.06050693804983323,0.003286178599430746,-0.0008345845423110195,0.008256590118758402,-0.01945844872826729,-0.020806067710731492,-0.021136794304266727,-0.005091759112878414,-0.020608040048448066,-0.004046865386162374,0.004615660039958915,-0.003694882186325818,-0.05431617655722699,0.00029734927323266753,0.00859550802203128,-0.007989907521952586,0.008680787567863845,-0.014497643839349279,-0.10173427411234699,0.03263918033624089,-0.012260484119039768,-0.004456467835907448,0.0043617515154483364,-0.021899327290968752,0.011284098693892979,-0.03933304528512203,-0.003938126553373745,0.010630793055467902,-0.022084090501804085
32003005843,0.029544005831386357,-0.0024629900921918696,-0.002264615434409696,-0.006018584548333613,0.007874866588393752,-0.002910866040412613,-0.010789597827120682,-0.004016709266019744,0.0022185045907912437,-0.008174561613837306,-0.008561362145999944,0.0035502698027518494,0.0007857063456066805,-0.015194944507524785,0.0012399906064370562,-0.002969200902932952,-0.005382595413722939,-0.0019858980153875322,-0.008296783966743701,-0.0062917250891785115,0.011150981248628655,-0.003990159127040023,0.033430627346906626,0.0024248638371419467,-0.006460909936774895,0.0038377302770146644,0.003743928718640921,0.0035469697522862343,-0.00818946406576265,0.018494704706520343,-0.017461851610048883,-0.004237000057149502,0.003803735265268822,0.005798887299909471,-0.0017206050112521143,0.003715968579373289,0.0053326365646408445,-0.003664807856543597,-0.02561024295201635,-0.005109932889623835,-0.0027501068799169223,-0.037977146669338,-0.0010244639169044317,-0.0007771023732706974,0.010855960642770824,0.008354914741933228,-0.0029890450207071644,-0.0035485531354465427,-0.0010390674014949127,0.06625667500014105,0.0025080454527872404,-0.011506899136895864,0.0051881981548813245,0.0017879904097304522,-0.10985912130248211,-0.000608100209095992,0.0013844774577803952,0.0004486564080458348,-0.011290008482497473,-0.0022549458967336556,0.003682128956285083,0.0027946132583989347,0.008830964721998735,-0.010224379907232293
32003003307,-0.012361059711554948,-0.0024343112426617646,0.003084255764931927,0.0051457658281996565,0.013613220324285552,0.001038868178093467,0.00041945230116380197,-0.0008073114144684416,0.0025312820397336614,-0.0018732320975535194,0.005848008772198014,-0.0005869831506335871,0.0034485911982951086,0.005177683109751273,0.001561655216798659,-0.0029686908318285795,0.004983951859923535,-0.0032885873808208995,-0.00782270040744998,0.0058514289880579875,0.00974372968935199,0.02153761349870369,-0.0045367800999880255,0.005796229787914231,0.0029763514507874507,0.003962011641667497,0.005863393167587308,0.003853118826641286,0.006230804635911088,0.02542952768512669,-0.0010716962707362134,-0.00015116649726225348,-0.008025409261349519,0.013848789548866468,0.005394833156946012,0.041860755994974845,0.009882679494344447,0.0014434339217578162,-0.009537605643182255,0.005880436904678844,-0.005498813012368031,-0.0009753911589600795,0.0024267989929341927,0.00400438672720476,0.021233483442104233,0.008015166878426641,-0.0008210347076688447,0.0013752145973349049,0.003986733727563754,0.09652318095138732,0.002924024872766059,-0.004328129869854072,0.007690851675697566,0.004990905305013615,0.06827887688344704,-0.0018268427783016098,0.005599085066898941,0.0003718474070277715,-0.007879306544162972,0.019834142660050198,0.007125896370182208,0.020203157839753502,-0.004564372532944116,0.007700196981093122
32003003634,-0.04360368503480446,0.0010624151817109084,0.005133110063501773,0.004212379415837516,0.008915131955568322,0.0034289312228602976,0.005184264053733169,0.0010188395046499337,-0.0013605085468631438,-0.013045505245388557,0.0025508251582507546,-0.002834864556445532,0.0020379080096182244,0.005574693924448598,0.0005939743121084943,-0.002401630536377026,0.005315292930131059,-0.001156372307555433,-0.044300837868156695,0.0037288090624785597,0.009887454190135432,-0.004068508263623678,-0.007454794809764069,0.005820681935725088,-0.0018021764545190927,0.0007605183968041225,-0.00229411319408578,-0.0009570495459689369,0.0029170436531179445,0.030805898289864412,0.009942544378550319,-0.009976576854275594,-0.00932036815743919,-0.0032746180308836233,-0.003212282746769689,0.01096711021371187,-0.00046480871423939943,0.002548898804938661,-0.018744275811485883,0.0025099585485144622,-0.0030648324885169213,0.007335879517330871,0.0024610654396668946,0.0050989839762124334,-0.008360775477981227,0.007717810176019174,0.0001726904099119289,-0.0003974765373093415,-0.007594664465351898,0.038078513854929,0.004450585600017959,-0.004094628352704428,0.005206250795284728,-0.024677399254352188,-0.062176719153710924,0.0009898341134484858,-1.8657632668447238e-05,-0.005625153515610513,-0.004853791077117082,0.009238109392225689,0.00047210374659637986,-0.006674083492615823,-0.016154626848244504,0.0031684425726095206
32003003635,-0.047448997382062236,-0.00548183827285496,-0.017667386798698493,0.008176956144484847,0.004479481484404598,-0.0038016916020717816,0.008151467972043547,-0.0007483199193892116,0.001844052996751812,0.018051475526948087,0.013348952991098065,0.003327629532358621,0.00601584458379441,0.008158822183250708,-0.00024523834897012016,-0.0038321658853716985,0.005229623263957033,-0.00020776897191136158,-0.07668893011160971,-0.0013422619492368594,0.012962830269330034,0.006789850079606815,0.04670338091178639,-0.0007236609440389017,0.021462544123457685,-0.006779726705480759,-0.0062325864930277836,-0.0032994190807149296,-0.0019600863604128157,0.015420741467642262,0.008188484478064861,-0.013249599540165096,-0.006452792046268227,0.0013390029317798652,-2.3256697989182103e-05,-0.032237639186381714,0.003590957931960458,0.0047193476946869265,-0.01532102587512123,0.017165531054773715,-0.0005773595711601266,0.012201611279649796,0.0020466885111251588,-0.0002383263341165855,-0.0009226324135252731,-0.004110548913950687,-0.0011471351740519268,-0.0007499222563891812,0.0021623883349788592,0.08644379144957094,-0.007498728260881181,-0.0014921314702538407,-0.014996271126544343,0.002706146452879786,-0.13271384687835006,0.005692978585801192,-0.003722290254990152,-0.00048706206575925483,0.011296453021624322,0.015095687378981995,0.0031041453504102212,-0.00549254478978504,0.014709738551570794,-0.0044611056998182744
32003003644,-0.0582798820597991,-0.005795191169636974,-0.0025616078014487303,0.00012377465958361589,0.0021295885901621704,0.0020932851092397295,-0.011855060417936072,-5.240456742867928e-05,-0.00438043884741186,-0.016371110521632284,-0.038745959731418894,-0.004985285007706109,-0.0015394523790898261,-0.009166570320795328,-0.0018394667600755987,-0.003263453841120951,7.791065316399906e-05,-0.002221328252218227,-0.006518077348751455,-0.007254447993730284,-0.002668305343364065,-0.0014351219796172852,-0.0008163452712561781,0.007344317220182344,-0.006660398413472962,-0.0011263068018119366,-0.0045607210388455615,0.0034842598063201634,0.0003064057498011876,0.01161562870564437,-0.006345509024078472,-0.005569935812979216,-0.0030684559958286364,-0.003789417565178845,-0.005792474342875806,0.0002691348268278137,-0.0017956870736426094,-0.005965195455234627,-0.0024711612427872035,-0.01667645360554969,-0.0031781781828495157,0.004122033287058665,0.0002774039261133074,0.0037147512165837506,0.0004923043509599053,-0.00937119271865314,-0.00101566880681667,-0.002192373687445281,-0.0031026527063694985,0.06325626072359765,0.0005375508899271051,-0.014022796823484647,-0.013306735194602966,0.005056597976711648,-0.18061044350267014,-0.001356112685920883,-0.0009866632006546522,-0.00931217596746053,0.005894021736825307,-0.019834623792251545,0.0023729722995961752,-0.007981240417258402,-0.03115424721013731,0.001739478110087263
32003003642,-0.016404432756318584,-0.0032892974855970496,0.0007339269424104288,0.0002355711245105619,0.006422617225368003,-0.0002181384973818034,-0.00509866492605697,-0.0021316587595003717,-0.002935508708981922,-0.014889802765690519,-0.021030373163030126,-0.003930260207480142,-0.0001942702145627417,-0.009017497808700314,0.00018843337761223,0.0014086395721300965,-0.004301554397465553,-0.0036846188750354284,0.0004690269390700767,0.003844017764861566,0.007709863565025333,-0.0013477270157735335,-0.12220225505023875,0.0008192950783013653,-0.0022145283409747167,0.0021578493366294013,0.0041531057277193,0.00010033351457090081,-0.0010024358002236682,0.024223613828804634,0.0033199050054569814,-0.01134924864388537,0.0058326092531251995,-0.005597024573173087,-0.00045229740192745334,0.017936172432056453,-0.012865743728050619,-0.00882678585528444,-0.03989502024029533,0.005654941071147699,-0.004755912474707835,-0.006261916498161088,0.006783300014272276,0.001940289521887483,0.006992849602227565,-0.0032589873888745724,-0.0036223107150422105,-0.001065137797586542,-0.005763767554101184,-0.16699153722931007,0.0034968906185867607,-0.007893495878281831,0.0014519742708726578,-0.08535559700167018,-0.09571099267457883,0.004469085896015808,0.0005344880023694172,-0.011256024058734205,-0.011892177882273201,-0.024226455838042654,-0.005385411270561604,0.005501446437384942,-0.04779683269618638,0.00010959693574404095
32003004926,-0.018901571377598927,-0.001032667449911578,-0.0028881103031543932,0.003420334555271181,0.01202476710469739,0.004905210886420814,0.0009965518845749647,-0.0003010622485929516,-0.005485609545972632,-0.011552355112172868,-0.03327801139939322,0.007228635694002068,-0.0021030843168345073,0.023073810467008713,-0.0038053539385633855,0.003670940431129255,-0.0017066122092522645,0.003762848410585973,-0.050753879050205966,0.0036541021798432234,-2.1826674071290783e-05,0.017435154686304598,-0.07784758897273712,0.0014741379065012674,-0.003461009344610067,0.005086751551517059,-0.000591868646297962,0.0004518115697082674,0.003076897387962736,0.042032710193580014,0.0037152322220766624,0.0009852161503735896,0.006973214460278457,0.00025709190846555694,0.006619726411244477,0.0349104329641551,0.014146264064301164,0.0024675804248632275,-0.013397144422633145,0.02314301265466131,-0.005651811400749773,-0.005797622129779568,0.0025956136637742796,-0.0010815424044784458,0.024948140854585153,0.0006810082615611459,-0.0015007247012254127,0.00013805645177845737,-0.00025862162244314076,-0.007117803674008767,0.0018960927538173155,-0.0089876860457307,-0.006967987532763954,-0.053780725088763234,0.05979206277974858,-0.00016565265003947984,0.0008900989449825147,-0.00401137417969075,-0.007462363762533409,0.023150447580483964,-0.0027126070790107195,0.015284050376681436,0.017607053618774692,0.003781359847142977
32003006104,0.06277167562217272,0.004839704861470973,0.029111373373198,0.0054485444279333715,0.035035497398796606,-0.0057263342084038875,-0.004555676085360696,0.06983830746360414,8.779387288283234e-05,-0.009375633086736751,0.005103086009676961,0.00637451657755353,-0.016395442258812364,-0.006985165260536842,0.0008252098869514176,0.010949058333388325,-0.004758922778140482,0.01967984658887597,0.15453261590283188,0.01830448275018682,-0.00557631752620473,0.03434330870659017,0.010954742475706353,-0.022898143590250063,0.0605712571581068,0.0029516235546998937,0.016201328019787214,0.003713071348869687,0.002156393993202126,-0.025351280755734836,0.005019201538842473,0.0019337858919015773,0.006957857385112886,0.0712782610659933,0.021782900069861683,-0.025090733631034784,0.011784937184066374,0.013481592286603356,0.03743286784121043,0.01335316331755806,-0.0009799654319511532,0.011958753204897147,-0.0017166428539172197,0.003529984332161932,0.006696715317581806,0.013475541975483145,-0.004118038105567529,-0.0009867057470543488,-0.0030377683401688216,0.09321771824609518,-0.001003949518062501,-0.0025466668219146357,-0.0007636896623594605,-0.05375245618722841,-0.08804561353156218,0.008598288580491177,0.005255147693317575,-0.0074093881946666554,0.014418760732695735,0.05270674252999913,-0.021491397807131503,0.00998397190789824,0.06126803576028021,-0.006309943256364674
32003003314,-0.004227997613490966,-0.004626163542907274,-0.0028544013104410447,0.000895683302970173,-0.014456144734257569,0.002956330360825257,-0.010244472513450065,0.0008303513658271362,0.0029800661835532407,-0.02402458098955084,-0.02278655092472283,0.003358697358727932,-0.02437085830375944,-0.012579048926365036,-0.002449389089362694,0.0038695296493585244,-0.009589894384499602,-0.0038984318212602217,-0.13311372482551848,-0.006877216735363133,-0.004768745553747364,0.017576698986481325,-0.042068900760466585,-0.008887823133812953,-0.012300652591431226,0.004105172838103627,0.0043297732862216266,-0.0009649000719777226,-0.01020993349136959,-0.10159879831866547,0.0016788476864802177,-0.02320186797470021,0.007425375608507597,-0.0059411467194332305,0.008397099388715102,-0.05759449127471281,0.0037132343562014947,-0.001212136712813643,-0.02484316598282399,0.007047906294552278,-0.01775721745528982,-0.021509004257142014,-0.0034308683645221287,-0.0012908088939624733,0.02202003497870149,0.007301191730553206,0.00043340479127286394,-0.04884429585859526,-0.002812826533951851,-0.18036872311692898,-0.0012487509737293973,-0.012675812239264792,-0.010488626661436013,-0.1250570410589501,-0.17299699574667385,-0.00765746382436253,0.0025128220122581507,-0.012372717063932203,-0.0222172366555287,0.03310200068094518,-0.02355194870505806,-0.0012394888174139997,0.00887484622285111,-0.011265930855809979
32003003620,-0.04399160004068622,-0.0032809357383375773,0.0007721747379857206,0.00033338407942645515,0.008028743537058082,0.0022228676592875116,-0.000894918421167931,-0.0035263666870821095,-0.0019491712628182847,0.005378546873645288,0.01262518760170159,-0.00391954522003075,0.00014121416653103752,-0.006849738572084183,-0.004998467498218412,0.00048708369622425476,0.005161475613152468,5.186654782815304e-05,-0.036188730157515545,-0.0048659599255243624,-0.002472741256363075,0.002395222307372781,0.02621842668510317,0.0014905294400972048,0.007013366356417771,-0.0032366539432477537,0.005615461365596465,0.000683543432784628,0.004314794956165531,-0.008723929925229953,-0.005180059263395711,-0.004488745418047323,-0.009783049833062928,0.002247744082702809,-0.0026798831735100614,0.016160292908365383,0.004828292465461122,-0.0064326944718565955,-0.014243923193561827,-0.018810484357152192,-0.004438354992339223,-0.016565540489877528,0.0022212030041513183,0.006184908493937156,0.004558481830530922,0.011652768607000749,0.0009462294382428893,0.00189576344421149,-0.004749315041201952,0.0970757197925408,0.002549395646785282,-0.013044274186034642,-0.009741222332062682,-0.0092695249747595,0.06061658379329503,0.0010656175128254009,-0.001207353905485786,0.001338067874897995,0.006489082925447187,0.00928237245507007,0.005100332314681676,-0.010985449586061544,0.011255766926592262,0.004862617719116628
32003003632,-0.03948844892018307,0.0033146195418323333,0.0062170369323182985,0.0015299179852459061,0.00767181561621652,0.003271368615954642,0.0019828032445485745,-0.0018409165868071868,-0.0051619886185510135,-0.008657050030146034,-0.00396870862615593,-0.005030800537876902,0.0029536277498078797,0.0040373933295418385,0.0004295135946910633,-0.005057190120777212,0.00597597878456949,-0.004206790485067514,-0.04506995427132288,0.004446961585333184,0.000512759628224377,-0.004171825520666143,-0.0019017414324392474,0.006387924807778859,-0.0017664204767810518,-0.004960385499389876,-0.0035673586764498858,-0.0001922971876126179,0.004428238259340717,0.024318929480677157,0.013529615048081083,-0.010448489903057606,-0.009803835176447671,-0.002623942058964525,-0.0033180370181649563,0.014179138047880086,0.005803906818434859,-0.0009182403956624838,-0.012181378827948218,-0.0021649715289599144,-0.001883327583300638,0.004455574212795124,0.002589442832381049,-0.0003360830016279939,-0.005270147713672743,0.007296627942902155,0.00020818379001743902,0.0018506596863392707,-0.004194926924555732,0.10173255805279412,0.00398469037297485,0.021183716890052794,0.0037822205927076935,0.0038347371009658346,-0.06264881313766764,-0.002228303239435419,0.0005525795803572062,0.0014376302732417652,-0.009937143975059763,0.004031378202485392,0.002973897097796072,-0.0020577494135087943,0.0003866113288692984,0.004841034848184148
32003005612,0.07553763073114515,-0.011959071193930982,-0.0013109938154193183,0.0018858664349984833,-0.008424192459693319,0.0009309132868378321,0.0043275293105644735,-0.005068194585122203,-0.009223785051629307,0.018778191181326526,0.02608410553531804,0.003076075109786787,0.003347533247590463,0.024012864745748704,-0.002765886178495704,0.000696662562634371,-0.012897628401945006,0.0015320222996645057,-0.02616048052355825,-0.005132834610616653,0.006130360309798404,-0.002661028845399646,-1.1764176301897942e-05,0.0061902847532958015,0.003084779872937441,0.003726600080257791,0.017446554159164723,-0.010889336497574328,0.0008494040924865735,0.01704243941449337,-0.002938210738353979,-0.01339486354380462,-0.0011922491289698659,0.0003288060612265716,0.011793070051470421,0.03196474163915294,0.010385857104075987,0.0017227242143940333,-0.054959425673270834,-0.001243306387406787,-0.013315641637059917,-0.014534702031441924,-0.009558788610417526,-0.003954492061169132,0.027166931047588962,0.0021414928144631766,-0.005271611310884511,0.0010912572525068381,0.0004595980467256805,0.05703566971493,-0.005062524529135524,0.007737034853192957,-0.012665744868241157,-0.03378404273818716,0.06226730531510904,0.002929243144303561,-0.0011663875488606697,-0.00039394850379239927,0.004133338091050235,0.03376694123474547,0.002521409430133847,0.004520498509380759,0.05019742130313739,-0.005861058263749639
32003002811,0.0312606090173706,-0.0003682918017773741,0.0015123154862371501,0.0017773178173519125,0.011396897150057782,0.00658627582043627,-0.0025797850868096196,-0.0006300639964241067,0.007487596882521651,0.0019256887075067596,0.00029851830410780475,0.007239864128062139,0.005020011590226674,0.0016389493095229348,0.004568643887246903,0.006304561215384207,0.0030577140411881146,-0.00027208288951767923,0.0272799999372859,0.005888963484337132,-0.000589219377234277,0.0039578123590408,0.029786446627343838,0.010481728338318274,-0.0038992950917471248,0.002400487954189147,0.008975810399065476,0.001892783259427644,0.004841531738523035,0.026535144778334418,0.0069198260499025565,0.004370063960387057,0.00572720415439614,0.001720224295347673,-0.0007511721986255476,0.03456466247512483,0.010463486716135029,-0.0033250915540388422,0.013324081968389202,0.011986011947419929,0.0076355143672261995,0.016803254856140537,0.0062860291608552174,0.003379116609245711,0.005917798165292452,0.005377037149523018,0.004503340049680754,0.0018495889291984598,0.007739907562776993,0.11260015207660926,0.004154702111101351,-0.0026402148624590357,0.010739302007600787,0.006069548966992526,0.047914035593535916,0.002525332739643191,0.0021370211990552512,-0.0001717797061556957,0.025364141787412295,0.022683767124924686,0.008807855101880247,-0.0022904760205410854,0.0020867947467919958,0.004827131089339885
32003002828,-0.018975754783491384,0.0007535244371195394,-0.003691090699728611,0.009169563586010189,0.011330659273680299,0.006399609269009248,0.02486189702152433,0.006745765303985706,0.0005970689826312939,0.03391714768491619,0.018447372532237757,0.011878665201841257,-0.010571404971275244,0.026238733476317916,0.0014918971033798239,-0.001283394780870082,-0.0021169543867960374,0.011228145782788522,-0.03236809868770951,0.010060779204965349,0.026426464360293358,0.021296360651418544,0.010774183566016381,0.014205598240250587,0.0014975194273102116,0.0018704346126784907,0.0237475531438075,0.00808136155785229,-0.005149382599670157,0.03781417015283896,0.006147399418304011,0.005333267767989077,0.006761342514284753,0.013970692722738511,0.0023449546289256336,0.035732191509701305,0.014907153886006922,0.003044378345337637,-0.013730908801686759,0.0408358678231663,0.0073768756215415055,-0.001992044415377498,0.00784709376687401,0.002092097153681571,0.061112816596016147,0.01201756289270645,-0.000619935059043414,0.0034761726455227763,0.007385166406875589,0.11570802489796038,0.0011533922371742733,0.03839722720255411,0.013213634834852848,-0.0018094972969050977,0.06303115551371485,-0.0015266782609453446,0.010016549430294015,0.0054043559191139035,-0.0013838004537947933,0.05069646746820806,0.004358063203877178,0.022358948677855078,0.0542163151970165,0.011628661178794216
32003001712,-0.02347627943322737,0.003235830850667395,-0.0018755008971841046,0.001047307495944777,-0.004310043905529085,-0.0020020964392057977,-0.007953764011752169,-0.0007602476507837638,-0.004260124728133536,0.004286331851794797,-0.012383818188099631,-0.006101776643165433,-0.0018888835271818796,-0.011735667309524127,0.004231097994980167,-0.008927850771530788,0.0006432764924716747,-0.002215552625217354,0.012787345423234044,0.009027168200160121,-0.009460467556639564,-0.013375859793414402,0.015415106465133745,-0.00011986524603075998,-0.011104685247073007,-0.003957545196431621,0.0064990421089169475,0.002884860649216851,0.00039541644490829103,0.005108899173775838,-0.0073699240227519894,0.005210258486725269,-0.012083514467669114,-0.00013600962873227128,-0.006146687883570163,-0.008855564922404607,-0.0028533370840348187,-0.00041876119818829154,0.02613502523439812,-0.0008727730205270293,0.0037532252933922226,0.00035158948840185284,9.661444130033543e-05,0.001479639230592531,-0.01635254180612456,-0.005475036848551658,0.0039645386387998265,-0.001845672706521783,-0.005883888171637264,-0.17403876104392568,-0.0030609341417264786,0.0016390938989347351,0.003723585791559859,0.01046688361648066,0.04573162844676058,0.0011143253836112645,-0.01137985405537618,-0.001973352635673409,0.010108982836679298,0.016892396119694317,0.004773091122712655,-0.006234296840560374,-0.04028569928068055,0.00018672711078095402
32003003626,0.006634082522366779,0.0020416416566962805,-0.0023497561139795985,-0.0016142495699191083,0.003194516406285478,-0.0027294516667857264,-0.003937555623853209,-0.001865321468799469,0.004126969420613331,-0.014913478860238959,-0.023230089446873863,-0.0012948618711797677,0.0034773858790031397,-0.00816801397491843,-0.0023263143669994034,-0.0074199895670822615,-0.004986208656333437,-0.0025351871514822286,0.04309869411182493,0.004455486942485356,-0.0036936417266288245,-0.0003861099163344703,-0.013518111941382503,-0.005723240939674488,-0.0023188938798311244,0.004893975280002819,0.013696934222987784,0.001869619795248452,-0.011976858745031703,-0.056406634659740496,0.0004832729454019439,0.0012926110855740812,-0.0020730617200525672,0.025880356305277977,0.0021585547502378957,0.02299780484848448,-0.027410138845150964,-0.0049922234625052655,-0.010388896039704455,-0.015381451842706718,-0.01568984786053367,-0.006556332773440631,0.00234173389000574,0.0006164245187451461,0.016441315982689334,-0.009621970828929084,-0.0018531272435373042,-0.006654752619695933,-0.004388336616987467,-0.14178401795555046,0.00471619030508678,-0.008816401929942373,-0.00211100221557593,-0.04785164913328894,0.04504644021712416,-0.0037869136916095355,0.0037298937007471744,-0.011930249729949348,-0.013113910143804353,0.007647619073861582,-0.002387020904296168,0.00991809466805083,-0.05945415695612053,-0.0018636909447578014
32003005437,0.09543883952694841,-0.0036725664229313405,0.008840091239238434,0.0011789029480013433,0.016817004724034475,-0.018424751943321244,0.0004032180000806873,0.0030181036855364326,0.00816624760293865,-0.008005484222196152,-0.021408323077132967,0.0009261714999279707,-0.022518701521805108,0.034237743192518405,0.002591916134986184,0.008416701473654715,-0.005039330360510047,-0.003965351504199643,0.08282593490950595,0.0025975851408892164,-0.00904996955172692,0.0255849294364892,0.005624674039994216,-0.011297587866078597,0.019231435842077198,0.01055114892819063,-0.0029811907547385207,-0.01354143928471554,-0.001581708882815593,0.015649292908515543,-0.003057493443065388,-0.011149275163198531,0.020634390011143543,0.0037935501460695862,0.014474105378302952,0.024677793970625833,0.015790210651305415,0.010191689003940721,0.0011818820938067813,-0.0066577318315221845,0.0027721898719886475,-0.0013645893314888859,-0.0032613996934089113,0.00016643116342731444,0.004363419170275184,0.004768839916256388,-0.0025648871261278595,0.0018211543322479173,0.004066089281716062,0.046129809555870774,-0.0035945068062720473,0.015790179530433254,-0.01090019625473213,-0.021285545301316565,0.0677387241048266,-0.002179513043528004,-0.0015222152992262288,0.0006188665748829112,-0.007631925782914833,0.038159476478358184,0.005806282127750975,0.015442071857078065,0.05370968424265826,0.012949790017352707
32003001005,-0.008126411018222564,0.0012522281147410482,-6.126045554708442e-05,-0.00126064593302516,0.00979273155880673,-0.003957989380181255,-0.004844903364114891,-0.0010177729099982073,-0.0035634623006226625,0.019942191321387057,-0.05168344730956729,0.00096481766505544,-0.006763091400282841,-0.0081595565944927,-0.00236837537030252,-0.0036709423332384264,-0.002370582095314905,-0.0003173779449193747,-0.007042820111521689,-0.0024492022858261155,-0.00862603496270605,-0.014985789878625541,-0.008932413617931628,0.00234242223032427,-0.007497322553958663,5.065389197688395e-05,0.0014342470824237345,0.0013791720733027349,-0.007248382826756747,0.01145234794618362,-0.006652320687829535,0.005053512929083645,-0.007511458532091476,0.019364176827066936,0.0006235843545813623,0.024758754233986924,0.011403981269081072,-0.002850409159884523,-0.023755090739219574,0.02060235415712903,-0.0035315037042018835,-0.010427626195848345,0.0015311950749928604,0.0021047614386494272,0.006005871659773598,0.0014379997104975476,-0.002828124586856436,-0.0022222508042554936,-0.01663610921043217,-0.03387291667755012,0.0003609932381806464,0.017067109252165594,0.0008191774847687441,-0.00804043063987521,0.056384574784356004,0.0002310912234250075,-0.0009191201494556521,-0.0033701085061076984,0.0025868815892561505,0.023848942330277706,0.0029596048354543704,-0.009628329381076503,0.0068276625463124085,-0.013184553269712629
32003001607,-0.014322504032079167,0.005422899268524086,3.701186211507707e-05,-0.0011256046672860614,-0.002207365382870641,0.0018040270978843444,-0.0009973905273866143,-0.005060985066818777,0.007495847818515938,-0.013470259485293568,-0.009635713067870784,-0.009138486642689214,0.0016430523669713197,-0.009174776691584856,0.010264132185221443,0.018327027961301784,0.010999313901410438,-0.0026602843303106956,0.04337825444187213,0.00434269316017495,-0.001610147194357716,-0.004041366579496336,-0.011645507306975661,0.001288647019415512,-0.0054707688686697915,0.0036037719213652085,0.005826753327801504,-0.0001617301370481256,-0.0001410824766745044,-0.04678463636090358,-0.0004907256738695901,0.012042591257966287,-0.004173398940906211,-0.00308603346729481,-0.00577729926488981,-0.029338840043068307,-0.012598510604337906,-0.004987213438965858,0.04221632631303323,-0.01528738768885041,0.0051429972403259855,0.0013064808476251455,0.0032220209707882457,0.0039096067954307685,-0.012590894334241735,-0.0054052121692290895,0.00926226100191391,-0.0009637816264388299,-0.0009672984705824018,-0.12406451308751475,9.102759788473496e-05,-0.0077720530633011995,0.0021013636049053088,0.007400490121263311,0.037247841212296906,0.006680793456379597,-0.008924523192419528,0.008709018870366864,-0.011376332173769156,-0.03870782030635402,0.0069886324494779556,-0.0012735784430912742,-0.035598746164816994,-0.0005331478179776667
32003005813,0.029364570360703272,-0.0013414254526438111,0.008493877668821086,0.005744818667366638,0.013081004853593493,0.00424709461076568,0.02965985337042942,-0.00011166365966945299,-0.0035540934327038505,0.0015417524539463494,0.020163687229837055,0.0007449489970819986,0.00722515670845235,0.0027530753996451813,8.911817691126692e-05,-0.002952740124500748,0.004889612824659007,-0.0017338886811347999,-0.02594306219348344,0.007250486665219501,0.012114639650260706,0.0016163918147323068,0.03668279593532485,0.010728208779335315,0.00011346842318539572,0.005715510381568057,-0.005125836255863138,0.006753477024546917,-0.00036361365797255745,0.025470174722628258,0.01618432277457931,-0.0008393286503842607,0.012959286602133307,-0.0003334458395994984,-0.0005880319956206666,0.016563786445585624,0.00865216082932554,0.003001323473263206,-0.016500830265722084,0.030760762461927094,-0.0011395463530606506,0.010679896287690772,-0.0022247486505861864,6.412081280800047e-05,0.008541487995175267,0.010966791918939428,-0.000126869372367166,0.0018536323597776166,0.0119385332202021,0.11768469418641642,-0.0019641038221021247,-0.009243261351028549,0.013050354090420076,0.010929526507233908,-0.05649778743797492,0.0032078554832327666,0.008105121778819058,0.0026600685587136646,-1.854373449197483e-05,0.009944162955518816,0.003770827565624572,0.021993245623221483,0.03414932846830363,0.005408189898830178
32003006103,0.07490774934454958,0.00023787142766592986,0.006054968702120256,0.0010009879869789773,0.01213842169303386,0.0030434752074957896,-0.00041203402745439095,-0.0017194072285666713,0.008240136285641202,-0.0057231532359785925,0.020733123203678566,0.004915546627625887,0.0061653240262797195,0.021899566345869082,3.483388451866244e-05,0.017677126112291715,0.006165637568543972,0.008443518263188359,0.011316911676875036,-0.004650628720251088,0.007778694984488477,0.001756363356835549,0.025080542364310853,-0.007064173524418464,0.009479282433773013,0.0048813989182861246,-0.003958315142030625,0.005232824158405059,0.0011674338894250046,0.01590253361760188,0.013263768152635061,-0.007501595498484816,0.013483565752261966,0.010694982306204947,-0.0006577483366188656,-0.016260510403623127,0.009652954533272397,0.005645336315841476,-0.01856763513951813,-0.005879535430469859,0.005017887918118553,0.013972436256983507,0.0064768966389201,0.00028136782564407885,-0.009185839447464005,0.02219587394392611,0.0013077180034658843,0.024904894479246827,0.004791417988723739,0.10789723675384182,-0.00326028912015602,-0.010134802859466477,-0.0051075215915074405,-0.011103705954763366,-0.08668956026593391,-0.002890069332759213,0.002288054655711703,0.002542853485521309,-0.0003362992721629327,0.033457265999781244,0.0031485551775241416,0.006280552265361166,0.048135912777432295,-0.0007971665433835545
32003006201,0.0012920735197430792,-0.005271003555621689,-0.0002854096628075716,-0.0024488977522453288,0.0022598581971963894,-0.0033388922072450753,-0.005957270031868192,-0.0017950675023772913,-0.006062619607403818,-0.010660620724342278,-0.01239373964332676,-0.012961939747141321,-0.0027648129837431748,-0.008481300436523924,-0.00281182217220687,0.007723730124425947,-0.000887688847569218,-0.004534748340130581,-0.08358559415724046,-0.009866110103182219,-0.005976484119360492,-0.010010803346043606,-0.022725071405597305,-0.001327221002762646,-0.003927956753694444,-0.00024596241002387343,-0.008337235275261186,3.5815029391064196e-05,-0.0038846663622220767,-0.0406093778562996,-0.0002273072458339494,-0.03341331372956874,0.002761463682669532,-0.011805215115961101,-0.0013194794497696975,-0.028568051324364064,-0.040966534988395135,-0.011199292627449058,-0.05816425079040342,0.015475197921193673,-0.0058974238486634726,0.001648230475693821,0.002691675134898785,-0.0022182226821972992,-0.016406193420604488,0.004446193998552732,-0.005179776783925213,0.0004832364108678267,-0.005469657556201866,-0.23581489011661158,0.003149398918573847,-0.011096203877932845,0.0011062115122351325,-0.11916382414374689,0.019045094605887065,-0.009680269137187168,-0.0012552686633118997,0.0016487956576906452,-0.014175785847537198,-0.026851529882849275,-0.005420036482799055,0.0036586221588507544,-0.039486969874933185,0.0005336247675255718
32003002937,-0.022363346672093807,0.0031146813072711727,-0.003612020429273924,-0.0019569583421182573,-0.002534817371497958,-0.0023342509629868313,-0.011221869972394853,-0.005095884126275482,0.00603526172238149,-0.016926226835798752,-0.010923974881825714,-0.008849461146133839,-0.0034421398990381103,-0.011041203607292976,0.0012950028717168395,-0.00367209061173861,0.00210186816161418,-0.00250199765102381,0.03244475357436017,0.00319665489258495,-0.007911867514435728,-0.008649865348595635,-0.007230484029481505,-0.0025781947320195507,-0.004908115213028039,-0.000357883326961232,0.0011823468469821115,0.0004861903931202932,0.001154875146124916,-0.035446234377217264,-0.006311049147594633,0.0064633507554003765,-0.009090966162358738,-0.009352794049331713,-0.0053787990436338935,-0.029684940423716066,-0.012226440299584772,-0.0004670557182208127,0.03374821449660526,-0.027177741419209252,0.005669533276931017,0.0005684181030510886,-0.0007254198318131898,0.004331401058874808,-0.01982589670512108,-0.007330161530125578,0.004287190186058329,-0.00019645366782161897,-0.0017970205161112532,-0.15676354486460442,0.0003800557597351012,-0.008342782461480298,0.003739468986377683,0.013103172323302242,-0.0012977346781131484,0.004855199769655213,-0.013487962295698472,-0.004981626874587601,-0.015048767395304773,-0.03686492542818828,0.007088848153297949,-0.002115374254200448,-0.04287398133349445,-0.0037262700782478876
32003002938,-0.03825424754734625,-0.00012950924083741282,-0.00359966448161235,-0.007212771520249706,0.001592215108022923,-0.0033555695861337558,-0.0056409140581538545,-0.00047580391780548944,0.0008406739534917932,-0.0026210109276967714,-0.05412763020274017,0.0008891422188667359,0.0007281298817264694,-0.022433756317967346,-0.005021085323962504,-0.008411517867116499,0.00023389239722486558,-0.00819518944747194,0.007004258899988888,-0.0071853090969227615,-0.0065698588352673115,-0.01313572492463684,-0.04857223680468061,-0.0024539950958663943,-0.007208723507077942,0.0013708873164734777,0.0010177682331102577,0.0008833537323142068,-0.01197266420516662,0.014433201247131322,-0.007128628259433031,0.013571070041272452,-0.014745987336339358,-0.0015480252711154556,-0.0037471800677844535,0.0014006114432108373,0.0048416402795470465,-0.00910337021658734,-0.014748150862159212,-0.022951342402733776,-0.0038216833495011288,-0.007992655988977132,-0.0033485331221239775,0.0005005388827671798,-0.00390727207762337,-0.008200673121061,-0.0007137714799729253,-0.011971706612196334,-0.003548094277938274,0.06069719347508104,0.0012530193510132933,-0.013837560279205673,-0.0031637039503085228,-0.008159358501383449,0.04382606410989772,0.0006181286945351877,-0.0016114337015197106,-0.0008927431726586754,0.00795040841559358,-0.003957267429002142,0.0006148581416087477,-0.011708506453046167,-0.010222350414397178,-0.01325651628004839
32003002808,0.07472722852070128,0.0012531941020798468,0.00321924688750278,0.004117655373128797,-0.009151175621679056,0.009191215278380072,-0.0007391043571985782,0.0017684562772476982,-0.0051258186741634,0.0415154291329212,-0.0047443105027189765,0.004206118181741622,0.007539672628732473,0.021672856925852864,-0.0019454645316955128,0.024866851548872082,-0.010974610835957105,0.002212697081639762,-0.006776877841758131,-0.001699187801796309,0.010257172472450107,0.011869184528865508,0.06256420776853643,0.009346117295836199,0.011108874273095837,0.003194389657310192,0.019122179413029898,0.005150193698587217,-0.002684108376489829,0.018517141556287017,-0.0034621404879776295,-0.00027722989632208566,-0.0019839412205685278,0.018625234887250958,0.009827559045803198,0.0410969361883055,0.010777009729038667,-0.0027734646215121323,-0.023389025344013416,0.018177152518022467,0.0032235495108239236,-0.018904608329512188,-0.005299992404877384,0.0032812600477937033,0.03640650704304638,0.0076866576738493725,5.6327442474404255e-05,0.0013797863773401557,0.0017207468592975368,0.0784760871324857,0.007373183414093565,0.02273214358513587,0.012583209599708559,0.006986557874468617,0.0858764709504941,-6.236285162511727e-05,0.0037035059178662563,0.004873264260461909,0.016739410733910127,0.04312984990543473,0.0012736924425027802,-0.00249965591107716,0.047609697451168304,-0.00473518371853137
32003002810,0.02734004407337413,0.00019203203620703335,0.006622110386858054,0.008458075773957924,0.012509322056152463,0.0031605575711721686,0.0026825432175791994,0.0021027821611029787,-6.42627383907924e-05,-0.0030509246416873387,0.0015876727818610306,0.011528871815363256,0.0062733940347875095,0.005076093196573041,0.005089481850425025,0.004720346621772827,0.0064008055582073,-0.0007733529501054296,0.03822557100210312,0.006519465578197051,0.010315928024927007,0.006617394931637808,-0.004170636528240904,0.00798994918587675,0.00148027334505922,0.0062244870404928,0.015438879807383796,0.0014589027308222913,0.009216759699648637,0.030612929452434625,0.011022072732823969,0.04625182885763987,0.03414325815389627,0.004644151949110068,-0.0016034639421142853,0.04694990430098859,0.015634754865037223,0.014409341651854554,0.01566246053025411,0.04545243717767634,-0.0017328156606579506,0.02004297461271858,0.012706701547897032,0.0003035403994042019,0.02942875953345735,0.00442599718624157,-0.0013604706876276145,0.0019028802926243475,0.00834020882741708,0.12107677147712242,0.00662983841880677,-0.0028251549088814895,0.0004924692967180088,-0.010389844034280643,0.07771503700489385,0.006403502284337276,0.0031067436433695247,0.003450352257052855,0.00698658037835354,0.015206967386294387,0.009824360101104792,0.0012911318134178368,0.047990585461199,0.003377546406103743
32003003421,-0.0012207512574029665,0.0033296276519661845,0.0005804763024568047,0.0013946534023787482,0.010067721604867302,-0.003288942220562834,0.0017611895232062104,0.0016164144818050009,-0.0029536023460683667,0.004424125896774047,-0.011188570033200304,-0.004610551597555679,-0.00013164391253005006,-0.0018878874500914602,-0.0017690776299823163,0.006311008002248005,0.0013002113709811188,-0.001085841649388438,0.03794348726473725,0.004238618516863585,0.021951204315451656,0.0016892166773967196,-0.00934111644369962,0.001589349186831142,-0.0018654610369808313,0.0031279156815211674,0.006908304082924826,0.0022640821597094034,-0.0029345920516619358,0.029838784050785706,-0.006036407684749471,0.004530240897047748,-0.012856376966689306,0.00435187782543316,0.001981093071806672,0.03518818249632647,-0.0023140990254928457,-0.0028528363667643,0.030043484439035473,-0.006194772505894923,0.0031959052476846304,0.003447863287880595,0.0011339612183489426,0.0008282198991457989,0.019041117623024892,-0.004561779613064645,-0.000998912146367415,0.0013029318370978461,0.0025171031446366457,-0.017436765149244613,0.0009013138300745365,-0.008218098532962737,0.002600451071803349,0.009014420742360522,0.06369393867446921,-0.0008894977347035345,0.00468061543404612,-0.007421059175899219,-0.007372492856353391,0.008611178916398208,0.006350772980633425,0.01589756942037434,-0.028433833464182715,-0.004522421681455875
32003003227,-0.00216195115234505,0.0009967038954905142,-0.0007581635934691637,0.0007107789085509606,-0.027884695072326576,-0.0028220928296838295,-0.011675252029064564,-0.004147307868556117,0.0025008509069718776,-0.006299399419369825,0.009077934167409532,0.0033870976328699122,0.0030936331987952937,-0.026281360052434335,-0.0036600822920075556,-0.0035522666884963672,-0.00670610728486566,-0.005729514998192601,0.03214490334576516,-0.005157106438113193,-0.016600613300857315,-0.010480174442773391,0.024920203283438726,0.00416414977636314,-0.007033858956264706,0.0025210277199125674,0.007963536042021706,0.005049317749283542,0.0017022791040929171,0.014303166461659808,-0.014610255211010774,-0.007868077992313498,0.005020723003331827,0.0015115525073057048,-0.005960260060479627,-0.04634395055899249,0.001092896938997589,-0.0065508441157760035,-0.02247140336741574,-0.02419194506402522,-0.004596685137506566,-0.030379754488084408,-0.0026941190455808763,0.006098161339719385,0.0012812909364253642,0.007370086363407816,0.0020833872898926705,-0.0015906156301365639,-0.005568442174661747,0.08503534683316251,0.0071769142641590995,-0.015825065101925873,0.006691108707192682,0.008965616509424068,-0.13494004430950424,-0.0005007444144803215,0.00033113250844557616,-0.0011317052856551337,-0.017295754429457834,-0.04734784171949091,-0.013544577437512549,-0.005078663272295721,0.017984317606582607,-0.009850054650089703
32003003306,-0.030565740185131987,0.0004087273368724907,-0.002167321980908795,0.001271612738369797,0.01042858240446401,0.0034231969648039658,-0.003957803835726593,0.0034823493602549743,-0.006100802489800581,0.0377655002804626,0.031936306630182064,-0.002864852999116771,-0.005632681910522241,0.01747466767398595,-0.005355523442990809,0.003437014820737615,-0.0010050368195728791,-0.0033076790015373167,-0.031060692507191765,-0.002839179315963911,-0.0035992123623936048,0.019835998888224817,0.046703267244875245,0.0029073101825408372,0.008142897310368808,-0.003285067454468843,0.008127533910174524,0.0005916941305315307,0.0025271237341362627,-0.007244467112301986,-0.0046133727291480025,-0.0003474103772610701,-0.005824480662517252,0.013736792361286587,0.00392041813793282,0.025118294456393776,0.00709669759217309,-0.008023718834773113,-0.014910475393312129,-0.010517587762689719,-0.006049793165479827,-0.008664082157627187,0.004535060563640677,0.0030120431310872563,0.005327424681555347,0.006989465753149644,7.95051998379984e-05,-0.00014520547768525117,0.002482166900801549,0.08568396277635798,0.00841643367427468,0.029606035842897952,0.0069887250730748,-0.008025017457479315,0.07196859506847302,0.00010748127609245567,0.0005387858229821781,-0.001902124256233353,0.014063834126135173,0.046775425365198804,0.00226151695107923,-0.005373225493476448,0.022915663804963803,0.005558435236999832
32003003408,0.010089784376784032,-0.0014430000305420583,0.004266168769007452,0.0018442024692622082,0.012382836476205264,0.005006732972499962,-0.0029882025807381465,0.00038914877745348703,0.00039783856295928647,0.03170425941980284,0.0031148000219520812,-0.00018697052419060562,0.0052947707798315,0.023829365847693892,-0.0023691014551638343,-0.002878861834096994,0.00671095860784963,-0.001638881837868418,-0.031236757356722954,-0.0058217278144856765,0.02570930622042027,0.0005419089980472478,0.02141063172065222,0.005284912271258155,-0.0005842231429565268,-0.001063502945459401,0.004326256242206195,0.0026110857691653815,0.002066966534942551,0.019894052788507165,-0.004088623479910449,-0.001524094496217232,-0.0034894628053057184,0.0031546164356403288,0.0023782059543793472,0.035686143461317994,0.00916645328188476,-0.0012653964244521705,-0.008672955519800192,0.004543422007179091,-0.0006973918407722588,-0.012792564190302188,0.005745274900012345,0.006271700313607293,0.010997807618882043,0.0008840780363203073,-0.0011173888886600242,0.0035277716036701727,-0.004850241899868674,0.0911995846807699,0.009847779310435099,0.018653249120036047,0.008856645840435433,-0.007177068531211884,0.06703792172597642,-0.00206958841390893,0.0015788858343156545,0.006300869141279306,0.018124211184923942,0.030979012402648748,0.003461648858834259,-0.006462228154704639,0.0038652054321256135,0.008473801923832616
32003003409,-0.012207645189038214,-0.000285301145055112,-0.00029898291081624154,0.002086623256385364,0.007950546899396066,0.0024140616159431696,0.004149537917918641,-0.0019572088942002245,0.002329492454517616,-0.004369064517229103,-0.00841677196865681,-0.00012443693507424797,0.0016256919039511085,-0.007357063461481078,0.0007102298959778997,0.0165894753090825,0.0003248018659061198,0.0031319965694903747,0.0068254549364851,0.0102241622606288,-0.0011723829261107014,-0.00765807652230789,-0.002618456860870889,0.007117236850400323,0.0029818035346982083,-0.0006248434236647319,0.0013358173567741152,0.0015321458637006114,0.0033223109678854573,0.0017641887997438231,0.007742648182940663,-0.005896402849623405,0.005308370174541258,0.018333480758748733,0.00244110729806629,0.004193671787170223,-0.0058579146528038835,0.0054605117667842675,0.04816413512773542,0.02660593275692715,0.009815316917961848,0.005373749235819169,0.0018655802148761793,0.004743626144907068,-0.00482816483010311,-5.490486429439629e-05,-0.0008165483699031776,-0.0031497554072606954,-0.0015696485028886072,-0.1035681107102238,0.005419129805662956,-0.004251822676566932,0.0041894599786549665,0.0014378698031565816,0.05020792044208064,0.004591790402723057,0.007913435990658512,0.008571527588916116,0.028493592676189967,0.01818365440069912,0.0008153761486051874,0.01703152503252327,-0.033446822763240604,0.004805519210879419
32003003412,-0.03538501145540208,-0.0007699850725257,-0.0025470945640428647,0.0017634771900207223,0.006090547508778981,0.0022898269310155863,-0.0021687706958322312,-0.0016684895313592892,0.0022612779841991843,0.04064378060780657,0.010101420747248247,-0.00250242538532057,0.0015162917221612183,-0.0036302574536095852,0.001226700255017817,-0.010304485492391746,0.00417165654569967,-0.0008493196082689792,-0.013838441984105552,-0.0030780896555470537,0.0005691310642413755,-0.009552787978501237,0.010746141691346868,0.006010165340305736,-0.010054581338159535,-0.0047437817226618105,-0.0019338878698106263,0.0008487655316499737,0.001347337307514374,0.02264398587223292,0.003178223362599418,-0.006811209703639894,-0.009767431894984153,0.009759646253761673,-0.0009493840560665306,0.016801302817526686,0.006989925731629282,-0.0020939337938256923,-0.012288565303839701,0.011030481777471046,0.005536970795406668,0.0021336137618831576,0.0027501809987548697,0.0033830863918065212,-0.014508549808780248,-0.0016659610307359182,0.0023884529600247915,-0.0014471474660379515,8.681795574393795e-05,-0.0557487973512475,0.003777576343199678,0.018826188346325778,0.00554473788343009,0.00797152860692383,0.04701883154350129,0.0020593001165413174,0.0016751534442161875,5.4074025607393604e-05,-0.01585015553264071,0.03551120727696483,0.003950023169713567,-0.0124974895718047,-0.04503298051757945,0.00018307174764263564
32003003413,-0.06449193672996355,-0.003636448176598635,-0.002030947161915129,-0.0033895403721666737,0.0023493231130049764,0.004706302952802491,-0.0008321545990721193,-0.0011907209256449068,-0.008282837043254972,-0.0071025550884020365,-0.027150586037376037,0.0034566636076267553,0.0010593777536394397,-0.009308573605220086,-0.002155926026435191,-0.0073917776808468056,0.0033810277116238054,-0.005660990339394226,-0.020457134623033047,0.004928037184624904,-0.007190953706538057,-0.005437477433723865,-0.037498431555078635,0.0011645108347656528,-0.006438816756311749,-0.004013786297668354,0.0015470865405267556,-0.002272763021501904,0.0024824530749151434,0.019119992382307688,0.00045048883026614146,-0.009014326848927754,-0.013383089472265039,0.0003678746905716151,-0.005609180962354655,-0.00649784119292801,0.00426292197661396,-0.012361880534020082,-0.019387431325440338,-0.011049374522044558,-0.00666772479429289,0.005404338497708495,-0.0013930687974861144,0.0010770124893093387,-0.008206360450914395,0.0016363663640904314,-0.0020495864740751363,-0.00989018897698999,-0.005121499887354831,0.06659582356537722,-0.0026113434479456826,0.004267144932175158,0.00294271050498217,-0.006594097686233914,0.04403717524772386,0.002581379240798675,-0.0006017734047556628,-0.0029210538671579295,-0.017361072184711755,-0.0011166188839660323,0.0022738667798506366,-0.01579868418936793,-0.0003370362449348627,0.000524749375750213
32003003414,-0.04430321068683212,-0.0014691085786291212,-0.0019452228166279431,-0.008974725728054111,0.005190920813403012,-0.00296107524776533,-0.0023109531761459556,-0.00036376861954135045,-0.005488238265741497,-0.0037986885991004122,-0.025589956692434856,0.0019530073773988122,0.0020151280820313003,-0.006698184939991572,-0.0021780370001893328,-0.007004510786946283,-0.004356461761233195,-0.009496974064855524,0.0025379261082679205,-0.005199431548949699,-0.003233143633811768,-0.005279724946386431,-0.042248816814520876,-0.0038810780172209443,-0.002635176937314974,-0.0014151179794459116,-0.0004769874482046757,0.0004909033238268946,-0.02272672548686482,0.014852878540706417,0.0015914580573927904,-0.0006356922471502444,-0.015767528983382396,0.000624889600597382,-0.0009216709879957633,0.004967531863882236,0.0031121532563151166,-0.009673240294933421,-0.021818229012082833,-0.022036755450831516,-0.009547402453677327,-0.008531053921861558,-0.0007821837776900622,-0.0033889277871625156,0.0023075082436371658,0.005332606510874653,-0.0032250006641539866,-0.010775026701357085,-0.007508359104802068,0.06763451259792448,0.0006518459460986062,-0.014749560290227084,0.0011499291231301758,-0.014446729584006225,0.04343765348970955,0.001505192354832514,-0.0009049330478667725,-0.0005831760410699142,-0.012992659418602214,0.002528170562698498,0.001986770048049781,-0.010466912195838469,0.006983621075828843,-0.0014179885852665627
32003003415,0.007715816472057031,0.001890827754257447,0.004595424203064647,0.00362663786564171,0.014894031774504221,7.645668618045363e-05,-0.0008237205764926637,0.004105541908730061,0.0013963072312049192,-0.0026643917309616696,-0.0058090359334869775,0.004438914880986168,0.002652351257884158,-0.0015087527159099363,-0.0010255740151720537,0.006850684736186691,0.0016147728839402333,-0.002554377187302899,0.05884668450295186,-0.0021400989259232834,0.0016221534432589518,-0.00023340188081375968,-0.022504564019079548,0.004076482548333973,0.0005530687130472513,0.0024027344281636735,0.003813503540687835,0.0044162770855679335,0.002295325517306904,0.030175345356958247,-0.0024138727420060925,0.029910779951975257,0.0032565701581693364,0.012726558970747258,0.004520104014721288,0.0412898647645883,0.005974982632055313,-0.004601827856913449,0.03985150847170486,-0.011445531404906036,0.00866510041000579,-0.00033580929033529195,0.001506954276047687,-0.0008425160058153129,0.026394320606037136,-0.006067152286247842,0.0034391338582859996,0.00099548570165101,-0.0024034342705857364,-0.0034194446215073605,0.0029172408907080743,-0.007092366280775038,0.004148704002763042,0.007405676409048765,0.06850373170082323,0.0005719171386451903,0.00323076311853934,0.0011885712737335968,-0.0035574168987997632,0.012277371328744496,0.006324488976176442,0.020833627321078893,-0.005737591838498336,-0.007381057244317467
32003005875,0.010794823506132263,-0.005427798515884382,-8.727335654784817e-05,-0.0030934124518812852,0.00844550453843349,-0.0036143969848310077,-0.0082988450572503,0.000657545409988431,-0.0054928807231652416,-0.007413198450226266,-0.0036573450412509213,-0.018880063000267632,-0.0005107375555446817,-0.0013564066976725748,-0.0026561952431843503,-0.005577967373253245,0.0035019649621615577,-0.004714167862622481,-0.04014429212305816,-0.0093287792077948,0.008627138899824156,-0.0028190031280504414,0.03442944715386116,0.004170415831047468,-0.009897496322921315,0.0015677529247724036,-0.006990577731038193,-0.0007406995242092509,0.0018834554891885547,0.018322499054290755,0.006623163668409969,-0.006157423451781023,0.004075882237795047,-0.00019371743632348447,-0.002147621149699187,-0.0002693255485175335,0.004232772872429093,-0.003468322680730304,-0.021728106827656093,0.002992767974995404,-0.0019272595925993077,-0.0020182818018063546,-0.004044292462154835,-0.0013108061599349363,0.007347607627500362,0.00943415263498205,0.0024839468691630778,-0.0026105130873435296,-0.011488505982322969,0.09649603125293464,0.004124289955500192,-0.015441573962278988,0.0034383708520050993,-0.0016135957285228167,-0.07516317128471621,-0.0017306754266806204,0.002202958063175838,0.0024876277680833986,0.007260020670677959,-0.03329455520169388,-0.00016980887274502466,0.008011656843418353,0.02042530524081261,0.0034949676769774392
32003005115,-0.0060675277038838345,-0.0008585715827923446,0.002739347801179418,0.005179373481557967,0.01171250304886087,0.004376798303387636,0.0021921162289276447,0.002747896285779893,0.0050697455119893195,-0.002237349659525103,0.028380530082440465,0.005969581638861481,0.002987045835964374,-0.005158212573784866,0.008641976085597967,0.0039544053040601376,-0.0011898948433067007,0.00014811285664195864,0.04634033167797237,0.004737678145679403,0.02041779717684875,-0.0008172481699231306,0.024191900420490298,0.0047308430220012986,0.007547425530307176,0.005954664246251026,0.010942422150357999,0.004168909150317998,0.004222386426412259,0.04353797076230836,0.008501696783432978,-0.0039095244691104555,0.010609592743908368,0.003977289897304889,0.0023309389536737076,0.002931387792820163,-0.019534990309813958,-0.0013552516985876504,0.01863855765460757,0.03874724045359424,0.0004929048397443551,0.004847704684398055,0.008882929144978286,0.006510654544556126,0.007733931360193367,0.019185467113496512,0.00614934904507849,0.004838558315524817,0.001617780598187821,-0.0071871952490231115,0.006400002364225585,-0.008612388243997977,0.010169424471727457,0.011254006159545926,0.06898192526762605,0.0032699953568259142,0.005949322799948613,0.0006773103594193324,-0.007113728690188782,0.024350042199203226,0.0060908906444051975,-0.00041495903900691414,0.029608572085376508,0.007012170637388542
32003005873,-0.04687064385529273,-0.013693633316703395,-0.007605457210243998,-0.004879882551185867,-0.022946065419977808,0.003916543023188252,-0.011736920529908176,-0.002786461049826864,-0.005147495536535845,-0.00634080774800503,-0.04346831593857122,-0.0023185318182677825,-4.614981214532826e-06,-0.012968049762144804,0.005828509783976214,-0.012548643466893855,-0.012511635669519752,-0.003499043556737099,-0.036229278836361435,-0.012521266951002395,-0.012919214471768487,-0.010397106098786671,0.020624536825228877,-0.02415039941028414,0.011692887287040208,-0.014637518017896475,-0.006507259487818834,0.0025039035884347875,-0.00029922286152539137,-0.0763386810404174,-0.018282031304586225,-0.015380918966234511,-0.01449414715766952,-3.355768405909612e-05,-0.004690910093061867,-0.046582555696129506,-0.004951382465779521,0.00794495768212695,-0.014842957253394339,-0.019684969435615485,-0.0177586008061801,-0.003431632038899028,-0.011350899005221644,-0.005469883259794383,-0.007821472315538988,-0.038258673422088475,-0.009652872359604847,-0.007556478344445024,0.00038992695604485355,0.05757089851669738,-0.009497312716359037,-0.027961519438964764,-0.015471670707771482,0.05549454762899307,-0.22721974677467974,0.0016128757507602898,-0.004857460865666948,0.004641206262644465,-0.0247349530798073,-0.04446615643772409,-0.007227107974553437,-0.005706560341841818,0.005581275806153983,-0.000649860643809333
32003002814,0.024282234583844986,-0.00013071110424513107,-0.003065663093331233,0.00043174878882553514,0.009066899978128201,0.006433217785387206,0.0003379727085850677,0.001933929913410955,0.009693403294716478,0.00028451240750093073,0.002769747178544881,0.006546916473823557,0.003739031969849491,0.003482970998479249,0.0026664900192490534,-0.00106864202689889,0.005237890820127521,-6.782848519669633e-05,0.02506114415494865,0.0030553998464283925,0.005029023037023674,0.002077070283261125,0.09075356802598043,0.0053636319383272655,-0.0019614479276071394,0.005031710236021199,0.005629862054549007,0.0021443161333363813,0.0041248265934830716,0.01997303502365008,-0.003148371190950263,-0.0033743709892648313,-0.0007398382230060425,0.004389092436755764,0.0016369235453713904,0.021519166395781098,0.007397854310998936,-0.005250958214654697,0.000419247065630987,0.010374990973673353,0.006794906725217375,0.023797131073456153,0.004464870998882486,0.0021869824933284797,0.007392118697462112,0.009811300487467903,0.0037100644757105364,0.002587851295128197,0.009807684282094347,0.12778015989747996,0.006359496122615488,-0.00819013562582416,0.007845048243061325,-0.002500659577751436,0.08387503812752263,0.003195330001897948,0.0019912470021659673,-0.0008652829511003329,0.029130468962124765,0.017562443735092675,0.005820921074051096,-0.003893822440457335,0.017922864837292767,0.0051236816698638195
32003005805,0.017403471428267217,0.0026192216340565097,0.00024719244509231324,0.0034227590369547783,0.014143041775728523,0.007043654009361446,-0.0014524875582045385,0.0013772826387601447,-0.0013968126268887803,0.04755067766063673,0.033103938095796204,0.006780337319541147,-0.008406371508227383,0.025912625634818855,0.003307724323159181,0.007899051653799836,-0.007371305226742791,0.0036956541887868547,0.052809109138346126,0.002341159715880869,0.004748732490631614,0.029181474254118753,0.06390681495195147,0.004941061612102997,0.02926798311114959,0.004803086559841467,0.011794934256203949,0.0012204412304658383,0.0022525718809089184,-0.007042466940749258,-0.00419348633141116,-0.0006500139888305943,-0.003943824066084004,0.01920594680745433,0.004485668399398118,0.03073861001271408,0.012413588826563232,0.01389581111025641,-0.006696340252216417,0.0042040891065806855,0.0009303532917206974,-0.006562835530201892,0.004423234098100814,-0.0014072898491443847,0.006421444972603495,0.022127943162369563,-2.3074261446008373e-05,0.0011741485657592644,0.003160378239427498,0.14062279839055386,0.0006392076789939191,0.03260974537512277,0.0077577272980077034,0.15800042227406777,0.10152825179955295,0.006038549416577999,0.006291477646574698,0.0001503906754325964,0.015057013642090814,0.058483483984474435,0.003365655259520055,-0.001995772195886929,0.0456724047244128,0.00963634075136199
32003002823,0.002566489524798625,0.002990894772605565,-0.001696044790874104,-0.001116867698237697,0.009088341759482206,0.00039486573016095887,-0.0075476298864792625,0.00046657412774390533,0.0005456997243233288,-0.00803264016802543,0.001033830015700997,-5.466502051300151e-05,-0.0015423143372828138,-0.01644630113718291,-0.00011649562571000955,0.006996349385903536,0.0004468161832681062,-0.002842475746005666,0.08006009224177822,0.005047019343392129,-0.012449484231054606,0.00200442772642411,-0.019521690891846483,0.00506345082738745,-0.0015451678851605036,0.0009995889188053235,0.010275076084098054,0.0017073093279595566,-0.0036139723606199927,0.016440967375840963,-0.005624613596599881,0.0340263091544787,-0.0008539420302122862,0.0059067252162556,0.0030183122925700225,0.013472542584384966,0.0020584433768275883,-0.006874515204363552,0.03960071698489634,-0.01420103793263229,0.00766405526450585,0.0032417521412277986,-0.0024257737178808693,-1.618220106568409e-05,0.009872513139283456,-0.002421196070408826,0.001450650220448936,0.00103597707531479,0.000525416044960283,-0.10874218088799241,0.0003193663365656239,-0.007835475802121317,0.008227214164860447,0.016345594612043553,0.043192060806203365,-0.0007130667708075826,0.006130249183712041,-0.010173624959381825,-0.008929146039741294,0.011821084363089021,0.002254194602840013,0.002319355426322395,-0.03620641366413089,-0.0039729769425810215
32003003609,-0.0321055409896406,0.0005402437221336757,-0.002686950087840301,-0.004275451942037995,0.005272945531577327,0.0013785751118134918,0.016508772137277757,0.00013416955088154712,0.00035568997844923165,0.0048739960940267476,0.012632811584057924,-0.0002236290947311894,0.006588167972318852,0.008526199428741452,-0.002931031832494147,-0.00485308928142299,0.0035712584863060387,-0.0028713535685418847,-0.07326584726525212,0.005045809907549531,0.014192076324062134,-0.0011706642765972116,0.023148305664839258,0.005348678583253573,-0.002374390948511692,0.0018449107435406491,-0.006156777099478575,-0.0008993414485351633,-7.780434361536201e-05,0.01940798622515539,0.011528596417867075,-0.01670090955356772,-0.01169831826765936,0.002508112311815949,-0.005720956509924271,-0.022112969763178062,0.00518177700406621,-0.004152998743881102,-0.019062686100473493,-0.0014558012270102852,0.0003029870864629187,0.013044851402144378,0.001570193551149748,-6.0269400811813774e-05,-0.0029285233712466217,0.01257045625522517,0.0007328873609251684,0.0023451995940888238,-0.00658716975461549,0.09918776841068187,0.0010083064145001669,-0.0031200147447489495,0.00845062925340532,0.000566220730981592,-0.058922290672329625,0.001899771230430704,0.002042604363956397,-0.0009348602602613168,-0.009775619585868013,0.012432578428596951,0.004307493378141912,-0.007715747452133448,0.026398885416400376,0.002740116643996182
32003005829,-0.02815948769424047,0.0029915419543421226,0.00010511699505668443,-0.0014981754152678193,0.010382227713427802,-0.00616438966288549,-0.006326334122235868,-0.00013582344669396202,0.007605641465486108,-0.005332867232899574,0.02154242515147507,0.002912160080369652,0.006554119399791904,0.009682328569149697,0.0025258358103178993,-0.002737675224866709,-0.006214193608641179,-0.001986757290673559,0.019787459643197846,-0.005627189441162437,0.002996746375490769,-0.0022223227521924417,0.011996849459005813,-0.011513152041452495,-0.008131911269283566,-0.009060473429669032,-0.016070684806505118,0.0024315603246303145,-0.005938904069506355,0.019716115037197023,0.01984985754744862,0.0001262880735995298,0.01600398301308707,-0.006898151427648303,-0.004676301310849947,0.010648125252258037,0.010569813202810707,-0.002088715555083882,-0.016340479782507623,0.021541142439294083,0.006182055914445602,0.010722293670242121,0.0036832156850196782,-0.0007065371813351633,-0.0017290062264670313,-0.021111025115449565,0.0006523012520020753,0.006095581018721133,0.00384860055160463,0.08054373790443256,-0.0005271571755118411,-0.011703625242335937,-0.014732098703834405,0.0001385943316100812,-0.10122082658692143,0.0017274172217516884,0.0031386552213568436,0.0027864756489136763,0.006551077563975018,0.002768319196189596,0.0016048129371851309,-0.004647410779276076,0.021615415170807784,0.002337980719973667
32003002936,-0.020402429798649053,0.0001250904184714213,0.001464449514639006,0.0007251406935374492,0.005157776279103436,0.00011680495034591439,-0.002173777216354537,0.0012854206479773504,0.006290320417480174,0.002744104827878647,-0.010968690661415169,-0.011166551577276862,-0.0010519459779239075,-0.009055266853226579,-0.0010299504509321245,-0.010173559011308007,0.0006784171284628632,0.011002908952597605,0.0018208320106367826,0.008193565521856792,-0.004987138122940657,-0.0072570239958583815,0.022754119660091943,-0.005285257360323205,-0.00823531357224587,-0.004140600125787621,-0.005442674810095919,0.0033951389255252626,0.0014739620866297924,0.013503918081504331,-0.007002096361426184,-0.0052515227178945335,-0.006009615903969566,-0.006579394223276852,-0.006793795621747652,-0.02387662265528719,-0.022129679960573818,-0.003852991372158165,0.03669074743160794,-0.016472720122580786,0.003944532532539523,0.002973670650974561,0.00013106164447193857,0.0033710912092309387,-0.016041121383949475,-0.003787154728186139,0.008421681402213036,0.0018876905889107039,-0.0021313314143663513,-0.1433298169817208,7.830436010812796e-06,0.003332601285527003,0.003542757637196868,0.012891125641036916,0.04304137141025934,0.0016211371991277604,-0.0056035436227313586,0.004233422225995273,-0.013051199862635442,0.010207852072475019,0.006200324063493411,0.0007373831235054616,-0.03682966883363009,-7.77211960786187e-05
32003002962,0.011853931007776587,0.0025202405342266694,-0.0016731897349635553,0.0028413163619622457,0.023419105100108122,0.0007830309242861047,-0.0034000297703721443,0.002578573812781071,0.00556667072921711,-0.008258996658358103,-0.005508212138104509,0.007807029588725727,0.00022649052659395795,-0.008613273327174703,0.008728548312594708,0.011300637293161477,-0.00040138754910860376,0.0019379452128850559,0.09144799237007611,0.010845783090134878,0.012736600335452684,0.004888068516458937,-0.014811918567477144,0.00964051420808439,0.005203362264741936,0.010139447919433503,0.011577008359190979,0.004950232747022956,-0.007438968094553281,0.02908082801320379,0.009871982685877028,0.0689651059746797,0.019490504988786926,0.00292614684911845,0.01105640344534452,0.012183855940838978,-0.01837531788094719,0.007356687099778527,0.06205737227970344,0.025058340844120792,-0.0029257986211759343,0.006845424139392698,0.0028557789473625562,-0.000996290398302172,0.0417324352743659,0.003877725871014683,0.0008507602480695281,-0.0026854799817396502,0.002763213784631438,-0.08509983206747336,0.004570835343296153,-0.005628679792665477,0.0032741617221628268,0.0199829541173069,0.054729718288839685,0.0023502039413899477,0.010234521024108928,0.0030818036322547582,0.007369834629505095,-0.008460877665516443,-0.0015598895174506995,0.014518145453427203,-0.020640841582944488,-0.0011368625646915435
32003001804,-0.020728219483573358,0.0023181769773077654,-0.0015507890668431177,0.002295868143906905,-0.007122141093806941,0.00025887888595830383,-0.009574862722007665,-0.006275598248156057,0.00491569567840296,-0.011385902162000376,-0.008768264793430736,-0.007325133578122262,-0.0017219263465781296,-0.01003636846403415,0.0020292569309547613,0.010344380638602553,0.0006978799365184476,-0.002788567421175592,0.05944231485757941,0.006377716011512718,-0.012666397571167231,-0.010532680128756484,-0.016927601170476023,-0.0014029885976729723,-0.0033913692628640964,0.0039910230890086865,0.0005531021676750511,0.00023141731170512548,0.004388530000505258,0.008150646160302892,-0.0059384668130899754,0.02877133900129505,-0.001808992001254362,-0.009660546983843174,-0.005624547386757631,-0.027088203888991233,-0.02123227871876858,-0.007642028463206122,0.03605340405294878,-0.012644103187934722,0.0022265560949670314,-0.0014176516702812778,-0.000735096195209179,0.004391449464170332,-0.022251567315584815,-0.006295551227095155,0.00397709470422346,0.0002759792969827376,-0.0021316155534624563,-0.12534419746483444,0.0008397229156241057,-0.005825541828932512,0.0023017739722131104,0.0058106449933437035,0.039217960854867624,0.00014097599109162638,-0.004637621539466738,-0.002748797770117812,-0.012642739931607134,-0.03362995406702327,-0.0017751157300479057,-0.011269161156685187,-0.04070587703488646,-0.0026099137521659694
32003003411,0.02266549713800622,-0.0015338471548632928,-0.004539879959678437,-0.002587293326416651,0.007162433264148144,0.006179932821268921,-0.004407760486908965,0.0025106986331280548,0.00035758351587011786,0.0037512099246516228,-0.016274615654499964,0.002244885731403472,0.006273958800745728,0.02599528156121511,-0.003629765441363939,-0.003322508355294055,-0.0012997390804160606,0.0010072693739075584,0.011597949596337845,0.0022690421479722753,0.01869050029326722,0.03849815591114526,0.010328202070315299,0.002280031353994239,-0.0018723800300912035,0.003080249591143863,0.008337027334506553,-0.0012264498044732572,0.0017958986532879428,0.023040885619503064,-0.0050616930653873925,-0.0050737616863388724,-0.0025223859578487437,0.006210535199430652,0.011170063193843718,0.03136371688517363,0.0058754543496046755,0.003407225167355558,-0.014357608389997827,0.007105205033800701,-0.0028698973940095612,-0.012891661182249844,-0.0027749104929571966,-0.0012885296324590442,0.041829562400298344,-0.0007527948709371147,-0.001536152743222253,0.0010272496050578654,-0.001759040523610033,0.0768544180743553,0.005552423917237418,-0.008138615013413883,0.008593990124465819,-0.006177644830114888,0.071556841108235,0.0011349817367573357,-0.0006128217965206113,-0.002521124294099346,0.014558465557887262,0.047456378231686046,0.0022480540987854267,0.018724162210875132,0.026509039980250674,0.006560685319969474
32003003208,-0.032808513035337675,-0.0006901583375156229,-0.0010142322807506878,1.2306427347946712e-05,0.006929374266604843,0.00491822566340018,0.00016233288654243333,-0.0015798372821933533,-0.0022285266848985187,0.047953303247279214,0.027218312757684316,-6.664100020984827e-06,0.0004405500810312175,0.013148189394201568,-0.006385196672143845,-0.002574132447762676,-0.0022812309531812045,-0.0034808671300026557,-0.060243165053518906,0.0013388745919592358,0.025201710631142488,0.0008332303963563038,0.028633300597444577,0.004701793114770663,0.002301883699275176,-0.004013015210487395,0.0018369862969318718,0.0021639922064773474,0.0040009207170292925,0.018653132105362274,0.006185016034159141,-0.0008230085947132017,-0.00427510511574591,0.005161176619932729,-0.0012540476515969592,0.03222994400291615,0.003969171194520263,-0.003888795280849492,-0.014512154301760682,0.004598704615785373,-0.007816492134335704,-0.0077484502179626675,0.0028049499796287875,0.0014318116667623644,0.004666148359618501,0.008592545592509214,0.00026261529776635,-0.0014139653389500233,-0.00024723148207351884,0.091050807672973,-0.0022097258690731408,0.0295989333837889,0.011207224485337487,-0.003976859854626701,0.055267828079179245,-0.001104486969837856,0.0026587860445884577,0.0009212148267945647,0.017462723448521355,0.02693258527980999,0.0060743092543662945,-0.0065050435232217735,0.028704151500788155,0.0033278106561931385
32003002826,-0.05650740207851109,-0.0010946498773791587,-0.0038371144096264642,0.0025977626217950026,0.003970764926071248,0.004571941491131259,-0.0009405833522475483,-0.0004914941739329723,-0.00498857663673924,0.024934548030081723,-0.017608756972664487,-0.005934834054992067,0.0005813883603591672,-4.6513159056146794e-05,0.00027147444883121054,-0.0050855866901881545,0.0050486795111092456,0.0004475336723709356,-0.03538651310841258,-0.0021127480998379615,-0.006085434625985344,-0.00894260420461252,0.01972687502417276,0.0021662440032409165,-0.007198124212619854,-0.004640215299923344,0.001424543046238633,0.0004633482082882861,0.0007309188088442909,0.016430921481330487,0.0015772408782554863,-0.01093756735042122,-0.0052800559386355994,0.005355100412356836,-0.00274483365087517,0.0093487367658608,0.006881449287833369,-0.003867097177760067,0.0036509688872532866,0.0033594484644514605,-0.00012165278457144134,0.007619612868523851,0.000971797950137525,0.005577264034592929,-0.011609422190632343,-0.0065155552548070384,0.00041239628408951156,-0.00011120853090268809,-0.0003490200211840963,0.09164932274188603,0.004040071555297269,0.014294127480854665,0.0052620333097520506,-0.0007855288291720927,0.046925725418771956,0.0035308060545412067,0.0018939806462147553,0.0012334848548750793,0.010767036981313675,0.016367851184201136,0.005066435521616385,0.006705261916971638,-0.003003865974607189,0.0023550906684041122
32003002827,-0.049834285458706974,-0.004779741600194925,-0.0010743771325962936,-0.0030156191272793843,-0.010347046790690359,0.005391033140413487,-0.012625756611319991,-1.2861562460425623e-05,0.004157831781732104,-0.007152656894251987,-0.010528172611025097,0.00014389458136687176,0.003893703885759439,-0.00861532570046379,0.002033622045991713,-0.001189916255719211,0.0040987347243388785,-0.00018407849782895504,-0.008297017781322302,0.002136083296169427,-0.00980449539095906,-0.0066101388186375135,0.04702249144119908,0.008528274273372336,-0.00698571738700619,-0.0037351773771117365,0.0029222651843192338,0.0009531056494920485,0.0017620815489059005,0.009562441645565068,-0.010963900600154489,-0.008354622703918109,-0.004908714017010535,-0.0005248760751560787,-0.003526622321392696,-0.028445019240845134,0.004823225570150734,-0.007285320313133261,-0.007253459227065499,-0.018533667254337367,-0.0004214662769658289,0.013991608294182351,-0.0013738377873482685,0.004371731394356438,-0.01387303166763542,-0.0029847387596398,0.0010905269229107499,-0.0006790473340334704,-0.0019761720616032364,0.06704661240524823,0.005417390871940757,0.02102452597220114,0.008234208539111606,0.004293569443860285,-0.09507618549116076,0.004005120351623392,-0.004588506440987122,0.0015932819177256015,0.005989800866509975,0.0071806188755192965,-0.0036937162328804073,0.0034646829313106984,-0.012122708504461715,0.00195842328999229
32003002825,-0.024665153015446202,-0.001118595008983632,-0.0019331908687787,0.0008668132260418683,0.006460710772226927,0.004101635573405575,-0.000653843383214743,0.00048235298453165923,0.005527270795624767,0.012553839682493774,-0.005541604287030502,-0.00020204247621478824,0.0031663296603842493,-0.011155926730894931,0.0005477625708902133,-0.00924755014269766,0.0032189065813516427,0.0042081993733470375,-0.00838114288438076,0.00568430918216847,-0.007873182654183436,-0.002527253254606122,0.0277091284322457,0.0011207952168542817,-0.004003778988732264,-0.0035583581220011845,0.001801755240165204,0.002913604957131581,0.0009518876485658767,0.018563461151522912,0.010788374679669106,-0.006367432844658578,-0.004809495612006717,0.005396035047854703,-0.0037637346758832633,-0.023289905509186654,-0.011155682945304807,-0.0038562972771604216,0.024620735900950257,0.00877445148024213,0.003553351952372994,0.009011690019782739,0.002599782766334098,0.007054636566379767,-0.010132971379953162,-0.0006902044571003566,0.003374603632714144,-0.0007308056414284483,0.0005552857867015252,0.0031480233451771826,0.0017096806916757797,0.01909479390417409,0.009325759748379856,0.009660599999008443,0.05349612946302957,0.001129926349539257,0.0006723267240424353,0.0075810095067466434,-0.010631590910594397,0.016333701390959438,0.004203590924103654,0.00588814060929334,-0.03290523090064474,0.0029204933478902983
32003002829,-0.014756577551358443,0.000594839575279449,-0.008117477036644912,0.0034531222308555316,0.008547600037853396,0.0022621927406016704,0.012742166720114573,0.0017708765847121728,-0.0008452037870691376,0.04708961177386812,0.026747133460426883,0.008378887597933388,0.003660234607702521,0.022236525760488703,0.0046181506654649224,0.001619736303943573,-0.004199175764873766,-0.0007318297280130532,0.01569237180184827,-0.0059579272483484885,-0.003399195739613263,0.0019280150839869347,0.05628441152204548,0.004106151882823564,0.007765844507051767,-0.005720791106572724,-0.005320245620763326,0.0014088250221372307,-0.0011111783222737214,0.013591391255878656,0.0040620321914762395,-0.012465012869871662,-0.003784677729135361,0.0036875487352184162,0.0013278785119647284,0.03492744698202343,0.007365545345502385,0.013622810581329354,-0.00156068825368125,0.025053434124893973,0.0002455778264701019,0.02106669865462282,0.00448701337761203,-0.002176182301530512,0.0012796420516246701,0.00785075909786947,-0.0015714821896844725,0.0009143614632391344,0.0012241408146274298,0.12359872920849503,-0.002928288030440927,0.028531127467780044,0.011796488234296458,0.019833027997134507,0.055502285681019885,0.0013208084376990096,-0.0019601265493275847,0.002512012771734234,0.023631903248045504,0.027841964521101034,0.004222377686790204,0.0019172665449673674,0.035682801890512546,0.006104695592893971
32003003210,0.049710072498802056,-0.002176474804138875,0.0020580787630052584,0.0017462386848793355,-0.03163405385050323,-0.0026287364254488277,0.012726184164140406,-0.003651850398060321,-0.0076312235680400875,0.002455607542176582,-0.043286688911807376,-0.00014523081457786804,0.0011450081463146315,0.012050963688094432,-0.0013327883453505308,-0.007439662430957154,-0.0044915133153601025,-0.0061460344418159734,-0.06266559814261229,-0.0016104495956233305,0.003549723061604844,0.01668507000628208,0.016925071332810227,0.00405722779716087,0.010323818478036423,-0.005856858106180359,0.0005182141981359715,-0.00038061219985829144,-0.00523225503670877,0.014299323744481625,-0.013515133337646234,-0.01512491762665171,-0.008966252192403663,0.00047971489600826466,-0.005587044256520776,-0.012492009087586804,0.004666383502981729,-0.0010737117982182898,-0.04890454570874252,0.0028574839047272285,0.0017989130077724189,0.0005460392876527667,-0.008639080535320646,-0.0020632483135306716,0.002468511209282056,-0.04407881433659186,-0.0038303187416738283,0.0012068063564843424,0.00124015386960968,0.0820336120995218,-0.0052940962926973706,-0.027554998923432557,0.004594438988093535,0.05277145016819426,-0.07497886623851267,-0.0011912638759138665,-0.0025151891923212125,0.0019530531271161912,0.003832133434157658,0.0019345709700562342,0.0012609167484772296,0.0029465459020272962,0.025838657997701454,-0.006419217682415623
32003002981,-0.02064389912784574,-0.001186956550438252,0.0021957630912992237,0.0016549579291277356,0.015396812477257457,0.0005214622340776826,-0.0010587613141630654,0.0026945833098787394,-0.006823435653674126,-0.006426793430870708,0.009701801970730653,-0.0017805043653472124,0.0033843155338783544,-0.0066860911850163286,0.006617939836193008,0.009561682098908827,-0.002686709036862385,-0.002462209043454914,0.03190261865117383,0.004432654399397812,0.011803759047510621,-0.001136530113766131,0.041209188349696675,-0.005456688872510248,-0.0021372262603404943,0.0065134324057833405,-0.003970797180506653,0.0013028335978445746,0.004640167490767234,0.026804232238149754,0.009325141918948374,-0.011960498590451406,0.002597027724815964,0.00248921500727421,-0.00037162408031889886,0.008910934579425375,-0.015140238173916364,0.0012289676121696733,0.04403753713855898,0.032431725221038155,0.00038899846901185154,0.011752821927083974,0.0037265935923091764,0.008072419884289674,-0.003975390210563129,0.01633563874568535,0.0027456937160733772,0.011610622570827293,0.01155621072626764,-0.12109017117183038,0.0026856228306690448,-0.009896141144659028,0.008176178721732968,0.02294303525787773,-0.08500600598895272,0.0016111345159628661,0.0048277573478366555,-0.005083395796090206,-0.00140078208835746,0.015402339381110798,0.0008710784065626191,-0.001439291908445919,0.0010006815100283338,0.0007889503675064298
32003003237,0.007640613746399985,0.0014984113936188518,0.007687590920600799,0.005254925896481909,-0.03180711322735465,-0.0010354452385163187,-0.0041969760442962375,-0.0010446137445163663,-0.005172392703337345,-0.015562804110096815,0.012546716978189194,0.0027435651688349954,0.0056316378506362195,-0.013866815153088912,0.00027194750928326647,-0.0013656378538360078,0.004118466266738973,-0.0034985835114909095,-0.02660945242778768,0.001137502440999683,0.016334964053077727,-0.003247630815269372,0.00811971462535457,0.004530394869597144,-0.001409562203056421,0.0046087811013347715,-0.01101196648170507,-0.002926292531006011,0.0022601164079405506,0.029915302536115396,0.005197629944803882,-0.02360564557568385,0.012923318801444181,-0.003985058667410389,-0.000582244736292733,-0.008430239725975551,0.005896257447440205,0.0016014730546853799,-0.03236355438063498,-0.012262978009695252,-0.002002460201878414,-0.018257807121708026,0.0023743986300632635,-0.0013286612790397096,-0.008632517261983509,-0.009582420845070523,-0.0057842864342475195,-0.0012542192742641364,0.005263773588020719,-0.018777272944133463,-0.0006230056550188526,-0.012856672840001002,-0.005984174798521368,-0.010062765581675358,-0.16103969188203365,0.001239025224951054,0.003571692535883805,0.005382655824821897,-0.003066755184486757,-0.023357577509617675,0.0016973986163646543,0.00701974981168374,0.029475574350866108,0.0028485089193462034
32003003321,0.009225235608721016,-0.0006047338556936284,0.004499965500056774,0.006541446771657841,0.010648903581434811,0.0023535478264110044,-0.004821350528739359,0.0036874745244192832,0.0015607715890074488,0.04423433121277654,0.02741947957051262,0.0025641355886424216,0.00930824537701325,0.015273507033338914,-0.0018639215049911255,9.938252569294068e-05,-0.010057189051221715,0.0008064666145471539,-0.07258229357980342,-0.003413794869940967,0.02461945173966998,0.00036338615006094706,0.06862528379295521,0.007700002486609792,0.00026177095808944224,0.0004908990317963401,0.01170589088358525,0.00401403245394657,0.004482808962721886,0.017359849858761624,-0.0019649151312119816,0.0004092609534410321,-0.005601521902033306,0.016789850445995094,0.002052975768263566,0.03358362135189324,0.012499729042847867,-0.0012751281096782471,-0.026217416906493592,-0.008816883858489803,-0.0015685279696545974,-0.021263935725594804,0.005852045807724772,-0.0006202413223442431,0.009742101089807798,0.009989991137680954,-0.001226471366719976,0.002476892415724763,0.0027364875530013835,0.09117111442505042,0.009492000812370028,0.02997228140925231,0.0128064701726175,-0.008834986977565724,0.07288030596114102,0.0029440362112792707,0.004190848898543798,0.0016331743687661084,0.0022768954949253873,0.03396164406316627,-0.002857937487280037,0.005556781073511701,0.017771337789662493,0.004546611531509957
32003003319,-0.04777085387166667,7.918660654281078e-06,-0.00025353875141676397,8.597822052815784e-05,0.004017685340269547,0.0032558557734891033,0.0066752149537465675,-0.0018650515582943953,-0.005195904731991575,0.029498268451803197,0.01570957250866961,-0.003815955116682882,0.002413824196717419,0.007652608123081684,0.0014231774169577163,-0.0008015138509470994,0.00467347964423294,-0.0013097565116308664,-0.034542289501681124,-0.002416078870455405,0.011583191153591773,-0.0003397354482177984,0.05224930865103512,0.0015025473105448079,-0.011755496380105802,-0.005750429295292312,-0.006723028698945067,0.0011847714091564778,-0.002973384436145459,0.01884689802144588,0.0023032652644090186,-0.005602581726313017,-0.007903812489798327,-0.0006113461078408565,-0.006953505170780309,0.01527259061405375,-0.027743385144271788,-9.757358595587347e-05,-0.015789506077374255,0.018128051764861163,0.011208089037351977,0.003223412340871517,0.002956299492182499,0.003108684778968209,-0.013675002252709564,0.003395766992120585,0.0024206039024777335,0.00034445974184966165,0.0009740598431876062,-0.02777607070810604,0.0028884089739763274,0.012929846281013893,0.0036823740712722585,0.013313437919918849,0.04758016658194597,0.0025678986902702284,0.0027018859648068167,0.0013653473761505916,0.017476431758406987,0.02451315212623854,0.002083472907911925,-0.007770353203739802,-0.0617836461007519,0.0002302794390424397
32003001710,-0.016954802519730985,0.006972047439275,0.0021277485265010212,-0.003184106496401047,0.009515300954699402,0.0021709631103884754,-0.00892267760779422,0.0020490798272177957,-0.0010808491369517018,-0.0187264140043992,-0.016238028736448414,0.0021923884333771605,0.010147814691626811,-0.008581136234514033,0.008970546907984739,-0.008400625687497075,0.0029189232623834526,-0.0010549444915983765,0.02772732306645356,0.0043792694941348995,-0.005774741538829265,-0.006015748895370498,-0.019215212443436165,0.0021482435670140843,-0.001504912194789713,-0.0004868785482658394,0.01126600648163585,0.004102686417127003,0.002679922099336917,-0.04628846265363992,-0.0036122430719220965,-0.00404149369684153,-0.00809793142094878,-0.004784919153089491,-0.0030519464116262694,-0.02787718301733904,-0.013777117463864829,0.005096824865311842,0.03843325421732718,-0.02020764636279543,0.0006177491049684897,0.005086011487847557,0.0032818632852246662,0.007461948908933215,-0.009883674707167623,-0.0028131771177251244,0.0005881332882920934,0.00018560742769106663,-0.0033191038641432673,0.031025027106025425,0.01119264895823523,-0.01180683200084712,0.0030611401463428514,0.002453870438674806,0.051814640579897486,0.007110791237854397,-0.0007499710998631385,0.01170921112101573,-0.011504997383689921,-0.03926695930388281,0.011340006697750035,0.0036763531491829267,-0.02417092763410704,0.0029565185811852245
32003001711,-0.001080224260930813,0.002594766375872176,-0.0002790440709702684,0.00010743143206411788,0.006918798346372275,-0.0010493585524538713,-0.0073104560024755075,0.001883604572790568,0.006416866863045468,-0.005228696267864658,-0.014670433330449907,0.0006356579517888075,-0.0022901117782278694,-0.013078595051877662,0.005958535238642043,-0.003753827816731553,0.0010883206390629207,-0.0024490010056378423,0.07116231335532758,0.007427133061729175,-0.009806661553276436,-0.01615018260965009,-0.0022407982793828493,0.0006859698163535541,-0.0034170021384436968,0.001939011086570377,0.0021176673580604465,-0.0003304001115441511,0.0010023162936404614,0.0019202176378997945,-0.0046520630550423185,0.027022293712572285,0.006921163443866224,0.004459386320357794,0.0023249717467627787,-0.0021222462655485323,0.0007830994237807539,-0.0037940854116776373,0.038302771550616344,-0.010176407530730862,0.005435786370690578,9.601731949159813e-05,-0.0002684105249485196,0.00399272918148053,0.005932221622466384,-0.004591059440356472,0.003574433210431996,0.0006000189546104684,-0.004274443892311067,-0.12867523991041624,-0.002529022819648031,-0.007361900900500442,0.0032107046891397427,0.03301356644189871,0.04858092836045239,0.0006041147352265793,-0.007027615004178987,-0.0018641871819878803,0.008932882259944163,0.005673159023088178,0.0033118724399887134,-0.004654152825904087,-0.03638570489227125,-0.006633201325467166
32003000402,-0.0025781624080525247,0.001313823081427494,-0.0024575917557115527,-3.9732807663194054e-05,0.008813553610729975,-0.0017004544177523836,-0.004857815522788534,-0.0003534665536998704,-0.002563924574431818,0.0124502603259299,-0.02718221923556642,0.0032794323291929824,-0.004599905908286086,-0.01142553906424539,-0.002361108430832365,-0.006236774396287294,-0.0018854031929100804,-0.008547654660501251,0.017232548061558484,-0.0027365416161793878,-0.01326783197409597,-0.010916681718032235,-0.01690626465693848,0.010451886256425675,-0.0024846840540290213,-0.0025720506320505926,0.004014238690279131,0.0020974679669954932,3.070369465712264e-07,0.012602249880654564,-0.0065315830401661045,-0.0038411771123897935,-0.011808235499978321,0.02820946397284247,-0.002816780937727353,0.02596698261475081,0.006492346887891062,-0.007481045125194747,-0.016166163576591577,-0.016449300875582044,-0.005297773568300883,-0.006921067016568948,0.0006158825164482441,0.0009194562614666822,-0.0009294557173900555,-0.0039626899735233385,-0.005546271046062553,-0.0006896901025080334,-0.0054758492422297585,-0.10367905829891337,-0.0021394968102820505,-0.0133054326362536,0.0024516114380697764,-0.0025745657310766302,0.05215974553612689,-0.002782072287736036,-0.00011283911384137586,-0.0013321529577263271,-0.014613948533904459,0.008722981244152357,-0.0010919180160773347,-0.012892510860881695,-0.003413864888174134,-0.006344106191734984
32003002842,0.024502310692195644,-0.0019252767429701802,-5.095638064167235e-05,0.0025428506957670214,-0.01033719523349641,0.003529082913446576,0.019661711508014372,0.0060899273377921885,0.010139753289848029,-0.006011803633279433,-0.0007901372668616381,0.0069171932986012066,-0.010531958851969498,0.01409605007741142,0.0013469956080895706,-0.002600144672634343,-0.00154651602684628,-0.0025336856849776873,-0.062033403962531056,0.00283854640160127,-0.004219455310863058,0.031549218630922186,0.02638806960242556,-0.0039247050677791865,0.00025858326104054134,0.003916424859706749,0.0030288333156059644,0.012515576326897024,0.0018498732996360678,0.05410359182755489,0.011303144879040963,0.0032787080214424793,0.01798865496436936,-0.003196292651672304,0.009340039090126494,0.0016751558737236254,0.010901863615587233,0.0009636993252477465,-0.007754485753050597,0.033758364400799816,-0.0030737393039149932,0.033572865731037474,0.0022981690394291866,0.0005057847254194086,0.0182768667793516,0.007767706577539339,0.0007481832765733391,0.006303187382287005,0.00232617320300795,-0.10719112151365756,0.003248863606240089,-0.0034302784484898222,-0.009602095955327898,-0.05027296142287614,-0.05971084434156236,-0.0004375333516434593,0.005238148840670961,0.00884932780402556,0.018357265167053934,-0.01339050911730499,2.7311019362556002e-05,0.012187327805925777,0.06881396855465954,0.0071217039428132485
32003003423,-0.028031524802562872,-0.0029587937319074235,-0.007893783582396815,-0.00013083163742635677,0.0015029570506653648,-0.0016465752068052784,-0.004077988602945746,-0.0016899739320017245,-0.01664667901726619,0.0007361431939329066,-0.019120638106974543,-0.02070236686222778,-0.003572570398297426,-0.008922978188007025,-0.0035413363524171185,-0.016246953156735217,-0.002849080598162782,-0.0026543516363258524,-0.046771373191399346,-0.0023468880997046964,-0.014105894205405001,-0.010057388477276129,-0.0232712395440994,-0.003693346428953096,-0.00873533519874487,-0.004319315479831289,-0.008192167696883662,-0.0018775254650588978,-0.0025374521961769496,0.011127421982932385,-0.0009885365006388914,-0.012371843169396822,-0.01486370226085456,-0.006357351836697679,-0.003977378940338727,-0.012635336359032903,-0.04081718034943459,-0.0067265624584940285,-0.04028329048414835,0.005274709296707739,0.0006713498742627038,-0.0008971253215852243,-0.0014998285227494073,-0.0012898971375174255,-0.019815444704562077,-0.009877659374213974,-0.0033783147301880653,-0.002072934303680534,-0.009884092507454029,-0.22019400689676316,-0.0008919571463150741,0.005843867063505339,-0.0030729160928450747,-0.0061629783511488855,0.022693905661449562,0.0008396883188642979,-0.004240313932145124,0.004530913157858046,-0.018390488556242215,-0.03488855569401963,-0.0031174757063275158,-0.013809421357537209,-0.05968950574913656,-0.006518402698853297
32003005807,-0.053281697452773794,-0.0007115093328590044,-0.00041132669412305905,-0.004004191486546292,-0.014735321619751062,-0.0022896937394163122,0.0008866113009197112,-0.0018568680167559972,0.001317432907800888,0.028447507854418293,0.019927856260434786,0.0028060755178942,-0.0013299884071966024,0.01392628365816006,-0.0011770582382875509,-0.004553612430542254,-0.0097328797497795,-0.002213968877916507,-0.0425372337087941,-0.0011200414039732988,0.005210181720218638,-0.0005167166050690421,0.031236553243044644,0.0038166229856660466,-0.008938687692605736,-0.00195974034881457,-0.009416095941931657,0.005304690182169314,0.0008018875290097148,0.012149130680982558,-0.008072168178370786,-0.007892881001926118,-0.006503686902755393,0.004807371479220731,0.003379677759331247,-0.017222389734696687,0.006679601145125796,0.006127965333948315,-0.006533369916078155,-0.0038717976318876643,0.0020099493083339205,0.012076461599537354,0.0015684940310483426,0.0012392817755516544,0.0005667553756693165,0.0007963600040172146,0.0024801430699949553,0.005922515514281045,0.0021162444022617315,0.0864419779209437,-0.001974922841110686,0.012206364830324922,0.003592682784937695,0.0812031165750469,-0.21958891931117946,0.00950212023473383,-0.00495922587309897,-0.0018122915131586774,5.6876696584563105e-05,0.018616146526516792,0.0028034069051083624,-0.006103789223278081,0.017553200300723902,0.0009182449049019962
32003005808,-0.025279120199985544,0.00273498107960971,-0.0021877168101584765,0.005383943565544844,0.0075574073048948745,0.006607138070844227,0.0021990533640102424,0.002650010919613239,0.0026863703490134835,0.05565627119223953,0.03445606823475873,-0.0020769468348570963,0.006086244982405978,0.01534802158396889,0.0023012751916614573,-0.003279869789787939,0.001301294177435967,0.0014602309858442414,0.03522368335052867,-0.00038939169925912353,0.010330025458942493,0.0031735926800433773,0.058033893728376515,0.0028733685258527917,-0.0019389625069022763,-0.0035448966688044255,-0.003952333266255061,0.006438582549733745,-0.003942132194380381,-0.012616192416363812,-0.0044571015711120645,0.0016651933398818203,-0.00444002043514961,0.005224107630205117,0.008636769286272173,-0.0071701258408365595,0.011907266527464416,-0.0015159321473460982,0.035106193554563396,0.026661558661209013,0.0013519836697067622,0.020143193830950788,0.002927031668819218,0.005966561716800092,0.0009175657551304451,0.01126685622588954,-0.0006255800416782842,0.040931778044259626,-0.001195750887563707,0.12426342934786262,0.01223089967365316,0.03825939792438047,0.013652255441125962,0.16323032899109458,0.044037212634466166,0.010279939656226054,-0.0005200581776498751,0.005980424095853724,0.02157464497386667,0.03642642657258572,0.007173860504209066,-0.005681974158986001,0.026519734340298595,0.007313477153619849
32003000106,-0.0238319137726776,0.0015388260320935551,-0.0031880286634036635,-0.007022914525054733,-0.005012921764425441,-0.00271902848052232,-0.006815894777016199,-0.006121637210223803,-0.004693663124565857,-0.01964614202975366,-0.015965603968801288,-0.01476663326649297,-0.008067244755813833,-0.01667077801304993,0.0044345823737580135,-0.0169415299796985,-0.00731790200854173,-0.007393229148410836,0.000500323600431659,-0.01922197345114978,-0.014188493356874473,-0.010403776822237025,-0.029895329022138255,0.0028050831105304627,-0.007764888992030705,0.0005578477225209748,-0.0034234791142434017,-0.008408257479260644,-0.005175731067672496,-0.08252210706561504,-0.012019531008136587,-0.008936743070779782,-0.00944497934563381,-0.008607701936725169,-0.010358770659571656,-0.05164579853599376,-0.006372660604711538,-0.011996956934802282,-0.010531164627972782,-0.037728942946844465,0.0004476465092453749,-0.013632242961614107,-0.0006515664787499486,0.001968275746167778,-0.025911913782977768,-0.008096439027478516,-0.004173420853207064,-0.008857105382466748,-0.007014990687582195,-0.22566259887404924,-0.003697003079995873,-0.016098359435380925,-0.0012587846593737223,-0.0033147919091134786,0.023356459700739466,0.0002504715875152397,-0.019035039500298803,-0.012208115616214332,-0.020620233974931484,-0.08125506680868101,-0.0047991555144474346,-0.01080563811959279,-0.0645312439909523,-0.004658010717389181
32003003633,-0.030983137177137136,0.0003014185938969106,0.0060568113674610916,-0.002030621242071867,0.009584766897830182,0.0019869797770742446,0.029593097097441512,-0.0004962532975476266,0.002950220726802688,-0.00698823804172259,0.011710094032273367,-0.0025036461362170845,0.0026652781295781734,0.018353333080012246,0.0007463030325023417,-0.00205882011902084,0.0009913125262043605,-0.0035698134316875596,-0.06473478483327925,0.0052844426389627094,0.01648849195120775,0.016713807394730485,0.019648587606813463,0.003944741782390496,0.0005569823297425427,0.0011723829167862084,-0.005731210661978024,-0.0017076098861774195,0.0020362681754819154,0.02911568448017394,0.013148944335370718,-0.006556198890031765,-0.0023815299372005297,-0.0009265189949377482,-0.0029403657263662683,0.019559605629925477,-0.0080024738134632,-0.0024904502867693387,-0.01599996604269204,0.023685620120456656,-0.00011026958130436711,0.004366572883156325,0.0013780746061470709,0.005294613017639079,0.0036934386842335087,0.009263092559721606,0.001866216516086118,0.0032396395087075135,-0.008884731641744059,-0.005604304922524695,0.0003117613918001812,-0.007416805981305451,0.007921777995706595,-0.012517820384172568,-0.08541244619130679,-0.00133949814583599,0.005129617266333378,-0.0073029758210743706,-0.001974102255104026,0.01648243194244876,0.0007859657888790267,-0.008780979068960821,0.028248754299372684,0.002772309450524333
32003003631,-0.04965080280568806,0.0038578308707031303,0.0062495747112790104,0.0034477807251130288,0.010692707188197648,0.003509297985906737,0.0012200152830313276,-0.001997327318009672,-0.00863791422307335,-0.008056298395299885,0.012826745896062872,-0.007233988655058216,0.0031796212070728923,0.004373721509119996,-0.0001279400800234714,-0.0043153253926610175,0.005777495756011595,-0.0034270524236477383,-0.04133138643021508,0.004343770381769157,0.002228881068277592,0.0018749828932606704,0.012398547134018053,0.00953779928726118,-0.003956100223945303,-0.0061819271391034235,-0.0031510485167085467,-0.00030135243800022627,0.0018908471236279403,0.022018953319177435,0.011718930935445444,-0.007646847056067512,-0.008099807060743694,0.00127925138742637,-0.0050591951371699315,0.01391657745912671,0.005459104385719957,0.0019048823560545581,-0.0006840223592056912,-0.0011491734951362613,-0.0005576110178885176,0.003669864708444852,0.0022444819005611274,0.0038820545189795206,-0.009745235678326596,0.01170610406966591,0.0007455562682365958,0.0006860217797599295,-0.0022418706691294133,0.10036195780015801,0.004368896547619185,0.00817653433727267,0.003498960193679855,0.005630970671177589,-0.10053585027366596,-0.0008198914787301842,-7.168875161616007e-05,0.003149496546184779,-0.01083673452313139,0.006284358102162451,0.003968742907196261,-0.0031368321103224764,0.0016898452146304015,0.0032672095368663336
32003005358,-0.028981514019040533,-3.883855216896951e-05,-0.0014901829413920481,0.0031117323212715175,-0.03785918185662404,-0.027861938933794173,-0.050652344122562504,-0.008838424365391987,-0.0203284546627633,-0.008015589597106096,0.010021446530592322,0.0005276172320602666,-0.041378501403388605,-0.03419254535648673,-0.0019073681486094609,-0.006587410762321954,-0.012966589920042395,0.0024051842034732126,0.015680052391043708,-0.005244937817452671,-0.021134302834306146,-0.007415267359138687,-0.0010992772641184871,-0.024193220614214986,-0.00742381676952456,-0.0009695511537498216,-0.01748329719084216,-0.04030354680780768,-0.016797291311693243,-0.018069523044456706,-0.005030889831756503,-0.019787597143486234,0.003804606191512257,-0.0596291605803428,-0.005886491647744746,-0.006964623633097246,0.0013134015300614093,0.0011812665603146266,-0.008456433032541233,-0.02068264972545986,-0.011229116548018855,-0.0077858076200654925,0.00037393008157257277,0.007608824368387145,-0.01654653364129154,0.0008787323229903559,-0.00311029262247729,0.01034137421034605,-0.0002641795172496985,0.014400897717742297,-0.0019209762639681494,-0.002559130304260912,-0.017637102180629055,-0.0005018340767177384,-0.29501353946466147,-0.007924382995546705,-0.005444569067751285,-0.00924259896421008,-0.02655987776030518,-0.0190351265093347,7.394070650950757e-05,-0.006334877600440074,0.0053928551076346375,-0.007642390465432252
32003005713,0.07458689692814255,-0.000720987843740244,-0.003205564217927044,0.0032357981150487867,-0.022899199834175647,-0.002429600736009391,-0.009780798608235067,0.0011259897671575137,0.0027503886728759315,0.005578987999397137,0.01479476114334782,0.0038256694673219588,0.009687794163145427,-0.016217796374882666,0.00413002531008962,0.009654863112516858,0.007346989898759349,0.0035482284972265504,-0.016794533552019136,0.0011371019850494226,-0.018613873242499145,-0.007588870129733064,0.018065737516891948,-0.010853082137864699,-0.01137083824128549,-0.006135956748494567,-0.016468919189080243,0.002544932684532873,-0.0004516509974441775,0.007873495060926746,-0.00662987964860769,-0.006501177628013675,0.008672125182936953,0.005966843682823992,0.0001196910030890171,-0.02039303229629163,0.005315825592632693,-0.002377063974206299,-0.03510537718836514,-0.010819624815842121,0.0025538816848637833,0.006350846298592839,-0.002601807318129841,0.0008476885303340849,-0.01224432708036742,0.004591285094742292,0.0030213612390599925,0.014703464330273752,0.0007724316329522316,0.08749719014381979,0.005172061309982499,-0.01056484385958504,-0.01295412737551091,0.01111916272153091,-0.18137446708743543,0.001223453112062326,-0.00157131472263311,0.0016092409368279514,0.010970037956189001,-0.004233924885077891,0.005579046343511257,0.004082655174288761,0.020128058637611346,0.003055901780559302
32003001713,-0.022299430302438656,-0.003295073407731895,-0.00269873310487217,-0.002101773514596662,0.011365962126025446,0.005481136215945505,0.0022594992635604134,-0.0015291425829753106,-0.006442122891871486,-0.009423046209963164,0.0031313428191829676,0.002765385981812379,0.0008482287599312303,-0.011656626149078447,0.00926489660151382,0.0006827462752153879,0.0025133878251269934,-0.00015434780370950104,-0.00860067924380756,0.010862900941429462,-0.005065671073996631,-0.006269691409180343,-0.021787238078825204,0.00010675108554952,-0.002943367655717917,0.0037382873330487052,0.003333685561224502,0.002027526200592427,0.0017060953780429794,-0.04902412437180234,-0.0013433842196563974,-0.010430895952229877,-0.007199446755423455,0.0009911673021334485,-0.00209152195653589,-0.023461111126284802,-0.010664502487964222,0.00509684573142592,0.00613104834941427,-0.010520999637801244,0.001327134098623891,0.013659367095148993,0.00417978334713611,0.005457997850641871,-0.011335374675341377,0.004187414764099738,0.0012268139311108616,0.00020338609958805436,-0.002427615748448877,-0.020921853807797413,0.008051011581518344,-0.0038413458773926493,0.0022262987910971702,0.005954920360764411,0.04445770322347147,0.005106295598644562,-0.0008195331908138841,0.009467307604676643,-0.005645244534326833,-0.022507963730755767,0.001391297591076446,0.0037663629877382875,-0.030088335970136004,0.0018817426806832624
32003005435,0.08116118630739617,-0.0017459899456721663,0.008638240459403083,-0.004926866387604867,0.023690778113838618,-0.035739671269810626,-0.027876733488441368,-0.0001577338854634183,-0.006590938618402672,-0.01403318299842334,-0.017866570082537614,0.0036309720541567087,-0.036783253378466274,0.02834129645748272,0.0007202390579464805,0.012291818754853565,-0.006840635958990209,0.010224169014238244,0.09304144311642377,1.1522020103931946e-05,-0.015228356632009476,-0.000158548844967612,0.014140368001454443,-0.019277174098951674,0.02418532716265207,0.011157793140312244,0.008453652706793652,-0.022949178772609175,-6.509056972936826e-05,0.01744763811049564,0.011452316606436965,-0.012436336266898046,0.015073122954396884,0.0029037527030847084,0.017450696549201977,0.018870277322165428,0.010399173355476247,0.007162109261645121,0.022153097992773776,-0.005963385023766299,-0.0011044720113820743,-0.0019699947025303348,-0.0007640059406840387,-0.0044585440122379034,-0.010187499125927365,-0.005187512237043204,-0.0016930231621479234,0.004944084173521809,0.0027848209619311466,0.021812325159296455,-0.004504251408252327,0.00492216555527922,-0.01093398396397356,-0.045947416343736266,-0.12646637549202303,0.0008257685599099831,0.002838788895625126,0.007267862901461378,-0.0010190516048956375,0.05090095839085341,-0.00024058330737494843,-0.0006226063310129568,0.04607784270153043,0.004762492235953706
32003003431,-0.02590111736723921,0.00021423045091003857,0.0014330444207678544,0.002530982460890165,0.0018054879600419725,0.0033142449969186098,0.00019323141176158949,0.0002587605540595634,-0.00025978803598268797,-0.011709217763900163,-0.022246838486360918,0.00028392256076506495,0.0010796831139374165,-0.005806509587427128,0.00041152346910680793,-0.004170591228123276,0.0032353955950314445,-0.004776356664764303,-0.010649489132266638,0.003954218307926215,0.015153218420882684,0.002754675944788499,-0.10907131480507007,0.003114226463389145,0.0014733126780892766,0.0024197490845081497,0.0032898386282995034,0.002071901035673471,-0.001210402069844809,0.03504446955180492,-0.0022138964717005223,0.008680560133934586,-0.007719404472613737,0.0005036339636649804,0.0006147493635828953,0.01940510637988817,0.01074449310164497,-6.948648199582401e-05,-0.025864637252475033,-0.007523974394144194,-0.007018951136931973,-0.0023329553022762494,0.0031021535378359206,0.0026555026803169674,0.014468997137095808,-3.1796297048794614e-06,-0.002070676710909583,-0.0024582785535594916,-0.00013769078881090127,-0.013122889569621595,0.0035542298973942916,-0.010012917576872544,0.002743382779677358,0.009663286785241396,0.051010770183860035,0.0013294215089946924,0.0019007054657906243,0.0019206741642535082,-0.006415412411103999,-0.0013166316953971042,-0.006205587778691228,0.02398424820757957,-0.0297497079546824,0.0004840374902285176
32003003430,-0.042496549364922157,-0.0031040042754587626,0.002339922265863668,-0.0015809981263633368,0.003310846543994279,0.002908067871018552,-0.006469133103466883,0.00222418186470536,-0.006945272783875314,-0.006860701425521824,-0.009634160986065976,-0.0011639276380516358,0.000864313030248419,-0.004797398363352924,0.0017249382814768146,-0.007045975149139466,0.002500079580417275,-0.0006495582484448075,-0.022618955613367922,0.00868477875050542,2.635642811543446e-05,-0.003047842059534467,-0.00836811959364892,0.0056412277828924145,-0.0024357190835123327,-0.0024536752427315,-0.004158698118636226,0.0009770447845863662,0.005409362822706438,0.025694432519438565,-0.004746807877730855,-0.008651194631945958,-0.00931357892229779,-0.0010732511305223133,-0.006559224301963013,0.004790334801359345,0.0037474417038274427,-0.00041163698568108276,-0.0234172112972709,0.0013788206851642758,0.005319206406226333,0.01029089817010258,0.002141094291816329,0.004327106100769974,-0.008261480507505251,-0.004907383329096128,-0.0001449397339599426,0.0014103553887422479,0.0010129621812513799,-0.02077184982859898,0.0030477393282426334,0.005954583205471723,0.006482992707160774,0.01659487974351136,-0.05867606073412486,-0.00035622413972873166,-0.0004829784795540475,0.002216440063616906,-0.009270343584779257,0.009217743104945667,-0.0008339421527507667,-0.010607933904682659,-0.040309763919052444,-0.004169826583957319
32003001717,-0.029222203558404675,0.006568023278795008,-0.0013806533760892094,-0.00048246041757785124,0.003647061815713358,0.003371178968066131,-0.01145941355762954,0.0035685535242484605,0.0027176352430729584,0.009431031896718243,-0.010949877663070528,0.01008500309789567,0.00023070766024709726,-0.013502938610452443,0.008783866229965288,-0.004860668062748777,0.0023976410094332396,0.0003364492078143156,0.04456040857770972,0.008110457802852114,-0.00878227568197062,-0.011632203041394727,0.020125702523292707,0.01163959075253283,-0.00544698696879003,-0.002000777139872098,0.005493548151866034,0.0032836892627910222,0.002167696209921986,0.02124419976571321,-0.005998262760057969,0.003470132942944589,-0.004717131293002842,0.004161876786994048,-0.0027308022473877054,0.0005697939126458048,0.005518440647173295,-0.0015406941380615412,0.037723542506669885,-0.012912346674493754,0.011675326793407112,0.0122507194453206,0.0034921933181584716,0.007648610652621278,-0.008344904073040421,-0.004197593346695962,0.003998077594557847,-0.0001595662488980778,-0.0024093546073496973,0.08628359621804918,0.003211071999711814,0.004039935674462238,0.005254787999736369,0.02943090873841973,0.06514768656426409,0.001571192772796804,4.5983843555793614e-05,-0.002286323011127834,0.02091293150010166,0.012981419457485172,0.0008408240631646909,0.001519017341967001,-0.029046457593432478,0.0011321089745769466
32003001718,-0.005733876147879379,0.007610555835093926,-0.0013995374901623362,-0.006771202425517178,5.336388005749167e-05,-0.0026275522694957833,-0.009875134945824782,-0.0036679585732917862,-0.005156294977779134,-0.021667914843073795,-0.014505037004016601,-0.02694298051374616,-0.0012945507856261121,-0.0185037718750355,0.004409024615821094,-0.014653846619992944,0.004940819622263056,-0.005310198979051875,0.03407490994174972,-0.006538693276371048,-0.012563238618819438,-0.010834836751179114,-0.049236284922722987,-0.0024329203016532383,-0.004569679305466798,0.0010850468680084237,0.008119232029435314,-0.004764881178928027,-0.004690991246806216,-0.09166209952592808,-0.004087204649040986,0.0021045463832343302,-0.00932648679788318,-0.00505675537385966,-0.009519579787734522,-0.044357855121678676,-0.02448725982789154,-0.010599106315918991,0.033065297534657756,-0.02768398068075773,-9.94841618114291e-05,-0.0019511005008238822,-0.0004607759884001506,0.0036266856813888275,-0.013708757140786319,-0.004235227693658965,-0.0019288099707307847,-0.008055834691987004,-0.005320416748374707,-0.06364502568219733,-0.0037105974772054205,-0.008307107691096329,-0.0007519097005701593,-0.003822430840816708,0.03353019072652147,0.0006752750857633251,-0.007108320923669903,-0.018927557176189987,-0.014944889210844442,-0.05376966432959488,0.0056109434359280785,-0.0023720575504333056,-0.05560078830783103,-0.0005551282134230101
32003005433,0.02450029298101066,0.0007769422469140298,0.003939266337785554,0.004960914651115478,-0.014306122512591692,0.004823942980174024,-0.003821188036862427,0.0003090669728385905,0.008907924713096963,0.0390884926590655,0.03456706592058585,0.007271163958593057,-0.006221350758414449,-0.0010289471429073473,0.003205970023984561,-0.00293756547867786,0.007705505750702968,-5.9120973136646125e-05,-0.03817589859688567,0.0052188211106838096,0.0080785478231039,-0.00035898458971005983,0.08057225465999504,0.002569968716926884,-0.0033599074498335646,-0.0014850520309923274,-0.0014056532885566915,0.006686298113721582,0.0033819316175832262,0.019408403569207842,0.004808670246143253,-0.009025579123659625,0.0038137212071423184,-0.018802953330093165,-0.00044527437675391496,0.003022899831018593,0.008394684198807283,-0.002521799945106665,-0.01115953113005105,0.007418090712489632,-0.0004803015269335372,0.02251656516332789,0.0006803559953277404,0.006647303620089876,-0.01155788346576178,0.01255530517191086,-6.591759775449935e-05,-0.0025859909560187687,0.00586525762485754,0.1490506387461552,0.006500310509851787,0.034996910093578165,0.007171455864639317,0.0001423531547097449,0.07797016612371808,0.000317546708297642,-0.0003923329820086043,0.00611244758512981,0.02432758608919385,0.007958640070830874,0.0014244671815107314,0.011331896124705726,0.038874651158024985,0.009939763042979772
32003002201,0.002734494619040888,0.002167389277489927,-0.001368305191235081,-0.0019773752887998495,0.003102273544015638,0.0008532157267567362,-0.005532900744783567,-0.007115806669481848,0.005368916111417407,-0.014342554498005337,-0.009555515034041168,0.00022136619213248312,0.021181365193945235,-0.018271344709885513,0.005520097923514124,0.009156178370369404,0.006461796470484835,0.0012142082375010193,0.06921514702177647,-0.02488679907073754,-0.009326734425294358,-0.006404805849729507,-0.016516568471080458,-0.002371010106160962,-0.004390076111182024,0.004088306827318098,0.00883277845567132,-0.0006888434770406235,-0.005462698923155931,-0.04975179651865696,0.002355919627305872,0.02299450133714545,0.00916726994973987,-0.011466245175018154,0.001388465244250399,-0.0374407656364374,-0.013011576762704865,-0.006366596442907818,0.017568725561780976,-0.004067784166131281,0.0014747985504934046,0.0035657614029090206,0.001361118386043284,-0.0008689089492701892,-0.0026269252721112983,-0.002675409688216302,-0.000733897652276389,-0.008009477644305289,-0.002718116228117433,-0.12075888411261412,-0.0002547542834726501,-0.004313400387186739,0.02299383070385991,0.010150443681529732,0.03690372714646277,-0.0003154532743782412,-0.0025483873094845656,-0.0005396757572503808,-0.008589518543872587,-0.03587472691691209,-0.005651885277238203,0.006885259367095516,-0.0337683198259772,-0.001867618641355939
32003002203,-0.018234670036624583,0.0029870390520452574,-1.7065229371311112e-05,-0.0007376306485329389,-0.0018152397869449853,-0.00043421913915722005,-0.009838306407382622,-0.007209749118162919,0.013759393705626467,-0.015947835172332593,-0.012137875145263221,-0.01590997630525417,-0.0003331153706528437,-0.013996618302169372,0.006497472931625569,-0.009460726002697655,0.005424730316238317,-0.0037201687908618676,0.026126799018887745,-0.011717483546288852,-0.007442605732811638,-0.010320338532341565,-0.00978589088435038,-0.0021592937259929793,-0.0028589716930683315,0.0024981196574296364,-0.0006800415615619838,-0.00048243070581194833,-0.0015836889331047777,-0.04088866111146461,-0.0013003939384060813,0.03017078905365211,-0.0032186615596470776,-0.002156442713679516,-0.007348037345998934,-0.03314612013287053,-0.016474892579098024,0.0007685920639024563,0.026002579466955972,-0.021011303748456615,0.002989614810769428,-0.0014264033807846986,0.0012901224666291994,0.0024477796137636646,-0.02119135980657211,-0.007410142970914759,0.005099081007253527,-0.0031406099074676357,-0.003999442586846666,-0.1614204345764083,-0.0031104817061921824,-0.008493399073880033,0.003923775392137575,0.006679546585593353,0.03376764329574802,0.0033766167649159073,-0.009825946610434783,0.011130693190346786,-0.013197599833460468,-0.043160259507562894,-0.005146776590918969,-0.0020664040161880843,-0.03684521278453674,-0.0019488741010206213
32003002405,-0.012843428422266963,0.002328020147429967,0.0029933003355940733,0.005003550486059322,0.007698613581022626,0.0037569721889920945,-0.0036828066017570564,0.0008097009926519418,0.011596295109737071,-0.0068471583314110825,-0.00014952645019890886,-0.013652984605436297,0.035820833029860555,-0.009111441566924651,0.010178762157320567,0.029267048500683835,0.013712520065096578,-0.0015438660426524092,0.02080729921168313,0.01755756686775825,0.0018762906037396551,-0.0033838179360288463,0.014100065335611834,0.0034444621318980837,0.0020933415248949277,0.005772057297101352,0.0029528795882720715,0.001501600404593822,0.008296577124293792,-0.029347225479954754,0.010113727349069679,0.04395118887123453,0.009260469392095525,-0.0008477824308263511,0.0017797628932118312,-0.016187150553848867,-0.011251800354913088,0.0040756899368480926,0.06473160024514393,0.008022838157384339,0.011034376220654256,0.0029200714895241367,0.0052521294423793705,0.005793663832442993,-0.008825818774470456,0.008267246041392536,0.006350991629784143,0.004778669683669879,0.0007460499499604444,-0.06702874221515173,0.0004411306489220383,-0.004698446956225531,0.003445424708301665,-0.01762682805673936,0.05450721201221276,0.008792766763831466,-0.000111796844194235,0.022216139227412265,-0.005184966728167299,-0.024471730996917015,0.01230269796159275,0.001104760741760508,-0.02217303176492268,0.00012165657421564197
32003002406,0.008392562655040096,0.005354280911903367,0.018249526584414585,0.0014927127268852625,0.025827923108402723,0.0035390560145704235,-0.004236048120322548,0.0011571776739066658,0.006502292411571925,-0.004702372779936615,-0.0025106703304449657,0.004133821092593914,0.03442240076394753,-0.006514393834924734,0.00844390087569948,0.011254768021939934,0.002964165592819744,0.009553238363130273,0.10683902171673518,0.006966315517168587,0.015691887202544857,0.003925556544907356,0.011589889323424212,0.011836471778987792,0.005180835609835229,0.015104923518457637,0.009040067442338609,0.0013589233496867112,-0.008396882387026289,0.0090807028161064,-0.004574328678635294,0.07303201632986103,0.011755259186087153,0.01070799029323778,0.010373358793754424,0.031003149430634657,-0.012852692857750965,0.007716845872354056,0.05004881362311213,-0.006375724311070437,0.00905112217091904,0.004242091638876586,0.002940368851522019,0.004532529434737458,0.044164554642863375,0.0030190576657969015,0.005134634039078021,0.006651990006372786,0.002342434941833478,-0.029291559684696728,0.001993857212232117,-0.006940235050801367,0.004215335289758016,0.01864438598909793,0.0576036868497471,0.004960644757904239,0.007889982629907134,0.001309211540369514,-0.002600324879031603,-0.016010649009565055,0.005114440922624246,0.029438636022770474,-0.0200844249092128,0.0014664305510306286
32003002501,0.001880966103916808,0.005946890928685512,0.007110090887567054,-0.0003160552769618231,0.008779094252127095,-0.0011507499815178036,0.001765917111284697,-0.00021535829141953417,0.008224441007669295,0.02440547363893672,-0.021473485309625083,0.008238467842687974,0.028989217371052388,-0.007421925790201565,-6.547388939675976e-05,0.010310443167320452,0.004288280406095002,-0.00533545949622977,0.04025749539416753,0.0038464340248233605,0.006751323327791463,0.0023910270947191275,0.01338820417312297,0.006520002862731125,-0.0035918759173476315,0.003713084961916381,0.017137812306187536,0.000441062110261638,-0.007452013409635717,-0.027278504254750594,-0.0029064068735329077,0.03895540649510064,-0.01079248526561208,0.03617164819349371,0.006654063595211848,0.03868225709747159,0.009307291337059886,-0.0031337076787863478,-0.012897103207949446,-0.014798370894120004,0.008689132122168038,0.0008277793952779589,0.0032711596880896313,0.003724309071864057,0.022392313728581192,-0.0036901075134724787,0.002422835817238549,0.002891286273894369,-0.0038558342367440764,-0.09083861533589105,0.0013561924485008803,0.005465288397570943,0.034977398266650396,0.016578543724556964,0.05501528358318082,0.0032085444863349704,-0.0015662828405915443,-0.0016039674380374082,0.014087891719851173,0.029761254258203692,0.0012234753650280025,-0.006228768505229604,-0.028042647309109235,0.004004206944957856
32003002504,-0.022381847883006033,0.0034137186203575805,0.0007322600009468968,0.0005071553940682063,-0.0039043515219615113,0.0007433632067543092,-0.010207350329191173,0.0029878482242677853,0.0011765600238236823,-0.00399552651440433,-0.01920547734386071,0.001273030547903614,-0.00160046294953527,-0.01000922551702139,0.0037257424491945468,-0.00834618154930842,-0.0008010705549311289,-0.0003353411675429665,0.04222954656917553,0.006659708604824165,-0.00321652190641472,-0.0038043666057832404,-0.004645257199470633,4.6716762572886616e-05,-0.0067610859023840685,-0.0017191799688865,0.0025271742550467217,0.0013954314434619513,0.0017573542669518999,0.017232203988429378,-0.006396572716250206,0.015251234410688892,-0.005479696028244993,0.00290912294628023,-0.0043184637985026805,-0.012938193229755517,-0.01699390163137688,-7.413364595706239e-05,0.04241366618301191,-0.0065695313254455386,0.003276920525608301,-9.913734422991462e-05,0.0006176324066630542,0.00301508538390851,-0.014255093228127019,-0.006527052159326654,0.006043196076540522,-0.001138151077167174,-0.002560790341032329,-0.12473005386388389,-0.001324611858631942,-0.004893825054223119,0.0028531750733875737,0.012751765937936034,0.04557090744844815,0.0006532111162585056,-0.005900229654806712,0.0009757750612809804,-0.011670051566986984,0.008921513572102573,0.007193673796227194,-0.0047654257348225685,-0.03638862503296669,-0.0010221176870214876
32003002603,0.008696295814226184,0.004391228492215632,0.0074065303501178225,-0.001010238563291068,0.01637114063844536,0.001357471974438672,-0.003459128023109229,0.0015123321137134273,0.006134090192987706,-0.00022173168733388064,-0.016046472124148163,0.0030095373252151092,0.02258278360955693,-0.004300947112280516,0.000417174061388498,0.010640177959417641,-0.0016666330898635648,0.0008040598847509853,0.08893021779176229,0.009101101514553374,-0.013445877520682995,-0.009446341341629395,-0.007256127819013539,0.008893170435129973,-0.002348636415022638,0.012102064715217466,0.00497271812197575,0.0013370252931475357,-0.0007043709303928438,-0.040887201751676226,-0.003722367736288409,0.03625698246968964,0.004024678854816895,0.03330937305716897,0.005567287052060003,0.032447969619322815,-0.00701868533929818,-0.005669436537038132,0.05430615762332137,0.000985237907130576,0.007487566335433042,0.006860104402157494,0.0038068525304834557,0.0040979915334581046,0.021175534080631185,-0.004493924446880989,0.0006743899797363385,0.007495363456598496,-0.0005719314687116678,-0.051650714544680176,0.002999638861118508,-0.007097132673246525,0.0027641947900872163,0.013857127724140009,0.05525251511386618,0.00023034759267487402,0.0001589488938664101,0.005945860610411961,0.010885725841876331,-0.023927699953101598,0.0062903776562956955,0.01036466747960109,-0.024448506568346136,0.0019830567056225933
32003005318,0.012370701147264658,0.0020960354969345946,0.0008396657989712703,-0.0040420032071877025,0.013414622419202635,0.00623737055919433,-0.0029002706978806733,0.00784810670254599,0.0039678488524692015,0.050508646739269615,0.035904255107907616,0.005491910401076128,0.0003752821067524283,0.02553096801676719,0.0029691979267921177,0.024233339099909688,-0.004477427457622709,-0.002424986554896483,0.03770875064020806,1.609857238138935e-05,-0.0016238726718451107,0.025492874351831042,0.06077169823373038,0.006656433048532575,0.020980544867650205,-0.0007429170804856142,0.012514752644920663,0.0008968663152179034,0.0030585767610200564,0.018491651093955397,-0.012472761540627413,-0.003234994404444841,-0.003348544758327344,0.017609966329773727,-0.0009237842588343202,0.026759760870537393,0.01204159782099634,0.00997644160945904,-0.0071457565817101025,0.011816006618480049,-0.002518537856212587,-0.019215272709128553,-0.005647750622300217,0.0015235359509119231,0.004204905673525882,0.016238782919269105,-0.001298658181678034,0.014153362012348817,0.00836478722413777,0.13928475124087192,0.008532787310731418,0.029690216673212946,0.0076046043197524,0.15184369101427656,0.10373398171192844,0.003740742798535451,0.006571576616850173,0.0010660820488037426,0.018383985818056305,0.058651036912549054,0.004350876873907724,-0.004155106350411049,0.04769464262432056,0.0048569822463081615
32003003222,0.01165544980019647,0.003266282031797984,0.0011216453810481816,-0.0007905341659320577,-0.02308851877752582,-0.005024211155545698,-0.0011481846969701186,-0.0017003161520043103,-0.003443830585325039,-0.013426580488441968,0.007158731520424126,0.0012878415162786417,0.005428427972809195,-0.021423438146968052,-0.01818647242175852,-0.00713989066618896,-0.0020810801875333677,-0.009125987785308654,0.01529432921807078,-0.002341292498060566,-0.010291174388510026,-0.000501324661361524,0.04934210567518757,0.002999629557929431,0.01213709369337346,-0.004678698419600799,0.004152685637349753,0.0032881312125881065,-0.006085950657037323,-0.07735082227018239,-0.013574856214110155,-0.010099712573738172,-0.00995826040538731,0.010515798104653026,-0.005389405319907927,-0.04277431257922231,0.003793670487980406,0.005746244226424084,-0.02198385484562259,-0.026196569502409128,-0.0005110242223327002,-0.05475516051604201,-0.0021328634619884666,-0.0006857698849521205,0.001976566500284565,-0.017673186106048698,0.0008248405011618942,-0.009655720057906905,0.003008358256818448,0.08899944129456414,0.0036919735415806925,-0.023524923619453006,-0.0019181383026565615,0.02376361822598729,0.05154870373242324,0.0005339669788041954,0.001525530533129669,-0.009839536628079997,-0.005937034034268313,-0.056302556177012596,-0.0001093183663777747,-0.006936844884731359,0.017131186203808126,0.001818308622434989
32003003616,0.0011555890268030065,-0.005493362748367223,-0.00282130310491387,-0.003279067849460446,0.008500209008103818,0.002801727597586906,-0.005968588796933685,-0.006432522700892078,0.002794544885105196,-0.027945209207294385,-0.030184321825018106,0.0026079112586625407,-0.009834343501361862,-0.015685079192105246,0.0012783685558670913,-0.0004825910311520604,-0.002945678601422398,0.0019781725312536702,-0.09079179048462103,-0.0043875755895812826,0.009932034232410885,-0.003507102116759524,-0.14687811179639876,0.004328949510155514,-0.005376996984150959,0.004666618259796879,0.008853290573457377,9.421892195196171e-05,-0.005462135693878586,-0.004289527984423212,0.0013194187665050304,0.01150434387282107,0.010072683610600734,0.007281815417271519,0.011153065766710093,0.007928095587171191,0.009975838868136175,0.0015486149777698512,0.00029679135119183855,-0.008228186880340594,-0.015481932980747142,-0.02789403608800647,0.002975790946487443,-0.0033874943033231084,0.01948123707288317,-0.0024422718139388956,-0.004172732381310673,-0.002226107164191416,-0.001402637996965428,0.08062796137033326,-0.0048549876010113,-0.01827928492428668,0.002886547372069754,-0.08587274083764437,-0.09704759879481233,-0.002837144902107955,-0.003600680189856796,-0.010269769258002777,-0.007490073228561769,0.004704964082867102,-0.002040280015607176,0.005255215587719834,0.003639174525782049,-0.003391949344758602
32003000401,-0.01657950614434195,0.0011518490775819527,0.003234327904219739,-0.0016804701907994052,0.007195755059646676,0.0018335015402192213,-0.0002305146609291054,-0.0011379001412539606,-0.008969874213613047,-0.006005104844585476,-0.011020671198471896,-0.002797465863541681,-0.002524873951828657,-0.008076970773504916,0.0029146357387319828,0.009211028051681332,0.0006713453810846111,-0.005719527151998357,0.01380643521167803,-0.001590572078363932,-0.005448492452799495,-0.009661887729011893,-0.023391139258902724,0.0020324762750943,-0.006275340931368169,0.0019728927637356645,0.006878059467501049,4.3175940276814986e-05,-0.0015177152842109393,0.004089518597923777,0.003692339030278664,-0.00010776701271019305,-0.007802486948104933,0.00469560694139554,0.0015655373382540009,0.009064488834883797,-0.027234487997723687,0.004213644829847856,-0.004138119675712866,-0.002781433177475571,-0.006159945943191295,0.0004292155871511452,-0.0003809723141176117,-0.0003299526814883459,-0.01173326299654465,-0.003195639679457452,-0.003710123212339053,-0.0012366281781607674,0.001043305725718634,-0.14013724550508255,0.002935659213505045,-0.003674001956520556,0.0029680990631358907,-0.030940565383484473,0.04814954990081558,-0.0006726504712651894,-0.002439144192964629,-0.002023619456193223,-0.012786852517287785,-0.02679536175053864,-0.001342465323638918,-0.00555612963831606,-0.05532288865954804,-0.001513034086460745
32003005837,-0.04533048252768641,-0.00530717023186934,0.0049986264827830765,0.004558075320734754,-0.018060229925522624,-0.0002837152020263587,-0.00835148180280619,-0.0012246381600209855,-0.004620931401373152,-0.008360745385161163,0.01692501487789848,0.003601136668940402,0.0032099234758720297,0.00011189003412405174,0.0034061717855209147,-0.0012720475529561853,0.0029378338611650893,-0.0004652277668544045,0.01252920202972539,-0.00484810952363989,-0.009973082985118792,0.0035976944291328914,0.025839771500387927,-0.011967808690466127,0.014122299823945911,-0.0069066079360101795,-0.010683856162154818,0.00024115242053496534,0.0014283030174905567,0.016011934119080428,-0.016264884489332967,-0.001741130144414645,0.006765669954200161,0.0033375697035528205,-0.003939290046113696,0.01882332281545645,0.0031792146902745516,-0.004154830755051963,-0.015182077896889091,-0.004574412882005204,0.0058385802086231816,0.013964520771292234,0.0038405230799498555,0.0016675629575843712,0.0011894892726206337,-0.00013216109996100437,0.0030413171115001524,0.010226950597313354,0.004824985869328007,0.0761079362496839,-0.004871591070085043,-0.0170321608856244,-0.011160112398036772,-0.00431561886124852,-0.11691232805329548,0.003300054633123539,-0.00468534705765792,-0.0008057158774570597,0.009101177910379279,0.027814222708494853,0.0010377921425884804,-0.007666438812643551,0.027275167480731388,-0.0005590422853470194
32003005830,-0.023295000722492066,-0.0002516161514182521,-0.0025240782266984546,0.003988118068033717,0.013529029849070279,0.0057486424632018146,-0.006539621670776464,-0.003795083533615605,0.0011982956639249435,2.0442516253945258e-05,0.016109756569355933,0.005401003093545826,0.0028161903410915488,0.004155324646194456,0.0004702393893347324,-0.0012191902842016388,-0.00017685493958974054,-0.0005891964717908935,0.030743671448774944,-0.0029038455753264743,-0.014196466479771942,0.0005648256659707317,0.04596751878502116,-0.000172954858676824,-0.007634010716102184,-0.0016427226517663433,-0.007548452837320511,0.0010411236967223937,-0.0009374484943448438,0.011552029863896694,-0.0024481135019335572,0.005649328580919459,0.0007975741910799971,-0.0024322118007761686,-0.0060416760810194535,0.024975096786987984,0.00319350362727121,-0.006167407101979182,-0.009563953189844107,0.022745968222210266,0.003630306963666391,0.008848017046110589,0.0030065391673834395,-0.0013043438829207152,0.0026559292212253974,0.004411522589194537,-0.002192976693167655,0.009479596296904686,0.0053487923762116285,0.0903926248652956,0.0010082820335658694,-0.006407485270825026,-0.014952314865206037,-0.009470957374702034,0.06035602154921597,-0.001001563770920342,4.332714353130399e-05,-0.002094957346835306,0.006763387837064331,0.023098539984336107,0.0018001593464171723,-0.006939812688466734,0.02493233871607328,-0.010231215609153965
32003005831,0.04707772818496988,-0.005960160709221535,0.0008649188825940646,-0.003591268111900369,0.016795991531483062,-0.001061085712988002,0.02146777166641356,0.0022758738895381236,-0.002820583020256871,-0.009409853175101504,0.011036730882078013,0.0027691516496719934,-0.009205123918968166,0.01205515891918406,0.0008501313078366295,-0.00186732579682496,-0.0037957787013578855,-0.0023609452002883316,0.009041665093714353,0.0031187840947074813,0.009914511944782285,0.017945934933395594,0.014131904615927752,-0.004702457196521437,-0.0014243803216513265,0.005480159405319862,-0.004820502492442397,-0.0014916985405523915,0.00015535946127397454,0.02757295713291909,0.008122167992138302,0.0010869600104345654,0.015746942449411147,-0.0022196391373362667,0.0038335003625730737,-0.003124172781517001,0.006868000361682108,0.000825321410832738,-0.003152863033848915,0.0077065346269504205,-0.008081277297340346,0.01718205797720172,-0.0003244593304934012,-0.004476963571616211,0.029932573408083828,-0.02124523209244975,-0.004066401296621711,0.004066191908785114,0.0065774277219384485,0.0131926813523663,-0.002064226747967775,-0.013725949097703135,-0.011537875090227773,0.003675081553865916,-0.08802800491225851,-0.005839974323282712,0.000994439180902354,-0.003933508900724809,-0.0010434362734480034,0.02347744737481698,-0.002849102808446478,0.016109316790298724,0.038986306518926865,0.0031654958274687514
32003002838,-0.01956710621389637,-0.0014676863176608251,-0.0036842954383440553,0.0036610958354408355,0.01633933895869886,0.006341607532629049,0.002340654741236432,0.0008820840991890218,-0.0009509782354882407,0.035213239228810166,0.006393136153473371,0.008036315503596658,0.004244408658057108,0.016796133569706776,0.002871382005859155,-0.002970180552674636,0.007234984109494591,-0.00019983588325100745,-0.0021736991451774,0.004992740705315358,0.0027204457140035444,0.0037585219879332997,0.018526838254077794,0.007188250742391158,0.004691893126805817,-0.003175560088374473,0.006565126936418518,0.0021600035044966547,0.00402175302325087,0.019976946443763702,0.004215497910692843,-0.0006224319684678632,-0.004996686028138619,0.0051946440783388935,0.0032639607020724087,0.03453605674047117,0.009040732525290713,-0.004523059330189041,-0.0010702745604771286,0.009040757279668488,-0.004113661783342065,0.01544053726634114,0.0031721593701858515,0.0038081556519709895,0.007136576802871016,0.009958726571585865,-0.0012148009213180909,0.00306449510257519,0.0016195542608544806,0.11554798201801429,0.001885483440149891,0.027567787112453095,0.01128684033905795,-0.0015967694730189093,0.07100847499017694,0.001527997343851843,0.0008427243441834853,0.0030863036605582287,0.025606223193965903,0.03383895127911824,0.007490343382827907,-0.0044834015342312345,0.03329150620659612,0.010927935229678224
32003005845,-0.029700334674063997,-0.0031529998954366867,-0.0023521554399931217,-0.0014548366373737657,-0.004169716538872184,0.0017495446123461623,-0.005721119626227976,-0.002641329262398565,-0.006322687664514313,0.03062240119024857,-0.007894039005440988,-0.0029093649595416165,-0.0019394840831948009,-0.0032770729970876262,-0.004378109844499023,-0.0008443892794728042,-0.001478992324742033,-0.0072833468516290386,-0.0747065482100429,-0.0007751818583913932,-0.0036490217782445353,-0.011001959423435499,0.04531214860045515,0.0019555370761078373,-0.006936260358168421,-0.0002759205245138113,0.0014715237350463076,-0.000834782748883434,0.0005304320914247434,-0.011418064159402622,-0.018478815176329502,-0.021887186165051184,-0.01079517460897191,0.002589861408331546,-0.002631401607206055,-0.038800381432907344,-0.003990119370181502,-0.005681692145082424,-0.0150346711883379,-0.0258283582212959,0.001625874042158116,-0.03570229518553606,-0.00045485977695070126,0.004769059940179059,-0.011859289776372822,0.0025609699054794507,-0.001065558018124178,-0.0024200612436663382,-0.007153014870044851,0.08194794147526352,0.0038422822998834456,0.025865732864167455,0.0040037902974059195,-0.011217846556071855,-0.004028717676539383,-0.0021205294443112574,0.001246010146924186,-0.004879026443728985,-0.0030318290797536206,-0.03143428315104662,-0.006938878761953134,0.0038263301940230495,-0.010382276577324144,-0.004212228961620693
32003005849,0.027835968271041202,-0.0016523809398618402,-0.003539095971795036,0.006722087373591406,0.008607208207107055,0.004777765371183298,0.01126638480696869,0.001403270301829772,-0.002283633355060383,-0.0013015883824878,0.022188812994911718,0.007958676518392703,0.00752837877555072,0.002620463754502132,0.00022381906852846702,8.916000588634924e-05,0.003993431754763366,0.0038285577744968983,-0.020158290248644958,0.007295264955157868,0.023478227831870566,-0.0007040749357009373,0.0226416716246811,0.0033198448870510786,0.0036337165737823133,0.0043825605306533665,-0.0010983852824395293,0.004037415149467484,0.0054566282294288984,0.03087453361136359,0.011829811995999069,-0.0025167289172206976,0.0052949682042192515,-0.0017412358471749281,0.004126403273248443,0.012129845527279541,0.010399305859041657,0.0033731821757218895,-0.016638782789211857,0.016435877273584455,-0.001944225369461144,0.020008132253863848,0.001256667430812015,0.0003140207254380086,0.012101547389675985,0.020418581338686504,0.0018912973787274668,0.005767177371211748,0.01293535924624819,0.12243475633106413,0.001364362066102204,-0.012780635918286066,0.007132728984923649,0.0037856937613153594,0.024626570310666993,0.005618613868256466,0.0038946925442039353,0.0037968056159554103,-0.0010650999897756645,-0.019207284355865252,0.0020047362853376017,0.016707552138762377,0.03911628888405973,0.007861467714046269
32003005826,0.021365054136230983,0.002531434178573116,0.012036738629439802,0.007585891313644774,0.008624400739298934,0.006880097529055892,0.03535790352237659,-0.001199431121148358,0.0014998266217303886,0.0024303135336035263,0.022324400949530497,0.004122018608257467,0.015318892730226269,0.02381250348149516,0.004042103248125275,-0.0005103527375166629,0.0013694319441164087,-0.0003985663631595412,-0.06237568872037597,0.005411189856781961,0.017244768247463845,0.0017232305783005742,0.06727426089145808,0.003636001729904751,0.004042422627766999,0.010607197166701287,-0.005497760097160497,0.001657267496447242,0.006884977728474698,0.03437757465019643,0.021207246097124224,0.0036323155676039704,0.012741968425007797,0.002503244895596667,-0.0012597724293620235,0.005894581345537595,0.009417081465276627,0.00011046877569300133,-0.020365852296390825,0.027662789930884824,0.0008085726601185026,0.02120000802621902,0.0076023726110098075,-0.0005696560045537129,0.0103102409508468,0.003426933357008276,-0.0005100704671906633,0.004584578370234687,0.01229730797773078,0.1255045279487608,-0.002684310141848072,-0.010300974221506085,0.011907650980784999,0.015089676229606396,-0.05897761563760665,-0.0009760627389876447,0.007602095854709127,0.004280018146902515,-0.001065623382295665,0.012649305345072177,0.004280230235365495,0.017640249014428882,0.026804371953891664,0.005500804231656873
32003005809,0.022029110820760554,0.005551298579403842,0.001532425071139395,0.004748042433769569,0.011744777024912258,0.004699761567332302,-0.0009341745077066615,0.0025425842689720942,0.0038045233935602774,0.01272300431111678,0.03218517354435073,0.007122779367003491,0.0021138465702507945,0.001095404867049566,0.0013509649455543148,0.0012498413449160536,0.008084790554918609,0.002154305378145453,0.08783846536005191,0.002535580666806306,0.010513312729788574,0.005192930339268796,0.08943064189436828,0.007230445019193882,-0.0003148952175588855,0.0025974804777156462,0.008491118257488951,0.005064476145158925,0.0027962057459276477,0.005857276558834154,0.0036254916371829117,-0.0022265790363535437,-0.002248325127344841,0.008754930039288603,0.0020709506393079107,0.02380627834980153,0.01752244072411425,-0.004306772843514427,0.02147652780909713,0.00995381070527809,0.008341325550289113,0.02467065259029957,0.0024304427142491877,0.007803477527402795,0.014613176057048177,0.017931219156406584,0.0037947461731302782,0.0047200816698638815,-3.390054164400288e-05,0.13028016586358498,0.007829900035014326,-0.007156942939547587,0.012446186261059219,0.05311275751566729,0.10350445974018854,0.00661838212462394,0.001950707394596956,-0.002231480824327116,0.026035111109151354,0.019903848613568295,0.005491107993426039,0.016525856471421737,0.02222428850118146,-0.005603141356534824
32003000527,-0.023699112258371315,-0.0005207929369826366,-0.004804320027649963,0.0005593679716086664,-0.005200268070264269,0.001821485345832555,-0.0030268832673725258,-0.0019685907310066555,-0.005628839499936367,-0.005969591007927229,-0.012818156858331771,-0.0022796365899622572,-0.0029579292032307237,-0.00507103506219255,-0.0025062524485894603,0.0047444811290568555,0.0028138545669936367,-0.0011435012063255275,-0.049220118060245455,-0.005382837084039398,-0.0031207154785676053,-0.008029036420551982,-0.01204150390734517,0.004027197794927205,-0.005342320670637986,-0.004386918499614809,-0.005143349923706069,-0.0006837212771351506,0.0010504496510697632,0.005266060895374675,0.005097784703555224,-0.015471025101573945,-0.012073797353910624,-0.0025752783975409176,-0.003832139928243007,0.002198991975006721,-0.0327105854715593,-0.004198105506582171,-0.018741178176380487,0.02289472993624176,0.001571373141886345,0.009810225114373563,0.0008409233665401546,-0.0009178209484025227,-0.010355136619523265,-0.00012706243416918487,-0.0005884784404027068,-0.000760526935491232,-0.003509771199175695,-0.17368608313853054,-0.0011806907616889767,0.011762682305048372,-0.0015796284790702917,-0.050045415894556876,0.0333813209699337,0.00030558240199603974,-0.0029555283064082536,0.004507205131788934,-0.014031413905748694,-0.022173202239036224,0.005523510057401695,-0.006111752754008155,-0.06463084505544554,-0.004277424367595454
32003002995,-0.014105086063646487,0.004375243029903191,0.004278793556461622,-0.002415739381008412,0.013630221959737848,0.0034541711525752296,-0.008449298180153535,-0.003445540253822635,0.0056336092354289415,-0.008367381581400457,-0.005157654123601335,0.0017399240771051076,0.020327199561767244,-0.013721261487221364,0.004958389434822131,0.012643453747789312,0.004934036415532281,-0.004393226290438754,0.07651403168471275,0.002906540128927398,-0.00891562368850048,-0.008260701589257943,-0.023282661694878404,0.0005155776896866117,-0.003270517138009933,0.008707566609131578,0.007980332015703214,0.00022153483601728975,0.0008926485159604509,0.012319195070736326,0.0020294399699944047,0.02900111801974484,0.00854810496956539,-0.006670101114983046,0.005199647866056853,-0.028259260478011083,-0.018347162547374226,-0.0028085686318291346,0.028025177736111163,-0.02347471208872617,0.003817425076649227,0.003400743790124707,0.0027362637058056193,0.0003150543701592241,0.011327795308637046,-0.004762407659306228,-6.987092503449262e-05,-0.0018152763373416282,0.00045906758955122567,-0.07452385603024349,0.004171553076925525,-0.0032725540678141055,0.0013766169023486346,0.009041459695112171,0.04550149946536895,0.00022879709350013354,-0.002710946279734462,0.014578833656310403,-0.006167657716133039,-0.030242319493980634,-8.444233526032523e-05,0.009297508945705957,-0.029445449994576704,-0.0028932151326490044
32003002302,-0.0003132919135312622,0.0016673095182964568,0.013864032419454357,0.0004940149010129275,0.017302007450830388,0.003797244500647835,-0.0010331735004503193,0.001293824862639778,0.003917016539636213,-0.006376261230217936,-0.01440774376788189,0.006081553243983955,0.01960783916568058,-0.0058887581937657595,-0.0004935167974466733,0.008010966901935104,-0.0038412344446387206,0.0010434581033189811,0.08253604852764482,0.010207383725900864,0.001343886564408479,0.002707722179643918,-0.008208225078702407,-0.0015235202401603948,0.0034625913675686835,0.009429496375974811,0.009295339388362786,0.0015138089054817412,-0.000125858377289109,-0.04718069355963249,-0.008024742204082889,0.04274410673464495,-0.0038092908758013883,0.03155861025381086,0.010076219311847618,0.02989336246446158,0.003357669929761244,-0.0031530633934215434,0.042543565015960724,-0.013359701022764852,0.008209990330126463,0.0005255965714305238,-0.00046859998417006737,0.0041254113002650574,0.024193032428872788,-0.003947759483823954,0.0037360283428620952,-0.005063106649955537,-0.002028558884428083,-0.0612722916721757,-0.001547305595558511,-0.007524171832487282,0.0018121396664834803,0.010477571643579375,0.047203226361331195,0.000915369659302017,-0.00258770127764265,-0.0006302136811094679,-0.008035348256177877,0.0024538283295499077,0.001869088940998398,0.02036166496206558,-0.03148341479101212,-0.000506331395315854
32003003248,0.02883636551670596,-0.00020569583161499788,0.0008099166691259043,0.0006506584247921961,0.010703868908447808,0.00477059502086062,0.006211206889479239,0.0059966010537022985,-0.01485999354837415,0.01274495125190544,0.02959798643406597,0.00416855802690383,0.0017683693533899166,0.016737718963779617,0.0002021246066840375,-0.001993984453240537,-0.005045692377544828,-0.0025300235760159053,0.08928946199514609,0.000884516633384611,0.009877839062116261,0.022791631667168983,0.0574885883637933,0.004840031001585146,0.012540888346237932,-0.007512946778151173,0.0034368814061788875,0.010411244476022444,0.0029814689507815574,0.032314171709277334,-0.0008302538629147763,-0.00019593246459419903,-0.0031069792333133293,0.013092689926756095,0.0016707269240937722,0.01042945213090758,0.014311478500185045,-0.0022225338256098106,0.018784985820316222,0.025024121914059977,0.007462812912143556,0.028305410024525277,0.006744526546074316,0.0006913923404804357,0.0070479229364195355,-0.03519445658748353,0.002901916939422568,-8.584720135240057e-05,0.004293150781253207,0.1331892960623699,0.0004871309075146029,-0.008267383018297436,0.004741414940171934,0.1313017458872674,0.09647640540723977,0.003395238575896867,0.0035786677020545835,-0.004276448093175571,0.029942265483310658,0.03214191955990233,0.0045216732050037695,0.010730297245274441,0.04067727866695174,0.0021258568486976883
32003003246,0.03538147905094936,0.003153498191191318,0.002392947078376634,0.002554779937265831,0.007279236286909516,0.0038106661101061498,0.0027922351922989846,0.0006582191830510365,0.004410996654506333,0.0009408299710428871,0.03195315761158025,0.0023699592034351746,0.004327827758082428,-0.0006336443231297675,0.015428244039436914,6.084206908270298e-05,0.004374387678212146,0.0011092416395401818,0.033396828047679884,0.005313887120331525,0.007752781541618298,0.004811274559422368,0.04751908352781867,0.012589850424184658,-0.0018797224068289136,0.0010729567299345743,0.012374179565716072,0.004779942473170993,0.0050842779158999105,0.022559996298843442,-0.002546161907974519,-0.003273141448789938,-0.0051998074981516275,0.008508637642057275,-0.002800991614623088,0.007998031041312423,0.011294459784484744,-0.005303246123276962,0.018985496881173344,-0.010531908622899,0.01007931942188876,0.020269198283946018,0.0025310987953004174,0.0027983608139134637,0.013504023008211139,0.009162550179014772,0.0037943399475111983,-0.00024732997747858117,0.0013923570098227996,0.13613954552640073,-0.000682425809601862,-0.001381360309589393,0.008684031409287595,0.02100535442836983,0.08539476511792453,0.005133391739431979,-0.005235859859617616,0.0036648407773884543,0.025006090671162863,0.0061899407897123655,0.007404051119948019,0.0001650649427649269,0.00048642369799266783,0.00840953585389504
32003003252,-0.06229394276466141,-0.0020936822865996623,-0.0029466502005751414,-0.003957046997985973,-0.027966842427583054,0.0027961959185638,-0.009372735357171284,-0.0021140501601923634,-0.009407678571525593,0.013030236945580139,0.018383874140299523,0.0005647827086001789,-0.004857883209150729,-0.006491131888376804,-0.02678352054820202,-0.006827404433035805,-0.0065930637057190905,-0.01053671146507621,0.01724608935333117,-0.01324663996678924,-0.0051236395703671105,-0.0009297058230991299,0.022501002439644317,0.005182068479682741,0.009571007280725824,-0.005176965853686406,0.0012259522346122573,0.004740995584203418,-0.003082925152447599,0.006609076467289615,-0.010100643398493587,-0.009432428385302243,-0.0075789632989021515,0.004943715920747636,-0.007476413819723662,-0.010774175235173891,-0.005887072849798949,-0.0035765709254455256,-0.00869862025099887,0.0015825730656514006,-0.000643628416366015,-0.052291603642952586,0.0002523472505822714,0.0008024899839282711,-0.002625273884054922,-0.013384898657859237,-0.0004356478922992582,-0.002142328623697625,-0.015264420450997122,0.08374205278008688,0.00047726721499379503,-0.02806620344009913,0.004477944599187284,0.10727929841468968,0.057796541551260565,0.0055687384005043495,-0.005083591098388059,-0.00023554837145277075,-0.010448500150530123,0.004640866205331906,-0.007438054089501958,-0.0072016913273783185,-0.000902587377787854,-0.0009212464615967461
32003003250,-0.032598340615411094,-0.0021076529946847723,-0.0026081807981127966,-0.006414559756979025,-0.03143056597085573,-0.0029835041777490573,-0.005693064688416136,0.0007626131493946723,-0.004874140817111756,0.01787847448267339,0.017216825639940366,-0.001179033000550162,-0.00573678670404759,0.003733383257306378,-0.0015734031985201015,-0.004781984587918608,-0.010657581924263667,-0.008766413392718162,-0.10494452846383932,-0.0017553155121892605,0.007459795624157228,-0.003467492694320419,0.021804693164036236,-0.00135342691270994,0.003185610300885023,-0.0010920500980397532,0.0020650153304134795,-0.003308180842049998,0.000943742386387606,-0.0003898899338913449,-0.006824054785025804,-0.019733254739015514,-0.0062234011327462375,0.013236593778913458,-0.00337914876614452,-0.017011019519214066,0.0014270490074790039,0.007673917866196761,-0.0551480636201319,-0.025394938340844646,-0.003627280197477318,-0.05958147588440071,-0.004180190704441369,0.0009024607417063782,0.0013387560588170725,-0.015494185495872476,0.0016414005525086952,-0.005012097128016156,-0.0023734666649551507,0.07362751434499887,-0.005305264132701464,-0.048210945199778005,0.00035381903324460586,0.014166823726227929,0.038986560950597694,0.0011721494225903932,-0.0022173166524805665,-0.005557169419752754,-0.018048694861613764,-0.004156906968689861,-0.0010457641049171351,-0.014095106523543762,0.013792355137272061,-0.001520968792127749
32003005850,-0.03429603165791178,-0.009329798621904445,-0.0275176136507139,-0.016422831212618515,-0.00021666900990314214,-0.008279986869874079,-0.0038239445403076134,-0.0072462272971844915,-0.011949431626063546,0.011525297655263167,0.012913402187256338,-0.004628478537502285,0.004268934527609095,-0.007231027183451095,-0.004865129988727818,-0.018978258240134948,-0.010915435345145177,-0.005859816032775713,-0.08259062108175484,-0.0026377290385227797,0.010150831582473136,-0.007743523066982897,-0.003561521083579033,-0.016188076569482103,-0.00773407139627636,-0.02094621126151247,-0.021562531446764833,-0.01617204132022245,-0.017253160899475265,0.011399498399603313,0.0001926827767392534,-0.025112592590044655,-0.013215192269480355,-0.00811491636861386,-0.008248766177311132,-0.011649046675312065,-0.0006260645405393634,-0.004356507729560972,-0.01961121091299747,-0.0021096860617105372,-0.0021697111819258745,0.004732012088244149,-0.0030624477627129235,-0.0053579729488644305,-0.004975315707064181,-0.04288555623442576,-0.001534553847870479,-0.0013024187979141927,0.004547555982841308,0.043096935252690025,-0.013161602688314214,-0.037953635196196676,-0.010896664902426604,-0.004951105329126481,-0.19045512652981791,-0.004156215123113478,-0.0021003874528516793,-0.007713574414721861,-0.022953955251060826,-0.00257408354338654,-0.004470707358780285,-0.01183304326650013,0.003062322338570802,-0.0016424126115401714
32003005319,0.021847738420847772,-0.000820909282635084,0.0012881824460430152,-0.004052637256333955,0.007241650790512618,0.0059606562358852175,-0.006050138371553988,0.0004202616815110597,0.005563587506080191,0.0024574441910968346,0.0019876039696847163,0.004169032769198414,0.003280565475553087,-0.005913044105922177,0.0026703509765467217,-0.0038153095834559418,0.0040643976550423025,-0.0009482107143276439,0.024139558955279514,0.003522543038902128,-0.004588253750424777,-0.010942552182306423,0.07968628500862768,0.0004377030817811657,-0.004858796687331884,-0.0013632411888037338,0.006843354373422805,0.0005256863232610362,-0.0016734595575448024,0.015192675632928657,-0.004788035023247107,-0.003322273280924483,0.0033920580248601516,0.0013620074048254095,8.785109074113865e-05,0.02065946510475607,0.007648545034631471,-0.0055989014222835466,-0.00012188896735721893,-0.0128418232831897,0.00999159266179238,0.01650570016206678,0.009842981473469029,0.007879474202305599,-0.012553489323110912,0.007692801625813264,0.00514123583443223,0.0011607742562088823,0.001616780890363442,0.11333687023994084,0.002143813730306679,-0.005636759351496386,0.008796036157079308,0.01226807939236812,0.08091691157860431,0.004576029445775072,0.004189141023463065,-8.713297601256399e-05,0.028083232480803577,0.0064007725445793,-0.0015470631577072728,-0.0034462654597948146,0.008192962416633608,0.0026063048092935344
32003005320,-0.031242325915849613,0.0004263609277503483,-0.009994297445819658,0.0034028942484386074,0.0050316484618628116,0.0013689029864769268,0.002709499033566945,0.0005317223125753337,-0.0018505287333784837,0.04534783859381079,0.029864870413044208,0.005841998278982967,-0.0023462790293701957,0.017843093262483078,0.0003970993208116453,-0.004238607553553062,-0.0031375700021604516,-0.0012402835748429578,0.0007928607928476704,-0.0015159141695949472,0.0044663931542763486,-0.007096737868477076,0.04772322523443576,0.0016957943527356144,-0.00979722134589988,-0.005329320172610974,-0.009779172432628453,-0.001355603056818569,-0.002527620934247324,0.0005735265554724972,0.004628483370279499,-0.008656328291033402,-0.00372400074983499,-0.0035313316347824943,0.0028313051484610014,-0.00017973523549344938,0.005502276814330772,-0.002235621750275637,0.018751278920175432,0.022829496800973965,-0.0002169288503685757,0.01614438939903392,-0.0010123815633860049,0.003528034984688707,-0.0050323971302938635,0.018240434314237716,0.0009924544316503294,0.007064993579364368,0.0029481464451397497,0.11179913880328576,0.004680393862075017,0.034597721523245056,0.010533119356198259,0.09687328816785439,0.06265334919263509,0.005164414305734966,-0.001389011884912802,0.00470228987361231,0.010257042790963159,0.023369363170391108,0.0022508471026340703,0.005115070407785067,0.033727909966185736,0.00048239771838531664
32003005321,0.02638765140536523,0.0013969231155051191,0.0009963753271646216,0.00032385923208470146,-0.008130254208694654,0.005264245588842427,-0.0005389760023781265,0.0013964277924045484,0.0033348160599396795,0.012809501313720576,0.0283971853537929,0.00254479281417351,0.007160373325397132,-0.002070000329676141,0.007948833333195337,-0.004934149380639497,0.0061847084354498165,0.002159882744241128,0.037873537695305486,0.0038281015971828787,-0.0031061146380534452,0.0033048864454886394,0.05969945755170193,0.0065292244108234145,0.01577954765087566,-0.001827944725018182,0.0070225798596855816,0.0016415253279186734,0.001894506097495297,0.027501997323202843,-0.002230792074809175,-0.0010321396191513119,-0.0038298347708851884,0.00846752076170417,0.005086428814223048,-0.01083329565808415,0.0074219051169312706,0.02543357518885153,0.029199407677458978,-0.006067071589986688,0.004380318394586814,0.030222868885694337,0.0010751469237112088,0.009889883502098063,-0.005914960919911318,0.02111145438375336,0.0036001678004532337,0.03614600846651603,0.005967638776063885,0.15454642528395213,0.0076501772156373,-0.006206831821966241,0.005496990369441844,0.14713181704991454,0.10553137357833008,0.005505471450497437,0.001195659588456849,0.003293081726725556,0.014145101491206069,-0.0027937589277213697,0.0020476001039044863,0.005460317754299829,0.03757290171296302,0.004531572960091329
32003005322,0.023786017094302805,0.00026302648202423365,0.007641260035403519,0.00642804051360637,0.005711644580670552,0.002542008113984013,-0.0015905418523022513,0.0007253277372234049,0.00959631300762816,-0.0027044998111239813,-0.04315612821201487,0.0065358580915698804,0.010905839245106281,0.0027553838023321293,0.002410472078066806,-0.0021089036039933636,0.007072581123714403,-0.0006487374235309523,0.01886924801334811,0.0020032512307074,-0.004185055720602236,-0.00956634735625568,0.010899487166878205,0.007694003755495622,0.0006488850594369132,0.006024097826722558,0.009084398304759564,0.004120501287673536,0.000664086211266853,0.02185637420092025,-0.0034394076077765654,0.001123055760142296,0.013900627339851215,-0.00012698344100004817,0.0018314918971959583,0.03526102855904332,0.013718631505636207,-0.0034275670754763355,-0.006490626598876723,-0.0195050918755257,-0.0007934596014414012,-0.003969016742273151,0.002119943377601383,0.00010447409112528565,0.0013127981149867961,0.006463181501866127,0.0007000520040521189,0.003708152979745572,0.002261585504954318,0.0991245596407623,0.011308999639816584,0.0013378370386766638,-0.0004422724971515446,-0.0006191326699495422,0.07602442342777561,-0.00035245733110058096,0.0017734351963386158,0.006988599237581345,0.024271891163900838,0.0018488298459380247,0.0050896713090675064,-0.0033882939260828078,0.0305922604135125,0.007050335848643641
32003003322,0.0030460836688927734,-0.00013637261859457712,0.0025065667585709973,-0.0003612729836038037,0.009497175385138992,0.0028179873277160102,0.012084716816835036,0.009256255010273723,-0.011577285976005769,0.04206358205457212,-0.005433422935212435,0.006030275895636908,0.0053882682667977895,0.02286526759822361,0.002990044978929826,0.0018899090977010811,-0.005090488537912509,0.0058699909460154616,-0.08029829850702905,-0.0023822528670659807,0.03390934720274463,0.014772744967493534,0.015185548123722808,0.003360345728326733,-0.002471223995535127,0.0047263652206175405,0.006931265931607769,0.004571934848879787,-0.003049689176608161,0.021597957604953397,-0.0046911674860162945,-0.00024968176680361965,-0.0058730389208302425,0.038083326063947306,0.007354063164918973,0.04556602155845754,0.013167120989337417,0.007578016666394554,-0.029692109213997755,0.02014997200650826,0.0009791913442154768,-0.007731744807841179,3.07607369907231e-05,0.001443210838125836,0.022889406587943348,0.003594651450212793,-0.0008228558807669392,0.0004727044155562062,0.0075316153665743735,0.012728408476573081,0.0003764767850833844,0.03375716098624822,0.00612308208035291,-0.014358431132725488,0.06249571881315501,0.002020092765252699,0.004274797435407669,-0.0007865053042414721,0.016983234518230108,0.036439169867033945,0.0031565104262476756,0.01630487327379133,0.04383985800041674,0.0061466935504296315
32003003657,0.006783731384955783,-0.006703654975222185,0.00813513765178002,-0.006494498873359845,-0.03404023010167767,-0.0018013758990506332,-0.010380683526259397,-0.0013406878865267974,-0.010964812775778288,-0.024238081337936004,-0.007500213044796787,0.002769293673110102,-0.022227044179688724,-0.012398851766520256,-0.00679403352100466,0.0013020337529587548,-0.01095367730593359,-0.010959094048715553,-0.13453006478266782,-0.012121620817636219,5.822333673640871e-05,0.012825726099099778,-0.19782735582282931,-0.010406600068413261,-0.008789335349165477,-0.0168827990781667,-0.0038642212361190338,-0.0022705023438906995,-0.011070841823758783,-0.11277202291531106,0.0031739882699740314,-0.03039149326081883,0.006517467851402205,-0.00596331505101362,0.009582127349687447,-0.06280148739314675,0.0013691086666360042,-0.0003835515722741609,0.00636052748162786,0.006021736126937082,-0.013483392497797503,-0.019626309829766455,-0.0028034648372822647,-0.0018148138587018856,0.02081818905318335,-0.0009255767914037306,-0.0016460426473827482,-0.055260014239587214,-0.006012237028343685,-0.1632159803664969,-0.0008409625019439865,-0.01739909830555169,-0.00741563855537839,-0.13333063559936167,-0.16993459551776657,-0.009759975144204812,0.0004998261467214402,-0.019535976802964462,-0.023411398633979962,-0.004429010923382571,-0.030723186322060732,-0.006785201952767537,0.006947301534148,-0.009548785778280227
32003003650,-0.05392042018427177,-0.003461325032539005,-0.004154635039077244,0.001078196985425868,0.0038194553248346538,0.0012222293710367435,-0.008589355967990797,0.002062867020929625,-0.002448723950390423,-0.01610092183927872,-0.009316381991322918,-0.003301170172025423,-0.003414351367520006,-0.010343676255266197,0.0007638263292450053,-0.003071499794604034,0.0021206782877870394,-0.0027669180815167393,-0.03612565223586751,0.005908888300381149,-0.0024354851421401836,-0.0039033816940339003,-0.027116911844953923,-0.003196470457055027,-0.0039319118087568945,-0.00678961006663916,-0.008108779566370024,-0.0014926147466357929,-0.00034944013349228614,0.01684760674273961,0.0054131168870783985,-0.01031088904323219,-0.011324868593042936,-0.003964141959658659,-0.005518540891121029,0.008645912711243545,0.0060604981994651745,-0.005034433522237934,-0.01667521289545508,-0.008315907633885195,-0.0030434190924962137,0.0019461549393595073,-0.003037418227356552,-0.0008907135783521147,-0.007922567413183479,-0.007643263616253794,-0.0001268072769766488,0.0005235234419481745,-0.006547293711306357,0.06322101662297591,-0.0023412418703319692,-0.006869015155618305,-0.01167318409761739,0.006142413768423629,-0.1147348938603981,-0.00018298222109880267,-0.0029693437715115796,-0.007851951052799948,-0.012935044255695683,0.0017191036458042582,0.000626190574130051,-0.011190785953986008,-0.04267883208336874,-0.0045026853773204294
32003005868,-0.01591701377178492,-0.002863726018394505,-0.005814006446726388,-0.01235570977836026,9.76416625310694e-05,-0.014167198058978243,-0.016001980112676735,-0.002083900876493032,0.004812749574278555,-0.0156220204751271,0.0023421021363393625,0.0022293700341585376,-0.015401222925379097,0.00957157657648346,-0.00028061136642596065,-0.0109978836633674,-0.01159553625087764,-0.008882052011022686,0.012661014737322838,-0.006501355492013519,-0.03290956856896773,0.01389591762088615,0.003164864212358988,-0.029753342582900726,-0.008290759996782823,-0.024736642085361388,-0.029882728597237757,-0.01183959047584767,-0.015354244133563484,0.006806770776837157,-0.0215206124162194,0.017241536058029066,0.005236553702471714,-0.04554293204171065,-0.007972726308704926,-0.008132929733634714,-0.010128067629562,-0.0031529398689715124,-2.2093298316060185e-05,0.007266414141261555,-0.00025695480156875424,0.0058380597706123565,-0.0017473147203738498,-0.006996231635336061,-0.001335719092888776,-0.005835515576189596,-0.0014285299157212193,-0.003133772242091229,0.0013598090287605979,0.007976483796815252,-0.008688043016096407,-0.02072123293049855,-0.019812591917148802,-0.009064711707256368,-0.304578088754192,-0.0016134838957464234,0.0030937731628690158,-0.005952053351758879,-0.006453001341541643,-0.04136086317050899,-0.0037185602137088506,-0.005951071261074735,0.0075463281906466275,-0.00046819077101330393
32003005835,-0.06529554752874507,-0.006943673121341028,0.0030898468443977425,-0.00020498340445028901,-0.020562558812036454,-0.0016086660375358058,-0.015049620871762523,-0.0065192799003018324,0.00454258203050128,-0.00484838661295723,0.014193310367201235,-0.002320241280299644,0.0038799451541103105,-0.014464307842719869,-0.00216706311546105,-0.008262672253107114,0.000500778694231407,-0.002457414937100777,0.0069357119852610375,-0.0068342935757515115,-0.011981459990633615,-0.005625165113009475,0.012586296425070238,-0.013983877877108145,-0.004587732385412821,-0.0047513663520908096,-0.00988791276175288,-0.0012391934673367559,-0.014497417740638707,0.005490878365528019,-0.014211813861572694,-0.0035012545368988067,-0.00414628960662451,0.00018244536276381217,-0.002106950408129534,0.00270974318774272,0.0015698811284398484,0.00044781129507052964,-0.007689324084482546,-0.0012526365812576248,-0.004946792024928685,0.000995154653516442,-0.0012651470357501761,-0.0012553051330240865,-0.011273187178850806,0.007245506867724353,-0.005876040239496641,0.014053412415818641,0.0012991395243257355,0.06553555151752642,0.0064913872101402805,0.008180731322465795,0.008005332393540673,0.006034404418526223,-0.22000241219425737,0.004572324339084268,-0.00238121405060627,-0.005610816844366708,0.00455188968117536,0.025605537689528807,-0.0019097991640011154,0.004080498372878135,-0.03501207006758457,-0.0023957176829235726
32003002983,0.01790326741408504,-0.0031829178985363993,-0.0016686268052290179,-0.002871195954943866,0.020842284593081017,3.184097884470009e-05,0.01710196295120307,0.00893784137573227,-0.004112219043111235,-0.009190662977885436,0.009000775851420596,0.00536771624744714,-0.010187051218507671,0.024633788479281413,-0.0019168111348942171,-0.003981910985286966,-0.0041132172256531435,0.001952686773051115,-0.044021487089070874,-0.0005456789044272808,0.010203452845926036,0.01821678065454483,-0.007707543926418298,-0.002282078598263953,-0.0017425799260920832,0.00507145444232542,-0.004500569875607233,0.004074301384400284,2.0332970620234483e-05,0.04691044372114408,0.008202102742354951,0.04941274359346838,0.013358011324281138,-0.00609163562879016,0.015751774014099204,0.03799782725259002,0.014327344361929707,-0.00021154550320917506,0.007824650113089113,0.012898548899526375,-0.003206740617971051,0.014789373752780976,0.00019039817644478816,0.0005034690304657269,0.02834429407854323,0.004770157274427059,-0.002249975799687571,0.004417521348184254,0.005085980690238302,-0.08546106497395917,0.0006158408626739234,-0.006467984449175108,-0.009427443255245504,-0.017378059791048926,-0.03970971756991612,-0.00011965684357639624,-0.0013664045533245154,-0.0013449150253958767,0.0012012570116160296,0.02246628939017859,-0.002165823708696037,0.018430943551034612,0.059325734177844015,-0.0024085365543828645
32003005352,0.033928367331675646,0.0034083981743289675,0.0029258386738648685,-0.0021919996937133377,-0.004457916712063701,0.008309133831188364,0.0007852709588068727,0.0018622521006966778,0.008971442021726601,-0.008089852114076947,0.031271592902314856,0.004578591126691323,0.00911496094876713,-0.016689444696002993,0.004721377655476262,0.0026923104114141222,0.006864979365230227,0.010116997809596122,0.03999004014944325,0.004133318778749747,-0.011353948710419361,0.008203536892390393,0.07814925696801213,0.00982659714821827,0.03810343177662033,0.0015301124904706814,0.010745904213331513,0.0037782919576417975,0.0024214173586286193,0.03948839210382662,0.001440851161618955,0.0035783469819533186,-0.002371540673970705,0.00349333726321762,0.00547541270769614,-0.007085779295161903,0.011900771367059183,0.027135457741848612,0.03382641968692345,-0.0077516334245149076,0.002324258985445193,0.025404723076756276,0.003984479146991917,0.006104944826141941,-0.00734446514831291,0.02596283870507629,0.003821059345852041,0.03223822162744922,0.000876963028259661,0.16423239210713547,0.006151285743669237,-0.006135402242736232,-0.0039798416491351905,0.07825022891682887,0.10212392594427655,0.01720039227690419,0.0037898287841236166,0.009993521568196925,0.022380553318956345,-0.015616986737869269,0.007505570596928696,0.007575506831898642,0.037110379126080895,0.010786238686715672
32003005438,0.012468498458902128,-0.0049015983252659375,4.2133396904945757e-05,-0.00897977516211642,-0.017616478867811522,-0.000537710161175765,-0.016638230301061617,-0.0006500901243643934,0.0024293139482499206,-0.02838742199602931,-0.06499896375781772,0.00020466021411324705,-0.0032627977563127785,0.001105427018501869,-0.005077597681471241,-0.005116419076077756,-0.004406418059635988,-0.00541183283105881,0.038485768620370085,-0.011220666679920395,-0.0239041181282214,-0.01765560256080564,-0.025556577038203212,4.9597157617780684e-05,-0.009888201953846543,-0.00038785555428782125,0.0020940438484071144,-0.001981889610900818,-0.005204187766963151,0.011685358425313926,-0.007478412498916,-0.004600093614475774,0.014435209084097655,-0.04722793729882619,0.0029030192627221615,0.013256920629612682,0.0007777515339369006,-0.007567636656689738,0.021804103636666402,-0.02390195134140372,-0.004582472228394383,0.0037327152190999727,-0.004754299178865935,-0.0069398683912243585,-0.012394698904424737,-0.011973213662214826,-0.0027030045895385726,-0.002845290586656579,-0.0008053560761710114,0.03311596649125009,-0.014362424607122289,-0.014288137756504326,-0.017314647678572073,-0.015701008052512438,0.047941713799958166,-0.001074667928029427,-0.0005371948799115595,-0.0025192559831117398,0.0064907690134164055,-0.04943932151149396,-0.002890822129815519,-0.009420271638141048,0.019859005128067157,0.0021680680120776353
32003005440,0.017095976216883423,-0.004052108861242957,-0.005171487821868062,-0.0008207556408108793,0.007524569386743085,0.00016339843627690472,-0.003887003262215457,0.0004962993313238212,0.0050260049712835325,-0.00872185268818485,-0.07424661723857467,0.0047383992531808295,-0.0015665332767489982,0.026531443926185023,0.0020293021646012313,0.004149500320429527,-0.010177137564842806,1.0012820002908785e-05,0.02254423506322654,-0.004280607421936176,-0.00394429735118296,-0.011431511893265143,-0.016219297658284726,0.004184191291188085,-0.007028083997726619,0.005385352878834216,0.0012346433606024883,-0.01237867560427495,-0.004127718424756509,0.016294244984903717,-0.005219196045151413,-0.009620271084505574,0.01838376119625986,-0.007820282579884987,0.009150796402451568,0.018336477606256455,0.008582887520735383,0.005617668554880026,-0.013848188881971254,0.020174245742227783,-0.002511877808033427,-0.020960631313503248,0.00199912976113163,-0.0029387396968333546,0.006450450084360062,-0.00777356211800577,-0.003171155023309405,-0.002296144784858916,-0.0022805273492838693,0.061663354162275655,-0.002345516297121054,-0.0069424629694247305,-0.013235117778625486,-0.04522358296507662,0.07076606939910457,4.0843753427338735e-05,-0.0013475695499596725,-0.0005776449753407859,0.008946606725535796,0.02286901113009925,0.0034481979392762038,-0.005901516087112722,0.03383040523549296,-0.001537284245681673
32003005362,-0.0056038326288719706,-0.005429822984961996,-0.006257204461165031,-0.0024464946165949804,-0.02643590476121573,-0.024957978815669496,-0.028311287529147265,-0.004479770033097963,0.0014598326669123622,0.008892199014936764,-0.01893247559378248,0.000580304149697708,-0.0463433046119537,-0.0019053187517305075,-0.009874465326600652,-0.0074133291756592066,0.003830517963131573,-0.0013055083003711218,-0.013263071301288617,-0.004808248453320448,-0.009395863427174913,-0.017996120619069488,0.010166912348398862,-0.0013713019489126762,-0.009730186979519145,-0.0018429978080598463,-0.014430618922256746,-0.031811730825289514,-0.01037487863556722,-0.043270446265072225,-0.004996586453305839,-0.032036774613906624,0.007587525331629176,-0.05469872759933559,-0.001631811280053389,0.006974161187817776,0.00531471527938156,-0.009657626827130936,-0.022653002653991276,-0.03167263959990603,-0.008541150967660742,-0.018658856956858254,-0.010379822187951714,-0.007786433749757478,-0.02178120295043544,-0.013421165189750912,-0.003975175291993888,-0.008519484630040293,0.0065965050684860475,0.04657867484173606,-0.00593562408212081,-0.017191574098848368,-0.019985528178747103,-0.016016875524661564,0.04766549903352826,-0.00348201092178416,-0.0026596866032366864,-0.0007237605918250652,0.005693801193196893,-0.010638685923880217,-0.00845509594089693,-0.016860579208366762,0.009842766308584184,0.0036048211592144015
32003005860,0.03110260885297089,0.0014594569562475241,-0.00018390458531550581,0.006153931339839847,0.01109519020293001,0.0025273665931134213,-0.0081586474804205,0.001929952290053664,0.005999791012740077,-0.011972872819090949,-0.007115792762586832,0.008203724506538399,0.003462345880383872,-0.01657481672085294,0.0016675521812622087,0.0007248023650388656,0.002806519411253261,-0.0012938957488910605,0.04995523349033191,0.005061516862323227,0.01462775138155388,-0.00041429500705592536,-0.0012720261597072677,0.010440682573319326,-0.0015048825866368443,0.005255450059914463,0.008630466575132402,0.005891625221673832,0.00473841862284715,0.02545901946790451,0.008972840711151626,0.002859530381944417,0.019238924078200367,0.003500655560941771,0.001871827561951865,0.015783933478800184,0.007825252948671006,-0.0009484845755472944,-0.007903209944493509,-0.004633527062581241,0.001167045739559489,0.015709072116363243,0.004553959100462189,-0.00011509811298635789,0.007820660363466764,0.0122474122177936,0.002891923910222701,0.005822622623730809,0.008209492409001417,0.09912761673030288,0.002247973922281186,-0.008607153337232297,0.005050065262185711,-0.0007904738529623711,-0.07498180690446518,0.00041647957515827223,0.005342444656539321,0.0034639974245643758,0.0029728662833875016,-0.023326809297475364,0.004210585104104753,0.010908522243889544,0.018075893048781363,-0.0013964200265819226
32003005112,0.06901537625824077,-0.0011471702301398712,0.006576669325010507,-0.0036667494474230747,0.006363781198510779,0.004744489589104711,-0.00841849497561135,-0.0020838065916053807,0.0018871784216174775,-0.01736501664549532,-0.049819349035654416,0.0016228613954987476,-0.003740021161039874,-0.011917604773217634,-0.003489537007570888,0.0033730405858197606,-0.0019728693135429394,-0.007489940617126584,0.049796508276475186,-0.009298320515295234,-0.020916173971356727,-0.015558725632938992,-0.12861747494527684,0.004456184590197155,-0.001518670579070731,0.004119709975203693,0.0014070111922522919,-0.00019226892760063912,-0.0019297521598380673,0.019010492501926008,-0.002947623982564971,-0.002272638945952113,0.020402619207555043,-0.03432682700538508,0.009329827140517513,0.020473489633472276,0.006426607806020622,-0.007188975516299017,0.018929050848125555,-0.015013196580589862,-0.0017797686442503277,-0.0074703362025619734,-0.0039971446063313916,-0.008278916414531351,-0.0121773745568133,-0.008480628284385639,-0.00012154062288474284,-0.0028455702160230635,0.0026006399652644587,0.05179277541869591,-0.00872347249624404,-0.009091720654200256,-0.010586293194146857,-0.008174178328509547,0.05803816974164943,0.0003190195690326442,0.0003205740043603444,0.0010770701736185326,-0.0069846469288243765,-0.04273389031752665,0.0018154017020419904,-0.008570483760188671,0.017304056715996368,-0.0006157474146461092
32003005876,0.05161092192443079,-0.0010561939502800371,0.0029655151664768056,-0.004030566458481505,-0.03621526170696151,-0.019855924610309862,0.007787798111340858,0.003233571327056444,-0.00517799494863672,-0.025101309686253924,-0.008062999279682325,0.0030183134734170993,-0.03985376072750821,-0.009908513434120034,0.0027987906905493493,0.010307750941218446,-0.015015774431348026,0.00862948467134176,-0.04884571224538377,0.0034916724913861916,0.0022996325438611707,0.002620596807819549,0.03506316297708252,-0.03709879324603295,0.014100479564491716,0.007408392888784537,0.003221295701958944,0.008905762831224419,-0.0017765448548815363,-0.038467800504784,0.010312426223342363,-0.01320510015713758,0.011109179073557842,0.023824041756015924,0.006179804269408617,-0.03418910463068792,0.005634751654879373,0.0043713011983697,0.012107540779500426,-0.0016224549797861434,-0.023690495346558975,-0.007795479069431229,0.006033970949809926,-0.01613540819563757,-0.012687821695629183,0.004527573230663649,-0.007939509270000254,-0.04738784312273056,0.0005152036584460305,0.02547807111557806,-0.009657376902074967,0.017066756499352576,-0.013697138174434778,-0.04693885175593574,-0.15180482892218877,0.0008732166276576207,-0.0005213033386648414,0.010508449691949116,-0.013123251290281022,-0.006083493536556096,-0.031997956753004486,-0.00034459651081683313,0.03455380116064653,-0.004798912310361354
32003003661,-0.05736842016700834,-0.007122747086519442,-0.004546089130028549,-0.0031058393724381858,0.0026740044677824814,-0.004118283833632273,-0.010778053020743307,-0.010592255473046023,-0.011609357091019372,-0.01778932347539096,-0.0230880957262488,-0.011403425092975235,0.0014197410682362723,-0.007045182084550806,-0.008718088933222892,-0.0032391535041284996,-0.0017314332454409808,-0.005174506808503539,-0.02040127512110278,-0.008258530542219512,0.008860751791613847,-0.008948946382367286,-0.012718043589095675,0.0036372634849287577,-0.0037150075985685543,0.0015998470849240473,-0.0032006339948480755,-0.0012737053976060004,-0.0016656350030371362,0.012952600302861234,0.0033132494609149172,-0.01521845334530244,-0.004960475972240483,-0.004948496189478013,-0.002790389189113527,0.008891198478853099,-0.028382348267674183,-0.02491914643371813,-0.03678961396518367,0.0046134666641655725,-0.011005663285243545,-0.014061740706270283,-0.0004871239099961239,-0.0025577302212175623,0.006986571775340597,-0.007691037601830703,-0.00039914397790152866,-0.0016981230040111065,-0.010158478622599488,-0.0748207114180778,-0.00011315063744376524,-0.015914244483156686,0.0013019277980494547,-0.06885751208378706,-0.12932095925230191,-0.00372349648164777,-0.004885067698199091,-0.011379199407561158,-0.01903453950559668,0.0048432046437440835,-0.001575560199920559,0.009788813941996686,-0.08386246366911076,0.001444880262186449
32003005720,0.04581438326730822,-0.0005170661151975313,0.0007396599013148109,-7.162470054314222e-05,-0.03941241143160042,-0.013451369864871578,-0.0073785453752792714,0.001092577206032178,-0.006927314812525189,-0.014624052274725479,-0.005607409315727528,0.002205898595292187,-0.028570375849107335,-0.018925350597895022,-0.0006513729970192478,0.005067385201336845,-0.005746097769524947,-0.005218170991756866,-0.04797173718536233,-0.00966942843007208,-0.0021258007876865078,0.014277127262815097,0.010446724506494622,-0.011313871626362708,0.0006924935585475098,0.0022675497383385966,-0.001390181326859896,-0.005263319587650933,-0.0008886055138621913,0.03176026187180227,0.007123852443100418,-0.016378394932697608,0.007013092108725622,-0.01031658812315571,0.012578053550815416,-0.03873722279308903,0.005562243712389223,0.0013941788826256352,-0.00010094991173767527,0.00829621152667111,-0.006821144284355456,0.004647185018284268,0.0015106302034063733,-0.003731379833022644,-0.0020541173426699122,8.483615656498717e-05,-0.00479204607269555,-0.0038167101529272113,0.0017176037419802676,0.011374697663977317,-0.0013578374016204949,-0.004161227354394529,-0.011615300078559947,-0.06939698503466805,-0.18229202529647412,-0.003789540268662102,-0.0011092385280598348,0.0027038955032056065,-0.0067235777543014595,-0.0026394838537883705,-0.026547591010267803,0.0037981192233599833,0.04112498292579447,-0.005234738353799335
32003007802,0.03875033144381421,0.0009702542408782263,0.011941090759112866,0.005593164974252005,-0.015688498785535587,-0.010498941243393265,-0.0011567764775416527,0.015915673838435958,-0.006697981561504454,-0.021648718251660495,-0.009027008640731072,0.005063768831899498,-0.021025862983953533,-0.0218320378811231,-0.007680289183665035,0.004966107056663565,-0.007841468806472454,-0.0034134517503107463,0.009913255322983979,-0.011893587846768023,-0.0010248440351201399,0.02357921612799097,-0.16556611899692475,-0.018934146820693155,0.025032083498424576,0.008468323402817224,0.002499494743625477,-0.0018800715864195796,0.0014960761211712725,-0.06829420300671052,0.000336476407885563,-0.019323045483392993,0.0039054049851343195,0.055930627765736166,0.012446810413454655,-0.05270250588570316,0.007327997576332427,0.0004366626532929722,0.03485858466018779,0.011856634906353402,-0.015177040235173564,0.01408481566051528,0.0007286825616796523,0.001546254938187769,0.01822045698159134,0.0016704363615638053,-0.002683374885459356,-0.058913161943753484,-0.007822456583562802,-0.029274180491992173,-0.001169614699579241,-0.009025472489319817,-0.009184725789020475,-0.07227777574335557,-0.12095185296529937,0.000693941774260797,0.0005836032972333466,-0.010811299422394385,-0.01109101796731817,0.03140152064043361,-0.024815665866620554,0.008025238310311869,0.03548919856654034,-0.012181323160035316
32003005361,-0.03238015293869453,-0.00510638333704402,-0.0052661450890723,0.0010725047338191519,-0.015309021274523148,-0.0004421739813498903,-0.00871910340540441,-0.0031838174753320244,-0.0010101452609844242,-0.012578625451139453,0.015511364609559673,0.0018325124218275862,0.0021623942285321327,-0.0204033665705245,0.003166447403796041,-0.007114437969571589,0.0020349966929336894,-0.004166755149320043,-0.0022821256397407962,-0.008463737924740533,-0.020728108885121242,-0.01494591479631912,0.031464176113783444,-0.01627635335877138,-0.00716870109153562,-0.007317874552375608,-0.01154225398592001,-0.007017290119754838,-0.004265824564570812,0.0015328575931464364,-0.008901102860474502,-0.006868643129382598,-0.010635082487539759,-0.03442119539809334,-0.007039926775352935,-0.03396480267547572,-0.0009359169893420553,0.01470793927573991,0.006287607709741091,-0.023001734242265842,-4.728883528894652e-05,0.01570313758123817,1.2696753640344067e-05,0.0012403450251743469,-0.014061426576651666,-0.009371224700653992,-0.0016127964897020642,-0.003584592048216286,2.5563713372033966e-05,0.08301637935470153,0.002564935469005087,-0.017790293567336,-0.00708371567949504,0.00324821104566974,0.007756909959501161,-0.00036474311328358564,-0.008236688469670718,0.004278760138902042,0.011083698870100531,-0.04839233857151065,-0.004136200724539639,0.0014279381577084207,0.019017583850673224,0.0033403895057020896
32003003267,-0.0011692270820191956,-0.0025645485952393273,-0.0034947788688604897,-0.000490532511460449,-0.04054092769323362,-0.0009373113359673143,0.014092653166983958,-0.00048678517133156666,-0.006438320073418576,-0.014499468473386927,0.011616352771590085,0.004453832138818445,-0.015098611015512877,0.008121356902436228,-0.0018749518246736093,0.0005790579367073804,-0.005457392112701513,-0.007750164860290637,-0.09886335928036115,-0.005049183141016898,0.011837107701723812,-0.0036939034466956767,0.0008727162899322949,-0.0012149397427281545,-0.008480926317783377,0.004076243073145335,-0.014949068802029983,0.0009539143523095781,0.0017705370684208649,0.04066092156915613,0.0007736705711905244,-0.028037205350421864,0.01217909506362463,-0.009522393383450102,2.4241842866832722e-05,-0.009403174594521677,0.005240044061848101,-0.0016863364154498372,-0.04708972442503893,0.011889981466544172,-0.00422780547949957,-0.009777209534476451,3.7226570015969686e-05,-0.0028429143359786435,0.01081869347946568,-0.014630358553369499,-0.003552625214112486,-2.368489992273133e-05,-0.001171554094063946,-0.11798211040903182,-0.00025786096623009724,-0.01696886716919589,-0.013093920539278096,-0.07773013828737924,-0.14284083683530951,-0.00772066628019341,0.0019374366970001588,-0.003170685412252828,-0.012888505871213108,-0.03416189157945448,0.0005214372352491931,0.008892313021411457,0.02678067553544256,0.0044617033264752765
32003005110,0.020294179589381435,-0.0021261453998237755,-0.0027351237347315216,-0.0007380951229656136,0.016229112201127847,0.0009386507755922193,0.002953048515453175,0.002664979407177878,0.005685508632440755,-0.007331985371190879,-0.006717488217001472,0.002495466158058446,-0.012048511783231955,-0.016545857548405405,-0.002125769233212377,-0.0013887910010283457,0.0019798528865416043,-0.003512846565050594,0.027032081727402433,0.0033044226044221794,0.00786302378599904,0.007454264776029792,-0.014952811735901435,0.005848373937963713,-0.0032342386112750926,0.003665678707332809,0.003931771225348176,0.0029141411445323204,-0.00967807376136107,0.03189570976382451,0.012487269378968205,-0.021229686090080264,0.015186418708238208,-0.0007796194077558427,0.003338016946226763,0.03176257570742682,0.010685057560698543,-0.003313329830858151,-0.02246554132355953,-0.0034708194738527387,0.00314764995535658,-0.023796438128434627,-0.001800424258754453,-0.001834941345398068,-0.0026519467346691862,0.013173033483016156,-0.0018788800507029183,0.0007948378634060682,0.0004501795850697963,0.08404304923428693,0.00043989672376835683,0.007026120232937929,0.0003346752839462191,-0.04475031206938857,-0.058761296332024066,0.0007293160843617223,0.002635754539424533,0.0009743201201229224,-0.005679602275553633,0.03815938120805235,0.0026490359640147752,0.010077595524372662,0.04333911747092801,-0.0005375218860303758
32003005858,0.03239353782073886,-0.012846175523489779,0.006204872541148898,-0.023094119477758832,-0.05955598615205824,-0.03372343652148683,0.0037358109485191374,-0.002371922178064651,-0.02287303520492298,-0.03842519591396028,-0.029774495425625516,-0.007164265695127449,-0.061045550900943504,-0.033986480092447875,-0.007843576952879038,0.004891660741051574,-0.011604638771481079,-0.002925041424001347,0.013934578284648587,-0.007618773616884603,0.0017593289571000796,0.008870601698322867,0.018924027089804087,-0.07099862026050573,0.010590446623170156,-0.01001435303812007,-0.010060481699009326,-0.011337816918793854,-0.0031046510573023815,-0.02480747946319794,-0.0006716975082004064,-0.01284206511929687,0.004463578417103187,0.021054310780717386,-0.00018548849972883642,-0.05408181808337134,-0.00483902831176422,-0.0013904387329303754,0.011771748509763896,-0.00697854077949134,-0.035442329247009303,-0.006017750869813735,-0.004869821044969591,-0.029258976581353357,-0.01651436020976611,-0.010434426553361378,-0.019191157207733033,-0.06472148005484689,-0.0203407728652641,-0.047126824950749914,-0.015114933298161682,-0.010435409521088838,-0.01567279266487727,-0.009792070252236957,-0.24716070839650303,-0.006025708573680353,-0.0080227343166275,0.0017191292164286057,-0.025883366400104312,-0.016445528382683948,-0.048679061289179676,-0.007541233483666542,0.016528230216553974,-0.009822777104532486
32003005866,0.022067499747010163,-0.004485000599788932,-0.0019792935509769095,-0.0025186748317630684,0.016858648024872323,-0.0014660988263562886,0.022243359010236628,0.00933500464475914,-0.0036916493466889674,-0.0068660765836719,0.011285744138051262,0.004558773791587386,-0.010176641157090313,0.03374443670520005,-0.0014978216960781596,-0.00018115302529966436,-0.0031219176700574753,-0.0006208102638590917,0.005095526637962382,0.0015521790285206768,0.017112966528384246,0.02037251848388299,0.00012663301289638567,0.004340542447321264,-0.002862845884557648,0.009235856316062168,-0.005760599220025997,-0.003717280885377074,0.0024337929636176914,0.02478802808683198,0.010449928657699177,0.008946245492407164,0.01775446353914108,-0.0021463109550995427,0.007703922522334386,0.025882767463287104,0.011875794057461378,0.00275556200238884,-0.005350833031677233,0.011279675941789476,-0.010140940148983507,0.01401269438563461,-0.0015838362482476088,-0.004465630985652945,0.02880848815659183,0.003423438193533073,-0.0011304475720932395,0.004814095084668782,0.0023044764634591102,0.05585325855209424,-0.0013718537407975068,-0.012646009268075825,-0.017157835863586917,-0.009284972424701896,-0.06840491739490023,-0.0011728001188314498,0.002303267152142229,-0.008659832001134439,-0.00015906756321309998,0.027136347343054402,-0.0031729696029970515,0.015688886487113134,0.04002823706855083,-0.001068758612933697
32003005865,-0.023022832306103108,-0.0007418483055919685,0.0028559666213506816,-0.0011878807659122892,0.012542687630631735,0.0023218039336073,0.009198281210958687,0.00725755026393482,-0.0016223968128347703,-0.00998750091844754,-0.00837056251732758,0.0032531670986347266,0.002630254177565948,0.0253765065763997,-0.0008276440610875881,0.004342659146165559,-0.0008080482063563231,0.0001746046959638048,0.045492548488854354,-0.004358066455275733,-0.000914399565656751,0.020266861709554346,0.0048089663704680525,0.0013318499866778676,-0.0028691820537450393,0.004453013391271793,-0.010521271999376441,-0.007843371799765051,-0.0018294748276997163,0.02771857544635428,0.0086111413348326,0.02780480874812399,0.012466167132991049,-0.008462616465661923,0.00028969834317323144,0.025527556675701734,0.010004946197958756,0.0009670043632172884,0.03168656445837937,0.017335082807701317,-0.002722176479874289,0.00820738236735109,-0.0036904613270750653,-0.001221577925306487,0.010267863592226801,0.0167822445965926,-0.004089870777117314,0.0045825691336264995,0.003615870786524702,-0.006730449378011431,8.006727601911346e-06,-0.008004778862133173,-0.010094781417595617,-0.000686510013209508,0.04506682304565898,-0.00034364319881988984,0.005336869084103735,-0.0001731239946008929,-0.002928063004455306,0.028438450692285743,-0.0022327525364422406,0.012759068442232837,0.01924024634636224,-0.002286359547759096
32003003649,0.04144033805741889,-0.00648650050870386,-0.0042096369208345094,-0.006583011647372877,0.007772696466224936,0.0026255555726755137,-0.003947517871740284,0.0007181726895626345,-0.0015962326475293294,-0.021775522421296923,-0.017110018893258853,0.00019284016244388783,-0.00021361779658281554,-0.016684437743522303,-0.004905499441598391,-0.005402832499947808,-0.0033547782112056455,-0.00877178144759964,-0.06182199409693943,-0.00513410131002558,0.00445254518432335,0.00643123514672242,-0.24084552643544985,-0.003085948470270339,-0.00997830704385526,-0.008672130919233315,0.000561017390587562,-0.0013859299032200705,-0.01653975120850209,-0.12023394293083796,0.003155519601699984,-0.012000766391628772,0.009117781141200834,-0.012237511938263931,0.008882236993925954,-0.06744150481621271,0.009858230221461966,0.0003025086687911447,-0.015660150923316386,0.004178976676035307,-0.004337488706759479,-0.015562938728359203,-0.003419364812337674,-0.0035412215195773323,0.02185483160471127,0.003037448764314088,-0.0005571919847555301,-0.002791569233767099,-0.0022411782417697873,-0.2389566125345456,-0.0018638938969433915,-0.019927440247342172,-0.006080864124552493,-0.14576167208065452,-0.14396368746642996,-0.010428107011106016,0.0018353050645707391,-0.021123718263744238,-0.015044179684776633,-0.022998069988569653,-0.007931004401869732,0.0008132282549723953,0.02235952667322679,0.0006206621085573022
32003005364,0.04095746690565717,0.0015590772873249282,0.0052097409160511855,0.005767140176313061,0.013110593882827043,0.009150129345777552,0.007826309813320614,0.0016009921605321675,0.006712109011885113,0.022841395715755695,0.03499865552701168,0.006876085742597106,0.006122408104551495,0.005626555213298322,0.0021832963500353483,0.0008622373187654139,0.008095319697128315,0.006852834359332904,0.09919309573668011,0.005942162764793148,0.00412942423935408,-0.0008627366111747851,0.09770171551746407,0.007372117419653089,0.001971587450706667,0.008979881355930523,0.00514038847971046,0.0027521859240713393,0.004423750458284626,0.022241517739121173,0.0004644000802019519,0.002281038164273337,0.00401546813520952,0.008007533382581648,0.0037522071026386225,0.025569503086079345,0.021500254497915188,0.000406788114939127,0.005287166292786891,0.005006006789623366,0.00841983252393968,0.02380251332860002,0.008826778481332991,0.002978548469813369,-0.005825232008285674,0.023423641056312734,0.0029090425815922714,0.0013729305245934833,0.004030789362219132,0.14232224597658358,0.012409603207251884,0.0008725169754313169,0.010649183824857203,0.014093153447412195,0.09544967751595133,0.003865642434748539,0.006459674571421573,0.0014989762425256347,0.02913238288023431,0.04682047012951406,0.006957074880121687,-0.007367143057904882,0.051070035973966386,0.0058305368545950925
32003005717,0.02849120899511482,-0.003997391694579511,-0.008127594056519206,0.004191641584946213,-0.036510711056522586,-0.005123933696835158,-0.014529714840119562,-0.0022702220432432433,0.006605732206064732,-0.013268143619643468,0.01226048688479889,0.0019738362409992224,0.010832822452333211,0.0015582210254942131,0.0022036144289507413,-0.003569541574287503,-0.007204017633279051,-0.0047174804616388595,-0.043887583204994626,-1.2463212358174249e-05,-0.01299010734245534,-0.003142217055762204,0.007861373766509767,-0.012029362843685991,-0.007302375431460993,-0.0006432718691082137,-0.01902347398462636,-0.014661516478593904,-0.00713808217093054,0.015269259872220399,0.0011049243942663138,-0.014339090674009517,0.010878644203302196,-0.003605460632074265,-0.004139165846228734,-0.015324954720271126,0.0026270012975078334,-0.003975673848017949,-0.015637137314010056,-0.007262670639651728,0.0005938580328080134,0.009619514493872296,0.0007847729290192416,-0.002716021243560767,-0.01640835645659332,0.0017572235427127168,2.79570335453759e-05,-0.0017166995915863235,0.003977098229731053,0.06668226962433489,-0.00817292159727222,-0.021230962259586254,-0.016204680548927056,-0.002375398169185086,-0.2197926010620616,-0.004680292754123743,0.0012282150171272484,0.0020881348727034756,0.005375331774136477,-0.0044397676497638615,0.0015388302751856914,-0.009690747001339968,0.01889089924744719,0.002029153139535829
32003001615,-0.02032714860513475,0.00288291921579658,-0.002179518426545926,0.0024798547803937697,0.017439685867324285,0.0005832337337074346,-0.0043993165001605895,-0.008211778278382724,0.0012043074170119462,-0.011129649315970115,-0.012817747957761591,-0.0116146501298334,-0.004935661449733813,-0.011805325528155374,-0.000767003021319953,0.01057706759122976,5.5590498849497946e-05,-0.0027999614337813916,0.06979270036591735,-0.011160116567320277,0.005996817798843807,-0.00956761626490458,-0.019939748229258016,0.0023295952702413504,-0.0023259613061352383,0.008060049265253368,0.001630752264866276,0.0016332026467835753,-0.0002443864755687774,0.02008747494508415,-0.0027499909719156646,0.029886463817965166,0.00973610485974822,-0.013629171353451671,0.001434779529063004,-0.010626284745550909,-0.028176921458298643,-0.0033704418256107847,0.028785674522818758,0.00406536987025837,0.0033500808340882118,-0.0037377147637226637,0.0004186335180628069,0.0016863121266401378,0.005192218522728639,-0.0063006765388588385,0.0015348573648002566,0.0015424226588780265,-0.0019800850867641496,-0.13167758218880676,-0.0031664645388465307,-0.009823655895919594,0.0022752093565304456,0.00877770133979099,0.041676379294465785,0.0017864735821736877,0.004890081160294517,-0.00876934282516037,-0.009897361350435707,0.003957805484587176,0.0005807375933372138,0.006721276370886327,-0.041237924254610564,0.0016439353154923566
32003005114,0.00923883660103609,-0.0008899776029399518,0.003963937910848436,-0.0019401554505073394,0.0068020304677957645,0.001801909603216697,-0.005166110338397544,-0.001495892651826376,0.003542020510711576,-0.01470515477044594,-0.056447605625838365,-0.008228422561639718,-0.0067156536263270035,-0.00668920397530511,-0.005190381587841513,0.00015114892825739303,0.0018963400643388793,-0.00803652082283451,0.021729081597340612,-0.011342138410628085,-0.013647190031184737,-0.012387059062396611,-0.032765601847012986,-0.0003332407135830515,-0.00029649188742633296,0.0044749529222014445,0.0021452457534601468,0.0016923169169037258,-4.715556853288753e-05,0.016145834962469147,-0.00607831953512319,-0.006737381326706307,-0.00104888718229234,-0.018806816278722507,0.0008294114222798859,0.015025410606078309,0.006190605849826985,-0.005849174010692961,0.006771687319801039,-0.024261771737039795,-0.00020502853858542181,-0.01297516166743415,3.5871854694046056e-05,-0.002953241079396,-0.0011615249229303397,-0.010331594861425675,-0.0013823178176935538,0.0009098529338506804,-0.004221304501098603,0.06691157492744515,0.004758829286348673,-0.01324980560851766,-0.00542017108471999,-0.011135043691632433,0.0485331308533286,-0.0010614628116040405,0.00027645992673068975,0.002187052876712689,0.012796762145155936,-0.04134997054847287,0.005165092058844194,-0.013199627433630824,0.017917231219944207,-0.010253376275430652
32003002998,-0.020667864452125595,0.002254101004320761,0.007259157796223293,0.006228341315522664,0.0065186313112110894,0.00377245121579726,0.049240455823729545,0.009706049819815763,0.015108864549643022,0.04450897401440949,0.023838582355738276,-0.003688071120403595,0.008957638997024413,0.008694005806088922,0.0018772776334883066,0.008376315400015889,0.004819291161827482,0.015011851187862277,-0.02856666269612012,0.001505505009420952,0.025580797304097656,-8.781835306346738e-05,0.07485217151366827,-0.005304497904676339,0.0032335146926607177,-0.0010935469104441503,-0.00828416722278347,0.005565674392485512,0.0004963968655473855,0.0272495116440717,0.017175872483676097,0.0029747357806984617,-0.003509105155791169,0.0036277950141119226,0.002688660851014932,-0.0013760913753810907,-0.01044274995027549,-0.001151231918579817,-0.016066295732639412,0.05407958281717744,0.009926853644515518,0.030493611590443732,0.009408943987388509,0.007670733080563135,-0.006150437831399277,0.02372377125584654,0.002933659252342106,0.0021543370261387276,0.004049672802009624,0.1333395147735038,0.004877146988467616,-0.008344083130972534,0.01574257634480551,0.020041898428008458,-0.03871885203416152,0.009850624012933741,0.0020353892075032427,0.009470011313490933,0.0012402608492177091,0.018775508856957217,0.009004553178855677,0.0006306252434218098,0.0162524179813979,0.011592921249575058
32003002849,0.034496752799296086,0.004414456877987984,0.004557979249367932,0.00408785458992947,0.01321193537701626,0.00650447683686764,0.03899656679229219,0.0072131778763066335,0.012740318689204694,-0.0036408190381137513,0.026865448792515498,0.007353948952776874,0.010940689457420055,0.04006387113509389,0.006808913850064751,0.008306331102268876,0.004361098582069432,0.0014002209528695016,0.02188246956427364,0.002088968603911861,0.015664368806209382,0.002865537775542897,0.020756674333351977,0.008497159841353269,-0.0004921062354770623,0.002030210016673236,0.013085317850092868,0.004618942332359205,0.006068229583631089,0.02825545394640076,0.01819333961442047,-0.0009137643740232905,0.004152118357129652,0.004025691227132272,-0.0033641932601232868,0.015813182288105795,0.009643316025738192,7.009600981697311e-05,-0.008239095818920432,0.04807361019555957,0.0012387419616191435,0.027023468659973016,0.007159899809216263,0.0014144899966755402,0.005171521831683328,0.01342384933851773,0.000670735841441925,0.003956569115848035,0.003741146641505823,0.14180044796695443,0.002508037349146807,-0.006207305530804385,0.014036788566422386,0.0005272794260122224,-0.04231780208318098,0.005528707381326866,0.006005733367184607,0.01046369996251917,0.005109723427854775,0.013739113885709118,0.0066383942450418225,-0.0007745169763926791,0.039627353417551504,0.01455362650195639
32003005857,0.022930731926041458,-0.003982667768022288,-0.0007560668861444751,-0.012934480110407235,0.011431831134764151,0.0024274597543562973,0.024040153049724528,-0.0009952655176302058,0.007549427391021286,-0.0024036398378486103,0.012433999465870782,0.0035923016383365984,-0.021384079367627283,0.0032895599978380427,-0.0022963387225223837,-0.0033948958998468504,-0.004209485818756519,-0.0036409434133032573,0.012454921900890313,-0.003446055816085454,0.008496891071347767,0.015137863144583142,0.013165440741787464,-0.009637381129066777,-0.0060117147753291815,0.008810073541877884,-0.012532925128681054,-0.023766062352419914,-0.0016649565948807306,0.020152471750284322,0.011758469047955791,0.007022671215307488,0.013748845393921351,-0.03072488045977852,0.0013206370292040913,0.010013290345158724,0.010105893311587013,0.0034968895860927906,0.008817120370328243,0.012009788679889393,0.0019327911526966783,0.0157591247204149,-0.002259338661983895,-0.004082970675160411,0.00925739555934914,-0.014765030792316567,-0.002572687144166313,0.003614862201919866,0.0042448393694086185,0.05183299265099498,-0.0063153478112957994,-0.008789382732755278,-0.01541433954666795,-4.6681013055446266e-05,-0.06769061108981694,-0.00597585026985771,0.0038194540828394045,0.0034899274522725426,-0.00203528592395014,0.021196867427658923,-0.00033355551889480785,0.01253389463300051,0.03103056193245916,0.007704928291333686
32003002850,0.026429577373059007,0.0058274075518966835,-0.001430722420681003,0.0008633797053924829,0.02377313996156256,0.00811992996432546,0.0019329649152138976,0.003319214778198674,0.002102140608465764,-0.0032886088322957455,-0.02295170122705804,0.005793216227752479,-0.0016697622643326718,0.041831089203794296,0.0002696310585484264,0.0032698372161285827,0.00017726542744808603,0.007600239980132702,0.027419193043605353,-0.0007711273260860908,0.006643706599072952,0.003464625363501604,0.012459841823582148,0.009704918628681542,-0.0049406703918482425,0.009082750344270933,0.005267538300556914,0.0017168883792991322,0.00689280097422198,0.03881535316927256,0.018239065028830322,0.004554829220954127,0.03579580335947038,0.003454984160283629,0.005327181960203833,0.03602840945189419,0.013032504703309501,0.007040717969714527,-0.009044638937885579,0.0382811958977873,0.0016162855133634519,-0.006650123589679272,0.007990380245891932,-0.0024274334022882558,0.0060063312678429615,0.012638650596377685,0.003854042510636936,-2.086570848299348e-05,0.013218534558044365,0.12187642109188741,0.004011917896407772,-0.007761646168858077,0.0011667098883118346,-0.011580950961647846,-0.08883086274725506,0.00041194606773269353,0.012713397857107239,0.011249651073071201,0.003698435457749579,0.034482715164957475,0.0015284563996904323,0.019851040692858993,0.04824404397524875,0.012247792075962067
32003002997,0.030567480712602586,0.0018116449196594394,-0.00011481820536885049,0.007224009794612854,0.011365186057898923,0.005653833466089706,0.001312912779978138,0.00401027923550456,-0.0012456288720729856,0.0172120548073897,0.03792510683931015,0.004348519370880572,0.002432968439501134,-0.004072298016293344,0.011344763658325747,0.0017801154435571561,0.007636134138365014,0.004986268942881771,0.047226031619319896,0.008837889635589201,0.015321067298858246,0.001215562056189628,0.08402126050812755,0.009271332616414524,0.001449122001287548,0.005600916757660906,0.004191942241554333,0.002851738423323235,0.0033159089946746215,0.02493239934444873,-0.002306440857199879,0.022903491287562142,0.0027905274693281316,0.00780915742908837,0.003458436504223393,0.012807540786294173,0.009429705058375114,0.001005338081086668,0.00258056359292365,0.009759493940608809,0.008824569778038291,0.02988960128153902,-0.00036098115205435865,0.0040613243394017635,0.010227416403226273,0.022409145073454893,0.006243630153093308,0.0031010846357532452,0.002533932382721689,0.12179044111497887,0.004222264328361943,-0.00840520110915798,0.015655349012452878,0.06039793097838019,0.0938078076516327,0.010138124937091438,0.0013153335358440056,0.0013313499276176508,0.022647649916613697,0.013709949296857734,0.003831095330193631,0.0019325298681590894,0.021131769527965565,0.006244132160497756
32003005363,0.0301564285428919,0.011327926458048363,0.017513754128722032,0.008308216086713104,0.009701100006604391,0.003752405494635257,-0.008772639153974618,0.0014867682146501604,0.02432694741261338,-0.008938915671190054,0.006560634684854447,0.004675478474388196,0.004366601557230909,-0.011441994132337131,0.010754727722892456,0.005079365863388611,0.005289389909369237,-0.0006950249864939022,0.09004852928292993,0.003823466629890279,-0.003433752934307299,-0.00369769902539044,0.0035732263730616763,0.010143249446894376,0.008186245453886406,0.007871023078016636,0.00806528749994499,0.002797587067077968,0.00396980683128352,0.028023710777306827,0.00023110899981057339,0.009270194758519347,0.0380484585652985,0.006425889360326555,0.006895059494847118,0.003886518777777299,0.01574725730575289,-0.0033806272261514107,0.04323314536739524,-0.012094609661876263,0.015630701362119654,0.013429875151661105,0.012838722174561714,0.011368901723797623,-0.007788317672340507,0.0029259928696672368,0.015915439143390497,0.006584449244207782,0.015561948404035592,0.12117408489456379,0.01401234165852995,0.006899768072285904,0.006713171214872193,0.029295385625060746,0.07896586754883361,0.007184589733259079,-0.0021587389770811815,0.003767153174762842,0.003328330013178962,-0.016009510779044,0.010148567781108302,-0.001997250963188802,-0.013085309025645848,0.0005608876679266613
32003005862,0.0407127161437267,0.0012957252531855651,0.003321018697667955,0.0028403996970580076,-0.003709432114397026,0.003490853728779501,-0.0018735147907847991,0.0005763769463986346,-0.000314508780479556,-0.0112488422964343,0.028507853390470125,0.0049186249487743845,0.002195851725174998,-0.0014603674471106941,-0.000657202875328995,0.0025745734766013688,0.004262906707221297,-0.0007508412612287275,0.025488860972196603,-3.884651591374961e-05,-0.01347747081175905,-0.0010980198819209848,0.08159720337648575,0.003570096854201059,-0.0031083995470632354,-0.000523259380810313,-0.0018316651501752905,0.001180108970005827,0.0038259755301300997,0.018138393249202786,-0.004413738571416601,-0.0013059014479532337,0.016863722066180115,0.003479983252464715,-0.0007703468250111983,0.020493805318340327,0.007689041969866004,-0.0007244440199456007,-0.009782098622413042,-0.0028512011507059367,0.00803014720560808,0.02374462588420339,0.002123633107625318,-0.0001008995151324188,0.007304186536356388,0.013565311959692058,0.0041162843022790685,0.003916050163775725,0.008884747227585726,0.12649179223195153,-0.00022959687829749933,-0.008362870773685615,-0.005559425659487296,-0.008869006320932201,0.08230791574408344,-0.00014556288871383656,0.0022233299414829537,0.004553576496167044,0.022632758674665833,0.0047337410780116836,0.0011348294648565514,-0.0010122280569062737,0.03549661908304772,0.003864755924391009
32003005441,0.019956096048625856,-0.0038281331017837217,0.004693885579032348,0.0038584317767694915,0.017040032255856406,0.004560188488787829,0.0012530430899677482,0.006497520136755807,0.006550643434279687,-0.009834624478507017,-0.027724485792422714,0.007470227922096272,-0.007638157465093077,0.04105183218823847,0.0032857925627670145,0.014580807411934342,-0.00210680987470542,0.002087247188518888,0.04261955050799821,0.004921638397030325,-0.01165703540608526,0.021843013888997318,0.006233486327415364,0.005207620290408268,0.015959256877927853,0.004805039627585067,0.003714448562622964,-0.008724406366546637,0.00025892541095556067,0.027942853826927454,-0.005499496774885838,-0.004966182794016311,0.016683623455637345,-0.00381129304259988,0.02835659580174306,0.038286999147170174,0.014482861328392837,0.009462817711425259,-0.0011760744762016578,-0.0017006628851220576,0.00013916813830515192,0.00026617283580586843,4.27223377826766e-05,-0.0005872110218036983,0.008332485262716975,-0.002080561465413423,-0.00022260002691939812,0.0009253795056234569,-0.00020118347111717347,0.007414622574929041,0.0017121450128943798,0.021826179763013806,-0.008376556547692812,-0.04509838279514215,0.07990478935983623,0.0019512108596001366,0.0031640458548472463,0.003390496790205449,0.008297918364043247,0.03570380988107809,0.005411060615938395,-0.0017031345116294955,0.05224351589348175,0.006207272329087838
32003002851,-0.036113447011778536,-0.006200467079182229,-0.003024151267656118,0.0033679939997879804,-0.026857197531820455,0.003971187028072587,-0.005421850255827153,0.0029342318881108486,0.0018554886663819169,-0.011320094274245015,0.01120633831114104,-0.001811502701677665,0.007077105266953707,-0.023900348167399006,0.002492821534824201,-0.005455681346998075,-0.0028545683500676463,0.009682584101654896,0.006690778285359952,0.0032385405796427997,-0.01015409573897339,-0.008008163888327065,0.04992216420966157,-0.013975569308476857,-0.0037021001586873465,0.0009828875857153235,-0.01036919038283379,0.0012476256571855298,0.000837893351093908,0.011382109210942477,-0.013554028465677895,-0.00847647549726049,-0.0010753703053141073,-0.008693999489175663,-0.005596567144630291,-0.02307843792079242,0.0036521232749112593,-0.005855671372925313,0.00866063483755955,-0.018188988228588235,0.003074901671955204,0.013753901102873384,0.00019106532188417603,-0.00020948703351337993,-0.01607742870666918,0.010906467918198371,-0.006850879583436977,0.003906895702890292,-0.0030464799186068732,0.0682216330327821,-0.001346636419956158,-0.01942539295003539,-0.00934213483867884,0.0005339805646173366,-0.13072118955269277,-0.002098128807461332,-0.006015263319572802,0.007628507034562123,-0.0007779288932786395,-0.037971797676488984,0.0019532320131996,-0.0055261154005677516,-0.00135378818999488,0.0008829611865609299
32003002853,0.006778129304837031,0.0016124831004890082,-0.002110196348897699,-0.003264941908062575,0.0012462567770536175,0.0011203757642627237,-0.0049114807868939365,0.00025849795251770794,-0.0006605522176021645,-0.011903932740839451,-0.06400024361626912,-0.001980987400747517,0.00026917156499359885,-0.0024123910552201104,-0.0034004193953407333,-0.0028487365826471846,-0.00020914748979457268,0.002103106388091977,0.017203849954720674,-0.0009021066461441324,-0.013182671359032358,-0.020218126751327024,-0.002723870549029987,0.0036056436606470405,-0.007485139795222063,0.0007182479757249228,0.0050733909895910815,-0.0009287708823503831,-0.0014803553180111747,0.009909974535806552,-0.0042368699164827195,-0.004424021805059292,-0.013625869246455062,0.0007189323936997047,-0.002399088163895921,0.013894453580189774,0.006568208886043994,-0.004609281602309211,-0.0010693516708502652,-0.020197762961056076,0.001432378465913829,0.0028311230436322186,-0.003323082788564556,-0.0015025796973233694,-0.014555041964275569,-0.016186454920282117,0.0010667763346602183,0.010719665783206777,-0.005122556975126809,0.06921626269876381,0.001445583284523633,-0.01400858945668004,-0.016356263706077255,-0.014878614066264699,0.0542385564534128,-0.004367332477027151,0.0031354779434956265,0.002467409590450736,0.013236315003644708,-0.052274412382766505,0.00038218750718574135,-0.005222184117771803,0.005992174925820651,-0.01740222644087273
32003003666,-0.045388244676978745,0.003031575997375175,0.007455770334111504,-0.0006760629809240427,0.007577039032445223,0.005851602462114975,0.005394912345882326,-0.002076867924651579,-0.002522182062289371,-0.0027379414186961552,0.014854680378053394,-0.003432458589919139,0.00906303104872005,0.000794676317211846,0.0007577466397158591,-0.0034330765316539303,0.008748566620636979,0.0057118498949023,-0.03984667542092106,-0.0015139487780612487,-0.004223811268575493,0.0025101287157612076,0.027781162284638942,0.00899835731114707,-0.0026039382120347228,-0.0011555792300309284,-0.002385189737466826,4.791306474380188e-05,0.002321157026477153,0.019115054422337057,0.0054785627157779935,-0.010254902014731504,-0.007689121865208887,0.0011502528026462234,-0.002357565707967614,0.0038991409588253877,0.00658067643614729,-0.0018113468474228443,-0.007892479346939972,-0.003815498374958655,-0.0014123615982521477,0.014337352103558857,0.004165929139133416,0.007679192356536565,-0.0033697079863740887,0.007995911207745149,0.002089276651374677,-0.0004918551106588498,-0.0047907774000384915,0.11149372062499445,0.0013682801052049564,0.02223465395174567,-0.013414836259330543,-0.0011252524543795476,-0.02665653084002567,-0.0025598629963109396,0.00042708981998796844,-0.002146123813725188,0.012452380117557657,0.004784571127831537,0.004862625083432262,-0.0024005356453820725,0.02229893653053567,0.004887446195914286
32003002902,0.027469740199527012,-0.0008660136252103887,0.00030999386765999897,0.0014774659308843215,0.006996471521653657,0.0050771868853046334,0.0038370717131944758,-0.0013327904038801103,-0.003257609145872205,-0.008086497098735995,0.01232978149123069,0.002523771299694023,0.0034257280042289196,-0.0005393452742595946,-0.00016596496780262818,0.0011448745249443954,-0.003996553592780212,-0.0034808061566853343,0.021251274853304157,-0.004234541130851974,0.0019364527717797148,0.008512057130286216,0.0018323812691455395,0.0036264169987904916,-0.004222842214865993,0.003960636802034477,-0.009033569359148808,-0.0007622304435447658,0.000600640346216937,0.019622020396727002,0.003955754252810933,0.016337853187237884,0.0215270362919003,-0.004561302680698671,-0.0027990888206859536,0.02175251977732584,0.008674387549366103,-0.0028588213554522524,-0.008029961282961235,0.025068224189870092,-0.0010561132850926266,0.009322338228785055,-0.003431234316337742,-0.006317885250259948,0.01706281220048894,0.00516058093173023,-0.004124675085017555,-0.0001320373413563546,0.004580562735234189,0.08051011757714074,-0.0025815814972402974,-0.011312672400632471,-0.012115731165793252,-0.007948435264693738,0.033903961148150225,-0.005228328749905004,0.002125961571792048,-0.002095912195851109,-0.007787021958133714,0.0066394001213014,0.0007408618296905425,-0.005660518268972538,0.03188664748998105,-0.0024400633224657183
32003005113,0.018836799251199184,0.004279529181075516,0.014324221855730426,9.324629731627991e-05,0.008550689477644096,-0.0019447368426650255,-0.01139571653615293,-0.0027662244827535124,0.006055183189930528,-0.014562951007402137,-0.04720636980655041,-0.0015364466472054831,-0.0010071313604300372,-0.018004292258928557,0.0006369501626226719,-0.00043256566674996946,0.0010469612880911014,-0.006992643277605921,0.05711882726780287,-0.007960479736767742,-0.012966520323776223,-0.013012328184246198,-0.03718423562286052,0.003919568832974721,0.0013768390434744998,0.005861600243040776,-0.0004911295022259727,0.002383639408048288,9.969866204278342e-06,0.017423276362486716,-0.004734309963771458,-0.0018858341662508534,0.0026771070609904403,2.901072115929103e-05,0.0009490693715446914,0.010026741382215354,0.007616514268385414,-0.00561597495373457,0.02416124759450018,-0.022023210584513314,0.002591746135827237,-0.009305444703975521,-0.003002615651236886,-0.0015453179507262421,-0.006953315329440523,-0.005577602812939568,0.0016936437655538643,0.0015456462154125885,-0.0008962782699610943,0.04982975745843033,0.0014018088583430204,-0.003506466142077858,0.0022133414996681057,-0.011118751604384648,0.053005947314455966,-0.0016045113382143412,0.0017284314206997822,0.003748700910341303,0.008916827704630075,-0.04036449232322869,0.004085549375631984,-0.011355749482341086,0.00946514283905611,-0.005221419219895968
32003006001,0.04062329634399722,-0.004172590110707575,0.0001964224595718785,0.000427344208022685,0.008673732550041112,0.000546636043039352,0.000552033688388873,0.0016406762009834402,0.003054367354349551,-0.02248814446289234,-0.026866214441325222,0.003865944233384707,0.0006865458620721314,-0.014433226823182764,-0.0032700454272410035,-0.0052207546004357265,-0.0032008118253296523,-0.008598342820858414,-0.08205026767325088,-0.006909377963028575,0.005545048360944819,0.012666553382465619,-0.21492269040404638,-0.002453851494420326,-0.0033989925317431955,0.004406728464376111,-0.0002589660386912434,0.0006648407955998679,-0.010584060538639828,-0.09974800517807787,0.003674166373991204,-0.01441546233444483,0.009700147349094428,-0.005688898079603856,0.007315901803190458,-0.05344152249831142,0.0070408923780459496,-0.000808576171999674,-0.011072016289790832,0.0038146359847734453,-0.0006852113861989843,-0.012063206259013222,0.000790596423612458,-0.0017824602975166756,0.018687966164767363,0.0015291530648381547,0.0010808266880200893,0.0011017671461521852,-0.0017063961988891077,-0.21193330424083504,-0.0006453606514617427,-0.019624888652811256,-0.004908800635305727,-0.09338364970370637,-0.12349789171326395,-0.008321593841218042,-5.6382157689995505e-05,-0.016718020156493308,-0.011915735906935593,0.017989302564182116,-0.006622694541670106,0.0004580399655431647,0.012441817405164642,-0.0031125076523113118
32003004914,-0.01867663122377689,-0.002734230067901965,-0.008852145514214052,-0.0005822594268697723,0.009984215666306527,0.002407677970132432,-0.0033939760251225047,-3.99017884063696e-05,-0.011684690274845371,0.018085827434005934,0.0013473410726375424,-0.003435971199761238,-0.0022037260658415766,-0.006117952377935055,-0.004460580966257797,-0.010769880331611118,0.0009090602953324587,-0.002579446212197332,-0.060101474092336446,-0.00040913574568485244,0.008826802933921183,-0.00827661005046862,-0.024846253724478285,0.0022249044823638197,-0.004632421630467555,-0.0010374836126803661,-0.0014146248489846915,-0.0015807511161007443,-0.0010240024038901305,0.01015727265652088,0.0016115944909486821,-0.025761005274166207,-0.01040627368348278,0.0011602893563093138,0.00019249708004096262,0.011097085953472741,-0.04142864919058629,-0.0018012535421785512,-0.04145407063271767,0.00019153310143736138,-0.006023238162798649,-0.0017174475881808731,0.0004051748514038138,-0.001052918833042144,-0.014501174520816507,-0.004031169353515036,-0.004634337052099636,-0.0018828697741993963,-0.0003570251566322546,-0.21394949372276847,-0.005338155375099416,0.010694508819513544,-0.0018731950300896495,-0.002503393359722313,0.03442613356807523,0.0023743246299043823,0.0021491025229153186,-0.0017766374983265785,-0.020302741307483555,0.022774297609866778,-0.0028082623355630745,-0.015383485527872498,-0.060971872680769465,-0.0008833547937514447
32003005502,0.0001797853713867323,-0.0013538153797219307,0.0053627612938107055,0.0034231877487933176,-0.017273447744864296,-0.05581613253294714,-0.027778115261698936,-0.0014871983128957216,-0.014857913048836657,-0.02276838289692559,-0.029195736268564847,0.001170762699833939,-0.041641600698107746,0.04013479330065086,-0.0009315897176241297,0.011855782036155414,-0.010684554851272565,-0.0011626315487832588,0.008078851614248256,0.00019042887902091386,-0.018576582691192466,-0.0009429498544395821,-0.00902874594870111,-0.01834311342445404,-0.003624083348512322,0.008312283527293893,-0.009311835447477155,-0.015527375028593998,-0.0012787120669753452,0.016456715730241236,0.007509127867737924,-0.010442443002930953,0.011887610453408167,-0.03359623754729415,0.012805156313518857,-0.04311560347166758,0.0032172115801521487,0.00807642582374495,0.012610666327588935,-0.0053605467694567855,-0.00916588388453676,-0.007194013648450404,-0.004098628048614358,-0.019364307236934424,-0.007414472745250755,-0.004251479315388521,-0.000232779854265551,-0.003592956738774473,-0.002582592936007007,0.013379307389617923,-0.010405640580692911,0.01072698471428429,-0.01206022087887954,-0.05898297476500134,-0.12650361317896608,-0.001936388832878313,0.0012940363114710134,0.000676642127361554,-0.004025446110500621,0.024741200061377838,-0.010014795259033057,-0.00635612698752348,0.022161262064855674,-0.017123518802614403
32003005613,0.07100723687625188,-0.002229474112803484,0.014039748855018033,0.00333978167033494,0.01865889703352858,-0.018972440937513692,0.0002662267984757814,0.04191590456821317,-0.006778729185981671,-0.016241347326014264,0.002267784480628897,0.005545503669589163,-0.009565203730914601,-0.0090699239786699,-0.003299940377738065,0.010752329085739688,-0.011734450829052553,0.011208485258186358,0.13062089581953937,0.008776994276756277,-0.008138458684864163,0.0217981434355591,0.024503524435807302,-0.022398517270742442,0.05566596723429479,0.00316000675508886,0.0056992896359699405,0.003897233743431412,0.0016667548668432193,-0.032471033102513445,0.005369094197783167,-0.008722201838285286,0.01271203584893352,0.0694637703809038,0.02343260377035276,-0.021835265789724213,0.02031882059480976,0.02032778872912999,0.030787685058090264,0.004689562696617856,-0.00013236264855881857,0.006657165842337756,0.009828085282349047,0.003734196649020325,0.005288853684630297,0.0009711565598120567,0.000549377030716019,-0.0003805963535058225,-0.004113575372043741,0.07117797224049618,0.0029809235846537125,0.0035381547068600323,-0.0024219895846363092,-0.004714162965596843,0.0449202502334331,0.009427536458064604,0.002303552700556031,0.0015027373026075144,0.0030431883707712037,0.0397716246521671,-0.017901639177210573,0.008468963173250986,0.06681499034044822,0.0005590430868670377
32003005721,0.010714510156331942,-0.003428298346009435,-0.0016864419042187393,0.0010835104756769052,-0.023615608861211414,0.004716258460496285,-0.0006752791315884384,0.0023569973183800007,0.004623384899296937,0.03725733103246652,0.01603385817494316,0.003352838190287344,0.005360579574013868,0.010232294812793417,-0.007399041043889593,0.019213395561072374,-0.010916657271340419,-0.003883557866349518,-0.0669341368188468,-0.0021971712233437614,-0.0026006896676332714,-0.002521845998901135,0.02129199029015286,0.0013022669108883425,-0.008381392119206195,-0.001968983840430614,-0.004112809180798217,-0.004473674552498691,-0.00013727360579819057,0.011479109390282233,-0.0064809017544314885,-0.016220685939308154,-0.0051497631561173846,0.01757115737474601,-0.004605561434352956,-0.0016373817923867396,0.005973612891701216,-0.005726651682329964,-0.054477858024586184,-0.013771476887843043,0.0004895442071654362,-0.02032247893836645,-0.0011610398273793783,-0.0022984078970701345,-0.012444942520971317,-0.0022522662825933395,-0.0040222878059523,0.011043605183301464,0.001923743645980451,0.09674308799717489,-0.000166970797527779,0.030301686086896987,-0.01458121186920469,0.006642375809359221,0.052973824809645485,0.003159702183130555,-0.0010636080005886673,0.002584391558382455,0.01011092897668598,0.039706674232173604,0.0017218567927832645,-0.004728784700647688,0.030660509405879124,0.004285830198737571
32003005365,0.10196517838287278,-0.0018312900483412216,0.02223752941367549,0.0024016594701060804,0.008879181770904541,0.007022684294492365,-0.01244336998334059,0.009073203058586372,0.0059310634324115956,0.03828040557378057,-0.005900638653330724,-0.004083826702835152,0.006257577855299396,0.0017340917960525083,0.004891900301174997,0.005860734342526581,0.007252660849011902,0.0064326534450241295,0.10246561736847458,0.008612046137396683,-0.009509508691366542,0.00782584160308167,0.07043281610533882,-0.0009311765740978964,0.02872001389341203,0.007536360275414196,0.003612152705455588,0.0014598831668606311,0.0052726511580907165,0.024651342847841498,0.0034409395445159077,0.005177338770072816,0.017678469820899868,0.05303854896850662,0.025607951543467497,0.03311034795665481,0.023428540138182328,0.010110177299534747,0.01620352369562925,-0.002210031370004442,0.0014458321403825218,0.00023367951815204328,0.004140446554192424,0.0008979613883629723,-0.006912396442569006,0.008378266554958491,0.002797259006148587,0.015509491273244073,0.007929678373717377,0.037239079724425334,0.012510790781690146,0.019793089645384176,-0.004567068909866222,0.0052813669279927,0.07234283745374531,0.0044605613713146084,0.0039517177454319406,0.007367255836439011,-0.00018926855781088852,0.03188382729993928,0.0016143339543687094,-0.0023375016751024575,0.052929277094466674,0.007161329388718892
32003005869,-0.03089681628273399,-0.005803496751742898,-0.0018420044603901927,0.001719670313024698,-0.030867603635807747,0.003463898184748309,-0.03661197434644297,-0.0031194103301675725,-0.0003720792827661809,-0.018438297972504014,-0.013013243107140077,-0.0005732347145325328,0.0005321462305458248,-0.014157395771077483,-0.0007495163155669157,-0.0031912900079604976,-0.007097593525382251,-7.914475106780143e-05,0.016836464330887112,-0.0030609362687784745,-0.01622459380564719,-0.004423125405575043,0.00997314221782863,-0.013198672335459625,-0.008521703347136646,-0.010664380123014463,-0.022639367954814495,0.0018832687782039872,-0.008870539395477769,0.003909540065697309,-0.019681715845559417,-0.005727442657788424,0.012389707397824603,-0.005814215715975085,-0.004810592281115415,-0.014308981092852969,0.0013228296915817712,-0.004108904955489353,-0.019910713226296183,-0.02203190131719311,-0.012093296343695688,0.0029983470253584846,-0.0007308104289867493,0.0011529362802529131,-0.013448146139436956,0.0010465330393684658,-0.008771071392529854,0.008905845179037098,0.002006099273154572,-0.04836546275374333,-0.0024483914514603043,-0.030303484585690845,-0.013587910444485889,-0.000621767921613439,-0.24006802665353782,-0.006871266789771218,-0.0046482229462031085,-0.00422923649003388,-0.009262544972672933,-0.048741356249754626,-0.00027961859161409195,-0.008848781806991484,6.33248432302072e-05,-0.000985319857750304
32003003268,-0.01760310642058435,0.001983093006965243,0.006436476515172686,0.004781881404843433,0.0017034714404003894,0.004550028106035885,0.009849295541245905,0.003871794559081527,-0.004613931021483545,0.02724379772953543,0.03230345316595727,0.00501403548079946,-0.008384884760357616,0.01402547357043204,0.0011455440695065126,-0.0016549003433456466,-0.013804929982691904,-0.003547430118772706,-0.06917360498322818,0.00386794456178643,0.0175627223002244,-0.0058460582133984485,0.03149304599025972,0.007375687693665143,0.001803143097049312,-9.65944132270312e-05,-0.007433593134938426,-0.00011686087860214086,0.004918014107551186,0.029394115838256716,0.007545562817970716,0.0021147841879212404,0.0008291321855539737,0.007934121303074583,0.0010098223029111747,0.017731180024657487,0.00797013485520513,-0.0004819100269010346,-0.043360885333090765,0.024931380826725708,0.0009721625077233623,-0.0007952078523025221,0.002960105887653237,0.0018011342318405893,0.020612719715898654,0.011611656427972109,-0.0015254687006416023,0.0014115214074987947,0.008576814961371408,0.095583331091307,-0.004933342470704941,0.037676869693109426,0.010929219082922857,0.0019949924435901586,0.04961893042414936,-0.0014486071532949722,0.00796688764773264,-0.000584785408897762,-0.006061900197162114,0.008475944798421753,0.005995989391225428,0.013072888035622203,0.033745945466194714,0.006814619468877149
32003003656,-0.030791844163725244,-0.0007910031334806342,-0.003361214928632703,-0.0018110915154072472,0.005292991205969102,0.0004432140830848831,-0.005632508893942763,-0.005514701459033949,-0.00841652046868177,-0.023706981308810108,-0.027747424218235943,-0.012487041884280738,-0.015172555749778134,0.008611623144058618,-0.005224286726303342,-0.0051946677044201126,-0.0017401909104439964,-0.0006886749911968846,-0.10685047517285287,-0.0036033609421301676,0.009010131078139354,-0.0017493065581610356,-0.023246045336313758,0.0007241136034830465,-0.006787279430701538,0.00226079419846685,-0.009834308320890842,0.000722088736854826,-0.0009800657246255902,0.02041758969819607,-0.01209053183906588,-0.021491522445514763,-0.003975252482477471,-0.009603389084117118,0.002014965343507275,0.008342072987018138,0.0065315732636580855,-0.016090626635667012,-0.0418170403128271,-0.016553715493386807,-0.006498420367731949,-0.011176613184178319,0.0010767094382195849,0.00029664615276388473,-0.004186688023790462,-0.005020269801140161,-0.0012161811836680757,0.003168279758638895,-0.0015268020712478007,-0.16777372599380586,-0.000705746719588344,-0.014038730900753986,-0.012835221655842721,-0.10706702728620494,-0.10886924451470864,-0.0005573510896772288,-0.0026379916896622987,-0.014615181740926858,-0.018538525241023947,-0.0024218699437675377,6.299799108876299e-05,0.0028541081529615256,-0.05173760823890589,0.00203023403452276
32003005102,-0.034139434595294775,0.00871461911062334,0.00029425802395029914,0.004326087943792995,-0.001766546809217387,0.008331651085381546,0.0010715376499658904,0.002342529703514743,0.006287260333743825,0.029707488446796045,0.024755212225375325,0.010238116253367673,0.003470352938674141,0.0029107955862106207,0.004993305711311157,-0.004603443587187017,0.009830865064009963,0.0018449267435097548,0.01987087295146622,0.005475080640033891,-0.004390613408516954,0.004110076420229466,0.07748904163512942,0.012572451967612381,0.03476050166367433,-0.002942040649869676,0.009166346275193754,0.00572289921010785,0.00042182816966660044,0.02106207226901007,-0.0008403426905490482,0.0008924005189745508,-0.0031904579480424903,0.00762037773664765,0.001860348357966987,0.011748006294356655,-0.011769625198771885,0.017534139096276567,0.041054927757317415,0.020714823943640086,0.014240013331873552,0.022439934908451167,0.0033107895063339827,0.005223337014798099,0.006931763237969727,0.0013524698608058502,0.0030919233558523024,0.002089780249783816,0.00828127846881314,0.13817565167230267,0.012396855788540809,0.01701818924391498,0.012903017857382976,0.1548664516210831,0.09941325110652414,0.006776342760242724,-0.00044644148587008153,-0.0018339042287981305,0.026152177997870486,0.04175190142617886,0.00827621814591271,0.010805117573783338,-0.025791484905602253,0.007402063526519241
32003005103,-0.0220588884063382,0.009014953919906084,0.0002230204420333804,0.00020088321955582747,0.00801210544952424,0.006167446555375891,-0.0011359939847539729,-0.0012011631886703887,0.005285601485397306,0.05126379937710747,0.024406780051827746,0.0078123420098915085,0.0009664426394570485,0.003691053519066216,0.0003289188913107165,0.011640922637356005,-0.005385466494949642,-0.003530105719207198,0.03709417905243751,0.0007353134156330628,-0.005597381449169034,0.012298162924307911,0.06789721537738956,0.006483317925174046,0.016095189188283367,0.0025758154722814054,0.012191190274438629,0.002579324050718471,0.003007950297319236,-0.02367533183007172,-0.0018911970532863227,-0.006083629435215376,-0.004558591939225949,0.015629570660766586,-0.0003549115940200052,0.03225578037718561,0.009898352874798589,0.011841707471439143,0.00745081182984316,-0.008921968963976465,0.0008904564782775929,-0.013423680721134883,-0.007907429422669322,0.012379023949033195,0.004027893452563304,0.0008576063135400077,-0.0021454953380607095,0.0009208193255845296,-0.0002260721930904008,0.10068090241355694,0.0031687641119284983,0.031943653857682254,0.003884100678764484,0.14323689105368284,0.09663645851402657,0.005775715093408158,8.741209800814817e-05,0.001870790307857171,0.021841219887040797,0.05027602984092213,0.00573661481784722,0.00039552322086213663,0.025467294321159385,0.003777020959793543
32003003318,-0.03424540297096074,-0.0012874219040449246,7.915932813743905e-05,-0.000829060697698577,0.0041401168472960746,0.0016172449220366134,-0.0060648664807238005,-0.0029457269903673975,-0.00486142790465392,-0.003153043273383286,0.006794840754610294,0.00468200321850979,-0.0003547963398806758,-0.0019832671026639246,0.000881369229537048,0.004088076051932289,0.0022032149715196223,-0.001160726607635609,-0.009828595933535517,-0.0016354536595662922,-0.007467037735145294,-0.013130149199255797,0.041460535737434634,0.005661940932833249,-0.001901037928028101,-0.0023575169804821174,-0.008388869249204576,-0.0008891651793398336,-0.0003504749181035208,0.020973593087627085,-0.006145853581601923,0.002805443718934131,-0.009100687049555427,0.0013031679788175785,-0.004645977152434177,0.0315998835043362,0.008985359611085523,-0.0019946933189828354,-0.025305246819863732,0.01981125661765305,0.010036889476693222,-0.00347575784782907,0.0016086196114149499,0.0006919581552718644,-0.007081804452946157,0.0047634334644475725,-0.0009188693077197851,0.0005015113315991689,-0.002198103204476364,-0.024235888933540756,0.0016070281228983561,-0.007364923406409346,0.003910978518640674,0.010053546311652298,0.07295526487073911,0.0007054623394724969,-0.0007767819830106331,-0.0019257182408591888,0.020924459366077383,0.007655062787707328,0.0020500367836688307,-0.00632674667525447,-0.010550398028989012,-0.010375658674792097
32003003308,-0.008999033949465576,-0.0014582160705247779,-0.005344560320723135,0.0035876511128854656,0.01801259450978106,0.002650441441177753,0.019334245959688644,-0.0006663045570692221,-0.0031417082228367395,0.03171164460025937,-0.0029294275987576785,0.00033788176547767615,0.0042217159721876195,0.010957956444439391,0.0005179772583402379,-0.0012354214510726638,0.0044073088030056285,-0.004185322593994425,-0.03592070068885866,0.0050354858278727965,0.025254753578254234,0.0005223087601010278,0.002079887504139814,0.03289025842262834,0.004143571342941953,0.003929243508548304,0.008753507139535814,0.0007787400121893078,0.0044817040568664104,0.058479255622310336,0.0096431370741218,0.0014526131412369919,-0.0030095856836645334,0.04838932705629955,0.0014497578398550903,0.03769054163852224,0.0060029360506545565,-0.000302517087312563,-0.02163730011655317,0.03046171956098376,-0.005312480239635041,0.0030576707373215013,0.004661366594574308,0.006511274190271927,0.00958386997134375,0.0077092541462176695,0.0010521496361263836,0.002440527274504215,0.006595388141497955,-0.09355284204069625,0.004398840997377771,0.029495633126488598,0.009313487439888569,-0.018456686380762245,0.05479802028450035,0.0012739571964454392,0.0038499655823094046,0.0011439688270126658,0.0027374407454037616,0.04418854094038357,0.001585588122004731,0.023532439308201317,0.010538488414447418,0.0058938096663438515
32003003427,-0.03900613217743973,-0.006288035788576493,-0.0016967494839552483,0.0006181341373235155,-8.228557057233544e-06,0.0011239085616021344,-0.005399001836484532,-0.0006843667034874178,-0.005940594776891345,-0.016950986624074328,-0.014267156100646931,0.003812568096491018,-0.003990523960543824,-5.31454387607199e-05,-0.003708897663847161,-0.008412522636370011,-0.00010350626770004737,-0.00794364341140543,-0.07632338273873716,-0.007803876924329736,0.002022020131899631,-0.003516775723515817,-0.03313094792464276,-0.0026724837887364536,-0.005749074458208297,-0.00014457647906281613,0.0017611939069493501,-0.0030104481418159307,-0.0035314197091026655,0.014485213723631582,0.003642489686182084,-0.010867882179086373,-0.012674602666709004,-0.005981534978095696,-0.0029709398360755436,0.0030525931900694937,-0.001389551116948088,-0.011509224654144948,-0.03585625892235373,-0.013088654680708021,-0.003964228844660232,-0.002137424804104669,0.0003324795320123933,0.00017687740259253966,-0.001816077435467967,-0.007507076698978501,-0.002297011582950606,-0.005624131181429914,-0.004743054573386813,-0.17663075340539303,-0.0003265325836766727,-0.0028132613136763983,0.001557592488789778,0.005040781352888567,-0.07118616029267687,0.0009732969740943581,-0.003666630352144799,-0.0011032021747280363,-0.016609879241612086,0.0006921543127555111,-0.003420675073625086,-0.010340698114276126,-0.015384636231000363,0.010148430367838534
32003003426,-0.02050235412817016,-0.0005066291610079236,-0.0063673332001140046,-0.001830060311109198,0.0006165488863988581,0.002795310558611824,-0.006468076448029211,-0.0019289855568545118,-0.009690085270506034,0.019240888890758208,-0.020208315474633184,0.0018581550290405122,-0.0009801315312876274,-0.006898368461898913,-0.0031382477229971884,-0.010067725956028811,0.0023716441142747277,-0.0025946996344806098,-0.05047581881021333,-0.008470420996487064,-0.011568721087048987,-0.0068625438889339295,-0.002217803948130614,0.0004886547811310657,0.008183603028771934,-0.0029571977040902964,0.00289061103557534,0.0004600654465929853,-0.0002590087071047505,-0.0014319901392735976,-0.009220962462295418,-0.018162827154140616,-0.011886279579779377,-7.116300437948539e-05,-0.005966149867767881,-0.031239263955306122,-0.025808102476914625,-0.0034563805952378362,-0.03741042461582849,-0.007483930854343905,-0.0027094788107608274,0.0026709263748766364,0.001336682123545189,0.001802771764436962,-0.015431479243019273,-0.0010734190624754,-0.006215067629782749,-0.0027970850245689874,-0.009936244060624069,-0.18687777176106948,0.0014668459542693311,0.017075106989215005,0.0006862565587503558,0.00027720891955504624,0.028532875276716354,0.0006924988142225462,-0.004571739748089785,-0.0010712776108811753,0.0058730519694862714,0.00671907392027637,0.0028615844298472406,0.0008205987550973807,-0.05353999629231294,0.004484021519609376
32003000301,0.007031404849341998,0.002848224102416021,0.0005584653453418273,0.00010281372283276401,0.0077106030581043355,0.0003845440640333073,-0.0010503539124598865,0.003019821098967973,0.0058146398332961525,-0.011634859144913075,-0.021602147860859636,0.003634297383674071,-0.0030057526360434423,-0.012374123485674673,0.003309070120944559,0.009761084685248913,-0.0025729074211295498,-0.005671171521296331,0.05658997486474476,0.0026602527858043145,-0.008499056693883317,-0.00893115616652717,-0.1256942591359972,0.001377906900733976,-0.005831139908069203,0.0035928865459695617,0.0044704647813764535,0.0027721129328863677,0.0006408950833183608,0.028829993278351656,0.0017624046375811797,0.00025735117336682975,0.0013784557001045522,-0.006246559425015107,0.0019506994687924957,0.008783521668281669,0.0054827051812260915,0.001210074784642126,0.03220489945236635,-0.01916868382269676,-0.005449071283835124,-0.0007165958396720093,0.0005851008262291272,0.0008036893198621489,0.0015182223960747794,-0.006698352575172637,-0.001140389450977725,-0.002874049626743452,-0.0019397479456982481,-0.014531430776133395,0.0022630219396830727,-0.0064013334654138,0.004358681464770158,0.010002610108107463,0.05117811033108158,-0.00010807270087971443,0.0032601774881953908,0.015940261338807146,-0.005678106583941198,-0.030201071854689437,0.004483959599346308,-0.003321409771553965,-0.00671674727056886,0.004548908910465322
32003005702,-0.01695125856433026,-0.0060547915587569594,0.003525928855718331,0.0004994726629475014,0.013986385881056367,-0.0018074617506663381,-0.0042329313345456825,-0.002383602916411347,-0.010044052610817361,-0.0265855689876914,-0.014138725438022595,0.003847370928469302,-0.031053762463125186,-0.00903004760670333,0.0005103904503354187,0.005613998967640576,-0.010735881640775127,0.0006314005005803969,-0.08978651281891693,0.0014681415894876272,0.004888697736494449,0.010685612973309146,-0.1661576044070834,-0.01174730441498739,-0.00343258078235073,-0.004196802435281306,0.013145841986886482,0.0050648768472927415,-0.003458688359128798,-0.056920586480893216,0.004027680061552364,-0.0232796137906888,0.011301080540590636,-0.0012081417482947012,0.006183615243312579,0.022699833658132718,0.00883612580095598,-0.0033462899814242445,0.002318500716351084,-0.005747732096404798,-0.017119927074080936,-0.021263418143766276,0.0010005687312988943,-0.006604773619357565,0.03564248290152767,-0.0031792282261024715,-0.003438245176654193,-0.005859988275267801,0.0024186013488881044,0.0802061175108529,-0.004645089315101399,0.016375416659501214,-0.009799200182205479,-0.07698124445770317,0.06454901049267352,-0.0042165427688212985,0.001784407215017711,-0.0024637974824766886,-0.012285163816905371,0.020330633443964557,-0.002911335802836829,0.009537346742797421,0.028854274090039884,-0.011403624779462586
32003005501,-0.0023742871879389392,-0.0037440064025851044,0.004292713151955438,-0.001440707769569843,-0.03216632205425861,-0.02730577008275586,-0.0033358688259268994,-0.007457655658147692,-0.01603083399790131,-0.03316321635757355,-0.020617078178762606,0.0007104614046529034,-0.03940688429282937,0.008725498681567115,-0.0038080522223746067,0.007481931132483452,-0.01717581127161988,-0.007155147623914828,-0.03747799819994008,0.00028737278342976663,-0.021104697880207135,-0.002337127646319082,-0.166212878263073,-0.01812034502646864,-0.007509639849792568,0.004179761765031792,-0.0035524624110272003,-0.01900696819198668,-0.0016371691943831842,0.017625958179354275,0.00377097593909882,-0.023437653087310825,0.00827170882551444,-0.0043979341700639135,0.009467156024832769,-0.05377189020894012,0.00967014698171581,0.006366191951970195,0.021791125263636673,-0.006610602336031748,-0.012658526274887076,-0.02340971602921637,0.0034400591478582735,-0.02247470831821908,5.0012396633595666e-05,0.0012630945891368422,-0.0027767934407643457,-0.03029852353550445,-0.00039036317411876846,0.031381704096531786,-0.005717884200372916,-0.000997848194349456,-0.014276394574755344,-0.08934791467189783,0.043947660158017626,-0.008669595411139297,-0.00022692046794240577,0.00408142696998303,-0.016721258844010253,0.010004332953587413,-0.008132096526592497,-0.0021656810816596287,0.021283544314971863,-0.018820231536180388
32003005902,0.042339527207146385,-0.002689034024477709,0.0018475323288467168,-0.0028464086491630037,-0.048252594237845996,-0.037906481760196356,-0.016296543432935136,-0.002963201098421275,-0.009149916005667178,-0.030304752787041308,0.013442528770892333,-0.001044850228082855,-0.046542960317759334,0.0148066347472067,0.0026294762334920637,0.013650994469599394,-0.016763775791826727,0.012068661350942997,-0.05854138844672897,-0.00478500975151982,-0.020418810838388018,0.00010676494262774758,0.034626907432204444,-0.03316774132824081,0.016363045917586163,0.0012869478645251432,-0.0020879746352970765,0.006712433868898252,-0.0001037371304168738,-0.057737849512760814,0.004433076208111064,-0.007840434973348409,0.005131889150968042,0.024136628946554207,0.0012724934067125208,-0.03370346608214733,0.009543484046291765,-0.0012204706581322884,0.009697542738445647,-0.006573905719524916,-0.006882970574726009,-0.01332935027174697,0.002910179770058371,-0.023586548418714073,-0.013585298379144638,-0.004447531928648832,-0.0007089551448431214,-0.007546814296459986,-0.0004696000994594608,0.012731141580335729,-0.009715674594381309,0.011111572511558206,-0.01612784852191623,-0.05940314321280727,-0.1877996719894967,-0.0026852744360061262,0.0010875401477107042,0.0022977021185801375,-0.014811135474135404,-0.008265853916377944,-0.03366117374897618,-0.0045927146631101635,0.032681225772425535,-0.0015940524526773874
32003002708,-0.018774714632691133,-0.00029970904739434333,0.0018428168368854194,0.0029960428521032647,0.009941168498383435,0.0029006230773312375,0.00047272600458552714,0.001299635501599836,-0.003255384626727618,-0.002552947554878568,-0.0104514461655679,0.0018708041346070028,-0.0003693659788423564,-0.0022935541573012507,0.010646229029009469,0.02173525275038033,0.0038726626403171533,-0.00041747930484444624,0.01683867002127693,0.009894911821938064,-0.00215466998912828,-0.0048713426208207185,0.0029034001243525556,0.008078745291062893,0.008012158515099468,0.004901725117542378,-0.002070141039464504,0.001939346811483276,0.006301096075228852,0.0458123692671534,0.004953031437602131,0.0056692914962794706,0.0036571068062537966,0.005349398959889859,0.003317350090070132,0.010489773378853073,-0.012673278402893232,-0.002549122895835668,0.03980458093079878,0.04499838055038307,0.0067150241770759095,0.00441859927403169,0.008725886305538786,0.005108414951135747,-0.0065989052097427114,3.733235911665968e-05,0.004894621007726009,0.002867065993470137,0.0024997146181505105,-0.0877591211953396,0.0047096632379077085,-0.0007236806322612133,0.004091389135131079,0.021885750629959795,0.054355557022108474,0.005950881455506661,0.011474143496587137,0.017387684453139134,-0.00890760545911711,-0.020745661768181097,0.006589727587444302,0.0011138949559941394,-0.022791519859896015,0.001456637470176104
32003003410,-0.024620807961525857,-0.00036198662536412573,-0.0015460209669924518,0.0011379878478060058,0.007054172578985044,0.002642010191876214,-0.0004374446378008238,0.0019512665990403975,-0.01117517174179668,0.022188550865414384,0.005697486946038467,-0.012981123743025251,0.002505522886092655,-0.0053014435940771975,-0.0010713635862817567,-0.004880417039066736,0.002687248274784623,-0.00046426779093928675,-0.002449204137083394,0.008230592238676364,0.021004635172801045,-0.0030328448341945206,0.00634090046258801,0.0038802812828851734,-0.000975894506039061,0.0022143646156025923,-0.004697718775992488,0.0025758144995496105,0.0029941285488637665,0.02569856332664238,0.006543658258506489,-0.0008852683712220799,-0.007263517963346048,0.0019330901160346588,0.000547563194079197,0.014783077104752424,-0.017819439831003574,0.003863222551344744,-0.009259936668957008,0.02709681281547691,0.009884040905605813,0.0044430222448401824,-4.8499747344502e-05,0.0019232886408327913,0.0027802501950800044,0.007374374067017911,0.0014987685749478102,-0.0002816246318905133,-0.0029900122092498776,-0.03358549515172803,0.00432444283672135,-0.01236820003103027,0.00037100819943776837,0.011231485950176945,0.044190225951537,0.00043418959278539653,0.0053380565174724285,-0.0001337443035137246,-0.00794976415571224,0.014988505383820088,-0.0025069556192709778,0.01452894026964881,-0.03520775188136109,0.0052830292009427345
32003003223,0.006967942762948113,-0.0012832189020865526,0.0041561814232050276,-0.0019487408835712964,-0.026459264741587992,0.005604616356794063,-0.005416241572532632,0.0017586507200697688,-0.004535178645294233,0.018407544623460087,0.01820019856906403,-0.001010091810755043,-0.0033201460867345266,0.014480178832368481,-0.0033072694272055793,0.013299953954155336,-0.007705268626554831,0.00338630669129229,0.019534227612397204,0.001513515411822842,-0.0056934930014585754,0.028998573549586754,0.05346837692717698,0.0017314592940997871,0.011041255851434598,-0.0009426176942237226,0.0019173235505142306,-0.0017306582917598528,0.0016426817510021253,-0.058527709782040346,-0.011867154246741474,-0.010621017029020912,0.0030217947291260798,0.035146788391882886,0.005036945854998288,0.03766306451588649,0.01468496096420579,-0.0049937549666570795,-0.04699328495855123,-0.020123295417732428,-0.005615905851449188,-0.016096559941863667,-0.0046051516891969305,-0.0011688919980747438,0.008759258119060143,0.005509318166788213,-0.00286312014927886,0.004271653413897784,-0.001531701722567148,-0.017682559838466446,0.0027423677977680802,0.034831198743315896,0.0021609586931748605,-0.013690786491996235,0.06412407154958513,-0.004514182332811305,-0.0016704635811316275,5.0903221877749806e-05,0.004197214750264666,0.027673115978492518,0.00031619619064507864,0.005662784207841197,0.03356192957923196,-0.003245917613921733
32003005007,0.003183327038381044,0.0028396652175956627,-0.0037526390405372553,0.0007042774932687416,-0.008507325932836313,0.002256338786020401,-0.004789272962976541,-0.0021822211909581697,-0.007861068406157405,0.02459196628454423,-0.03654636181238574,0.003634166762886585,-0.010952772861528735,0.019922010350203728,-0.005271438448289719,0.0030499527639993515,-0.007572621438104752,-0.0022191622043668765,-0.009391840246275544,-0.002935941478954609,-0.016150986978974574,-0.001098041811299086,0.00870570498712613,0.004286312464996031,-0.00846437484846458,-0.0006343313068830612,0.00365224433839334,0.0005078032395707381,-0.0021620573803293164,0.015031542006960967,-0.010821261340389333,0.003923992586930266,-0.00485683316310327,0.02403139234627612,0.003648021013012168,0.024608461141820637,0.008756176424328879,-0.007057516220808311,-0.04152565677766697,0.004959143607041035,-0.002136301612849734,-0.013681793383450614,-0.008608292917719113,-0.002627431965619763,0.013368111016642863,-0.004436084828273686,-0.0040643074811304615,-0.003203509553536316,-0.004623602604873937,-0.05456398182286472,-0.0038047594946119243,0.010740625176365372,0.0005889605395974516,0.008152782520268869,0.04915130898351587,-0.005938773488273365,-0.0012200536967803103,0.0009320720720232326,-0.0036338634771402507,0.03466292920238942,0.0009480306775411872,-0.011022779085697994,0.009227995922624624,-0.009434757108414463
32003006204,0.033906917372241066,-0.0037373352590456222,-0.00012422647087167283,0.003930582051010919,0.02210019923196925,0.0005719738500223363,0.008125889139187076,-0.0009579734721530884,0.004958039059487918,-0.02000915043105044,0.007552069181798071,0.006490047833585026,-0.02140027799021077,0.02914713813479611,-0.0066855153988216245,-0.003479857654980862,-0.005965900446766676,-0.0029340256862698745,-0.07116617527179452,-0.007851330266365879,0.0011274009459324998,0.018194048814052472,-0.15029538031814113,-0.008301660122709309,0.00909211780224719,0.009286148175998354,0.0013548103467695995,0.008032772404752829,-0.0067449989024272825,-0.09179935696673407,0.0013827538483436558,-0.015829037182120795,0.009458362860986119,-0.0009286287705397315,0.012394857046420049,-0.043575572870017794,0.010014451684944569,-0.003105967660604977,0.039705006871751346,0.010059640390073562,-0.010481328376970026,-0.004112374289186805,0.006257894659902391,0.0008080155805263864,0.018519394840619447,0.007387047326465168,-0.000868726208559908,-0.006114303927725808,-0.0038239352342770813,-0.11629651617690542,-0.0012547264958156935,-0.01738759042616442,-0.010024450257316008,-0.04929106133862853,-0.1191449883597245,-0.001800381711433733,0.00028344696177709744,-0.011955342325287522,-0.01036140717618088,0.023727149734951873,-0.023946060169233507,0.002386944371281897,0.022583409065968358,-0.008349568919361077
32003005818,0.01949648647939174,0.0007032345645521156,0.006325873214118877,0.0035030451182482872,-0.023386251380899475,-0.035494042566763535,-0.003933740976832957,-0.0032103329345308635,-0.00027529936506735304,-0.018090604018449166,0.012870438999233548,0.003315823239662708,0.01734347293551369,0.035147855849562905,-0.0033360742340840435,0.019803815187200608,-0.006640074833050561,0.020785941853267015,-0.04240865006587944,0.0005234695446451001,0.0010490707028196597,-0.005839139123734913,0.05172833349291007,-0.007750842934307116,0.019399117992232387,0.008789801162619047,0.0030356417392469223,0.009910880931525654,0.004661030687235047,-0.026453267374863722,0.013663770837969899,-0.007810334691323025,0.012897976132244434,0.03264270006154146,0.00041277348581096493,-0.01734503931851204,0.004291580469709624,-0.005279734496622754,0.018112746104735174,0.002782093959006729,0.007639615482117636,-0.01245734701304909,0.0013722284797418908,-0.00711552905476088,-0.001409241299024116,0.005760171862624334,-0.00015171068892059548,-0.004550106089750865,0.004185549719081786,0.08223965567983582,0.009400498168274912,0.026582816709831217,-0.006608752007474558,0.05136480248569057,-0.1099788797186493,-0.001153777457958055,0.0025069552101098427,0.00592026457352184,0.019205901448378516,-0.01679846568294715,-0.008215681915041073,0.010330238023598727,0.03983616788069554,0.010999132971215766
32003004917,-0.025131226322781003,-0.0024279450242624396,-0.002237931201054253,0.002486838495305221,-0.0011818167668361144,0.003161421500639951,-0.0009266250509514474,0.0017872214929670971,-0.007912592250678396,-0.012806962503658802,-0.012436490158224428,-0.006813640018291004,-0.0023412073574420305,-0.007894492247553035,-0.0008235051822333276,0.0007514408135714665,-8.743073040444146e-05,0.007718662353234721,-0.017270064224846747,0.005599590412697163,0.000991696575201862,-0.009738323050788405,-0.020097187355407033,0.00033153260025282216,2.416264117586737e-05,-0.0023642818607811098,-0.0045719197098549385,-0.00046592711607246543,0.00019990892667035517,0.026280901334253943,0.007111614767958953,-0.01748702121906043,-0.01225178608540505,-0.009268358561462822,-0.00828865104498553,-0.011141863551472982,-0.02226178231099374,-0.005675812171370697,-0.007676349946663933,-0.0033721726574373234,-0.002819879822133688,0.008414903599704628,0.001963176250062577,0.0009487976483471304,-0.020178338937739123,-0.0005083025925887377,-0.0025268124502162656,0.00035127643295191377,-0.002939361925383613,-0.01913705473722776,0.0032942599703007923,-0.012020241480948378,0.0021541332953491105,0.001713684753667032,0.03428688598312495,-7.279185139779467e-05,0.001825479175823245,-0.00136266672512463,-0.012466197292698999,0.007058576999808021,0.0011537469655719362,-0.01548478839911807,-0.031222453445845434,0.003445637695090479
32003004918,-0.03351651298323754,0.0031454134095557514,-0.01331715507141284,0.003599241921886666,0.0059588751578302105,0.0035886255317259474,0.016943364386308928,-0.0025662272021489503,-0.011167533987169758,0.005626518693010607,0.011815718296876214,-0.004212523737225901,-0.010676585699197315,0.003114274941025842,-0.0031992791448244855,-0.005956601369839687,0.0007515419307768142,-0.0026030307826113777,-0.07282080607089472,0.005228435538094363,0.015725930806269245,-0.00445738689471358,-0.004947810494065087,-0.00012728399909765173,-0.0014841972515296019,-0.009551413769616919,-0.010329884890942902,-0.0002745089147784971,-0.002894427915351536,0.03261134013431598,0.005558522515975672,-0.015484057032160098,-0.007428735883499665,-0.009992096244168434,-0.005885887788515737,-0.00017439100487609663,-0.027041777990354794,-0.000276901026585385,-0.019735852636962252,0.021273911328412224,-0.002376571199281755,0.008793892883553478,0.0012186587429556639,-0.00013602729109214002,-0.0025631464326239866,0.012899538787872953,-0.00096959727228842,-0.001216645717627489,-0.005242963659193152,-0.016465489038411052,0.002536202639282207,-0.007160169093994286,0.007911299227615739,0.004812554485782194,-0.07110714751212507,-0.000641433118556679,0.00025910548675331873,-0.003122345053599715,-0.0028290131282402617,0.019647490645917996,-1.2084336512562315e-05,-0.010119490139843113,0.00037671391114028863,0.0013891671706888693
32003004919,-0.025883060871109625,-0.00027037269073963043,-0.01364347562529536,0.0009665614026729295,0.004530395973080208,0.0033417238680331397,0.007439162750889387,-0.0016947404504781892,-0.003508606428474958,0.0011338165318382698,0.009742828663104079,-0.012147448985539272,-0.0065520335753867865,-0.003987494979250734,-0.00021582461074873884,0.001276508931294604,0.0013585096993380381,0.0032290664455742538,-0.05619089907892732,-0.0019041868690620213,0.012959743228398822,-0.00348561228326975,-0.005402329947732242,-0.004855830404457492,-0.008103954993123339,-0.0046051648403762115,-0.003737900658186686,0.000823374222478322,-0.00256763970533309,0.030287598972832088,0.0019290856068313491,-0.020576662781220043,-0.004795528425205679,-0.008313344597280531,-0.005730419439592966,0.00330254200076741,-0.02740019720469307,-0.002834637998051845,-0.0039692218522478385,0.023729400937388564,-0.0034740518859605564,0.006343782176597078,-0.0010692401098984995,0.00013371358881014716,-0.012265817397455496,0.007983276091779443,-2.3457724800086227e-05,0.0014084305313499853,-0.002952831645959619,-0.1668780237580017,0.008525636106916609,-0.009944731106731492,-0.005308451022298259,0.0023415620898364453,0.029997035620261715,0.0010516509580485913,0.003872145220569974,-0.004611210930392683,-0.012018243848824134,0.018029577339849567,-0.004611339186636374,-0.011005003608046782,-0.009916522678274616,0.002499008782201514
32003004920,-0.03488224589619987,-0.001781632448622311,-0.007592340504982996,0.0015346289053249204,-0.005522398643264501,-2.68452136760306e-05,-0.0038097065938090748,-0.004604938479477473,-0.014286785376499009,-0.01258875627575632,-0.0009694903847426967,-0.002264019420691475,-0.0043405349703735845,-0.007764713209456625,-0.004739331958848228,-0.016642468314254796,-0.002027487322919309,-0.002439255339738369,-0.008926346586367356,0.005331534067987269,-0.010871332818384044,-0.008147466691873587,-0.020828704706643615,-0.003380186602939583,-0.008249944852605627,-0.010034850617001472,-0.007648036887582389,-0.0017577799119633589,-0.002716822766385411,0.016266863793349847,0.004446800939648751,-0.024000521113062858,-0.012136192007342266,-0.012495735198985194,-0.005695578773243501,-0.013013258985063619,-0.030082493831444516,-0.0006180209554325616,-0.016947451945596315,-0.005861040770346091,-0.004230208167824782,0.0019853280748127968,-0.002673707833953313,-0.0028698100383018122,-0.020803134738605455,-0.004316187822869672,-0.004929241687841364,-0.001239630293122129,-0.003882635990818753,-0.21297469275363387,-0.003937759762735658,-0.011785465103912448,-0.0005377737354006106,-0.004644078423839418,0.02490834018723914,-0.0010823699799922515,-0.007852937151420485,-0.0028045818158270643,-0.02020169966891782,0.005941362076184864,-0.0046795260984280685,-0.009783416816698944,-0.01859685948430566,0.0004912702556051796
32003005716,0.03300401465272405,-0.000653023022006382,0.013170868578164558,0.0030937890726502474,-0.015867640594198217,-0.003750310124793849,0.008004774745103839,0.004484924389576266,0.00030708220347956965,0.02650740087940563,0.015490335558172974,0.0030931196873310316,0.013714231371533138,-0.007744693698604202,0.0033674501019081444,0.02667843912599247,0.011703323045519735,0.009942710826743183,-0.02672912602237952,0.00028750956388445294,-0.003972367168102776,-0.004904614878299739,0.0382403364780925,-0.008758862923854976,0.00263662202793792,0.002478176899395184,-0.00835526947470528,-9.617881812297384e-06,0.00044872965353154017,0.006614901586687166,0.007345475568877183,-0.0057927040976341855,0.009869823350975289,0.000596777000645583,0.006576539486452054,0.0009207415877191123,0.010341019741782273,0.006736558118096572,-0.009567213111927014,0.0006799447114385394,0.005788437905720715,0.019946573580287053,-0.0016150252497848874,0.0011102993065696763,-0.004590252931475829,-0.00654729563195097,0.0020681932875622998,0.017285719334099076,0.006177267939684905,0.10859131370240739,0.0005918653500068802,-0.013542993211916791,-0.009238260867317322,0.10002687483472592,-0.1435982077311732,0.001900403622809928,0.0005656377634656361,0.002910087875124633,0.019151610357076247,0.006904776380727613,0.008158701288756974,0.007238121539037916,0.027485921736263585,0.003776486169361162
32003005104,-0.03311588136925671,-0.0005004884196200307,-0.0010274814147612419,-0.0014202669907698675,0.00210940805196713,0.009434370743765337,0.001064196695632977,0.002044840929920026,-0.0010476652811065791,0.04854028644035332,0.03058772705021773,0.005902954716728908,0.004536411985192827,-0.0004260394272497301,0.004621011691950816,-0.003261455302306362,-0.003089638628044911,0.0014815943405155825,0.030469578438201906,-0.0015227196095655901,-0.0014539932384045216,0.004119382563162319,0.06251355812955635,0.003505140713336038,0.025481697318044626,-0.002230991650435086,-0.007237766177831598,0.004225719027815351,0.0015369373778417485,0.022694921635215536,-0.0011990851260597125,-0.009091006051679555,-0.004199453581286691,0.007910647063407735,-0.00012533521586639796,-0.0007561728166286979,0.005589587439971968,0.008034719819712611,0.009924000528575266,0.0290680536437445,0.002737867775957625,0.024376412922407647,0.004977212905606713,0.0063147116746765635,-0.005742968507526716,0.0019994277791516007,-0.0009315021250393526,0.0003920294522877218,0.0031333261339391394,0.13346925475249743,0.0051808092903307835,0.031187410095929697,0.008234973623443819,0.13673556510852725,0.09513292227460159,0.005535988878341508,0.0018800681047849658,0.00027779078111592415,0.025171899805210958,0.03631209387021958,0.004852360996544302,-0.005483299256866768,0.04500872717965693,0.006836912159348576
32003005012,-0.028702590121566476,-0.001842027136007819,-0.0037540015405307025,-0.003086371129599893,-0.002836987914981987,0.0011962094200729356,-0.005979115082537201,-0.0016867874468406152,-0.006016299375080036,-0.015130896149272616,0.01584156188837914,-0.012118643818490166,-0.001166743838586911,-0.00979548442528599,0.004500493309423933,-0.0032471261139911086,-0.0003689955945513029,-0.007300127173905795,-0.02428822783713197,0.0031398789808046814,-0.005144793765950463,-0.006842173734168427,-0.024199830775403993,-0.002764104804279265,-0.01406300506641697,-0.005370944569028433,-0.007315715229747835,-0.0002798549038803755,-0.002749432702636296,-0.00442470563324013,-0.0009636529225930125,-0.012140023813871326,-0.009796480678098166,-0.014878058141111117,-0.005725595599163488,-0.04301330761394601,-0.028356960167710683,-0.005606427805302283,-0.027233976199349866,0.004903208932420764,0.0012607959200347356,0.002570281664198301,0.0008464226197952574,0.0023628091780205484,-0.018927233388161834,0.00864414603508537,-0.005380100715390224,-0.00292696757394843,0.00022248773523457418,-0.05045808106381838,-0.0006491954706320544,-0.01100810602485717,-0.0010990775316609047,-0.009120328695901861,0.030956551921066434,-0.001676513364471609,-0.0067437939461473615,-0.012907891950870234,-0.019793318016249204,0.00892444057777503,-0.00042973507863466854,-0.011126620834018204,-0.04863127896367672,0.001852760426916503
32003004916,-0.020373317825955726,-0.0009740732506988937,-0.008591499335550222,0.0022081012704258892,0.007348864628618993,0.0013453715319470829,0.00436924908650463,-0.002028769356114896,-0.00325822529409208,-0.0015275778317944463,-0.020677374181462593,3.005271688361561e-05,-0.003345321639067744,-0.00620500067398394,-0.003057724029093057,-0.006678180097301846,0.0008943445318817993,-0.0038317825030514635,-0.06560287446676759,0.001685929818107613,0.002456137341260308,-0.007547066338929056,-0.04048951931428595,-0.0015683115837498362,-0.00046651517389738974,-0.0013669202201656574,-0.0035735025532063554,-0.00062558801868489,-0.00380000073956881,0.04021836272322494,0.004403250401273848,-0.028222797971067515,-0.0077187396736823075,-0.0008712053968316167,-0.00036903810148377844,0.003931195407755865,-0.017306832143251738,0.0008955571420118739,-0.03284547051348216,0.021328862000923716,-0.004271380195771788,0.0004049941045428084,-0.00048070971296284995,0.002401413761444988,-0.0012536435735439875,0.0024093657769601543,-0.005337325544078615,-0.004910190934328658,-0.002670541217904326,-0.19147108805872648,0.0038090267547163863,-0.001145637412606295,0.00061192196482418,-0.042891877026386874,0.03138784268096326,-0.0019301330026794382,0.0014062689833096978,0.000755645848732974,-0.015719955764639044,0.018175512847296713,-0.00299849016551409,-0.007775117615500442,0.015296614396125905,0.0020327833667586393
