GEOID,A00,A01,A02,A03,A04,A05,A06,A07,A08,A09,A10,A11,A12,A13,A14,A15,A16,A17,A18,A19,A20,A21,A22,A23,A24,A25,A26,A27,A28,A29,A30,A31,A32,A33,A34,A35,A36,A37,A38,A39,A40,A41,A42,A43,A44,A45,A46,A47,A48,A49,A50,A51,A52,A53,A54,A55,A56,A57,A58,A59,A60,A61,A62,A63
04013117200,-0.0005268416646691782,-0.006946149768405623,0.026930473513714363,0.006360962529777441,-0.0013155001254249493,-0.0034176219485334072,-0.008306803801536523,-0.03958654616196485,0.003459858820122485,-0.011441580480841979,0.011423307178781096,0.004028330475225369,-0.00733937082666291,-0.011923801290090384,-0.0017775818402413419,0.0014576485022961868,-0.005271289353401077,-0.005939443105743718,0.02610465459854126,0.0060653899521531775,-0.0018957550823924722,-0.10664158115948061,-0.029624646830065212,-0.024091582498090222,-0.1451335685377566,0.002933857534212921,-0.012046382730727986,-0.008378757531721917,-0.001212099777007692,-0.04147803119254307,-0.010413046401149675,-0.008135460379130688,-0.004100862642150056,-0.10553180475407341,0.0002862984515894798,-0.010859768195233512,-0.002104243380151103,-0.009639043350419598,-0.0011291421026399138,0.005079590310942695,0.0010345488784349467,0.002420417987875529,0.0030638413622663366,-0.02156792916959617,-0.015736540593730107,-0.0030877463744211323,-0.0076721200927419835,0.08112773501662256,-0.0037293945483629397,0.031185962887660127,0.00848494813167724,-0.0022549947573901265,-0.003672920853499649,-0.004786248914600561,-0.0049034621114918304,-0.004923819916729052,0.0014846182274846657,-0.025877083217114294,0.0019920965108423446,-0.2546985596204804,-0.007245296370056251,0.1930482139514966,0.0020840742746935344,0.004553011919970365
04013082016,0.0067882020354066005,-0.001053698070355592,0.061378340734355344,0.012911502526826017,0.009241310117520057,0.008247370066356603,0.03697411784816596,0.11142073975423286,0.026820265274503464,0.010292453345628678,0.0038217930658795505,0.01653719753338685,-0.0039968128761968405,0.0369273883579513,0.00038848809409625004,0.005097387369691685,0.02062401169618718,0.01991193757829915,0.07060571367600404,-0.013960865298453381,0.0032306046091753753,0.21142425730434117,0.03319344391140855,0.09435711248798305,0.02821499012157572,0.012647383452157329,0.011406623764207105,0.0008150905997271189,0.005047252071510582,0.029028311337682782,-0.018563294116281236,0.013313736542950443,0.00474967515282763,0.0563430165668361,-0.0018925338683448115,0.0007120424014043502,-0.001326800848488651,-0.006368569377938626,0.010957541672758243,0.024297961210866307,-0.002086597133755724,0.007472720397927997,-0.001249968386434822,-0.0074353642449287854,0.10837902123476098,0.0019354580976574398,0.006943861258367379,0.01521113799973761,0.0011624533685931277,0.031138886063908612,0.015323582399527585,0.0038031144686724977,-0.002754677272273883,0.017619604883370575,-0.0011706346604635467,-0.0005035100238403025,0.009943555397580784,-0.08172004314673378,0.004049131875077142,0.23101345366360335,0.005923659580996219,0.48160865280630133,0.008012725142406765,0.0051136493709298195
04013104402,-0.007509135166273117,0.021751455965114103,0.031973679968749065,0.005773380567760994,0.004195522579735987,-0.0040128798159830845,-0.009294251863498124,-0.06396479861243301,0.011562598258504211,-0.0011341388869323035,0.0073794900105003825,0.0030271739172837617,0.0045796412634958655,-0.0006999205142470046,-0.0022411570972265737,0.0009763114735664511,-0.015431282106365565,-0.0001476374028437242,0.045894311829553745,0.00696968363897033,0.007412373681763788,0.10717296427930871,-0.030761134372954364,-0.0005540353691069535,-0.09802490926343645,0.010110523619379808,0.011588411810836368,0.006666346202778952,0.029666113945568718,0.006829948871450521,-0.006486192991223075,0.0005559088987206048,-0.002918175592622139,0.07605396769305944,0.0030800843865895016,-0.0026211625042681847,0.002296321540403046,-0.024523948903931465,0.006197260185804947,-0.007607503250809335,0.0054900191097267915,0.0018633767635875221,0.003073877524931406,-0.011972533689636217,0.02192232221128541,-0.005364528180392852,-0.00584056634880608,0.06468778046332735,-0.006043431475492326,0.03322986119980796,-0.006835997146593319,0.00481369268350367,-0.0002518708179401593,0.006321427646767253,0.0009274432463983149,-0.0019389012852445192,0.003503664550672207,0.1540598985733398,0.0002546437987906146,-0.13241089326588895,-0.0005654526657058313,0.3925254761227747,0.004280467328747533,0.0005174304695589035
04013104701,-0.003133949551046749,-0.010300677062514958,-0.025151107376148528,-0.0026701759616829988,0.01061519349888089,0.0019640017524859793,-0.0029199716200553126,-0.044669902893704344,-0.028861766196695636,0.0022240136137112484,-0.006698909668284708,0.005681271130204867,0.000727876027024549,0.0031189418323517852,5.894272480500294e-05,-0.0017558945161153432,-0.0013323963030458842,-0.0016342189520746875,-0.034472420840150494,0.02370552041660796,0.013282004322785253,-0.04987975985297376,-0.005688520511696736,-0.012470762862515604,-0.008885103177935765,0.007015033635061319,-0.01446340437070821,0.012077419524820528,0.010933298776399652,-0.03819786751849275,-0.01683912183071056,-0.002144720031683238,-0.000969503671978185,-0.045644584935725104,0.0007902476339425431,0.00525561861175037,0.0053962681373596385,-0.0024652035649664187,0.010412982172842311,-0.010967514986841315,-0.0003064564762214159,0.00336315629800041,0.0033711626862193878,0.05528828505313485,-0.016904840264031162,-0.00570870722685981,0.0006454421529712662,0.00697164150388029,-0.0035337349179719564,0.02338670109061167,0.008414369111107982,0.0011551409902325015,-0.0013113059455775917,4.598209674392306e-05,-0.0024830824752682867,0.0009434079618215296,-0.012154034445283339,-0.010027626826675438,0.00655503803710972,0.16575837395006732,0.0006396693770782001,0.032860083280251695,0.0015803345445298596,0.0005325770039995397
04013104702,-0.000974193874797465,-0.006448303949244805,-0.06211709449249691,-0.004401812595502664,-0.004412264158020218,0.005904915545998256,-0.007129497269921478,-0.02551527638033152,-0.009231646955708451,0.003773378617647499,-0.009938099039345092,0.005306701794642967,-0.003275895885653636,0.0006281265611538575,0.0003188113511899732,0.0002911781001803126,-0.002882621915608931,-0.007462293201663057,-0.019782207308460854,-0.015168326689296477,0.01029990100620686,-0.03340857953074622,0.006153276258172263,-0.010805719144017973,0.09174269695552674,0.007838970373577805,-0.008368803723449135,0.017842520937330474,-0.002213262511474552,0.06833945930302711,-0.01114858593491926,-0.005490676233103019,-0.0008559585086324597,-0.03563613846792633,0.0006377066311833758,0.0009671579930715567,0.008810742374589826,0.0010564330153291911,0.0012708277758950969,-0.011858906383982367,0.0005091702896550726,-0.002590753597428408,0.01433153762700598,0.049553104006513006,-0.01574585833754144,0.0016755415037134655,0.001310291930635621,0.08951624612760033,-0.011079563112999477,0.053129243449042754,0.007452712250269966,0.003956640203149103,0.0008028184840586755,-0.0013472587392688782,0.008159737657873405,0.00024103536574875053,0.002332999088441269,-0.07468687369225668,0.004094588838072823,-0.17381587071264606,0.006376509187305253,-0.026238676969571252,0.004884986520682987,-0.001842618723291855
04013112512,0.0027065581513095733,-0.005982143892509879,0.036232300114160836,0.010667529067058321,0.005606003405495838,0.004479802503043353,0.02648946217525777,-0.03303759790918135,0.009585811463665484,-0.006786940368292453,0.0008427797078808016,0.003444894830490367,0.01076371016012168,-0.0067941980848651665,0.0015508301679918173,0.0021592323573579025,-0.007897968947212114,0.007421214003555963,0.03218226853168838,-0.013436086592095015,0.008025372982577146,-0.014311543560486908,-0.03710506272999407,-0.00023817090872408148,-0.12087573824605331,0.009030570855206746,0.002391336199010237,0.011978952941424223,0.02482233890002417,-0.00031260696332444083,-0.021305573192611903,-0.0022655412661037743,0.006538189950781824,-0.06637720218853906,-0.0021549513354403565,-0.001177540166650725,0.003277055496742389,-0.0328446606506742,0.006378340348242043,0.02683909290146362,0.006860309704674585,0.002773485612241235,0.0028707700790467612,-0.013094570758276866,0.014572467310869483,0.0044525925302525814,-0.0031897845024761447,0.021812880122978984,-0.005315518043332249,0.04307591422440736,0.011375131549586687,0.0033366165542074453,0.0020505691618451526,-0.011574612648149307,0.01602352299247404,-0.0013923454413431598,0.006021535512081994,-0.052265143538838994,0.0029908916743072275,-0.2036822263460879,0.002202457068092871,0.48123071283333246,0.004501149976469991,0.011635368254875628
04013104218,-0.019299487224695766,-0.004159854473264028,-0.04396565459402793,-0.002003845333883111,-0.003481126862650098,0.0011211709421941637,0.011573097668476811,0.06851973234368827,0.028565435096581687,-0.002423407070438943,-0.005197593879529212,-0.061389364986294166,0.002259881360401845,0.017406327112029555,-0.007559836089195659,-0.009908421794762125,0.009449225698069228,0.005999431780596483,-0.028394370031292467,0.021566134216609828,0.0025365707776479397,0.09576780865630603,0.00563470441979715,-0.010439481770748871,0.013539817518717613,0.0009510786130764631,0.005610363976706454,-0.0014203626745802292,-0.010776669038002827,-0.07622772200860613,-0.05034044303326438,-0.01020417186167063,-0.022899103718465576,0.04432462957536365,0.002567382232043545,-0.0009553651159884434,-0.005401926914723319,-0.0006091868944738145,-0.0023432414961174386,0.018263084948088964,-0.004780463449065956,-0.00479574364231203,0.004802591657873581,-0.03736016200127406,0.0036556529252352917,0.00013569920793831663,0.005219082089687024,-0.0010745010951358283,0.004750598744797376,0.014478660700046709,-0.012621403172384018,-0.013139685210504648,-0.003615779464493081,-0.005245352962489738,-0.0015764858614236823,-0.0009664857694886428,0.0034053119078107943,-0.06704523283844521,-0.026568625594117448,0.4118445455886336,-0.010770567708899993,0.02202515271922629,0.0006315355752055667,0.001236991360494902
04013104225,-0.007954165154885392,-0.021797407939855285,-0.10783211019340473,-0.006084345851981808,0.0034919098032966433,0.002174063434022718,-0.007322066033636439,-0.0369592560264297,0.02382524006405457,-0.0023240228599990553,-0.012841082531286054,0.006078611218506727,-0.007528178277885668,-0.0083637413152999,-0.007953640889737825,-0.007734682722529553,-0.00435706248446614,-0.0065459009882444805,-0.03173421715195861,-0.015024925941189152,-0.01154438405796102,0.04271869771687633,0.00021614853854533598,-0.01810025148126528,0.021547912489156863,-0.011544678672420441,0.0023949391653559637,-0.00824094135463474,-0.008526540832666943,-0.026039058946485227,-0.01617188621960899,0.0008395054601889358,-0.026282893515774695,0.035365830706141334,-0.0025832773870130468,-0.004206497989775086,-0.005497292908672643,-0.002120501257970164,-0.007779305350352318,0.0036241294175284725,0.00038770823938137525,-0.013085566372392209,-0.010730509439702602,-0.05519211737848323,-0.012804229546675696,-0.00906660747946633,-0.004261310106506553,-0.004204807084838016,0.010149125621606067,0.019819593209082626,-0.025466837441385937,-0.0008504672048379089,-0.0023658632261040593,-0.012822079740280405,0.001600145253312056,-0.0018782149953879511,-0.001820051003112739,-0.17166500929066317,-0.013449861946083568,0.15462222692878283,-0.00787720176508337,-0.1756288345423859,-0.0009384714442215729,-0.0006556133445162233
04013104219,-0.002489233678325838,-0.011502647235203925,0.03494923086590467,-0.016522140242307422,0.0011650536519124018,-0.006767799226189456,-0.014403245557792228,-0.02605385273313439,-0.06710412357181206,-0.0007879333469324911,0.009751061927071676,0.0037333804113047543,-0.006440743808141309,-0.010560154578024207,-0.009182876534422582,-0.006130022025474718,-0.008412888433494954,-0.01323937935229321,-0.048160447454919125,-0.03186242590521927,-0.005755234205466496,-0.08948691147272579,-0.010920693796672263,-0.010192310899744452,-0.31991370304628064,0.00887182108696219,0.0033295079140241808,-0.005453621644336755,-0.017096319993569163,-0.047073055930302914,-0.015427329401100932,-0.006467974532445596,-0.0015500408456927582,-0.04481690656520765,-0.006069119237389862,-0.011004626056905968,-0.006503035751746701,-0.023111841908076844,-0.0014084456868815867,-0.019615616793339615,-0.016109576609835106,0.0015521099640214801,-0.022139313318407065,-0.026155583895303678,-0.012696138749846451,-0.039800866620769086,-0.006281397474208748,-0.07361906804357261,-0.02342365637454424,-0.014931633606321803,0.0017807149831624014,-0.0052614491803663005,-0.0023929138161147274,-0.011434715328076602,-0.001196497456441566,-0.006646265775590263,0.005171440802923294,-0.12416182185191543,-0.015344058985761551,-0.3295828649265422,-0.013932360540334915,-0.2412297859145765,0.006323781173568497,-0.006778708064355058
04013104801,0.002253358835833067,-0.006427639107151618,0.05153456563591272,0.0010201339785696972,0.0029491891938467803,0.005435531067099638,-0.009192109795130382,0.07177845974546858,-0.049124138353765966,0.004899727022433111,0.03793231229422643,0.006515163998356698,-0.0025687322259412048,-0.005193012225069865,0.002094398191341259,0.0009279870095651681,-0.007451598755533934,-0.002023751526933676,0.03368636679118074,0.04621338506693888,0.0012317526728322626,-0.07472697492868872,2.1162286101775448e-05,-0.010208929309802902,0.13261598807330616,0.0074735982985579845,-0.006442447123478948,-0.004984094924100315,-0.01631111699740078,-0.030491655829333202,-0.017116154505473484,0.01383447834275617,-0.0008943640869662931,0.05996614899789156,-0.00014480676554090208,0.005387662121145641,0.000735345908858139,0.0050181833852729375,0.0007933790202746038,0.005835614428975563,-0.0020616246580685074,0.01042777029721442,-0.001997164017898263,-0.010629343149052587,-0.02586283788742762,0.0005024055488594105,0.00830581391808086,0.15654773864473442,-0.003580423490278083,0.027513243844391674,0.004737820890848649,2.389745961330501e-05,-0.0038213577912491374,-0.0007274649660827945,0.013549914550577554,-0.001715647830523567,0.001593972149472606,-0.10318319371905275,0.0020212158503941586,-0.22418652901479982,-0.003483289006940192,-0.006832628229058957,0.00861852483987084,-0.0049168011483621725
04013104802,0.0012576627010531,0.05093203228548381,-0.017958228866606505,-0.0010654653694738528,-0.0006637953725516448,0.003339355718173806,-0.01011386652935636,-0.031920429036257,-0.04906607224143332,0.005552457921894716,-0.010674562337660029,0.005143321606113025,0.00040614523986970034,0.005046577994715316,0.0017707702193597299,0.0017643956152384914,-0.003161199555539003,0.005255041989033182,-0.021688145494871806,0.02969894364053373,0.011807004585782916,0.010309747350237103,0.0018903519642126932,-0.004767569893617734,0.11120996152687676,-0.005584856544673368,0.0161435748251902,-0.0010099651281559017,0.02328034949417479,-0.020759278520466135,-0.0039741209582604,0.002455900121175545,0.0017971361599747584,-0.02710122054267871,0.001644650546673699,0.002921552166227332,0.005040899632796027,0.0022514183166672,0.0037449488922215173,-0.009628562720258433,0.00257437094996919,0.011120441076026312,0.009390176966380118,0.058047836391566625,-0.014110276298150311,0.004987046602015685,-0.0025213874221606592,0.007542721030484839,-0.007441868758812496,0.015370048875371599,0.016514930332711307,-0.00025763620655919607,-0.0028441569926575725,0.0011330933508718161,0.0005893082352899327,0.002731322673224228,-0.004513378102697354,-0.0690931588256834,0.0018813888676847627,-0.2213943024309914,0.005643078414173249,-0.17663568856910236,0.0056391643568680155,-0.00124585120067666
04013104900,-0.0025152316328967074,0.07370396490536117,-0.019651088489255425,0.0008427278720623586,-0.0024066504410626666,-0.0010827800412043793,-0.0021497071929374627,-0.03201249658864233,-0.015536324614312935,0.004627160365093653,0.040598278749890866,0.008170998525681821,-0.0004060833155064009,0.0016056536467636713,-0.000981072543823373,0.00299116724771291,-0.0013542295650355277,0.0032886751767183873,0.012960380354855089,-0.018360593291612663,-0.001644814715361202,-0.031719966947663505,0.010127432154987808,-0.00634944545613142,-0.008660509879989089,-0.00123926460375031,0.015146884294062468,0.017384377847670218,0.05303841510661047,-0.01047065340512452,0.012496612048870965,-4.851448757967041e-05,0.0017094480783228748,-0.033947115999184256,0.002878108640120138,0.00223922440167765,-0.004356024864744988,0.001430699301835513,-0.000659333338343472,-0.007326363130316254,0.005904752639929411,0.0035941786503314982,0.00026842305169551565,0.011971194845115907,-0.017307978272058183,-0.00199157363706691,-0.0018109456858759415,0.018214798400337406,-0.008277146950749277,0.012928101958219583,0.018142864518903946,-0.0007303542825331821,0.012008047859785558,0.005779653742338768,0.004081829352296133,0.003144696335563477,-0.0055733766010982455,-0.07585434178982724,0.006707330728300113,-0.23131227720125086,0.004195351241498817,-0.16870659342549946,0.00465506597420472,0.00035415730842672846
04013105102,0.0030838414658275843,-0.002847889917898026,0.06367493240586031,0.00968787431621233,0.004939601483192377,0.012889472859168473,-0.00022181120652336436,0.08680986181404253,-0.04338397865700951,0.003520660668015266,0.0585770324914558,0.01153957279384628,-0.000848576461711006,0.001207762554935519,0.0024229163456879928,0.009763357343358937,-0.004841583010582313,-0.0028755373179641156,0.06234875817070582,0.05948624591826342,0.002983904359298678,-0.0052898190723103785,0.0023771942002782705,-0.006450908190033536,0.19481599443948328,0.01622154935943594,-0.0044403350188458295,0.0005003563438786391,-0.013974772946567267,-0.012314605699797296,-0.017045830887398673,0.014582124379408541,0.0031961904030014207,0.08099187214434315,0.000964674683015658,-0.00187454011402664,0.002275326139531454,0.012819761967933515,0.0014107220859636916,0.005304985180406461,0.00028906193608527783,0.012398357873569426,-0.0024265742505207672,-0.0026750346334380045,-0.01680529713018303,0.0012285251976560138,0.014458153176980619,0.17520417930304727,0.003859514882089924,0.034736142881141685,0.008196539305074644,0.003082460338158018,-0.006798450779138327,0.005453886311935459,0.023040780015848635,-0.0008548463223323874,0.00110197345133299,-0.0909433538538122,0.002110616759952608,-0.2119862425422043,-0.002988981928871544,0.02683924891875429,0.015529220925507684,5.776551899187243e-05
04013115801,-0.003958529065468791,-0.011210310640907155,5.594542575793947e-05,0.00046424903640781385,0.007590793879323438,-0.009702476682534267,-0.007633091498090576,-0.03492562338811216,0.010709833560160635,0.00048588903684115885,-0.01804748828855874,-0.0004980857856292876,-0.009376133410471141,-0.008360205724590388,-0.005474967612276454,-0.002010177583737927,-0.0062372325478865735,-0.005220601642313933,-0.02216244298530463,-0.01518508469363228,-0.0057946630040842835,-0.06754573629301662,0.0009213832375398761,-0.027693980198581495,0.02801041170490081,-0.00524136223039104,-0.011721086764426406,-0.006322630204029188,-0.0023664356932637316,-0.042192475744949644,-0.012166023423055075,0.0003092092077320987,-0.002015799608141715,-0.04332802522337365,0.000732958365537406,0.0003658851285406718,-0.004893138461741242,0.0025337028435483,-0.005221209076446602,0.014966134713687719,-0.0022705019555328333,-0.003334668052023072,-0.0006195728362141756,-0.022565130709007775,-0.027994357043061503,-0.009616545645492101,-0.014445126426925836,0.07661330534940326,0.022446182857089086,0.03468394288927949,0.0049164051296420735,-0.004351045044971261,-0.005897528828178614,-0.0037817468076318528,-0.0007690593406325064,-0.004753267711226531,0.0036573107907328798,-0.08687723399614593,-0.004659474237977016,-0.21906072912672234,0.0008852623770042506,-0.06563363798183895,-0.0006206019650690896,-0.0002644094167927162
04013082017,0.007875496435967784,0.0004929791718975609,0.04988086919079763,0.0031411492418778222,0.003197437978924507,0.0031844012429217577,0.04428338077433253,0.11002236283780562,0.038547542158523275,0.0053098912137278615,0.011420609595775287,0.012518646566974132,0.0043955591278673455,0.04628794667284064,0.00039683010602940946,0.0036751653476754104,0.016421386641551794,0.0030953804228387007,0.01577711800707019,0.028612241441750823,-0.002582916303111595,0.27008731013637605,0.002048640044942517,0.1277184716820073,0.008639901396506484,0.014950309336181735,0.010346171008855208,0.010340304149932044,-0.005998319221954588,0.004505332092890607,0.00238519383324104,0.007597032154725614,-0.0019232488742821254,0.06652870111389833,0.0023618507224294036,-0.0012986877371683008,0.00011612527911570625,0.010169188013584903,0.0134076763426941,0.014913342125368611,0.001645509557418694,0.011479811821675795,0.005979907764885909,-0.004259498201748073,0.07059337625052241,-0.0046133302072151735,0.010852214946751168,0.11928742267652924,-8.476957667042543e-05,0.043564386912476744,0.006573453707375067,0.0022794770393827165,0.00020358856536446246,0.010337108371327928,0.00024629210989407903,0.0003123004049385468,0.007237591422051604,-0.0677185772280056,-0.0006795886071524051,-0.1754884586582925,0.004710742282388388,0.16074877644280638,0.009185712010454733,0.001110664173790882
04013107500,-0.004184068635591319,0.02805220107106257,0.014811091326061053,-0.002046117738781618,0.0030199517764576763,-0.002319349764860856,-0.0010036423298169467,0.08911567437833995,0.0068978461782481714,0.002851697848709834,0.005784275410180538,0.02024408691078224,0.0037302817937695646,-0.010828018451667636,-0.00478871831359752,-0.0032707987926891466,0.0533442522657848,0.0021197857568800394,0.04637381196639272,0.00833015887953449,-0.00118544818762103,0.0015323975399557904,0.00817164748082358,0.0016429406233827981,0.03799812082767465,0.0025306633411899464,0.011589332665166117,0.00584451470847524,0.01301252277455678,0.05200548862337949,-0.012792251130276417,0.006772728409592315,-0.0005057234350357742,0.09226529890650675,-0.0005586341196385287,-0.0003787536554771194,-0.0018913192498857434,0.0043540083395049315,-0.002868612266927289,0.01971731706661376,0.010599739624113647,0.007583270307233514,0.0037601470620300635,0.03671142086086052,0.015394352743732199,0.0022203269405503727,-0.003918601884527865,0.053163580437146994,0.015848057091260442,0.021660335986771584,-0.013473489247117887,-0.00261029276433414,0.015018491935942443,0.004102503438559732,-0.004330592544522526,0.00447932948736197,0.003201132743424604,0.37758715859573333,0.018842550091678505,1.1356296513339954,-0.004719400019542332,-0.00908616902135094,-0.004339904727526198,4.923447622881196e-05
04013107700,-0.001717022691583658,0.03043787113025582,0.020447220962565828,0.00034729093842643356,0.0030872791890299515,0.006577560287395686,-0.000885951283255467,0.08719972858890229,0.006914410628658288,0.0025580301800650616,0.010857899552698167,0.014114793494608138,0.0005599724782768619,-0.010343125319516309,-0.0025345571490997454,-0.0022845903741200613,-0.0030265700869624625,-0.0007618429136266758,0.03887957769088438,0.006097093338663472,-0.0021788217010536796,0.0022820986000910916,0.0065599087721814825,-0.004634292141997137,0.03700699609549959,0.001294397915777634,0.012474186963276257,0.007232977594067744,0.005872212045512857,0.04430111146712502,-0.028741458722221395,0.004607811546400571,0.0008143435926294425,0.07772833004140417,0.0028869893491648584,0.004039753277836563,-0.002931103839883954,0.006280134517899956,-0.002885205141631255,-0.0068085390372114776,0.005115905353623501,-0.0006528720996140176,0.002652044031036631,0.024739166202402244,0.013435274052387973,-0.006302952857795657,-0.004277413791976819,0.05940345656648933,0.01364338899704105,0.024085584359436217,-0.013367055672749172,-0.0018938049399769134,0.004539076667836345,0.003023671371497556,-0.004269156762830835,0.004201163753811297,0.0023580669625651437,0.33935753614807745,-0.0012654180824531662,0.9217093630259141,-0.0017629720195535545,-0.023772690088713595,-0.0001373895894531206,-0.0003320752132333784
04013107800,-0.002376240260987656,0.01897192132034428,0.013632003772218116,0.000498684337724806,0.006146491198860004,-0.00039602681686263055,0.00565214970197133,0.15576235651292877,0.01560603978443881,0.0034281690891068187,-0.005610276132660592,0.011566621139303412,0.0027775626771148016,0.015160981415791452,0.020909093725439448,0.009452478824115498,0.04085610376580824,0.0026469438259075764,-0.006880472914790176,0.0061700013844051774,0.004930911074560689,0.0863632861823728,0.00987676022158946,-0.004062993182794994,0.13344815438918659,0.008892114590746781,-0.0020828080971388766,-0.0036144691604667357,0.009062223230776868,0.13029213823067715,0.1826833311040358,-0.0031494468025940747,-0.0026720224295796076,0.11498697282351578,0.00434431909828874,0.014553423719043251,0.0012815836360378552,0.004371890266628647,0.003840189270729467,-0.00797961494094789,-0.0008961901728010085,0.009015407414139509,0.002803536288732137,0.02142436995796467,0.012731011126806437,0.001333544417848304,-0.000931973950034163,0.048476129464321824,-0.00587872695080677,0.024110959448151507,0.00649147807872882,0.0015815799591748045,-0.0027748409775281125,0.0021768925768986536,0.012357852235819153,0.0005825542377433013,0.0005756610156808219,0.37981609293767143,0.006967457499808029,1.2491770028494276,0.0018968926131112227,0.11373577155097969,0.01196899420642081,0.002349609026216326
04013111100,-0.0024615058836300985,0.02690705375352109,-0.031125480748198934,-0.0012544376856046947,0.0008677083743133878,0.0025435153016883463,-0.0036027220418259898,0.1416457706755405,-0.022474714320275778,0.004213588709940715,0.009161659601809934,0.007463216326578152,0.0017314046849959473,-0.014996250744409374,0.0087140786895713,0.014257622725194196,0.06445523835621762,-0.0010900282293103889,0.029545618090947225,0.01621715158986444,-0.003541768041509405,0.059116646927356464,0.0065253168746579005,-0.003123271938209677,0.1171410822939758,-0.0006844002314883513,0.0030743798433890504,-0.003836789293785936,0.004184341474344879,0.11207335589003456,0.14626480645556164,0.0012771707334041152,-0.002350848219665788,0.1039853203327914,0.0034800094955289144,0.00037715035261393754,-0.0028750342400209214,-0.004555907051037611,-0.003452372129039654,-0.010303486226720865,0.00214764297364209,-0.0015767258605445533,0.0026487012482613475,0.02051941382413986,0.005386352328605343,-0.0016933200527784657,-0.00680321845726109,0.06857751661953317,0.013417694955947338,0.02220751115472396,-0.019525630216086408,0.002494263725475719,0.0006266328216395965,0.0011665097482890237,-0.007340357554097226,0.004585089715447785,-0.004471207732389728,0.41612403946741994,-0.0027458274731671233,1.329938712034162,0.002320695471323645,-0.08299977819639777,0.003126299102936408,0.0007313564289210456
04013111201,-0.007923424341741309,-0.01377612613954277,-0.020938667891172436,-0.001528340686083742,0.0038529368672891202,-0.0019898582819687367,-0.0015841837637300426,-0.029349454252171305,0.02043226583110053,0.003520859754988816,-0.004461820619629951,0.01539003986943623,-0.0009890913216202644,-0.0035236855943631385,-0.0033077875625702846,-0.005341632783264089,-0.015367666169981739,-1.4112519099631466e-05,-0.02195602973344436,0.034732605352670774,0.006302771412961299,0.04446332775601592,0.0010563458487252463,-0.008025533522905954,0.01600912120730878,-0.0008517779171882865,0.010518550582219148,-0.002670333157226494,0.0051583899477568905,-0.011176032209871564,-0.03638151716820139,0.009028510028268114,0.005338281808683041,0.06551250964967281,0.006624699014366199,-0.0031275594040669798,-0.007684383583356655,0.013926421295988041,0.0002944759351837328,0.016558669225623154,-0.002707239530720507,0.0014896519624526129,0.006077400402226611,0.017352257932766294,0.0029667803241721314,0.0049409107813420065,-0.004673232440678851,0.06053698397847699,0.00869102545226035,0.028655219967384994,0.0033148065994376224,0.002515756192137039,-0.00010086766267359721,0.0011000864723996393,-0.0027001266312081194,-0.0019503157930496414,0.0010770948498902532,0.24083192761653166,-0.00206933665600256,0.5825666820275271,0.0022954741532159838,0.023252829505199576,-0.0030054132679618976,0.0008436086251300403
04013111202,-0.006884205881153841,-0.004839200956527533,0.014082242663570645,-0.0013609084060696407,-0.00048410173199356024,-0.0005373089374945536,0.0036263011394666437,-0.02955136014336763,0.02565760099612923,-0.00427857461810697,0.002718543904378322,0.00428725091961966,-0.00602037818038984,-0.006452160752583035,-0.0010354275386024593,0.00565615960138046,-0.008503955450839656,0.004577794200622282,-0.016016354114783943,-0.02024258099178165,0.011456713674035123,0.1280456709682669,-0.039760818441319096,0.07223981606702105,-0.10676451309826779,0.002167053518600816,-0.011887297295429988,-0.0037487943608551675,0.004323992972720518,-0.02890498425914854,-0.02114068461449686,0.0034421661296436647,-0.008075826333855356,-0.07201656131156868,0.0015316599765969863,-0.003743089776078904,0.00013823087496874108,-0.03694144660722707,-0.0015612967380065413,0.010805585516265467,0.0017369752134452812,0.003639367025376489,0.002744409175044176,-0.009587945434023692,0.006822350475179441,-0.0034941546085245283,-0.0044909935257780136,0.07598021581043311,-0.006768164078722071,0.03362439709194485,0.0019433246823043592,-0.0030910354312324224,-0.0022245506798772023,-0.01816240452752878,-0.00760385641027883,-0.0009009943358613935,0.0026275376725667303,-0.021852670519404233,-0.0010042008693790382,-0.2003485115924629,0.0008078808290359558,0.39605364922558245,0.004085833014645323,0.001973651404480907
04013082205,0.012226784596866184,-0.0005895016667020418,0.03455503070158102,0.0005132734379256935,0.0019360133566867944,0.0038743900544560756,0.04780145018689152,0.10240987086800539,0.041315007654811005,0.005247619624605449,0.007736278944343939,0.010650736543447416,0.012357244371789432,0.02995821847703848,0.002935907914207765,0.005231590946286531,0.0011105132098093106,0.005755541580305489,-0.017938386490486385,0.018132068675577557,-0.0027131213449717168,0.30611480966117677,0.03948112477039171,0.0880563916395353,0.0608409528599921,0.01700917056133243,-0.006450399366268808,0.0002263627759982817,0.008924987485545524,0.01360915512999812,0.008073955781509165,0.00744837372852618,0.002936692733077244,0.1068692036862599,0.005222436941783826,0.0016507010098778293,-0.0006742171999051409,0.02947409402982179,-0.0030087218543254236,0.022511940372054937,0.002370425494572817,0.0002523425821047024,0.006102217620749736,-0.010739231032713858,0.03955521041006269,0.006088593791516497,0.008777352719174526,0.08521751157671899,0.002520102324490783,0.04745395336781825,0.014678480008775422,0.0022206094167615165,0.00021723627351194488,0.024189061609813125,0.0143883011821621,0.002460865123111132,0.002443856934600501,-0.020085754282646598,-0.0021810771879167226,-0.08593065146848136,0.0017461265096572589,0.5340086840217756,0.006263898590112102,0.0007385425378549047
04013104401,-0.00640978304967221,0.04484809796759652,-0.010232135378148313,0.002288927048093457,0.0043465196727151215,0.006279738456300648,-0.009933234508652381,-0.03862722178682147,0.02321571438617118,0.00523062827601681,-0.00990208146342421,0.0035486570762173456,0.014040748077050066,0.003551190856455774,0.003395593662244838,-0.00169355869517131,-0.006697635642848748,0.0010968242602647327,0.02664096111091254,-0.01183450315179799,0.0002527830182536039,-0.04848326686011855,0.0008801356181620046,-0.010450201378283366,-0.0776195665323799,0.010350087956848665,0.012039940247802694,0.010395229150553955,0.034391590615656234,0.08807627418141079,-0.007512658664217771,-0.00015593125924542002,0.0011285251036847503,0.05858132837680337,0.00032742621832363545,0.0032015717969404744,0.0028345440874580166,-0.004733730040288297,0.005966026118760871,0.002231572873272038,0.010730882843414901,0.004574364682934024,0.005535941818654062,0.007414725715380445,0.005141386494122455,0.0019137844540796298,0.0014030303360960223,0.017438278865537192,0.03149310395030264,0.0342166886391193,0.00989450170894714,0.002491643620435201,0.007007919062458876,0.0003812500720801919,0.0017921929447294736,-0.002767533160109969,0.0068446105161885,-0.08201673329489216,0.003714644719121386,-0.15799037415579736,0.0003172099676383112,0.04931086370461871,0.007468162097432729,0.003227086475387953
04013105503,0.008077440672587267,0.013164123613481248,0.04516982601449613,0.003736644485980424,0.005399875149613072,-0.0011748748171154617,0.01392189200343377,-0.03323729334798592,0.010502404068242172,-0.00840931688188745,0.005323338135083239,0.0011319131999611492,0.007723879263158298,-0.005007717100075693,-0.0008551542112278199,0.011076771068465423,-0.013980427085912425,0.0007478582645541396,0.05021315520920541,-0.0122297382154006,0.013406248931218777,0.22436371454373383,0.011691335236975483,0.04068393169909945,0.044214463893110525,0.007865625773179574,0.017617360361429753,0.00954935243306926,0.009427836630676598,-0.023871180530863078,-0.005113939911975383,0.0072662938102136376,-0.005704742240644265,-0.07605147218983142,0.0040351103263438284,-0.0012712426205081534,0.004686653671348042,0.011586702086250835,0.003276662920857138,0.011367294466337424,0.010470812113373487,-0.0008797348371050311,0.0034159703278863053,-0.0025659900933918916,0.02888679116814587,-0.0038581853595244958,0.007238023724625011,0.06717719368699654,-0.0052354196522171595,0.04013288237813135,0.005795224516945404,0.002478288304490876,-0.0009717289052719739,0.02949920137848558,0.007922495379053339,-0.002772477102412855,0.007647053551370739,0.14883610517480558,0.00292965128774995,-0.15439316761415905,0.002318301391049131,0.41123095661902537,0.006981694574886616,0.0001880421413389993
04013109702,0.0009255221921618916,-0.008831396539287762,0.07490383840929059,-0.0014749509466708958,-0.01353535774955974,0.0011379784131908463,0.0013055074928084295,-0.01890822122390026,0.05594262690342607,0.0012219887612575817,-0.009742257089435089,0.007620662033612376,0.020113463133332548,-0.005871657207527201,0.005252741956193098,-0.0033617070460895556,-0.007005408788489524,0.002645939124222352,-0.021259728182636425,-0.010899543365059603,-0.006380760228426397,-0.03593904117564867,0.003623853973170227,-0.004010344959582372,0.1800886520345241,-0.003671966989046135,-0.009545684766571735,-0.001572412918966983,-0.0090306997163027,0.08959282565805231,0.0046625064799662615,-0.00428549506254283,0.005312270935070092,-0.02767777578786124,0.002249280355803141,-0.0012297670242229285,-0.0020916459072095094,0.0058343054651606606,0.003507065845282168,-0.00978218386008576,0.007396664394508368,0.0013461804394205546,0.0003629633012862264,-0.008764744045957692,-0.02055739942381567,0.0137298416720752,0.0031278085215906025,0.021821816368472326,-0.0058339426746287825,0.04614832894473188,0.01215421708661742,-0.0018981775956320042,-0.0010991394727066733,0.0013350490555223548,-0.0008380124277973679,0.002488951319980998,-0.00545560157511515,-0.06577293452686082,0.0024081402822740358,-0.2044853337884073,0.0022362024196722194,-0.1382579474058553,0.009475103408307532,-0.0025712180480450793
04013109801,-0.0020371343529122492,-0.0093971764032777,0.05875617880881777,0.0036629109113526055,-0.0012130662858234537,0.003758444555432599,0.0035130768297083983,-0.029032294673167994,0.06436510029946885,0.0020613391006053636,-0.010542707715741641,0.007345262954229208,0.002380426648142969,-0.0052977421268319376,0.0018772464884774839,-0.002416626453497993,-0.003362562514981562,-0.0003189679719958855,-0.003634383761005397,-0.018752787769924825,-0.006746666122391365,-0.004688273185608503,0.006157922015121409,-0.0018762558863633216,0.1329545620278665,-0.005353582399543734,0.005313106563294847,-0.002009634025841033,-0.00417839338826652,-0.010941205935390216,0.0032594450629029378,0.0017004811531031625,0.003865569474774037,0.00963610601987681,0.0012033645160026004,0.005726636417038613,-0.0029371772713467177,0.004331440548356461,0.0011646562120489663,-0.0090946787128556,0.0006947478441800192,-0.005091354222639436,0.0024251511068650597,-0.02184926129508224,-0.02619885764241923,0.009912821736368245,0.0013311551140815477,0.005257414865588788,-0.012455399434536423,0.04417481270498851,0.011926663609718289,-0.002973984263209378,-0.0014622970405096028,0.004356593487841346,0.0018063511168634754,-0.0023005286426828584,-0.004203247299182479,-0.07299891988296338,0.001389017269838372,-0.1989940658457076,0.00694323270483681,-0.17149527220291733,0.0037226051241738096,0.003817533348985119
04013109704,-0.003958395556070261,-0.00781835785346639,0.07873344290816944,-0.0004637562890935765,-0.01259131162283699,0.0015681884921595276,0.0013032844363775027,-0.031188119175514475,0.053125816254438143,0.000735664464887199,-0.00683745249688829,0.0022251858536455798,0.018583317666344426,0.0003307887119523681,0.0004115815209313307,-0.004442883550811125,-0.007251954339593648,0.001115106569302455,-0.027943535644402773,-0.014340979014739493,-0.0068083512833183955,-0.03346247460084648,0.004171269976625295,-0.0077109475071095186,0.18179316616355518,-0.007065427232593504,0.0053956908846836925,-0.001900243023416319,-0.004032081601363624,0.09528115452686708,0.041802861037464376,-0.0014674528642464719,0.0028418198874852266,-0.0357078795370914,0.0005794389638381515,-0.002873740572359485,-0.0015179779674203424,0.005762131307547158,0.0008300212718132989,-0.007582027825801161,0.008038517514392489,-0.002078264298475403,-0.006052551048541938,-0.007952679285583967,-0.019796945831661507,0.0101430623550915,0.00654644041138956,0.014423952333657042,0.03324497823745135,0.03256458766775774,0.011343788383645125,-0.0008884632596443616,-0.0015840333896348787,0.00041905859166746376,-0.0007918627306628858,0.001255814506750702,-0.0050423362223883175,-0.05790980170628559,0.002871759053521729,-0.2374365610490208,0.0054870381941627775,-0.14098978922251879,0.01024033353735718,0.00417137315136824
04013109705,-0.00141619653228086,-0.008053229044393165,0.06169946261957469,-0.004209168389922629,-0.010710754456788752,-0.00019604888391550954,9.006762590793548e-05,-0.03393824903836485,0.03768290239687405,0.0024623609208034945,-0.005545518068088438,0.007854361336831754,0.02110628450101129,0.0006602884726731631,0.006617941390637596,-0.0012983240536271754,-0.006496090712495988,0.0025348997907942115,-0.014670873605041435,-0.014765467218779221,-0.005735642824958293,-0.03027211953556699,0.005044455365660543,-0.0026959011966288973,0.15648948966230594,-0.0063618815243043254,0.006947580648447251,-0.0011914070656310783,-0.004638737264404216,0.0861980200385754,0.006749355479408553,-0.00227845814750104,0.004067019328426616,-0.028680329813806037,0.0001288016185841239,0.0012441630231334985,-0.0013493693272065765,0.006290095809907031,0.0008956406842559549,-0.007391642916318991,0.011560692673482618,0.00016666501324936523,-0.0007422548902283257,-0.000990043765356345,-0.018836398829255144,0.01344609674063651,0.00687192501881684,0.016359056058066753,0.037408728105786215,0.044979852726720164,0.012644745934031016,-0.00217844765292284,-0.0012779742349228538,0.0031911369682958747,-0.0024423085352481377,0.0002070139823788129,-0.005075348046813485,-0.06877011087939064,-0.0007007362601779486,-0.18074898622816576,0.002103982189167108,-0.1354200300252459,0.0044546431161546,0.0009624461317749675
04013109900,-0.0003197286409697658,-0.011091621517171798,0.003464969066346328,0.008479633146596801,0.005994745337949083,0.009569431452924678,0.018284329148848637,-0.02447391493058642,0.03563175304919189,0.0008150467521754303,-0.010745644757192651,0.004784355411015785,0.01004239146256542,-0.005478307391385302,-0.0031084015343512713,-0.002497955828614161,-0.00358017991634393,0.004751162318348373,0.005119349153352636,-0.013613208965459546,0.004779328900347869,-0.002976007937011294,0.005340036424804676,-0.003972902485082468,0.08955355913469512,0.009998903766860192,0.011793264721348473,-0.005037453523446927,0.002768648991005419,0.0857300544867021,0.004924606492486674,9.141705018166822e-06,0.0070698512126252,0.04629643081535227,0.0007222523612686242,0.0048629784455772,-0.0014662292967530012,0.0017031895915354464,0.0026571318983125303,-0.006297761136879389,0.008325480347046414,-0.003983266711977244,0.015081670105326702,-0.025005626788908775,-0.015305730770818446,0.006591059441931686,0.003286218470957323,0.01654895730430773,-0.00105039381186361,0.04590824862309105,0.0072183848175821925,-0.0017215957973621464,0.007265476238454207,-0.0009214802929120331,0.00564313092507036,-0.001878921197356864,0.002205879561215188,-0.0889987844409609,-0.0016429076146510851,-0.1985982117746626,0.0037688176657357953,-0.1583108712071894,0.005751941204177322,0.0025423811176911253
04013106801,-0.004965725417799501,0.038437965226562766,0.03521857368043327,0.008592634830571771,0.005710637864070703,0.0016542379459615138,-0.007563611108146626,-0.03940417613691622,0.012939228700541146,-0.0005242034199397784,0.004847779131077128,0.00550170001424433,0.007053396466951939,0.005167545809999646,-0.003962744698593587,0.0028591209531842274,-0.0075075712270888635,0.0014246845806826188,0.03512939876975498,-0.009876393997106936,0.0037796445425775952,-0.027521511785654693,-0.001537511438574491,-0.010149599641854669,-0.1330182326875036,0.0060865238506151425,0.0034294985969212256,-0.0019561626430736508,-0.005413821242671509,0.07971483006078917,0.003231303730089231,0.0012190654990595854,-0.0009147854060696038,-0.05743410570634475,0.001625213308378909,0.0028920330509071743,-0.0024087000861311796,0.0072278222278210095,0.004149204049071865,0.006914996021218717,0.01732849831233381,-0.0015415311996447845,0.004564282243612532,0.01430438861096212,-0.016790890288145045,-0.007220254268423765,0.00782732612099963,0.1199887280457454,0.021562120426822495,0.04262392503164729,-0.009609214618359653,-0.005644706143617017,-0.0004527768749261853,0.010050891746505435,-0.004914539972741112,-0.0013224506534369517,-0.000348901117339842,-0.029896397320675224,0.0023294422642353993,-0.219502385758295,0.00010158598604217494,0.17059034965138148,0.007375556208320134,0.00565450832758808
04013109101,-0.004819823709773027,-0.019655399933111953,-0.07488179812705441,0.0015009778469357868,0.0015024911455365777,-0.00024958198187399294,-0.00942826775169739,-0.03450266957540051,0.026506788649069347,-0.0019169897354043995,0.008559716966723228,0.007616653376919929,-0.008098040741584107,-0.0034293103161265335,-0.0053809241214219684,-0.002928774398191122,-0.012591538098970104,-0.00402986301406848,-0.04811415348164646,0.01902444525704072,-0.013343787511551308,0.033602989159257704,-0.009000857468979164,-0.01006104967087355,0.10020085319092023,-0.007088957540466365,0.004706520491805416,-0.007237693225521612,-0.012557345619002855,0.0170578475276842,-0.012090744760620754,0.0036611321713649774,-0.02742633224970321,0.03828698725555066,-0.00039092676056437487,-0.005105830425724738,-0.0022822265271794885,0.0011225124487211507,-0.007497540114274302,0.015910216010038777,-0.0027656997354035605,-0.00383553012928167,0.014658670704865484,0.01290293233253758,-0.035438959216164634,-0.013381419626628015,-0.010585598985108208,0.051820630433042136,0.009114892200304356,0.027457056094093407,0.005853752849736105,-0.00042162426810293574,-0.007007867287008988,-0.00803629051049686,-0.0018269551270298364,-0.0027918305713293986,-0.005707572910306714,-0.0611887262775005,-0.0011469024120071452,0.07802842313694139,-0.002012989335502422,-0.1781601665467828,0.0022991756536454916,-0.00022410558165193088
04013106001,0.005796211756883555,0.05620581008194362,0.04557522754148205,-0.001520133193975142,0.004728264979838757,0.0030235477248083103,-0.0015190546672858782,-0.03293858957294571,0.026448341102225808,0.00960798140797697,0.05489810442607043,0.0034333281282022433,0.0007553080598103946,0.005903486073292478,0.0016062649177406925,-0.0013690089203830015,-0.0005410987419610043,0.0016088622885194808,-0.0007766048195155056,-0.01256553113314956,0.000382976417009512,-0.03521274711381619,0.0029953670609801837,-0.005948674390159526,-0.12337641940905777,0.007067795250426342,0.015417737910948501,-0.004826904258025472,-0.008307808935160393,0.08809962338431748,0.007358824894961124,-0.0024696006647102068,0.012794128143921711,0.08213045898050073,0.002940827776315139,0.004020598393848935,-0.004942565377760112,0.010372173490412357,0.003990910613357989,-0.005137057329256275,0.026383833610397436,0.0009552053066395778,0.0008918128009210999,0.04987233195029348,-0.015068643182683762,0.007953393059054195,0.004129297438596631,0.1591957951553766,0.07262657999664944,0.038735573143140585,-0.03812899700619536,-8.531696473315224e-07,0.003148888675964781,0.012440596203143224,0.0027972729984685686,-0.00010494969712774387,0.006027866595852479,-0.033457041837227836,0.001938491862083527,-0.14202176029899993,0.007212358820685611,-0.12715462072165384,-0.00013021869577525203,0.005865932594044485
04013616500,-0.009042602984379276,-0.01545877801908189,-0.09167827708643253,0.0026668252156772723,-0.0008214352407652568,1.8472796648332282e-05,-0.01822508087551797,-0.03624478322928622,0.0009744713107222871,0.003263382654528235,-0.021608175062990696,0.0017452691495617105,-0.005505764527928225,-0.011033117971435576,-0.00410874460616092,-0.002529436008121,-0.005518741998094808,-0.004592223899949174,-0.009197272590010231,-0.030755319354089348,0.002218890397272846,-0.010267439966595066,-0.0011331485559383859,-0.02057484540868295,-0.1038280501997781,0.006788357230590499,0.0014488541241006703,-0.005564450488882767,-0.017550880431146148,-0.0010287938262906905,-0.00512960131378799,-0.0023093518908668003,3.726326477425022e-05,0.05226905190066447,-0.0003955151099083268,-0.0035453713017286554,-0.005122444006288001,-0.003944138558810242,-0.002873754226812284,-0.027336110008835665,-0.0050763194092783345,0.0007519978848587285,0.0057972259309034425,-0.03319520750646093,0.00587811769891756,-0.023453378153693253,-0.007873338768005283,-0.03076072893860048,-0.01208436564629252,0.027896313901638436,-0.006279870712154025,-0.003336399370553934,-0.0013584442566070356,-0.0023425384553733674,-0.0065651271584705705,-0.003749367010149213,-0.01683922230256527,-0.10631265888961695,-0.007567131428264599,-0.26640719851670874,0.0028068756249752976,-0.05563708116976137,0.0008742564958276784,-0.0037665140552342563
04013116730,0.005951292184694076,-0.008873755221831533,0.03847235640057045,0.009785600200677822,0.0013812916939798406,0.006391305199149584,-0.019820078602126843,0.06847252285874372,-0.07837667602187631,-0.02011098955798842,0.009695864084158444,-0.00890132241169891,0.02798708344868371,-0.0021357576823480932,0.0019571056026426534,-0.0018373654725706036,-0.006216378226063038,-0.0021831334975253294,0.03318514079651228,0.02888131148750895,-0.005925292448687732,-0.1343057722394045,-0.014730230176057795,-0.009729990405869271,0.020357925394380003,0.005221510401426799,-0.009131678718939589,-0.006820399049152624,-0.02996442364731461,-0.03010733051393952,-0.03731903464940862,-0.00499531413141026,-0.005127679546902827,0.051781454953025295,-0.0003003888444765739,-0.0011083098496487897,-0.001179311515175557,0.003534538930059415,-0.008784758841544785,0.0038031938280541234,-0.010653656364475104,0.00490786554228608,-0.02663328415507201,-0.016626773967080618,-0.03120947842785616,-0.011584753727865897,0.004110689822916978,-0.05462171780389346,0.0011954174088312656,0.00425941173186321,-0.0020538692784519918,-0.003515300151210103,-0.004308917612876428,0.0011973352645589241,-0.006868748813906326,-0.00010443549918488117,0.003645065124231747,-0.12453873336792028,-0.0070317871817868905,-0.2803671616389048,-0.0038032566996592685,-0.0050078031788344125,0.004853662282207753,-0.017770927018702056
04013116733,0.004278282006172635,-0.0023422772786472466,0.0608020095980223,0.010829457967266037,0.006975066268376869,0.019207132306837387,-0.00021391204536157053,0.09606433825658756,-0.03994367748285158,0.003921782640941111,0.051369015159111915,0.011808592094881332,0.03281632466474431,-0.001021317421549437,0.0023186705924489316,0.010856942157466062,0.0029924587583650855,-0.002527658265557026,0.06741139067586073,0.05682370649168686,0.004318368591229705,0.04016317237818307,-0.011030661040199714,-0.008463677327313771,0.20005071536153446,0.012592075329912134,-0.002677567653948472,0.005597123022604686,-0.012561226759112872,-0.010905216605959547,-0.02388162515891644,0.01728452297773114,0.003421903984238647,0.0933169258777571,0.005051229443131443,0.0027888605809059503,0.002538411782551484,0.010924254952241388,0.009645573285617418,-0.0029090208834562396,-0.06339951182615955,0.012349397676866476,0.00021839112166306443,0.006914964919577031,-0.017760574895850246,0.003547571235172056,0.030890430587288825,0.17228294742573635,0.007164865120338506,0.03724462866221902,0.013434398561405042,0.001550512527996635,-0.00299624557259457,0.008273323325063643,0.020482822643893863,0.0015640620702731497,0.013427694199936458,-0.08898728010548396,0.0048757285555042695,-0.20870509623825992,-0.004856583061288437,0.08198984003221786,0.014117831412958425,0.005810461873092026
04013616300,-0.009145291741079732,-0.007180833355908382,-0.013972631122418316,0.0015103388811066904,0.0014995888704298617,0.0006891414191506271,0.012239763396209464,0.002447085673659717,0.032757386157342465,-0.007087992632095488,-0.01399633475591086,-0.008100533562422465,-0.008587285291786444,0.030771313161488425,-0.001553659041052401,-0.00289779328105516,0.003993512666868205,-0.0033229323807124713,-0.04547444139045893,-0.015789681520976293,-0.007669097594936044,-0.011416824476214458,-0.011369313751058216,0.02004401351078089,-0.12969202049775452,0.004247955943148192,-0.013357870221039165,-0.0004577729719330738,-0.016294413915523595,-0.048553212709096225,-0.01776766983416886,-0.014295434263286593,0.002570728869792884,0.039489616538829084,0.0006090367445589531,-0.0011051405573712365,-0.0010414284265836615,0.0021029414983771383,-0.005841441724774328,0.024651744332823293,-0.009220764381366507,-0.001639353097339228,-0.0017647615705585846,-0.03918085198928131,-0.0014577510794405238,-0.002574804992878225,0.0070520043348751196,-0.0009540417123863103,-0.009857949421425665,0.009293959809900375,0.0024226034620724855,-0.012291906525546584,-0.007556398778278027,-0.0076599784123963155,-5.734339970268529e-05,-0.0030298310230682064,0.0048310814296292515,-0.17042860835079252,-0.002391499849655824,0.12120352529281676,-0.006946697359456879,0.022330695429879435,0.0018738956493223448,0.0006301710134355953
04013610600,0.010831061737744506,-0.005146654721946596,0.026430532835742756,0.012395272263155697,0.04154483069983123,0.012923442868347346,-0.0007369543908554091,0.06257829434202827,-0.05176563697110717,0.0021509952095487,-0.00519739161804713,-0.01400230681459534,-0.003170720845306947,-0.016517243164791258,-0.00010576994086155923,0.000902843655113175,0.01830255896119565,0.0030418088465313598,0.08119788263771839,-0.013920967558624518,0.0030505780188836845,-0.042150435101537084,0.0101038995245734,-0.01309317862316528,-0.11081212673376342,0.006268379138311119,4.0553282689367374e-05,0.0003808052567605052,-0.005345877583411095,-0.01783219937604857,-0.013456466889699818,-0.0002992297433716802,-0.0051435301531154165,0.01097243920044262,0.00027907203205347164,0.009708331460297448,-0.0007728078536481605,0.00962828276366409,0.002132095212097514,-0.002214640603202126,-0.021748073053198112,0.0031433209900762833,-0.01675305169340311,-0.012683528859633612,-0.02063880265261734,-0.010492834342213545,0.01975400723799971,-0.2587076368759542,-0.013594766166053672,-0.2792120455910822,0.021046042870709575,-0.0014344099020857438,-0.0010310216056053977,0.008956104145853893,0.004657945798416556,-0.001211440939213443,0.005348914980562006,-0.14694332583999964,0.007217007202466588,-0.35033054015159076,0.006917622180600848,-0.17034469866064195,-0.027451519165938756,0.004756616944416278
04013111900,-0.00018443854094065125,0.024667318324721167,-0.037284679050817435,0.002487813884368961,0.006180432427037612,0.0016636944862389472,0.008687136370610816,0.1459051649010389,0.0005958879493138434,0.004268739240874155,0.009534793015034472,-0.000389817451330528,0.001844223284440688,0.010657294820786879,0.027064035289070597,0.014587239285137386,0.09370530057357532,0.0012902357075411926,-0.028087821617660543,0.0183950361771946,0.000232616729419775,0.060557756689782784,0.004971241815743784,-0.003816198655862857,0.15413335879333898,0.007651961039021771,0.001000028782921242,0.0047723907979110285,0.005597617220196627,0.15002245063944894,0.14235638016659105,0.0020706973133193247,-0.005505670958743908,0.11290660067121973,0.0025620316898156037,0.020138493114597544,-0.00042931360263466045,0.007333394371850651,0.003897258261979127,0.001182955636441437,0.0008965852032211327,0.012537194403736346,-3.916235701263967e-05,0.015405754450860194,0.012246032604145154,-0.0009213466299061523,0.001311317793807616,0.060967312813760714,0.008463653369608408,0.02065875777651018,-0.008541545967779304,0.0035332407512640284,-0.002563560450806308,-0.001895879919007665,0.00796449846565112,-0.0004268863513477672,0.002979648138888616,0.4328780783290443,-0.0005990996094054225,1.398798882579557,-0.0027809248176024932,-0.08443904268235874,0.010870591397356227,0.0010716257246899282
04013617100,0.005368773053291484,-0.0046428462140121795,0.07755576169431724,0.00012131566579216092,0.01675615734030552,0.013110269629485975,-0.011665788845238575,0.014649004721995549,0.06692021688144097,0.006224021800974487,-0.005820348236666838,-0.013906107347804045,0.0007136651099279826,-0.009592218455830267,0.007826111289672701,0.0014537802719648163,0.015091138971967906,0.02282711435862914,-0.009630788271480846,-0.01438815907431451,-0.0025849633509109162,0.0029125346921152957,0.009733694158339027,-0.005929323367605003,0.06327281965203911,0.014997947993160706,-0.004987458437247222,-0.0028457360266045144,0.04683350670813081,-0.010036143007698454,-0.0004687188292124482,-2.721190547518516e-05,0.00039973021863412404,-0.04567582693881147,0.0035588347873895558,0.004907623678330073,0.0004449807377424389,-0.0038497654450084227,0.003378937389668046,-0.017016599440556307,-0.0005790112236779239,0.009761499814078221,0.003035283237232522,-0.007479072597400464,0.016724679129154152,0.014221302684162,0.005013426274442137,0.004475483415926425,0.04444185278414369,-0.11411831261654895,-0.006435552299265949,-0.0006389237379698511,-0.004807433356958093,0.0016034466174477198,0.0012679943565381913,0.00023351781538771956,0.006570418820869953,-0.09430837644126043,-0.001383528767594801,-0.22888006635468547,0.009438084906290745,-0.094673749912508,-0.010729868401028441,0.005159242972658499
04013614700,0.012862006530877107,-0.008906070248406743,0.02991325275413017,-0.011325429116404368,-0.0036210300951121694,-0.004904016660214277,-0.02549925960397116,-0.03827280025976381,-0.07134381936243875,-0.0180550396438341,0.008117657698890422,-0.003540178559159487,-0.007027741831556328,-0.01002766771985337,-0.002382527696414601,-0.004338527781432943,-0.015436912098858155,-0.0020299827710109825,0.05144512242698331,-0.020460405378269243,-0.005141236150051718,-0.11821059597249545,-0.02532717127049241,-0.019379342405682808,-0.20511812383031416,-0.0029600542154581385,0.0049204424816441505,-0.007307986085464673,-0.014382509795479408,-0.042125339137421974,-0.02690767503323318,0.000570055510368566,-0.00022610044832901263,-0.08238191663680461,-0.0051130726128123215,-0.005694905797073615,-0.0052224284279856195,-0.02236846585667405,-0.007964750821325845,-0.015527180349022339,-0.008363301273348686,-0.0014199904547912256,-0.006398889727612012,-0.018944853811606616,0.012237098369808979,-0.021062632368094154,-0.005433241799454306,-0.06745096814744196,-0.01490723217651213,0.0026388756680479374,0.006676501452531071,-0.006478827584705428,-0.005006216969538831,-0.00495501446120639,0.0007427293437355751,-0.0023464620218043705,0.00711171807194249,-0.10397817882588087,-0.000781949049231213,-0.3063662247840546,-0.0024323617258653276,0.029539541690536884,0.003358400549087602,0.005471003239718243
04013614800,-0.009714874677401513,-0.010821016937508742,-0.011645747752349644,-0.021507447992410833,0.002731459453462215,-0.0018084786699627594,-0.011859151963797688,-0.04313329682841978,0.012806939802564121,-0.006246709946340627,-0.021028322777507467,0.0025977799406488407,-0.007537056083526288,-0.012548337014391538,-0.007409338538797497,-0.010378812358780003,-0.009222262641671988,-0.006416096373706443,-0.04029949476143841,-0.027597078067114807,-0.0001098029936857311,-0.08176675391545596,0.0024392199957139864,-0.018219147358981592,-0.228866276878421,-0.0018189134242248507,0.000536452330330617,-0.008135916303082694,-0.003080536108316603,-0.041789243726428234,-0.006883610918068251,-0.0015460650492859793,-0.005067628257565967,-0.04830866829924531,0.00027632895070704315,-0.007881286087273912,-0.005667226099579455,-0.00028382009079547964,-0.004010327048504887,-0.026968882066834298,-0.005323661884142517,-0.00252172698367939,0.0032164540907618656,-0.029802616836242284,-0.009562271054472559,-0.024653950616258146,-0.005652321021930429,-0.0330610688746394,-0.02148361769738094,0.0038996015854038477,0.003764863590597738,-0.003461561579958006,-0.002926318659169817,-0.007182386510653119,-0.004866896377913455,-0.0025052038510458116,-0.019209573525433045,-0.10676779720003252,-0.011797041064802158,-0.27952043424862577,0.00010652466155681994,-0.08665962908710222,0.0008862565472451737,-0.0043148746048521786
04013104501,-0.00436333949855819,-0.0026345917378140567,0.028714287206714702,0.008667933982552238,0.009577458348324564,0.0017540270701166807,-0.010353471487838014,-0.03437696977056831,0.016262981179116114,0.0007355493960856172,0.020134415170007323,0.005612208925433128,-0.0006177369149942079,0.005471927415002126,-0.0041302913224281175,-0.0024827240518588266,0.005858039562157533,-0.009920610959923878,0.023471203268588307,-0.012221022722748113,-0.0028301737509822517,-0.04935997801124301,0.0003886530156826288,-0.0086090159986434,0.020269212899403175,0.004802931086547001,-0.00951130583944812,0.012361584925985403,-0.01230467811448723,-0.011421315189775124,-0.006200860671162794,0.0026699877206303626,0.001536496980922765,-0.03439168120803161,0.0015742692018591736,0.005361378967410178,0.010254022339557408,0.006614636633829231,0.002476576766848731,-0.006582349874575805,0.009792952788835668,-0.002503900909171134,0.00831806959189234,0.012254812262181405,-0.017709384824694956,-0.003609789093712848,0.007294107371614663,0.08135624240397836,-0.004716384843920797,0.04983139043371855,0.010533550549511227,0.0007842078999897299,0.0030888713233297098,0.002960535169902155,-0.0017674324347246827,0.0017496310528316147,-0.0017679615432581498,-0.0776406279091454,0.007634321039526573,-0.20950516223621102,0.001987253294141135,0.004362737579134887,0.007120087329870746,0.00013653966403058613
04013104502,-4.9848051815449366e-05,-0.010168621585524016,0.012924738423096629,0.005084911055609788,-0.003987583608522458,-0.0016311868255219578,-0.01133527970694143,-0.02905929510951874,-0.030699905465174503,0.006779746651168265,-0.01161660322577557,0.008561461931935088,-0.006548575790888903,0.001775298763220447,9.144780780155761e-05,-0.003254246478246042,-0.0023338568437507954,-0.009443911525823724,-0.030048237921214343,0.019153424635635647,-0.002646905437155876,-0.052657753214511376,0.0010564357452465054,-0.014931327400836032,0.04954171392575718,-0.005452092774505001,-0.006119143880443113,-0.0012046801995246347,-0.014149252116828234,-0.015512599352269656,-0.009230751125995206,-0.00614782992776969,-0.005153086265659682,-0.04551845175297722,0.0007100604193651061,-0.0014037948807214256,0.005685640964639597,0.007686853323265576,0.0013188176227004482,-0.007954848263771972,0.0018930845645211969,-0.004753972935981187,0.010605627616148309,0.054797291335314635,-0.019537746094971244,0.0020694968984439036,-0.0020344625787045785,-0.005077045446939248,-0.01806301342236525,0.03836882528730481,0.010482044463713433,-0.0014918312934845228,0.0027387504197861636,-0.00027192061802626464,0.002997329579111701,-9.306635337773359e-05,-0.00278570149753446,-0.08666463034901223,0.00270942210076742,-0.23423862066458637,0.0010102525485898577,-0.16262793753391006,0.00545699200539823,-0.0002853027081336102
04013107900,-0.0016393502630188672,0.0009965461758441145,0.03963820541256062,0.014196774571050771,0.003513363611027844,0.004251277288858563,-0.004966817104222445,0.14144220503302518,0.010065848701054541,-0.0008160425046236703,-0.006054899182343095,0.01985475489559151,-0.0011774249337190039,-0.002450444134806031,0.015454623870504771,0.0017157041779543975,-0.01675302099956947,-0.00631320653400307,0.06090081377567667,0.041986230350023954,0.006562971504804704,0.07842796990753041,0.030618023695414887,-0.009264375227732533,0.14995190079198148,0.009781507177235558,-0.007403478191725789,0.0017990225515265217,0.00029134252387047694,0.01607505974953838,-0.03291021222373106,0.009555271224626318,0.004762546506029021,0.09125761702798967,0.0031496143868139227,-0.0020499576311147037,-0.0011209744860071933,0.008096886966794533,0.0032206750987608455,-0.011512499016711652,-0.00559353841631608,0.016972688963023792,0.004067990473228975,0.01861624983490526,-0.018549661148529406,0.006559334873491386,0.007890818604974714,0.06901358712202323,-0.0004871686921722376,0.024918264472768552,0.015969661849042076,0.011604787639699925,0.0033356159816108626,0.0018134071610961865,-0.00252139577025431,-0.002092765290329271,0.0008946748609391357,-0.08934862076393152,0.03660096019373878,0.6145517135035914,0.005798559098558095,0.3577287749423082,0.007113560578601202,0.002201132214568562
04013108000,0.00438827565538526,0.028899540479861274,-0.03649705204730422,0.0015717885257114325,0.006789738044337063,0.001522532630946722,-0.003191218944174481,0.17819104909403988,0.02455767063572295,0.005610631831041844,0.0020254083910263825,0.008192703420132473,0.0036898271655376367,0.020753597354141343,0.02476974408836698,0.015173176681040167,0.09456976440178093,-0.0007037172172043994,-0.014449043900175571,0.029320639032066446,-0.00402332069426915,0.05765107123805456,0.013323804079223638,-0.004075211062857095,0.14338912639102294,-0.002594667387928931,0.009653757903112294,0.003936183685905939,-0.007982084361393416,0.14134601201210026,0.17273121859968363,0.0025440946110924356,-0.003979155837080086,0.1183167188217094,0.003294532747103144,0.018018408309678536,0.0010500534182656203,0.011546933643247851,0.006813343916055559,0.01125929998947378,0.0008675422369379005,-0.006401541464138277,0.00481698346406372,0.033300768960014875,0.022939313338888503,0.00020415169076797447,-0.0006946870532456039,0.06072503248459479,0.013343030960028686,0.0187198677008564,0.0032598084583635714,0.005836646153930927,-0.0011871964180434885,-0.002043327777976654,0.016286950469775244,0.004064705445687771,0.0013741967958562965,0.4485877443796348,-0.006953555244769281,1.4776841954176025,-0.0025687214802145777,-0.07953500785320373,0.016508438972310482,-0.0022866920622573025
04013103205,-0.011906571739323912,0.02014661247991517,-0.043064903751869346,-0.005547245310742004,0.003462921967755818,0.00290435932047969,-0.00918437170284415,-0.033355086071845105,0.012590337761505916,-0.0009429424813241139,-0.009398776639625453,-0.05919310000566348,-0.006716892276090293,-0.005177094473628489,-0.0070894217858648596,0.003912727859966676,0.011310797058414158,-0.0020313154772253427,-0.01602435387477399,-0.0017150358532324866,-0.006380119946841595,0.04745411818647024,0.010262844509415229,-0.005051958766554479,0.02101675221561499,-0.0035557572787701533,0.011556564970092487,-0.009744610279401298,0.0005926860584849843,-0.014439975451029305,-0.039563267086074216,-0.00027938321597132835,-0.01804054633265545,0.034075790209800956,-0.0031703625044639298,-0.002041908099980867,-0.006911935596406955,-0.009065309590680843,-0.006286941364070938,0.01307713122330182,0.0015005036265318087,-0.00781789592437963,0.004263474396992776,-0.019511020697142466,0.004483998260578568,-0.00039392551904126667,-0.0034291736413078417,0.05513271360667631,-0.0005071328479475181,0.01997472511851959,0.0027409166459934553,-0.0020253435533383276,-0.011824088744208167,-0.0020178601683898383,-0.0030525863151082224,-0.0038183035538352696,0.0011712476186140752,0.20868597281703422,-0.029979086880202708,0.5640568001471835,0.0009790784703086115,-0.08064704152864495,-6.0463540896286664e-05,-0.0021679870255943627
04013103206,-0.006382694705007203,0.03063023618592863,-0.06594735326152416,-0.002978941444879548,0.0006607427623402612,0.0024999616616609155,-0.006346052459140753,-0.049617273070731945,-0.009211317011076508,0.0011941293417635503,-0.0077943238383272676,-0.04137782317786165,-0.006012091503234766,-0.008205333866093635,-0.0003696365906705784,-0.0035297600836160436,-0.013191352061588725,-0.003052608792110377,-0.05459670021497934,-0.02824109552579896,-0.0020007847807563396,0.04023058727313616,0.008866398638949866,-0.007167158547166893,0.021069711828640224,-0.006576739759608074,0.005502176461142627,-0.008298380401987918,0.011515226005823822,-0.06464639628929399,-0.046947247910418155,0.0002669700834207955,0.004763563897624275,0.02086301448140862,-0.0007915597944411963,0.000828400282748557,-0.0018950895465056467,-0.006859688311012385,0.000855653380837622,0.0056171643349420325,-0.002180906578407628,-0.00517240216928743,0.01126480057107708,-0.05433054409581971,-9.412734191754147e-05,0.008504228753307577,-0.004265771984771072,-0.006104858311094266,-0.007682342384604043,-0.006340568423196335,0.004691896061401834,-0.003820951620398692,0.001880722279925234,-0.004243072729892409,0.0003591311302986522,0.00019119127907741066,0.003273630175345931,-0.08882544693609634,-0.002404947834942339,0.5472049769716136,0.0016306591708220677,-0.13562589840997422,-0.0018939860688642497,-0.0010869751408046136
04013082010,0.0006119733036820831,-0.007454314618620872,0.04913590067634629,0.018130367950578676,-3.10050562416892e-05,0.00789984723116742,0.012268174582168036,-0.03201338697425781,0.037040221955029054,0.005818734832781283,-0.004321575624847864,0.008567223599659638,-0.0008819580173342551,-0.00480546849385462,0.007149568379727996,0.007331907324532989,-0.0013481543869837912,0.002254772489114423,-0.015972059249457417,-0.012202301135971337,-0.002145610596951825,-0.04379663535466911,0.006036859289152902,-0.001652627742224905,0.08172686356784961,-0.0023073469706730984,-0.006459840149677491,-0.0022357280751441216,-0.012958700978264978,-0.024359114318246826,-0.002014587786061349,0.004800426395055316,0.01091956514884982,-0.022106088690952964,0.003030664019429855,0.0005111461272142806,-0.003638057624588169,0.0088058147430538,0.002556617338196248,0.022851088430212392,0.010857567685979477,0.00988710206864247,0.008456876016101896,-0.015117144903813827,-0.014110867007945371,0.02495255166685429,0.007072067447846429,0.00849950185790419,-0.008095489677434821,0.04733123540295416,0.01697179104969274,-0.0009865280704453839,0.000584430573413298,0.0062145149379870855,0.0020053414582034772,-0.0008691222386619654,0.0036568354694676303,-0.0638165456824219,-0.003226037887524208,-0.18232720717774542,0.007919627470878576,-0.13626487240612126,0.007630387774316715,-0.0018028365987725634
04013103207,0.005341999803414023,-0.011134467082989903,-0.060281927512321386,-0.0038856269407806115,-0.00916877137139685,0.0037698065407050425,-0.0011273560773672267,-0.053196124347738835,0.003474802785188634,0.0008388802177211058,-0.01307366531324294,0.0037786357027284165,0.0013662118643724998,-0.008745608255325013,-0.003920352568572972,-0.00252707846117649,-0.016449579918597867,-0.0004540091627427831,-0.06248416289473521,-0.02741248232581979,0.001883012738761138,0.0539623102488979,-0.0013985689780794078,-0.002707864266750755,-0.02538086140659294,-0.008019261794595198,0.003663755976076612,-0.0019216687662646425,0.02546535209372123,-0.06440692911946844,-0.035147778575825905,-0.0013440028791974106,0.0032789651356384454,-0.094726344489905,-0.0014682053707036986,0.003258208149294765,-0.0032399008519175794,0.0011904436381988974,-0.0044523021176412535,0.005585061147620008,-0.003017677396909921,0.007354892156538853,-0.00634084288707672,-0.044542718629415466,0.00572561459462678,0.006395921287793718,-0.0005348852915772932,-0.005121698390895493,-0.005207595295200537,-0.012407211212443465,0.0069433489551372855,-0.002816490488430267,-0.002510359446534101,-0.0034783698832406332,0.00019825031245750084,-0.003979898103220352,0.004913484235817223,0.21126361790765064,-0.00047364024846113464,0.44999493018448994,-8.864432252171668e-05,-0.12706808858696722,-0.005925035435760217,-0.0034113975321120736
04013103208,-0.005847517809213163,0.02467397003421037,-0.044467678696354394,4.522396949786089e-06,0.002751295179061878,0.003104956513029748,0.0011233326478752863,-0.00048618230314637567,0.010941599924205573,0.0029231561812743958,-0.00781146164725153,0.015082080648521472,0.000361301209355821,-0.003846506276882929,-0.0036867651692146924,0.0037315383483106754,-0.01522586961734737,-0.0007533576219804288,-0.007136675822760511,-0.013709108317865952,0.008733571551586087,0.06473924243955594,0.00855354314237431,-0.004404560255567051,0.04354666034842955,0.013025277556773709,0.012503135779890004,-0.005675229890982883,0.02073553028440546,0.04163869016800025,-0.031958851816668875,0.001697308384315483,0.0020440139324916767,0.07801832581163522,0.0018129420766664214,0.001715521184598055,0.003045523231202354,0.0035851207016993187,-0.001547086140282577,0.015599433458107603,-0.0021905235659603933,0.010535136784048629,0.004971175641925854,0.01341699191960137,0.009637826651111053,0.005368496391461409,-0.0023630203207586097,0.037511994231573274,-0.0036046899173122027,0.024108764146482078,0.003932509596672337,0.0011538275560253482,-0.003809951767735903,5.205734094524342e-05,-0.004497013891569924,-0.0022747982241993225,0.004137930277115956,0.30906647037210166,-0.0019212995504633216,0.6680811581548065,-0.0024269757648773043,-0.08147529427465604,0.0005074148433341156,-0.0018893415304941422
04013103209,-0.005039096920337286,-0.009785230004412733,-0.04117517524193621,-0.0018721202053065588,0.0024268796608618174,0.002744815906065312,-0.00479399302681486,0.15049589311107361,0.024423828040844194,0.004924974510684935,-0.00219946737802649,0.016714113060401114,0.0022840295184086683,0.0039126457055695275,-0.00019324428492234472,0.010352333573051275,0.027293879887636832,0.00011994634008388126,-0.027774462167768833,-0.015790796674925976,0.007250167736836059,0.07802825739315908,0.012414415882254833,-0.006706811108571771,0.04127703845297381,0.00876856677629185,0.013385235488305029,-0.0032212030395305166,0.020432596448466962,-0.019310414289980718,-0.03160033728528737,0.005447273599919057,-0.012670798738254113,0.05807061595380121,-0.00027422568288332336,0.008565820316818937,0.0038190263651596756,0.005843219609719475,0.0007540506448525495,0.011489673071396088,-0.0010454616243525251,-0.0035163760215038567,0.0048316595129501965,-0.00011817452150330332,0.029078487571210808,0.006900021859339558,-0.0014945153291712923,0.04311205145462696,-0.0059964553415305,0.016741290910197847,0.005422623384650951,0.003927368759460644,-0.0027729498120908085,-0.0006070095891122725,-0.001066930315403097,-0.004602893926542887,0.0073348476415714455,0.2960057545912069,0.002300571922055158,0.6892036131862564,0.001648337739128341,-0.0707594399780822,0.006056656078131967,-0.0014309747271712223
04013116707,0.002397698037850972,-0.006457024504966182,0.07550560458227176,-0.0007192539328251122,0.0007406173584369241,0.005495823019781304,0.011974328063845909,0.00522142139453723,0.03010558590128537,0.004441721979796004,-0.0027953269930495734,0.00792330966915374,0.03543120984323604,0.0007574853964036361,0.004656914931458884,-0.004101966338798968,-0.004182688588033246,0.004421053856262883,-0.02752084489777211,0.05950301473765958,0.01651131264169802,-0.027558972887797958,0.0022711892120589328,-0.0075134096925545115,0.1715024869234442,0.0010123648296351709,0.005297477671723854,-0.002084477584284472,0.0033608651568902965,-0.03150553329886656,0.001798745089989801,-0.002928528525046036,-0.00046146651219195264,0.06000895199840711,-0.0048015063980067834,0.0007313884914198003,-0.003510802716120858,0.011739094850120585,0.005852969343523237,-0.008669308959205046,-0.0028004157089751213,0.013631941210463407,-0.0009547900127534035,0.042828554937671855,-0.007206528545580594,-0.007455718513163725,-0.005135305294278339,-0.0019424802843171901,-0.002291731273728834,0.02577216238592827,0.00928963822516097,0.0024679001246731467,-0.0029199088724935905,0.00024448708337851134,-0.002359423445375496,0.0025935818624189325,-0.011412302273620435,-0.006422132334886165,7.27468043942973e-05,-0.21770965500892236,-0.013987483854010921,-0.05194872715156509,0.004525038541413604,-0.0039825002487080575
04013116708,-0.007478205043572204,-0.006501906497850618,0.04702434606328289,0.004415664594444773,0.0034080957674323623,0.004444983344709751,-0.002133554140004014,0.11280727251885705,0.02607070917716821,0.008902319881414246,-0.0096553420746156,0.006464226178066982,0.0015866919918148402,-0.00368924665867806,0.0007039638701795818,-0.006166704097156094,-0.00925888959817587,0.005646592728859947,-0.021215625381394418,0.009688728770019665,-0.0034103072854828396,0.10250218497508083,0.0006221915019966509,0.07176235974718116,0.04988445695002198,0.005693499258750877,0.007217990323414671,-0.0031670909252198886,0.016598911601867262,0.04965484183376493,-0.0041889076891312065,0.0008530046160794461,-0.010469599635202859,0.07236020161093658,-0.001197815816647926,-0.002413471409743292,6.453090366024495e-05,-0.0020052488244690784,8.519240451816089e-06,-0.01930867592402905,0.0002177592797854238,0.02057260675819874,0.0016735052571890555,0.0003065852427025911,0.010375835796294024,-0.0037695713886697763,-0.0036985546956798962,0.05572540859550036,-0.005138196326251347,0.025248206742215562,0.006184737411036107,0.0004979311454919535,-0.003766724356307185,-0.001310315066740596,-0.001303530133381775,-0.006388125492090791,0.000832949550287505,0.3299553437817017,0.0010894624210788316,0.13100381472862202,0.004677602056218473,-0.05298341387152592,0.0051052358406410755,0.0023049881940606087
04013116709,0.009296662180850105,0.026819037193212752,0.0401304819789977,-0.0034977940578947327,0.0036341922329236123,-0.0038871459837296076,-0.0012413368972107788,-0.016810062082507418,0.018722114683870604,0.004061660207347562,-0.003859638654605423,0.0017921477097064852,-0.0014458293962147629,-0.0050924003347108514,-0.0007669124608920657,-0.0017212623261230319,-0.017532649289783472,0.00802538182632423,0.028398794961616236,0.03837427830583857,0.009677135422184473,0.08626723281460798,-0.004191969538408937,-0.0010638942159786648,0.06866200694417987,0.008425895680700974,0.008257095323664868,-0.003109929214839063,0.016582813643468527,0.0463103771844926,-0.0046374667445681595,0.002503527382473101,0.0028816544661091938,0.09061583826621727,-0.0011620311787781546,-0.0010191749164659009,-0.0031890810308646137,0.0049073513473543015,0.0022267611065727873,-0.01710277630440756,0.0014142795560583182,0.01509076199254015,0.0039078653755456605,0.023130934838242436,0.015551938943602102,-0.004593336566253323,9.71906195894838e-05,0.021998922947734884,-0.00653946021176243,0.025317255749852427,0.004353392823547886,-0.001324708548366694,-0.004070807243848261,0.0006489937602230713,-0.0023516470606104725,-0.004724925923341701,-0.005474834338253885,0.2692413562272795,-0.002691614271426905,0.14637342406681364,-0.003926032638760463,0.05300724687834895,0.003686104006622215,-0.0016965374704469424
04013116710,0.012451175902485838,-0.0009965151513912144,0.004761719580042303,-0.0029644178699367502,-0.004268691204425575,0.014316559284265725,0.013145102296536528,0.18088297001567158,0.021550006374592475,0.00529330455512586,0.0033800487137492312,0.0025416313141125952,0.024706496338836544,-0.001611417228117502,-0.004659350989568927,7.302446705566264e-05,-0.010732540876579738,0.0021046701269490597,-0.0244972701813912,0.060495873544747884,0.01896923491749136,0.09495838556238562,0.01021856918742024,-0.006753065450416499,0.08068886447148196,-0.002141665864920748,0.007691070501052788,0.0029445006458246473,0.02212748924946737,-0.0297037978744033,-0.006443596493046198,-0.0026272021691488815,0.006483041457929563,0.09799038150578925,0.003645869559556346,0.0020262689185550275,0.0026690824896656966,0.021762993814262624,-0.0025504590603191153,-0.017416706565559666,-0.0018562323160500242,0.015687717373815222,0.0009345678358272313,0.0002987971654314206,0.008742455283681309,0.011497251518661506,0.01743634174774075,0.015106725091351716,0.004241205983720464,0.015417738334004512,0.013053245672184535,0.003272910884243519,-0.0032800758385010597,0.004265875321436781,-0.0017740021622647398,-0.0029737470303264177,0.003520539318306101,0.21846315497238053,0.001882837538400001,0.27114073788675724,0.008462049940142779,0.07492696220089824,0.0035894451644448576,0.005787092990621347
04013116711,0.0006709825267770583,-0.00197401052909117,-0.03694923575865563,-0.002422050757871052,0.004261807672176636,0.0034419839008183913,0.007886353552391867,0.18370328880237582,0.02533941847211719,0.004706222065824256,-0.001866907988450764,0.015502428724437235,-0.0009720390986955196,0.009763115408479971,0.00033048374032820137,-0.0033962591945793353,0.023227934526155524,7.623836344144229e-05,-0.019103447276259483,-0.007542833874198028,0.001457647322130258,0.10293703740536944,0.011320842846095821,-0.0008006529114301646,0.008776280514358444,0.01404424462691293,0.013516853927943195,0.008024012264755825,0.020817971063437187,-0.005720926433340118,-0.026383206885598257,0.0026657270418902717,0.004407013367072182,0.06446905267692539,0.0020085308891869993,0.0020423825425569305,0.003886821699951491,0.009059972736549841,0.0025879366374546068,0.016149949763847146,0.0013182376919565182,0.005591090665426158,0.005198364071829954,-0.0312943540966403,0.05156354309257899,0.0063463081333413615,0.00395472496844968,0.06452942370289164,0.0026240230591923603,0.010300076284428012,0.009661239007802028,0.004117828576553528,-0.0029177435683116404,-0.006724282497862488,-0.0012030627020216838,-0.00026854628419876997,0.006754329351553609,0.28780238850489104,0.02104245488212419,0.6629879579307626,-0.0010335767282838712,0.020462265203466636,0.005569825175296968,0.0005715249296748226
04013106600,0.0006491522355663371,0.02909396507856915,-0.03194204029769147,-0.0033691848403066224,0.0017201147489649315,0.0009975253634639054,-0.003753998103449511,0.148170892819299,0.007916091159985449,0.0023170543004719735,0.008028923186809483,-0.016672295207230983,0.004334825903525827,-0.007340575241410905,-0.004997925245697986,0.00398015856904328,0.07407942032509898,0.0015788581944749045,0.03780773105539461,0.01126755793785898,-0.0015126444459746383,0.03135011401859753,0.01458622643459578,-0.0023555530999301824,0.1117872674862772,-0.0030803268573202413,0.00958455501414319,0.0010366297885669987,0.005346804288704446,0.05299192832282412,0.15212670556060612,0.005998873118705929,-0.0019597631744366502,0.10174705199826128,-0.002138899370760643,5.967772824334526e-05,-0.0022705059432245617,0.009211507962533097,0.0006683632933327409,0.015363681050948381,0.011609351702626213,-0.0022413100610222014,0.0016803634901942526,0.03251914049330986,0.01302184504184226,0.002152198684672977,-0.001661465262625761,0.055225133360238696,0.01316625833777551,0.02139196667616759,-0.01532955336927314,0.006009460146641866,0.007304532061265787,0.0006837651535227691,-0.006831704047255876,0.0009782561455493808,0.003173901580711086,0.42841631863711,-0.00600650030169648,1.340235617260446,-0.00016153123938655455,-0.030615135341501773,0.0028183410424822424,-0.0021732692738073516
04013108200,0.011403348431313439,0.035019853205947936,-0.03785716596472941,-0.004789561234827831,0.0028531146137791515,0.005754262285236811,-0.0017828824461086903,-0.031061215256892667,-0.02191089810479433,-0.0018057982437603673,0.014109726751154586,0.0055068756484170905,-0.0038840571622616444,0.0004742807746855811,-0.005171889270651403,0.008783645309457072,-0.020330943285997535,-0.000394838039787522,0.02877722362505837,0.0005003383552137938,-0.004311737012020939,-0.008632133032432744,0.004390689565857406,-0.004222524247213752,0.10103788292297851,-0.005083212419339775,0.010786370856186743,0.008021141054224397,0.0012671784651698715,0.05288576907218515,-0.036397507544812406,0.001266653783134061,-0.01636336197003773,0.06468886345486231,-0.0008961798764008887,-0.002116931599668945,1.97898450995327e-05,0.0005666220448693993,0.00024956564400601116,-0.003442394896578915,0.0082415803932296,-0.012260358310611744,0.0006810840719001293,0.04213888324253699,-0.018436694423385646,-0.0022857806343087334,0.0017408111660996808,0.058422897825954966,0.013088433839280818,0.022126852916680054,-0.01759722143308812,-0.007892199348420842,-0.004359039131526037,0.00015855878571008423,-0.002886570720939115,0.007005638539158507,-0.017107660853377407,0.308809626227447,-0.009546647089491947,0.7490174649710135,-0.003303522344578757,-0.0792197644947087,0.0003180266877149844,-0.000757866950262927
04013111000,0.01553309498951117,0.03665998207969341,-0.027048691461512318,-0.0019037907970514314,0.0037605326212920083,0.004499084276222943,-0.002781765612836368,-0.018299606000547034,-0.025549281108754717,0.003635289279727512,0.008425141370188243,0.007892957144956234,-4.718689869944556e-05,-0.0030875506366805573,-0.0035864648311148555,0.006557896499416789,-0.016816744862190855,0.00013240181790436902,0.037820967560413324,0.0035436899254572855,-0.0026781091220888383,-0.025020687758212555,0.007421935327364741,-0.004051144660640643,0.04890957438723299,-0.0033971836763824607,0.01476471469265084,0.010594269391241275,0.007198601269643445,0.07356130970022863,-0.029279437802713096,0.006112416306228054,-0.005151049958030164,0.09482309070434301,-0.00038978782048670766,0.002514728346320388,-0.003461287306668998,0.004808574994319123,-0.0007397975231764293,-0.005416483968381794,0.009715441943027675,-0.004946799220876163,0.002121556299075207,0.044219762975816826,0.0018965016902297441,0.0014266783014989664,0.0014461076726200654,0.07623769948326632,0.015214001508381278,0.025210184547759546,-0.017742540027542074,0.0039079958125412175,0.021645486463713993,0.011025330398604387,-0.00215430920736187,0.007762113085316628,0.0002526043967251412,0.26082208353680036,-0.0038338400927079353,0.9503030791374482,-0.0009850728787071268,-0.07687233750179565,-0.003673369539869521,-0.0016788054924693234
04013113602,-0.001822443026842286,-0.011897937364498734,-0.08579032912646418,-0.018750214894654543,0.003183205142182988,0.0012594783554220844,0.010224442853712427,-0.03559282907498383,0.016047084338702625,0.003500601056369868,-0.012821077066431964,0.0013267430267205455,-0.008464167858240794,-0.00973656146067562,0.0003112705036853268,-0.00028205717862884533,-0.005399077044620704,0.0009056678450718809,-0.028786490426251796,0.027636015278476693,-0.008598833250133052,-0.05589316738713291,0.007706002717222677,-0.006510165330900279,0.03650101646784017,-0.007530136039070134,-0.006260459327123872,-0.008560770891577156,-0.00785186668773696,-0.033171494184848126,-0.010003444101867867,0.0006051693110213255,-0.0019305174136429032,-0.0645260960099198,0.0008688113225322241,0.002709726806165737,-0.005043235190904448,0.005337434493770272,-0.002962614998275341,-0.011672666810483647,-0.002897145894873074,-0.0023112619046218356,-0.0003586003234976121,-0.02154245165221301,-0.020506654778980723,-0.00033674353682453857,-0.007855237313256876,0.06412661387474931,-0.011652783098363586,0.031046604713503494,0.007493234525635102,-0.0037916404776094418,-0.003498403949514849,0.0025309888326439326,-0.0030108754178632268,0.00027085158929204914,0.0004509044821924577,-0.08352026893585442,0.004631523484637303,-0.23143826492090042,0.0029547656047759184,-0.16504438000273441,0.0005721273921583575,0.0020315646141172068
04013113900,-0.0008901466274503263,-0.008699489838509713,0.029653722919647487,0.007415870531572207,-0.002516712288642478,0.0028070428351580166,-0.00707830490460912,-0.03218890619212656,-0.03669434573219795,-0.009739879545758827,0.023421566072758925,0.003784562374938702,-0.0020580570002535336,-0.010171683006887295,-0.0026212607918062393,0.0014701153684267513,-0.0028740489239228568,-0.0015442928818229567,0.03703088986472362,-0.012235169645368651,-0.002592920740341358,-0.08686209194608915,-0.015094834277928642,-0.005532520561745201,-0.1650181170082821,0.00036342057110991857,0.010118078709754721,-0.0060665514678677765,-0.011819389223060564,-0.03803464873551103,-0.014021119206780158,-0.0026602030422460832,0.0007845501479756936,-0.0709012638917268,-0.00105019380870713,-0.006715422590986684,-0.0027264111768085363,0.0014623278412843502,0.000501481066039304,0.012891604180719015,0.010194351463466934,0.0010515082675592376,0.007357097262220558,-0.0206959941167574,0.009243747172192285,-0.00847245723603009,-0.007042943992864164,0.11301313233929333,-0.0122477686192638,0.030968135035392134,0.007906160557041204,-0.0007130460372904769,-0.0018284340167532772,-0.0006103575756233685,0.0035000063681424826,-0.0034573400098215222,0.010789455188549086,-0.08778951168146669,0.004932162672799252,-0.2636300807396136,0.0022365020401955635,0.053790873257247684,0.0027643236070812494,0.008646541651717968
04013114000,-0.0020076769641986757,-0.0045704954615260855,0.02598158617878734,0.0071411329072265444,0.0014733200728420499,-1.8189961107907343e-05,-0.008188368629156189,-0.037472532362851634,0.0038553516901609275,-0.012184490707032657,0.0058577410127414195,0.0069933355836888965,0.0011258975390987726,-0.006956853371069106,0.004232439990835527,-0.0002759563428751678,-8.218509749294984e-05,-0.0020405407741776287,0.04700464106684773,0.0008353442461223202,-0.005498254479971129,-0.11035832284082885,-0.037884025406066786,-0.015537965261295058,-0.12724042938152347,0.0037103707399956383,-0.00897002667410207,-0.0022849304630131796,-0.006361091711069269,-0.02646580227465169,-0.018491040530406205,-0.004413456317200575,-0.005639814712891031,-0.10557043458325646,0.002378366800078561,-0.002348872020164721,0.0030227229232751966,0.010985867234075453,-0.011021953195895537,0.012753857961404914,0.004697505720100561,-0.0026107489768065037,0.004385920494323355,-0.018970499498810675,-0.006576920009295212,-0.006173892132160769,0.0033528810070424238,0.09137368472419563,-0.008014919380587453,0.03914346796896657,0.004787869901424513,-0.004288425653507829,-0.003966192496904798,-0.0051344778792573,-0.00869314844029154,-0.00532490043281182,-0.0008784338380899998,-0.06640586992171987,0.0008296399937360998,-0.21930693995193337,-0.0028716338769101683,0.3540655123088354,0.004659437361161482,0.0047918882045068535
04013114100,-0.00018548489667785938,-0.004965712590247223,0.044013101363502595,0.008395216671230669,0.00016481070643441955,-0.00048142776573189736,0.023851888282114143,-0.016895683128798553,0.013919595566728983,-0.00663437115159094,0.005255106668036948,0.005033736760113316,0.00774096485847572,-0.001718163699580906,0.0008949437610058311,0.005908151734026993,-0.015030116024035168,0.004148890018349892,0.051124747790361365,0.030423880813383354,0.011147513704642445,0.15665352032547808,-0.03241146786754735,-0.006264437393191337,0.093117674392806,0.008732584850399822,0.010840620540685904,0.007721535009157338,0.011335313897543161,0.039853996808298923,-0.020485697654539572,0.0001562765933465613,-0.0031623853803042635,0.09848668858605268,0.00455210299800432,0.004186906727078578,0.002444816120837096,0.01858301586244833,0.0018883857588339547,0.018530560842380937,0.006964012661614381,0.01752963247754141,0.0029787995084424425,-0.00030160886010150437,0.03394134935295695,0.009243260624412929,0.0027270432748215242,0.027061556289334262,-0.00389131869950479,0.03706609673924687,0.0005031067589221506,0.0002799840026599633,0.0013838039582738583,0.008922207323136581,0.013186334593030239,-0.001210626224192014,0.003157865029175283,0.18138981449304153,0.00043867252979928206,-0.18324396877267912,-0.004183415995079345,0.4076210125459185,0.003863756161150131,0.002206329759341795
04013114200,-0.00585223810843569,-0.00837674105064163,0.017526918348115806,-0.0016584602483281584,-0.010753989695023423,-0.0036428100530607986,-0.008469949534599605,-0.04359706335612858,0.0055151989255810266,-0.00899821427562242,0.01602410746210424,0.00177193454188313,-0.00429966701748928,-0.011828197987874973,-0.006303336371495643,0.003992755839025409,0.00014688467697919708,-0.003000358818088727,0.019653106107936864,-0.003195347107502779,-0.004856827926512615,-0.10002737402246768,-0.017105430932424184,-0.021207949657585264,-0.1706136718077288,-0.0015580007533275784,-0.008240340140490701,-0.01123978635277166,-0.013588281333389988,-0.04926532902712188,-0.026880098741633073,-0.014528608704337415,-0.004400776389422841,-0.0827239781273137,0.0011841095954079524,-0.009379813211765552,0.003640425097775262,0.003418030761275236,0.0020082931304069595,0.011030238029489702,-0.0001338043368208368,-0.002115006979814298,0.000257124195112336,-0.018799176535321496,-0.02015306900770293,-0.005976131246878477,-0.010078896482542413,0.09161226693521027,-0.016889322802088665,0.031265194093743794,0.0046211060282463755,-0.004938866180295125,-0.0043928764719061465,-0.0057674358364094,-0.004392877039371552,-0.00424647373943964,0.0009462317039774113,-0.08111313404784884,-0.0012559168468133412,-0.2738957383967371,-0.007226355643575377,0.019450312839428947,0.0029208030048528816,-0.0024512144188124957
04013114302,-0.004199693678116385,-0.006834334954739502,-0.011463341265116373,0.008056063375175787,0.0023151738629433615,-0.003466667499219004,-0.005778011392047108,-0.03360491628175297,0.02682910307880764,0.0010279325843271364,0.01728290991974234,0.01196431764961598,-0.00026956906003543696,-0.010076348488382555,0.0002646494126329045,0.0014357287449663684,-3.585677083998195e-05,-0.0007847802532181661,-0.00393557152761449,0.004587467014204255,-0.007535731896783966,-0.06978107134642474,-0.0023064148680976516,-0.009062889073223331,-0.07383465902451124,0.010432413801455785,-0.012877153080302297,-0.007650678182740766,-0.008547108254823256,-0.035339311250568155,-0.013219617825494065,-0.0020670790772122716,0.004319713944780312,-0.06771254851947585,0.002321498884776747,-0.0029312005533525583,0.004118241149161907,0.006486700437392633,0.0007569279030903494,0.01457215147498271,0.010333664083392948,-0.00013477581475361303,0.002939131302105025,-0.01565999732047212,-0.025084750414300663,-0.006213200372870744,-5.70238269641004e-06,0.10861616994774698,-0.014183448670771912,0.0376541919693944,0.00705201049592471,0.0008349915053838674,-0.0037724059683358286,0.0010288500166499364,-0.00403045460121413,0.0007188862451558243,0.004834045016984393,-0.0778099270760806,0.0023781501131316567,-0.2207981055147037,-0.0036348573681398155,-0.00343342645804718,0.006320826611425176,0.0006904873882832493
04013618300,-0.001618103039570589,-0.01164869336528787,0.01195818870540115,-0.0037700024888980984,-0.019849100849441016,0.0012495638173134324,-0.01700467763167714,-0.04515657817108305,-0.06555313010162568,-0.006519629474973347,-0.022845616166293905,-0.002154571222589916,-0.007096477565708698,-0.0030975448056927615,-0.003136691957203945,-0.008362179932374064,-0.010354094166354012,-0.008775921359587718,-0.03851789096898158,-0.02898456227882106,-0.00697576738623615,-0.06444061041860578,0.003507056430549117,-0.014751815518981706,-0.1395540732487705,-0.014504483503732948,-0.01325293151662399,-0.009372591779625145,-0.020239086204382018,-0.01918879839537307,-0.010595037770938738,-0.00020640088742100043,0.012397984341121094,-0.04005240192800896,0.0024654899928550746,-0.001402790573639419,-0.0092508063663537,-0.000504530820900689,-0.011135700548652535,-0.022778252037155212,0.0057007230159776,-0.0054660196732280635,-0.01863787282183915,-0.01385574945968065,-0.025357921185555545,-0.031148809138521832,0.002552401150260401,-0.050816353256980425,-0.0180733769186482,-0.003595450490254982,-0.09036458482598372,-0.008403270793693438,-0.004803565295117054,-0.0024636074678765487,-0.00634944765384116,-0.0001935354790274571,-0.014055537994973957,-0.05323911623003205,-0.009383308738846602,-0.2973938277117119,0.0020601133155352612,-0.2519158167918297,-0.0025221219876047163,-0.005170712427187
04013116605,-0.007122856107624421,-0.003521621064667202,0.04774588732907549,-0.002165822331285345,0.004375874753017491,0.006588483762823411,0.014681233348370008,-0.002239829691487887,0.026033615342429737,0.008405049027450874,-0.002037049221668865,-0.0022422352701548212,-0.004819991247000872,0.01679782610666939,-0.0026533870475620937,0.001768424078865084,-0.0016149855949860836,0.002257411610576988,-0.007286272695086204,0.03652805943952063,-0.006098530378931705,0.11459001160858565,-0.007548957696298293,0.11845262369886549,-0.03410734301742057,0.0006958380615474265,-0.009385766125266318,0.0023943882281633176,-0.0055197578450089015,-0.02910557241997632,-0.009548144445461468,0.002361316799928473,0.006487618556101351,-0.047787147419538,0.0012265814881899585,0.000858009224599746,0.0020473496589806413,0.006684634340832821,-0.0028883703616482707,0.002799855100457683,-0.001182331609863732,-0.002084743533349875,-0.0026471482546529933,-0.009501623323947887,-0.0007456338164944806,0.0020799027718861785,0.012229854087147152,0.07168490326153214,-0.0010585103839558297,0.021241737369115537,0.0083350109694057,0.0007224027917400875,0.0013305132107627375,0.00893616342554503,-0.003911410008309266,0.00014312190800518546,0.006836626214111864,-0.07654370765819211,0.002658261091410762,0.16477937719772437,0.00550606941651922,0.060560336518874255,0.005745006520471072,0.0027738285962766334
04013116606,-0.005585189549246122,-0.0006390787473993352,0.06600858888059749,-0.0022871241773435107,0.007485802882336464,0.005458909983665651,0.033002151758755253,-0.006589494008728429,0.051099109427268675,0.006583183233711402,-0.003947553426959108,-0.006032985924664817,0.0023792971146924446,0.02252470603014768,-7.758655965364076e-05,5.792698663267295e-05,0.00031606480617851464,0.01951584473305612,-0.03699898271958929,0.03740674602829177,-0.004681630944284686,0.11412642400724814,-0.002023348556895833,0.0362688773515195,0.0005687737235246087,7.05445659557406e-05,0.011229248468128629,0.005694986603804509,0.001515313854032334,-0.018686965075770983,-0.014549332734828932,-0.0009059812125021083,0.006541145795926786,-0.04869859253271232,0.001722091296818145,0.00020864142105098758,-8.232505588619462e-05,0.009338952916718988,-0.002679211426523577,0.014488820954191762,-0.003053113411551962,0.012674715752658352,-0.004005509592975275,-0.012054822111911695,0.01586374953072903,-0.0027043275564378067,0.014690219925069586,0.017133520850339045,-0.00043917819327710046,0.01938795207121166,0.010156743879071907,-0.0014228820233172178,0.00030000744683123974,0.008466973738648529,0.007537183988908381,0.0006718202868856711,0.011130001232623749,-0.0907819512711864,0.0021150419905496968,0.14969950346369165,0.00594651749447404,0.017640343793019795,0.00712299301629557,0.00036585071193799627
04013613000,-0.00940518067418841,-0.00668639837501597,0.024106640498742025,-0.004065964517310064,-0.014270962899768248,0.006292885558267938,0.002384612078740457,-0.003978048823982225,-0.026301812386390143,0.001206660065717789,-0.017573311865874512,-0.03792097247686403,-0.004980948078551993,-0.022261454733074153,0.0002206427454003907,0.0008428612514628379,0.00271013084393324,-0.0031841529531684153,-0.023101819541792135,-0.024576082215862115,-8.420697804142515e-05,0.007067603744556444,0.0038268231196063904,-0.012594710051360732,-0.141675358931251,0.0002581839650542794,-0.0034195334584360224,-0.004491187126893283,0.01651712302860312,-0.014387328065191468,-0.01219980795865966,-0.005065070424336534,-0.004727318833683518,-0.05018802252305464,-0.004576321071795807,-0.004153735938594438,0.0006568050346840627,0.006011883802551258,-0.0016738084566745358,-0.021172390910643667,-0.05643372278434761,-0.0030574321150623994,-0.005719490054884477,-0.018353846504011135,0.02527609110446206,0.009643547347065384,0.014553863448565746,-0.52354575120283,-0.01297827721285256,-0.4446328146039373,-0.023975197018172564,-0.0019212106967334288,-0.0018231801061123843,0.001556574403052949,-0.0013610457338553018,-0.0020369750532813744,-0.018586749808886763,-0.14384986047159232,-0.006088979943129232,-0.3909710308559479,0.0002865714021290325,-0.20048963671672257,-0.05814181146317842,0.0015303454414360269
04013619100,-0.007978183055757064,0.029982990498724136,0.03848763820207691,-0.004642293237046381,0.004617401127118574,-0.0031542488011603188,-0.005768636295062724,-0.06378932324828192,0.009896641741482361,-0.00615458864004299,0.005560343278806781,0.002211242316621339,0.010565751703045079,0.005574529009175692,0.001666719429016326,0.0007472814451809583,-0.011875379263529792,0.001307876190422296,0.03707866081587576,-0.018668627109217257,0.0051399771111553146,0.09434592080273492,0.0008166627552285929,-0.008153431060597882,-0.11910242570990295,0.0056569087860107595,0.004862940523409595,0.011095152301169996,0.014314547812089956,0.034441809906842,-0.0031520604286189987,-0.0028622815995510992,-0.0016605424930332673,-0.09585107680792888,-0.0022248548835275194,-0.003703341656794667,0.0031857426214108916,-0.007494609039859246,-0.0010368462131320184,-0.007309531013089382,0.009537438422738409,-0.00524079091392867,0.005115439218677746,0.02843497874611986,0.012949659363390532,-0.006077152321635486,0.0032515640895985744,0.10563314590263198,-0.009772213174114773,0.040215155359632514,-0.01899848729595431,0.0026353518980278276,-0.004454317626135547,-0.001440401819116104,0.0026835179081521996,-0.005686331120291264,0.0010693214095123724,0.236214139325973,0.001097286562024776,-0.23956823348988213,-0.00041693231733380025,0.09073021849811846,0.0024212784641757697,0.005592901859184841
04013611300,-0.00844244071031587,-0.0058813385949495235,0.02156662948577422,5.703656031328801e-05,-0.009005223277043048,-0.010758005182572103,-0.011016643812830853,0.04213932634408387,-0.07476760841517649,-0.009231789006107171,0.007909644630319507,-0.03738558334540288,0.007031312365123487,-0.024976910694573848,-0.0052061044572016225,0.0040459859124418,0.0009222531134514052,0.0007633964857636406,0.022790684021842898,-0.029335127035375632,-0.0065540625419902515,-0.0422943081225351,-0.02178335095395227,-0.01501060115847105,-0.17403915207101187,0.0023709272003494047,0.001029028476797488,0.0017523500834762875,-0.014121385232719419,-0.02834403835153998,-0.031451101141575136,-0.0014123047479703882,-0.011451073562089381,-0.05750981632206763,-0.0032035916005519333,-0.011349205087903127,-0.0025879770757989383,-0.010161232023142846,-0.013372698917889149,-0.018199835403414914,-0.05256715804708443,0.0007689340740943291,-0.025324918429778527,-0.01786856094789549,-0.01913872220271691,-0.009307437739802991,-0.003245571510909331,-0.645339111160867,-0.01671926145166011,-0.4376672009092493,-0.02033072873616354,-0.004100368962565591,-0.008599901657555033,-0.005432889373364598,-0.0007720634338327938,-0.001734736753139778,-0.027160509043411087,-0.17713418182487728,-0.0069592864428778935,-0.4636154321438793,-0.005939704471993223,-0.2123556209471017,-0.059141822231608916,-0.008265601063890536
04013117300,0.015879191232799003,-0.001951463109446084,0.03719895641907898,0.01836949525828277,0.011858142029984633,0.0038105947164904443,0.025696097790735638,0.03773189247079198,0.05786335807985856,-0.006583536805669103,0.009863806528859972,0.005739804760799909,-0.0037086390560899553,0.004266906538576529,0.0005148678841053024,0.00444136830839282,0.001966489286552269,0.006709043419072694,0.0512707144373081,0.01575650863804784,-0.003116867302902528,-0.08117526435368005,-0.030578247525093045,0.004530605064166982,-0.04957178099459025,0.0047713737990273866,-0.0014543383427030921,0.0005335900503612148,-0.011545061145894743,-0.03052891512752767,-0.026627787538798582,0.001586481924251099,0.0003110363950486279,-0.078004503812545,-0.0007872947964547717,0.00574010432145149,0.00033342614735084344,-0.018338262681225605,0.002916976383883007,0.008669782717154196,0.0011322868770587908,0.0051808177464152585,0.006425610527398414,-0.0044467349877019375,0.0027557178260586494,-0.002387409585673249,0.010766151115696685,0.034182949422433065,-0.00013619663205408788,0.033182271879403966,0.005322859950411613,0.0009583147825064832,-0.0020319216697696515,-0.004611540645726579,0.0005070281833383966,-0.002364063430934528,0.005781172938991475,-0.0803109132090554,-0.0006438802616903852,-0.19455959143606652,0.005824900024292312,0.43997260407977656,0.008956621593370157,0.007335385380349319
04013116607,-0.008257199962157888,-0.002645171408895324,0.044977865325006694,0.0073442894501183804,0.007056312759098517,0.0019284082407943369,0.007818056063798361,0.09629055198628333,0.026853585046185964,-9.023382482248141e-05,0.0005310102907648632,0.004769248645111717,0.010513280602183001,0.028379996967727084,0.0018370237706740772,-0.004304538272736189,-0.004817822788557516,0.006312555639174878,-0.022059238211533803,0.028162494798074332,-0.008702307108623027,0.15379015439880997,-0.025456038817303392,-0.012566933673065939,-0.05701942202600713,0.007905035567050479,-0.006787787137352271,-0.0006473154722538249,-0.019777526867396547,-0.051833448317607014,-0.009423430547698343,0.005126057842422998,-0.0003072059915654792,-0.08271985427609173,-0.00019224996760984421,-0.002041896374347317,5.8317561026256895e-05,-0.010326766162037072,0.0034946152417892574,0.009986984175630622,-0.0005058684721411772,0.006090102779342792,0.002105691952586005,-0.015071060809233419,0.014643184723153074,-0.0076080430747549775,0.00766664248491936,0.0640772712838949,0.000497833233127144,0.02498037990103276,0.0063020279559228105,0.0060044639751582335,-0.0010688105881505056,-0.0011616755175154294,-0.00033425937945801053,-0.0011683530581902476,-0.0028160598499898178,-0.10099977663445643,0.0009515278069232598,0.1456469637932031,-0.0026449750604416486,0.3289289085316932,0.003610363946777366,0.00048737620051625316
04013116610,0.0062198087208069856,-0.0019979761631146826,0.04115784607466645,0.0014471431118923983,-0.0016972448152220716,-0.0025861140012560326,0.01217932216356852,0.1116965325420851,0.02847739009183869,-0.003665249631424385,-0.0031431837306219474,-0.0418325193008569,1.3528965978303145e-06,0.02800405604943049,0.0003153439685085694,0.0004012466571386682,0.023081869808001775,0.005454185999692395,-0.018753078104476743,0.04202081804130655,0.0016474552893048144,0.10963909689209644,0.011452357649588725,0.0010543015707295818,0.017941444092496695,0.01123780023376582,0.008684780066702443,0.009654504522278017,0.007068559704782882,-0.05512585443855994,-0.01666838937225952,-0.008580945966944033,0.0024293508256814445,0.04239631677083449,0.0015255397196143334,-0.0023676412894907692,-0.0014453831008487024,0.0024200035418390107,0.002781736125935852,0.002272572062635584,-0.0054035096353433195,0.0076177439966752716,0.006822544630653449,-0.014572103417262816,0.06334768017730849,-0.004508100872404788,0.006535092413097452,0.07464695676995747,-0.0026478962931130653,0.0260950452440062,0.005368886314013397,0.0026528167000609143,0.003064456470762939,-0.0015384471940224726,-0.0012099465093077116,-0.0011299677431159682,0.00917108079053397,-0.10924491527294439,-0.017041087981980105,0.5399418546422979,0.000607580400078809,0.016122940819322966,0.011134466544254295,0.003719599482260741
04013116732,0.011122244409449672,-0.0004440867441024562,0.04735883717550065,-0.0020991509623436116,-0.0016079371640436333,0.004622023338173534,-0.00195812279951913,0.07646446276648067,-0.032655796532684606,0.0042503799136735946,0.013864259219612695,-0.01279535402210264,0.015371972886205478,0.0011833723451590526,0.0036988780941885663,0.0030611358199064236,-0.008304042723590144,-0.0012254976954543654,0.01739692990238781,0.02095627386612472,-0.007326263060871661,0.0997703700166537,0.007354608969071306,-0.005346299216809933,0.07866071501624193,0.005387082786503123,-0.007098844766884688,0.00068888672257406,-0.01291465608616792,-0.02455876693748676,-0.02743711392665204,0.011832295092560112,0.0030347457578777173,-0.06218198106563374,-0.0017716623497083608,-0.0008264671468449241,-0.0005410855017418019,-0.01872798623895534,0.010060721971707381,-0.004896507459120578,-0.06238728518833809,0.004633701918569708,-0.0017570090989863908,-0.009089346576008767,-0.023299023584401994,-0.0051180407599764775,0.01441816568316352,0.10191720545276936,-0.00095982691300858,0.03662749089181326,-0.0014565484334253707,0.0008168885322057833,-0.0023214706819298407,-0.009350644571485588,0.009292305451265895,0.00012621525902418318,-0.0030917231409942412,-0.07274766743889195,-0.0022877559387614235,-0.1801663104315557,-0.004203479889894529,0.3753440270399957,0.0052389836743621425,0.0007473380559519958
04013112301,-0.0028464798743304148,-0.007869315261445716,-0.07229920894836465,0.016775174168264333,0.0055693933481464585,0.0017857969789249195,0.01734234995040842,-0.03559232971670328,0.021320899422254697,8.270887156285088e-05,-0.008684904800630892,0.008329012967526644,-0.0057669222248908315,-0.007689001857188476,0.001148343258448156,-0.0030840208827104154,5.20728094939822e-06,-0.0009141721172169765,-0.02175860759155449,0.011675778633032497,-0.006544064803996791,-0.05055601616550284,0.0015784333837430052,-0.013907226874615194,0.09258107288795653,-0.006636607348287751,-0.012494992058267616,-0.0020480285840233296,-0.01656243208302012,-0.023148624775547137,0.005973712900698483,-0.0004747048642674146,-0.0004290299281672437,0.043861932211679736,0.0007083830963746724,0.003150476942111425,-0.004612670729829513,0.0013085624477044671,-0.001997915298664719,0.01994671499999209,0.00863475619607736,-0.003182712812861118,0.013921033258839227,-0.021559508408025504,-0.022956929002626563,-0.006983446009887064,-0.0007489345882333578,-0.003583752001046414,-0.004377323010896828,0.03833801359307011,0.0031866248507486437,-0.0005196267819267671,0.00023702425888240042,0.0025635746080764606,0.0009678655396526023,-0.0012839646203872256,-0.0013916799603666348,-0.09322953973086044,-0.0029163696561701506,-0.1647988740363519,0.0038862684928961094,-0.1694635010557171,0.0025366968563333876,0.0013879236273626272
04013112402,-0.002428978984347405,-0.009857106601479747,-0.06800679404772757,0.009408751349497218,-0.012526770050289317,-0.0017248218132142194,-0.0013920229522168353,-0.034827055175988005,-0.03834066568545554,0.001811075235105287,-0.016319049123979638,0.0038875761427196137,-0.0089576288677173,-0.002025474743022984,0.005231730816935411,-0.0010688934367682383,-0.006699944872012168,-0.004367527638545931,-0.031087934146712317,-0.018477651530066173,-0.006199500747290691,-0.050138059800229444,0.0026009306478995426,-0.01436995672889895,0.08830532799958907,-0.007260646234780291,-0.006193419550505405,-0.003632080712429971,-0.01523962600683724,-0.019933139246488565,-0.0032524500558743876,0.0015466091118428243,0.004344103816270575,-0.030715079928617123,0.0004297212896869015,0.0010293341662876757,0.0022023021963028778,0.007525363275096023,-0.0037545652594078997,0.015357982672369576,0.013640094279967829,-0.0007688317014014456,0.0017127277459886943,-0.003335594810632286,-0.017200316150389108,0.004299580172936345,0.004736524719200578,-0.01975526132220146,-0.01064574133150811,0.04840378260218888,0.01131123645901882,-0.00044158342921993293,-0.0014890095638432845,0.004808429788351324,-0.0020301893001794186,-0.00020412652597137784,-0.005070073639017689,-0.08664106725857548,0.004988092982544917,-0.2281410989086614,0.0008597863039147574,-0.19000922697752218,0.0021951319719158827,0.0011620208983378131
04013082028,-0.0031633105122789366,-0.0030287732160607546,0.07526113519837661,0.004879237240932448,0.005282469199286319,0.0031795538728572313,0.06961235587484198,0.010590909412042522,0.07693294523930701,0.0031526661000486505,0.0023881458429704005,0.013014529712726661,0.0026020024568964616,0.029348582084019616,0.0009938894473666153,0.014555723895028844,-0.0025654609374198443,0.011245689102349911,-0.016215379622409445,-0.009002055446726377,0.009442985470126748,0.21504231984538416,0.007911417057060052,0.1504350291060944,0.09836588384198633,2.5905123886202705e-05,-0.0049835659844516544,0.001149504249970059,0.008142093570253467,-0.021816104367435783,-0.004079107355719195,-0.0013027330765681194,0.003167396328855396,-0.03710408624863871,0.0007858884967527219,0.0016555543958949798,-0.0008319519416491164,0.006879116070804526,0.004903981038472121,0.04280740591786468,0.00105307960115815,0.002818515373909579,0.004645613598299808,-0.01584442677203819,0.00045139611620194435,0.0069549889060157325,0.008873719725962181,0.05461360782080059,-0.00422143622489648,0.03642644949040388,0.009048855652914432,0.005292052064044615,0.000424530050321362,0.009440376308955055,0.01731378611611791,-2.2794867936653018e-05,0.009068899827646753,-0.04134626845664874,0.003607012630086398,-0.13434727172911104,0.005717607701128144,-0.017803509857333463,0.005673697282278207,0.006938413788359274
04013616200,-0.004063388888207167,-0.013707306836456557,-0.0844060176430858,-0.025926723111035194,-0.016321466584341755,-0.005993836748391785,-0.005093303922745349,-0.036064480573121394,-0.0006718405392238712,0.0004698131102895161,-0.017652177999448397,-0.0033878757018398417,-0.012801586795578605,-0.00901707841912429,-0.003160072367296576,-0.006602080043864588,-0.004339202676408135,-0.0011560209147024206,-0.03867798212252324,-0.03435971461096931,-0.010426506693773673,-0.010991080204238666,-0.0016376344001856117,-0.022208672693255115,0.06620782620012591,-0.01178485117843088,-0.015674357457685896,-0.005566022844598235,-0.015598814689834069,-0.03015822173378882,-0.001687693751639693,-0.002222211848186094,0.0007500860249841943,-0.042878476056233863,-0.0020315669664248428,-0.0001783693874795344,-0.006319158551161797,-0.0005815194642984611,-0.0055562995187933735,0.007232202529656242,0.0007489841003620244,-0.0034222396214943266,-0.00449742281118616,-0.008064827673681487,-0.021892535094359847,0.0012083852893241768,-0.007464480103366207,-0.020974021263618553,0.013927859192994696,0.008988521846675257,0.007658860249922947,-0.003737044291696799,-0.005348251363237545,-0.009049214443817413,-0.0020202520468860057,-0.002771321339899855,-0.006331950193793736,-0.09357128903649622,-0.008355097856063008,-0.24677017044539973,-0.027219503433257092,-0.21797592423378456,0.0012786286544731922,-0.0043893828418098725
04013614500,0.009847373472376618,-0.009620303274505198,0.03077511148147116,0.0070616742897569,0.003082221642033595,0.0005727804289663789,-0.014974011902773619,0.002216716410797683,-0.06302472315328515,0.005227046256722231,-0.014831523651024222,-0.0062159558795251545,-0.008889430204850847,-0.011661006497618464,-0.0013272675749989925,-0.004399973353572226,-0.008327668341413422,-0.0012862219295929926,0.02754527891348148,-0.02704830340096548,-0.0006772482993679239,-0.09748271306652317,0.002400195004197632,-0.012891194037023436,-0.1857350006135177,0.0017248873758542668,-0.010886805784093437,-0.005877062204795376,-0.02835825716368639,-0.031619025623609735,-0.02469105926739022,-0.005054632790180636,-0.0077260890716489795,0.036505899750096,0.0003411784744038151,-0.004108471572389113,-0.0017287514197891717,-0.0025153598910880835,-0.002069328687431284,-0.010037193480740603,-0.007932584908914448,-0.0020310093932692356,-0.005613560040338879,-0.02290058364418582,-0.03457344972926187,-0.010152868528774612,0.0018295243056687582,-0.03756572869261881,-0.010046850009592764,-0.009260036545040574,0.00893110428198814,-0.0023882877276082803,-0.001001062666951474,7.504266972971687e-05,-0.0009226436870108971,-0.0023224402466579426,0.00425822729772301,-0.11205175453947651,0.0011758574777715847,-0.2683325677423829,0.00046443826569960567,-0.0004241226582223201,0.003849569205911253,-0.005529029732809702
04013614900,0.0011389943726100374,-0.006977796824039517,0.04306946236039035,-0.006469025389120558,0.00591657799095607,0.0016993881571031435,-0.0055684319436811285,0.07377027407875429,-0.055740068112348655,0.0020657490370784254,0.0343482058971115,-0.01420141707643553,-0.005291905088602952,-0.009828426179864992,0.00023430510041141635,0.0056256500207079235,-0.005411155926945752,0.0005726444655142848,0.024152691604025937,0.03679937862774717,0.001371605831086352,-0.08380156434421321,-0.0011741753765338592,-0.011908314809656987,-0.03253199900739755,0.007092535772965591,-0.00840400741407225,-0.005556665746243749,0.01613862264664979,-0.02448263138647641,-0.015037646172931038,-0.004434669245864721,0.0016403069412167428,-0.03567287779940493,-0.00043448820148394137,0.0033212057746473084,0.0007844361391211496,0.005631294921231599,0.00594219810514189,-0.001495447602305448,-0.009267768801884053,0.0030305389417228192,-0.006219717791966918,-0.017011971110879258,-0.017418723792459033,-0.005881715014916222,0.004116120173575537,0.011313713820635661,-0.006869891456771493,0.012164595358390207,0.011393062395320633,-4.596016879495802e-05,-0.00288333385629577,-0.0009660175112349823,-0.0013836841647038463,-0.00357337113673255,0.004957038128284914,-0.1145017593128115,-0.00584066578125302,-0.2644134554237527,-0.003314929121788247,-0.010225584820640362,0.011187520939077012,-0.0022438014980395403
04013116703,-0.006206347327364897,-0.002249185063774253,0.03983479166369082,-0.006418390681260572,0.007004754106701182,0.003126084528586985,0.012089132823471778,0.0014903471327682193,0.05826454637158041,0.012294821295512084,0.009714923565645583,-0.005287269541988146,0.024907558599736316,0.024934568035235447,0.00021186088040668334,-0.00396841706685604,0.0010420493143175166,0.005058631237334402,-0.0026712117882826025,0.026372411489669557,-0.0025450283690903034,0.1714167309571874,0.004527480436730211,0.005591199867276769,-0.1375377182959826,0.004782553377666723,0.004723773443747776,0.007334603905781721,0.0031771883032403066,-0.023464752383623142,-0.003411218299736177,-0.004500311004910041,-0.0027682457087638284,-0.06924545700363711,0.0011397700531676329,-0.00029112424267563504,-0.0003323749230002102,0.009876920350837324,0.0010884461083177292,-0.013174220656299637,-0.0066073422253029555,0.004652991405997678,-0.002250983108975008,-0.013800264600482181,-0.004265695782096087,-0.008807037478880788,0.012781947859304855,0.06113078043114628,-0.0035795076154379927,0.01874235313428959,0.0093496487469366,-0.0009523547367341815,-0.0005723483612405372,0.0040014488186013745,0.006724853612900627,0.0008790674339646832,0.0032357363748555354,-0.07504813165030988,-0.0020233849972686787,-0.15209592282992462,0.008370068058151289,0.10859264235301669,0.007779436939854131,-0.001506600210849848
04013111800,0.023889683612010597,0.046632532260596146,0.022924974749231882,0.0025374743395980576,0.005343328844601516,0.011769400847643914,-0.0033716524252078283,-0.019384439160006303,-0.004636472877568762,0.0033219394916049584,0.015498749613332044,0.004973467689868289,0.007625847600670131,-0.0003953513561777744,-0.0011018433320508993,-0.004015219149578561,-0.01451327201149301,0.0004227556703914291,0.045645531754439514,0.035077903357584636,0.006180017998976128,0.04948419225402738,0.00902521422936534,-0.0026657555580399013,0.06809997851114429,0.0077739006817551535,0.02358223304439549,0.011903834324059517,0.01062576037033596,0.0537722701513662,-0.00391023258795185,0.002713466360621703,0.004234871036150196,0.10808621520607123,0.0009173880483698135,0.003635728858711824,0.005712940362506933,0.008178743585172964,0.002781293827549684,0.02580118473770802,0.011854931121620248,0.0005673593689307578,0.004785235056370929,0.06015464994064586,0.016288747114005842,0.005621316189346141,0.0019356314988704982,0.06510606940307084,0.008316968195899813,0.03580972246688491,0.007736606609912574,0.003721549051048903,-0.001155275382126115,0.0013853012129199534,-0.0010752477066113511,0.011832314826791082,0.006515401031777195,0.29013508224485574,0.0019757097678648732,0.3456358727006202,0.007865478250107789,-0.022332630774999866,0.010109695707844184,0.0023127569129388213
04013112201,0.0012234812574485649,-0.010244311466045564,-0.05250794224787059,0.016602358534726174,0.009966223585860969,0.007238745453683213,-0.004421918606499009,-0.03431616766544635,0.029041583797921433,0.002204253114256057,-0.0113403399579781,0.006251606817484627,-0.0034575412149604134,-0.009037327556146118,-0.001496842393312856,-0.0009842182387463315,-0.005111458661050875,0.0018563118183568133,-0.022169423519918848,-0.018626256326565414,0.0066016059939434475,-0.03910124556333014,0.0035288047846966713,-0.00586783994679989,0.06710319187399649,-0.0061400562436407366,-0.011164372068066019,-0.007263850532067154,-0.013494309402361333,-0.034258224109336106,-0.012120613730142523,-0.0005266247038174539,-0.00048318067312549766,-0.031246571280860273,-0.0004236632690292499,0.0024015031505309546,0.003594445064116849,0.005028537788788455,-0.0005453868391969089,0.026910469028830337,0.0066971713598989,-0.00036337677150175284,0.013528400844163362,0.010441242293757919,-0.02032565596558521,-0.0062215667097102285,0.004007142229130118,0.011348156113182878,0.032751573482371704,0.0558329362665174,0.007360192003471023,-0.0017664511576917401,-0.0012315187918718886,-0.0013730020697440301,0.0017780575304963855,-0.0013526871621068034,-0.004451420971261416,-0.08438489914813177,-0.0010405997022119734,-0.22197387859957993,0.003176892736337239,-0.15349095509623253,0.0027913084678119027,0.0011334559588660272
04013112202,-0.0009169616524211608,-0.009891636658715355,-0.08665032175987952,0.012322851403215101,0.0030213805836187264,-0.00010510536673358663,-0.005191752110678776,-0.03467588680737173,0.026403598662256954,0.0032636939855036086,-0.012513720795405737,0.004409857655162331,-0.0031015413647752076,-0.0009997225217588982,0.0012429463072408397,-0.004131292676522898,-0.005623057954476765,0.002660166103319388,-0.019654151262753286,-0.018281669252545745,-0.005538581462401958,-0.03799786478997574,0.00558182486014664,-0.009309984500805769,0.09454785805459444,-0.0073214272025438395,-0.011519506306893218,-0.00736102498545343,-0.008784625188520603,-0.015048710932453203,-0.0045829847635521495,0.0006088293888969357,0.0007770953308819208,-0.030312117587633552,0.0005508030631881795,-0.000277700266033454,0.0018221917693601335,0.005372880196500329,0.00034030081974943525,0.010519329488734106,0.010439241204495258,-0.00204899082369522,0.0054055651017273975,-0.005017188961384392,-0.01536351195023625,-0.008713309419701422,0.000992309936731402,0.00022705133098496673,0.029318600423211685,0.05207616660983174,0.006804369957250953,-0.0005799074644406132,0.0015347368358612826,0.000418396723327323,0.002146102104432681,-0.00010042902872698517,-0.006813030326644396,-0.08329906364244939,0.002410127639263391,-0.21774560842618915,0.0037847240167523605,-0.16589209309548097,0.0016263983836038638,-0.00026050301422234366
04013116203,0.0033255070463950663,-0.00818609290586536,0.05345963157014399,0.00046325354388111094,0.005093031946738693,0.003878397149547096,0.014841199963060915,0.12418276248527198,0.029261889453349673,0.0023363205714436682,0.0031519261519937095,0.014761368514441948,0.0036596998829117903,0.008714580481133417,0.0009424311641358282,-0.003664875382660975,0.01460563659635391,0.0072283647024373,0.035104965799741504,0.028957533494400306,0.00936595307610195,0.134594813374964,0.026965332681757423,0.07306386355481648,0.04775992756340595,0.010885486333682836,0.0073332261900733485,0.0008942860394369606,0.016575385550099776,0.01285941931853946,-0.006600196296392156,0.001911145423796147,0.0050239717637530785,0.07620467673392711,0.00013813713702088233,0.006359448669918298,0.0028699498409927872,-0.002934053895084291,0.002593866254156905,0.02061782755645664,-0.004310591211880129,0.007349178454631159,0.0019782361724235494,-0.0164360385449843,0.06473777920128027,-0.0006855074623149771,0.0038129199458656585,0.021358172388671753,-0.00230968485592872,0.03272021764889473,0.010078241157526046,0.006547916383947676,-0.004971666156410052,0.006701721210243486,-0.0001471785869537803,8.83657366796578e-05,0.00985643978749351,-0.01682102132895741,0.012900871437740205,0.3062895978314871,0.004059289154032027,0.3348973233421854,0.005337748939667051,-0.0008823416474775532
04013116204,-0.007338960139233146,-0.007338008390702685,0.02427243862640985,-0.0007478066932037385,0.0042668808594807425,0.0011694637270781563,-0.008947939589537912,-0.036725206888502435,0.012060973625353043,0.003938347826412056,-0.01920931294434327,0.00215913513888739,0.0054766373539152265,-0.00985307786314366,-0.0033577336992072254,-0.0015700152180332231,-0.009306645896978041,-0.0004370908609278007,0.018982686784687265,-0.016474322968507756,0.009240869017394062,-0.039393826533979125,-0.0020632662033185697,-0.011178666186862838,-0.016266753072314566,0.008432334051529837,0.010571562925760477,0.004734398227048735,0.014940869010649492,0.00475552292992103,-0.008221591500323042,-0.003444815899438989,0.0023038937075510304,0.021630846084598032,-0.0003370735099610111,0.0015423681180565508,-0.0014935601875038743,0.0031827563507815355,0.0005994154448584056,0.009343530523075414,0.0084422013917203,0.0033809312009761413,0.004296265219032919,0.0008392040873414165,-0.001185122999605565,-0.012244979394684379,0.002031923966637017,0.08523810351047625,-0.018400958289877208,0.04153226144823099,0.00552197920645601,-0.0011694915148527318,0.003321707591653969,0.001989371919305435,-0.006640504852968037,-0.0021066973868947257,0.0015466080994631507,-0.04329693309970042,-0.0020372287796648183,-0.23423533195002016,-0.004463104076791724,-0.011260707172203448,0.0013956882104113422,-0.0009093216547757731
04013116205,0.0008876686834506387,-0.00707285572357869,0.07581819262604758,-0.00318539434733552,-0.0012423811042893524,0.0025473579642693984,-0.0025346692213407,-0.030576067632235023,0.023989427916459912,0.006001117476871082,-0.002336545025951928,0.010247158040771698,-0.0013372945449259192,0.004577520258113832,0.001898667147871252,-0.003446295236289561,0.0029755235068642696,0.008888203685836675,-0.015245301871866937,0.027616837988568507,0.012456134653478099,-0.03551562084154057,0.005707166296573484,-0.0017625272931427389,0.14875428091984644,-0.0019745418062545217,0.015414112143648925,-0.002703333692198957,-0.0018026389822362397,-0.019375916448610704,-0.005933332491164108,-0.0008474612882852428,0.001012146294707356,-0.03384392871887099,0.0009519479166724759,0.002963140436681475,0.008880538176995429,0.005769793600525462,-0.0005252558339167222,-0.008171897156529264,0.003661521633366138,0.0013512977138949935,0.013907657226499299,0.049194221991210554,-0.010311729646126694,-0.005156852316783896,-0.003803081353360145,0.09027577785986453,-0.004175061044237993,0.03953380051896682,0.00910595153729567,0.0009407328291402307,0.00524740696496526,0.0006542393407234573,0.008578897781192687,0.001876991195775543,-0.005160733432676682,-0.06452827518539439,0.0013190484334719725,-0.20316463652389297,0.004341056648008667,-0.13151257707836103,0.008187209968144727,0.001855807399632888
04013116300,-0.003248539384405991,-9.256787614467055e-05,-0.039696397951541645,0.003272126940503379,0.012131641616301073,0.002607561694466579,0.04805936000884524,-0.011804031529967458,0.08541043912845304,0.0067828281443661365,-0.007782290436425863,0.006409175023918744,-0.006538151213255538,0.00802440162509078,0.0034033877215582506,0.0005720675587853694,-0.0036154242901331934,0.005073016680574284,-0.019638587528560143,0.03382898663318948,0.0026988100628937903,0.09929933944076812,0.003918234034249945,-0.012385005303713606,0.06678510314835098,-0.00547419871815061,0.013741984702158422,0.007361946555580928,-0.0062641634622423985,-0.02766763588871546,-0.008367142315586882,-2.690135200926321e-05,0.010413060858762929,-0.04165275367806832,0.000290489341509735,-0.0036151147664647467,-0.00148524829836991,0.00871108986231248,-0.0070380777552364535,0.026106069155891302,0.003784210049129736,0.008676178643666294,0.002867717500026935,-0.015098292334508922,0.004374318426232503,0.0014565873650229108,-0.0027887877770505455,0.03595518060788551,-0.0032605701107677465,0.02292305305934701,0.011419715434018717,0.0009446373334415511,-0.0008436590191507877,0.004266486878085645,-0.0005367835617843031,-0.0006002434337708862,0.00416678539070401,-0.07524926989261328,0.0011406083698728,-0.16743704928049394,0.004555082478558885,-0.07891230729430128,0.014476176620606377,0.0007003143963178816
04013116400,-0.00348699929737274,-0.006869081558595431,0.016144499759101046,0.0033269423409468092,0.007332786462430572,0.0016110188687948547,0.01883614320648944,-0.023548641134553964,0.04712525230462599,0.0023022740616729003,-0.005823126356000109,0.008061171458487146,-0.005553803048692666,-0.0007948985510885189,-0.0025719491656771547,-0.001283643869644551,-0.001909833882596879,-0.0003080267430087248,-0.006907815585549846,0.025237838958827807,-0.005067997147285928,0.09033971320659358,0.0023462551685699885,-0.016574488527942133,0.033716738286651234,-0.0026722899184657848,-0.009410662994522258,0.005118498493198894,-0.009156238351765596,-0.025545914816398615,-0.006623421293208626,0.0028913166677971597,0.0037907076694688323,-0.040199446719437607,0.0009448875020880488,-0.0007234199231258412,-0.004463102387882054,0.005903929005105535,-0.005399791775532909,0.017746094060535008,-0.0009465151503723257,-0.0018512008522821848,-0.001388201038310011,-0.019304716177856746,-0.006088099767777589,-0.005094790546617672,-0.009016991189151632,0.08644219492733247,-0.004243994091179804,0.03477946756799597,0.006975465788745854,0.00762369927232313,-0.0003244716578400949,0.0021957824697301878,0.0042693744524425715,0.00045810197670583685,0.0048030966768922035,-0.08249072674232834,0.0009265094444549082,-0.1294533377435877,0.00886695120703063,-0.047922519663743134,0.007997721833548443,0.0012461206191049167
04013104302,-0.006495484240734389,0.029372779171372352,0.03432063926633137,0.0010486336198455375,0.0026320245532907597,0.0017451949430174936,-0.0031668317781686816,-0.04399414078959829,-0.01341848995653074,-0.006188248450417791,0.009774198496778009,0.0030918119313299124,0.0014799511371267427,0.0005942339722609846,-0.0038382022004953983,-0.00091691147669006,-0.00754291104904141,0.004960880128923138,0.05224865573802891,-0.018936182547305617,0.009472727338004975,0.08234326625280836,-0.0057129907863859505,-0.005895903670419171,-0.08665226959909843,0.00765261381147493,0.009568635935776578,0.009445404571812192,0.025649019513066966,0.002571571322306812,0.007775461515578245,0.005042003566996625,0.00019731391191708865,0.09615875614280074,0.003601939484082025,0.002126601323478253,0.0003362276840814001,0.0021181003141490934,0.0014857977818303007,-0.019683415102993155,0.010992957843470045,0.006534597057302019,0.0071260498269305915,-0.0221736664788487,0.047536209380222745,0.00881767278539236,0.001249641058618942,0.018175675930365037,-0.005675877285237195,0.021386347764958777,-0.018458197688313794,0.0042875117784755504,0.007956794400538687,0.004129429826401116,0.0008798634009333932,-0.0022519533842832538,0.005254884614860735,0.24809261442593808,-0.0014918383581930537,0.18548522948588891,0.004824349882332161,0.3767830964157158,0.0030140344321893083,0.0003275825336682557
04013104301,-0.002753153617622732,0.011984282584633507,-0.10092512385610283,-0.008055927796919849,-0.017400464351297162,-0.002439108208359467,-0.00882973151573171,-0.03138753132977014,-0.04555950919890207,0.0032263546954712278,-0.010853961362135798,-2.7846581379300368e-05,-0.0015576148644399297,-0.00022489742946331514,-0.0016415303372678007,-0.005868836135520841,-0.005921443287617808,0.003594333269229737,-0.0250008301953876,-0.01929791566252303,-0.005830113462627687,-0.040427596224581405,0.004591612178205993,-0.01210888909587654,0.06805397110278276,-0.012282956332958365,0.0014539496359368463,0.003228765015907603,-0.009139051149605807,0.07952574988911605,-0.0021683546491795174,-0.0003235067189428171,0.005418800806797264,-0.021921747918468536,0.0014087503059544602,0.0006912839089926509,0.001329860176783994,0.005477476478120445,0.00018373287697968308,-0.013520363825995743,0.011380598960072624,-0.004018184203471382,-0.0021112331436367775,0.012551296023699766,-0.01942110168119864,-0.004663643465970038,0.004497555124867227,-0.01664372191378103,0.02761679346813934,0.026486716172968217,0.007235094322422222,0.0003264546435240667,0.0013665444858950474,-0.002543307071230853,-0.0007767083443411936,0.0020354017287024947,-0.006916810756697159,-0.084477547230471,0.00319167913615726,-0.244544174754093,0.003237571953574431,-0.19149816381458412,0.0009892314657019394,-0.006767582273741884
04013106501,0.005820675329172595,0.032664131876251286,-0.030043145673158654,-0.00138726979519204,0.004380447682997987,0.005905316449407011,0.0015717383949707786,-0.03457782550482102,-0.005773579836817081,0.0005282986759907219,0.012151797821483767,0.010801653112266687,0.0009024558068991306,0.005205920142369558,-0.0025390250470764793,0.0018658591337357999,-0.017259383596962687,8.623574376155151e-05,-0.005823700797018088,-0.00850248574453874,-0.0039033951803163834,-0.020655512825624917,0.007098257048934419,-0.005522115617675147,0.025714411363331652,-0.0009052913725642087,0.015267144351616356,0.012430621061796715,0.008487465685823514,0.05528506455594945,-0.030392318877189826,0.002326289987188738,0.003607178262140623,0.06362966416056696,0.0009726021048207441,0.003170239666191254,0.0015806006795064283,0.006187688220990727,0.0006611671508759557,0.010167295680179381,0.005872971543325938,0.005516941259051576,0.007671608208944141,0.058304197822190505,0.005437712991856139,-0.003228737855296282,0.0014594687954312534,0.056419597565492655,0.013117720813009404,0.026369222825125924,0.0017225176487842633,-0.0015796168228391868,0.01161310917114196,-0.0008571835830284216,0.001615548831390716,0.0017079740077791928,0.002655466111120613,0.345775114352291,-0.0017991217034616666,0.6746411478520102,0.0013407351391126745,-0.07696868704947837,0.004140018089123438,0.002752243646335796
04013110801,0.008024702377072606,0.03715431033230031,-0.025720439427100884,-0.0004043387788842141,0.0015609994712881767,-0.0005779385888017892,-0.002331132538051679,-0.04064638434336773,0.006961471631527266,-0.0005668364575490567,-0.0058084912543938175,0.00706182937426258,0.007036259342524625,0.004236800813261032,-0.0037474229952810466,-0.0055790850014152725,-0.016130752599460653,-5.76716923823274e-05,0.028405564344584255,-0.015096653244671326,0.004743465047114961,-0.004249294958581706,0.002999388016172098,-0.0070713437808445035,0.04281255298292183,0.008856788271512577,0.01670516028672668,0.015467326646062853,0.029054924800472517,0.039191174335962045,-0.01818372150302938,0.0012027685206592155,0.004813612498648287,0.06280451917886495,-0.0018481096792782427,0.0007564949948417441,0.0024468409301499866,0.005155517180291157,-0.0002257352789983559,0.013447502779769482,0.010043245126797653,0.001517272750226068,0.006869432176800534,0.03143080158410149,0.0052031170499651,2.890721915936846e-05,0.00026331756477459943,0.029044594212878704,-0.0025409815071371525,0.028301829825863923,0.004285239647782834,-0.0009271167978168278,0.014865890436805529,0.0004682407992682252,0.005377985713007154,0.003678825554121784,0.005537993517537156,0.32016478688307826,-4.631492447277166e-06,0.48010013042860855,0.0038780922374386942,0.02234884616228459,0.0069979024949298144,0.0005164370857067279
04013110902,0.015466286891309139,0.04574178928049319,0.0028190217529395203,-0.0017864100865891226,0.0076543909241393576,-0.0021356770629728265,-0.00226567158593549,-0.06960911322891504,-0.009576892703382793,0.0003842018255491507,0.018710534091554504,0.005873211413523408,0.0008789565565321287,0.004615414817774712,-0.002145213741810336,-0.0029692649381906967,-0.019088916952002086,-0.006219550683808824,0.034554593833493234,-0.010466856013270525,-0.006439578083334009,-0.009195332396995942,0.003407726992354986,-0.007974345918012007,0.05517127320427831,0.0011194321087457126,-0.0034294829344902796,0.013073177282830178,0.00044128745927846065,0.050204773753830687,-0.0012464991787855398,0.0012812479890760536,0.0026653603797686326,-0.04890378919855118,-0.0008779038985088888,-6.563061080198285e-05,0.0023036917346865855,0.0012912617047475176,0.0013465053816962972,-0.01595127988460063,0.012915761517654566,-0.00910152446576238,0.005341270706094344,0.0403062564851964,-0.00619493967371187,0.0019122900902265522,0.0025871291502949393,0.07032465936677297,0.021390413700483824,0.03618010251150593,-0.01614234431051247,-0.004833984275798836,-0.0017608038383983419,0.0001227295212947595,-0.001543906121183151,0.007532200202947853,-0.00987190412436989,0.2591890136721612,-0.0010132773335053992,0.2755559763073623,0.0032702938796605858,-0.0277612142896046,0.0057264627260603385,4.38639451189571e-05
04013111501,-0.000945246501683082,-0.01148274432621145,-0.07305434332304249,0.0041165542798284665,0.008807439862744003,0.0037490775815805046,-0.0027957210111877063,-0.028183196550185956,0.03154443985851434,0.002274229069611023,-0.008155972379297969,0.001936378722938436,-0.003070146406880355,-0.00883993989847204,-0.0004203424804590148,-0.002328706281972864,-0.0015976659385631635,-0.008107145455095457,-0.01916484973845101,0.017063938585653228,-0.0057026609792327826,-0.043186478793030475,0.0018484374948996825,-0.004853697649629733,0.0938914938352933,-0.005441312524074368,-0.007956354369959093,-0.0057476928732418464,-0.005820794443088703,-0.023448416334989307,-0.010676242871629028,0.006348123286471078,0.0030558389496543738,-0.0414080661328638,0.0020955536953103054,0.00013439432592157735,0.003986958254930029,0.002841802770860451,-0.0019103197912093875,0.008283785986665371,0.00665029001108385,0.0013106019234743222,0.018510404644497037,-0.005160182286113155,-0.023806390689218603,-0.0075336949704489205,-0.0015495697644106585,0.10798766373380306,-0.005771146558104507,0.041401849569267235,0.00804619046188301,0.0008670908283624347,0.003298988552948937,0.0024954755963691204,0.0011511668412028209,0.0006528276236513394,-0.0013922960475449783,-0.08713485918814078,0.0018993274084485943,-0.14868868181044131,0.0019668518033749854,-0.13317694783810163,0.006693908508547902,0.0023256412847396444
04013111502,-0.0056135931837263,0.03598654209078949,-0.046501438464325466,-0.0014164719791866951,0.0006239176401559013,0.0032555576760341194,-0.0002685570931105662,-0.03687039849177098,0.010295436567383421,0.004436603636607057,0.006705436314398856,0.008090786499613915,-0.0008881056552873634,-0.0019165467407371937,-0.0023112275422276693,-0.0010573392598630495,-0.014461745994334765,-0.007419271000096337,0.01947952040949012,0.00680749349420259,-0.0008209863330101418,-0.022161855536803148,0.009013657331861713,-0.010255775187042576,0.044007772737269316,-0.0025819802960533795,-0.0007472585165442126,0.010252330783722553,-0.003223715836235127,0.05117281014305924,-0.030794875172670464,-0.00046572536018970603,0.004649080934324618,0.003970465579905762,0.0013772307300465485,-0.0009227113259780273,0.0010734540477015673,0.004852348334255941,-0.0008054809737587378,-0.001468020085411998,0.008131376647066792,-0.00790769479226713,0.011401090198599887,0.044099627579419376,-0.01521233405632013,0.002856790609868802,0.002626109608484085,0.09318177913818444,0.017882099273930016,0.03243345227524464,-0.0028966342853002564,-0.004842774127180202,0.0017117770931303715,0.0019325206220462774,-0.0009126276677199551,0.004601840249779408,-0.0019166256015494382,-0.06313198570614514,-0.003031757357962471,0.5863781033354749,0.0048063590926974795,-0.08335700510296705,8.693616057365471e-05,0.0030232151834735164
04013111601,-0.005919392282566669,0.028968110139784595,-0.05302307473069964,-0.0025499640246863906,0.005405663506640069,0.0032330935936736205,-0.0006660761620987418,-0.030013242020470537,0.013236241209311394,0.0030019241443036437,0.012237836325520257,0.010573480398093518,-0.0007895570118229845,-0.0011566071530553696,-0.0031537415628482414,-0.0055110607498188675,-0.0038606139788385464,-0.006083338559711698,-0.03153968760111047,0.013474774214605386,-0.0057140589958722815,-0.026302167592441607,0.006767199718819572,-0.009805301895453585,0.05719550103944669,-0.004855250115584304,-0.0035790508000632386,0.006085271741394571,-0.005511824067071327,0.05902233105447642,-0.0008878812620161209,0.003693204700321564,0.005064555498143599,0.04836297302207745,0.0016674532299558098,0.0033849140438774864,0.0039987773870078765,0.0016655822263219313,0.00437963397313076,0.003629352399074104,0.011128874577867433,-0.007697997041855635,0.019409942171680992,0.050221127195051674,-0.03469699310068981,0.0003038213834751121,0.0035240169006468705,0.1135804571514484,0.009389941482983277,0.034011905480721846,0.002528848657957519,-0.0008539447354742039,0.001851847239437676,0.0010322079213778692,-0.0005625733442892438,-0.0011397956059724294,-0.00261923011372342,-0.11012672062858125,-0.0016287258930781075,0.1632112531420952,0.005165492228078655,-0.12494813455532731,0.00471331193807835,-0.0005906360908169595
04013111602,-0.00039683784684078926,-0.009955544913109701,0.031140368513546318,0.0010995066896667067,0.008051833431677693,0.0018533340953555476,-0.007379087336097611,-0.031072889474886352,0.011748020878324826,0.007794932409841105,0.022823980013054298,0.006888623115907657,-0.0058045872469812574,0.007546434292649212,-0.0018310370621149644,-0.0019047498146402117,-0.004497786705771957,-0.007943761017440449,0.001060737469375181,-0.009236278591446098,0.00048527987461897574,-0.03390352368648293,0.003863476448893865,-0.005564136300926294,0.06255262026681789,0.002465829886347519,-0.012619712746485734,0.00224802623325561,-0.01138300736130397,0.013382521919637612,-0.006951860990714297,0.00019385995341578615,0.0030950864249620473,-0.03674801735379451,0.0018840848818020765,0.0034362266054431077,0.004494959201866384,0.005465630410394947,0.004765128199894756,-0.001380727907700982,0.01369048026254073,-0.0016622711095693554,0.007944752365591407,0.023492811540102906,-0.018530596492349314,-0.004676210741771064,0.00741287564215962,0.1350081001157447,0.019770338565692058,0.05108779022865445,0.009844248094296078,-0.00042303415076355965,0.004083603504611649,-0.000586411978811046,-0.004011981756863398,-0.00013948501342623735,0.0036348237914991667,-0.05972705262735056,0.007569795262179871,-0.19677702330578653,0.0029808381210753724,-0.06195380531637829,0.005279258916302839,0.00045082606597738646
04013111700,0.004794380397512745,0.012726181327388989,-0.07396777532461447,-0.005955047997494747,-0.001935042886803013,0.004472389950640996,-0.004909694487710874,-0.03703026626994799,-0.00787013026027408,0.0037718702139479796,0.031024290614308787,0.0052567908184441925,0.0022569840742503165,-0.004084611913199914,-0.002877830237456711,-0.0007509312203787306,-0.004235262909111326,-0.004177638567030258,-0.035982719998731774,-0.006152488766577656,0.0038656621744966877,-0.021471236411714025,0.010117657905319266,-0.008683086046811197,0.06964568835464816,-0.004327834034703468,0.0030406980400499244,0.003642683534613302,-0.016925816289524002,0.07942418025072417,-0.0010454031656208158,0.003996150917439345,0.005072084303005932,0.056620177744142526,0.0025924698283618466,0.0030333028231378776,0.005538964079144046,0.014684112685539449,0.005303700899163229,-0.007764612276950493,0.014747276966460292,-0.004929857291823362,-0.003782620890039855,0.06811223351880216,-0.039723817157634955,0.010234357750329024,0.005565039180375371,0.1132476977432211,0.030310637914564786,0.05416730441302229,0.004617533946229803,0.0005218572755991623,0.006102666126612828,-7.219200135722121e-05,0.00636647588873215,0.0016968106489285693,0.0010801550766287415,-0.06159495302900168,0.008042344716245344,0.1508523033363208,0.007863904365723236,-0.12552047677187092,0.002441528774140793,0.0019497183035361893
04013114401,0.0008346883142511418,-0.0035530233777707836,0.032426594360633505,0.013407752817040278,0.005248606313392332,0.0035210169622057934,0.00016364788746400536,-0.03630648401527377,0.030926439956738806,-0.004530467165304176,0.018884015094885735,0.013181824390830672,0.0014682227236379806,0.010539102486276325,0.007650772461683525,0.005058187684322362,0.0023758039926860906,0.005236016745524269,0.03622305213542195,-0.004043593807690848,0.012335824975729702,-0.0486348199987041,-0.0010399318525811442,-0.005852416178771413,-0.060683061060461785,0.009988741554581194,0.007128548417075147,0.01773078667325466,0.009470007995290417,-0.0049108816742172625,-0.008428012226422019,-0.0020154813684928794,-0.002809009389889423,-0.05196356877806246,0.002011849057700047,0.013185326021232005,0.00650742303028356,0.007498480845987714,0.009194489322922482,0.019228134506463913,0.009859918773664524,0.002547784691044777,0.004921669179027544,-0.013176992194140485,-0.01029293378561428,0.004520114261116478,0.0021711331776430387,0.09951386695296961,0.03537032984600724,0.053440539508867575,0.01075441609228193,0.005927611639788447,0.002600387853007119,-0.001222928236088505,0.00686709803236811,0.0022617991571145988,0.004529148936536258,-0.03323098258032196,0.007398176145839357,-0.2089739179366956,-0.0005118750958099107,0.06360127566549212,0.008523855503104595,0.006608488816236025
04013114402,-0.003242677464096867,-0.005383436222847079,0.0038511593753836927,0.008250435031211058,0.0017039936310381124,0.0068181208875185036,-0.0024707784651334785,-0.03319674983535472,0.03988240374683715,0.008035611810648673,0.026022833140852974,0.013229754555272399,0.0024222684025264852,-0.007740365533104156,-0.0034155158315131683,0.004377650147319594,0.0009379852496293636,0.002495440829481101,0.027488049050387656,0.01700354444636082,-0.0006575075992036995,-0.05963201250556849,0.0009552277306729151,-0.0068208769550707265,-0.08220943582435465,0.013473009497771337,-0.006903397734995377,-0.0028416652517028584,-0.0034816713074127944,-0.025810042109311662,-0.006378920949642081,0.006312610147828541,0.005323885450756059,-0.051320109091243626,0.004595959388738864,-0.0035034906320504764,0.004206463691960037,0.011383883283671401,0.006153684045864278,0.014701365382947989,0.013800064010910062,0.0013873927855527664,0.0025053539145614007,-0.01265949586461164,-0.01708296013052262,-1.880867205325438e-05,0.00892605941007551,0.13903665730574694,0.041695853838106124,0.04732746736471101,0.009561889321220842,0.0026923757887450245,-0.002535678918060801,0.001431936286342218,0.001213564814342065,-0.0013606812955209754,0.005507050420656666,-0.06659590044369242,0.002224405845751743,-0.2112577718805933,-0.0006538816809033232,0.05335725226519271,0.007108753693268878,0.004996471015644323
04013114500,-0.004379101352852601,-0.003811778307880611,0.034998280772032375,0.010174054784002805,0.004470804369444318,-0.003529043608945268,0.02853433593652061,-0.029773813946902414,0.02833146295103116,0.0029654400926532637,-0.007184959941739492,0.00962751382638106,0.007928918096002864,-0.007743080782949501,0.0006825885349154028,0.005515596045696383,-0.00580371784817912,-0.0020509707524762667,-0.013614091104818923,0.006204703035869019,-0.004915025187345151,-0.06205102423456496,0.0021192308638528874,-0.008143795376935749,0.07993950364684407,0.00574544702053638,-0.009895176444793286,-0.004647499627491391,-0.009554013576665498,0.0635240600672725,-0.01499369703270743,-0.0037051825731492143,0.0019390955371929256,-0.03889038354692761,0.0013978647460042967,0.0061524638930756615,0.004243599931020441,0.007497503576127921,0.003136751690849046,0.01248577592755545,0.010340825403354547,-0.00204749730647434,0.004526058747760615,-0.015160606429336192,-0.0187200160163413,-0.0026615799378354858,0.004138926926709629,0.09167554116789174,0.010779797753518604,0.04018847393049989,0.00830668069027753,-0.0013923800574787576,-0.0018478815436380335,0.0029812492916512457,-0.0033671148152079437,-0.0020163680680361585,0.0032901705851553884,-0.06635720406220134,0.004701349648004646,-0.1892041821964855,0.0004886995941367474,0.01275986875615923,0.003934590574775452,0.0016534073249146125
04013114600,-0.005265786743592885,-0.006132866941831313,0.01432356789448133,0.011785442786770978,0.0061008167971312345,0.0005916532605102887,-0.0005647456023825109,-0.03734417629248736,0.02598695151546518,-0.005999139662704591,0.00435567065151265,0.007689636650182586,0.009734216200452091,0.0020499128529394245,0.0035968212747642153,0.0014939337390294063,-0.0005798840870420327,0.0003518680087211911,0.013048050591317249,-0.012943399370338256,0.009674875758930614,-0.021965668485525607,-0.001592084567043807,-0.010870475387627377,-0.1104892300415522,0.002974985766324086,-0.013027857672761909,0.00994798221908551,0.014333847231298739,0.06554358655817072,-0.019207854673179245,-0.003203247756395763,-0.006071646661835239,-0.07896380662503877,0.0036266465924587685,0.0034017130631918274,0.0012939483953476288,-0.02981951204395333,0.002333188631091023,0.012052411568869903,0.0048245452080393795,0.0019312590341401081,0.0033604790743726885,-0.008934439242313083,-0.00497746580505021,0.002093250973904439,-0.0005381812582283071,0.03564662325275572,-0.008424069604212511,0.03854800079408461,0.00705868619570094,-0.0017764602980018711,0.0013926295230888897,-0.012221482428953717,0.003701253762978135,-0.0024807390755630814,-0.0005753124315580983,-0.024505757969107665,0.0025923748338045915,-0.21086575994376,-0.002364062179053614,0.3935032904420481,0.006128577775746807,0.001592092118413995
04013114800,-0.00316346227612306,-0.006082161406531246,0.020296435142306547,0.009863020733439452,-0.0019707969623194983,0.000819013200807278,0.005890683403500499,-0.0013928861014900042,0.013739684652096405,-0.016101338205674068,0.009902879941328043,0.0040182001504674965,-0.0037600695371641326,-0.003821743338922198,0.004556683761351474,-0.0026561795169435048,-0.006985740811547948,-0.005435232933342575,0.02810935307743252,0.0014246351341820368,-0.007183645978506965,-0.11379128014773646,-0.017088782105453195,-0.013311670048579626,-0.17121291848369255,1.4127321882871474e-05,-0.007913154643875226,-0.0021358084229672852,-0.021952183394584806,-0.03725036772401131,-0.036938310868587704,-0.0009090540894171723,-0.00658072802684426,-0.10231907232759291,-0.002734924967753944,-0.010753933756047067,-0.002010041352985147,-0.015875078308972286,-0.008567571118367024,0.012595535617695287,-0.007160809797174268,-0.0021258326489046286,-0.0033905442066426423,-0.016671113646161306,-0.000736088237720213,-0.012735835187068561,-0.005331801773625266,-0.007332626441183328,-0.009607778863777275,0.023581958098023787,0.00432713998170716,-0.002959576559565951,-0.0013251384200187685,-0.004788432468371639,0.0001134008804730622,-0.0028540279720159173,0.005586381318318585,-0.10124073039999615,-0.004090815488538571,-0.26963230214639633,-0.004429635725100866,0.07616878608259876,0.004439636584141651,-0.003016540113162518
04013114900,-0.004459800380471519,-0.012401459685027177,0.0277142702931621,-0.0013428390486001846,-0.01250377720042136,-0.011036637674084778,-0.001966310541437167,-0.033683925373972114,0.009612025946787952,-0.0039896364963028005,0.005762694927948521,0.001425127998578492,-0.0012659988773330681,-0.010720865861053119,-0.0017157916844290075,-0.004525673492148443,-0.010221078483842008,-0.012586394334697762,0.01813504901885499,-0.006082878797940384,-0.003807492823164296,-0.1097944973452461,-0.009811026903163223,-0.018388045944958787,-0.050225526521709384,-0.0033883303530303616,-0.007869180367025564,-0.004387240399835731,0.004024592228285783,-0.044423148118787587,-0.008667743816779996,-0.008976655289867928,-0.007296472320405385,-0.06581820783722521,-0.0004270376589966262,-0.014266925789957755,-0.0006798873040479279,-0.013142662790183413,-0.0014949713444769976,0.008660707343754395,-0.0028598348882124688,0.002006973216120939,0.003317934158556632,-0.011719654638800071,-0.008123998633765384,-0.009169913091956416,-0.01028533688505517,0.044842268469056354,-0.013976695408882375,0.025558392227121016,0.002938244385457144,-0.0040010206616334365,-0.004281049342536396,-0.006222306675200759,-0.007309956514584807,-0.004084220528061386,0.0027385810986958127,-0.06350667901854891,-0.004067036768890635,-0.2635717717160932,-0.0027474949495749465,0.00458985617073264,-0.001172112256741203,0.00039668390995688013
04013108502,-0.010744654770151558,0.03672133761291326,0.042202132965851104,-0.004111840122368796,0.0035904893648180804,-0.001859689188912087,-0.00491232224876457,-0.053823946409281315,-0.012074874115726256,0.002207639117816619,0.012385611195281719,0.00408426895606114,0.006480876438225664,0.003490609713859257,0.0024942772428386386,-0.0009928374898935076,-0.011116820909045694,0.00414785317254712,0.052948970965795816,-0.011539973718986622,-0.0016416342392044482,-0.020387936633292865,0.0028164108174516234,-0.008810492682098162,0.0715946751666321,0.011454847311362957,0.021605875508436127,0.011881509950825443,0.027075561697023798,0.06996918646056285,-0.000979813631351482,0.0016099181713407275,0.00036239362178166513,-0.003207586859180228,-4.81632046463871e-05,0.006567755894098375,0.0021260843462367614,0.004649620251076838,0.005533383833093931,-0.010073579145434783,0.014929441600027075,-0.006839613189297417,0.005008403979788013,0.011887432367578145,-0.007347029282794104,-0.009368094915160928,0.00582399728887131,0.10054936386102502,-0.001058267735102433,0.040843830816531916,0.009829852574793328,0.0031550722876640914,-0.0031234476931685322,0.0029412928107149425,0.004960091278665443,0.004125335498050675,0.0009202352210906545,0.1705184437314089,0.0008692023924781333,-0.15272628588173015,0.0034113888357718302,0.013139450130302302,0.006226253269626958,-0.0013350996983262267
04013109001,-0.007235946258062382,0.03204914001818047,0.030334536508994543,0.007497212609981957,0.003661991317439967,-0.0017910566910458415,-0.005016704131755598,-0.06271703876989004,-0.03365722382809102,-0.00900100837325358,0.0276318944191591,0.0031218555944615067,1.3845119393644873e-05,0.011254227303749276,0.0018580571792924604,0.0013508478933530082,-0.006513108900706396,-0.004144877740495843,0.04785184639778227,-0.010790004468817263,-0.0035533219809030345,-0.0756872264785369,-0.011475695014232928,-0.008996003401374845,-0.13655214076141411,0.008150010540182042,0.004196451696493372,0.012707303012876718,-0.008885811794415175,-0.02544742731015008,-0.0022892326064349673,-0.0010953433397959296,-0.004318023102366258,-0.0881384687430487,0.0017395451343314892,0.0021703702208743653,0.0009100425762578664,0.00506035049715303,-0.00665118448096682,-0.011530530617447023,0.012945700347138602,-0.0003451954044844765,0.0025329905971781027,-0.011128550028246762,-0.020779412222967517,-0.005949773819704932,0.0035837637014760533,0.12445201122114515,0.02926258957032483,0.037185277073708244,-0.027479173446202834,0.008819388445097784,-0.00940290405653496,-0.0016039159176373006,-0.008087749267839091,-0.002075276056942704,0.004618488867925452,0.17282368986443,0.0019930272376804895,-0.2582412843574292,-0.0006724439334486546,0.049278058417921336,0.004682269609175854,0.006891910057771001
04013109002,-0.006922625159080352,0.04438237809711905,0.041446590656987393,-0.0028893465244092457,0.007346752259443494,-0.002894300977138725,-0.006587520806209767,-0.07045978357419344,-0.010883745383778025,0.0010183797930760476,0.02357910606540223,0.004273595888320868,-0.0011347393787879433,0.005200709534953822,0.0018870076545517344,0.0011956792382648315,-0.01651776192964039,-0.0002825129822221483,0.04735034613933472,-0.013404495284655905,-0.0047318106184169526,-0.009850191697653618,-0.0028696650398196727,-0.00615173899397854,0.03854552519900007,-0.0010181665532588379,0.013861739747248794,0.011429101115720656,0.026007998999078477,-0.034675375457862014,-0.004925184139262661,0.002838705370086274,0.0010983025270402298,-0.058114148967520395,0.0005204627575453923,0.00264014922108406,0.0045695701268470695,0.004509910416976541,0.001533971181902981,-0.007310778531057076,0.005911350103195659,0.0006883413788043905,0.005622295659708021,0.008168871744014832,-0.012543165388904463,-0.005479126979608288,-0.0002779541996240828,0.01130933965818317,-0.00302494031301187,0.03285152048321396,0.009349324555075268,-0.0014678675081303322,-0.0016214184992964305,0.004130751159347943,0.012754233183950527,-0.001985311951393462,0.0004406354920631927,0.28140547488714746,0.001148389362859674,0.19111456428474255,0.0023403705380438617,-0.0030808804708076843,0.005555984520386062,0.002639771705422649
04013110501,-0.0016043256842884917,0.026876630766911918,0.03579106892770111,7.894144829809002e-05,0.0030589031445080747,-0.003686152961990022,-0.00670119684738092,-0.04473497861072024,-0.018599788874257367,-0.005921915398140177,0.0053013663953833555,0.0046234526629925655,0.0026903123872247356,0.0001867438838992946,0.001331620789981105,-0.0002814162849630542,-0.020023367915907076,-0.002259193415755103,0.04533922181592331,0.00037788864056478063,0.007947790386153555,0.06255502745494841,-0.008800873295474186,-0.0038797948846311828,0.028589951877859763,0.006496165195704577,0.012791375495700436,0.007468318013738203,0.01275866536949593,0.04835423585108026,-0.011254630823986695,0.004043885495154981,0.0007359754982715145,0.02337655225658235,0.001740394202061373,0.0025740920560925087,0.0006322616871652396,0.007885624210516329,-0.0002827556509908954,-0.010062087078754571,0.008298414865232535,0.004331039641478216,0.002559677890484328,0.006964344927247581,0.011402841864671524,-0.001964754351439806,0.0029346519544290292,0.051887427702329354,-0.0035080324522488862,0.028999690595952848,0.006151043712478834,0.0003460573338997142,-0.0027970401647232153,0.00662399751914363,-0.0013124424385259309,7.617549844855508e-05,0.0023558456994940565,0.17638590566588846,0.0002058347463319316,0.09462144529097109,-0.0029145130422461936,0.28465998133667814,0.0036672319934502855,2.1291978608752698e-05
04013110502,0.0007203267898984439,0.03294654996871887,0.0401575391729098,0.0023670692491565785,-0.0011779653744142138,-0.0035447850658606272,-0.004082409354614623,-0.01787020498400755,0.0016751075905878348,0.003154004482654669,0.005107517912231954,0.006961027656727196,0.00756932495357861,-0.0062644647672052845,0.0005072891369137361,0.0021612750162281627,-0.009332073711009664,-0.0006224025512636793,0.04798444174702599,0.03942211628930841,0.012159407617656458,0.11659902863979305,0.005721979656177347,-0.004781347635029032,0.0964158099290284,0.011228623078880026,0.02199955292926034,0.007864507190983324,0.012851252426960192,0.05617311384299295,-0.014668369090225867,0.0036198141821762544,0.0007125300720615266,0.09014046866455803,0.004390969664045475,0.0008489423286641518,0.0025593370322518,0.009842799519397113,0.0069837687023924,0.010561950330467551,0.006964849138086438,-0.00746630323540184,0.0045992153604257355,0.024475679193854523,0.00025344855685887203,0.00043067853889083526,0.005947514327321315,0.09139899114919343,-0.007490571224902657,0.04269088322641436,0.006127692528338604,6.56034641033272e-05,0.0023468568585021305,0.0073585471874175945,-0.003722986255742194,0.002070679536711285,-0.005328916538337543,-0.02799478240754439,-0.0006319153953174885,-0.11116434943654974,0.004023231074370088,0.2324386710919047,0.005088093393871063,0.0015878229311388004
04013110802,-0.003476073350141391,0.03834727811707603,-0.028966178166772955,0.0006802944910370939,-0.0029980205081509047,0.005867312758872018,0.00012828472511000136,-0.029963607778802626,-0.011218591872547689,-2.204520524210564e-05,-0.004722501396369816,0.010788213461559604,-0.00016190395544369811,0.0035284839420270555,-0.0032278855219144307,0.00314045464961116,-0.015758201881105376,-0.003991373118850155,0.019450580881796468,-0.010238787807733029,-0.0033290180131524704,-0.02307385973902452,0.012415699092355943,-0.0053857464041390905,0.033571715123597884,-0.0022526159197138055,0.010651029454884452,0.01027071281347806,0.015807922122901483,0.05377648366592464,-0.03079531541344642,0.0018859513847749394,0.002879986634405857,0.06277403248924204,-0.0012579523807285833,-3.7384819404210926e-05,0.0008683660628283679,0.000682761018481068,-0.002188901989702174,-0.011800850926607064,0.005107762235183582,-0.01030370175040267,0.007388151595471273,0.04321382503693413,0.007172997618762082,-0.0013833443461687112,0.0008806786242683196,0.05616360592522977,0.012299228765945166,0.022765687536896954,-0.019491460687286754,-0.005507733452357976,0.013419336512657738,0.0016592487129504462,0.001638975697967297,0.004223494138290214,-0.002749462222227427,0.32247058451235894,-0.007025832608921318,0.7053796541588429,-0.00012040901619522061,-0.07884729391289919,-0.001979175800719847,0.004473430780640676
04013110901,-0.008889916705650694,0.03222374394914941,-0.02873240688143371,-0.0039230532048508335,0.0035520343043246704,0.001806236866085469,-0.0005702699965311551,-0.03873599939759905,0.009009001540690847,0.001310267431975985,0.006510573973774097,0.010524520424847096,-0.001853858371175715,-0.003778546760501033,-0.0020948014794285133,-0.0005524648988255495,-0.017655792421356536,-0.0001806769491710158,0.027493471605506897,0.0007257029338867426,-0.0037511989389754355,-0.0225560341317977,0.0068237226081107405,-0.002886593986565708,0.03686671376976911,-0.002174823935019154,0.011590577305276356,0.009681349689964045,0.006950922440975165,0.04379728603377441,-0.035262415100093904,0.0011864449592354578,0.0011206696439461901,0.06034687029299104,-0.0004786675282325127,0.002780959149712581,0.0013930675362291097,0.0019288883119976436,-0.0011674477925066136,0.015560818548761783,0.009078794753688576,-0.005892492298052014,0.006770254205897661,0.04032913934836881,0.005641849509828764,-0.003282897824771297,0.0008443265763951027,0.05593973207083515,0.014902952010411079,0.022454158777609767,-0.017777638191214248,-0.002141249326062257,0.009249857512056746,-0.001106821466499551,0.001614089537951075,0.004857549637946892,0.0029024083840409973,0.2965284823037837,-0.0032090821118011268,0.6745625495594038,0.0031616419392220866,-0.07621640490639724,0.0021122184660001845,-0.0007167472228101566
04013116731,-0.0025500176103807858,-0.005096453306380902,0.02988383483895906,-0.004383399754409385,-0.005786200841881608,0.00846119410707243,-0.0028371775476476206,0.06734888448439487,-0.06879121407401056,-0.013476942910921868,0.014839647679634178,-0.030171943401620167,0.013586927666490592,0.01872054502766655,0.00748317183307283,0.0023926208291209713,0.00027880918823959403,-0.0004415264207036215,-0.028161519120343634,-0.01625820176001922,-0.0005804439138269071,-0.06381407057462862,-0.010479992212445909,0.003941093665883926,-0.18650332390782112,0.0032207991081135007,-0.008351794931843966,0.0010971390318358569,-0.013364493264864233,-0.029639287399689917,-0.018203934829619465,1.2032024452669593e-05,-0.0026473792138049486,-0.05679591437898406,-0.0013299476439033165,0.004662075916856159,-0.0006085675478511519,0.008130072259004363,-0.0025832320399778496,-0.008382384451511878,-0.014052271338767328,0.004033022770536248,-0.014955989539462413,-0.014006026165701397,-0.001861483817486999,-0.014207741149481246,0.009236665766206527,-0.4577224626407994,-0.016000882384308874,0.009681644313142777,0.013891512223620447,-0.0014589857850994957,-0.001907533269748308,-0.007058381160642225,0.006781704392874228,-0.002860304480807434,0.014138092864056656,-0.1404981883598025,0.0003336609936440784,-0.3277218522672528,0.0021004059893322395,-0.1297785087194108,0.008157505013910297,-0.0038803215519962425
04013117000,0.005086468281786483,0.008779313753479644,0.04497644455731736,0.0042129298178805305,0.003690687134206365,0.0032109944834154175,-0.001196296038734422,-0.05529722296967188,-0.03963963407095228,0.01039148908785977,0.05255030565019588,0.010281048626744244,-0.0014661864550275534,0.01114992179634674,0.0005855195712139258,-0.0005804827736459379,-0.014058922636078526,-0.0020975167727612706,-0.02413274205706505,-0.012605493770092673,-0.0002450403968584969,-0.03440671636620579,0.004834651481564189,-0.005833550814742848,0.03454890742516299,-0.0013436375987673796,0.007169064747004254,0.0006857956963454185,-0.006283724459169235,0.00625121111847799,-0.00022805639852726845,0.002025223331540693,0.01867771239963176,-0.04724620874601603,0.0012091337614379956,0.003324594796226693,0.006173290247534634,0.003817368105804592,0.0010135754402556684,-0.011134029543325402,0.010793003008785367,0.002666725161897757,-0.0015065540323436597,0.05116335931358955,-0.03416476626406088,-0.003010553909349972,0.010415958615528968,-0.0005070525408520771,0.017960326334755607,0.03510773915947082,0.014999527681069854,-0.00073268225066444,0.004069335670545592,0.002428824233081929,0.004633830100302421,0.00028677386708566253,-0.002288445348063402,0.22353022229837177,0.014925612903884463,-0.1764505450748246,0.000362652701762877,-0.12308587876217564,0.005938936029077951,0.0023997425655548463
04013619800,-0.0021958109354205573,-0.005354778440298214,-0.057053923809167434,0.0015410355045542168,0.007019650566374661,0.00038115487313358223,0.0033464319891422876,-0.037544132202466864,0.023803288228323595,0.00296433617210567,-0.007749388414593214,0.0015587248691127083,-0.0028875887766293224,-0.0017816703530292488,-0.0023097175950033302,-0.008359285925443577,-0.013496549022755237,-0.0025200095467856082,-0.04595794675423013,0.0003290116341227825,0.015055901493385924,0.12791596118815685,0.005609765294231523,-0.010818189280900782,0.013308746371298169,-0.005185404933817804,-0.020297525976280838,-0.002431670952982478,-0.0077134093738330176,-0.0477599044340914,-0.013255871995403627,0.005410593772240387,0.0030782702169420066,-0.09274868535216718,-0.003197175927406964,0.00019904626586896826,-0.003603833622448085,0.00327356747345688,-0.002634284928270642,0.020045345267850304,0.003159978693275363,0.0006248663232498114,0.005663769859786212,-0.02442612730720834,0.0270030473356071,0.00034702458273628444,-0.004462520466868281,0.05718804035563254,-0.005821543359364826,0.020698318746884735,0.0023849608176861586,-0.0028190287964982154,-0.008771921496425424,-0.002552889691713793,0.003445534669527573,-0.004675780612842115,0.0006577930582041459,0.2177812683142174,-0.0039737823999562,0.16641575469215072,0.0006938800262195396,0.033258378866917064,-0.003319836336457279,0.0003610006289856915
04013619900,-0.001971441239050039,-0.00567085371717465,0.025065805531763026,-0.00579738780572514,0.008270193453070465,0.0029186470307837322,-0.006412172549985945,-0.019959065723588652,0.0039362885526338575,0.005468208783098873,-0.007814149455398878,0.0034131006587122914,-0.006104848442808931,-0.007858079109355326,0.0038093743466380615,-0.00167618855883228,-0.0023307462079013904,0.0005678094653573067,0.013919623690191296,0.02680403717358138,-0.0034082748483846874,0.08861871538927257,0.0063238277314699685,-0.011790222856833519,0.006321522609983873,-0.0011799191681190213,-0.009377332187788488,-0.0038318604197617,-0.009680273322934753,-0.016024660122375977,-0.002540744320233722,0.00031009078907988,-0.0037282270896339042,-0.0679771659512992,-0.002415153792020336,9.43635190193429e-06,-0.0006921603401230288,0.009775046034537906,0.004963154174453384,0.005237345394914917,0.0032478725627170424,0.0002310915500353429,0.005238854103226824,0.0105575104287153,-0.001162014627755301,0.0022199463777902947,0.00886996435257112,0.1160881310079702,-0.011565118147533958,0.018637508574124443,0.01137209168361593,-0.004316534061388761,-0.002032584472642107,0.0007482646177426606,-0.003762004117496909,-0.00018844968708933813,0.002561173014484951,-0.07771476622596156,0.0015958539656827978,-0.21903142544120022,0.00599197283926728,-0.06335787417290067,0.0070950779720044405,0.0021999364474142085
04013082012,-0.0014276583998410728,-0.0017342908460231728,0.0699291673769939,0.018136837931575882,0.01340655738966137,0.0049471187840495826,0.020687919192120017,0.018635854986736856,0.05790186414029725,8.005533552549938e-05,0.010943019460120839,0.0001955373878236615,0.037727089088825154,0.0356168293641339,0.008391145638141046,-0.003981942351084948,0.005491114058481619,0.00889301084935754,-0.015824772931296777,0.027627860808810793,-0.004122938574392304,0.10959623821812944,0.0007541033861074939,-0.009905462624927136,0.08757377113485636,0.011434010463593502,-0.002695335345274121,0.010228301521161394,-0.013759580440790767,-0.016956517586451947,-0.00945660424506499,-0.0007391127075410079,-0.002992544947555296,-0.05666680803471616,0.0013196280041241969,-0.003088578446267283,0.003998854069644049,-0.005937436478335527,0.0003236269998464629,0.013833090723471431,-0.0017286045357812387,0.009258970460501014,-0.001921891745241989,-0.007700297724861078,-0.018815414761387785,0.0012267467845551718,0.011968349196007389,0.00156365266412718,-0.004007715710058503,0.019255151163319946,0.007926880472316388,0.001999889118403398,-0.005674280538969491,0.005653845912397225,0.001520238088242557,0.0013764620318614596,0.005212182815066223,-0.07318479743964756,0.0032174333727061025,-0.17644644828180123,0.008943805912079347,0.021897350516040363,0.008062255214595282,0.005349643551425885
04013105601,-0.0025981269820205557,-0.011175526292470785,-0.09899637393632904,0.0044321794146741636,-0.005160120198940863,-0.002841085847018522,-0.008043170826319827,-0.03580483601047415,0.017696465575681282,0.0022576830797815467,-0.014661174691337965,-0.0027221217141857527,-0.010424014887000826,-0.010506565899762487,-0.002077899058861022,-0.005044655493051591,-0.005889218199715006,-0.0005563720521767877,-0.02987491111771175,-0.022385049328207507,-0.003404812645403944,-0.045737276337023916,0.00517172527958656,-0.006630086795966295,0.09756082292035367,-0.011108679115296206,-0.012396796804209869,-0.007536632849041292,-0.00987966951826746,-0.02406201486384953,-0.006667922266698283,-0.002991097395328002,0.0048535646106904464,-0.035826911569270106,-4.07715946702538e-05,0.000424161949966901,0.0034496955981479795,0.002619073939059517,-0.0028033086856368134,0.00937809571667242,0.007117487620913929,-0.0034237742764467436,-0.00010373266551793217,0.013373436139052272,-0.013693587958823068,-0.008153355989135627,0.0005052861824602851,-0.0022545895550984342,0.020280313709600376,0.035160220696794635,0.004860103880559088,-0.0015911149219279218,0.0005400816263690426,0.0036257001744803632,-0.005844115224378698,0.0010291851653251353,-0.004823406371711991,-0.09498963856975058,-0.00042125662163689946,-0.23403548551842085,0.00208279992789423,-0.18328683981898794,0.0025503911424587565,-0.007502197589120084
04013105702,0.00020948181283243772,-0.01406504142940858,-0.09067371035746333,0.00471265191839304,-0.005956462822212743,-0.002349253222634056,-0.012203261864544053,-0.0365724383322006,-0.02897493751865856,0.0004825289499653687,-0.012376201427990159,0.0039249997454427026,-0.003881764153353373,-0.002762498707187614,-0.0016626160089262447,-0.0052093984911367455,-0.004968785139642958,0.002548824639579318,-0.030038363663081567,-0.017841103469825873,-0.006293339760257145,-0.04968433497830826,0.0015812990291641834,-0.01137231235720483,0.060805926276165864,-0.010482455089422546,-0.009683290192974139,-0.0053922941304714,-0.012742800041903927,-0.030081534680668924,-0.00496468206131836,-0.0034486400580333626,0.006326221518067721,-0.029410705632807718,0.00029283512033183914,0.001936294778267191,0.005173936799711538,0.001646181173654338,-0.0006096205317901984,0.006622702535446259,0.006967509025808093,-0.0043809371146269595,-0.0014405122851837728,0.023612356350983313,-0.013955012674970124,0.006427761327562416,-0.0003011343188963103,-0.009749335572272321,0.019098159995976433,0.03689130062848498,0.010331700589490593,-0.0012768885933125017,-0.00031413604080701116,0.0033432214490366767,-0.0022170779197662285,0.0002773703055868213,-0.007721678239002202,-0.08369048508487043,0.0010728630684776648,-0.24245416447695967,0.000837377520382753,-0.19018007222079783,0.002310509658222454,-0.00234337783869924
04013105800,-0.0015239496913903678,-0.011699762631449027,-0.06856148542150133,-0.007547543939357114,-0.014906915951453582,-0.003674451187440182,-0.011141372403403876,-0.03066441442729526,-0.06204462586879424,0.004451562799533875,-0.014646510550786047,0.007050732312181203,-0.0026633667356053426,0.002151986646615762,0.0015332490273546693,-0.005323491157766151,-0.0031116478487838895,0.0035165506062557403,-0.028426394571326907,-0.020125293573616764,-0.0017301596259410772,-0.04893546567186682,0.005279978903324767,-0.011260723498535092,0.04995471969127146,-0.007371299594284768,0.002163608190166496,-0.003480382843133869,-0.011692082173113799,-0.029933377415896693,-0.003953185301116011,-0.0009453813919310546,0.005325215807227521,-0.01926222405403846,0.003828425029877191,0.0028064012205250314,0.0038706772557736326,0.00885106348572773,-0.00030623525607219705,-0.01641963709606443,0.011864207353384986,-0.0034507032069734135,-0.001924231636577498,-0.0040513320925397,-0.01432274367388757,0.021101208775126504,0.006577935509431424,-0.02137547641608223,-0.0052244404496439665,0.022301956826786887,0.011581487046669328,-0.002799042491937037,0.0013839073445487413,0.005745669142115261,-0.001746238291584278,0.0008540369295439872,-0.005097972971369364,-0.07994687160370076,0.0048578888081699835,-0.24001051512778473,0.0072855980637524295,-0.194421161526987,0.003950441637662547,0.0009946467031410652
04013105400,0.0007266974985565897,0.03186750628101576,-0.03632933186820714,-0.0046707466201530885,0.0007356283629601711,0.0015226480341781717,-0.0018661216117397566,0.08526726468492458,-0.01704423813828821,0.0006396903522224904,0.009742537897959772,0.010797993572303698,0.00026480446435037195,-0.0068231656135058685,-0.006569855273441387,0.011477185256806256,0.027852200915550827,-0.003831932822283752,-0.010956607774889248,0.013536603520483964,-0.005620193729525312,-0.011526631963100714,0.011742680501065162,-0.0036823839944750848,0.11159274097080195,-0.0015401707816989746,0.010255219637205932,-0.0035924663069237055,-0.009106789333045978,0.08195610829251908,0.1250619750521013,0.0037398553786773896,-0.0050794935798807745,0.08691086114274323,-0.0017423350686923218,-0.0036300636654877285,-0.0028232606633407523,-0.0005201786658691666,-0.00345529324268594,0.002656771351754584,0.006579289920076452,-0.0022399333807309467,0.003456418475202988,0.03318264021745542,0.005762452656772513,-0.0011098939691269742,-0.0023316361385457636,0.06481523643196228,0.012622486620396871,0.022627416998462845,-0.017684474057886864,-0.0009960887391685302,0.008504574554489613,0.002440308594987995,-0.008801931242428333,0.003691697027141213,0.0007032761078920284,0.41918589178752985,0.004564252029746363,1.3228686972884354,-0.0031630713079429077,-0.07848847035611271,-0.004945013843757453,0.0010454085092101225
04013105900,-0.005199914283333055,0.02296696776959855,-0.012514565377535952,0.0010799654183542339,0.004140678142466113,0.0035064035093258054,-0.006868068195670183,0.003258643653885441,0.02192811130600173,-0.008512859166304445,-0.004618743116796445,0.008780597191647165,0.005122985487088493,-0.005942368639643618,-0.0030176687976372243,-0.00511573261756228,-0.010023667472340165,0.0005611317429982305,-0.03321392560983485,0.01970861376459866,-0.0030248672590284706,-0.0043812309531540096,0.013563654396885033,-0.00663407561237679,0.04548882723624379,0.0026790741819028826,5.293414583283671e-05,-0.005542136898177585,-0.0075271577502946715,0.04605049656614024,-0.018609105292778677,0.006561188739848439,-0.00440581405557018,0.06435581724997835,0.0020062027430607374,-0.0019850419046248216,-0.0009878732369653304,0.0033012356639624254,-0.004448693457382919,0.01624589642594589,0.011639688990130492,-0.006726191851914628,0.009138950714373411,0.05131639331550214,0.00380841505413153,-0.0015069777345403654,-0.00843971341452017,0.0726400805991244,0.016979230515719243,0.03528267654248093,-0.015995661790242102,-0.003124142091380453,-0.00032508835106333396,0.0034070196766368,0.0008034011894293233,-0.002954769983067611,0.0028544582487509632,-0.05079756588928592,-0.0166697628218279,0.33003876375295704,-0.0061362067267789104,-0.06013958672787813,-0.00019002793921333233,0.0005334424368186269
04013106100,0.007605700302065656,0.03370153562815001,-0.024463003851035947,-0.0023343045289233376,0.003716962404157542,0.004297555558163602,-0.0012750205220668717,0.07582689236997145,-0.021901429960984438,0.004054261429327546,0.013206285402499365,0.010865871561263658,-0.0015808064109759008,-0.012932848194693725,-0.010225412679035793,0.006953731382637684,-0.0028258898069570527,0.0005091811103930094,0.038243605507607144,0.001242143102113403,-0.00032268849567948315,-0.026504698855721424,0.01293644165476397,-0.0023896306025701546,0.0587709117390008,-0.003777641944982444,0.012392946647851535,0.004110685326349632,0.007169133383378746,0.0409467722050321,-0.012774174067539824,0.002890115036929896,-0.0035470110295878873,0.08043005193316255,-0.0013311575527171094,-0.0016634936074649282,-0.0016240787255759688,0.0011596646587364338,-0.00201640565920966,0.01032029403600915,0.01318326391300849,0.0037485922022190664,0.005730169565804298,0.029461455907203282,0.008857201257968204,-0.0021402034088822287,-0.00256569952265465,0.0643684875506853,0.015057574035684343,0.024734749499580055,-0.01943744061397247,0.007869833586536581,0.009311362046445988,0.00685747496017585,0.001271949058664883,0.0033352832826961326,0.0019078609470879035,0.390291979331838,0.014619443384723544,1.1765822685782108,-0.0003245987579628317,-0.07629471807950165,-0.004098696637481754,0.0016657970528999653
04013106200,0.0034980168328573617,0.033692912893686866,-0.03463283174649249,-0.0037524002085874766,0.0031033840770069033,0.002036177161098063,-0.0031170474607091388,0.15080139762421274,-0.002834131079202342,0.005596261752075161,0.013646606425599884,-0.015570509801068836,0.0010469808300044943,0.005652930201041296,-0.0013820373386878415,0.008308041512398705,0.08153346711385492,0.0010856346279222756,0.04462967332006488,0.013732879194755923,-0.0002983244288435397,0.011948680643535858,0.013938585161377779,-0.0006942926355851288,0.12165931120313912,-0.004002152503330775,0.008983739645072349,-0.0013977594300005598,0.001491678282957674,0.05000612176984633,0.15191312042717695,0.005832141756076824,-0.0024094394961875236,0.1028047750651817,-0.0009713418977817229,2.3062115738627385e-05,-0.0017688148085841736,0.001187956193124963,-0.00397117814079365,0.012010429367888664,0.011374458582395323,-0.0007301017552151806,0.006342922570654643,0.030798350143098865,0.021117478832651145,-0.00023191430831814296,-0.0018356832700300247,0.06659366814623001,0.01429162529871842,0.02386829016767329,-0.017012734490465017,0.003746322386321258,0.006526545242765394,0.0006644112046670145,-0.006472464461727936,0.001739433488393469,0.002807571282831804,0.43160722151138314,-0.007460397825456178,1.4175583371559126,0.0014709982055106266,-0.07884548259397646,0.006488838060975689,0.003301467564188092
04013106300,0.003710851588631053,0.034793453910442036,0.000141183848969241,0.0019979960273434644,0.0010543870579836083,0.005996584135508438,-0.00017971874206683275,-0.03218031532850173,-0.008445826249738664,0.0030315050214902743,0.019698058946413858,0.01169969670177603,0.001008079699823015,0.004380953742965225,-0.0021565504208969043,0.0027013708923062677,-0.018983918334985857,-0.0009680424215512683,0.00047346742104941076,-0.009855956155213137,0.007804327459650675,-0.005246955544841533,0.004768454204667667,-0.0028703688246342067,0.0018521339157947978,0.002128700280852512,0.014437385316415413,0.011434377873596878,0.006993239639423313,0.05164317115280087,-0.030789748246611785,0.001292416825307222,0.005718132137552251,0.06992802614460003,-3.189391976479122e-06,0.002424328338125303,-0.0019319206923144225,0.005430691313896296,-0.002328425915828559,-0.011865821370922978,0.005539518243960431,0.007319700445817944,0.003341028052928127,0.0484974470561927,0.008061479300677684,-0.0007865025802313624,0.0008096346751263864,0.06848850687238156,0.01614694884964379,0.02013045635860263,-0.02056937334306111,-0.0038044548131621458,-0.004332041132867397,-0.002274709176541196,-0.0009563732638953958,-0.000921229928916929,0.004011462995140493,0.3411260279641347,-0.0005405295538065492,0.6288207827572042,0.0016303839438749578,-0.05423793710515227,0.0026275137834817436,-0.0006301311154003063
04013110002,-0.0015608377498977628,-0.008734289670687467,0.027073842455346192,-0.0025843564247560033,-0.008554460328295273,-0.0005953868662382263,0.00023162698031982583,-0.03135207708054967,0.03426986299722706,0.004020293178292217,-0.009667409028878271,0.008789134307798527,0.01886214668321175,-0.0004833226060654502,0.0030314582908296844,-0.000312459634457719,-0.0076579310685334105,0.0023747854247427405,-0.01888103422976604,-0.015824100756235932,-0.008148867539373642,-0.030297583678245303,0.0020323253969340106,-0.005620246918531937,0.13040416777523384,-0.003605307802242952,0.0019449256234959898,0.0024455354580022425,-0.003914067655322181,0.08841856264180446,0.008629904085203591,0.0005069766136914619,0.004097089574006524,-0.022764671602120926,-4.756911515499787e-06,-0.00018077184273541575,0.0021589039315276066,0.007928051339786689,0.00045582906317799445,-0.009071027003872058,0.008754645598192747,-0.0013284006229472625,-0.0002984558000437711,-0.0056537620065754395,-0.01845082485757315,0.01471292585045752,0.004575047541039189,0.009582843301390342,0.015739573203140376,0.02066062516351103,0.012578389010041527,-0.001168430193298172,-0.0014337699307654887,0.0034147382435882746,0.0036177626073051997,0.0019429546882115776,-0.0015427246191450136,-0.0655266453992226,-0.002657922968214581,-0.1933800370326055,0.005933283149746909,-0.14330721033496366,0.006512551799612796,0.0014722784313619937
04013110100,-0.0023604879170274497,-0.0062721053779470496,0.03449801042016791,0.010954566267256563,0.00902565087052341,0.0035912370907537463,-0.0030383359300801683,-0.030675594875414283,0.024117504507482207,0.00165785188849494,-0.0067654912006259605,0.011006684066668071,0.01589830567315196,0.006757632425960555,0.0047397484530598095,0.004558896228502198,-0.0007896927916261691,0.002617191407295886,0.024811693972298553,-0.009107024731316672,8.17558518947151e-05,-0.03763771532691622,0.0014711214623137408,-0.0072965644624421525,0.05680249127851418,0.013723143978714344,-0.005725823071463683,0.01128655137638581,-9.52042110750802e-05,0.08518582582417236,-0.004467818726426963,-0.003095409895826416,-0.0013850322762045445,-0.02884838289018639,0.00046911517130892184,0.001814567883700346,0.004890038947263587,0.00207305933051432,0.0036477603146073518,0.009662073869394052,0.009324238765868013,-0.0027754903118437494,0.006323576636190931,-0.00011046649291306934,-0.016962054352402382,0.008431657962070058,0.010696197126013449,0.014325775154047113,0.030202225452352086,0.049567787191042434,0.01186391965912997,0.0017747670631029888,0.0014207824951318994,0.000720861914164665,-0.0020375971931769123,-0.001553954321792231,-9.725261473071163e-05,-0.06930361598732869,0.008076430886080453,-0.1986067897347249,0.002370508914019896,-0.03016778605889367,0.0064825019308140126,0.0024683589194444007
04013110400,0.008208814092289959,0.05093979772552421,-0.06153720275300489,-0.00031011459535836233,0.007189387682613929,0.002787202952164627,-0.0062373599182472695,-0.07040955275206895,-0.017932183307116788,0.000373686374278753,0.02747771418999032,0.0035349562491711374,0.002818937593568523,-0.004773654458652502,-0.0017565678059968755,-0.003740961016251008,-0.013043188846304746,-0.0015072837227632719,-0.03388586191508342,-0.01836567445299173,-0.00244106832652284,-0.028153884438090297,-0.008223528550110394,-0.0053512189900682405,0.021885642309567948,-0.00159920428501885,0.011231592106124682,-0.008015687438310916,-0.008213052426642017,0.05422849209853392,-0.010739491673217597,0.000465662851788896,0.006048469934768852,0.04944738617767982,0.0018370502669339153,0.003397104278365535,0.0026304155097491284,0.00113417123104471,0.005683706358872162,-0.0030636403519094294,0.00989673070445748,0.00019439916897630877,-0.00348044786869873,0.04182497692547456,-0.032560398492043584,0.0005080134294296225,0.004768860801083827,0.07091012467584255,0.012855816300260264,0.024812452456987613,0.002049310916745796,0.001172103623167345,-0.004373225431175863,-0.002527135025949815,-0.0011102953575113366,-0.004114785150380768,0.00041265448793716857,0.19316538481575513,0.0002550882351548583,0.2727305829131445,-0.0008047246383595755,-0.10985523491280343,0.003962973121510523,-0.0013832814788410494
04013110600,-0.008315888524998321,0.02287844955327122,0.003055093186954233,-0.003532550466032188,0.002813041584636889,0.0012413035630222428,-0.003245538386029164,0.06584237588749367,-0.01613766380497364,-0.0036850125764774,0.009847447665817756,0.004177182051506047,4.345486848732257e-05,-0.005519118921096981,-0.0017478372358018396,0.002598208234551921,-0.028583157762931896,0.001401605580016863,0.02404302286121173,0.011579980797528816,-0.0005370623584319837,0.052720684156541714,0.006389048786080235,-0.005425352098319665,0.10801545920528907,0.003048199871733698,-0.005938053262303252,-0.004777966432360557,0.009526269465312286,0.06992857158765019,-0.03975023703008391,-0.001976937629035832,-0.007835136014796674,0.08123757394248476,-0.00043895612026314027,-0.0008611753123272683,-0.003416928497038574,0.0024679719078056915,-0.003301936579372657,-0.006603891741242489,0.002094960573153933,-0.002664944147928848,0.003849006126435382,0.030682658599402852,-0.004033592333849417,-0.007941296453748796,-0.0029913205493228893,0.06399962105153253,0.01175483789449701,0.013068038557396171,-0.009888599418690833,6.98330487301721e-05,-0.0049305160235118,-0.0007626911849152329,-0.005014837229854618,-0.0005862858386449165,-0.004725769384915062,0.3091368833315995,-0.011459583410681286,0.7671082037147554,0.0017341916727977291,-0.08065906121115442,-0.006955173616364096,-0.0004769506214864545
04013110701,-0.002787791695285109,0.07698189219439444,0.06083680019586983,-0.0021955909034665133,0.0077078663494068046,0.0014970953952233533,0.002671636017762032,-0.02106808613040207,0.021258238159223168,0.0025704722241285585,0.07068712440322399,0.009891009020727584,0.00982147337450529,0.016880198161816497,0.005650716535472764,-0.001289901834271496,-0.0019010265602273193,0.0026841105987014374,0.05089497047777227,-0.009689305779223592,-0.001709754953105708,0.005213241734089911,-0.0015497507390134216,-0.002845847096106385,0.021598764573033724,0.01712905907602939,0.028585144546158556,0.015943333059780015,0.012865726314316666,-0.01592452667132841,0.012726683531662071,0.0013424833331445094,0.0015961914375458193,-0.03711547637286834,0.0018337923922309197,0.0021842418599365312,-0.0013901013856518225,0.008316838200517854,0.012761903511730047,0.0012239696891594804,0.016040382902458204,0.003003138598660823,0.0038794581088211974,-0.0029483678020508328,0.008037325960375194,0.007522179337765564,0.010357181187169604,0.18375753738154524,0.05992133926803828,0.03798653470731275,-0.03188604347305587,-0.0006165126406447487,0.0023844233682961593,0.004015189810837572,0.008130402794239053,-3.308823065855778e-05,-0.0027952686838875977,0.011683221787620875,0.0013016621497987514,-0.187263267640303,0.00845130021228095,-0.06993530413774435,0.0029645217959268994,0.0039162959611279006
04013110702,0.008350272967101866,0.06219589156537593,-0.03613614022428845,0.0018379081326719657,-0.0032690330505675946,0.002993294898918696,-7.641343717217889e-06,-0.04453760814386836,-0.013376640744971016,0.003948234402803794,0.039456100090854165,0.002639834427228453,-0.0014414971783500653,0.004980106682199207,-7.916666002227557e-05,-0.0015270742534058655,-0.011863473357547737,-0.004860953350512653,-0.02691655327154914,-0.01594998013660734,-0.00608977298580792,-0.021675721796485577,0.00975462308855714,-0.006727826116001776,0.05965234342989428,0.00028350323585689125,0.01702110183446731,0.013151408137216544,0.008812382194598902,0.056389651309246856,0.0005270030232522931,0.0021464398046966487,0.006774105277431149,0.0591462864809205,0.001595732473207507,0.0020813445576670963,0.004500219851434249,-0.0007555292743823719,0.007523845558831129,-0.015144925772540892,0.010596329818461283,-0.0038304965508581777,0.00069611749133851,0.051000396618116214,-0.008454216041279498,0.0014441379147816676,0.0009114994479416732,0.029911263467256442,0.02167832017039145,0.02649923281690103,0.004456257822889486,0.0016508168902090823,0.0008013347392000789,-0.00018842747309392535,0.005337459628139479,0.004490266401179185,0.0009697206544288093,0.2339071958865011,-0.001977672824056116,0.2674733983203913,0.00379833248700035,-0.10221259392417203,0.005552855149363518,0.0031393740239521613
04013105602,-0.005720075395478138,0.005367453907298256,-0.05584665672101536,-0.0043948831410977034,0.00745526052923853,0.0015506312905581082,-0.01126664208532125,-0.04344194350094574,0.05083632708175957,0.0022973926300616466,-0.009416355340897319,0.005361262858708123,0.005688203705258146,-0.006373565896308972,0.0010117092013372647,-0.002632400451425596,-0.012950299304597247,0.0022204799521805953,-0.006322935642906762,-0.021203726172585445,0.0005858592275282127,0.0502851019207892,0.003980235572853536,-0.00220312713302994,0.09019300134658848,-0.0048591530860667715,0.002209577953870144,-0.0015471375955919335,0.019287275890086213,-0.00017900904986974128,0.0014846343819569833,-0.0015147009959102812,0.0033413916918289097,0.008552635409181938,-0.0017092322609626072,0.0029427078116881673,0.0035512434307151653,0.004214386023937241,0.0017553104244517233,0.005915207217172418,0.006507085810810329,0.0028485467993840025,0.010241748852127445,-0.008821276067826928,-0.010423119942577119,0.01065366948721988,-0.0012157844191364217,0.014513801485481483,0.02615506185466814,0.03843343324612656,-0.002502277548443746,-0.0018015910720998046,0.00032628876480797177,0.001460354620189394,0.0017898403190925276,-0.0036131387472783834,-0.009408455825469557,0.16246810077819923,0.0023532334380455457,-0.22845856453364485,0.001550797282352123,-0.1647657073702276,0.003444052826863127,-0.0003641891163766289
04013112100,-0.003376991352593245,-0.0077300860957092675,0.03884830638644633,0.009588615260779134,0.005312459121321095,0.0005427140607841501,-0.005650841445589077,-0.05141768909289918,0.020058740376208212,-0.003667125693893701,0.009754592582034163,0.008551570233591382,0.010765195467134602,0.01026813838776999,0.0027959478862396026,0.0022017652248231684,-0.0049789302320016,0.002801343721687936,0.021958705845715406,-0.005886163487967947,0.009266821555100863,-0.046488860316842726,-0.005581455301350945,-0.006375915232108359,0.00032960044687832226,0.014436961930537113,0.0050414458820797385,0.01119162199605781,0.013714590442750578,0.0576726842045783,-0.011832246911736718,-0.0033915158575437833,-0.0036072435774433865,-0.05684102225294367,0.0008080790115016097,0.01246894421072197,0.0038259489129694366,0.0036008543515600993,0.0035516964408470867,0.020566744050163687,0.009418550415853396,0.0003109968544305687,0.007120638129585184,0.00779747248094251,-0.014304752383232429,0.004244564401508216,0.007221234029268733,0.00891411704810875,-0.006745739515713085,0.045104901090270606,0.007733804614799669,0.0029954277520161886,0.0010817572217250134,0.00018628026995652375,0.006435744918682986,-0.004014248123370946,0.0026107451765823094,0.17859637422918628,0.011792650866078625,-0.2423014058929135,0.0002265078016261103,0.024918293042621116,0.007368321064137617,0.0037979360726873765
04013082002,-0.006480760278310654,-0.004639187666547285,0.01382315801303479,0.003666072575796671,0.003139141707425447,-0.0025353284984648383,0.028743420353813876,-0.02936906433428744,0.07566856456406648,0.007603980139810373,-0.011550412857576454,-0.00331444996054448,0.005859468390448316,0.008522719357010877,0.0016248628203048784,0.004687137426679778,0.0018649443395194454,0.0051647114315338015,0.0008312789285841712,-0.020276232619717907,-0.0038252507697955724,-0.004299991710011028,-0.0007554532965637746,0.018088237540727112,-0.0935036396868958,0.009490742541284776,-0.006715471469730547,0.004839775896614243,-0.013589992281033582,-0.02151098527426008,-0.015403128433947618,0.0008789320204718936,-0.0007978885786083802,-0.03757538321527656,0.0013434087616817632,-0.005479717820992559,-0.0012806964316371486,0.008622498919320121,0.002065037933153998,0.03347763005362561,0.0002949840359193109,-0.005642888549490909,-0.002477997952405908,-0.007014313501794517,-0.017978558037727452,0.007941069489379981,0.013696201513886038,0.0037665208639752036,-0.007445283638845267,0.014986103929892459,0.01267187522484233,-0.0005279875892005113,0.000888427190547286,0.0023616069894792785,-0.00406592270310252,-0.0017494615022899467,0.013265138932621564,-0.0764647115391539,-0.002676319490367897,-0.2144863178693924,0.0016106771384312506,0.04940387582784841,0.005558687641812117,0.001980618096917592
04013115802,-0.0057738727137424395,-0.010424195344983041,-0.06327689080884838,-0.0016685195173272549,0.003927837768075639,0.00261679712820182,0.00872261103673672,-0.02503399025719879,0.02192324140353395,-0.0034965905070260214,-0.012064614049708319,0.0038456970496157285,-0.010922357654478583,-0.009134944964999734,-0.001732823302947924,-0.005402557163828879,-0.004816039047412423,0.0006882640035451001,-0.027473036551233912,0.009225488831427769,-0.0010672805315713463,-0.07199068423315802,-3.091289498310152e-05,-0.01777257155571662,0.01574176334755393,-0.00630358266952412,-0.013171090674060026,-0.004380468659496768,-0.0049185434114885395,-0.03897048902447143,-0.007971949828991977,-0.0032368207354245134,0.0026494314633154037,-0.038016814026264875,-0.0012061477864283039,-0.007121122369995526,-0.005825450604968604,0.0055136114231067075,-0.007781585753147266,0.012707571571598453,-0.0051711916273893144,-0.002807249174344474,-0.00023721349679907682,-0.03371954315574304,-0.02140768938397766,-0.008501509639245727,-0.00928582535946334,0.051811603218807366,0.012707602310796304,0.03115448458814783,0.005911076316160087,-0.0022969566294183527,0.000400827553307247,-0.0010778655714370068,-0.002221203277910918,-0.0028435470239419887,0.0060145999839893915,-0.10115737700160037,-0.003771809703544908,-0.15629633985820843,0.0012079405318770823,-0.08689893252812063,-0.0008227179789638489,-0.002191895262484467
04013116712,-0.008943923688133668,-0.0009258793169424187,0.05349730961234274,-0.006365059188218951,0.0039764970909837135,0.0005249353046551362,0.02354693709362624,-0.0016620973698360899,0.003346376356727273,0.009611347747780817,0.0030816605828137334,-0.0072674753899746565,0.01410814683825707,-0.0029211600752895874,0.00015485153424636214,0.0021674408287302295,-0.0018354563281810102,0.009545274203625123,0.005060431055713447,0.04166606879890677,0.00612672347808429,0.11240682504166705,-0.010908845528459605,0.15877361913119023,-0.11617382347875524,0.011471073225317414,0.013056466249751647,0.0023391649134103117,-0.0013158324382998023,-0.04004636128450033,-0.018781401253935414,0.004912257536262835,0.00750767908317107,-0.04761261360063277,0.00174015914949313,-0.0005256055453339927,0.00026511570109694635,0.014877440001874437,-0.0013454598715648043,0.010237648634625946,-0.0009093895477097237,0.006341198956651644,0.0006021215527796189,-0.017471663407903834,0.02468543623855792,-0.0002741602424137302,0.0072108647713294985,0.006892654731890036,0.002321955152864014,0.020269444380779066,0.005984799261985562,0.001050804292251926,0.0012228548299543472,0.007528683425953309,-0.0026784356599518027,0.0005508018431968772,0.009395090293257075,-0.05704905591628645,-0.00037548843798362674,0.20884548860867547,0.0017771189599122533,0.08494748713065191,0.0049038395194083186,0.002360202438698564
04013113502,-0.005235624808889681,-0.008096503621016429,0.00629037896360867,0.0024129118344594766,0.002520888849473173,-0.005230749871495782,-0.007014106012518499,-0.04591862052317376,0.004634576129956065,-0.005607810495542763,-0.014744093553232545,0.002380673516185847,-0.00542731372645002,-0.009847596514293748,-0.0014765207014714168,-0.0034284651375940333,-0.012688602462721178,-0.0007875013759122989,0.013522790175964146,0.007459788488086561,-0.00120796582507844,-0.06543529533699154,-0.0010512492238312235,-0.011481132406062366,-0.18912475443030152,0.009376096011990779,-0.016235928895838886,-0.005075186318989151,-0.011743440283161188,-0.042946925543613144,-0.008925321656510629,-0.00994833335571826,-0.004788681512359898,-0.06873341642020737,0.0011721699394659194,-0.009754242856523909,-0.007296848563149842,-0.006914027374805542,-0.004145765800855954,-0.014926157736852413,0.010821311745973389,0.00016448468102807576,0.004183401517841887,-0.014231354682044298,-0.03086061540753174,-0.010027818750893282,0.0008628294990074699,0.09653851566871563,-0.016272231756106103,0.03315485908255785,0.0033816521657173424,-0.0018122994670498281,-0.003281657655173127,-0.006142725942804065,-0.00042382784251264027,-0.005916523228623629,0.003575695108827693,0.02371186708752203,-0.0015620997138565077,-0.2485763232177799,-0.0002914991845158644,-0.036356238136829123,0.0013548696612401651,0.005241037012096629
04013116713,-0.002978015282825052,-0.002439289518521678,0.03743622201307033,0.0028352764042396577,0.0012010925249099661,0.010171289998910218,0.0027820689397756513,0.17848114141325006,0.032380062807931355,0.0062015908235388394,-0.0009802142113741084,0.00016021402033431168,0.0010383015304966743,-0.0012459310394957687,0.0005503665786666057,0.0009715063656721666,-0.0018128920803603683,0.0023336024334551404,0.061185691471119276,0.031025323601248222,0.01599503598517732,0.17403041998697216,0.018076838164897385,-0.008250697561856668,-0.08284695610844423,0.019194919036714064,0.007573712100327526,0.0026329040333072182,-0.00229658296407087,-0.03414990063192379,-0.0013874011758576218,-0.004104219626147809,0.001743966600844377,-0.035766827857670803,0.00476953013692989,-0.00014587249492430083,0.0063394750297251536,0.021503474421228522,0.004009017831248954,0.03555553427292189,0.006150796152144455,-0.0017049454596689492,0.004238068390346115,-0.013890484840655257,0.04859132788421272,0.011684268031282932,-0.003232206392116082,0.06053107062027641,0.009673227700604968,0.02719322060582334,0.01108574127429459,0.00018659897955231977,-0.0014891501037103572,0.011261951795313065,0.007601772970361142,-0.00032976045200264203,0.018287056215371366,0.2987187509905117,0.0008116883211269472,0.25778242337908747,0.006120307563571343,0.23060678036783516,0.008620676957025841,0.001895963180094179
04013116714,0.010877802292430128,-0.002608863433336114,0.045189069233483,0.0014673750338823,0.0007575111044449619,0.004522211250470789,0.0207360833936208,0.08911831186019956,0.03932823228759967,0.004666135980224769,0.006232040964950749,-0.0022742608742888416,0.02623270755747874,-0.0006598161646385061,0.0006214835707595098,-0.0026081862807634825,-0.0003727850833894107,-0.005476948421936456,-0.014311946618230723,0.04006488294142961,0.007303710731756694,0.2079816333694291,0.005913965674831928,-0.004257984760724159,0.04097580520737487,0.007261298620148499,0.000853897929046109,0.0034567097755174186,0.006694131057645793,-0.030070100932362512,-0.01663670881322716,-0.00544041564789002,-0.002756105789636813,0.0848870221664965,-0.0021310356217731346,-0.0017300406850665744,-0.0001487318947203704,0.026124950109766853,0.007346791268964022,-0.010088721041942016,3.467090455084685e-05,0.005138895642733283,0.0030676034697420603,-0.01241056141329164,-0.001945807756509794,0.0056460407433877305,0.01205771140895635,0.028779021101496594,-0.0020831256742236274,0.030981738455620578,0.007224471545226766,-0.0012257624062652244,-0.00012227589864760599,-0.0022320554824783183,-0.00378185877355923,0.0009573223349821542,0.007281739056800038,-0.0784163468779492,-0.0008060707785285973,-0.1307580022783488,0.0025947722864217287,0.5260664225846139,0.006288476497079478,-0.002637492135607631
04013116715,0.004813781552864066,-0.009057826254523343,0.08942725439054598,-0.008124686636113787,-0.002953029082712954,0.002875059397253624,0.0005496432969314242,0.011213490357605282,0.03651043474297076,0.005319520803289932,-0.006981302788961519,0.01224386561787345,0.03661663764646368,0.004340630001767893,0.007343831048148615,-0.0002870342047170186,0.004378586545371305,0.006179183781586652,-0.024316799858388766,0.06325937586695216,0.0252477980799923,-0.03975989101659035,0.005676205012367257,-0.005376020366670562,0.21769230580032478,0.0015553348699054038,0.01971941060607511,-0.001220734409553347,0.008772681621084836,0.09253490496736146,0.010179847616383238,-0.0008390441695233813,-0.0017981428273947182,0.03725278803341194,0.0007149326020273726,-0.0004461405393855235,-0.002522093093664431,0.008248828768338394,-0.0015122787181953026,0.0017638200097228314,0.0015237514903584332,0.01964874972233154,0.001005861345944966,0.05576727503368524,0.001785479876929008,0.001450968947747869,0.003120210413775096,0.015175435592088338,-0.008223209450250072,0.02791279061957622,0.007405827886655054,0.0003543702488209229,-0.0024326088582747795,0.005328118931245276,0.007250705942178484,0.005101473455076104,-0.005740895808412852,-0.053721247634723364,0.003511865116052354,-0.2132740431448496,-0.008581396883218396,-0.1386938282933071,0.00991637433476293,-8.340663606956751e-05
04013116717,-0.001988024554980289,-0.00668224879150107,0.052157718641140854,-0.002173320646528453,0.005620141155676157,0.0037556985442892977,-0.015882865709496433,-0.010708102611395678,0.040228143046986055,0.009056285715182001,0.02722113039515944,0.005463614378906682,-0.002573263806330378,-0.008233881368377018,-0.0047709807977385785,-0.001182712728257831,0.002225002452772164,0.007352279467407132,0.036952711221155184,-0.013231878407257076,0.006412539244207269,-0.007568549463835162,-0.0024153159351353527,0.04673042800290982,-0.07747557275979694,0.014041204434221435,0.013380673270061186,-0.003245680981649506,0.04741947043322714,-0.022734310781504372,0.009033476465216175,0.005007939168945916,0.004954358979678934,0.07894743276215807,0.0006745189956146566,0.0020533395436680506,-0.001327194408868511,0.0092511930003548,0.001113286044066057,-0.009597124421041287,0.009885501438349329,0.006368819708205158,-0.0004679104527962432,-0.011410864411589542,-0.025865244359012114,-0.008852484706669873,0.0011052001916793059,0.020174947796835575,0.022556984432937976,0.022401245833663937,0.006799272868349646,-0.0013162265168128698,-0.00041371339161909665,-0.0023569923186487914,0.007494230501392347,-0.0013819019557749946,0.007840489495783363,-0.08391067805337012,0.004999926516517475,-0.22313599537472203,0.0006648945079926171,0.03424019354924807,0.007543799062192332,0.00936915715478174
04013116719,-0.0020719772408342315,-0.0034653344502327856,0.03933908922990927,-0.00021184729538312934,0.0035356168855258576,-0.0007576992549945828,-0.0012963162950463015,0.1253450427800534,0.029775794867552975,0.003008567495388797,0.001055952341225145,0.002660421083815277,0.0019566018869322313,-0.004221776070149288,-0.001238298295286669,0.004149543706813579,-0.007000493403157992,0.0031249525269531043,0.03719174694669383,-0.015400162963520423,0.007906018380461123,0.1960928485697249,0.016932306797763686,0.0037627232589872482,-0.07507825701494704,0.014469912731973329,0.008625825141346192,-0.0011355093554704055,0.018412350807140047,-0.028613539408691702,-0.0012747606091072757,0.004948701285017129,0.005009519183563187,-0.0548834947019643,0.0032191032517510498,0.0017929334008573224,0.0016571724394780342,0.02194943259962275,-0.0002869154660158378,0.0013168461036566145,0.001015379137622782,0.005135456960668982,0.004755731793414649,-0.005165010055872982,0.0642394344130033,0.013609230903582887,-0.00044408140714777657,0.02108949583578642,-0.00014980927937681028,0.02142092846850424,0.008848018920808193,0.006338938985969829,-0.002227103719000004,0.010169162457956203,-0.0010213403668691964,0.001270455681182354,0.0011978606947270528,0.29955086340899617,0.004477803438947144,0.18348055742529848,0.0007628381392369219,0.3744870573872446,0.005922822743580733,0.004138811488504126
04013116720,0.013398325872412652,-0.0013031668613165228,0.049452975792921954,0.004034065999797523,-0.0033422592160068814,0.007177790817260133,0.009211438328186303,0.0881210005482489,0.027077816877684097,0.00655386344318905,0.004595218693949662,0.0040733261007265455,0.025654391124116868,-0.00013545247512167553,0.0015283017541137618,-0.0008055731426457315,0.0012110697919823126,-0.0037100441599564613,0.020928661357906355,0.0658318569624578,0.017147785787625835,0.09987108267568068,0.020048815343712015,8.356865663670246e-05,0.0848167634541286,0.014924711363015078,0.002920587943590635,0.0025510318771883103,0.0028141637661525036,-0.01924459955083653,0.004058867087208373,0.019865014194633643,-0.00040106274553412585,0.07609940364183367,0.0024551981501045725,0.004594151357146759,0.0027026840538504427,0.03767586289343291,-0.002784237641763745,-0.00962916887978576,-0.0009957251741603988,-0.0018023535838370803,0.0030723740575949563,-0.009333809392196225,-0.02596576276882121,0.015533642226689223,0.017755514715628865,0.10088777556163793,0.0007729704917301668,0.03783100382281894,0.008052659906426417,0.001219684039097584,0.0011386683748025618,0.010701078173040557,0.001315625353661468,0.0013599420542861368,0.007073894988956725,-0.05423535940788396,-0.002457011539472308,-0.14420082429366185,0.002874548286762741,0.5121718825379263,0.008637455104437891,0.0027150534713807086
04013619200,-0.007055879275206018,-0.009615185353137228,-0.05183787757855396,-0.0018067951353224003,0.009141282158879238,0.0017508862028969246,0.002715586658325375,-0.040264058144533196,0.014242673739933143,-4.5957857343538056e-05,-0.007276865036374337,0.004227494348815708,-0.00241099541636441,-0.005211610369205279,-0.001954085781348635,-0.0058156890371897,-0.0172812685311763,-0.0025739445147772134,-0.008568533354116111,-0.015029383746206925,0.011616773081172335,0.1204994507116915,0.004842630473882997,-0.008152471167433784,0.01407789924448877,0.012968283587661536,-0.015359440357177246,-0.0037439468677407293,0.015730106603113716,-0.060991655178330724,-0.026951967430256456,0.004096317780899517,0.005798675025530616,-0.09212846861993432,-0.0010930995086977917,0.0021180814099026955,0.0006023673957792359,0.0026205326345357664,-0.0008499262886323734,0.022620459887771435,0.003192521845225262,-0.008022001096233694,0.006409083665503156,-0.031558013881822854,0.01570638726253278,-0.003460621534939733,-0.0015215917760337306,0.050993279384800395,-0.001980087091344131,0.0242670396153347,0.004122493809042642,-0.0019626169304165692,-0.003406547893718191,-0.0018195472311451938,-0.0034410995377588023,-0.0012244912930990852,0.00025615842455828136,0.2522638306938205,-0.0011151166043358218,0.2672857322427423,-0.0017071997227800714,0.0819674313878571,-0.002013244139629008,0.0002650328751036905
04013619400,-0.007057647088893672,-0.012413357289644404,-0.06672663823744765,-0.012701279646286333,0.006712675036610637,-0.000996584760091525,-0.009005469694005558,-0.04560638804307166,0.0030341777572792964,0.005452453518531906,-0.013691571540321837,0.0006549346310627118,0.0053418069850735645,-0.010279035509617387,-0.002192554184934132,-0.0039107648007538675,-0.0022929398652209022,-1.668507082176377e-05,-0.006858822147120609,0.018089960175086597,-0.005088108692979107,0.0645977288368605,0.004208476661674745,-0.017344868353295524,-0.12076588311474634,-0.004076069061620722,-0.011734031249257485,-0.00501320771554524,-0.007553539280882121,-0.039058911863227186,-0.008061707623549692,-0.006680979608854448,0.004653968302987036,-0.06388078408614493,-0.0016937988265998127,-0.002229362483186936,-0.008052975001628661,0.0070791644532061096,-0.00808464657794001,-0.0008838260585397826,0.006090697922791395,-0.003713818566827238,0.005418618883728375,-0.02353641328058996,-0.006135583992830113,-0.008045306451459566,-0.005205998408976022,0.1035677613544101,-0.009144039145070062,0.024724287111966912,0.007079288059700067,-0.005897480907588064,-0.0027743867850382933,-0.00044816223581428926,-0.0011057632641472295,-0.0016654563739358947,0.005773567959545705,-0.020564461842271075,-0.0012428865362233421,-0.23804642377609556,-0.0002470913579876892,-0.008525716829573392,0.0016695968293646472,0.00038217375136985525
04013619500,-0.00396253511853119,-0.012756537620225926,-0.09370102858945936,-0.020949739728968027,-0.001990627909321452,-0.0005136602161989546,-0.008107789078396817,-0.04208704050023458,0.008990118369736021,0.004231888231053491,-0.021239438964371107,0.003652519897016017,-0.0029061767126895813,-0.009228549459360106,-0.005814051656671717,-0.006429559674887908,-0.0037637424815724274,-0.00821810267407967,-0.0337673651249131,-0.026534899680956726,-0.0004709222936748579,-0.053309356660888076,0.0030202235476302496,-0.012993907718477382,-0.08420933817081908,-0.005974133363790662,-0.005528954390040283,-0.002991310479380917,-0.007457852486707094,-0.029766917273581467,-0.009631856729532894,-0.0005015414876388687,0.011443836766580048,-0.04247239013054595,0.000522693810051919,-3.6206497640169624e-05,-0.0017080309603462345,-8.589928975835382e-05,-0.004786326877426277,-0.021831587382364428,-0.0023153491468408706,-0.007236359484340331,0.00508539984480318,-0.021946487297170157,-0.01714227040885741,0.01050232629805818,-0.0014778785577280597,-0.023564643160679674,-0.015720072521057733,0.0012145694240180923,0.011949576493416056,0.00016580076274403557,0.0008559343802129495,0.0013866824498767311,-0.007726045748627308,0.001231669715726721,0.006321149691695315,-0.09056706439150973,0.0020081479386533426,-0.2552741575263631,-0.0015123969872948095,-0.20035628960146057,0.0026350436899674505,-0.003250794451863649
04013111204,0.0007823641398343972,-0.005016388571166481,0.043398866061221064,0.00600656994193524,0.005163913146073104,0.0037074481274545113,-0.012669299296042574,0.09353310290706218,-0.03441949748404835,0.005551310835810884,0.010579841495151739,0.0027292984739629507,0.01794197700112246,0.012777543850223744,0.0070943667207704845,-0.002389095733166704,-0.004022482809972634,-0.0007287139558303503,-0.052219764678869206,0.05034580473554771,-0.0038475591290284303,0.0877256896244596,-0.018501934267832303,-0.015969354078771973,-0.0968262584669642,0.008032773665169399,-0.007059201573445615,-0.0002593040466447566,-0.004960760926147874,-0.054241727938748326,-0.03183047293534516,-0.010931694844211132,-0.0008358341782884782,-0.06801983725773564,-0.0007750181933440427,-0.0017130689736391867,-0.0008608530734290274,-0.016061461174094783,0.0007117456078277916,-0.013022538108697,-0.039341087483458256,0.008505290167536468,-0.006474697661171229,-0.027987529867355823,-0.005367687544932599,-0.011148530272926022,0.011072235328793978,-0.003962346857792136,-0.0045031260016965054,0.010213692108467056,0.0003881064346887312,-0.007746815822122009,-0.0018289433891726752,0.00021852633714124716,-0.0008452062672871752,-0.0007949214284293968,0.0056822427142920314,-0.15914537517307414,-0.007677924243502254,0.1916214676255466,-0.0005287751734014247,0.04178111665129739,0.001814701622212223,-0.009544870177476775
04013111300,-0.012368617313992077,0.027314974099564057,0.028954147732841686,-0.0018296899719736622,0.0030844739914643164,-0.004530969649207034,-0.002921854329485571,-0.034195634897683465,0.00637951428795938,-0.00020975357832729908,0.011278898374420214,0.013379469766916285,0.0005513265368654182,-0.00418226885671931,-0.002701179714395266,-0.0031123576116888884,-0.021429710058917615,4.4386570316823266e-05,0.028510414861668984,0.010349723154744594,0.0004208477415570475,-0.028495544037464553,0.004479663124065151,-0.0048107238064234404,0.015761901377196415,0.0023788125182915227,0.009650347062368319,0.005162276251866229,0.002667887834012323,0.04718954073486849,-0.03533870231910102,-0.00080601805172453,0.002284710617192793,0.07077831946355516,2.252472130664406e-05,0.0026780544230806005,-0.0020938519985738064,0.0047777463785926575,-0.0017163782194702585,-0.0014158268014604805,0.005839579804339725,-0.004440698443027612,0.004756874585739363,0.03565089287510279,0.0045672659591474,-0.00036108752898487647,-0.0006933261218241432,0.056854113433713514,0.015232762017088711,0.023026808813120563,-0.016545239658875784,0.0015983186793419339,0.013980130777081311,-0.00046296486684722124,-0.002524349882135297,-0.0029118806264977013,0.0023174705305638475,0.28428413232583355,-0.002293229318674762,0.6049031579965268,0.000309357505496704,-0.02414999580358983,0.0012403841269101783,0.002954929980836048
04013111402,-0.01815654803354117,0.03177113128052344,-0.01668947360999691,-0.0020628021358150466,0.002664978886861059,-0.00041724717272642294,-0.002230316103466357,-0.03961177128660158,-0.003260033774476607,0.0016593277425676818,0.010535878028825585,0.004865342681175225,-0.0005002938351373357,0.0007861236064259786,-0.0028191920282383924,-0.0004932234676260183,-0.010528964354516621,-0.0019249540191168173,0.0248958432721596,-0.0072273114872687975,-0.005778352245292853,-0.02427025660388981,0.006764818921772248,-0.008831204708905912,0.04812443107382808,-6.512014860622639e-05,0.009459752866984849,0.009805555664444451,0.0037216658112870886,0.03727790306234448,-0.01809311092234516,0.00038763350938334396,0.0021492444967492266,0.04734347106466756,0.0003242571801986189,-0.0005478001688577959,0.0004731263180522041,0.003758687342493844,0.0004440763980424556,-0.0021400815105270354,0.00801362749107408,-0.013971777656755559,0.005940973623850237,0.03371279350870523,0.0045716959696066005,-0.0071771015113742025,0.0028528943793462596,0.06631841192585798,0.01696823029434068,0.02867941415064412,-0.01815751821249128,-0.006292749669922984,-0.006659542491321622,0.0006711519739294288,-0.0013186441956443552,0.0006451163083264123,0.001291879745326101,0.17238155107297587,-0.0021788440407484984,0.35575610827582915,0.00032287218251328723,-0.08687045867575363,0.0007740151415869189,-0.00048205938680048423
04013611400,-0.0019651773908392887,-0.006621588537493721,0.030341002531772247,0.012420743725613248,0.004334408454469129,0.003958589812014456,-0.008561979024390884,0.061819377130629106,-0.06143307462308941,0.006489012788787485,-0.012881741067229916,-0.0009571126534407537,-0.005316004220699736,-0.008593955095200603,-0.0006154037501104608,-0.002124395994094021,-0.00429423344105164,-0.00013304599371730734,0.025215281730946306,0.011824408051940315,-0.0003417699267324134,-0.09577786453909286,0.0033068142543475425,-0.011469476405621803,-0.1871336197946205,0.004632332455510239,-0.00773723784741491,-0.005489780637598007,-0.022859747850456007,-0.02911226443414343,-0.018144119575892483,-0.003100201772449819,-0.002564564676533053,0.04639367245514631,0.0006022201863754626,0.001471246970373356,-0.0020805459396987082,0.008439923337802658,-0.001762135931048262,-0.003761838654172274,-0.008155547324886337,0.0022514944878954998,-0.00766685352549724,0.0003263913339493883,-0.03251209514222508,-0.000976589871771874,0.0033106487790560855,-0.026781971783291888,-0.015316875951867544,-0.006549777617414591,0.012851026070080918,-0.004817968063943673,-0.0023813772363010556,-0.0034418972255707684,0.0014807786769573655,-0.0029122598374759865,0.007559348117529097,-0.13158554486253468,-0.007858248061633674,-0.2941638478326386,-0.0016648460371825136,-0.04943406938986784,0.00541854618526781,-0.005379091176943107
04013614300,0.001477452219041073,-0.004068861214212318,0.026497001261154233,0.011935861007583853,0.016823384346551878,0.010342562038300949,-0.007339094605123518,0.05812900620549587,-0.06678932003314213,-1.3715849010625456e-05,0.020789966507206756,-0.012783382704844883,-0.006969679169513605,0.058017531544944365,-0.0032945161254496003,0.0008353946702130582,0.015924114669564574,0.0013541491122552544,0.037515606008880945,-0.02222711532685102,-0.005971215213398204,-0.00982131665691923,-0.006112935342540627,0.00020058311710366742,-0.1429357129802623,0.005643808864042155,-0.0004605160058922567,0.004541449885111024,-0.018253884669870886,-0.02745168961963445,-0.016013107065518097,-0.004197988510243504,0.0005124197048407372,0.053018344547268774,-0.004644151887601805,0.004748901519361793,0.0011701857576749755,-0.00915555639321494,0.0004420077434432404,-0.013375106801061024,-0.022977249445226108,0.007708150890340911,-0.013592642856305475,-0.011166180173395034,-0.03139704231398071,-0.01286231685178187,0.013182203428345902,-0.481347577246342,-0.013291657742005367,-0.16372667210193076,0.01097417771122237,0.0008989896390277553,-0.0013350322756547765,-0.009419766173414966,3.312221769854518e-06,-0.0008194941515546971,-0.018058164985086157,-0.15866632710995535,-0.009241327647868771,-0.3641097852367136,0.002910137382624057,-0.09361176467628628,-0.0466770232642098,-0.004233349273044883
04013614400,-0.001531080816461137,-0.007089683057620258,0.030781658540141706,-0.015922750101098018,-0.003743360442370164,-0.0009089316058514773,-0.007687045742142698,-0.018974141247352354,0.016202810626333032,-0.006752319067498879,-0.009578033101502638,-0.007808075195818915,-0.0029694371453192155,-0.006601705060685555,-0.0008912203608927877,-0.004354158939280675,-0.007872098226681633,0.00027897127490527187,-0.032216091001981584,-0.02534593363515364,-0.005031573366043315,-0.02494037646773982,0.0026524392836017306,-0.021002852041847295,-0.21370719896978002,-0.004103742769834317,-0.006358606314273074,-0.0017841156662082292,-0.010162642955562209,-0.031145883756028454,-0.010682492923571839,-0.005060295000648179,-0.005278674074726334,-0.06857995294539829,-0.00035880663390161347,-0.001535308377922316,-0.0027365700212949443,0.005794487040133671,-0.010258985526497897,-0.016030144662578984,-0.005386683292583245,-0.005702369643459165,-0.019458975370656977,-0.02148801764616364,-0.021865441549340267,0.017010453650164386,0.005815184960495212,-0.04315700336717694,-0.010730188533051691,-0.0011817647922281545,0.008493603867305166,-0.0002648612883057231,-0.0029224591575576385,-0.004514092994891731,-0.0008338479403727842,-0.00039723726371936036,0.007746049735466388,-0.10050931042196493,0.003271896433112957,-0.25775319506557914,-0.029372043200237542,-0.07772034425402408,0.006197505581942286,-0.006766187381256183
04013082007,-0.0037939733715999686,-0.01102198523256461,0.0527988204967232,0.003197099665041192,0.0025219082899813985,0.002414198032926826,0.020051187938595724,-0.0315724430498518,0.04997043167611905,0.002964569131889206,-0.0118371359845215,0.009257258536148217,-0.00664548336681796,0.0009378622023792193,-0.0005748541534055369,-0.0017485273228098847,-0.003837441419687114,0.002909491471439786,-0.023334445336486796,0.024859491267787342,-0.00826719047276799,-0.0661794105857407,0.0028896823314607098,-0.014863414204803943,0.06283831043996078,-0.009675612892952129,-0.013303133294083669,-0.005933077245146357,-0.013441535657922624,-0.020210678545553522,-0.012566115262790029,-0.0007014912282192524,0.0044678563148818065,-0.041169161101712454,0.0006346153982681592,0.0007739282871562119,-0.002310349188990554,0.0017318921464592,-0.0004487304544900119,0.015039888440891437,-0.0014888970267541576,-0.003987121511831783,-0.004744285068213911,0.009239419631235197,-0.02532126750514729,0.0015889814217483731,-0.00828321999999795,0.06981197141878576,-0.01228174075718769,0.03585528267316332,0.008194117138828295,0.001674669767160778,-0.002302304442383738,-0.0011419984706949095,-0.003703939887574121,-0.0011758477852587376,0.00366142507158242,-0.06392707465057614,0.0016077529887625792,-0.22227822842632125,0.009298271553951918,-0.10629010651183812,0.003043463256050763,0.0017783132698763367
04013082008,-0.00484536912128411,-0.008888752891056697,-0.006111613209819674,0.007540989391059539,-0.006568362992573599,-0.002112644791302989,0.020842427567219986,-0.03810348586967636,0.050356715155770754,0.003182236549241705,-0.01101762878333691,-0.00022037132987152842,-0.009342306923382518,-0.00660228613190971,-0.0016606416773066197,-0.002028165891644999,-0.00723203256558602,-0.00926492314707573,-0.026961342325716738,0.020704881760780208,-0.009165390146032152,-0.02646878428626645,0.003112969533938762,-0.007419249141226297,0.08941470666970955,-0.008118379962002131,-0.012066496128059113,-0.006671631875475847,-0.014043228275676738,-0.03003937277750598,-0.006368585482795461,-0.002759888058824533,0.005278194935444287,-0.02980349121634578,-0.002191853801321875,-0.0017597783465747477,-0.003993471178758268,0.0004998075812535502,-0.0018120811434965802,0.008238765067818263,0.00015162784678008045,-0.0028483618637927754,-0.0013288231503063267,0.01182449210972634,-0.016314788846167983,-0.002936415455078818,-0.004524694888346668,0.018373873491711514,-0.013721156646978564,0.039531049781103667,0.009551056747548536,0.0005178540312122494,-0.0045297673399530385,-1.7011052033831457e-05,-0.00017938247964637168,-0.003317112921711902,-0.0036348213751598206,-0.059091571117514105,0.001457640358537439,-0.22160208131346276,0.004187974352509825,-0.17586384298027083,0.0008096533763815525,0.004807278087218039
04013082009,-0.00019452161197891502,-0.008976497006067027,0.05872608739960131,0.010343300718382513,-0.004409880170664864,0.0012555444146476725,0.0027445857221537425,-0.02575827737490534,0.0454468165683915,0.004304675653826586,-0.0120735739884512,0.0038428970358951537,-0.009017982865114621,-0.008207672999584508,0.000830558306129313,-0.001074948756541556,-0.006185902607529444,-0.0032424370773800728,-0.025507378589943716,0.02560914955845418,-0.007886991786953073,-0.04302424391930078,0.00678270055414857,-0.004926580300652247,0.12777752211929183,-0.00873089000965472,-0.009157253418654341,-0.005098658491218595,-0.012143579100067031,0.07898504185429647,-0.004978761624149068,-0.0007646509584889938,0.0053101205547266064,-0.04441668290240998,-0.001134837806651881,-0.0005747479587560496,-0.0013673212988638184,0.0009601137968385771,5.507961211367077e-06,-0.004208861456189245,0.011271729268362188,-0.0025432859413855404,-0.013407281608362052,0.010562370193140642,-0.013732370664233948,0.0047839217874670195,0.0018951280045755655,0.07778717829942434,-0.004425435481567579,0.04413153776863684,0.008438107488666462,0.0007679894527764868,-0.0011461988347110778,0.001541054003565568,0.006633214485469546,-0.0007161487592008012,-0.002097909290516378,-0.07343950047589534,0.004623314208308433,-0.207583632965011,0.0025387724997778444,-0.14237197309194102,0.004574865253414633,0.0029420147911966834
04013105701,-0.0003486167012281536,-0.011280928993553586,-0.08633085770630658,0.004458097038313002,0.0016705564809446822,-0.0007473866556865906,-0.007586099011833992,-0.033990962717263894,-0.026895658393016053,0.0027180659958809124,-0.01248929775709004,0.003250635531283455,-0.0041351868528083984,-0.006584381734574909,-0.0010735630521657906,-0.004361678012462852,-0.005638223993429177,0.0015381755488977364,-0.02844908749189398,-0.021446924061867642,-0.00500597349587534,-0.04246178618329138,0.0033517801256692345,-0.014499726981322823,0.07301442639947676,-0.008713268533330208,-0.01026212269194382,-0.004892009763705403,-0.012392616221762376,-0.02700648280111051,-0.007386950016365283,-0.0015907746782927038,0.006265481636501285,6.106211208526676e-05,0.0004407284567224647,0.000910434835871266,0.004896507415362721,0.007235396642697416,0.0015820415162279204,-0.007062614755901581,0.006940935952236403,-0.0034136110459236715,0.0011274918945963718,0.012145754845919322,-0.017788162075168087,0.0054596270975162215,0.0009599454017402009,-0.016662585069812726,0.017114153381281704,0.038434466065878754,0.010975286891340565,-0.0011358903938640545,-0.0012308158569238486,0.00301072063410385,0.0008992650087529377,0.000510727162575344,-0.006080189682951047,-0.08553754261457609,0.0002927822431917851,-0.2363421685665476,0.002004612609924896,-0.19681050554347249,0.00412016510734214,0.001935305117585387
04013104000,-0.004821897545467672,0.021104340649503183,-0.009431522053071777,-0.024232469232732465,-0.002445121928418065,-0.003608753628091741,-0.015369014991958805,-0.03947134554060165,-0.07285601240164473,-0.005029581483651689,-0.013647009048944916,0.0012047718340505048,-0.003597096603556256,-0.004732076926134856,-0.003983684114726409,-0.006770276106405452,-0.01018237163544562,-0.0009464761801129288,-0.031165783225148368,-0.031650520075980695,-0.005498871588227896,-0.0720941598135214,-0.00838030356088165,-0.016935392482280532,-0.2885261397665446,-0.00848263649761064,0.004746108370287625,-0.005407181958543166,-0.004774692829131026,-0.008789561316810407,-0.008206504086377964,-0.002412232010271521,-0.007106233065731856,0.014263927188966198,-0.0016200327912606455,-0.0010476979121422246,-0.00763305186277989,0.005206294159056108,-0.002102177888658295,-0.02823250235829662,0.0028185755737139685,-0.0024417442580205624,-0.0016843181395989023,-0.015329181435125227,-0.04680850020101042,-0.0198969765458552,-0.0007610190913341983,-0.0628190957320343,-0.013123650304173716,0.017823483906249618,-0.08938591836698973,-0.004729633028746266,-0.007652694117724516,-0.011979979158957129,-0.0020323023621222607,-0.0029971324759726493,-0.01561050844870098,-0.09983947856756012,0.0023558563706458295,-0.3239443583686181,-0.010992249885959968,-0.26126367336137346,-0.003627685162917009,-0.00505895451146355
04013109604,-0.0006690239766601408,-0.007755990919549654,0.014172791331730886,-0.0038248476941317336,-0.007279863811980262,0.0018357659860926544,-0.0011517127740192168,-0.02289859355113614,0.08126425622009283,0.00654684880777856,-0.008017100704431613,0.00847058876620126,6.25201438034796e-05,-0.003545124572597653,0.006862825290916808,-0.0036178567623494254,-0.003279712167785456,-0.0012065815421271504,-0.026144114210206765,-0.014152744970622832,-0.004613471241859243,-0.0195688689156627,0.006186305130058857,-0.002411595015503087,0.1485675644200986,-0.004563808543877435,8.666877525278499e-05,-0.0024748903651683083,-0.0029521914151982853,0.09699847173564971,0.011101464948636548,-0.0024842849724167324,0.002208425974908708,0.005463413622414133,0.0007919288498143563,-0.0011280469691864997,-0.004528868218463503,0.0021163035207517377,0.003945330747985899,-0.011539605611711554,-0.0009682843429172751,-0.004957101693978591,-0.008636246342474129,-0.01775008219574988,-0.014399653280590586,0.009233666930926152,-0.0009993326647088963,0.018391448354659817,0.03920011931964701,0.025293233288570534,0.010616758102906321,-0.0018677553052379068,-0.001788871160979055,0.002418025079281785,0.0060505612198077634,-0.0014021573519325057,-0.005804661647482153,-0.07303832197718685,-0.0018779175145073417,-0.17076968350852456,-0.007878164659025227,-0.16103098390175755,0.009817667152422114,0.0026912659081810304
04013116500,-0.008101468412865461,-0.006028547296647136,-0.006059177090391917,-0.004278074743944426,0.0004758649845299652,0.002886808833286528,0.003873691229049659,-0.031609567548714974,0.017123416554893425,-0.007230399005703588,-0.009671989723624349,0.005234683174870118,-0.000745148926517221,-0.003567449160396075,0.0038935516650958576,-0.0025434580871465545,-0.006136241779430571,-0.0023993298237537453,-0.03733231403416209,0.02284130740603267,0.011254523772604788,-0.055064827925817184,0.0029769438072511823,-0.015135933978519756,0.03609446025610678,-0.0003336941251201431,0.016468805467020713,-0.0062488882014699485,-0.0018798617737042437,-0.040330836350376084,-0.007940728544250894,-0.002537806803906136,0.005370371657324176,0.05473264027178174,0.001475654282586511,-0.0034808426045448778,-0.002367835220041093,0.002856999865955633,-0.00033581358617681674,0.016359599406920843,-0.0022962436948441504,-0.004457269839547233,0.010099162078602213,-0.03711113469545731,0.0026232214122055165,0.0030696197155702866,-0.0048736086487060825,0.05917972198007078,0.02288295554165296,0.026187339601416473,0.0032071032714005897,0.0009323151325363086,0.0021348702147324086,0.0016866858606273164,-0.0035861273802458645,0.0006923606507917172,0.004053616848842198,-0.15198753505281737,-0.003354896073905888,0.11835188350361793,0.005374469502763729,-0.05972187184424213,0.002580461872947366,0.001957650382958247
04013108902,0.004023164140243246,0.012627571895643397,-0.03587817711589969,-0.0005940037466648573,0.012325725345139454,0.0007324895239085352,-0.0018957898854813908,-0.0696097803820461,-0.00511297229515657,0.006580881186360675,0.04032503447333836,0.0022307105742909376,0.00035015425731936995,-1.154058459755128e-05,-0.0011678777634150834,-0.003651821710589248,-0.013582688012145001,0.005397479065032143,-0.013629122746250262,-0.012393397766856296,-0.008628779990133503,-0.024927347662445032,-0.0019519268660714872,-0.003772477516721428,0.047474053598736084,-0.0059115268280495546,0.01195048682491476,-0.0014206020000573048,0.0027176539603772035,-0.039598588571193145,-0.005517068345763599,0.0006395494458211307,0.005881069343123237,-0.05306330624018773,0.003483655136743145,0.0044744342119567805,0.0073668676685155815,0.005764840296667689,0.0059725466287567615,-0.009967561620342756,0.008693580063400104,0.0011370791549778494,0.002657030185044955,0.027650920538143102,-0.035371167987948995,0.006297945100246042,0.003800232348590982,0.06411179976571042,0.0266658479048815,0.03818636985522233,0.005110636943150253,0.0006460964170854173,0.00571836760497829,0.001681205935750429,0.0007850768891226863,-0.00019982859860792995,-0.0011166690371197106,0.21283296766445856,0.0022304484881845083,0.1978253191294398,0.0063680226029486755,-0.09944104682658725,0.007703972301690748,0.001141586817400354
04013109300,-0.002751874732161661,-0.01150359996649942,0.0028732956692601253,0.0007020167605262201,0.006420156296370991,0.0018276347873209962,0.025881016919358946,-0.03711753689490275,-0.05593132165911817,0.0013193343889279657,-0.011888185454062138,0.0027478744679331965,0.007479820330038713,-0.0097143092572145,0.0030529699550121375,0.00156553211529561,-0.0070982950518791365,0.0010732228329512936,0.026189071236699182,-0.02156936673598891,-0.002955020627118613,-0.07270979125788136,0.003569587875113816,-0.01646540195580321,-0.20413530647243308,0.008683609380477108,0.00847355332332422,-0.002142688936299319,-0.0021764053615865586,-0.03244331502215021,-0.008215808464601421,-0.0010420404867124728,-0.005523145935550689,-0.05432146415675746,-0.000524072347521717,0.00281005474762371,-0.004310185247309025,-0.00918470896699486,0.0017306736128780387,0.013804974858514599,0.004507075075191392,-0.002568761588725645,0.007495026889932914,-0.020139181250103215,0.008134077829146892,0.009669075333484132,-0.0021469421242159615,-0.03971356028428384,-0.014348885646326104,0.02906852564969536,0.008685488300636238,-0.003522564378836966,-0.002093568901504195,-0.0011319075354492912,0.0021523485190162958,-0.00032109299822556697,0.005843504063157832,-0.09788231101997721,-0.0009864114981410182,-0.27336754722570933,0.002505728668424069,-0.064939814569188,0.0027407078212209578,0.0018142337170124327
04013109500,0.0005809351211589387,-0.014326333140379972,-0.0005797552833295272,-0.0019703735147455844,0.0019975677571773412,-0.0012433667573429408,-0.004955979776768705,-0.01038490453457504,0.01079854443230157,-0.0039007813747628465,-0.010250916183209977,0.0025004492379710956,-0.0041241656887385045,-0.00466668225009396,-0.007118101431628789,0.006047971678573279,0.007362948699716832,-0.005250592796834911,-0.03499469610622048,-0.015973540909351772,-0.00956931466574177,0.048099866359151124,-0.005989090401337984,-0.009038713798058803,0.09439124117688087,-0.004479301204853134,0.010113884516435735,-0.007660278988953748,0.00509168523227512,0.06349631218500859,0.07271165774204694,-0.0017110597831650625,-0.02247728073509649,0.05295703571856968,0.0002303512525316383,-0.0019052722679729981,-0.002963678968453449,-3.9052001970277706e-05,-0.004487861910591583,-0.018601853945175665,-0.0008767960190716322,-0.0022850901294501533,0.0010019668394180556,-0.03634678740578178,-0.03686254915692865,-0.006522501879327258,-0.005028858874141311,0.0065383593405156796,0.012263620682847625,0.023096196883176715,-0.010508478654720281,-0.0011512328517380892,-0.004544206165942367,-0.007158802505425667,-3.9928109774137135e-05,-0.004753850552402847,-0.005030504779568515,-0.1493987333808735,0.0014364511275727371,0.04420772281759258,0.000989821791863286,-0.19386616137323048,0.004594385155259978,-0.00042467067185637027
04013109601,-0.0008372990434065777,-0.009579495912867256,0.06035838206724761,-0.002832263614387558,-0.012806669352165333,-0.00202973217181912,-0.0048475811616384545,-0.03519794102033633,0.020046392484021437,0.002494338565325647,-0.011398931903014829,-0.00020032139325524032,-0.012858393497786122,-0.0034399959871461677,-0.0009798024715141358,-0.005650599458297843,-0.0067903357521633305,-0.005268942673018404,-0.034947555506783225,-0.02219202723958225,-0.007710256158759712,-0.048855617293058505,0.004515105806587469,-0.014790429976624286,0.11910178898444417,-0.0090412288117055,-0.012516418819134319,-0.004962968991627811,-0.019842895812717837,-0.007404823785190067,0.005591177935380324,-0.0003613469155698037,0.005271555853296671,-0.03204390603223352,0.001017642188174359,-0.0026957752011906623,-0.0013832472640211463,0.006143752358826064,0.0011776654104986102,-0.01222035314107478,0.007156283973706383,-0.0020329588618730257,-0.0015828117849437228,0.012340782408604017,-0.022968989907969344,0.003792841554263139,0.003371926942582231,-0.009370294801340188,-0.016960399901631135,0.04052869037816361,0.010037402237412419,-0.0010614940493001567,-0.002577078321127634,-0.004131429938622076,-0.006849644369727114,0.0019059213960311247,-0.007061931148097613,-0.08398980867784404,-0.003323675159439626,-0.2342493227296758,0.005510907905324793,-0.17073111038535474,0.000992537158998513,0.000666827548684228
04013109602,-0.0038725319665932414,-0.007329112193536294,-0.028135736896575256,0.011250355731697744,0.007323815856898127,0.0017609152790063227,0.024469337185123792,-0.03451059104884731,0.05466089140091295,-0.0018385366958186015,-0.014740851905940381,0.0066137852248249725,-0.009231930703056147,-0.0050803587372628784,-0.003583136293802469,-0.00012688609189309938,-0.003580486147812756,-0.0006140723235120993,-0.024550410076493435,-0.019874604333618342,0.0037877808384092935,-0.0003995312835989623,0.004157096126550398,-0.010029621619301314,0.08451572851392432,-0.005399468497980191,-0.008626886884768554,-0.0002782718752664336,-0.01583164790891641,-0.03180812841619123,-0.005415758083121849,-0.0020521473014871094,0.004651367757696791,0.01933087097960063,0.001666052314744361,0.00383321642471316,-0.0017349925699977776,0.0057213183656716704,-0.0015733014428577737,0.01619331775574339,0.004756573438718622,-0.005134423182786887,0.002699249377871527,-0.019759597470984776,-0.028389655596972607,-0.005362105201790457,-0.004181747475295816,0.007471874061955474,0.02100391778633665,0.04320348208170153,0.007241074006520095,-0.0006648816438988617,-0.0019622460032313873,0.0003684551237042634,0.0038071782388710953,-0.0012264916339103094,0.0010449451368077368,-0.08257633839975534,0.001795048982639427,-0.18923959276769586,0.0053979285075438695,-0.15001774623942868,0.0033688663527152623,0.0005092938320821744
04013109603,-0.00460250791353589,-0.008172026887413796,0.05146705007566648,-0.006330021752569792,-0.018952425174545262,-0.005442220874201141,-0.004115870729423225,-0.03700452604264573,0.028263828960716803,0.0020001350934108464,-0.033687630223254474,-0.003342598785828558,-0.010912962901977179,-0.003428909170577751,0.004006003348396613,-0.003624963973831501,-0.005240884554229042,0.0007783447076649173,-0.029258080688397938,-0.017278833054179127,-0.00786757861559085,-0.048070818005886584,0.0012283870356228337,-0.010860251508731185,0.13746874678995166,-0.009033400320843904,-0.011804501963541835,-0.004042488491044371,-0.0145377080628648,0.07479078172514261,0.0073200494903160026,-0.00484998984950656,0.003109749938187586,-0.02673150704817276,0.001832976558994201,-0.007813200082275156,-0.006096904875055588,0.0096922528628674,0.0006733824241048868,-0.013310545690748058,0.006450087427171145,-0.00022470558011014336,-0.007900822559989954,-0.01914214502030573,-0.02414097239624392,0.007436975315841058,0.002472128884489573,-0.009503511002396861,-0.019405000300198448,0.025910662300392216,0.008706007869034223,-0.0018602862204819051,-0.004385067884505915,0.0031422413632713085,-0.005880583240984131,-0.00137243771428599,-0.00914590125623948,-0.07826710535093791,-0.0035775665767747208,-0.2173668982002398,-0.002367450377391517,-0.16852933365719552,0.006392689468870092,-0.00026252898953886447
04013113100,0.014237668260001985,0.016214865975927795,0.038180751997357786,0.005543537799917694,0.0066928131475044615,-0.000811596047622769,0.013062640194932118,-0.020856647175360225,0.005766842980714804,-0.005783054017727631,0.0036311434209733567,0.0015707759771117424,0.006572673474804701,-0.0010336550331915674,-0.001105774284328341,0.0022622229926120684,-0.016321908739472212,0.005800605400317819,0.056780704040452164,0.031376322688421755,0.009802876909048058,0.08556413388682521,-0.010420941409295136,-0.0072570268724714134,0.10379994591665875,0.005592761961448787,0.014639823788804676,0.008918480800296226,0.0016796212850767641,0.04105749249272704,-0.017373874690440376,0.003728186069790777,0.003069805413738258,0.08878813862728852,0.0006465035361175184,0.00039022302999324295,0.0023114720564423505,0.011094006147454124,0.002338880836024134,0.022634655460829656,0.007820230722794298,0.004976621610653862,0.003722350529342018,0.015162355718985738,0.01795016011349224,-0.003851860249690155,0.00504360340430242,0.05894060607047408,0.0012500913090816156,0.031288170577247566,0.006306203828410394,0.0006028026526989481,-0.002309397835504931,0.005310800740608938,0.005189853878269747,0.0011092736091205277,0.0025502695286858655,0.1534420046708731,0.0004928384930620515,0.12311341877780026,-0.0017846675162019323,0.3117845289990692,0.005859727295829211,0.0004393617722530011
04013110001,-0.003929323628857633,-0.00935774244749592,-0.07417305804420089,0.005630748112581979,-0.004240146531092104,-8.463106595712053e-05,-0.0025009034855901606,-0.03087205362851619,0.023615236190363677,0.0027861259762413286,-0.013366797047854604,0.008563381081224324,0.005120133490171769,0.0012335465518300839,-0.0027800416051947923,-0.006259558896763364,-0.0010133521606114125,-0.0003553967509996719,-0.01799866926518644,-0.01914997260610516,-0.007697780591383059,-0.03430190502658439,0.0034716728955283406,-0.009526846321372124,0.1330607763658195,-0.006581864943857769,-0.011332164921578515,-0.003763304854780872,-0.009530540687864674,0.048938000877721655,0.008693950150034067,0.001333604025545394,0.004152698891307763,0.014154014736736824,0.001136264872442047,0.0025145963316886262,-0.00012699508479623058,0.008975454855282195,0.0026184638094328785,-0.004408344692948831,0.006880683216572018,0.0007164555401851126,0.00508702255458567,-0.006081571952321328,-0.018103881194595994,0.02241590074766079,0.003800579645237115,-0.0014323273496966143,-0.003672880518031797,0.03314634387125674,0.0121309091391708,0.000994892976117726,0.0010809004494787508,-0.003677884830594881,0.005675652630974057,0.00034685832730453343,-0.0007875188762810049,-0.07917231433115815,-0.001346499956315617,-0.20456694001853665,0.0050985859168192005,-0.1647165949134203,0.007730645061513759,0.002349576494929884
04013103210,-0.009997964230347815,-0.014743211437405486,-0.00958393628614701,-0.0033675079376714848,-0.0002663936897033785,-0.002485770932554372,-0.005617684972512338,-0.038228091463822944,0.010340179994219231,0.0005893237065484133,0.005682476299634243,0.0049545721641788285,-0.007154266197237576,-0.008494289607219001,-0.0023882514591795517,-0.004440377856199666,-0.00781838689565981,-0.00688103964767569,-0.022129537772518963,-0.03430800060459475,-0.006549246238239888,0.05562952371116596,-0.0034000829073380025,-0.020766798127802338,0.0266284267848926,-0.0038127401138754015,0.0071970766777604165,-0.006698801202946577,0.0021385147077382432,-0.046174405103988556,-0.008105275163987787,-0.00441127487701636,0.0014066400210857078,-0.05613458596622524,-0.0040197672197086936,-0.002981872922659784,-0.004880249484474711,0.0029759499907685795,-0.007965352278039062,-0.01717084641034973,0.0006207908382124477,0.0031717003263129545,0.00918064636720489,-0.04784100754791464,-0.009444792723698683,-0.01003202945695589,-0.00743048198484758,0.061047111252370515,-0.013204449356001255,0.023668634127828735,0.004158406407899122,-0.0027057783433335207,-0.009730682105572354,-0.002541597998938762,-0.004558762137459706,-0.004640125871851705,-0.0013827180502922014,-0.110732446515571,-0.001301460714307992,0.03203570502485027,-0.0028012422753818786,-0.08192047821490865,-0.002290924453141561,0.00019588908094338305
04013103211,0.00022955234996982783,-0.016902589087424667,-0.11936480335323582,-0.006054586393005784,-0.008581614320627767,-0.0022952173759676142,-0.0166558718415675,-0.04406474956425325,-0.04163687750387526,0.0005546884380869802,-0.01326319840892735,0.00157147015352503,-0.0035117549276101156,-0.006203098161061709,-0.007635892408191689,-0.005077336200119871,-0.006618858829086222,-0.0163149120897035,-0.06604564477008067,-0.04244547106845346,-0.01058578659698834,0.03270524856316295,0.007472703985767498,-0.018952783843100268,0.040761168386583564,-0.009159225355805014,-0.011518474798508642,-0.008203462961290335,-0.019094128106628774,-0.04255038909150491,-0.007637911141085259,-0.001256658486536146,0.005903378240743301,-0.049957699850875746,0.0007235395243258434,-0.003161419226561854,0.004516815754783408,-0.0037641087092442345,-0.008602581226094166,-0.025350968418941196,0.005466199437020275,-0.009030203338458814,-0.009492617078383782,-0.04561118789168283,-0.013410365855317118,-0.002920605843698627,0.0025012568781463203,-0.0008931236661314312,-0.012457161910020545,0.010208486053783364,-0.001378966433366652,-0.002369311204607111,-0.006939663447915555,-0.012369628511890196,-0.0013169228760029222,-0.0014129567686330658,-0.012332531660280201,-0.146673403522329,-0.0017591802766191826,0.07856807077950748,-0.002480781580371586,-0.22340677761875896,-0.00045627033457725386,-0.0027661274508474472
04013103212,0.002983225543731176,0.0453016811253144,-0.07608017616152796,-0.0014258214189269266,-0.014065769731991478,0.0027319939192203746,-0.00928647238317647,-0.0732219799707902,-0.028242419114632218,0.0008860086852570855,-0.012510838993067187,0.0043270630360289445,0.00014391531122204165,-0.002391801438128714,-0.00011709504162394564,0.004532002659673855,-0.015736918458648476,-0.0003828998124168397,-0.062304759807092644,-0.02874773547273724,0.0036346680373339673,0.05011427506021761,0.005734326471488414,-0.008116726607323304,0.01852297466171072,-0.006994723629465906,-0.011052878066581588,-0.0019800549434173874,0.0023494999512663982,-0.02527843006482693,-0.01088263818578754,-0.003131670526414383,0.00604217271798454,-0.10461164406881325,-0.0028897839954740933,-0.007348380566746192,-0.0014066829021290746,-0.005533427971846974,0.002453072572142336,-0.02153208084992623,0.0038954144805388754,-0.007992364549531828,-0.0020835095056087136,-0.019689978667696544,-0.0018041272994382635,0.0016863674144422939,-0.00021624536464084107,-0.0038209446208889355,-0.007110283878191853,-0.004557205733475931,0.009171428161635495,-0.00235335603774631,-0.0009922039749306684,0.0014424209820188385,0.0022886717070704295,0.0015241999498270097,-0.01204917292440906,0.2702610715987997,-0.003917812220975084,0.1867183091291347,-1.9586570678390637e-05,-0.15445761294547655,-0.0017510656408913075,0.0006679550013819024
04013103214,-0.004759506058633947,-0.004736405502493708,-0.10137991996738485,-0.0022923466891341575,-0.0009272542684039271,-0.0014003183627071605,-0.006805749046895039,-0.04315445799130503,0.009575779663240847,0.0019522639999636018,-0.006592182659019092,0.005580739271348179,-0.005423764608439231,-0.00878391383938586,0.000533193064135678,-0.0022057059212678477,-0.005967945569388029,-0.0010602698366814498,-0.07341115483492595,-0.029123046435860892,-0.008678451305938919,0.07570067190764658,0.011493854839189152,-0.01419930060298692,0.04261483125043804,-0.00489290802938461,-0.003577832913445231,-0.006964877252789417,-0.005835021182552569,-0.03818503603967438,-0.0057616429432165795,-0.003856332633145355,-0.00015423264589355267,-0.03814265395470576,0.0002136271247720427,0.0013742433474260597,-0.006137804705642862,0.0016723976239425547,-0.006918324118771677,-0.01949351882951971,0.0011585099120759131,-0.005211297588849188,-0.005647225094429245,-0.04778844781491541,-0.005909531339144837,-0.00923891952350941,-0.004424413680117718,0.05777949094816858,-0.007735504100997581,0.004546417278141402,0.0075383685832775245,-0.0015920658199465106,-0.006684482890347884,-0.0030321497190114034,-0.000724058008929377,-0.0005596829179755038,-0.0034396918184463414,-0.10770117467091037,-0.005993524845611336,0.048426646173885354,-0.0007301242800879332,-0.19616855852054899,0.0014245726317365498,6.723321899784765e-05
04013103215,0.0012800025726494792,-0.012690950662822057,-0.0875966762765931,-0.004210422601018554,0.006691062131306723,-0.00046653805745608965,-0.0050333233244235125,-0.03450423762922678,0.011948009082049018,-0.0011806126828457085,-0.008944045582039711,0.004185328973676969,-0.006573751540570237,-0.007607330227602675,-0.009032229341428681,-0.006352713356777239,-0.0044540963551296005,-0.0038463027101583998,-0.06642940039975816,-0.04145230046654632,-0.00047885220481558386,0.06640417529156832,0.011388832022446949,-0.020407423436591163,-0.09389358437063061,-0.009524822135858275,-0.001995272911408268,-0.0032363363099120386,0.0001791704484842819,-0.04624787600212412,-0.014116901588567973,-0.005535398062979754,0.008413005465776226,-0.05315587584096011,-0.0010585004196701291,-0.005649399820688515,-0.0015426889957313701,0.004903230204652584,-0.0028391082894963266,0.01858308946616176,-0.00279276441756855,0.0002061651855168921,-0.0041764279463123955,-0.046158518717586756,0.015166824221147348,0.00735567350750654,-0.0015029381513194827,0.006195089760993648,-0.008138753386207563,0.002005752972085014,0.003417931171739989,-0.0012306695264845838,-0.008531452323979848,-0.00885218981776945,0.0014787302042605051,-0.0027645705172091232,0.006946140743110132,-0.15339816051820315,-0.0036200798142686204,0.09763723994249975,-0.0018751929426918498,-0.20479588550884065,0.0059491357311425,-0.00018004723754181423
04013109802,-0.005347165407485908,-0.008336735886854602,0.005628406387761483,-0.0013797378521106993,-0.01378305912896001,-0.003624345060933744,0.002722073727869691,-0.03145020328268464,0.03850402219874972,0.002206493436971767,-0.010443295481590656,0.006514451772399331,-0.0034787541333486244,-0.006767443200662321,0.003700224989103294,-0.0059129785903480475,-0.0060249273159966674,-0.0015186924891349336,-0.02978505174854442,-0.014045320951761614,-0.00642091920555433,-0.03640897890836156,0.002162191567045046,-0.012669214031855804,0.16438834305984157,-0.011076510321864411,-0.012663409468337515,-0.005000429295836152,-0.011936440672182379,0.0786662532787357,0.007437673360764154,-0.003248513632866535,0.004977387651190078,-0.029062152258102273,-0.00018603614521725705,-0.0030693820856752406,0.0005364529490207902,0.005526607223231961,0.0012481205502785642,-0.008924904102005549,0.007965553009662566,0.0005472762783669614,-0.005526114884576483,-0.017518577765538383,-0.017766530522009823,0.014271951615425304,0.004693516402582071,0.009362579973669039,-0.013864310129292541,0.04334120458694678,0.009034140800716324,-0.0017576612710080602,-0.0024407532148517726,0.0017503352074114203,-0.00536189998643583,0.0019405407600018762,-0.0075696802352110725,-0.0757020103735349,-0.0008921336134559998,-0.2079999316786469,0.002082821523441369,-0.15764358788593494,0.0035505756954757758,-0.0023007685552161555
04013104203,-0.0030211720152325274,-0.012891766788300727,-0.10477573433236817,0.005184314998557911,-0.0025285543979723865,-0.003512089952477642,-0.013408409816691232,-0.037986503990962824,-0.031533255555799,0.0008533594080105475,-0.012653193137546065,-0.001314149908611,-0.0011133868723368057,-0.0022568565100122904,-0.0010793200522199867,-0.004061687147169207,-0.0037469661028548744,0.003008531862777022,-0.023947382441611504,-0.02247465168337473,-0.004771757012035587,-0.04412984706122399,0.0029693007076579915,-0.015098215500547298,0.046453865451413966,-0.010107422270971373,-0.007183922427767986,-0.004983512436769583,-0.011023671710789858,0.010216599672284448,0.0018632373787661465,-0.004389746010630059,0.006846925676605955,-0.01691878544295081,0.0002590874659521363,0.0008039242716542228,-0.0023714611251487686,0.002623874669023681,-0.0008133349418806078,-0.021205783383822858,0.006990364556308317,-0.003655520399065097,0.0025069325335099197,0.00988627211931092,-0.015622942156981864,0.0008516682264644371,0.0013060678082753743,-0.022616037888481703,0.0047306823237687,0.03208393482644169,-0.00946939137480936,-0.0010952610205375568,-0.0004294119944937349,0.003855081117164745,0.0035756492558932096,-6.646787061378301e-05,-0.01048932373312735,-0.07620100108034575,-0.00248995886516542,-0.24711871396336707,-0.0007286304747809912,-0.20031771105737348,0.0006004706365903659,-0.00015583823186228718
04013115700,-0.007118192903713975,-0.012253721760792799,-0.06245107077847695,0.007796145394510749,0.0036197440123737702,-0.0021279018554150454,0.029586968055349366,-0.023660975307772662,0.021293027075950384,-0.0028849322081361106,-0.008525909014770749,0.005968715261755261,-0.006337997297641311,0.0027168660479388444,0.0009406990197377459,0.0006492435671004771,-0.007707532973842023,-0.0021231247843213836,-0.05916676820923477,0.015451396607696665,-0.012702465454860121,-0.03474409210188676,0.0008608594099452676,-0.020859476152004456,0.05283539304898,-0.009106269835492484,-0.012133950823487989,-0.0015578330192258288,-0.010405068714225195,-0.03683805080965996,-0.009549854962802095,-0.009633423264362988,-0.0010855709026912005,-0.022623754322617925,-0.0012933591101394728,-0.0038242255974598204,-0.0019421512257826522,0.003164092757512578,-0.0013157239237055348,0.019576112400718965,0.0014338082035633946,-0.008860231789300467,-0.0009654615846922305,-0.045963240171978594,-0.026954542602383946,0.0004631772223534316,-0.003178694011743081,0.04597502241585691,-0.005203478199767716,0.031217608799751724,0.0017590174112478772,-0.000406171848330986,-0.003828637953877718,0.004335510296094318,-0.0034969434346555964,-0.00048009612989715575,0.0033837913976956535,-0.13046409222041536,-0.0007921205231796555,0.09985964549542956,0.006251149064837812,-0.07194364407154112,0.00019801931968306332,0.002037733032106586
04013107202,-0.0013941899033052003,-0.011769426664925583,-0.08708918673229914,0.010144943639613454,-0.004712565618409456,-1.5396880095029548e-05,-0.013590993162289282,-0.03237440633273453,-0.03772694781098173,0.0014190465775991742,-0.011552041467702138,0.010011312420497968,-0.004443414973370383,-0.0018053452911058283,0.00026071641552353006,-0.0011459109257949416,-0.005936706147617019,-0.003026942681305024,-0.029459662076924863,-0.02063675996344674,-0.0025469425329074733,-0.04194369466987769,0.004331429368647427,-0.014937053565336849,0.08219737622927402,-0.00811311669200567,-0.00991763146279024,-0.005448606877054414,-0.011224047532126776,-0.017255048568301085,-0.006283111414826664,0.00029682648418918314,0.00644049035385455,-0.029179572365079356,-0.0010970850303300241,-0.0014632251607450439,0.0017317389722735263,0.00453609064376163,-0.0020204114012920124,0.015452152290609273,0.006791568122559066,-0.006469731584863143,-0.0007446930082920545,0.03010103844246817,-0.015379851394880857,-0.0038690541962355246,0.004404246160438464,0.001198939714897639,0.019401042478330775,0.05295615734848385,0.014293280368391172,-0.00301779720625755,-0.002630846599900848,0.004718521190264861,-0.0024917416254387043,-0.00029713702261093114,-0.005793022716885269,-0.09059520412793684,0.00033320952949582864,-0.22785370490682325,0.0009816946745149961,-0.1827949874048625,0.0006626476308274024,-0.0032909356380553534
04013112519,-0.0005942153421010911,-0.009681581995014269,-0.06109354586558524,0.0054376031638572,0.0011760144727919564,0.002322540302479299,0.014296908528532735,-0.0349661332696574,0.04654825329422634,0.003338298275506354,-0.013154633810841705,0.002399412553742463,-0.0011063676391853837,-0.007029384026266708,0.0018450759373717298,-0.0013762315586023572,-0.006794658600148572,0.00430389037774692,-0.02692183479990457,0.017906217467942635,-0.0081650889700407,-0.04704560517188897,0.0025062693054259196,-0.004288208995096608,0.10385486658554206,-0.008762847311708025,-0.0134490773522761,-0.005366939714701763,-0.009012740261797693,-0.014540803909107199,-0.002481055310974613,0.00019313596273636793,0.002617791745159356,-0.036681968381106024,0.00048562385560602415,0.004099597296933922,-0.0040594975669385825,0.0036905719400918673,0.0003037473564010904,0.007650689174835569,0.007907879663705129,0.00019555436280824733,-0.000675093506160437,-4.4156877367836154e-05,-0.013967364649466045,-0.008534061647377496,0.0005865090325470421,0.08902319641714421,0.021723981565735767,0.039822336983764715,0.008750173400152984,0.0023165101647761453,-0.0007389290475565389,0.004135576209517839,-0.005294600452557582,-0.0005593066508875255,-0.001791840742428498,-0.07078677076981695,0.001299306241576674,-0.20236854337342744,0.00647092258211856,-0.1607357761816003,0.006767320619276356,0.003116381720511441
04013112524,0.012071845905430582,0.00011942310455724495,0.047299320873807,0.005981262761024928,0.010857375499746911,0.0005579247074892528,0.053632401238857534,-0.006675007735622149,-0.02667856474481833,1.2513492689461883e-05,0.010398694839658346,0.009774821208548246,0.021194730584863652,0.00035977390058071734,-0.003066714810302515,0.0058895637557833105,0.002465461719962056,0.004765708866194137,0.07570041568127434,0.00043651818535727786,0.010252628105727354,0.10685125196103662,0.004583485637565464,0.10899810120678856,-0.1085188512528096,0.007598150036006922,0.010958131915844936,0.003043717239454892,0.02159044385124214,-0.020038144131043836,-0.006212077984804934,0.008226686582568934,0.006793190851979982,-0.07276963942321765,0.0028874528861905844,-0.0017820420050176904,-0.00186579648252973,0.03043317778261251,0.004856871062405404,0.02568876469877354,0.009347120681276433,0.011046078075983394,0.0045332828239607,-0.009953974020341497,0.08754102626068984,-0.0042044698843760565,0.006729030187019009,0.012135180843148196,-0.0012816601159565968,0.027733678409290526,0.008666132440128508,0.014633136314936694,0.0006190396895681222,0.023245644590652984,0.01898098903288355,0.0010398786997580117,0.0035414900991719354,-0.04239271284943884,0.0005771809178447279,-0.14291906390450543,0.0004386556736966069,0.6097719232157202,0.006025902218540349,0.009233404900047945
04013112515,-0.010338582284301597,-0.006233831670196837,-0.00013239658085354176,0.011154210853467874,0.009596490409949381,-0.00015168225074675877,0.039162476997302326,-0.0035373124529724785,0.04558030943170818,0.0010710081751373677,-0.004492873862460762,-0.004733632139771296,-0.007639450407104241,0.03269527276763717,-0.00211554215999829,0.003592593491422828,0.004179481499363067,0.004970956691461002,-0.005605577675702778,0.030235529970567582,-0.003289773101822547,-0.011838099924700779,-0.004092530424818871,0.05912973884460609,-0.06497529474148078,0.00847778897790311,-0.0064726817116917785,0.006599582457222335,-0.016221043747571745,-0.02463295880756976,-0.01818564265355222,-0.0026074404798484808,0.0034725746585128783,-0.06359553471918236,0.0009714741514165289,0.0009810029844566396,-0.00045146364527862137,0.0045336140892142645,0.002901597755825796,0.01775736444655244,-0.006169408305827378,0.002003664264957618,-0.002149109983506279,-0.006022670862418062,0.021751262665581785,-0.005291358439053964,0.0071991391591377865,0.0069093447508415205,0.000777165563874475,0.020042720236962516,0.009062138166209863,-0.004173410959924272,-0.0010852431339896836,-0.005734648515364618,0.0018497547941143024,-0.002465228482114726,0.007895151312842564,-0.08319647233072115,-0.0027686855340629795,-0.17622006633768061,0.007231261787532289,0.09657350587097159,0.0049058006411379545,0.0015138491057594765
04013112522,-0.0039321522776697435,-0.004385408373434328,0.03462068845267667,0.013942821112581067,0.007431904134773574,0.007807809765853317,0.05618610666210215,-0.028137053687207942,0.05683275647798717,0.0066388558955531515,0.01964922059415175,0.004889113485087313,0.002397161278040417,-0.006632344005294176,-0.0044190178922928315,0.007813486519358695,-0.002908555262773878,0.004441595830668346,-0.026540380573527277,-0.013390379263009974,-0.0008757212697379207,-0.014281344150036552,-0.004931896145718467,0.08257367133542967,-0.09055518340199223,0.013346242632221771,-0.0046561346174111605,-0.004628575061027744,-0.00011102285837666086,-0.030540996667112363,0.0014690395969530277,-0.0021925233864390015,0.002581940857280247,-0.03779304241575278,0.0013158334790505457,0.003792809846131189,-0.0011383470919136668,0.007945891130683076,0.003086643784546872,0.028097173830190572,0.0028107047254467793,0.0038290366786311574,0.005489879873929826,-0.01815932957458704,-0.00260116118356229,-0.010034637541942478,-0.0039203481621027745,0.020042237154074778,-0.011090007374498645,0.0393055038863008,0.011260192585084108,-0.0010601364154450813,-0.0012658031002612197,-0.009351543308329211,0.004638669607201851,-0.003915034452952524,0.008348487400031567,-0.07464395728795134,-0.0024122724060929956,-0.21206199409460721,0.0049081626064543405,0.04202128563384838,0.0028884689502558123,0.0014933010285010542
04013107002,-0.00670325522147448,-0.015182574678174278,-0.047666317971793354,0.0037244321930622395,-0.018197661030107667,-0.002764104027894492,-0.01705984157338991,-0.03688087832970742,-0.07669046612390955,0.002311642876752099,-0.015195339081280809,0.002218303632333347,-0.008068875889173613,-0.008275640884458634,-0.006501662038930248,-0.011187211475820314,-0.007686452025911592,-0.008016405186459128,-0.03728338923620675,-0.024337200260662946,-0.006178345741884702,-0.05502084319734843,0.0012725097142264287,-0.010592399618354053,-0.01101370451107561,-0.009845761809815765,-0.009616798523505289,-0.005862252454807171,-0.020425689366207273,-0.03149399612100025,-0.007318367166013644,0.0012436746121006067,-0.0028363858386150436,-0.030096845530315393,0.001973517467033972,0.0003233670697975187,-0.0029421115210132337,0.0013650799501260112,-0.0015080744057148552,-0.014273580347886878,0.010128644003983785,-0.005896779168534263,-0.007663236865001554,-0.008574002426678946,-0.018549348582070538,0.004686340435951367,0.007527796086812916,-0.02589289081029944,-0.00783081785550791,0.031169092147711068,0.004522590394198503,-0.003829816242991981,-0.0024707794000425865,0.004040345705589034,0.0001128822663763007,-0.002356092850612535,-0.00278271107399385,-0.10069497991288189,-0.009607674768023735,-0.26107973740982104,0.004121544881547068,-0.2136276937279293,0.0029673781902365194,-0.0037057268365751363
04013107001,-4.9613354303113765e-05,-0.013157342309918696,-0.09561219426191395,0.003512790867871562,-0.002919576841374009,-0.0018858200204031343,-0.011362505423482902,-0.03611562989974191,-0.06804083009629851,0.002695652042642866,-0.015723360928692604,0.0033321156255084255,-0.0026893986405707193,-0.007371345762882745,-0.0012372544162028232,-0.0027142725842464227,0.00011936476910734909,-0.0013812711706953724,-0.01293562984263372,-0.027938806457401606,-0.0036550071839986284,-0.05135756501589552,0.002455809015310877,-0.015045448292012722,0.03475950089226229,-0.006535791877692071,-0.0011182834916760918,-0.0046363418797493216,-0.024604956437659514,-0.03430177623129705,-0.0021675744128736916,-0.0014061273792139917,0.006114794668791166,0.034417231541004005,0.0004222262257177731,0.0011910709517093897,-0.005987496099670018,-0.0020655966393396705,0.001886363526920605,-0.01884921709881107,0.009589585138935685,-0.005499344843038822,-0.0023020281200822074,-0.022696966491932802,-0.027437298720806354,0.007805257181286229,-0.0031769700902282345,-0.028817819576605317,-0.009077432280404836,0.0127320516502175,0.008883143312665117,-0.0024749641558059724,0.003551364072194671,-0.002143299818365183,0.0029819794185030678,-0.0015078410129403482,-0.00707013818383233,-0.1080283192715024,-0.006974395507287852,-0.2126341932540712,0.006341430629811785,-0.20323347990096347,0.0018991765008056422,0.00029264158927836136
04013113800,0.006120890123208039,-0.006692898440347778,0.030723306487318275,-0.0014502665119010727,0.0017448474984191795,0.004243333976342576,-0.015275434465039527,-0.03286034511548396,-0.04936666639466208,-0.011077325831426496,0.01987900716049262,0.004066673055450367,-0.005648409676448544,-0.005134508605287118,0.0012181982399500008,-0.003754699519518294,-0.004469535047374074,0.00073833033243667,0.03491601768278666,0.005912163341958234,0.005279041516937152,-0.1091148732130121,-0.030802881069607504,-0.019961102345992545,-0.18052862496850786,-0.0005049086927234188,0.003246460561101483,-0.004028721163399719,0.011253130718049403,-0.009293561284776566,-0.016712301080216263,-0.0014457313980456537,-0.0011788691753196376,-0.0857900990655118,-0.0028503316612624578,-0.004352814047851876,-0.0007286161262979505,-0.017246227052122677,-0.011471844895661066,-0.003584470509992254,0.0008954595291473737,0.0037777607089464135,0.0024646707435189256,-0.020738806898165665,0.05777724825594966,-0.009644261537764041,-0.0032598815840035435,0.009914143630935906,-0.014778801960666207,0.017542620585855873,0.006936083576144781,0.013966177174247968,-0.0015222492864291758,-0.007750202771100274,-0.0024237377258866984,-0.003351782528643941,-0.0011135502947167612,-0.08848555624304698,0.006677233555138689,-0.27705492722388575,-0.0018585872503182072,0.15576995740609798,0.005351038756661592,0.005546307920804913
04013112523,0.0160472429921565,-0.005015985430928218,0.05062740261041567,0.0024020341244520294,0.012602071283371838,0.00887817315451186,0.0670140309719932,0.021971871571257958,-0.015340038938440942,0.010209040076888035,0.03771075181809736,0.008931801254256997,0.0201075992377447,0.06448376251328265,0.0014593507011672281,0.004511112684608497,0.01438551639046061,0.013286247220840312,0.07187502539652972,-0.016256129874104488,0.0007118016562835414,0.01762270759879378,0.00683684891007787,0.16854458953219068,-0.12285924898711703,0.0020200825877864435,0.013339067041283053,-0.0030093523260582974,0.0250814015641403,-0.024791467387557733,0.00510216327289597,0.006756848519828764,-0.00357414224731666,0.07821954074398452,-0.0009097436759213225,-0.009908156650638026,-0.0007318517530447018,0.007469539734686222,0.0032895554342511333,-0.007693135677118122,0.003961719873198052,0.0040871924433040566,0.00259502696996656,-0.004527930125903879,0.07814496676844786,-0.005528766021838057,-0.001677152946775771,0.011699046600876268,-0.010916714482972913,0.03366525785910518,0.010156003171107309,0.0023737704466947306,-0.0009744132942743663,0.003734986516250901,0.0014550545247668622,0.0012359588768126543,0.00048003966542616,-0.06887823397426891,-0.001223037133263308,-0.21355507683576555,0.00659213780627494,0.11649806057111975,0.0045356621628642665,0.01090650417282037
04013115200,-0.0017668703282470322,-0.005873106943888419,0.030554447972563688,0.00011292458977495987,0.0003985130738544751,0.0035920690720857157,-0.009551216402560844,-0.037470816276076686,0.013513668713388837,-0.009482795147842381,0.010582781694547667,0.00300529848775227,-0.0005596226221279573,0.008679428714491653,0.001819624605199225,0.005025098323509004,0.00299212680900828,0.001310799049957449,0.040807248250758266,0.007201319253084959,0.008425840762221118,-0.08965279391756746,-0.028283502630584205,-0.010236009935858334,-0.11543568762324084,0.003937134668187188,0.002958216880637691,0.011592925070157646,0.020552403307943452,-0.0020137157340351175,-0.01523027058543633,0.0019796343396510647,-0.004641933628864105,-0.07482951379786358,0.002416185604130129,-0.0027560056377772266,0.0011299159055805778,-0.01884444256326016,0.0005016501763898453,-0.003673433074827417,0.0034847508503120764,-0.0004243958160774847,0.005367737640622661,-0.013763624570380984,-0.005315579654317455,-0.004467579538207141,-0.00013402238090049002,0.07461780736224562,-0.010664885419372378,0.03608236216517841,0.004940302132206205,0.0031561770136884723,-0.0024045661623944567,-0.010365597724873105,-0.002358976928812754,-0.0036240413099372227,-0.002304488501511064,-0.040032886908313074,0.001828201432952637,-0.21577150092375968,-0.00415507530600011,0.3917397385397008,0.004771459361258563,0.0022931269608960454
04013115300,-0.009165111931435961,-0.00795391025341754,0.028809658626321188,-0.0008884357784225725,-0.008853019712790027,-0.001822497413279195,0.02083703234491139,0.00740873362381958,0.015294041214071791,-0.011095412961853528,0.004342551662657379,0.00177430657201005,0.010265966839520283,0.0030889023818108647,-0.0026159034783955672,-0.0035623579138514844,-0.008638617139982261,-0.014093631381821856,-0.027355640974756512,-0.006807350374762672,-0.00570187354561358,-0.12413977377585134,-0.016062737058140243,-0.02248878122753737,-0.15767661266769326,-0.009284823864014195,-0.011783300333486681,-0.0023728702820783177,-0.02179325839974717,-0.03765177692182951,-0.04791835197594468,-0.008863138594551977,-0.00675195778089757,-0.08436317904534446,-0.0015248424867172264,-0.01442175073239132,-0.0037071416272747176,-0.0038164490567090138,-0.009166999913344655,0.00890260693205275,-0.01294976676506276,-0.0023997353070036955,-0.006183335705687046,-0.017874421415872865,-0.01912393554632507,-0.02566036650936731,0.0056511776014541385,0.0336067137150131,-0.008255372171599919,0.024246378815750768,-0.005651070672037426,-0.00016292634280782776,-0.003220066792217996,-0.0013047968588380458,-0.00613580968518409,-0.006490243287184859,0.004539242511157456,-0.09956480012510022,-0.005770302531006441,-0.2559858616085851,-0.005385707378551687,0.006918627761902335,0.003527561654220121,-0.0012028707172328705
04013115500,-0.0006500961438735015,-0.005045939063517177,0.034975535177064754,0.008956355264029109,-0.0012501857748885986,0.0022577787110273045,0.018853251624601153,-0.0024917827321802688,0.05363439039218388,0.006513718092364036,-0.010564852630224072,-0.00034458261235240545,-0.0035148872832784827,-0.007769331610500382,0.0022893565491538268,0.0009812352453997916,-0.003376991801525929,0.0004497264553811162,0.024839226190113417,0.01610507813307843,-0.005301492592811637,-0.10333286978800009,-0.0021439612845022046,-0.013288730879217999,-0.10904501275267955,0.007147157586962691,-0.006514331396670781,0.0015733614494169484,-0.015296346624969415,-0.03175261975182379,0.0010022996932207628,-0.005193840677939225,-0.0021026977533105252,-0.05010857054501443,-9.86334842963738e-05,-0.004525417085842063,0.00033071583745391067,0.0011956070218947146,-0.0020898320514051404,0.01675895427809548,-0.005055869725701519,0.0005207511512147912,0.0032117987975313804,-0.018773089524625856,0.008411022402175703,0.009188927211421005,-0.005209865365969657,0.04138863529191427,-0.0031952734970334767,0.016063071423120318,0.011891204238514018,-0.003499575826886519,-0.001829774061236604,0.0020945710683137647,0.000383783873455845,-0.0015515799210735612,0.009013870727213172,-0.08362901082359651,-0.00027064177549421476,-0.2527889824322635,0.0006175502755474967,0.017986392113377478,0.005659964853354646,0.011513038075089702
04013115600,-0.00918577186280752,-0.006505643457505557,0.043041991835146516,0.004812482070886283,0.004436782190276375,0.0014966390537764546,0.013808501064282082,-0.001338205538322563,0.03012113109427932,-0.001634188614667286,0.010325155422012889,0.0016288525474592646,-0.0112093275161928,0.02518172334408577,0.0029220139475130886,-0.0024427833765149837,-0.001381376752847139,-0.003926811599198624,-0.012787844534061696,0.03088973891000677,-0.0036039427891847086,0.13459304585329174,-0.011380491471416277,0.0038173813357856774,0.02519349250181091,-0.0019142038077216007,-0.010709815750021664,0.003997467691160466,-0.01216850714095779,-0.03512043685320689,0.003357932091005359,-0.00014216202834234224,-0.0022000235974644344,-0.08164505234609741,-0.00047948945351944855,-0.004134085483708713,-0.002241517995686512,0.012567496336428844,-0.002962091020232475,0.0013108075593278531,0.0029478388443658597,-0.0014352011681332633,0.003131701595239498,-0.020405384971932086,-0.021798821258889683,-0.0012408816077556126,-0.007837097909394707,0.08334715653187526,-0.006127774833479505,0.033468639022013025,0.004435527359593053,-0.001237288256227609,-0.002335386175295858,0.0007640239872166482,-0.005630468622093198,-0.002106405609664116,-0.0010294419307049754,-0.05686617967375842,-0.0013990786458795705,-0.19508594784014066,-0.0027057018381314597,0.03018415142797057,0.002019470037833174,-0.0001294075083404043
04013115900,-0.008963343008576378,-0.010067777597701002,-0.0072835905779151215,0.009198885024189984,-0.007829547381154421,0.0011894609611521128,0.0198943598583377,-0.025984232447890616,0.02338347029074791,-0.013045566902420303,-0.009098720411500451,0.005540531494827873,-0.0076712384059370265,0.010142095155374483,-0.0009807833990840566,-0.0006516437211519504,-0.005462203279264347,-0.006568011142565404,-0.05654804997566224,0.015655257447629755,-0.0076339001579165755,-0.027650457961991465,-0.00868155086024873,-0.011462453064823578,0.04178300428780429,-0.0011531887651878552,-0.01883272425398228,-0.0019538946528386185,-0.009983631037543439,-0.040166638170242984,-0.020808629777479257,-0.015611282143724139,-0.003224765109555678,0.0374410755893126,-0.00043763349777542823,-0.006739226009258935,-0.00340592095138955,-2.4036246134535654e-05,-0.0025651404975323656,0.016955517024737632,-0.004653018910039441,-0.0015771096807325694,0.005353151223527719,-0.0373864695682127,-0.027484106970518497,0.0011165496939224842,-0.009109557963603814,0.05841486364127222,-0.005941451533183453,0.020523007391116524,0.0004665380492690031,-0.0009811483164134443,-0.007359893281880292,-0.008332134423383606,-0.006274945089921636,-0.0016750719152911367,0.002478906780006575,-0.14482623784784332,-0.0012270264677402775,0.02725973838669085,0.005140877298575091,-0.019427005074728644,-0.001986325353396984,5.115635901864636e-05
04013116000,-0.010111427210750187,-0.011463988970611388,-0.030617616565483056,-0.0036376448230253542,-0.00865107468049451,-0.0010234843537828965,0.01577683762300967,-0.029550674102883586,0.011579760265350682,-0.02424041752239938,-0.00767695122186678,0.001963491242590739,-0.009312005046485588,0.011366783326118115,-0.003777102727056469,-0.00233649759288245,-0.010484689842912225,-0.006854063424190175,-0.06648908467434192,0.0002321484689124691,-0.009281276054456567,-0.08094266446449484,-0.016893538827633666,-0.020116323714862768,0.01657098907329494,-0.0010411127439975932,-0.015311606050799563,0.0039458360867947,-0.018747871148826853,-0.046063221338746824,-0.01740499159538909,-0.007848789660680183,-0.0006407715291411755,-0.03531574895176278,-0.0013005599717086167,-0.0022691775046543012,-0.009106670775303147,0.0024612584878801044,-0.0009665932827455947,0.022238914214124307,-0.003682882585029411,-0.0033379992602811945,-0.0027368634135378376,-0.052229104473503596,-0.013211322302419604,-0.001326239604396256,-0.0076756473850153216,0.0441434898951521,-0.01095367520854235,0.021253341957170473,-0.00231536418766395,-0.004053464663927142,-0.008418439375528622,-0.00886974406388859,-0.0067208264835408585,-0.000324185129829034,0.0031349313216525857,-0.15091556251748217,-0.0007765690299335444,0.017673449524042564,-0.003156622047456455,-0.07187863468904607,-0.0038125196874064416,-0.002285181212076668
04013116100,-0.006315134393670512,-0.007789943325378761,0.018460373939278605,0.006694285388544248,-0.0033746425582278678,-0.0033122554328089814,0.007417973761887707,-0.036432158822040664,0.03200428151872772,0.007240183786727095,-0.010814428929709269,0.002403803511053462,-0.0006547218956037258,-0.008761480384975765,0.00163615223426515,0.0020087840600417034,-0.00728437081106511,-0.0021115835484468437,0.0037235488774133006,0.010266549747887179,0.009242490428569278,-0.08673333476169648,-0.0009420866721397669,-0.016688159394665707,-0.11040757262856618,0.009180635363007771,0.0026606148849483567,-0.007883678729651828,0.0052980335190153105,-0.03737165903360446,-0.015437804443852596,-0.00274634485646875,-0.002899339612153415,-0.05125183832028804,0.0010846632902330414,-0.010001537901308099,-0.004149402534681438,0.003950363282798156,-0.0032089689038861764,0.015209462102144796,-0.0014972976067625316,0.0007526904868517899,0.004160037756880734,-0.0043678403026008936,-0.0019831956659032996,-0.0061335400398477785,-0.009988216279819807,0.07007739255832886,-0.016659823049100114,0.03203955425377712,0.003519016205514755,-0.002684578754494012,0.0034641496160883922,0.0013025659851213396,0.0011657680213934497,-0.00030738918235257497,0.0027348914266368384,-0.07808270469050063,-0.0007896658088125585,-0.24226384414585173,0.00038557228885656664,0.02665854707892379,0.002180602270309778,0.003495912473292787
04013116619,0.006635531874540872,-0.0018668452380865268,0.016594519510751832,-0.003814908690037988,0.004519970157178104,0.003199361764389009,0.03723693314490963,0.0796973776867159,0.053473221216165066,0.003995754998509496,0.0009965719631067572,-0.012344200658586659,-0.00523523658410711,0.04370917482385893,-0.0006152198512537213,0.0009331973560164962,0.006469323770817177,0.007168039765457468,-0.00506518094329821,0.002183710990791701,-0.000627340973889138,0.1870488401221789,0.001970693352749122,0.11604316010890874,-0.017212873297740863,0.009753511027501556,-0.00011269451528852107,-0.003763596382870891,0.012123608501062758,-0.027041484591042244,-0.0008437175537717395,0.00028240482564892145,-0.002676024673712416,0.03923893653913915,-0.0034679823245069006,0.0007418456510540506,0.001649097737492716,-0.024054746759693053,0.0008581819540013008,0.011620122865364497,-0.003742025238460343,0.006930022419397222,-0.0060871257965170265,-0.007853548250135236,0.0664873624345922,-0.007208835631717093,0.007043085287138098,0.00646559012685037,-0.008176329810234037,0.033478074542810154,0.005024883470447702,-0.00044234165643308124,-0.004981643778354438,-0.009443502026654588,-0.003282035548762686,-0.0006849762987693988,0.001032020252819608,-0.09807965679048197,-0.004324599090067024,-0.13850416472008703,-0.004735706297807883,0.20125213191143454,-0.0016868547320415346,0.002134805887574886
04013107300,-0.000712125511816382,0.005013546376079414,0.06044897888496248,-0.0024986929891281876,0.004016066232860575,-0.0005899661578981038,-0.009779457372934335,-0.034713006192362984,-0.028100643314212068,0.004940128677387958,0.03012313772207398,0.004309338398555211,-0.00239185209442124,0.0001801528513679521,-7.951485612499674e-05,-0.00501335538317678,-0.003944136509966796,0.00442319581065895,-0.0015200124261898825,-0.01564385726610746,-0.004901462551629983,-0.037141698054675494,0.0033607203478504396,-0.00653269103177211,0.07542997419123323,-0.0012761743436740212,0.010137093523841227,-0.0031326255420511245,-0.0014847011459210864,-0.007623651558705185,0.00658138235258591,-0.0009600506195364722,0.0053449004238494266,-0.026980280921943718,0.0013643927744651932,0.002545666357769555,-0.002899742555531914,0.004815335637822374,-0.002975055235693676,-0.010007794772853573,0.009751989029015376,0.0009114106172386391,0.003382725223682169,0.012494027483107307,-0.022865831057360692,-0.012278791200323802,0.004106085584138772,0.0071714354263960325,0.036023045419910735,0.05241837888263524,0.015400105708854714,-0.0007987727325872336,-3.4255269023561874e-05,0.0030462688004638666,0.004403243955025125,0.00036902358962005266,-0.0010359187967447859,-0.07435865648405053,0.004123149003954564,-0.21278536961044436,0.007718892930505805,-0.15165891114220614,0.0021674500004178012,-0.0020413510407725263
04013109703,-0.002393537521492659,-0.007558895113391739,-0.02868177133924887,0.012663771275590383,0.0014036325090112155,0.002792716397699809,0.04587302478868936,-0.03280298128560958,0.030521529468133315,-0.0022808338600623507,-0.007549604426155203,0.010112457354130397,0.0008073858177346373,-0.002589006193362389,0.001271592288309361,-0.0002559373148575072,-0.004685288648115067,0.021128782256045583,0.06115706271385311,-0.0254962990694426,-0.0012054196291780167,0.08786883999088034,-0.0004988185430609478,-0.008150715435514782,0.05975575034952524,0.018292303937420516,0.011790977031209767,-0.00047710180056904716,-0.003771359252231482,-0.03490306852637422,-0.011486973721048007,0.0024483856401707055,0.0047098027832092985,0.06502630438634771,0.0017232606981536014,-0.003005247372743346,-0.00016023897550153311,0.005791348049751853,0.006305103163001241,0.04045210205475582,0.002149811677838028,0.001614479901821039,0.01115446605097475,-0.020967733685449044,0.004470783687666446,-0.002577407044890797,-0.003277291418065076,0.02120235134277697,-0.0034536404398056927,0.03978455578808323,0.0017556651060734248,8.354756534942625e-05,0.0068235370266186285,0.0028229318995832433,-7.959410807402817e-05,0.0030253314182489125,0.006028879329797961,-0.10317144270493589,0.0007049352308272192,0.20584765867210983,0.005877194717498636,0.01697697160540037,0.0011095274887323464,0.0016985671706427551
04013105101,-0.0006557095601466018,-0.0044200723674481515,0.07178854574592594,-0.0024974513611498144,-0.014085447422423476,0.004840391189288886,-0.0024949228675670626,0.06993282463163498,-0.006782164315502634,0.0072272009067521695,-0.00407052091166794,-0.007798699639812028,0.003873513863863357,0.00032207175476171775,-0.004773628144958029,0.008561270061690147,-0.0070928484997431615,0.002636478891780885,-0.039142924973155455,0.022179273062044536,0.0017673351411267959,0.020787800955317418,0.013395914347799354,-0.011528312184166478,0.08967826972759294,-0.001202911158784909,0.015219606513305459,-0.0018207391498764212,0.037531536370075176,-0.01567702879288671,-0.0025570130034253086,-0.0041477872990126445,-0.003550220435214768,-0.021848914272526103,0.001260375681308824,0.0029659518436261634,-0.0010775801467439255,0.008808856593129626,0.0015065847521211488,-0.015350248161950306,-0.0037390086322379576,0.011894124892453457,0.0026437056467423213,0.05434031175566707,-0.01252009375387299,0.00738337040608114,0.017371614995712163,0.02288277850242775,0.00040965835216676165,0.019487695737637447,0.009074814570181654,0.003223162592082724,0.0025681161661611617,0.004768274073319201,0.013054535735426474,-6.871060950544427e-05,-0.00128374714458534,-0.10822148024899188,0.0009153177066252379,0.21649455203477308,0.004094276573270116,0.04183932138043345,0.010921891120296665,0.0021338130006100012
04013105200,-0.005282678681687848,-0.007516824023208436,0.055877674195528915,0.0030237120380045674,0.0031979054216252963,0.0008448683847093592,-0.007196765017074712,0.06338510242062115,-0.04455035996006886,0.006948352185068737,0.028707126002017667,0.006991948685848496,-0.00411937762832414,0.002527925373469294,-0.0002122748276693146,0.003066856020518242,-0.0007804180294702698,-0.004282724872824651,0.0019251570667532508,0.03335508094415826,-0.0010872549148990135,-0.051349146572354086,-0.0015395476215965245,-0.007583909109503138,0.11200191386864175,0.010033146257211075,-0.006188569389973944,0.003522059474620978,-0.01261811369585981,-0.0272523395767955,-0.014687553807353405,-0.0037013143574166907,0.00022514480220550597,0.05146028488090308,0.00014209255568028664,0.00719330809089424,-0.0012743191408026602,0.0085859767488655,-0.0015339465904019632,-0.0006700985288238098,-0.002026264914860976,0.007693457739985585,0.0029487084378244026,0.008183817381038088,-0.01997548820826229,0.005659880631113573,-0.004840547588598249,0.1607267994443476,-0.0035782627307894333,0.03400354378703575,0.005315300081868666,0.0003723195922224467,-0.002440918224935658,0.0021028856246714006,0.0029984070978350138,-0.0009186390531560779,-0.0007796872736556202,-0.09652970688363056,0.0034714926386175023,-0.20196460843829903,-0.004449607890036259,-0.025776724321247124,0.006182119731171849,-3.527878022905918e-05
04013105300,0.006580580745891115,0.042359020249576204,-0.03411206372577738,0.0006359434472646294,0.001173337038689686,0.008944495483252435,0.0011597469244994817,-0.02812223867935908,-0.013946005265938158,0.002915217800910239,0.014988040433448804,0.01281258821776697,-0.002359236343583047,0.001494346899859512,-0.0015782629877486689,0.0068051933246049915,-0.01950071889675998,-0.0010704318637440465,0.03779668893766261,-0.0061755816431053505,-0.0002589939390672698,-0.022723556133201924,0.006531631280574167,-0.003919056413184972,0.029452480006887983,-0.001447915720361678,0.014888049991077698,0.012490230724246128,0.010812990560515014,0.057086278153705,-0.024398834475530595,0.003870621074161448,0.007086455618373032,0.0719096344139869,-0.0003047024653492183,0.0036121684069756635,0.0013786263545980599,0.0046030755709806385,0.0009271803356788679,-0.00764135352384249,0.007341839535473198,0.0024028931885137763,0.006807608237098312,0.03961987003295016,0.007179694238541635,-0.002488552681541662,0.0006411892202273452,0.05037587260551662,0.013277246761511619,0.022774131931479688,-0.02113616217426846,-0.0027043986149399373,0.01556617073485164,0.013334539215833436,0.0024381239777016466,0.008621250316751677,0.0046638720396452605,0.3662867610423588,-0.004274335834226457,0.7848552588326259,0.0021243087732312005,-0.07695390556025967,0.00390421788853635,0.0031528116151655758
04013108100,0.005685405222974453,0.02604172938295738,-0.0021355731451499936,-0.004514559992014007,-0.009247086255062452,0.003854946019563899,-0.0015780618388156068,0.14921071419323295,0.022229404827698862,-0.0017455161551660355,-0.005119979398228549,0.008757138712982343,-0.00018000583787656965,-0.012051302229240671,-0.004834893681884582,0.007074986514721753,0.061147659223201874,-3.2505123641994534e-06,0.030085908553220502,0.024264666873083523,-0.0028641104417827332,0.06006199742097675,0.010739740814568128,-0.004020592066798965,0.11956732894938749,-0.0035037345913245354,0.007353529310045879,0.002539012127599366,0.01258618290458953,0.1130977196320965,0.13875148357757913,-0.004355020833875573,-0.005607735909917164,0.09362138957601718,-0.000469651091643452,-0.007383282585994969,-0.0025868467421111853,-0.0034037417178868746,-0.004463355677470927,-0.014231353343472067,-0.0016694519597977152,-0.005920585844742076,0.0010537201234797318,0.02519468536402671,0.013352222304685982,0.00250573974245477,-0.0016005093252275384,0.05934561851746427,0.01382160526551694,0.006179749345545411,0.0046550544342758605,0.0011748856857872686,-0.0045764155528246085,0.0029546899460164734,-0.0004419870673678163,0.0022352633595559917,-0.00323763236227858,0.3680944195495413,-0.005458938275079189,1.2093790120408876,-0.003640593322558985,-0.07969960212544507,0.011289353512229166,-0.0008248263046921961
04013109200,-3.124751763041716e-05,-0.0024589049266565445,0.029113808219930048,0.006743715102430901,0.0028500821156533227,0.0028634094582852617,-0.012184776697808023,-0.03512169374814042,0.026497422697823726,-0.007879633500460658,-0.003849917887827208,0.003388654262054313,0.01167770601165218,-0.009929388551068808,0.0018851958373418483,0.0019629085989466243,-0.003506287049480305,-0.002198510882871658,0.026017228319535502,-0.0065423262236577575,1.2917283517454953e-05,-0.09167461099551602,3.078324686351228e-05,-0.015353081534119649,-0.14185276191631307,0.003397810675805886,-0.004573065404295775,0.011426712859906131,0.02691805903832942,0.0003954182586109242,-0.001995900392269648,-0.0017955053379501487,-0.0051212800884298335,-0.07592652277442502,0.0011346792655135475,0.003334818339050964,0.0036569041586816033,-0.006607257922709959,0.00025722931981782894,0.022621364211511983,0.009005076299957795,-0.0008256739744498416,0.0036442928057077583,-0.021925642852497172,-0.00567818731032051,0.006303287658930404,-0.004806348960569919,0.009893090735841837,0.018456517930720204,0.03988843999951366,0.007180877220935332,0.0034443398357732508,-0.002767588796828637,-0.006044523275461229,-0.004976671246770027,-0.004056985853450533,0.0036106638709991956,-0.07721398479182133,0.00529499130072763,-0.2500961017334052,0.0023226531863625726,0.11088199329599352,0.005361122136959739,0.004269749859135373
04013106400,-0.00670864040102901,0.04658940615134282,0.04912226876853528,0.004519285136166441,0.004766366189434238,0.00198733175808185,0.002153140966252654,-0.01203201188742174,0.01902175317861699,0.004292435210684971,0.028710684366726323,0.00536731328804088,0.0010855993032371114,-0.0034677682947741833,-0.0006180234036767137,0.0004875054601955848,-0.009308568984294385,-0.001619247576939434,-0.009597295343735107,-0.009096196242723915,0.013815350681257447,-0.03754508115581958,-0.0007003711336626935,-0.00048438670682177375,-0.01808993533691889,0.012260573894435172,0.01952444886220452,0.004552306453899501,0.04133585722118317,0.013482883736296596,0.00884900944140645,0.006684420613233966,0.007142329118077974,0.08634928685627737,0.0037008424278891783,-0.0038235334513898943,-0.0033003127067623697,0.007765208660216588,0.00269672118114537,-0.006198962156840006,1.807019946368163e-05,0.011785673237270158,0.0027056439166987883,0.026618468142257636,0.012053402232196659,0.0001517656923777794,-0.0032502518474895534,0.05375330414836273,0.030833777493086335,0.023477823541087937,0.0008706161407858723,0.001012192293797888,-0.0029462973173990984,0.0012403684194962428,-0.0006279196319578427,-0.00394977402848544,0.0030501260760110974,0.3826935905291624,0.0041964395305993185,0.275214624905278,0.0035677419627995906,0.025786515248291574,0.0018742542848722437,2.9566275412023433e-05
04013116729,-1.1355247872380926e-05,0.0005166380700842481,0.056627429554491855,0.004041111115604478,-0.0014378030880341417,0.012796521480833371,0.011269477833096937,0.0934324185482732,0.02288904022215237,0.008593674147926797,0.0074020405074384935,-0.0011016564187409472,0.024662313535308913,-0.003972207358687796,0.0027296808730225236,0.000732657212060445,-0.0043313029636150744,-0.00378479856299871,-0.0013668365821890617,0.06471062634047557,0.008104025145873427,0.13168883050723784,0.005979396696199334,-0.0029039766284414733,0.10647437193846741,0.009736249171473066,-0.005153377734864215,0.0022537583895088343,0.006377625868228184,-0.026537561255402988,-0.024149821469325455,0.020179229229612763,-0.0024959862487431606,0.10580125742630547,0.0014005637495337474,0.004170518204493968,0.0032685948412137316,0.03559015659391583,0.0067101257936157494,-0.006099021050798481,-0.001345621064775863,0.018168416793260957,0.0012520345171011043,-0.011099078724089485,-0.020479724790283527,0.0185657933051499,0.011661219681171939,0.03296443716295294,0.006602211476760281,0.03433137838724296,0.0036600400036369734,0.001751572405523063,-0.001444137330212738,0.006800071764020166,0.0052953125391114,0.0006863614606865805,0.0005335962911111646,-0.06389945983775555,-0.0005576921674138455,-0.11777792583364807,0.001708778303307305,0.5778589833699486,0.006636587720438933,0.004927656534263864
04013106900,-0.0003195151430556968,-0.01449329664083382,-0.07229093752828891,0.01710624328749106,-0.0013576773654309184,0.001280131271761967,-0.006742398755443677,-0.03312401116682816,-0.03315372039180488,0.0013729137244125101,-0.011343189667355324,0.0029254218865663725,-0.007082842310352227,-0.00807930461272015,-0.0008624310539862397,-0.006616843900192148,-0.004859874475498671,0.0033377136699315763,-0.028646125147524574,-0.02008291050852531,-0.0011650860193601442,-0.04689258861081815,0.004560554623647277,-0.009305490162338283,0.05218519521680516,-0.005401684216960529,-0.008556231015423105,-0.005099537765376251,-0.014790533429238466,-0.031719606646674364,-0.005342552960867889,-0.0013842651037266087,-0.0010192097267758269,-0.030112868667564525,-0.0006330169318477197,0.0022049900524150528,-0.0011989679790298914,0.009008623970862568,-0.0008978198255673425,0.03315849218511075,0.004160469519960324,-0.0025472453974925754,0.000602264809342531,0.0034646759403420295,-0.025832884245413686,-0.015714082027337945,-0.0038409851271944953,-0.0021935805656370373,-0.004891262324677393,0.032651569550524985,0.012671764625341447,-0.0007261166723841907,-0.00030719104690613285,-0.00039969933913555086,0.0005007081422618306,-0.0017794168026225164,-0.0014323477537955466,-0.0911599137388894,0.003546499074796246,-0.23853439982090952,0.0030293522551295042,-0.17682232024678998,0.0030619309944963135,-0.0030931970331051994
04013092719,0.007598249413855579,-0.001437765127067538,0.056968931062602236,-0.0006300252559105291,0.003109972706348566,0.005106985277342499,0.02613938114677643,0.1016831352169236,0.025693531005321672,0.002869094700305588,0.0018166275950032011,0.010031784242513156,0.006439943286854588,0.0311765918511632,0.00013701814949485726,0.004461487698275826,0.002085848519857883,0.006740262972649691,-0.013365664572695285,0.030275525422352224,0.009612811389296112,0.16456213927184227,0.0359102657524553,0.08543958512858049,0.0502271054475953,0.010372849965639959,0.002243590568739258,-0.00051762459290297,0.013792698907971496,0.028576542699884556,0.008702276149840035,0.0001568472758832434,0.004758207738763407,0.09099414177488345,0.00105469918800179,-0.0004046096328719605,-0.0019593537038378127,-0.005656044874043515,0.002776234382065172,0.027964627549551306,0.0008659472750428777,0.008358186232816842,0.005928552880679749,-0.014719063974075906,0.0431424429235851,-0.005589058434887798,0.01261633711117068,0.05978447418986145,-0.0012745969689182564,0.03310776284275004,0.0038936019655176047,0.0037223879696814217,0.00016676157301271697,0.0029896042976823973,-0.00018755154855631628,0.0005490689074567239,0.007805496445560171,-0.0663940775636725,-0.003307803829717178,0.12410076656888981,0.003987837455763086,0.38700418892188504,0.0049466998777095775,0.004208830594736156
04013103219,-0.0074199361404020045,0.0353903440867014,0.05178160082594212,-0.0012803754542120391,0.002724354008538089,0.004472918399561656,-0.005283015094254284,-0.016504849454076133,-0.01743032360848528,0.0009748386356115348,-0.009845290534453403,0.004001359053759516,0.0006134956031974067,-6.238181387445694e-05,-0.002321314271142702,-0.0010378790066657157,-0.006200218208267883,0.0041442283955404275,-0.004633264318277653,-0.018143252474627506,-0.0032756958674148443,0.05529159711385446,0.008979899547742889,-0.01076722625186279,0.08008974119906484,0.011157411804105694,0.006212492013188767,-0.006327062052224242,0.02749201140476201,0.05417502621076989,-0.006314090669438727,0.000562083771262321,0.003971513862817678,0.053016478759759456,-0.00033878746222706647,0.0012116942244853645,-0.0015326559132188898,0.004293085541980143,0.003950111544796218,-0.02379068778017556,0.0012725111128527415,0.008479378984440986,0.006751914054694361,0.047282883043808656,0.011685294915581262,-0.0035180073568033387,0.002282686541188309,0.0024017544052067825,-0.006666052913391335,0.016035224190942544,0.008492144612677896,0.00020485724525517743,-0.003086331662640106,-0.001608108064854827,-0.0018254042974214398,-0.0018968934971698805,0.0025425892824546374,-0.026287192497741196,-0.001189624999940418,0.20299681445231618,0.000645843671595759,-0.14983911462776986,0.0037670444482524328,-0.0011804524873181752
04013103220,-0.011549856212585015,0.025972282424876366,-0.0053291750418125805,-0.004903042623204958,0.0029157344578431073,-0.00045501679531492094,-0.010112410456698447,-0.039625451715826786,0.007511297504713258,0.00145465155185347,0.01032872242698442,0.0053032415143709965,-0.003491414317519232,-0.0045799960181801685,-0.0023581446597274614,-0.006530911203206436,-0.015308667570178559,-0.0005768573163124951,-0.009332518527915888,-0.021062487947103796,0.007376429679713205,0.08194996386997945,0.0053559254696642885,0.011448484878015393,0.011237316724480834,0.008430720277462488,0.004479679049179869,-0.008864194698648055,0.019682792851804732,-0.04504744551168274,-0.016343530015787575,-0.00038917763524285196,0.0029686802608764585,0.06734097452210883,-0.0028252673082272096,-0.0006436757623223684,-0.0034477558112821598,-0.006031455474929453,-0.0018704102044189714,-0.007220356156438695,0.0019578780916615565,0.007753643966899381,0.005323859830232709,-0.006449717654131394,0.008786069495149085,-0.002589558442944564,-0.005384145586102871,0.0537161788720626,-0.007681911011723606,0.020410907931733537,0.005621538318229273,-0.002106628445628212,-0.0047393734633851626,-0.00039094699490701054,-0.004638705873391251,-0.0036780247649135507,0.0030909534107148506,0.29578325096140007,-0.0020261810508383246,0.3187644507797572,-0.006350308720790153,-0.03217684399692431,0.0012211794519850125,-3.905252178745073e-05
04013103701,-0.008363015075279371,-0.009609432307855725,0.03572107599569101,-0.000999685062201584,0.004398450992078731,0.0032933960754329967,-0.0044981346904711325,-0.003976437435834359,-0.025301963917146283,-0.0017673778943083278,-0.014313925231890737,-0.0014837118067853932,-0.008067137116924817,-0.002129671517975526,-0.0015363263191703583,-0.0009400204518330074,-0.004736724215419467,-0.0072730980113704735,-0.0014537298669959448,0.029894786441569152,0.008439391739609284,-0.06141112553630737,0.0012581188287971742,-0.01116954055210584,0.08135651006591764,0.0014974228373247675,-0.013439971226721173,-0.004611855614240789,-0.002696793638195898,-0.037237448868563346,-0.007420041762957209,-0.004989128117943583,-0.0017872037831145086,0.04077407818853281,-0.0002675012258371304,0.0025928270392964674,-0.001831622183881511,0.006943721130781915,-0.005605122617091999,-0.009543832059578929,-0.0024573626444527818,-0.007401767884416341,0.0042300236747526854,0.02728430194449643,-0.03896041398473824,-0.005394611484933302,-0.006899781033271349,0.1046807347129574,-0.006248748374417421,0.03191640492155516,0.004157562438453925,0.004660913764891944,-0.0017823010310716214,-0.006093035661714176,-0.00486880820111291,0.0002699504169496617,-0.008235219102597228,-0.10449930663539608,-0.003934672136681228,-0.17603436803245756,0.00857266147483903,-0.004077620127298487,0.0023783958766521434,0.0031023210501008426
04013103702,0.0002852595162516465,-0.0059471226125041065,0.05267453313026745,0.005473256995137256,0.0042030800768990285,0.004936116178672738,0.0011034407848817703,0.07125532633390187,-0.050542959012878884,0.006573873587571158,0.03214116677851866,-0.00027219151422760594,-0.0040501098140375705,-0.00812886000544132,0.002725204975787167,0.0004327265732791819,-0.006709197408030177,-0.0012755927904376538,0.021560962653939607,0.04891134580194318,0.0017779668690607717,-0.07644285668766188,0.0006332908370058626,-0.00753392291197331,0.12962497654620364,0.008349820674134527,-0.002291384048902785,-0.001588687038444375,-0.01606814731623466,-0.02768150670432495,-0.01799672930308616,0.009802383597305765,-0.0046487810667767875,0.0614671694200887,0.0003576699461547328,0.005510545246413275,0.0008448290355218246,0.003844469992217206,0.0002495027617695392,0.0026507697526880697,-0.001199216946520138,0.010477868077041342,0.0009495635508055616,-0.004885363617361464,-0.02814784728819543,-0.00011909531324293487,0.010973891159909934,0.15519815751765623,-0.005468274301644805,0.027568312567001423,0.007078383608727954,0.0022678561330193676,-0.0038808412920551473,0.0010607817957007356,-0.0034384678115799983,-0.001130587080426524,0.002981562147285302,-0.10525355668929885,-0.002741407281791289,-0.22678690143473218,-0.003639360156310523,-0.00515571458783116,0.007884975569299306,0.0009746803980347363
04013618100,-0.006611467443990359,-0.0012750226227966524,-0.08322566723770745,-0.0035271656341786866,0.0041755612065887794,0.0017017768925963036,-0.01613396616671803,-0.03784262335115444,0.00988871883077246,-0.0077959754874063775,0.00974790166878518,0.00376470256443268,-0.007500023471692086,-0.00813567813377845,-0.005408605060641235,-0.0036383090487267515,-0.008928214438633708,-0.008074389265898584,-0.049476316781680685,-0.03387167521511535,-0.009820188281919941,0.041778333569976615,-0.007354330937870002,-0.019621562782048737,0.03572732850037228,-0.006368690891063135,0.011733329725971485,-0.014320331809409656,-0.022730916815216266,0.0341661301839839,-0.005379928477472766,-0.0023906260656536716,-0.021153576964142915,0.03724410991859178,-0.003114174518769348,-0.009375423942250865,-0.009312384160269561,-0.0017263336989438985,0.00111519204981276,-0.02032579527983706,0.0007671319921534684,-0.008440149993823776,-0.006162456818654472,-0.00018418247533203384,-0.05387279153552512,-0.004604180880170083,-0.004766947894170381,0.05605274343801747,0.01859830678775456,0.025962975130640855,-0.025388634769706767,-0.003977698669904824,-0.0070405148638276824,-0.007976301688353494,0.0007247566432823895,-0.0046177889721340844,-0.0026828030498781577,-0.16005776955240905,-0.022072678805350486,0.0235705765464505,-0.0022560060852620275,-0.1986856698996957,-0.0035628589274613524,-0.0007400725570251531
04013618500,-0.0050593187426465165,-0.0024611081481698657,0.027975227545523198,-0.016190730024942396,-0.011172099754337831,-0.0019570188683557645,-0.011033061409797224,-0.06329669373428522,-0.04046496245634963,-0.007957969052043793,-0.018458299055709917,0.0016202680390357102,0.007671469273114909,-0.0017071874667382747,-0.00171675032674907,-0.007069563713274772,-0.017117338918539032,-0.0002827456345428245,-0.0007162109614184879,-0.01567528306504264,-0.004013782956942249,-0.062262866730562486,-0.006593940870039929,-0.008586734479673756,-0.26928711698061886,-0.011487509850301418,-0.008697205042042274,-0.00018495793147763428,-0.005731412747420557,0.06352395318747382,-0.004899116044449165,-0.0025515348011749812,-0.009710902766117815,-0.07181718759571462,-0.0001474904207260525,-0.001876874833223048,-0.006429369497400021,0.0016908499649342964,-0.000894594141231914,-0.017542348782566202,0.004247175028068489,0.0011611613879374473,-0.006885647532919113,-0.031658663973378784,-0.0549192726789459,0.0037067320880766422,0.001099212495129161,-0.03399181595632667,-0.018380935877181117,-0.01035329146928881,-0.08526256126290772,-0.0017454835671536692,-0.0011527711718203428,-0.002317191052105511,-0.010777329535674469,-0.0047248268800101035,-0.01879775127634052,0.15031557504182216,-0.011552131175726853,-0.33085974216367636,0.0010758228168982068,-0.2416695465344173,0.0006423209717196112,-0.005125228709633633
04013618600,-0.002050203468475151,-0.013024077367566922,-0.06221911778078532,0.00028997125441255714,-0.0016510294309831466,-0.0037349500240134535,-0.018692966310615088,-0.03960629029141879,-0.08139842404897583,-0.003407818277791097,-0.01662981187419866,0.0019392597663986269,-0.0019004800401431269,-0.003361226302622539,-0.0017941099109219365,-0.004023342812075163,-0.009995725127107256,-0.0005169079394222265,-0.029229685744534516,-0.028374630717740296,-0.0015002827421734858,-0.06616003536253971,-0.002151574329828228,-0.012135923534696396,-0.22448480761910103,-0.005431687358802464,-0.003443331447857928,-0.0014110978064030752,-0.014258265371086331,-0.024768319156916407,-0.012032515000116269,-0.003083935320545516,-0.00944830007795501,-0.03991103672756428,-0.00023291594382486873,-0.0017637266523418053,0.006003442298892377,0.004815104310598868,-0.0014251222645029823,-0.016843657789580548,0.005992197251551962,-0.00423512800196638,0.0076181813702866875,-0.027968044030057586,-0.03168439876872309,-0.027413384944650787,0.0030725596386898496,-0.047377343547675914,-0.016432038016913973,0.019701606620061807,-0.006173611470287992,-0.004156594238884867,-0.0023229886890506783,-0.002590113087400795,-8.867542427304737e-05,0.0011547486229936481,-0.011620648052563848,-0.09867608104948246,0.004712774726002092,-0.28983965637194115,0.0025771699930359497,-0.2243674356680372,-0.0013993234129752734,-0.0025537533431879687
04013618800,-0.002927459494162863,-0.01360989403617402,-0.08632563003349342,-0.013518314772163195,-0.024422169781953305,-0.003520764097245837,-0.017416238204234543,-0.03324339259843842,-0.056980208642164576,0.002219429191630277,-0.015517659945213568,0.0021255693420012575,-0.004696345479145722,-0.0044140108954387755,-0.005027829380489497,-0.012064055029335006,-0.009289420224935315,-0.0052952236228810306,-0.024016594659836694,-0.02854670716741199,-0.00630237149578207,-0.051568735599292474,0.002056308644463148,-0.01790279950807773,0.025673128010955223,-0.007841647600466227,-0.010624493464844184,-0.0019648999713615363,-0.019546131168204608,-0.0327464068868648,-0.0050276296342015294,0.0007179949998794049,-0.011732743630306878,-0.05934233342581951,0.0013303186217915048,-0.0025867192110924702,-0.004815366488197507,0.005732862775864184,-0.004088495802837077,-0.022907632066839972,0.00572917326952231,-0.0045627869663971855,0.0034890340148378625,-0.026600310447767648,-0.028659894139103657,-0.03144221099896655,0.0009578583378500367,-0.02865458785030358,-0.013637239117181324,0.00920295760511401,0.0097992849523211,0.001545558803032597,-0.008029593737054965,-0.0010392159239839965,-0.0008501745448296345,0.000395678914440034,-0.003243586536093053,-0.10311182768037884,-0.0014876447929920375,-0.26240828046158493,-0.0011188322493790957,-0.20662391947276898,0.0038467608903947808,-0.001336267121673256
04013112510,0.01039307276878905,-0.000861999230783798,0.046946329493331405,0.01319814307401757,0.022519301417264704,0.0023917982701874836,0.03662045139635802,-0.005529648763953836,-0.005444793502699214,0.004000054761297125,0.004664130626723912,0.010371447205553925,0.01269025168160121,-0.0037766552808562474,0.0020073721008727805,0.006190823962923341,0.003624342709478532,0.009313245407113074,0.05405349149255911,-0.0005120305092217325,0.009593395949020827,0.1729166630644735,0.010320763528003082,0.004191253032402103,-0.10549093784791236,0.009553346733509565,0.011051231913854742,0.007009991573320092,0.033150361476546215,0.08010932555923528,0.014144203853316457,0.011541352186572146,0.0061924492240535076,0.09629445563937343,0.005547342354470085,0.00293967926446337,-0.002010777493144895,0.021834638789132554,0.003761855033636684,0.036314906117922284,0.0085427727383734,0.021045793122018385,0.005800966057846851,-0.01170718431380764,0.11155645865052834,0.002731264279290643,0.006272820572077102,0.02312715662776753,-0.0019002070786158648,0.05116165945409449,0.01503603166884825,0.0040848198567089685,0.0002104044709834199,0.020541918385931952,0.029437939795282423,0.0022949995588698573,0.011219143265447516,-0.033260056671649336,0.002046528160715487,-0.11056187225568623,0.0013102348828305504,0.7400714136625574,0.0036789964516628112,0.010505279282377784
04013617300,-0.002867512209833055,-0.011701372729214668,0.04789047848715521,0.0012590383499595525,0.010051923298911561,-0.0024447292805336108,-0.006499004517271271,-0.03483771859502068,0.00864700066442922,0.009268139275904077,-0.010346912437830874,-0.002210550878227318,-0.0013702596299568692,-0.004255201366918413,-0.0007022056068668578,-0.005746634423130463,-0.005364200945684172,0.022453702051255162,0.03896817616888635,0.017001446505769027,0.005018320285649961,0.07290886885847853,0.007731057967856945,-0.012638972809278743,0.02619698258584741,-0.003608547090220801,-0.006104052487811841,-0.002191001843711224,0.023829670865946225,-0.02642783040228143,-0.009987195918806136,0.0016406448376931906,-0.0008799244066135299,-0.06273515700639115,0.0009217230029931077,-0.0012418912320309788,-0.0017065643210454693,0.00332988209382517,0.005605789761418325,-0.020409422062701767,-0.002752949244194774,-0.0025279679607678645,0.001847014916465134,-0.024639498430102116,0.006213908984008774,0.006944398276101121,-0.0029138722818724872,0.0072944549407196945,-0.011039723391380632,0.01483711106229983,0.009115343286764012,-0.0027818016043299493,-0.005285066401650825,-0.000599994933352396,0.002408881615182991,2.9163420600608878e-05,-0.0007258673051696772,-0.058160982072974654,0.0007637906671085411,0.2087935567340295,0.003457216188357103,-0.0049172267872021076,0.0072969606092400455,-0.0016442355247762433
04013113201,0.00042479370313154786,-0.007507942657189352,-0.061640677855021433,0.00680076940640578,-0.003379826165966672,-0.00014905222656852183,0.002240228671130578,-0.03264541439528537,0.02167102034855044,0.007389197187120063,0.007467816770380765,0.011480622406806147,-0.0046713123261092155,-0.009600076156050913,-0.002290541750539947,-0.0015646207462875178,-0.006147872067603994,-0.0023993252621621066,-0.02551629892272642,0.022329217005054903,-0.0037638100444577775,-0.0386883567458764,0.007433529074007131,-0.003312698379620484,0.07527408242514629,-0.004723537563233811,-0.009102941869368383,-0.00361642852598603,-0.007201627920096213,-0.021514937057003136,-0.007230337641188786,0.004621292593086556,0.00595582241993634,-0.058964429595525725,-0.002360178687971035,0.0060842533605987665,0.0075813546472959506,0.0034581423558975536,-0.002792329179529395,0.02027429631083382,0.008299247586847129,-0.0011100532015696832,0.01971042557119601,0.01696780423724017,-0.009538425004623995,0.001830888760738525,-0.006072816193365662,0.13575644704259313,-0.008740737981029048,0.05810748063164724,0.009110274367215513,0.0016671462563668722,-0.0006178217572815547,-0.0006247686754658438,-5.779988103061912e-05,0.0006346353988708191,-0.0013100736955571396,-0.07159439927820216,0.008945537637718663,-0.20914443485642042,0.002931984399955702,-0.1358969056237157,0.006041434493343693,0.0018979545882155048
04013111401,-0.0018148072118110534,0.009855661211923002,-0.0773535972377506,-0.001758618313218283,0.009497835421083446,0.001137686268305934,-0.004587183488487095,-0.046997814431603196,0.008604108061225147,0.0032065584151831457,-0.006594344820949894,0.007136049376426572,0.0002445067125795869,-0.006152980875820881,-0.0008676262689162446,-0.00480301666954037,-0.009032449078585435,-0.0029852648680451974,-0.044634001894150115,-0.022043054255288193,-0.00451094233155679,-0.024858731675344702,0.00537054830830495,-0.007202798923485452,0.07086305455924359,-0.007802017941851122,0.0039222187205936844,0.012261660532611907,-0.002988243368414305,-0.019847973804972142,-0.011439287201521995,-0.0035725318556999947,0.002595789933087724,-0.04873780842275708,0.0002771051788096056,0.0022800501411718295,0.006690852419718728,-0.005294471431573061,-0.004465114549738797,-0.00457897404742557,0.004579336472766207,-0.00806931355856083,0.018067269123690385,0.045003768049328347,-0.023492537820991602,-0.006784922032804537,-0.00531983974776901,0.09180357555785176,0.023739197439491593,0.03902399821114059,-0.007457810315210192,-0.0022713040164424802,0.006911051204944893,-0.0017475594369272302,0.005871312891238253,0.0022920809440257098,-0.001378897641834554,-0.11439279886894604,-0.004145056708291927,0.1187685637909986,0.0019267147907143858,-0.13478637646431374,0.0030608073476529867,-0.00039911484788245034
04013112502,-0.0074766607645881614,-0.01092628881597393,-0.053299188484476276,0.006710160198247864,0.00188655184290326,-0.00032785802158484284,0.03099617853990255,-0.032107248940206924,0.02861902575456465,0.0025347597568830134,-0.01289885558998042,-0.0005317447171600181,-0.004108162608357786,-0.003933697902012544,-0.00012650671039323087,0.004716156006943333,-0.0041891508275689795,0.0010791713421033538,-0.034395086527739246,0.000867443343234407,-0.007469473394721892,-0.07491180561965165,0.0029777734756144835,-0.01444911926646164,0.0981147826963029,-0.014584990262036468,-0.01630112358665821,-0.0073386101291428255,-0.013904516501989414,-0.010332994263215708,-0.004502700415809283,-0.0052519364408728005,-0.0015388431604568152,-0.03350621165088107,-0.0003001116030582169,-0.000579123063820656,-0.004133145364797345,-1.627767090541989e-05,-0.0007960850428505855,0.015448149585344538,0.0017339361391253895,-0.0031507411058760795,-0.009210226899234447,-0.009414162846672411,-0.022471861983484286,-0.015201336899405117,-0.00784535518119339,0.05524638389759855,-0.012770861482892666,0.035691646329677106,0.0068623808676923906,-0.0011465090644982281,-0.0047798895017303455,-0.0027299298575031864,-0.0034184762543088606,-0.002222357239600494,-0.005386932920679045,-0.08069765418570365,-0.005501830259820569,-0.21523758207887478,0.0035035879563734256,-0.17284440129042897,-0.003640977332432263,-0.004836806001773092
04013082212,-0.0013376322117528386,0.0005422571896638838,0.044787547742126094,0.005915279446949282,0.004495942483391903,0.0019341388618427475,0.03180228450888185,0.10095309919226063,0.07696297563188668,0.011557627201837726,-0.0005784602752448157,-0.0013998394650844498,-0.0025734809983251395,0.0766807372927451,-0.0007722837204365806,0.00781816688399194,0.002028428898772773,0.005196508609225105,-0.0184932502277062,0.04914227731408295,-0.003408158225340753,0.2947159525589526,0.021066149446708038,0.15817139645280962,-0.11700370898692289,0.006199159970136536,-0.004982973343980122,0.004461968070260743,-0.00527051735178473,-0.025401713452497584,0.0014700592953335683,0.007982577335851004,-0.0026539539461063926,-0.03537250326710168,0.002061877842113337,-3.5764390035045065e-05,0.0004432397681915136,0.01288278953988025,0.00202855322675516,0.007111089359526205,-0.0004907435844513731,0.004608635099547321,-0.0019528695616882964,-0.0008024278767656193,0.07341984002227042,0.002015162244792169,0.013373779151848713,0.03283739544129502,-0.001625717595881239,0.028996824660432616,0.009312067658599432,-0.0004340102675767593,0.004787896084440709,0.009895170493193103,-6.436893865680774e-06,0.00225350984362348,0.012578111525496812,-0.06713693210503595,0.002183236370336678,-0.11968618395206379,0.003817846301034849,0.13290295166564428,0.007209452138581,0.002945731205577939
04013619602,-0.011000779216573954,-0.01964859083096808,-0.102843663279009,-0.007247990760478898,0.0017854280662505948,-0.0036711570674147214,0.022503627117029443,-0.01984458494053746,0.013997331809902036,-0.004554429925391139,-0.015470195945384289,-0.014703244825401751,-0.010078918992548388,-0.006131931184847677,-0.005695323762831979,-0.007116347117371803,0.011474074456287625,-0.006094409663736125,-0.06567072608624998,-0.03848702952199689,-0.009526560265669577,0.0797964327833832,-0.007977998451760731,-0.020904204101459687,0.03301638847097081,-0.004479001568788967,-0.003458897176036403,-0.00478816033676101,0.001328955092355393,-0.03575003632936968,-0.009195387613145587,-0.0012157018065166371,-0.02369184068188793,0.03168612445177415,-0.003011178263433048,-0.005911093990069435,-0.001703280672466106,-0.001475606228281992,-0.005760513813839355,-0.021134946294989732,-0.011864516435626379,0.0017161206263910215,0.0001708617356333884,-0.05678622949568848,-0.00092796127834654,-0.004982023627281029,5.967857126492795e-06,-0.0023297682856080557,-0.009360921902878584,-0.002249092993588597,-0.005449685491105533,-0.001027184126885079,-0.00711766327112668,-0.005156601305044005,-0.00318961513493361,-0.0028888693524137944,0.0014588237550479833,-0.18698151390250825,-0.009339233560155187,0.03465074554113693,0.0014771481169190458,-0.2247604204358109,0.00421491684410234,-0.003334186321535607
04013619601,0.005499538254631744,-0.0034232537840890643,-0.026475543139504825,0.0011316105023819417,-0.001965180498174255,0.0010688005571499414,0.0237179015815162,0.06104049530548357,0.016521413233699895,-0.009050012729322841,-0.004785765232198427,-0.07774444262062356,-0.0013736208847968628,0.021673813928369964,-0.0009330981782074079,-0.007614554477433508,0.01970837029103246,0.009072957859151048,0.02224625399833102,0.00686361439099564,-0.005536485250538553,0.10624564545304145,-0.020769498825034278,0.03625105802294272,-0.034439766157598466,0.007634541538171006,-0.017471258928463396,0.0009747240127995797,0.009979363323897948,-0.0811878063124947,-0.056101739204148716,-0.009502091790010164,-0.021905329148884867,0.05996520973769033,-0.010514358791342375,-0.004582470823424244,-0.003724472589293018,0.001746318502934823,-0.007411245765904836,0.008830448945594536,-0.004091668709174579,0.0036705193716590886,0.004017789606776331,-0.02484897426211208,0.04744277731277757,-0.011953206309300496,0.006006189725567144,0.03502280279360827,-0.004063195294855102,0.02002150838976944,0.004844097276612897,-0.0021609874577377007,-0.008522204214802957,-0.011044816118029304,-0.004140047881941239,-0.005368214996398358,0.00039681575066585246,-0.130133696111243,-0.015495001112317788,0.27305336088150584,-0.007042447963405068,0.23852569092634024,0.002463399008311383,0.0018385833539835254
04013617002,-0.0041109570867992745,-0.006906569089138007,-0.01043173547491229,-0.011853317185420587,0.0009072471719942863,0.003517619638317058,-0.002258249979379125,-0.03987899927009268,0.019144556918474467,0.005642335233306313,-0.011852928695131954,0.00030690650128963585,-0.003918201873406694,0.0006328781393626368,-0.0023111718735436947,-0.004120731642265087,-0.002941386719657832,0.0004891694258058527,-0.025826770729996982,-0.014898040931901838,0.0004263840310111771,-0.010629344547428816,0.004001002447430864,-0.01380230318913906,-0.11624155612511403,0.005836425380860658,-0.007729836996550872,0.007854851706296873,0.029963687565090765,-0.03717528215587444,-0.008795496788812005,0.0007504013995935425,-0.0015589547184768466,-0.054931362180170286,-0.000955610066807038,0.0007694918057876564,-0.002990576913501617,0.009667774007948014,-0.0016178124792774746,-0.012325950649631367,0.0018821894005109654,-0.0012314232846725689,0.005103827862212361,-0.022181027378208405,-0.002801753875815061,0.018660808839884566,-0.003275659559693957,-0.0066622635473759465,-0.012286498442254181,0.016827764844079936,0.010601138757293285,0.0017891093484839779,0.0009069315833349586,-0.0023075830409033534,-0.0008873623128617484,-1.646351611732562e-05,0.0045690912786684355,-0.08231541477519437,0.0030974358422574434,-0.21879782231186815,0.002589541178823728,0.021434600305310143,0.004296805199374095,-0.0017464847781208386
04013082213,0.008190768427550227,-0.0022587398905066147,0.03681255725173003,0.012126049544337759,0.0019266276768371729,0.00046505279920325135,0.019281668429832064,0.14138428533107691,0.015779020520684504,-0.0028007143143567678,-0.0036898473609910465,0.014897781291515746,0.00027442799295128564,0.02214930145647087,-0.006065773881400393,-0.0008554090275669084,0.036550268971503055,0.005756558119778054,0.03762217171070141,-0.01909220847478819,0.010999088441622371,0.10845585540839216,0.026171270654361912,-0.00843867743667315,0.010475087488659936,0.011826184964224981,0.003901025332429116,-0.003534901078520056,-0.00419659524157459,0.12209188564654361,0.14627618714017382,0.0019007492120366144,0.0014060756638230075,0.09276241515256912,0.002360935480874566,-0.0020292453233896795,0.0009299059419087848,0.004886231739486166,0.0016309134839454776,0.025739101402010058,-0.0009358965798722102,-0.00032692596551836214,0.0047591443611144256,-0.02052457098901915,0.06466867942922415,0.0005453716352028857,0.007237422148787699,0.036211102552582676,-0.003376264759329917,0.024257908958773326,-0.0006523642540787896,0.00042670390861306414,-0.005925209808453957,0.004180961469208778,-0.009947080157399502,-0.0015807766964252494,0.005007895543713231,0.03712093138757733,-0.006851108973720129,0.6098570587653495,0.0016836918594284745,0.20631971887191478,-0.0011240048306724584,-0.00017699179804157123
04013107401,0.0018824843902111987,0.03061812376605081,-0.016086199138458875,-0.00012055881494457029,0.0023473935853219356,0.004777117412848034,-0.0009510835462847294,-0.0384114787326519,-0.006505329275380327,0.002677707966972134,0.012761278391675557,0.011220703753319856,0.0016995467374360334,-0.006269412472257447,-0.003466672780357077,0.00022064783811908726,-0.020392148302132623,-0.0006648243238330318,-0.034567209853832444,0.004729098563931502,-0.005814527397107923,-0.025048636845203944,0.007999221216133804,-0.003585058841111965,0.038830899046487066,-0.003929180604328382,0.012311480568634053,-0.00886976826763612,0.002925901325079841,0.04903550087999897,-0.029745582531864982,0.00019904441958738434,-0.01734214604618099,0.07827503966566048,-0.0006165513589740044,0.0018613375097115557,-0.002865254871158654,0.0007328516404129479,-0.0009194852194209317,0.0030488375205630458,0.010125892108893845,0.010019146249093858,-0.004621322612308541,0.04766526239259878,-0.008954102583910353,7.457282514303848e-05,-0.0022201217071973205,0.05390582404113747,0.01560159036940846,0.021544212137901253,-0.01989312940835201,-6.76064201656201e-05,-0.004819745268628867,0.0001777452283077815,-0.002105628563731097,0.00012164307459054014,0.0004340991640525682,0.3377266223100394,-0.005235785731977045,0.674504656430435,-0.0039295628697912826,-0.08176719501125577,0.0013247074812321692,-0.0020492681534193713
04013114704,-0.006435868250588931,-0.004462898416887911,0.03397445433441549,0.0125466830995053,0.00443314105671561,-0.001962380198268069,0.02407759487950432,-0.028050300150403624,0.03173405799671148,-0.001795255103769383,0.0004001818114759228,0.0054640434380419465,0.010013441965471883,-0.005087582728558016,0.00018691022549779943,0.003435083075229243,-0.0007047136849380265,0.0027593336856771757,-0.003885998394248039,0.005112984213613592,0.005966504044617766,-0.07857004459638602,0.0008751388682419088,-0.008350678579971405,0.06276993419237095,0.008783708588591939,-0.011129759417237414,0.010737944167494426,-0.001961242111429606,0.0636108729026303,-0.01538936264610357,0.0016469499392635799,-0.0033916642288373705,-0.06525731249286297,0.001201845641253594,0.004875034227273277,0.004153760498952113,-0.010473215692886352,-0.004644245674325963,0.013316440240215131,0.0037782062990508636,-0.00785858694598617,0.003810963201701371,-0.005486024331841776,-0.023200930436672727,-0.00037491858515977693,0.002726623952195956,0.056949400183581904,-0.007213466997430384,0.035818194549909484,0.0017635196146756358,0.0011487810831376983,-0.002011479797272826,-0.006832358063626574,0.0006710866650907401,0.0015437912771920726,0.003064487832111071,-0.057915209759289654,1.3245578923118121e-05,-0.17903126690921092,0.0026037273281541247,0.3456642848423904,0.004912947690479664,0.005199191415900057
04013107404,-0.009305913255023973,0.024624393244165863,0.025718019211849644,-0.0036206924702796403,0.004582759256107847,-0.0023288757405063513,-0.01352349635078504,-0.0661633713961246,-0.037722281935251234,0.0006686318094870128,0.007497929790758503,0.003851782339899729,0.0030302838850604337,-2.1793347339305053e-05,-0.0015374752983434753,-0.002171888295678129,-0.017797001348262797,1.7818873643294055e-05,0.04364574299754439,-0.014213202019457236,0.010476173252216187,-0.05259595084616012,-0.03375041831080097,0.002309701587859066,-0.09927880284295466,0.008928885142520715,-0.001634020831270956,0.012009131471896858,0.02414071576278009,-0.002437143253499661,0.0008473463431239896,-0.002713603628462717,-0.0034705641109572137,0.07477887207682822,0.0012912936612518796,-0.008630598219466431,-0.002384437024855416,-0.01839545143950958,-0.0022308593062422455,-0.008452481190359263,0.014252161898287399,0.005473764855398805,0.0030915864111314933,-0.015969787941721495,0.0482431229693034,-0.00536018631589785,0.0014535786271993366,0.07664556388427898,-0.008512678607353882,0.03692573039404555,-0.015745524105848525,0.002237912608739584,0.005315966243063999,0.0020387717031484357,-0.009284151679061266,0.00037515880992600615,0.002206027446126294,0.19292482609970313,0.002761480744606026,-0.21357390190588427,-0.005721651567250269,0.3287633320394881,0.0017234915372576916,0.003910863610722508
04013615201,-0.007674642417209686,-0.003518210878858393,0.023978596064254305,-0.002834243723400562,-0.004881298766854345,0.011042695379221425,0.00225229402846989,0.04386504835165924,-0.04954871122849015,-0.0074783663520232545,-0.0012876705795924377,-0.03148905406322403,0.010231776796728365,-0.017165298382949522,-0.005083051454717223,0.0028504078901610353,0.005484087628335221,0.0023314479939982925,0.00801208585564905,-0.016675580183861262,-0.0023458454292340893,-0.03717571341706906,-0.015607271485402167,-0.014538106056821036,-0.13721723296353913,0.006171076099098645,0.0015401130269196623,-0.0009078876473227084,0.015857508916070046,-0.01858319966904728,-0.024963977198136242,-0.0002889237642600618,-0.00874941879653361,-0.06028130799315446,-0.0032047545104324864,-0.00370123015840407,-0.0011460371634533393,-0.0064993904540446385,0.0021037784267598546,-0.005967066067687574,-0.08374946430665232,0.0022874222853915853,-0.010994343358036403,-0.018476684369490706,0.030080995187800424,-0.007675654791317047,-0.01183121149055342,-0.6008927244488395,-0.016154112196060767,-0.41331171525833876,-0.03008528665001067,-0.0015222217532624414,-0.001494330590760757,-0.005691991837460396,-0.005377150065616085,-0.00038928296091348004,0.011863613715078528,-0.16572878656163745,-0.00625673445238926,-0.4401721286379378,-0.002300175307307577,-0.1860401841929642,-0.048133069474399645,-0.004144719454804867
04013615202,-0.002236700796520108,-0.002369750417359051,0.06606124433456056,0.0009513575837927546,0.00797023101432207,-0.00045754237410727106,0.013155356777422971,0.08697653792043493,-0.015611094622623846,0.004384423778163295,-0.008848127852223848,-0.03139315357207912,-0.0011290563902140436,-0.002010573343677822,-0.0019201395062578039,0.0029606960210021155,0.017698123067901934,0.014111964841908537,-0.05719161860609662,-0.03373149601689146,0.004241069138963653,0.10161127744002402,-0.005097049285922595,-0.017545622765604944,0.01856884584382281,0.0173155958280422,-0.009786500224132934,0.0026437181212835207,0.030317136013722535,-0.042847490650311376,-0.007751381622546784,-0.006259301146907739,0.007886387464584236,0.043410371412857265,-0.00024718222622053805,0.0036486816576816444,-0.0015900591161799572,-0.0017880798944630038,0.00398193239188678,0.0008574900625419124,-0.02455317134544739,0.010121992260223223,0.005345757384203307,-0.02036613944736803,0.05423725133549306,0.007343519001914058,0.016799765889700825,-0.14412365936238938,0.0009680979774822526,-0.01809422242314893,0.0021945259558699805,0.0010539970883911996,0.005038473576737743,-0.005602064442109578,-0.006763734713138478,0.00113057911521973,0.00780912922643943,-0.16349156471926832,-0.005259680839552324,0.20410580252291147,-0.0014470047022521104,-0.07246424638307188,0.0009852254809827033,0.0012351464805874385
04013614602,-0.007446849112053066,-0.009123559890847937,0.020914096337271093,-0.009959873433688657,0.001124525659494464,0.0024862422583171655,-0.008958094284885327,-0.04068536974884929,-0.02554292882969871,-0.0005588503541993318,0.008404306962398871,0.003924175098148258,-0.00432954901336331,-0.008834198452315282,-0.0008957554692973218,-0.00028564501159676734,-0.004136693907857573,0.0030089462271874435,0.021091363150100947,-0.028083044234156092,-0.001887902776734384,-0.007287481956154576,-0.008389767748197136,0.02091566546939392,-0.18599210970914995,0.0016439922414373351,0.0025949227415295742,-0.00600686081569923,-0.0041800203154469615,-0.037645171475441906,-0.012966144056446232,-0.003014889064258981,-0.005312101294006619,-0.04969382712516859,-1.4540194830509025e-06,-0.0021464928789743164,-0.002167472376635185,0.0009554630770419798,0.003565377003390294,0.010001019274228553,0.000644554699305327,0.004174530576618412,0.00365661225653326,-0.02038099418665651,-0.005265571130418593,-0.01285688226112093,-0.005961973917793082,-0.017100750066098302,-0.016048249102055084,0.011178056337294658,0.006327012663165199,-0.0033062567949813924,-0.0029287085488886163,-0.001039397572081343,-0.004237112088017793,-0.0049795317930579576,0.006116687132649799,-0.08570401014536577,-0.0035700002881748952,-0.27678707725259716,0.002217516622977541,0.0055315642967176505,0.003433590429503241,0.004470092550065982
04013612301,7.318140791484814e-05,-0.008075394847537101,0.0289382796244601,0.004027478615681041,0.009568416314798548,0.0035158202061922363,-0.004176585430626011,0.016027096030762394,-0.07767095244765701,-0.009389280095607848,-0.006033285883034265,-0.02120824054615238,-0.0021993454206751892,-0.020827738225888074,-0.009902409077265209,0.0036947337912729104,0.00039626705952612313,0.0012937376444449422,0.02022873734937521,0.013296751932706855,0.0005017884438574797,-0.05237669415851673,-0.011425935733298496,-0.016112384531569567,-0.190120202301783,0.004825565893189558,-0.0050797342733907725,-0.00301099373375105,-0.013102268725483548,-0.028946553795755843,-0.026165574034029394,0.0002123083744323104,-0.00914803869692437,-0.048743300902212,-0.0003712941548497888,0.005555428721335733,0.000141368427189494,-0.00886873048530948,0.0010679856372033426,-0.005913302994102824,-0.038043780206444625,-0.0016759972042638528,-0.02099636861938157,-0.01721646410404167,-0.011190197707286867,-0.012762833995194142,0.011126582815112472,-0.5676014786394927,-0.01804791354316031,-0.08690120728751535,0.005073744586919399,-0.0038947249226278344,-0.0017232363121543648,-0.010150858983735751,-0.0005483765183025649,-0.0016919405048658788,-0.018951033763131404,-0.1330214832976592,-0.009671268865166283,-0.38867778872800984,-0.008930482039234432,-0.19072433580234693,-0.036265227988235976,0.001961377972984551
04013109707,-0.002187534120397502,0.06407911212321293,0.06584604961833444,0.01031914693502017,0.00502969197980914,0.0002629464994060679,-0.005606028511537599,-0.0340230229756931,-0.008623229077990062,0.003550395353429062,0.025036916879820334,0.006277186766887235,-0.0002785585386164179,0.00341542516494737,0.002620895241702634,0.006815046303260655,-0.0001643397611114827,0.002817578467672555,0.04797191818627871,0.010682657121843329,-0.0015664431995545305,-0.046262924795192104,-0.00015409972938392624,-0.001972180586029278,0.06767666167486006,-0.005751432268835273,-0.01137538357119512,-0.00211506679052483,-0.01289997885649807,0.07580642902448978,0.007908579780370495,0.0025865587337187803,-0.0033465167923708164,0.00731571149032652,0.0013848058845637233,0.004290087246531877,-0.000664380164940776,0.004690028138707493,0.00174151904083278,-0.0062997828596297436,0.01491896232429595,-0.00010282941506612772,-0.0010547203151251702,-0.002118683407358569,-0.019186950956188095,0.003818970906311069,0.007141100814119294,0.19160017257565048,0.033994656714333556,0.053405091670626875,-0.040595742817325385,0.0009394745556490495,-0.0028374789778362686,0.0003629996529463029,0.003194184461392439,-0.0019029069606324755,-0.0010287359923598907,-0.04587251267129019,-0.0030801924599959413,-0.20998027347999132,-0.006535850276447663,-0.13475411760482467,0.0036129013648495125,0.007797066277057647
04013612402,0.006507697133848403,-0.002642253528344949,0.02340563351211208,0.0029245367641233767,-0.04724522410814542,-0.008905706265053126,-0.04800386869946075,0.04785162986657136,-0.08075928193994959,-0.008467320430522044,0.013055438305842978,-0.07122593462065455,0.01034386862804647,-0.019048047303753198,-0.0036743585328730607,0.0018367990775776109,0.004047878213126213,0.0023342249349451645,0.03697819426417974,-0.023797159422573988,-0.00489435436635196,-0.04128397670733913,-0.03113484843130137,-0.015031633829711618,-0.17348808954757758,0.003575523907668126,-0.0034368848646009484,-0.0009033613108331342,-0.00895149597881156,-0.027383892411286467,-0.03298004555169041,0.000883029945946927,-0.013361625590887128,-0.06016058383788769,-0.0018179118654486947,-0.02658507119873445,-0.004267544045646509,-0.005996934332686037,-0.010943216320291778,-0.011415098231284802,-0.07911304376546158,0.002422224575474401,-0.026419661875630183,-0.015145713566500246,-0.017644810661672734,-0.009066923352631767,-0.0407180283396191,-0.8075277978448222,-0.01805096351903572,-0.5112225882718391,-0.031645489184123875,-0.009382286235700331,-0.00895822313463334,-0.003825815909438199,-0.0074879754993365365,-0.00011538867591917987,-0.030992637661340597,-0.1942251365730058,-0.0013836406944179786,-0.4877851208781293,-0.0039381851870600925,-0.2429673409444348,-0.11442839113690993,-0.007122941052519855
04013109402,-0.0005609834938407297,-0.008757653404967163,-0.03242402247858307,-0.016363230984848393,-0.011362606309895131,-0.002035060758741378,-0.009940280717361458,-0.030024569421539703,-0.033952419200334635,-0.0018765629864241403,-0.012380680483168432,0.006424309668844067,0.006379660487333419,-0.000586778157187109,0.0009506549818381554,-0.0035132635626580664,-0.009310335420514435,0.0015106049541210387,-0.016924385408374917,-0.02008595098784876,-0.00482171734183575,-0.03674235606277613,0.004196952455028329,-0.006754370184287762,0.10468059343067473,-0.007820873930906748,0.006071162374461712,0.006547099970058073,0.003918682309451267,-0.032669783454174296,0.0009605644727011482,-0.0045483476362085835,0.0010452630294269273,-0.030142282898364788,0.00032551297806045036,0.005030618362665428,0.006853850366672133,0.004238742416538468,0.00019982428763172774,-0.01360395383270679,0.007982352728102668,-0.002628319566645476,-0.0038122775099248096,-0.011233131024430075,-0.02038859173894191,0.013792145647342793,0.0010524752345750644,-0.014526021467519665,0.010694972945293143,0.0379888143938461,0.012578411484632925,0.000104458729435638,0.000877761225753502,-0.0006458972698789027,-0.0009163202070204024,-0.000948361641807564,-0.006559197805350152,-0.07601986059428166,0.00522013907960406,-0.23064019319988266,0.004805083509070003,-0.18599722434882174,0.00108870665136114,0.0006090204816776989
04013615002,0.004654252563698654,-0.004399717372413798,0.02503598098302875,-0.0027484632946401266,0.03833334114756556,0.008575335087568026,0.007713807445258621,0.03529415247116957,-0.041094700877697364,-0.007144025032209419,-0.0020380619924626198,-0.022582787396519956,0.0063819785369049,0.05004575214820157,0.00893560454963305,0.0031347403193224526,0.007735596946212068,0.004132785861655435,0.01560466710959487,-0.011259163896132622,0.0016185844344575007,-0.03622588221231868,-0.007909094475393473,0.00706245440765902,-0.12799113343920396,0.005757852758167609,-0.0010133624980950388,0.005092796932069179,0.013481545082771692,-0.019796639298378427,-0.010366012824560487,-0.00013654540646342524,-0.0015284317289861727,-0.046817173750903385,-0.001728457559603246,0.010932802983067768,-0.0004563750793203983,-0.009584872073168303,0.0010168466464599128,-0.014152327150306431,-0.05370372056917782,0.005584275359304762,-0.008355697803538849,-0.007299253467558237,0.031492960009818126,-0.005259838548040531,0.022235651285461157,-0.49065692939772393,-0.006119041644689656,-0.2898803717686024,-0.012804566784495802,-0.0010416465215429362,-0.002437485931482964,0.005303247885758013,-0.006546935164219069,-4.09814480379605e-05,0.02571094016407449,-0.15160406107713012,0.006515586738362776,-0.40645674045077834,0.005922787065630878,-0.1617978564977036,-0.038755692386699354,0.002839498998497194
04013615001,-0.007212950214459095,-0.008073781511104302,0.028477830092864823,-0.008600164592519952,0.023400531249463567,0.0070888102731036335,-0.004112357537785732,0.0017069822449806177,0.004579125560274072,-0.0017005345588836942,-0.008288283326896271,-0.019391777717323214,-0.008358387999586835,0.013226354223308501,0.0036251797025329316,-0.006989944492043745,0.003997957708394764,0.009430494645364395,0.017240545747370294,-0.02910938994963807,-0.003192760199922896,0.07134682585655157,0.004705770397562993,-0.013249080670762681,-0.15853548735861964,0.01031313141266073,0.005475260107832546,0.0003583011416711319,0.010475624194682431,-0.015943583676665176,-0.0033270916449065165,0.0006022956706046385,-0.0024510750627340433,-0.06133397261423888,0.0014471545005640548,0.004864844714728657,-0.0007185564141982538,0.00946429913263656,-0.002313494226292386,-0.024314229539899604,-0.006561215803193631,0.00214597480784731,-0.004058160065870059,-0.009457486024313977,0.0252295978305911,0.011313711116566347,0.0058475545625780835,-0.015851760060892454,-0.008220113433357776,-0.19525221448527083,0.00553355299384941,-0.0004535577084828837,-0.001578070593492768,-0.0003086144544014537,0.005410085897397383,-0.001753149895024109,0.011613038065640935,-0.11177029647732797,0.0025113370642217475,-0.2884168147069933,0.006619345314210673,-0.07238802182090634,-0.012468628794560016,0.008077911126695177
04013614601,-0.0008996877411460019,-0.008506221325592932,0.023245879066499053,-0.01417138105833378,-0.0030829467412064877,-0.0032575176677287444,3.500718509388656e-05,-0.03344810877232104,0.03686510041461453,0.0024886081849121427,-0.013623751825450166,0.0025471303666263763,-0.009731782207899881,-0.0010757299792617447,-0.006946507169989188,-0.00040146602837338427,-0.006253571054643089,-0.0032319810564619693,-0.043122044903738915,-0.024258092171260473,-0.009206285882568626,-0.07844859326992493,0.00372581621580931,-0.012062377444137254,-0.24957870449616426,-0.008445733479664956,-0.00731296171287522,-0.005179786688094007,-0.0184472677928788,-0.03545200971265828,-0.014263734901599158,-0.0070696924188894715,-0.005067254845143325,-0.061302905430901944,-0.0031300580174851923,-0.0033756573401822368,-0.006751445397134659,0.0019335093391101594,-0.0014849739715039397,0.0057281108327990925,-0.005004308056042571,-0.00669012242253407,-0.016861118464926304,-0.02849788480359596,-0.032954621401369504,-0.010450863635596478,-0.0038821530544564564,-0.03591814368743953,-0.018283995807442232,-0.007186890006809981,0.004793824459386589,-0.0029572529468985653,-0.001555173554636933,-0.006646283692438448,0.0018367765705324252,-0.0012472674117695959,0.006084332008805444,-0.10031225768898484,-0.008980054903033954,-0.285338509320036,-0.046684208494159954,-0.216307010548529,0.007209988679947093,-0.004885627203046844
04013612302,-0.00499684306305074,-0.008899330259295672,0.03313636833106734,-0.01765005806082791,0.012320661638721425,0.007220314176081491,-0.014063628064371272,-0.012967585607203897,0.00922884002480371,-0.009460089151532059,-0.011492591986726447,-0.003614495795235605,-0.006797715501223916,0.011494048717019761,0.000965440356255947,-0.005391347084129736,0.007065531327797577,0.006019087597922339,-0.02276714080194032,-0.018963148780508903,-0.0024862316749388043,-0.059049806652778314,0.001990941585468081,-0.009236108898569594,-0.2135043850724473,0.00810445309719954,-0.005899602240218605,-0.004925988133261927,-0.010432943627794091,-0.03276693088016624,-0.013700542826113278,-0.0026163822700732853,-0.005500338854489243,-0.050454313269106536,-0.0009593956526576012,0.007948939135491979,-0.003150683021108585,0.0005733177637249403,0.0003390345771293446,-0.007874239486395165,-0.004481148409851608,0.0003754650940506118,-0.019478916783532967,-0.01981497518093706,-0.013495053548756176,0.008444415356714398,0.009355473668748173,-0.03578099768689369,-0.010194619425247619,-0.2900110041693166,0.009967024743062497,-0.0013368204131593495,-0.0021699605300517424,0.004505671078619173,0.003983331831662471,-0.0007550752217110819,0.014039521592444478,-0.12085629596250416,-0.0061808902307124835,-0.3104021508907779,0.0021104503955560747,-0.17995487037897742,0.009541939807574397,0.0011036727201981509
04013612401,0.012454934421007039,-0.008069199732062297,0.048666136204864825,0.009427928860849172,0.011105857033839147,0.0025046202241026934,-0.011615486959006664,0.06742725962203534,-0.04604585793070201,0.0038457621271153785,0.011816581638942282,-0.013316433668211227,-0.007709823052614316,-0.006615715845203084,0.0011402636485399974,0.008741333551967004,-0.009001743271820238,-0.0003889952316200642,0.0488510190381442,0.038799879403447576,0.0019827575328724583,-0.08752607666081659,0.001660119189488468,-0.0075116919738548085,0.12621438622378472,0.008293269793020702,-0.007626648311278425,-0.003116772532051825,-0.017775364798929768,-0.008108745607572541,-0.01353198736763776,-0.004470798907326505,0.0004913620813158681,-0.03594279701438477,-0.0007437285828394342,-0.0009505624233735919,-8.634119100246727e-05,0.007938055710900936,0.001552334629840275,-0.003591946702249348,-0.00285530595572433,0.005089878161743932,-0.009870551343153419,-0.01535699814144621,-0.019808946316205448,0.0002889844126282545,0.00449654799254661,0.004138462146271367,-0.013042699794048155,-0.0014619505905810067,0.005801911360867578,-0.0002453646961318647,-0.0011262967751230486,0.001258549912204063,-0.0022578534742776235,-0.0008934007968096262,0.0036141592421333048,-0.10759628021251785,-0.004779602495983119,-0.24354906181783614,-0.00028980088049762967,0.01610899134738016,-0.047004771132288764,0.0013561675731616047
04013112700,-0.0043078836881971245,-0.006003197266000046,0.0257056692294608,0.014907376687355495,0.002742560669771349,0.009574565179500083,0.0162375028751409,-0.031129378255635037,0.028509618184491246,0.006050866189097121,0.02365234687359713,0.0056877254655389,-0.0017101562753249458,-0.007473707707415027,-0.0025025002012578398,0.003138205232498099,-0.005608193815392143,0.0022085450868306626,-0.022925304023625814,-0.00862929210253491,0.012911228308489628,-0.0415606412412689,0.0024199598806921843,-0.009969974242613299,-0.0535508487288682,0.012233427504571659,0.0053793390458191075,-0.0005516005536596771,-0.007553385068887391,-0.025725692902023742,-0.004808197777865875,0.00584417677838748,0.0105741021490417,-0.03412057644739787,0.0014444924938026673,0.00270490735838922,0.0006085264930201846,0.004139371945074927,0.00505138817580482,0.025420788990687435,0.010654352272104055,0.0005415137550332459,0.003124041120244156,0.0045853140745089815,-0.020758749827077445,-0.0024204288309535977,0.0027771960862243046,0.11432162022361998,0.05005789276718373,0.05496293873347773,0.00865672300529063,0.0025223778958216388,-0.000851299761093652,0.001211788840454289,6.712112290850854e-05,-0.00028638469702767764,0.006698671939827891,-0.07969495583237245,0.005819168187940646,-0.18805574840911793,0.007900990429465295,-0.05765637722950813,0.005271719863163168,0.006449169060649396
04013116734,0.0007054774770855376,-0.006105499668933682,0.03370394917401607,-0.0008212061079673134,-0.007945701920787085,0.0038078280956189334,-0.006900147239146538,-0.029021249814927673,-0.023571466156664413,0.005252094668239845,-0.012610353070413005,-0.001319051276264562,0.024948372998009855,0.011295547174518502,0.0005887054254599377,0.0033391728092382654,-0.003482432516113577,0.004123105269487698,0.031152311681947393,-0.018561759029552767,0.007057509460329665,-0.06755160265501946,0.004931794180717472,-0.013354168527758567,-0.11433720613394889,0.00012524452722905352,-0.007192213743188671,-0.0036966851761358237,0.016106934510403507,-0.026045645861999728,-0.010328390025998514,0.0019001560402781583,0.002487852210559894,-0.05105145788190915,0.004626047268579996,0.0011072828016585091,-0.002737785210244436,0.01648287853174566,0.005527020267350828,-0.004295049157701316,0.002767665764305509,5.148806425801858e-05,0.000361808901852826,-0.0030003090060445234,-0.020939094425278422,0.01496604507636185,-0.003495301159694912,-0.003926879153006043,-0.007270998026667368,0.01972420659054108,0.01360396628402518,-0.00013888843664521165,-0.00021556296610355068,0.0028556301016711776,0.008299348638127242,0.0011416569068820254,-0.00623048672355513,-0.08053400222185186,0.012440920278037667,-0.2497545535023705,-0.010672121445392127,0.04202994749064529,0.005298227126974303,-0.0032319930048888266
04013112508,-0.008441932739891841,-0.007652964702070623,0.037951514155233214,0.0036544714627875295,0.0016070814921323277,-0.0007214280717068342,0.01717984199824699,-0.03991251356500352,0.017920871066287838,-0.004370724961237752,0.00244282945143828,0.005760780906493234,0.008090569372591507,0.0033669260280413567,0.0015353478677040844,0.0028003479614907996,-0.009479696211399253,0.002257752618240968,0.05320650571278648,-0.014258435740612179,0.0014406001316209726,0.12074666313243383,-0.008825309876279481,0.0030028700735422924,-0.08948699112079636,0.008800766409188122,0.011354945276662214,0.008632028434057236,0.029541484568689,0.051918329566726915,0.0045562608902396055,0.00798477553159001,0.001537806552943746,0.09793428501995861,0.0025153281553558647,-0.0002993529987557965,0.005477737191912476,-0.016959378973097433,0.003067526550894908,0.026147837696296507,0.00871313474935113,-0.00019122988771623687,0.00426947033709986,-0.014025370544604088,0.011154884922781941,0.016610774697644614,-0.00035062314115113537,0.03014659651822499,-0.00571899654601426,0.04475033310469601,0.008187724424652156,0.0035434258857143424,0.0007865111082946014,0.009683614108129743,0.017412285388036956,-0.0067193951537337405,0.006843276376751977,-0.052760099312578655,0.0018224540800147694,-0.16364285427213615,0.0007031389257394084,0.5673952122390147,0.0036758617323047627,0.010539348630941145
04013112602,-0.0028463256405389776,-0.004391481671146804,-6.180636075607818e-05,0.013954576426512237,0.01136603373063291,0.0033723207923968524,-0.004836591268080339,-0.028571668287422275,0.0347408483978006,0.00626701019197599,0.0160483013349094,0.011532814110062645,0.004785165265087638,-0.004028726819145902,0.0024286299156082887,0.007030268955842969,-0.005623627892123071,0.006344985759884686,-0.01588940499881935,-0.0057443055322586095,0.014992243033983296,-0.032222100852251065,0.003474672588912211,-0.007120668309856698,0.06868820343856326,0.0093100773466322,-0.007354770317140782,0.0012080224993164597,-0.001807466907691544,0.0741667645089346,-0.005433240182081212,0.004467143470955906,0.002838663113127781,-0.03464968712894931,0.0020099916713950746,0.007521658420022827,0.008788484979653217,0.005837637502044391,0.0037000432237758773,0.032222160595549894,0.010348510240127333,-0.002947911215849192,0.008808059637814907,0.020987905591963518,-0.010857695791608505,0.004642031557597592,0.004551786477632861,0.10346236212296088,0.04431198754208945,0.06042297986504323,0.010871054579977604,-0.00012049266191839336,0.003700496799155611,-0.0016940092451599102,0.005463523091597994,-0.0013528502459019536,0.004619618668256446,-0.06702502975011612,0.006727325893120466,-0.17396319042899164,0.007412725582246214,-0.02241551338065538,0.006662315699907529,-0.0012144552030091847
04013109706,-0.004838144179822009,-0.005922976979533762,0.06239610786511007,0.006990286737851107,-0.000455376797115501,0.0042817345768530034,0.005975866203178747,-0.027883090335122592,0.06517828358528899,0.003735532600059009,-0.007234271256314214,0.00976133909786352,0.007814756898956308,-0.00470640679836426,0.0033867089901356766,-0.0017231794582756403,-0.0033662919000526717,0.0010435496562134913,0.0004078327903246144,0.02185046344345575,-0.0032965836266568914,-0.034431939877124826,0.0058342322329044865,-0.002827398732484598,0.1472350296696236,-0.006989212420957529,0.001732310605896889,-0.0016371905782447773,-0.012211662439140798,0.0020542488322431458,0.005296197887176975,0.003290271567620396,0.002874158275481427,0.024737979541110205,0.0007415443127997887,0.005360295561215467,0.001650519065758052,0.006926928156236012,0.0005284009295160742,0.004018885911024782,0.009249700117373916,-0.0003710679177659342,-0.0032569613025019467,-0.007153655655761696,-0.01742263894606578,-0.0034463047503896006,-0.00024364062545094407,0.08320868420251272,0.03252597368219066,0.042353288727046974,0.00998814320079132,0.0010957558977581934,-0.0006009084230873121,0.0028123203420292986,0.005640724133412954,-0.0008122469972783699,-0.0022765428640783006,-0.06904943429579251,0.0008442397405880379,-0.18197332131136243,4.108887433479924e-05,-0.13789787178478294,0.007166164020095447,0.0014004210733980912
04013113702,-0.005149761890889629,-0.00592430729768376,0.032151734146164304,-0.002048392346784117,0.00029012538554719055,0.009284043586411835,-0.001824507869965869,-0.02618579066759233,0.023276121878089504,0.003913364180835283,0.028310901852520224,0.0017177420493151366,0.005600718900571127,-0.0037363773480842506,-0.0015530909526127177,-0.003411065221298247,-0.009697877051421458,0.0022851510593601436,0.012487976529028041,0.019916737583012337,0.004678648831175703,-0.07690850097355552,-0.007686357432707386,0.030211051538860452,-0.1450987198682344,0.011669152031874522,0.004363510615755821,-0.006567128976289827,-0.013197551932321118,-0.03804248008808495,-0.016218604572954997,0.001215691416369327,0.0013315115170466501,-0.08217090877675105,0.0016223257656612985,-0.0023978853517670983,-0.007264070551826529,0.005108647597165495,0.002615113821157274,-0.011236496846443976,0.0007515308676784208,0.006122180827189333,-0.0010764701943989138,-0.01779940849548209,-0.002617329158958519,-0.006694237568262848,-0.00558341425395518,0.11383341601195263,-0.01267530713132316,0.022330970407918867,0.007022594633488073,-0.00047231640150962863,-0.0044142589788845185,-0.0053530142726360514,-0.0015906371646767516,-0.004109216863778242,0.003620698676884671,0.16444356822834447,-0.002872885050159774,-0.26954558691694686,0.006185278913717796,0.051860281717948514,0.0008823867673092839,0.008649314134595444
04013981000,-0.0049735462258437705,-0.004964238829612539,-0.051792609820927316,-0.0030592505193137946,-0.002842019818709713,-0.0008125326532267411,0.027062381413899432,-0.03767959619257992,0.02676896846608617,-0.005865927435741198,-0.00177479631194986,0.0026881632700377685,-0.009420431348342249,-0.008556055509464885,0.003078587088908738,-0.003897137482016633,-0.007077159350594025,-0.0008394062748641728,0.006081672285735127,-0.03172617833386508,-0.00826658171836564,0.036556287387055526,-0.037886673262739,-0.0158697977978923,-0.07701576635339127,0.0039507801190405145,-0.010066669547590324,-0.0021322201945087322,0.010295631120652673,-0.029770382097846087,-0.03774910650196192,-0.003157582173645329,-0.009366349088619079,-0.10473521794888038,-0.00027227885874509677,-0.0034841293165699724,-0.00148020727323201,-0.039137690001886515,0.0003091491241849855,0.010095720276951358,-0.004281921203854306,-0.007066170153907717,0.00234066256616354,-0.014269238188480114,-0.007749698638423023,-0.004573579999656106,-0.002652569428863878,0.02030606504568664,-0.008706322508659107,0.036213847250284016,-0.00014447720349525207,-0.005071612428393232,-0.003251909756035288,-0.013659437244897783,-0.008752833821781294,-0.0039968905641646615,-0.0016701007073829117,-0.0786364407638528,-0.0019155009007885083,-0.21718271170711123,-0.00885584739163138,0.3443349025632065,0.0021007956756689795,0.001750117182283763
04013112516,0.005656204464622552,-0.00309081118759107,0.045379419461803745,0.00883732938686987,0.0045740365941775146,0.001398349559715893,0.026368327619611675,-0.01152244737809351,0.015806844785247572,0.005504371356697908,0.0031593484621760307,0.007546552903314152,0.013403596188410668,0.007568994207281526,-0.0030288691027675436,0.0017244062113222773,-0.002456440177112378,0.013382869678005116,0.05685653149336049,-0.0008962477034233093,0.010045163930537301,0.11426114965062607,0.005893406728705626,0.014380871350695624,0.05018314323793422,0.011469890210205195,0.008240019884599735,-0.0014247484710106426,0.0031921206975990767,0.05968229722396847,0.008901134866894546,0.00351777801593429,-0.00261178585465239,0.08639801914052234,0.00019383989819747022,-0.0008179418676907455,-0.001903951060953885,0.005640652237785416,0.004838529089740486,0.02128246663403711,0.00014633825197894515,0.008337683404146009,0.005803750938400618,-0.012923207245296628,0.027325433595025688,-0.006299127903893292,-0.00037900522149380455,0.02417279542698774,-0.008398029175270771,0.0326157103790345,0.00692042469008506,-0.0013939217367746673,-0.00535938525659461,-0.000810189463890626,-0.0009034489626645014,-0.0009058561480246127,0.00704807323671122,-0.0695439334110333,-0.001908529214521035,0.1251985326242444,-0.0010046617415962451,0.4035673940186496,0.006064074028501445,0.005146773802967546
04013112517,0.009854758550310195,-0.004306089032320086,-0.053414478269622166,0.012136248272112845,0.0014176636540235669,0.002972679652919464,0.03980669370528699,0.06533355558002717,0.04127051881289238,-0.0031055937057031207,-0.003369426117450512,-0.001913972647642027,0.0021232122138144607,0.048950381141176044,-0.0006583075632616425,0.0021717241839154036,0.006766014452973026,0.017586627130930014,-0.007842364198277378,0.06420336591096087,0.001880948072644853,0.13006502127637617,0.022436218722251152,0.026008790099277628,0.04495618378152198,-0.0005448132466079654,-0.0002868073104388297,0.008134488774551741,-0.007211998258059297,-0.031797577836306275,-0.008432161478441582,0.007680247869171405,0.006421965688395099,0.07444713631164047,0.0034678989836640487,0.0016706537509809966,-0.0028463945520928275,0.017759010838977223,-0.0017547351825809774,0.029803504434868712,-0.0012518220593949563,0.005136622401474298,0.000819354588814224,-0.015109352905880625,0.06751476847021513,0.0010841850449114798,0.010448469171445231,0.02530277825726849,-0.006991642276552481,0.032704266023314284,0.0035920367492945386,0.0057295523280365135,0.001605138545461814,0.012835586471065709,0.00015618724913993485,-0.001250535856684636,0.010990683677184131,-0.08372981628520132,-0.0018184022209150037,0.2843547588711173,0.004423218419169002,0.12490983929017067,0.0034678118756293116,0.0025332312465682627
04013116616,-0.010017182856903178,-0.0031869808497333126,0.058692837728949905,0.005004538726564585,0.0026571316031824494,0.005841558219968267,0.013638498012779218,0.07695844006199125,0.02767838995256942,0.002878963900245384,-0.008917055451698205,-0.0050202684310885716,-0.0011926011481912214,0.03612647905683454,-0.0004969562081453292,-0.004591457552942807,-0.0013924170455480252,0.00040717255090709915,-0.030964723525240535,0.04375468440141313,-0.002501541402013605,0.14278144326162936,0.004399269783358074,0.13063059153850787,0.023369817299385143,0.0025923820604377055,-0.009226637604165464,0.004848419566496022,-0.00439256946850249,-0.02883030431596636,-0.005511084352958602,-0.0031114259538388344,0.006302043227504779,-0.0375068921452473,0.0025015201126899096,0.001227297727604099,-0.0010606349312784096,0.0059490679144660625,-0.0008010837226609396,0.010789649593876521,0.0007951252912036032,0.009855323327096169,0.004354833957897918,-0.022791771112371087,0.0037835972650901535,0.0025944684391904574,0.016333679918454386,0.06798036864283613,-0.005103264504575216,0.030538918765680375,0.006604901382505324,-0.006805199579138336,-0.001980308903501197,0.009113925235351166,0.0004815030670335943,-0.0008948054461746238,0.004360395078706895,-0.08336974215861119,0.007305338541096749,0.17223035675008935,0.009514053776860126,0.06566210063655942,0.00836213479402678,0.00044504848370634166
04013116738,-0.005861827897454846,-0.004349675683297441,0.059397913308538774,-0.0047024396727815615,0.003080477870680753,0.004237171484831779,-0.011282197310227846,0.07862280191411386,0.01472146435066063,0.0036609262230487727,0.020093779098310675,-0.004885964966050715,0.00583770932397428,-0.003176398568257916,0.0071779783195377875,-0.004621174074419111,-0.007402408592400008,0.005895495392118775,-0.0006848190682710865,0.03530461262322992,0.006233425352063094,0.17991586985160501,-0.0009748559898790123,-0.004755247650062476,0.1031319372352605,0.010384195185958444,0.00908529206709321,0.007020676704300384,0.0006458281395344672,-0.03085884324929882,-0.005114708581618145,0.0008381222440446985,-0.0004662805383412864,0.0326360271690223,0.0022754666743559798,-0.007521967753461525,-0.0009971226690206774,0.008483640228728188,-0.0002117153876629816,-0.008454105435995575,9.044470424893862e-06,0.0028334148704752737,0.004206714279331573,-0.004008179236825244,-0.028377736105000488,0.003251506395517874,0.017810201507208336,0.13822170723837562,-0.007928703312571912,0.03371635821235088,0.004322578402472305,0.0024267623194927563,-0.0007636585293944865,0.004080380519449629,-0.004952018610644222,-0.000368188818912955,-0.00453667404711887,-0.0826130096837634,-0.0011169479289144127,-0.1595703807699292,0.005162135083535341,0.08585615604588273,0.009874786615286802,0.004969967867649845
04013116617,0.00964196040602131,-0.0018885397469969015,0.05884455996510459,0.0006919813209660108,0.001413404453990028,0.00446948297627031,0.028824893358619676,0.0953830751594287,0.03229709965882538,0.0027485573924891527,0.0047638887227613004,-0.015300146277601751,-0.0028980756274575746,0.03581618338490756,0.0017172565641820517,0.0006469252380826306,0.013965819238129019,0.010140906856098532,-0.02426029388384147,0.035577980694674494,0.0075802812664275635,0.15334636608788602,0.03629449397007291,0.06390168963252035,0.05850691592649224,0.010450441663531087,0.008288359921108056,-0.002307016781929381,0.008416218925188913,0.010549486665905449,0.005871988583118869,-0.010049782324069436,0.00046927868192240987,0.07835555398909107,-0.004532426077931661,0.0027043186145977957,0.0016737081299398606,-0.0219225366756938,0.003868234170875905,0.009968177332302344,-0.02206775650124369,0.014992198597534192,0.0023942148830576725,-0.015141283500971733,0.0782267361463362,0.001655833531628378,0.013447473015121213,0.029258118337649148,-0.0035618538314555947,0.033337908996371075,0.0066282160536837754,-0.0003165714878492391,0.0003630434468774853,9.804584511706053e-06,-0.00493976957137176,0.004970203484915587,0.0016845852592540054,-0.08646812149748474,-0.007806540614101018,0.10363891916335442,0.00195642639550805,0.4127952653069686,0.008473241175377191,0.0017463452358214724
04013116735,0.0010747882452014068,-0.007917459797875573,0.0659195177553096,-0.014762385319892395,-0.0024588044857867296,0.0016827476974595485,0.0014948758718326433,-0.0285052340689965,0.08657707422601196,0.005745974504852917,-0.0068217638697879905,0.006412970156652261,0.0007228166905598895,-0.00303439935621759,-0.0007541198489420033,-0.002874419454082592,-0.002490650673130838,0.003135366830768934,-0.025114549420086216,0.024363730914970013,0.010615228292927667,-0.060923407922378714,0.0031483010038091076,-0.008688088581990234,0.06446698778866572,-0.00408541465766511,0.007730304195963134,-0.0028205164771766193,0.012876097368713642,-0.029543521931568527,-0.011840994364971871,-0.005220739110946802,-0.003713691823917351,-0.04071058670677269,-0.00011370647510744798,0.0010227131375320135,-0.004783618461121274,0.004069893098970557,0.002940660020122654,-0.008348012458975642,-0.0025518896517030226,-0.004218949157826956,-0.0015723854607256592,-0.022079881058617558,-0.012792184827233008,-0.011065603692372456,-0.004537514922574387,-0.0016908328591370798,-0.009743158011291877,0.012643976947603087,0.008084016944359774,-0.00023046492619779096,-0.002093116615020102,-0.0010353278949626144,0.0027292338128252873,-0.001233089944118626,0.005892000681795516,-0.08186985994585527,0.0036989710625594478,-0.22659120592809426,0.00019061260432450374,-0.11769631820119493,0.007669501196481445,-0.0007072886905804663
04013116737,-0.0034155062791050967,-0.003815005024304684,0.0689508012837611,-0.0020162966941777625,0.004725771777584374,0.004932662060967302,0.0026301756312991555,0.09337333811374113,0.01070324167668021,0.0020538263355615667,0.01950312161414897,-0.004780489555863148,0.02936597371718248,-0.0019996360743442985,0.007149126334950526,-0.003217570686762438,-0.005858438972497774,0.0045778001675311555,0.0013666997957553681,0.022688790300974187,-0.0056075638779435515,0.2026639483913121,0.005874872439424215,-0.006628085987005462,0.0997124539665502,0.00042420835244006506,-0.007421301360568858,0.00771636767487767,-0.003131848115280077,-0.013550219501215684,-0.007853849314817588,0.015173365772794387,-0.0011726970412506354,-0.03231761832560137,0.002167103129653223,0.001008263981724295,-0.0009010947906947051,0.011080836115063263,0.001569205222241412,-0.007374205267050319,-0.0008972237454132879,0.007846975723115643,0.0030188832448385006,-0.011018733425527496,-0.0154555820223102,0.007511489598080972,0.017324731212282098,0.13604651580733815,0.0042063077644988005,0.03287260224487301,0.007869275155555884,0.00487877327017516,-0.0007055500752105567,0.003927602741986062,0.013642730537043003,-0.0009190084209666322,-0.0027293791087873967,-0.08522524822495697,-0.0024894570818841,-0.16605181603546487,0.006596584703439906,0.0653318032170607,0.007578451595001573,0.007202191954625727
04013116614,-0.008367591139245881,-0.004315051099204038,0.04286366601879745,0.0024181579132551275,0.0016870143324318613,-0.0009168675669712931,0.008108673934927063,0.07874688693400451,0.024930409474944612,-0.0017207434456155471,-0.005562505956370398,0.00475204899044787,-0.005573323802373545,0.020580973206259946,-0.0021725571842373687,-0.005135263962448233,-0.0037081247329289143,-0.0019502880903344586,-0.02232243544487914,0.03961305090984933,0.004288931996761966,0.10704274623878537,0.020779385086491735,0.07112873298276617,0.04128584262045826,0.003500146491462009,-0.00928700135319043,0.0024801699608657086,-0.007604410717372784,-0.03645751282059648,0.004562517357247468,-0.011107771500942991,0.0005199762637403983,-0.019164792172656674,0.002299834250358202,-6.364405507467575e-05,-0.0019872046062199876,-0.000593034252431066,0.0009811748557310269,0.014961905294245896,0.0027353578728567204,0.000448619690539999,0.0028833313657573357,-0.00286618503569417,-0.007118127132205345,0.003765445299827988,-0.007251453335836506,0.0647059782003497,0.011112603433529863,0.03024899998609414,0.004756523871833315,-0.008222362111465233,-0.0035700421041756068,0.005054767545167431,-0.0006375516454087504,-0.0006222832214488359,0.004318110008604933,-0.014811605352089467,-0.0014948215046544273,0.1241696575119817,0.00970643627115549,0.06060033323498823,0.0017391644484015404,-0.0010092462999242572
04013610002,-0.007342683770551626,-0.00534142629507198,0.025722352254225908,0.010379623684670805,-0.01129634586142828,-0.01045824864046503,-0.0039214624874229454,0.06036451381649993,-0.07261626994070304,-0.010848935211812854,0.004741655019896141,-0.01325010992932732,0.005335395446583579,-0.01880505185864781,-0.0022939996853021468,0.0031338596541616174,0.0024405575629931867,-0.004539832785469485,0.028746702291511664,-0.022812453960257394,-0.0011248252950859523,-0.05088595356664037,-0.003531595620960357,-0.013941250966602347,-0.05287721871484054,0.003482067799057661,-0.0024626680072467404,-0.0035635723114865224,-0.014115801146641044,-0.025296725095884615,-0.033231429238044646,-0.003716353095208958,-0.009796386854039354,0.05052013040086717,-0.00411126086272865,-0.019922455550100145,-0.0025769815416163484,0.0007471056913403089,-0.0009546472679714813,-0.002539755114382078,-0.05612938685564495,0.0024686490349404115,-0.021632728159999743,-0.019697057350001993,-0.021340536286100262,-0.011109460201114646,0.01570248169503774,-0.6525299287220161,-0.007792481839612682,-0.43227768276805045,-0.014776158224385149,-0.011199177051598223,-0.014017129540648429,-0.004794484648179131,0.0007888650782085906,-0.0009142733548731621,-0.03545455550929319,-0.17687535760365083,-0.00472126333523689,-0.43503060144299344,-0.005003340510795149,-0.1941032260925077,-0.04108444608573972,-0.0034563138920527996
04013115400,-0.00778079612220807,-0.011065706318419116,0.020865507735418214,-0.00230458369316073,-0.008512812746233124,-0.009779365308785511,0.005185276323651189,-0.02359492673076288,0.015334748685150697,-0.005707454434708426,0.0052927945956040175,-6.37652069464524e-05,-0.011544477489394116,-0.0072569269876858284,-0.0028080682067514154,-0.000986387458519371,-0.007382942369895559,-0.01048116423608086,-0.008416972221832558,-0.011247245387092899,-0.00874511207812675,-0.13005749585074056,-0.003985948991620843,-0.02408349133823996,-0.04994394580649575,0.003992560206303877,-0.013249479932649605,-0.006333748690768187,-0.01541682211392462,-0.043675625773466155,-0.02101222677712784,-0.006673372866317466,-0.009657892036602831,-0.08265185603141773,-0.0015234973646934002,-0.01118708697728404,-0.005729473046999005,-0.011688022861255497,-0.003926559867168288,0.0021237717926088145,-0.0017375089992067488,0.0019510224132295903,0.002494214151292952,-0.025983355822626647,-0.02599466999891509,-0.00411008638716388,-0.005318112114933557,0.04484414877231877,-0.0015213374407831162,0.021352901586065374,0.0055017181934251935,-0.004516938830608242,-0.004087375454926583,-0.003186480327265995,-0.006720737828427195,-0.010362592009064014,0.0013902013662753666,-0.09323340833518698,-0.004386735193961221,-0.24514561524899375,-0.0024589982492430992,0.005408837378389648,0.0001635933492676569,-0.001301597995675573
04013104202,-0.006427632710340168,-0.012020172803246005,-0.12234274186493654,-0.008283983806874822,0.0011009327491506918,-0.004693324520244215,-0.01946944216307954,-0.03427271618918084,-0.04584425007362676,-0.0010822463126390928,-0.02073300040554476,0.002184658408052306,0.0024464200912704234,-0.008357119594998632,-0.005158598778976082,-0.006124879394766015,-0.0011470605250202004,0.000319751472942232,-0.012454232519505198,-0.03269234349148385,-0.005109679998925094,-0.04984300230257937,0.0020860310912878,-0.01314811247862347,0.021206831385096696,-0.013927780271944006,0.0007243265036244145,-0.009716381267345113,-0.018908910791989097,0.03864378482159995,-0.0010346672521318744,-0.002983413469166808,0.001303190103203776,0.024267315278048887,0.0001418088287935282,-0.0005724652676531406,-0.008227095736765958,0.0004744954616442614,-0.00040921477658450214,-0.025439237428586555,0.005301635669417465,-0.008160567675872825,-0.0019693339601622333,-0.010258240252004489,-0.04525195025123817,-0.03419293097410951,0.0018099326997859766,-0.0457640464473413,0.01735565835608354,0.02368539345151039,-0.08295805254445693,-0.003831885578442222,-0.006848726314690132,-0.010066239398415913,-0.003384953450792594,-0.00019261029922980252,-0.00533687298916426,-0.11043581881910984,-0.020530608936306392,-0.27999383465534994,-0.005381966178214159,-0.24205618856727346,0.0007429839539543729,-0.0055812161796575405
04013103608,-0.006402724322119453,-0.009603463647372633,0.03352250125995907,-0.010831918228949832,-0.005344251518625546,-0.0003211756620092344,-0.014468333681561543,-0.03900412464744131,-0.030657595150178595,-0.005635490116128133,-0.017042230435784764,0.0030528079812989994,-0.004048022464575409,-0.010347836758183217,-0.0030723314217428205,-0.00394340080992627,-0.007139056659075858,-0.0015511254740265864,0.0030206409774965162,-0.027839572301387523,-0.0028143324222025543,-0.07931317700423206,-0.0024533192699666543,-0.018379821518826733,-0.23694963761999266,0.011367845173932615,-0.007609167749972621,-0.006572137895531885,-0.0207257139902081,-0.03904482122043854,-0.004863178033831913,-0.0015887377631920083,-0.006537158142884274,-0.04338461722911145,6.698912881061325e-06,-0.00590154143131681,-0.004927690407716837,-0.011417123430050665,2.8169972540701828e-05,-0.013694609354858733,-0.0005276741050386403,-0.001984370177318919,0.002406931026555765,-0.021526063382880004,-0.027816487077702706,-0.011390239487376538,-0.004798671259546743,-0.007425952137204925,-0.02098202017116643,0.0173364116975309,0.010933090793056464,-0.0039971177157654214,-0.001129968016448393,0.005205157946681478,-0.0003607839425584648,-0.0025799040641303556,0.004372374080949392,-0.09334116239972326,-0.008835551824526248,-0.2772231534532927,-0.001192592329865153,-0.05867783369361464,0.0024665281688210586,0.00024623871417193976
04013107101,-0.003698013125831684,-0.01371149151109281,-0.09099005453211613,0.004679202231258621,-0.017253419811699734,-0.003305369159090008,-0.010652344572020496,-0.035531913896239026,-0.08216548099787147,0.0017791146650414607,-0.014334394137788128,0.0006919743822321996,-0.010379224116548236,-4.583909310965156e-05,-0.00311359047410889,-0.0067834008202304254,-0.008223286915493531,-0.011066399152155895,-0.032024002184142336,-0.025610036012355706,-0.004911455570047327,-0.054028713638193185,-0.002810358164331785,-0.016851380642433536,0.05942312842532451,-0.010115364954886928,-0.008293063687012747,-0.007675541387144776,-0.01624532384874269,-0.01747528071889256,-0.006392878572331056,-0.001716948067427667,0.005097164159270843,-0.03067285343107453,0.0008441369482850132,-0.002572232298824616,0.0033586694969490144,-0.0033566286119741063,0.0014526513318131966,-0.010704085348022103,0.009368776210689933,-0.004679658502144994,-0.007967364318948233,0.005910431418005864,-0.020241115409690407,0.0035781820361055192,0.0025305014552197453,-0.027150513419975666,-0.012651692522150051,0.03164986456903602,0.010877016758869528,-0.0023847959708564173,0.00022452628339792187,-0.008447136923185362,-0.004594872869639846,0.0019403488460657632,-0.006749047889006954,-0.09804334865757733,0.0009503570927517057,-0.26413900540611773,-0.00013899964086541963,-0.2073170005227541,0.00019407627074595162,-0.004236939487634627
04013104226,-0.007848591953897482,-0.020246524164730825,-0.10097957696901945,-0.0023527533681392703,0.0034996859092625535,0.006881868843814577,-0.014124580828452558,-0.04440695100918344,0.01607432391346718,-0.004599072575426793,-0.016024255488026395,0.003629438689428107,-0.004737912258305085,-0.008253559251375466,-0.005452489285727241,-0.004586876665675824,-0.006448319354293247,-0.005995200261788057,-0.028523287679047857,-0.035150492744648584,-0.015993298666856445,0.02263234784861546,-0.0059153852959435566,-0.01421602637344026,0.005077438940864998,-0.010499491334729012,0.006247937118970791,-0.009285238811011154,0.0031086622506378754,-0.040776864321469174,-0.009769241623703045,-0.00385681879962512,-0.0016845409692448435,0.04626347548238095,-0.0018339700080547516,-0.0021922263289379886,-0.0034874933631489934,-0.001454393741071178,-0.001326658948206829,-0.015610823515205778,0.003722437099497214,-0.0056416071904918765,-0.008678249124320627,-0.04926190236079645,-0.024113158949709636,-0.010315261665482849,-0.007625660731989462,-0.005047418959998926,0.014765001796137697,0.021662994123217438,-0.0333592193687493,-0.0015413377019615024,-0.006241097836388705,-0.004987077423200252,0.0007047272652461213,-0.005992222345792872,0.00019668605561599218,-0.0474099876979164,-0.017267146555167496,0.08323610224069097,-0.006262123211531495,-0.20618285832258765,-0.002851069891878443,-0.001208095604551985
04013104207,-0.007013761320470987,0.04617941930053301,0.02395187674880182,-0.01636515807314266,0.006445398508723121,0.0012715061388855543,-0.009214348182043208,-0.07085646633062455,-0.03135661199724848,-0.0053696378932512785,-0.0224546223724088,0.001119832011000691,0.0039734240339350775,-0.007578721061790607,0.003420049907154763,-0.0031808086448560165,-0.009083199244248311,0.0011057647417144513,0.02796251033006853,-0.01714186864888792,-0.004026417207960846,-0.05959959178071499,0.0021252216249056733,-0.006654122986410555,-0.23367676029923717,-0.005596624642877684,0.005435697530461026,-0.004256293629821213,0.012312511443842182,-0.014913560970501151,-0.006863182966498205,0.0012337002905020856,-0.004356680603810257,0.006766830017870711,-0.00018334260504662553,-0.002926371132032459,-0.012224661558950536,0.0037665569001792028,-0.002065467860486399,-0.022344691900911755,0.010558255873687356,0.001980724427634597,-0.0024974779397491384,-0.023221326770375045,-0.05369973151110602,0.0032178892972742103,-0.0034959013301392662,-0.012276288033813136,-0.011862533943077354,0.004640311219910087,-0.06614581079882545,-0.004124416015014115,-0.0048289956686568165,0.0017046113372400698,0.000542253028310639,-0.003337535911190777,-0.007798177318649439,0.2082660873937499,-0.0032230459624225808,-0.32960679747496974,-0.003837470783557206,-0.19251493664079383,6.143263547598019e-05,0.0026697847224970124
04013612700,0.0007514692044053843,-0.020552549987563375,-0.07719919074217035,-0.012936264408311611,-0.014507822339310415,-0.0035180780603815405,-0.009483206980138496,0.0952897900201842,0.017761225247325887,-0.004699076324563177,-0.015030871678130333,-0.03653457251663285,-0.004917297266232932,-0.008596691138794098,-0.005053736826028184,-0.0065617234718730235,0.009034052057796192,-9.729502073611492e-05,-0.08816858500550596,-0.05313708662327829,0.0006023713124248023,0.07179930478889175,0.012683367297436965,-0.014861940807572669,0.03347038266286576,-0.003355632136910007,-0.008702303957286366,-0.005030578118909989,0.01890619268670361,-0.019408212868937263,0.08334725079748044,-0.012400942414183987,-0.025765795883726992,0.04260794867061116,-0.0013380629945806814,-0.0037327977810469484,-0.0014981853296020667,-0.002370191750076802,-0.004939452448568751,-0.029906238304941664,-0.03272525343610444,-0.01108375928186931,0.003162706492162454,-0.04943709468834835,0.02101297471135328,-0.001315584268092263,-0.0011408319596043351,-0.0073177959288800295,-0.009289067563035432,-0.03215173466202717,-0.0036932388634255,-0.002424656366498946,-0.002545539321565179,-0.014687870046909616,-0.0020638742417003267,-0.0013525504759862692,-0.001591682984561039,-0.21631984661011833,-0.022015673719739587,0.1463127083809326,-0.0025875356146672756,-0.13299047597212962,-0.020665940994318545,-0.0050384463427643154
04013108501,-0.010153614223785452,0.05234351930018239,0.038020524063466905,-0.001965903379862436,0.007528139437199627,-0.0005763117246222358,-0.003468101098549791,-0.06899240284202086,-0.027654618846204574,-0.00032249851762114387,0.034538681314205434,0.0024234942072494064,-0.0005815142633591252,0.0038809622933049636,-0.0012220099112775062,-0.0019148321840554796,-0.01538021199502301,0.0008045743551916314,0.04298514819520944,-0.014025747980602759,-0.003441301475442911,-0.041960035574308926,0.00017690237930608737,-0.009220514896507583,-0.0033383741794201123,0.006421088264695224,0.016092068941267,0.014988117599607447,0.0043252256692420795,-0.010439031011725396,0.006816433333921934,0.0023759498110185553,0.0002143740779349541,-0.04820953677826029,0.0012778809561516586,0.0029083223485276114,-0.0010677850168217063,0.0012807866092532025,0.002880557698720583,-0.014193564256971328,0.014619728528513303,-0.0015101131458071311,0.004551780643357407,0.013778729140899048,-0.006752394985384736,-0.0009645332896594756,0.0065006390031504945,0.09303831394682611,0.02697658192745025,0.01945864636533307,-0.022599176576433514,8.20656878566604e-05,-0.00453658330566131,0.0052413891429502965,-0.006849124460106857,-0.0004445912480019025,-0.003694040714259314,0.17265498341488164,-0.0023144542097868676,0.09925667005926977,0.0020381355861541274,-0.02407057342445651,0.0074853031534310175,0.0031183821615603504
04013112900,-0.004127588531625268,0.03164822588719727,0.024077487696071386,0.00413647289085756,0.005990064389631738,0.004535814008057682,-0.004305225759264896,-0.05455855136126656,0.007705264498163319,-0.0020980860799865303,0.03057898378065973,0.005373366854377553,-0.0016774727995540507,0.004457483350681195,-0.0010339663327844184,-0.002431070680958688,-0.01340681110870847,0.0008208091176982923,0.019711052597033464,-0.00850995407779764,-0.001600614578513237,-0.031253963837155875,0.001235829168794001,-0.0032422241272479983,0.04391678396505469,0.005124486516851373,0.00473631149679785,0.007396466020643217,-0.007253024878472611,0.004347712596723136,-0.00616969805344358,-0.003478657171750436,-0.0010803996131511996,-0.05522623711407441,0.0016753631184998228,0.006383842689547887,0.007011268523322042,0.006185287461625988,0.006555460631939951,-0.009388236003723781,0.013044693826747479,0.0010215177169013345,0.0054354181036841785,0.013237328697997583,-0.021724934536710625,-0.003466268962221093,0.0077807281664446625,0.10349492011776652,0.02556874935835142,0.041266757069599126,0.009600989963303407,0.0001625869617370347,0.00045854116676333776,0.003989492185188645,0.002924462138111496,-0.000589119447925532,-0.0004331410238690967,0.17483624783555296,0.0038191371750059665,-0.16278701994764996,-0.0009639402169042743,-0.034718773326195836,0.007528813472301604,0.0006138151106385269
04013113202,-0.0020861530608367674,-0.01451679459048783,-0.027071785711928517,0.011199996097365909,0.00842302321781972,0.0005975670818464326,-0.008698305963622229,-0.03450540829995943,0.0028711754768222146,0.004212060712096601,0.02790985085406587,0.005765408905564829,-0.0023666826711920418,-0.01043611800173841,-0.0017842450167564793,-0.0023948016292791945,-0.0052399589136155784,-0.006573360694840293,-0.024992501286967877,0.010709533912850169,-0.0015240290081941202,-0.048352965153659264,0.0026772464334204153,-0.0059860463596977526,0.05803968594614553,-0.006584280123540214,-0.00837747416411336,-0.006945915326327626,-0.008580285111244649,-0.028953703039098763,-0.011469824352872362,-0.0003601097327112382,0.0018424813225116309,-0.04137765639986576,0.000483457719256675,-0.00024116881211626366,0.004597156875538083,-0.000644680979822467,1.3623449358050613e-05,0.012725025514758922,0.005449622363326037,-0.0010335581816389606,0.011675596307950883,0.015829301046803735,-0.01379042392184713,-0.0006983672029245429,0.001199447174063481,0.12127610938340863,-0.012928299507371052,0.045899933302323004,0.009820292232247424,-0.003767671722975095,0.001211099584856666,0.0015814685224494847,0.0027163487922775803,-0.0017677305220852137,-0.0009474123249213518,-0.07123512569240203,0.0015448538168588578,-0.21001533858955135,9.044074385140275e-06,-0.13634724246276603,0.0028837353458195584,-0.0007053701513924952
04013113601,-0.011273660065846645,-0.002727299640162567,-0.024417760502307227,0.001642488948845696,-0.002414923972847146,0.004372863920468771,0.03175685739096238,0.05473650122565296,0.027433957284522276,-0.0010387896917020928,0.0026121288084825765,0.003654361646931137,-0.0034793910005909592,0.011078093024423747,-0.00016248093709748485,-0.0015386080313513583,-0.0010855305707174053,0.008854069337883812,0.014080590641582732,0.01210250035401398,-0.014211690413737045,0.15705108810283935,-0.0033299312632536766,-0.007163919092344101,0.07109195515952885,0.004608324781909121,0.011456465524414032,-0.003993799565001932,-0.0015425805047522654,-0.03293223210266071,-0.021333023566782655,-0.0008431631823008084,0.0002717331409477059,-0.08359661341358436,0.001795384278268092,-0.005087965591857459,-0.0017960887099565807,0.009255003007309841,0.0038442697060131355,0.0018880482797999012,-0.00209726756084164,0.005544726314309364,0.003740109405677787,-0.004959963785889949,0.01645625068448161,-0.0042319444522587206,-0.007161978730614809,0.0418877248017314,-0.0012619715162870266,0.02828140955842656,0.001821388185252225,-0.0015294441412357558,-0.0017797086009103086,0.007037283736482073,-0.0100113787690072,-0.0009472881671790319,-0.0035713636016844468,-0.08276257085624189,-0.0036964068842238744,-0.19999200131831663,-0.0016866483230702745,0.2003025313600805,0.007324225246795491,0.0029081307720677835
04013611700,-0.00421513627085884,-0.006978807442373731,0.03272657537721871,-0.009201655653841791,0.007140797409677223,0.001502481489915422,0.0032713754764595103,0.06851814951770598,-0.04561566224849804,0.005307564309953014,-0.0126208047905826,-0.003329826075919217,-0.009769570247031607,-0.007287503803483697,0.007456112826253341,-0.006340369750118036,-0.0025118149565649507,-0.0014882300663242864,-0.0037932548339431114,-0.0292366300135051,-0.002089129417192611,0.04091600400751718,0.003912050848314674,-0.015251886967469104,-0.21441523868700366,-0.0006635724347479118,-0.00650788531788936,-0.001241517772057963,3.3638387919494736e-06,-0.02062969987296348,-0.01640196229441273,-0.005030392165796814,-0.007640062043090497,-0.03414838367774857,0.0003744494290304283,-0.0014096673825641755,0.0005198478961513088,0.011021750168273328,-0.008149406267993485,-0.014594092056792829,-0.009946856336004964,0.004768746335994826,-0.005433061768441775,-0.018545214473973937,-0.01605087447292496,0.021685599372152753,0.006054647270688782,-0.03694435284831333,-0.007613369298263335,-0.011802756821325892,0.009982828111418101,-0.0017778281156631455,-0.0012691179092130548,0.003716398636055135,0.0003043726739265422,-0.0003364544025853654,0.011282288640151114,-0.12482153264561627,-0.0035480204504255656,-0.26544995582183994,0.0018700776524021713,-0.16548468278335682,0.008371070427579714,-0.0022543360681981104
04013611800,-0.003284755148780414,-0.01517192526990225,0.036261224581847495,-0.012311066862275783,-0.005535091875944833,0.0011572152412591718,-0.020700684818298735,-0.03542289765464944,-0.002574174538787257,-0.00011223909643194702,-0.04978968053472692,-0.002250060580907177,-0.01388873048708034,-0.012057439074887894,-0.002258191737165175,-0.005035193081051972,-0.0067828036692658845,-0.005979322258034111,-0.03483972698254497,-0.02810665012792295,-0.009672484240481635,-0.03710393191942656,0.0028817542594915305,-0.024348783374675522,-0.06791526617277885,-0.014353027732609967,-0.010186962888745186,-0.0080157490377286,-0.014028158145848214,-0.04600365687916681,-0.01763205360714067,-0.00586533259731618,-0.021065334426967626,-0.06775278611656027,-0.0049935099273777095,-0.00040143368466876036,-0.009306656883143005,0.0019446782857573837,-0.004791409094487878,-0.01989666730399308,-0.003462405402573369,-0.00832490856736219,-0.021379883516438613,-0.016631454077899704,-0.024291097494045896,0.009998858434299868,-0.007106662222936789,-0.034621358407598224,-0.019894264140922647,-0.009713664272798808,0.0037811779934254887,-0.0018134647125074902,-0.0014777503283588498,-0.008050124909641751,0.0015711027490424331,-0.002432258592283815,0.003635428123129279,-0.09938283797667496,-0.017203306522788894,-0.2834976678620195,-0.053979279133545735,-0.23642167530703612,0.0025948100582400702,-0.00024144107971975427
04013612600,-0.005133188069297275,-0.010623536084143993,0.03125256165173015,-0.01523544364979188,-0.02924712419896042,0.005535899527326545,-0.029948225747325218,0.008798439324067332,0.009564508693527662,-0.0018152606952141297,-0.03514222318723653,-0.008100377236554972,-0.008618773922291044,-0.013108854211575113,-0.004928355812335995,-0.005968339887193234,-0.002501450557061211,0.0019128899230019434,-0.030168087129949134,-0.039229053712132894,-0.004015167723998848,0.06358171390584645,-0.005137674293898435,-0.010769515416297656,0.0004029764727369872,-0.009473621939382396,-0.005208634571056714,-0.006645354066818121,0.01914660678667947,-0.034947822201025706,-0.0030658014460997938,-0.008683011743370066,-0.0015775518738058937,-0.07201679676231645,-0.0059734527543509695,-0.0034840083134597497,-0.0018657207727275288,0.0037274260057967206,-0.012767507750176373,-0.023651809576474517,-0.0002739348285115642,-0.0012710325697728772,-0.0056842552454737585,-0.017839455717445052,-0.004892330737241978,0.00019360796484310677,-0.00019615971644755794,-0.007251528616642537,-0.014520469382140863,-0.46918976083254416,-0.0020540584372953303,-0.00613381272788906,-0.008369639026955084,-0.007706859549284431,-0.003482287697304101,-0.007130567143984245,0.005313483387483562,-0.1203542616480184,-0.022915025233938565,-0.2732159013288705,-0.006157451301068836,-0.10694659062839426,0.006877412054173084,-0.005590535967602712
04013613300,-0.008419883177112075,-0.006472534204478369,0.022782886323859174,-0.004533121960417153,-0.04413005741482177,-0.015946847470530302,-0.05342086754315176,0.0455148273596987,-0.0793871656402173,-0.008943759186083831,-0.004267444657657437,-0.06895807051241767,0.010734391888024993,-0.016694333349421733,0.004619609407754765,-0.0012723852721326495,-0.0022977221040056286,0.0019367654843560893,0.016144653224684846,-0.028755716658362438,-0.0065213820643191395,-0.04086224586892842,-0.01257958591249555,-0.018986047633933818,-0.16091192553092998,0.005172374594982268,-0.004219057815098878,-0.002911962860711411,-0.003911198930638072,-0.02216772555779211,-0.028067599126683013,-0.0013072142682919706,-0.00965446693704011,-0.06874762529132443,-0.004360743541107426,-0.03528333430975775,-0.0009428475794573402,-0.006763557273553547,-0.009381692721633254,-0.017526915867199157,-0.10243471718525436,0.0007702962992268955,-0.028363263757679325,-0.022416995493734465,0.015085062725643224,-0.00976279743471214,-0.06673539541887759,-0.8591413849774018,-0.018675052533299718,-0.5829223378844471,-0.04121158286587469,-0.005127979068371536,-0.009519424263321018,-0.0039700732613742774,-0.017967170717791494,-0.0012120899638100931,-0.0023710803778489928,-0.19723141369113642,-0.01006124090223772,-0.5189853403807528,-0.003617803464956312,-0.2502228692308039,-0.12957708090040235,-0.004605174790046126
04013106003,-0.004286968037330112,0.046720095893592634,0.010979482246069993,-0.0022063405738755215,-0.011748231031697434,0.00031464021496941904,-0.004608343817383341,-0.07554103160058455,-0.029938181722109918,0.00237453851485127,0.0200124075604632,0.0018986073136705822,-0.0007949008223339366,0.0008419641900936808,-0.00273660345059926,-0.0036999049440134624,-0.016976375303461487,0.0003617176628105535,-0.0509021105322806,-0.020380561529840403,-0.004980153753743998,-0.027722644621275366,-0.0014193109601187744,-0.005384841009109452,0.043210174890471,-0.0034337110778618497,0.010285868516336387,-0.0011399746327576293,-0.0011871733838037311,0.042407361732989944,-0.006527910447126221,-0.001341647508737822,0.004412490645806792,-0.020001959478233515,0.00045557652002093686,-0.006071543840597902,0.0005325716244128065,-0.0007959435948138329,0.0005288650537740339,-0.014523712351186572,0.010431939126578945,-0.004528368480710052,-0.003785232734813214,0.05020922656782169,-0.013836134463735932,-0.007208104553002342,-0.0022825806831054626,-0.0057331226306323,0.025392580334018935,0.009265960764832142,-0.01641904954672636,-0.0021259725763742273,-0.004983830709968121,0.0014152882850146137,0.002866239057469745,-0.0010388931108731613,-0.0002898525619405775,0.18655208186137226,0.0019822916139007065,0.18894435800811676,0.0053101850438370315,-0.1283569602116917,0.004270531323956059,-0.00048811830711756326
04013106502,0.009865131117678482,0.03554049593320476,-0.03228306700419575,0.0013881498615723644,0.0029378204757198848,0.0050330001710798536,0.00036408123393697254,-0.011835603718274315,-0.01143988107798822,0.0011060574004509132,-0.004590504613861056,0.011179282222989183,-0.0006803455056938909,-0.0032154208331937255,-0.0037780972910050276,0.004610620695541193,-0.020770192956353326,0.0003059236451398425,-0.004997876776489007,-0.007301970179211031,0.003420108965585989,-0.024552702663269026,0.003998902780648731,-0.0029746904493280378,0.03073429993890526,-0.0024299377579408764,0.006397489626705469,0.010143047211786606,0.017367967611985054,0.0833717123996562,-0.03072109269684861,0.003935055419470777,-2.0116935176493273e-05,0.09043826909850804,-0.0004892528325450879,-0.0005323480170319003,0.0017744942828058071,0.009549417863731932,-0.002223453418062905,0.01582660886778538,0.007224378428132549,0.003674370346815035,0.0066241577620960316,0.05054154071084017,0.008563596580203102,0.0021312453807297545,-0.0002908972604925359,-0.008830418318620154,0.01549093457955192,0.02568822231272219,-0.02208410454499096,0.00040022744356510973,0.015046423632275659,0.0003409740136157241,-0.0015229684219774653,0.008212709521871368,0.0021848924453325017,0.3751658810179153,-0.0025899624833711416,1.0229350498138823,0.0005324529552710513,-0.06374746240775687,-0.004504077260947259,0.001303958085806455
04013106701,0.01150660684751975,0.04409137957715876,0.04362140752983629,0.0002803327554727381,0.000971686845719604,-0.0009924078891428846,-0.004968062878271117,-0.05998269420800835,-0.017100150857943558,0.0007099013617589816,-0.006747412070629355,0.003493082187386179,0.004047683301154298,0.006815809764154201,0.0005899568973321755,-0.0013319872431696203,-0.014440267075816046,0.0019086536779468397,0.047175706264376435,-0.01922418323260305,0.01014782159296148,0.0006502955142095595,-0.0020485088285201957,-0.0006613147463452803,0.02302880726506372,0.007790301096548361,0.018602878339498124,0.015081017243019192,0.025463663656708387,0.03860384977772565,-0.00638958005788317,0.00546388228031937,0.001842298176551096,-0.03554029925089629,0.0002521204096600816,-5.70588448773529e-05,0.0028726896573577003,0.004333846330569308,0.002192479540870229,0.016717759368105992,0.011495790422218972,0.008727896825481357,0.005216886976219373,0.03603824272211789,-0.0013206805579983447,-0.0029461776945680015,0.0027039105290865093,0.007703763441959374,0.0063911265375809845,0.03383294657880037,-0.027952217202367697,0.0004424902900851122,0.017817752022202305,0.003691043729450779,0.01226566954628431,0.003329785226150146,0.0021256219905926516,0.3326818803014048,0.005941494863694245,0.24359679091370662,0.008271633718297419,0.0450216409501438,0.003837752215120818,0.0021964324292771315
04013106802,-0.011871331958716515,0.047847747036320144,0.008018339045452539,-0.0047378141326855005,0.0025303104742902907,0.007830062104644986,-0.005599957429282398,-0.07523931766907897,0.010008529788847942,0.00012757560786392792,0.022312237697162514,0.004222701410061075,-0.000589956993462217,-0.0025147785854476613,-0.0008162874485726573,-0.005695546308933642,-0.012836743800832766,-0.00020918242900917736,-0.014967382597851764,-0.01668135775824033,-0.003011401723073426,-0.009223244652903265,-0.005489051833681756,-0.007746950438472677,0.021669087845813353,0.005266316050155746,0.012410973180550178,-0.011623364328592851,0.02343330828804549,0.04409782966577897,-0.0038847219448443367,-0.0019217623922067174,0.003907454044547822,0.06775341213523257,-0.0003639863715926448,-3.887261387905631e-05,-0.003287264810587777,-0.0005586395217856175,-0.0029636469065352916,-0.009071341536974618,0.006066056362667777,0.0105061187602264,0.006396733278331716,0.008431551174469412,0.011557062696826614,-0.008529305832994013,-0.0032305361954676538,0.009059445781243292,0.010943799831656371,0.022202918814532784,-0.030327568006167347,0.00026065080803178934,-0.004228653542755041,-0.0008043168199952125,-0.002600447555315828,-0.003272243448881001,0.0007438603156622083,0.2799175641686665,-0.0009071884890714333,0.2630404350254427,-0.0028209413059633605,-0.08251850594321655,0.0032908330326873237,-0.0004928143929452952
04013107601,0.0026647414337359595,0.030072993630830474,0.02523451534676289,-0.004063508801932238,0.004851757074974888,-0.0017171749475047072,-0.0036914928276617835,-0.06745525350242233,-0.021936163090868648,-0.0010290057350725614,0.010392227595248476,0.012109342230613605,0.0016546220925957443,0.004905474174222731,-0.0040451389889036085,-0.00949905719038389,-0.02338069726582866,0.00015763984428932576,0.03303020442486628,-0.014501774130062393,0.004961389118409387,-0.010298028530849546,-0.002972194324631125,-0.0049661742875810305,0.03162077159399137,0.003681408978592738,0.009784073249373195,0.014081640077102237,0.014257225823998241,0.04932754474075336,-0.038304461917714486,0.0015436378803659137,0.004396571150608066,0.026125064485756758,-0.0004711488144685575,0.000930535235230827,0.0024470128573855486,0.0026989196034652063,-0.0004500628234064213,0.00024577426666029235,0.005357401455045997,0.004409340155173,0.003338393323826967,0.0339339818895142,0.008258607063385635,-0.005134067021008492,0.0006531654614443514,4.32590507277287e-05,0.010647529516657223,0.02490421219830209,-0.021659016506852827,-0.003846424233172124,0.01303173868779275,-0.00010205965137658955,0.00367859333299715,0.00516211870598849,-0.00501117907591802,0.29787551626864345,-0.005780825851722618,0.5978290438240773,0.0009831992217222323,-0.011615816042310854,0.0016694398041674243,-0.00020146457638898336
04013107602,0.007942666090704528,0.034683669215816636,0.007370070703931076,-0.002789907329885653,0.003976054829609587,-0.0013956115425356466,-0.000526788812830653,-0.04073389333661174,-0.022205486635076675,-0.00043880581065031127,0.011395832392871735,0.010430963618802875,0.00017393708237933958,0.003941778325753858,-0.0033770195170267727,-0.00407292618276566,-0.020833757360053894,0.0003351449297246164,0.03406086217337587,-0.010680817869222176,-0.004472483674328806,-0.009825859349258377,0.004820632109482228,-0.004393256454562933,0.033408356784994354,-0.001741520286156606,0.016190337056848646,0.008970154501518581,0.00671454099184797,0.05505083032424803,-0.03779032632808064,0.0004773437304746892,0.003887446778656172,0.054726973820294865,-0.0006945652945040258,0.0030466234006714787,0.001803739024886061,0.006041753176610485,0.0012882465687572675,0.010935624895034189,0.009455318352573084,-0.009264167015881824,0.0042438357969681395,0.04509978515579514,-0.001854135120314414,0.0020289815605295477,0.002281769633917355,0.05142176780142351,0.014487024000756537,0.023594483796650238,-0.010387577593964905,-0.007441841047932836,0.013015412075402364,-0.0007266312570191663,-0.0004005779116216505,0.004847197903354201,-0.008436529451410593,0.31829899048342447,-0.0059246898006183385,0.6271956298833736,0.0027371452866324897,-0.03988393608601956,0.0014167010450569153,-4.801996446701496e-05
04013108301,0.016800084688583915,0.03780987678854442,-0.02664030374595307,-0.0024054249633787116,0.0014271678135776488,0.005707023878138305,-0.002636500260274092,-0.01567191542152576,-0.025059058341443327,0.004754628187657197,0.012261624022645301,0.011705551580550259,0.0015269694768604925,-0.0003081107568467185,-0.003564043184738255,0.005592512861353448,-0.015046837987636017,-0.00010047469567225496,0.04353279724582826,-0.00944583242850749,-0.004245255790003262,-0.0015336640661549775,0.009499410759321978,-0.0049362118253706115,0.03709347414387034,-0.0012948326271124803,0.014763354448799393,0.01147292266814361,0.005690286836790484,0.05426619034554512,-0.025621041459262094,0.0026311543635672854,0.0024907586965477214,0.08433728299830509,-0.0008282020045895363,0.00011579768431724129,-0.0006871934503505771,0.0033116567856415423,-0.0009337720753001817,-0.0032491475861846815,0.010211611198105932,0.0005734613315514632,0.004740169186085868,0.05030396034528447,0.006380356750271378,-0.0019225951801374271,0.0005732078198786004,0.04021661162389181,0.00243773566959852,0.02074108871315412,0.0020342285211988305,0.0011607425812667496,0.01707715099528104,0.013516367652359796,-0.002747444655073032,0.0074913960009778124,-0.003555631863652767,0.36528051921884497,0.015075656672228875,0.9026041492797809,-0.002707431595153742,-0.08079612806318377,-0.004285522895588054,7.65307446024301e-05
04013112514,0.013944610035366229,-0.0031930332244132554,0.040851695134350795,0.020759734675229752,0.003195579857958163,0.0030878052063754388,0.02437871384318852,-0.0052646226315666515,0.05828457061000701,-0.009541123666607452,0.006939620211846641,0.006367086463033188,-0.005742358640928849,-0.00011165893384523772,-0.0008591955332289325,0.004871159025539835,0.0051885192603341,0.008698688308225568,0.02816179400637279,0.011291777390728681,-5.2239277682347344e-05,0.011166035538026187,-0.03648753632840346,-0.00820939967346575,-0.11584264903205072,0.007984759093700361,-0.005794642233342886,-0.003026437018575546,-0.013851355840116413,-0.029493850704135547,-0.01013680349858514,0.005654542737922734,0.0074961150999944635,-0.08352737715071247,-0.0021995130345766833,-0.002215939714531002,0.0012026312858486033,-0.0299964492185861,-0.0009393187256933614,0.008685433618165636,0.00333345820885769,0.004487661616207767,0.0053815837150172794,-0.009236291155264646,0.016769199929849203,-0.0030309621756693973,0.008643212122902847,0.016099344999722542,-0.0019667748245144174,0.029820961719438654,0.00687507155292056,0.000740518560903053,-0.0005670679673587413,-0.0069870232098341815,-0.0004191613188904141,-0.0033186689699341862,0.012888834491769313,-0.06779353280204742,0.0007120506464224292,-0.1989580269077757,0.006048302223554169,0.48573100211974146,0.005716133256148248,0.01073616288122526
04013104204,0.00021214527123501086,-0.012384072871115035,-0.05689264617363065,-0.006741080008784538,-0.008292294752726435,0.0014729431605444083,-0.012677964797632398,-0.03059834045636238,-0.05165626590442107,-0.001939657038970791,-0.011030857287966862,0.004220023404521249,-0.0019023032964657466,0.0012113748388775459,0.003259037988020172,-0.0073686146747678465,-0.00500095150357752,0.001276919132297832,-0.027833444272151148,-0.017278001923782916,-0.0016184239310218585,-0.05497373278296605,0.004857763767533055,-0.0072301268683668445,-0.1020399248217068,-0.004013289914733323,-0.004941205143125647,-0.004202204617630573,-0.013035918276309259,-0.021519996479777394,-0.00504455888435382,0.00038014050221625003,0.00319528476828439,-0.037198092060519675,0.001759938198777222,0.0009405311724037648,-0.005177477322056763,0.006154505416124356,-0.00011528992610298742,-0.009591061154647253,0.006477642432909544,-0.0023525767952212325,-0.002025549932685073,-0.025241648781535633,-0.016431449445975608,0.03185338607593618,0.00847589852722202,-0.03365987168084705,-0.011682024448479697,0.010837354354184928,0.014691751115957752,0.0077840321431926875,-0.002393268536455524,0.0044753186477454075,0.0007727599203167511,0.0014442650710460407,-0.014916701821542417,-0.09343315802907723,0.002663347387829101,-0.2496842882895725,0.0027882460164438236,-0.20449323383287227,0.006035615641203601,-0.0027939466916980173
04013104205,-0.002763621623325178,0.05211650907395641,0.028671735297508397,-0.0019793275200010283,0.004336130185461218,0.006472503053893332,-0.009590755808738152,-0.032812089978082715,-0.020663306512550394,-0.00010315001481624974,0.03575409804477389,0.004628280871406104,0.007143057984492424,-0.009985370158514365,-0.0007983837998249909,-0.001369918396435492,-0.0018213069109086016,-0.0025498145279723617,0.05154735873872279,-0.014462299774658672,-0.0008421761722544886,-0.05179825328500537,-0.004008697258903614,-0.01274101315825792,-0.1923887318109993,0.013843519858922829,0.012318955109018108,0.0019220736892553846,0.019222047631940402,-0.023845151895204843,-0.0007562637709866169,0.0017558126483258687,0.003401558180683488,-0.04213595018350983,0.0006694223505587236,0.00020886413192645144,-0.0033715274956988488,0.009223469509663886,-0.004215222869433146,-0.01317721504358631,0.02048276933502603,0.0018611262824700856,0.0008373162292652546,-0.019891259881647298,0.006351363304018646,0.00021447252322706186,0.003454821115257231,0.006802619503905679,0.04105966806017178,0.01818981691804324,-0.009554371562328048,0.008030679070690631,-0.00269360663177413,0.004681816608825122,0.000836837613110324,-0.0016846097673230886,0.006047476358914142,-0.07645583110038388,-0.005627746000323332,-0.2501710630043492,0.005833177403821003,-0.03786440482344224,0.00403750335122184,0.008536829664150564
04013104206,0.0008386310607366501,-0.0038935367177609617,-0.0899682951759931,-0.0034798921898262936,-0.0030905985576630047,0.0009489278167501714,-0.008191103576600104,-0.035426583654744846,-0.024601021086596758,0.002071306918562156,-0.010697321482203792,0.005833065181570023,0.0005019918615343124,-0.001483074986464605,-0.0018587605671390671,-0.0007591898161182722,-0.007695951955858949,0.0026318611247936807,-0.01527147969626348,-0.017300460210035073,-0.004288215361094846,-0.037272216241387476,0.0035249912137380207,-0.011339592002198152,0.0899511760361221,-0.009189203427465976,0.002166102159008163,-0.005220792714951663,-0.006019723730090282,0.02743846007258,0.005716569631133829,-0.0006226787344191494,0.0063652403623304646,-0.025719172844919817,0.001193391265111686,0.0018233736882989084,0.004959133644338313,0.0061739323046418595,0.0023982275893813694,-0.01060398566560947,0.008338776031837893,-0.0027062134177327436,-0.0049459261241312,0.00883349640607298,-0.013187687990473207,0.010865548272283665,0.004717560860141705,-0.014234246009422509,0.02581525770821355,0.040477578006351336,0.010773882608031473,-7.31176874212441e-05,0.0012230784073770594,0.005521791317889661,-0.0019965554054241375,0.0016126133181104615,-0.00858292221094007,-0.07754949615065405,0.0031058488094140744,-0.2261595743975057,0.006300797040108811,-0.17537158748181236,0.0023311975316258086,-0.002867764652419841
04013104212,-0.00010580383349198023,-0.01401608637821279,-0.04256714426699835,0.0017518898321679888,-0.005073586250056225,-0.0023070144957047776,-0.019895468210775726,-0.04337617651575186,-0.03949115789359915,0.0011205301397893405,-0.02223079373643691,0.0006713717548476456,-0.0034843819407991837,-0.010923182340825325,-0.0009599162477900239,-0.008905086830129666,-0.00796103797421005,-0.005372748544410432,-0.038469793711433636,-0.029185821378215,-0.004584289910848639,-0.06116109900241894,-0.000477850953122339,-0.013597243057044224,-0.16129741665577532,-0.013147635486467862,-0.012250112207057663,-0.008912146072085743,-0.018559464174525732,-0.04027693495233429,-0.014683987158459796,0.00016154765308681418,0.0030952660553808815,-0.0393420640032543,-0.0008245572490247695,-0.0015367491762213927,-0.0041277476101990816,0.003467570868469279,-0.006003710908960931,-0.018301130088016305,0.004140519691865732,-0.0009473221503802082,-0.0006495016833573022,0.009474099635256621,-0.019581770388274692,-0.032663163490984685,-0.001482219685787889,-0.027202143426121598,-0.01653181814839177,0.01889316923376552,-0.05128444125885662,-0.0022678206895138516,-0.0013796809108483543,0.0031078022761617343,-0.00692984624724593,-0.0016055862915333328,-0.010175183076253686,-0.09178901014750375,-0.015364752307103643,-0.3000470000696915,0.0020898768938653876,-0.24311164540249067,0.0009890879870055524,-0.005339105442601805
04013103611,-0.003083096374521172,-0.011048016364975712,0.040277441320102914,0.0014423947142733064,-0.001428129332876834,0.0014683391678126964,-0.009643837987058465,0.07313621919340188,-0.044106089617009174,0.000594768057207105,-0.019092166857757994,-0.0023141196198320116,-0.009241405220922304,-0.006902220612950717,0.001323332994910613,0.0012369635952226132,-0.005913229116226843,-0.005587042258945581,0.011627633101208009,0.04777595751920501,-0.006531569775745053,-0.006118717448369868,0.0005597969552143407,-0.012629807071969774,0.08960503905827955,0.0030825780629586343,-0.010595865472711005,-0.004854983021481999,-0.021400962818911608,-0.03632729184844188,-0.01901763379446947,-0.003201404143280214,-0.0018530004720336492,0.03853409798490897,0.000481589609807862,0.0023391582115803063,-0.0012893555427391722,0.00733002112345986,-0.00021068550901180708,-0.01010226230204273,-0.003458639139917917,-0.005623991789480754,0.005290073876662973,-0.011895428303947637,-0.0395200341350811,-0.0049994908559679915,-0.011625159934767254,0.11572566306611613,-0.0007174055758394052,0.022877253145604362,-0.0004309464069251314,0.002046652241126458,-0.0032116284820888326,-0.003948039515431836,-0.007105025269781498,-0.002102501857067426,-0.004964098016517265,-0.1147841693479675,-0.0015955559747790919,-0.19997511746158186,-0.004383640349396553,-0.019403070849786513,0.004735049130119717,-0.004859895395676098
04013103612,-0.009648017448189963,-0.007272510066628682,-0.002860231738279347,-0.002619751713217013,0.002146022571718601,0.0013202899987979676,-0.006540137991442471,-0.0039101169226577704,0.01807432913528881,0.0037741294573238942,-0.013997230311932316,0.003759027006041681,-0.001451337689477421,-0.0032865477067784495,-0.003425240548057063,-0.006337827395482558,-0.010270120023919157,0.0008554033878986919,-0.04862921898473091,0.011635420178285994,0.01113117426684918,0.08747280926606305,0.0030916149411711643,-0.0035997393390266572,0.04265848673637093,-0.0040891532755161185,0.0058467009231306455,-0.0058805278817599905,0.027185285531086224,-0.05891106377628966,-0.016737554038823547,0.004281970181098838,0.003095163853988912,-0.012933559317708869,-0.0002701724032253772,-0.0014933778928893854,-0.005790346119885908,-0.000666935662859548,-0.004664264350121933,-0.015710387005526738,0.002627668937309131,0.005238785460679613,0.007185722125810202,-0.018841025145101796,0.006260931488855794,-0.006565604143182112,-0.001483160482370752,0.048332925878325925,-0.003687835179977707,0.002848219380935313,0.0052819629710430215,-0.00032151378241035476,-0.008967503105297236,-1.5521959030319598e-05,-0.005324235003467154,-0.007303200966721141,-0.00017673849788614357,0.21928630607778546,0.0019197868343796586,0.18448834742776477,0.004749462553255251,-0.08193632432012803,0.0007973447763225131,-0.0015023025161456263
04013103614,0.000784303682998868,-0.011573788142499179,0.045514817553737125,-0.007375715649567645,-0.016079918974494643,0.001899747437629901,-0.0042207757950292035,-0.015171295437317772,-0.030981079023331325,0.0022699721989752632,-0.016283567542426543,0.001464593441259062,-0.007857940780422387,-0.0020965975619821617,0.0003798220962803762,0.0026103409965245383,-0.007209143206753474,-0.005949292233772031,0.01127275758740062,-0.023163172773909304,-0.004371806253976358,-0.008535060942147467,0.0018846210524298666,-0.011987419146595882,0.09437192353996622,-0.004721666130991996,-0.009422922688212635,-0.0020108640282119256,-0.005559738256153392,-0.027808742931638937,-0.007205665373501535,-0.005614070900727334,-0.0022782252226641896,-0.03130767125579602,0.00017693906867085726,0.0016623058020735816,-0.0041114267029924954,0.004932717836212469,-0.0006599180994410552,-0.010748016540599425,-0.0019078345901181377,-0.0067346836012995145,0.005843751326089364,0.03188131941849523,-0.019955857360303166,-0.007770966186037569,-0.008106492718901985,0.12689778483785236,-0.012753069398614232,0.027978351888096376,0.007143805342552639,-0.003170589720841258,0.004695376345862274,-0.001950668396843198,-0.0039774872867836064,-0.000630745861594361,-0.006792224252152107,-0.07979554934245797,0.002260085863462612,-0.23733822067864932,0.0016354779756317652,-0.05533080030889415,0.0034767542348950716,-0.003965882132774935
04013103615,0.008554077235849923,-0.00420735347715148,0.05171255895624002,0.011639609734176038,0.00725764066374806,0.004685992739190435,-0.0030413533719884393,0.07801990358001208,-0.0441999324566617,0.003507892227596024,0.04381593011042823,0.010623717307111159,-0.0018710488799023894,-0.003936931375613721,0.0029146682593847034,0.003487064868467972,-0.008605204930901377,-0.004737772830437014,0.056378737725187915,0.04885285975128453,0.00021763295592719682,-0.07392923696581381,-0.004638727339000619,-0.00606588719286831,0.18168841442676445,0.016309204397376525,-0.0040752122585364595,0.0017302529227777952,-0.010058070863069823,-0.024337447670487802,-0.022545475849383413,0.012177734661282644,-0.003052847055548033,0.07130699024067795,-0.00037185741658278017,-0.0014069302151497461,0.0009120078266429224,0.009206596529549393,-0.0004147234132795978,0.005207690339220519,0.0003722577191401906,0.008978499202371606,-0.0031863665896248393,-0.012187023547459186,-0.020079845710626935,0.0008714521493829676,0.01293697128436855,0.16795229790978786,0.00043074458183473924,0.028100461685897294,0.005601010612407478,0.001421252296101897,-0.00684014595698148,0.0028870952505544107,0.006790402641646019,0.0015305274054697921,0.007321296765486834,-0.10451149536150689,0.00184099523047153,-0.234550122827198,-0.004024812845271259,0.004300039246159089,0.014052733715719258,0.0019569296544385507
04013103900,-0.008842797940923294,-0.01606418244391114,-0.10618801957865996,-0.024280883430230844,-0.0030187943351114737,-0.006108588768106287,-0.02030036198178123,-0.038755205743003424,-0.02579670261569887,0.0009486149022131091,-0.021166913207496283,0.004488585662522152,-0.005745542808191178,-0.015096243275005023,-0.002419539044210832,-0.005039280269245644,-0.015675942421602227,-0.006091829518409426,-0.038108212788477744,-0.03550181296448299,0.004313749945891277,-0.06832684032443523,-0.003307679527872699,-0.013811434965219093,-0.06320411933969189,-0.009844751625767065,-0.0014427308589700753,-0.006208551713057871,-0.0074720395645517315,-0.02752478540398887,-0.014744822434333126,-0.004062357952647858,-0.008829579675078646,-0.007033785352484649,-0.004576522725080619,-0.0019843185205215006,-0.007496891937412454,-0.007059583659606362,-0.0029553493362411607,-0.029653826951817605,-0.004797957469424737,-0.004803813336221355,0.003355017806720412,-0.0025849182062288576,-0.04566857966453485,-0.029553850895717527,-0.005149402968371402,-0.05528374754457575,-0.013341520496741768,-0.007831099672086988,-0.0021601855337113024,-0.0055413460004543865,-0.014278752845115957,-0.006533758538202007,0.001404478199409968,-0.0029290311296460794,-0.006932253693421733,-0.12762086760164376,-0.011223521874437908,-0.22143169354237743,0.0005457493928590295,-0.18423458811970567,0.0020327751423470735,-0.00402340495130049
04013103609,0.002393542073424271,-0.012965353100879377,-0.05519071778618635,-0.004691610623798981,0.0021761697384235414,-0.0021057787555366575,-0.005348210524568706,0.04238324801439586,-0.04510210628796481,-0.008931873078142435,-0.00807281127968935,-0.035904509470298406,-0.0034047690861500213,-0.005976393777841902,-0.0044766241861949226,0.007268746047081277,0.00961998417466867,-0.0052820283759548205,-0.07194781158988633,0.00455460430495578,-0.011733765822911461,0.07732165754784837,-0.0035611316001666216,-0.013583461966085758,0.01661774484333829,0.006405292198026891,-0.01273810869231414,-0.010391334199301628,0.00789801344131075,0.03412277506297711,-0.03784261431711428,-0.007211308961842621,-0.02390392247174467,0.030459667162621912,0.0007157228982810163,-0.004614274464509552,-0.006871349106319811,-0.0009353469929498157,-0.0035337094564726794,-0.020320828028716806,-0.009948179724028684,0.007544426432070624,0.0038703569138131668,-0.05104255821796697,-0.0038342525120423783,-0.007765814622244049,-0.0011112464237264274,-0.004120530844437243,0.008947932528893593,0.0008075275551205525,0.002457627132394665,0.00172458679782976,-0.002417588176416909,-0.00846317128322348,-0.0033700165526641093,-0.0005349442110596449,0.0018434285438651274,-0.20261852981946174,-0.011710508724954964,0.4740718106678523,-0.0018806428257991522,-0.11467252014115904,0.0048139702506995894,0.00030623379220282997
04013104100,-0.002220785562023175,-0.012007491402354879,-0.07091289255772447,-0.011864547961193853,-0.006827481358907784,-0.004425232104232885,-0.018625397241657238,-0.037820126295370744,-0.07765886521979927,0.001802915921417346,-0.02120542791198376,0.002942165759728536,-0.0021592768908503634,-0.0033606774928228284,-0.0016984915782666454,-0.006774272544722542,-0.010421942844009373,0.0003202125536448742,-0.038386873632003916,-0.03138806195966739,-0.003333672740228348,-0.06522311382059137,0.003055019250403082,-0.012930994984165672,-0.19243034934649178,-0.00855509973571635,0.0014779831393354266,-0.005420422453467174,-0.013725506554571732,-0.02273040088346661,-0.008388006710726117,-0.0017324272238434133,0.002763516305906701,-0.03742255161349693,-0.000998379300120225,-0.0008939258569355238,-0.001757855494916682,0.001437945719153979,-0.0021853661798705874,-0.018655366853485823,0.006105796249446028,-0.002884094619493483,0.003590150511864684,0.009504980774236478,-0.019289140590165482,-0.03404660305777706,0.0005683740402494524,-0.046112962285586166,0.035971272125329586,0.016931377198168476,-0.08160224208475957,-0.0053006849191286785,-0.004779439543744381,-0.001781991647960112,-0.003009631831790216,-0.00023482836375993135,-0.012177289030857213,-0.10042567933112104,-0.009505179741505302,-0.30248666437263966,0.001957647742274483,-0.25215842853731213,-0.004548956653891119,-0.006033442459599833
04013103502,-0.002028487911730065,-0.011736172056086505,0.04876094169027197,-0.010400836968356537,-0.022137245310217442,2.755202960665071e-05,-0.0105819234630491,0.00681785948926081,-0.08276511564389837,0.0022259245524450305,-0.023271140672259966,0.0028171751749502517,-0.012681254782659607,-0.0036588343128912365,-0.0005250641053126037,-0.004244296955651691,-0.008036326885608068,-0.011976628708266523,-0.026096089570856417,0.010560701210162423,-0.009044402945102609,-0.06304807121772675,-0.003478005730713674,-0.0158118342239496,0.08189754236472946,-0.001459996913945561,-0.01957895146562215,-0.009801851117036872,-0.017502156096993668,-0.03885453567221658,-0.015137880837591076,-0.010699237799211333,-0.012828738728943726,0.03411592576173813,-0.00011870866828204947,-0.013013460066829142,-0.00439781008603137,-0.005602657330249584,-0.0008664881824049848,-0.008717666230522409,-0.0006284505843940749,0.0008783025804352409,-0.002621282236788817,0.002799284865395277,-0.03527424208540164,-0.014656350662536176,-0.007636895927025032,0.01642743137211086,-0.009132909686334902,0.004112072143802337,0.0010045119254188041,-0.006751156680304527,-0.004454376747314609,-0.00020050088677020677,-0.012510196433083017,-0.0030028620416361704,-0.0070343964446745125,-0.11035266540854646,-0.0002978938454164208,-0.26758711723848894,-0.009483264567961357,-0.22238033821033645,-0.001014264965858889,-0.005329157121266634
04013103604,-0.0110410646379714,-0.005892945151794119,0.01702728694130145,-0.016953351964195028,0.003433622622884419,-0.00029566139477694487,0.008574283947806235,-0.03977215430591454,0.0018296651219621356,0.0005917921591731616,-0.002540867056209285,0.0018756147752020732,-0.004682147315026763,-0.008839074637184018,-0.00023876044353062181,-0.004996489393124659,-0.005889663997291358,9.635186955317824e-05,0.00915671147886665,-0.05254738907881929,0.0040702290572481965,0.07933540076150358,-0.0102212651751795,-0.004891699738400834,-0.17985412075949722,0.0015094674666463912,0.0028149968712660213,-0.0035071885833036706,0.008099906506672269,-0.043428935700175995,-0.015711380024758498,-0.008168188871021834,-0.005874863394755386,-0.07124594026903565,0.00017850696484510782,-0.005030978310199941,-0.005646307706058042,-0.028541762008660047,-0.008065031892089224,0.002143193467305968,-0.00352023688904795,0.0017007144686237016,0.0029057505475199347,-0.018499021362785233,0.03243806439639574,-0.009316424171459503,-0.00821625401103877,-0.01903923852346253,-0.016079767547494392,0.009115186807579315,0.004649188661191866,-0.004808036237367945,-0.00396190647926675,0.0013251811330284196,-0.005032196736969895,0.00048415193590565733,0.0051027129339808065,-0.10716428267386624,-0.007063862019134585,-0.2032434266984227,-0.0014001745352927272,0.028551921550590203,0.00459671895935178,-0.0009476887565572249
04013103501,-0.008169510621704998,-0.01116616655615784,0.04127608112269639,-0.010340971039337593,-0.004458354768600852,-0.001355651424762994,-0.013491697082293875,-0.032088948823885945,-0.028275981688585108,0.0027573557727075815,-0.018042423054844037,-0.008830604910218386,-0.010289906718264604,-0.0022518985900561355,0.0013126333147974486,-0.006070747768019826,-0.0023996133470281676,-0.00019467066333555755,-0.03077528333077757,-0.0241265685740036,0.00288474694925419,-0.02383326388887997,0.004351129238725201,-0.013162200869360237,-0.0452398710618603,-0.005513837052523082,-0.005640033644713669,-0.0052895308146869635,0.020204205657697483,-0.040927051057032524,-0.007289125119612777,-0.004708541706276051,-0.010445437903063038,-0.04603797798389179,0.0007527721033328232,2.3316591121696817e-05,-0.006963480843441868,0.0034617091199426074,0.001122606279399969,-0.018791359524394025,-0.0015733445791123934,-0.007016616354569066,0.0035623349154274885,0.005309874959997533,-0.021181342478741882,0.012686087834511955,-0.004659033284006272,-0.021886238329606476,-0.02053188698519822,0.008498713500566791,0.008085573617495786,-0.0036748118355075738,-0.003353527251113613,-0.0006044318941659196,-0.0008900759638461662,0.0007291452045916416,0.00289577434935124,-0.10401066252357284,-0.00018440500658803367,-0.25035503991273994,0.0038023128103664137,-0.09934676054448885,0.000762994697910492,-0.007256498715238549
04013103605,-0.006462853503824908,-0.01153786477326942,0.053487220292075484,0.0006519708911852896,0.006259383131475546,-0.0008542307360735852,-0.009446035243180603,0.06986879988062063,-0.025670929801099533,-0.005339132525242703,0.015907660495990777,0.008176485082141388,-0.0015635661388492376,-0.004047897819670428,0.002667812741785503,0.002604043499251105,-0.009402751804765568,-0.0007534680735044315,-0.019951712644083595,0.02158361146454998,0.0037632545328953005,0.06795851763259735,0.012593387925779421,-0.008366672069334695,0.04569655314258573,0.008977744362290986,0.01636658641072188,-0.007312788433810739,0.005300070982753234,-0.024433419224623353,-0.0016170868756235418,-0.005880000902125921,0.006047736426453894,0.05200625818039263,-0.00013429864053024794,-0.003573599094492456,-0.002013104383368377,0.007088281035503495,9.609733086996473e-05,-0.016086185228058485,0.0005794961216164811,0.010223794429815494,0.002949312636371895,0.04097586809321845,-0.0298722269909331,-0.004954186096898208,0.002476602992220565,0.10067497546829376,-0.009863714526763727,0.017932545536814833,0.006302457446855636,-0.008916695537974625,-0.0011490424166532255,-0.009358609911705788,-0.0030818251428244695,0.002702415046019847,0.000927804588512887,-0.12875012528727323,-0.0023751022225458446,0.22148196136317783,-0.0029185092549462977,-0.013793300843087223,0.003944780629167399,-0.0007763135450482822
04013612500,-0.009634743093840822,-0.007081316044191923,0.021706842165646608,-0.005785701695994358,-0.01792534142890518,0.004721867220035216,0.02029057869885893,0.004897120136503552,-0.039895578123487055,0.00018960780660495771,-0.017550080281745845,-0.03645548729388339,-0.003329183770688677,-0.022842627933896676,-0.007549114872037023,0.0018029750847999245,0.0006178086526775724,-0.00016628585667186077,-0.01310783327930699,-0.032079986197335646,-0.0033167216890858057,0.04241713508016391,0.008019652038533354,-0.01293555708831048,-0.13282909929405395,0.00415712938962025,0.0029340576020828223,-0.0037631892286193376,0.014615809614956218,-0.01878038542870511,-0.008726997783847489,-0.004124971016946467,-0.004698295876572355,-0.04880633508637511,-0.002492472709031212,0.0021240657158923698,-0.00035323203857504277,0.004131856418456782,-0.0023608099717475797,-0.012603207399745193,-0.06463038962178602,-0.0025531064950654225,-0.00027108602259414766,-0.014300324962062993,0.015007738539990488,0.005539272491670564,0.014226871927159487,-0.3632112456843158,-0.02251544694505951,-0.4407945562780673,-0.02287525430227283,-0.0023053465186330885,-0.000810828994860094,-0.0006589854031541904,-0.001120341992317751,-0.0017081619344191917,0.00513020435212517,-0.13815915404524032,-0.012406971205131966,-0.3660247496346846,0.0008498438835482263,-0.15434116274614815,-0.058344939580247446,0.00416905319166977
04013618900,-0.005819791530460441,-0.015128054652813604,-0.05458432572683021,-0.006635343223614054,-0.0016154623419892117,-0.0007077713254757755,-0.011629622938245559,-0.05316801126869968,0.010079094528768857,-0.0014764767771881092,-0.015092745079091174,0.003410718411325228,-0.003479159733360528,-0.00570048995152162,3.833254083263325e-05,-0.005975467438870301,-0.014932646978827874,0.00107124001271474,-0.011702491722543814,-0.019197496858866642,-0.0012937564717254337,0.040740409418486674,0.0022495271981944768,-0.006439611010001071,0.06778940921214491,-0.004918707652341191,-0.0020865776191272196,-0.0030399206813531694,0.004988334620482977,-0.03690887101067637,-0.006971814492421214,-0.0024355388300563185,-0.0006184834212558574,-0.08717658229505273,-0.002578737653898837,0.0014481631944310755,-0.0006610188151838476,0.005018319221539002,-0.005636935994247473,-0.011691145266928629,-0.0027076600492366852,-0.00833437033008588,0.010842009071660158,-0.01209151491764873,-0.0020709327117921267,-0.0025267560454370524,-0.0060003885466304785,0.010869834139956916,-0.006829194714057322,0.00960405888018405,0.012565144658230986,-0.004025844617416719,-0.007639934147884231,-0.0049264693927264435,-0.003918232218881325,-0.0032494706364653765,-0.0034404158585931654,0.1647176841170303,-0.0020570561735745053,-0.21289132609576353,0.0014409843495114872,-0.14331896293887178,-0.0008651327525943682,-0.00021499382575067787
04013103606,-0.003965544037431075,-0.01817774271446949,-0.11029339670187478,-0.014895578012651603,-0.006915931149010392,-0.0028182054118640882,-0.01921242278029115,-0.0383308691028449,-0.07458475370905926,0.00044916244049209193,-0.01989041973780251,0.0019941577054694666,-0.009950903527836804,-0.0031033909657405697,7.330319372644237e-05,-0.006249613879919465,-0.00657867618042475,-0.008351073262395158,-0.02649137601548211,-0.02702188490322265,0.003045194791440826,0.037117492837547346,0.0016742371400822373,-0.013526991139685257,0.026477962211500904,-0.010881813863852773,-0.009408605532421779,-0.007168153062561415,-0.01412010476592443,-0.03522395215123065,-0.013369003023205898,0.00039269119823533524,-0.0022358947003523234,-0.05956231630548491,0.001352158762390759,-0.0029889060618004675,0.0027965985327802873,-0.00488329098989256,-0.006633003831117834,-0.02798112532238552,0.0010114052353466683,-0.009624401364163317,0.009686442367391846,-0.011816536868020507,-0.023310238997995107,0.010323437179105839,-0.003865376354167311,-0.02631874942327302,-0.016953657766322582,0.006747469059769484,0.005393026798448946,-0.00255235253691969,0.0011196723263974598,-0.0065746955937480535,-0.004240412666699797,1.996211735006407e-05,-0.0074639885622793875,-0.10131453549771667,0.006210313740882857,-0.26755527264073614,0.0001721466200056802,-0.235178698077455,0.0016693734888201942,-0.005572958165462982
04013103607,-0.003090220488594354,-0.011384331687581663,0.05185346078789385,-0.006543835501588826,-0.002852404765648908,0.0022270938830800426,-0.007118217387915172,-0.0006682155024026994,-0.03407996507590637,-0.00022473535908250358,-0.011752403576857922,0.0022044529724385108,-0.0063762900436963085,-0.003996170702097386,-0.0014693243582149795,0.001226434183194986,-0.009764785875649022,-0.007386001891259584,-0.027427182903900994,0.03119258423483989,0.00961834276369379,0.02095617181817555,0.009297746297370454,-0.011118362930871189,0.08899159844635655,-0.00695460160126813,-0.009659060257338871,-0.005307180447161977,-0.0056622761833038954,-0.029092858103329768,-0.0008308960496341838,0.002831487364184578,-0.003806663869013223,-0.04355169354859389,-0.00019991488127469348,-0.0014312521335744103,-0.003603830227878481,0.001783953061409967,-0.0006415536842197446,-0.009872092437618872,-0.0043043890572783995,-0.005604418092990914,0.0043025176771462,0.029028450980430484,-0.0180861615540906,-0.0045175999016380305,-0.009291320051666212,0.10010620425133293,-0.013089661973227052,0.01918590033118216,0.0028821894765790903,-0.003037734646812181,-0.004253223348065129,-0.004121707931506317,-0.002834478569546362,-0.002122693223154277,-0.007707663977289674,-0.08312785619050321,-0.00595332595710093,-0.18321663609895286,0.0017304364117470103,-0.14204512343524625,0.006923479233447928,-0.004223036984807593
04013116721,0.013980113837766548,-0.0021895877857859526,0.04663726608959582,0.004524254167422725,0.0001957039371533039,0.014072353861456357,0.007711912641859736,0.08139214116833818,0.022337604032916274,0.00825848725240764,0.005288340615703291,-0.0016317127787401297,0.030122943807752767,-0.00526649949151804,0.000689620479338826,-0.0014724069993543544,-0.002889934437790253,-0.004949231935808125,0.0054852296870787276,0.03729872070534588,0.02169212820253241,0.010249404774656893,0.017266987170045895,0.0023869835794685444,0.10002384998641997,0.013504457625693203,-0.005831457318127062,-0.0008066288030088245,-0.004423398463226061,-0.024851571454264584,-0.02170156952166099,0.027731664302267863,-0.002331078502037916,0.048833558087906466,0.0009326835025073332,0.0032830121050848185,0.002170602507971252,0.03582937002516795,0.011721108313127967,-0.00575988722703336,-0.0013221945286212284,-0.002153497085868538,-0.0002923331115317483,-0.010921436167195006,-0.026526297038187235,0.023296836529973684,0.021527458497449865,0.027236299300999897,0.006999574928612427,0.033827027863320064,0.003246590502001331,0.000363620333116163,-0.0007399608600526454,-0.0012531606432945206,0.003238380153767337,-0.001632226246654154,0.00021979059347754194,-0.0737336377964097,-0.0003689962314050358,-0.12771783189605523,0.0007999954610704791,0.5533801627023077,0.0080891275290526,-0.000895299360643915
04013116725,0.007077635104986297,-0.001951171015175422,0.0496741428983034,-0.0024788958894881685,-0.0012124130140382426,0.006747216174112268,-0.009975705856246958,0.09086790032520946,0.015686017930719547,0.00799939145672115,-0.002370815298546214,-0.0027042163265180367,0.025378615873822407,-0.005187810824362746,0.0007085672264966388,0.00012652426218311632,0.0053970398112165715,-0.002573277735584249,0.012438583857163588,0.022069768004810836,0.010474463581066561,0.14011897292713335,0.004055249814857558,-0.008720890481451525,0.022736258412250455,0.012399395727361753,0.011937909448438352,-0.0004558851456175916,0.033680429315022326,0.007431851315479835,0.01192310963263875,0.010395024834093658,6.393728925603527e-05,0.09234934282168691,-0.0015503855077804436,-0.004810307159958736,-0.0029513861375487322,0.01562624016062691,0.007958244131928718,-0.005803612889134658,-0.0001549155776496537,0.00010399574909992651,0.0006414960592701801,-0.01518735756032627,-0.027736421927064714,0.0006953174574421684,0.016371511206948255,0.07950338039057132,0.0002930455605393958,0.028999744889844407,0.00697659830198874,-0.001383721484555854,-0.0005768073407120576,0.0005991342108757366,-0.0017584227743434946,-0.0002113525938134089,0.0034429847837729776,-0.06951138851870316,-0.0013928238157894146,-0.10918653009449246,0.007091262317512343,0.4998713334190901,0.00745582128296937,0.005295619359263782
04013116727,0.012751810856736807,-0.003815393077720464,0.03474317943159857,-0.0010025224499697494,-0.009476203554941914,0.003711381161514923,-0.005133730859847489,0.06852729852732711,-0.026356938639630297,0.004556608409905226,0.00443522049333432,-0.011171084898474569,0.01649397923603676,-0.007717143715623992,-0.004432402194084613,-0.0021195498493900354,-0.0029310119184727985,-0.0025213792900882427,0.03392428364122952,0.022141287215702757,-0.003922271221832343,-0.11320341641487194,-0.031847927083798036,-0.01394107188830396,0.017908532876319955,0.011851972170080072,-0.008966112847894656,0.00054009532300902,-0.010133473099979301,-0.026767532534896936,-0.022163245797884916,0.015166690644288005,-0.003406343025837024,0.07003603847258896,-0.0027306544025984415,-0.0009488615327028004,-0.004590479793403822,0.023027805733015428,-0.00045660273175753127,0.00352790557876666,-0.0020649161285873725,0.0026667390497492134,-0.02215148578715257,-0.016865139401323195,-0.02742458006172851,-0.007018599320631367,0.008557028891450134,0.040285444368743574,-0.005808781618921274,0.023041725999572632,0.007639632236698771,-0.0017799212611782115,-0.006702484543110408,-0.005437619170120201,-0.0030561545930395035,-0.0016071042201124604,0.0017825504441948187,-0.09161196454071001,-0.0011027480549496772,-0.20602365455191682,0.003153055110973628,0.42974821689617965,0.00443368679747949,-0.0024482328615644407
04013116728,0.011908475097810836,-0.0037983229147649593,0.034807668524588366,0.011408059353416818,0.0026754545402431947,0.0035928692905751584,-0.005832278236446927,0.08332538073651945,-0.007594745256277637,0.006780378016462907,0.002087144387704585,0.008172280831584635,0.01646031235276909,-0.004464795816880594,0.0020028910653071812,-0.001191477360446191,-0.008763298430896673,-6.464819620989516e-05,0.027953267171675737,0.04680915700155558,-0.006006250794538062,-0.09071009099726647,-0.02836272185010515,0.005058301308172976,0.09273917626744563,0.00282529457807416,-0.004253601814608627,-0.002057718400706333,-0.00871093342591656,-0.025588192965999453,-0.02350026839219501,0.012251176949936155,-0.004480372405327336,0.08491860310173655,-0.0007564535932151462,0.005809382496681546,-0.0026853095414254217,0.029011291731955827,0.004273849181157213,-0.0006891408830918248,-0.001072001595019236,0.011978572933992983,-0.004079458205297906,-0.011760101466298337,-0.02815545232504972,-0.007872838286788216,0.02061781450840193,0.10892732054955012,0.0030187775929675087,0.028238681841594858,0.004991889216769526,-0.0013056215371413918,-0.004734682669983346,0.0009675035680791564,0.0008644088901248477,-0.00044408703149350585,-0.00039803820683624017,-0.07552237348812214,0.0009717894320385336,-0.1892268134829969,0.002216464952895943,0.47550303545046774,0.006877905199625738,-0.0035602520893028822
04013616600,-0.004679045709005449,-0.015408228121627685,-0.10423117912141931,-0.0228110737008195,-0.02034318298759797,-0.003164351648328221,-0.02265404747415145,-0.036331901541321626,-0.07713507422821939,0.00030350881202377024,-0.01593191227515848,0.001992765268941708,-0.0038505814036665777,-0.008123690417128205,-0.00631020620705099,-0.00489088492669216,-0.011940491915988661,-0.0003672539538401251,-0.03718635739338915,-0.027992197578121814,-0.007736554148784005,-0.05692535071992569,0.0005828004390294499,-0.018648498963933797,0.019264511032523825,-0.011368468826405805,-0.009485251424017082,-0.00842630888510854,-0.017252577659057456,-0.03540881098546825,-0.012763213402080255,-0.0007295453422414682,-0.005687924365306539,-0.06305885015446247,0.0005823929393966313,-0.003774478621113021,-0.0001358992104604553,-0.008608029307906023,-0.004858392875791488,-0.025069259511640008,0.0003686932725067355,-0.01074581214567073,-0.0019861645909267167,-0.029293945604504507,-0.031614814987102904,-0.007896252795435875,-0.003401755913979593,-0.038292933692817895,-0.01675645548345674,-0.0051647319588546455,0.0028200538099846456,-0.0017062294681353112,-0.0008078429661849177,0.004538246552479676,-0.006923343273291838,0.00039286704034672084,-0.006462297839493537,-0.1034247821792026,0.0027235956684550943,-0.26287344584861105,-0.0028118216017256146,-0.22981534291659844,-4.0437073105278185e-05,-0.00405921198717384
04013104600,0.002336362643543847,-0.008316696770760442,0.052927367968041344,0.0011180907192110876,0.0004392997274063907,0.003396125181537715,-0.0076087919554611505,0.058296160826544915,-0.04130396042220638,0.006375436041955379,-0.009015498042060631,0.008768824537988816,-0.005278466201916618,-0.0012804209026483577,-0.002436409958364711,-0.003980216957691826,-0.0018625100038270016,-0.004760880550492516,0.014904061981642529,0.0331051086309403,-0.0029005402269035615,-0.06308554119472462,-0.004316438902223303,-0.008733233045754027,0.08542466221049853,0.010118594254277458,-0.012429048268144822,0.0066305889262829815,-0.011934593746071203,0.06513720701414528,-0.016549819929930463,-0.0029483934262294984,-0.00016155181885532408,0.0550778027147398,0.0011479640481286881,0.005812624335102188,-0.000457265812111881,0.003805913848060476,-0.0012026995220391203,-0.005288284371482741,0.0015214622164106168,0.008644926417407236,0.001883671389978977,0.0035042689031745773,-0.030549949638545938,0.004126810990839536,-0.004596582825990653,0.16010701533155242,-0.006924444194706741,0.03420452514040558,0.005748507340879527,0.0003365619093974559,-0.001518772861878837,0.002483607768850758,-0.0025155893170789798,-0.00038883374618040733,0.00368270523534031,-0.10072899631633957,0.0025894791825913015,-0.22777941175785696,-0.00409933571571467,-0.03522864466009449,0.0020686360487501116,0.0040473127314852924
04013082204,0.014284129431372066,0.003371263682653857,0.06104823981616042,0.016299581862060965,0.009509397776974089,0.000270365576349461,0.02681510351360757,0.13269182681465047,0.03472612371298137,0.006922800205739376,0.0026175916523615084,0.017164165701991394,0.004036836945630519,0.04975364556598078,0.030877255057806374,-0.0009128791576495208,0.06174061788579402,0.025031046417171434,0.07603077877698203,0.009820296038276785,0.006355941212163081,0.14052762040328076,0.03318894434899897,-0.008029844742844454,0.1766489246048441,0.016074535622287354,0.008134196384238544,0.004957506545424328,0.005185283494733186,0.17745954517086532,0.22336427503865836,-0.0004599846047139498,0.003357453815253524,0.08674022153731753,-0.0016956271381321868,0.013287489917465459,0.004531618818705381,-0.006512008112205356,0.0003472413324749677,0.02110509119078677,0.002989349138783831,0.019341391745340438,0.005842177889102277,-0.010514567564546991,0.08201024857503228,-0.0001557526884941428,0.005686051432404492,0.00413335130104014,0.0012866756430444514,0.030681181324845784,0.008844403459801715,0.010131325573986912,0.003128290561690962,-0.0016795071157857584,0.015626963641988584,0.01197531708349786,0.006101541914278777,-0.0658642028386004,-0.004536812293822845,0.8145224210770547,0.003958734093591466,0.3596769339055607,0.01447598566747147,0.0053814955738562004
04013616400,-0.005136913664533652,-0.0021901628464006855,0.028144485252708656,0.0029127789667475596,0.004408165452080994,0.003150276752719313,-0.0165773526896119,-0.035183555172345074,-0.06197652739016787,-0.001064570500707077,0.0107386310173551,0.0033760170565939438,-0.0028540611889029087,-0.00072010256817576,-0.003222722348842066,-0.00011931215450287611,-0.003906165703993034,-0.0021616672961077728,0.035336361753063025,-0.025388963405499544,-0.002270389381622358,-0.08536322429852666,-0.002170458149904403,-0.01764838863645557,-0.2480347745027447,0.011339853127561295,0.002080974847320793,-0.00038130988531277874,-0.014302464904236513,-0.019622227969472317,-0.01097939010102346,-0.0013111572962892218,-0.004748680705324143,-0.023413359443011202,-0.003306888939685278,-0.000979717657368619,-0.002468898792766211,0.006996702068294097,-0.00328318015886846,-0.015933188521856437,0.013412534693555845,-0.0005687937789796186,0.003761473473616797,-0.028698852265004026,-0.014031556734345894,-0.02067862348153603,0.003480919735655316,-0.04003084822582774,-0.013303548354375612,0.027673876720798858,-0.05528584482036063,-0.008135312044725588,-0.0004494402189321819,0.0006481423933376589,-0.005165077377045293,-0.0024948047289171417,0.006326611797649563,-0.09436859832798583,0.00341508153247159,-0.29347102818851933,-0.009106098218089297,-0.07552920323043918,-0.0006696400090851213,0.0026386379647250317
04013103216,0.004411513947718018,-0.002781875230049138,-0.09450951122816706,-0.013974287419185221,-0.0032376558445733135,0.0015701213387594268,-0.007478420942331765,-0.0055709693601918115,0.027509902664592245,0.001816438268607355,-0.01421697202343344,0.0063834983489106725,-0.0020593436500787737,-0.010002023661157308,-0.0013868908380052088,0.0022018002404550663,-0.00593591519539735,0.0001496734588351656,-0.021907400478740253,-0.019261570695382972,0.004912503190116172,0.12250503942645895,0.005771969809903378,-0.008348133247025559,0.06508997142790153,-0.00705375138300841,-0.01001235327091388,-0.006321524971766818,-0.004725677492002368,-0.026748412489939682,0.010845702998276769,0.0035912896380411725,0.000879185193993911,-0.04838103164052747,-4.9715151017017834e-05,0.0016648206799292518,-0.0034861913258184985,-0.0003263631539639996,-0.0030717353862156384,-0.018306086338448567,0.0006348566867635966,0.0023993328132432164,-0.0018958672400659017,0.003861346370849988,0.0004636925088525303,-0.002011873078074421,-0.0022128457838770112,0.08998816646016208,-0.005653831729017512,0.01578723136388189,0.007948757672130819,-0.00159747783450157,-0.003405917756665523,-0.0020378110202183028,-0.003466304849808426,-0.0012721721649195787,0.0010055593832013856,0.017666069376290047,-0.0016797708974825888,-0.16385606819386295,0.0017090515533165433,-0.18082132511594048,0.004775049761786571,-0.002129260462180311
04013103217,-0.005731542952083975,-0.004446950911140714,-0.056971636849257414,0.0009461619294452926,0.008291177555858079,0.0011567300070702577,0.017900139892624456,-0.016643408728207076,0.03508560856556949,0.0009655994151395935,0.00141459863761053,0.007979377824383644,0.0005484192393148942,-0.00524094694272761,0.003153198171558635,-0.0022248549085917987,-0.0013447208738601164,-0.0036243835012838435,-0.04274427780504655,0.012553715325460839,0.02603813328386979,0.10926221456801348,0.014156627773578833,-0.01179016740225128,0.06742121718958842,-0.005329285600547876,-0.01255961745968685,-0.0031294383802142646,0.0007419005458092103,-0.03219497984936002,-0.003916760383757621,0.010313972763471693,0.006561697631238922,-0.044240498770639396,7.718100546291832e-05,-0.002622989777070722,-0.00011028394043082535,0.005478726237835003,0.005851701886846652,0.022557107813560236,0.0003188750420007437,-0.0034034775535312567,0.0165411967709896,0.007362163289442754,0.005903042542017268,0.005955996048173647,4.724964959426346e-05,0.057441345540404004,-0.0028783221361286253,0.010696562578583917,0.0002511300959127469,0.001900324319639063,-0.0028006194471190586,0.002584983113077301,0.001666440085709037,-0.0006297440909082164,0.0007714357710700577,0.013502074397944189,-0.0006610898248580097,0.15054488466816296,0.0033158962595292224,-0.1470615840692686,0.009998854369596397,2.52881219623625e-05
04013616700,-0.0010012362539598048,-0.013193488206378577,0.03677142341183797,-0.01606704160743276,-0.008166517380185716,-0.007288354589801911,-0.019790984759072247,-0.037868616381199226,-0.07693561162922948,-0.0103780681655233,0.017042275885952037,0.003446537343704315,-0.007132371340554581,-0.01107456976739215,0.002219882125690919,-0.010035307171370463,-0.009630080588780964,-0.0046594525397352805,-0.045035113633418555,-0.010874116946708747,-0.008315042908597092,-0.0731149406889949,-0.008337933636053708,-0.014818163498966922,-0.2138451451049541,-0.006420354519227832,-0.008127313312987477,-0.005446973668368722,-0.01989743153240823,-0.04347260558125978,-0.020488842345083087,-0.0009644711797808864,-0.007636160841294801,-0.06928028236959811,-0.0034926167849597127,-0.001831415115906943,-0.0066227317871770325,0.0034307998652802463,-0.005059084422469544,-0.02294923802812592,-0.005721720074747023,-0.00024875106661637975,-0.009093125809072799,-0.027837800791645086,-0.02187741579706979,-0.026449047452736345,-0.00464494596136668,-0.053239973835254556,-0.020398481256191973,-0.001170291864076829,0.0031455303046806684,-0.00666981561448112,-0.004567498436796782,-0.010019746317055565,-0.00039529987497049487,-0.0005333467884473145,-0.011548302932254745,-0.10985696673523944,-0.014584495204141148,-0.30114041152199506,0.005992319541621511,-0.2374657928150679,0.005266119437057051,-0.005761563042259663
04013616800,-0.0020084903662171845,-0.01519728154496693,-0.09255230489945983,-0.009008724000231052,-0.005446800599926831,-0.0003980089271576578,-0.011653670138231745,-0.024574709207708652,-0.029791104790901343,0.002302321682692856,-0.015917561354403736,0.0018040952870075073,-0.0038308219470263244,-0.007306271097778693,0.0033409938329660837,-0.00032921328924617185,-0.0004667235351435259,-0.007313917709399635,-0.03198512390914185,0.021785942324524854,0.005915821614664165,-0.04980678583152463,0.0051579181492806695,-0.012591470202807185,0.03399360303011269,-0.0045832204502377245,-0.009969433312707957,-0.005636068176282621,-0.006580851078319971,-0.008343223538928234,-0.004438258379819332,-0.0030827958668534915,0.0036796966988746605,-0.05214994420846486,0.0009626943401636978,-0.0029945357686480584,0.007406346237035062,0.008838333956645494,0.006291323292486808,-0.010550703595518119,-3.896903985492016e-05,-0.0055782165444083235,0.0014977704528359541,0.05304572855451732,-0.021023860234845846,-0.004027765857989668,0.0032956857700174235,-0.0024092980718947825,-0.013619836581096778,0.021772899285520116,0.00833149309314988,-0.00024185901205761855,-0.003528526431032863,0.002346678295035247,0.0014404897671343694,0.0009405062940221766,-0.007806472421085915,-0.09217215219927485,-0.0023912607300064404,-0.2561984590729573,-0.001874948120589211,-0.1864184144096763,-0.00029096978783693775,-0.0029329908777765866
04013615100,0.0001312060073297892,-0.0072543424733256335,0.04232987187339239,-0.00665515692276472,0.011073363193922265,0.004187231724139441,-0.005849668763953303,0.0010414088331691656,0.058001569491603816,0.0052658412230237525,-0.005065028458910701,-0.0065080144117470725,-0.0028152680462462196,-0.002897852876734422,0.003852517826094016,-0.003620524413752122,0.004064073076340256,0.0018249179739184336,-0.027447420956798012,0.042260046476640035,-0.005999186184114045,0.012961959159043822,0.008538322784237471,-0.0061918290631651106,-0.06149142412140106,-0.00468269417066023,-0.008926124668520425,0.0013023659943055918,-0.007192455205471704,-0.02292657223826061,-0.0023308860247957565,-0.005683747959388966,0.017810954808593037,-0.054156102885867405,0.002128050848482402,0.0025654830941742824,-0.0005134499864421187,0.003589650735654715,0.008079524763803707,0.011205587145711847,0.0004826960404893992,-0.007703745993597625,-0.0030370077450280137,-0.022220353028678436,0.011315724512494733,0.022662366103021907,-0.0019801551556389418,0.003691362862416706,-0.012296005288102544,0.012171316921066678,0.012991938443579534,0.00019297134852668986,0.0009168452065678424,0.0016270804120712395,0.008128294238501154,-0.00021836439493503316,0.008981164850589234,-0.08678311451111283,-0.007022415275436291,-0.21970845980548687,0.0007437214035038287,-0.1714556417497212,0.010383632477452739,0.0028868496904500772
04013616100,-0.0010770886989366383,-0.010133043861219732,0.03333507450854323,-0.010430680431739763,-0.007982747705884119,0.0008536607080548761,-0.02246720296213776,-0.01464000074955326,0.03140532636732059,-0.010251735179933469,-0.015608409399098185,0.004433684089590365,-0.006888708962842192,-0.009776897740776728,-0.0017713043709653795,-0.005213724418013813,-0.0034607000548141967,-0.0011685707493732742,-0.03222847006602111,-0.028742716942528862,-0.004230763271166658,0.010102427006382534,0.0039450854740599095,-0.015924982573754496,-0.20507175524775714,-0.008600354506249573,-0.007459840981370342,-0.002680653806309092,0.007819174381949658,-0.030414130232462235,0.009511304958664781,-0.0028972363539324156,-0.0026649983520479355,-0.054329953766332824,0.0001346283521300745,0.0018214187404069803,-0.002898031035019303,0.005033429557000645,-0.007426566660130469,-0.014606540475327966,-0.00162194888234947,-0.0033132599421531557,0.000843697556436926,-0.02052590287076063,-0.024736027383908222,0.015315500159324863,-0.005008583893398855,0.020147307387166812,-0.010897855537901483,0.008559298312253166,0.007318813942987016,-0.0038178692968164037,-0.0029548841869518607,0.00593353288474228,0.0021705899285450365,-0.00045882327494372514,0.0056067787409424365,-0.09591370377792313,-0.005595134737296216,-0.25331560383005103,-0.038764051144463935,-0.209150840388422,0.007349491833004871,-0.0028251044080786175
04013616900,0.003181101468705064,-0.008130057766250826,0.03435874956962346,0.002827313044629095,0.0016445428816136694,0.0018675754463087176,-0.00887804902894345,0.07855274738536733,-0.03954320175873737,0.003334422476774367,0.007865415244160841,-0.005654185667058255,-0.0021264727680419394,-0.006915474894224638,0.002999534732989632,-0.00015640021937315902,-0.010504528433068669,-0.00379543441585086,-0.02200621220496877,0.03287266259666471,-0.002731239647163353,-0.04680499152322282,-0.002782431899424238,-0.007992761875898896,-0.04088504947488831,-0.0003787030715732813,-0.009996657685717033,0.0010161240496767267,-0.009608965378766968,-0.03154085140120006,-0.022013965571145756,-0.007507147787539261,-0.006883719356778229,0.047541658897529135,-2.1550570567782794e-05,-0.004843280509241804,-0.0022862824890548246,0.008622705256249395,-0.0031635374788710137,-0.003256301599615406,-0.003192423688606168,0.007620130004382617,0.005333636479868624,-0.016479919656071488,-0.02021162530857299,-0.003524540052871895,0.008894150114044815,0.1368116136740164,-0.0047224987571057525,0.013514245041327543,0.00480863645562805,-0.00043771778614057344,-0.004821384495085787,-0.007220891148502924,-0.006606336359932595,-0.003941521426262712,0.0027728415850771008,-0.11120514542685238,-0.00812815805044846,-0.23095365525791203,-0.00666996505735845,0.05975853217942598,0.0067133578637939674,-0.003039643129131636
04013617200,-0.004406949885335247,-0.005908868754793051,-0.05498063485289882,-0.005241275638929603,0.010837239093602428,0.0025430134811492873,-0.000814905698582925,-0.058588054799385184,0.024153741625271445,0.0036929316450276077,-0.005647207552886309,4.323912953174873e-05,-0.0015328507519339963,-0.004838048145632822,0.0010161570723312542,-0.007100324763268526,-0.010231693976580065,0.0034083154443188537,-0.03948592763847776,-0.02494449590881253,0.013801105568414414,0.12389710361104729,0.00608516584266494,-0.007178222505919087,0.016736122716933918,-0.002222913518986662,-0.01086788119835364,-0.004798977686452692,0.024948915108771775,-0.028723688939258828,-0.010074104638056402,0.002823006243462283,0.003409014942229179,-0.08215313828358654,-0.002232513775633418,0.00321084760917111,0.002938511784770487,0.005383356230296116,-0.0024101406650860672,0.005654211068137847,-0.0009658542419921513,-0.0008620008052438421,0.008017453193551917,-0.035875320872109255,0.020358930799360735,0.008702836828919659,-0.004905723532807545,0.0068876717403296255,-0.004940547636407378,0.008233843164954414,0.00549871656470478,-0.0011816943362974199,-0.002901273384542055,0.009604937219341561,0.005918512135451837,-0.004554703266324994,-0.0007366033957598558,0.32608059772513437,-0.0008662742374907683,0.16913224505722768,0.002127276362811952,0.05083654441117662,0.008090558895910744,0.0008262538155384728
04013105501,-0.006375511186150782,0.03668458833869469,0.03363308091928255,-0.0042598624920096645,0.005005004240873091,0.0027035681673410437,-0.006914600572340737,-0.06077630293457965,-0.0296338208134107,-0.006936590327195529,0.0289283209970912,0.0042424620611418344,-0.002157391743778131,0.005858055662193827,0.00021781665746123288,-0.0011387453658638377,-0.0072901396500336425,0.0017704358928754074,0.059088069547161455,0.011123179908554909,-0.0039636150794914605,0.012654343896462665,-0.005132520567640332,-0.008344405995161851,-0.13861360548438464,0.011126505370443822,0.015942502834542113,0.009527377401065627,-0.0027126524508630312,-0.026369758131340643,-0.001204573912917687,-0.0013814099288186742,-0.0037462504177414382,-0.05799135510605804,0.0042596455999369875,-0.001368985252623527,0.0007456895128637142,0.0037163056946869113,0.0025094234126026896,-0.009304324124921314,0.015828423575393297,0.0030800428739149233,0.0023581964540924155,0.004969356302995826,-0.0009315566568273577,-0.0060270333159528735,0.004672814291094223,0.14309100463309957,-0.011905883154978078,0.023041264605696925,-0.006501922510370786,0.004576928619577443,-0.0029541850899234183,0.008923814743755226,-0.007226744167073931,-0.000520668273323799,-0.0037073315397627856,0.1816435540591311,0.000892112565475652,-0.24261234447222724,0.0002771735526328397,0.056387326485547284,0.0044385433603243004,0.004502251910442199
04013106702,-0.0038803818502651673,0.032096249506055,-0.027366463983203304,-0.0009732284667700307,0.005228924286934266,0.005713617498640702,0.0008619473948950634,0.10818598930735973,0.009275045950111959,0.0043117154535961535,0.006715353831531949,-0.032685693922166616,0.004526217697387257,-0.010099925221287333,-0.00514223905160432,0.004525543373057009,0.04538506400029382,-8.063678544110437e-05,0.04088175856030185,0.006809118109176217,0.0002924471790017592,0.0008558541762384358,0.013388435072966772,8.482070641113258e-05,0.036760271468429445,-0.00390917206484035,0.012012388556369867,0.0067574159805917034,0.014853942683420896,0.044748586706634515,-0.015323902902928906,0.008072533047079822,-0.00397546459623113,0.08423340296621099,-0.0008898879807514237,0.0013601387626322194,-0.0016844071799144943,0.006846578830737887,0.00016300649421916802,0.016523593830614615,0.012833714547469708,-0.0057759759957410695,0.008564886941746556,0.026776416508541876,0.013382250575558453,0.006788691562083267,0.0030526692994655457,0.048745660631038745,0.013184098125425757,0.022875046679132857,-0.015187704636812963,0.005828390651799454,0.012574350247395463,0.00016113224496234292,0.000823760137353203,0.003688003572501487,0.0038750396027069267,0.4105685905103551,0.014519347501411508,1.1579661877736713,-0.004148411530773628,-0.04015030484730317,-0.0038560379308937597,0.000939578616117906
04013103302,-0.004314381850758709,-0.015601358732199136,-0.10554259540964675,-0.009688853925447464,-0.00831936633448643,-0.007170436845195651,-0.011301336916017658,-0.03704482316610492,-0.033960698907841994,-0.0003183456019019291,-0.022486651731695208,-0.002018272565861225,-0.005929271321747916,-0.010318868588572944,-0.004837424498292548,-0.008675965775885426,-0.002546187106158604,-0.020630673269766683,-0.03251569803958683,-0.02506311795342006,-0.0066418283609034085,-0.05580443337255449,-0.0031639353900619815,-0.016914888630735554,0.022276210417937158,-0.012803636795239187,-0.01587177722932273,-0.006952199689536931,-0.014459779180111175,-0.025492981651098548,-0.008845970918141556,-0.007524085835059859,0.001583456414531863,-0.04811311362536324,-0.0017333240341072381,-0.0020450684545905286,-0.007748664142290515,-0.0011715956497716884,-0.006569203500748601,-0.029571218923490388,0.004937850366662242,-0.0072746484183777,-0.017974549270692853,-0.01780928884233236,-0.03543251437094842,-0.02447935359229822,-0.001019511215795164,0.061781117927572606,-0.01334524038362431,0.02059026385012412,0.007335451076057354,-0.003955419588243664,-0.004016475812158796,-0.004536368613800793,-0.0029977636859085687,0.0006031439281065879,-0.0054204574059994485,-0.10176946739834634,-0.0035630675062719203,-0.2499488750807284,-0.004700482359081722,-0.21292231807596343,0.0004407279158354129,-0.0029764039366970627
04013103303,-0.009638910754017467,-0.012571791813568996,0.01526438314581747,-0.009831230786541845,0.004078108689891949,-0.0006461608915498168,-0.0014579109209699502,-0.04558566815655735,0.03643180521039399,0.00767048806379204,-0.01074386818867587,0.001769646798552351,-0.0025203783877342342,-0.009790655849765807,-0.003370366720870588,-0.0023546038425383054,-0.0021975409675391994,-0.001374935716367134,-0.007641129757097591,-0.03346574540181397,0.000339528607064932,0.07049677476296996,-0.0004607397121818857,-0.0070847401324918334,-0.16896899009150246,0.007322818216288074,0.0037651068355290746,-0.003906517027333255,0.015473644468352914,-0.037700223600803814,-0.004672918527479208,-0.00614278741990378,0.0030227390704438903,-0.04975618063864061,-0.0003784069839985611,-0.0001946289809269841,-0.004027048229237867,0.008054484007380843,-0.006685783196726252,0.0088226028140949,-0.0023311410041531194,0.001688613228776936,0.003930231911583071,-0.01611168376343799,0.01459225166593946,-0.00012876802085424885,-0.004151743693613838,0.01861435250258495,-0.014622295660414198,0.020385054227280843,0.006119800434674718,-0.003906652716514713,-0.0009108503378392102,-0.00016737663740987982,-0.001908999109793727,-0.003989332212552407,0.00895200408455618,-0.08878762019296847,-0.002769799922043741,-0.24509589407836394,0.0020204209365664028,0.015619511149156934,0.0030201069331283787,0.0019301257742078437
04013103304,-0.005959293525403727,0.024641584266283156,0.010900076898301842,-0.007555515429519122,0.006688348857889345,-0.0012318529785576254,-0.008996777752224955,-0.03984046350071847,-0.028475852638932892,-0.008069574413000527,-0.007508519061686957,0.0026261403282163364,-0.0043878132354071035,8.217260888652311e-05,-0.00037698862514489286,0.0053812120070413525,-0.00670984810181927,-0.003166063968221667,0.013698348353111777,-0.02070290998774426,0.0015114531480141448,-0.040061039432036746,0.000543372961912803,-0.015919213173381883,-0.17648603902136495,0.004698716749190542,-0.010158272909035515,0.009507942067871034,0.022238503898583204,-0.030963849664579993,-0.009016238268641445,-0.002496160486801894,-0.0020420312101241656,-0.06619956971753031,-0.0006258305294063267,-0.0012810605352105966,0.002778674969489068,0.0036431824955291377,-0.0025124539736483243,0.007453160757970839,0.00901032422409645,-0.005238451908177405,0.006136227019242936,-0.02232672141377552,-0.004311065404840282,-0.009544461726013415,0.005093069846356374,-0.004500411962887782,-0.016331238283332144,0.038412479544357926,0.009111197647754572,0.003654009633444761,-0.003068641985533124,0.0040554357069917555,0.004292212165737758,0.0005586045984215897,0.003173523530356773,-0.04528194947975316,0.002572175573623394,-0.26208488595439894,-0.0003282495880415979,0.020204598122746015,0.005018869959356696,0.002932616521993717
04013103306,-0.003546087954257626,-0.009782686391381383,-0.046202925829509814,-0.013175520709514419,0.0049074075159698015,0.003558608624329783,-0.01332794271662576,-0.03884171452080485,0.0018810878884300442,-0.004119541685504877,-0.011562209183481692,0.003771723090959031,-0.0037734647600314365,-0.006964678478670072,0.006318653419549663,0.003085940740541735,-0.007918027527524619,-0.00043915539556446296,0.00912085623789955,-0.02229220815383917,0.0017390547800659678,-0.021950908963404896,0.0018218281516603138,-0.019335228429326272,-0.1697057187695131,0.005579738909531163,0.001076315397089405,0.00836456849559291,0.015159185384081723,-0.03305298848132896,-0.008145637076280536,-0.0036088357344557323,-0.004554537957359292,-0.07056630713899255,0.0003579453369433514,0.0023921413990236444,0.006262853941459542,0.002975029050763631,-0.0027606512727710963,-0.002041059256868476,0.007015031653854828,-0.0006080303287151691,0.006412251899528901,-0.027224960947054466,0.0006890862743891887,0.011856111310278701,0.00029567233266279344,-0.009628498315414518,-0.012023699618511352,0.022522422221330572,0.008430236070312227,0.0031171397304566107,0.0020690521197445104,0.005986894199600864,0.0036493455219505657,2.0729159741874226e-05,0.005747467328247569,-0.09061255890091773,0.009235559885295015,-0.2569710926930645,0.004047062902985066,-0.07700775811483256,0.0034044067097574494,0.00014010822223818983
04013103400,-0.003245172133151757,-0.014295151422287591,-0.052649116705081184,-0.02290291669897138,-0.0038433905457531327,-0.006273413848151408,-0.004971981771026635,-0.025725092759766616,0.007436667241882793,-0.001627004289340715,-0.01752035357165741,-0.002025165438093268,-0.005215652272377518,-0.008500961988144496,-0.002367389904538011,-0.007058659439750073,-0.0024669046200333053,-0.00497694777009787,-0.03226562427324311,0.016318439110065922,-0.008120740244828848,-0.06278338538512306,0.0028671767012054964,-0.02112908802946207,0.03495906315188104,-0.010710096233539673,0.007972051770385137,-0.004640081908640441,-0.014471698046370027,-0.04169512009132735,-0.006230825465125792,-0.0007287016144760409,-0.0012817330518802828,-0.03685404845615692,0.0007233090028253662,-0.004412036717569702,-0.008678512651382505,-0.00319543240250896,-0.003316009077001746,-0.013745791722326896,-0.004667287056157126,-0.002244605850916526,-0.013698597705772834,-0.027955607848513423,-0.019037114277304836,-0.0015378881827043064,-0.0042370835192031804,-0.016438136673909733,-0.014397972247351076,0.0007365716536118326,0.0009639788072044776,0.000378778705065775,-0.002005430791082032,-0.001050115748586563,0.0007476456171203052,-0.0021755015407296237,-0.00945761932886202,-0.10218078392276785,-0.0072331962677214074,-0.24077584540690633,-0.002045090774638884,-0.19828967974324965,0.0011065236427940267,-0.000993921544017653
04013108400,-0.0187947783011404,0.03766468146343181,-0.024691906699158547,-0.004988145336617309,0.0018760156119722693,-0.000827087736783339,-0.006254015691603604,-0.04835077284352975,0.004967897591894727,0.0014601353196696742,-0.0032027089723536497,0.00494283510099376,-0.0056742805092193085,-0.0024265634237444185,-0.005749316762548778,-0.003272123094607883,-0.01818617755924705,0.0002940023643180021,0.02435324488185768,0.008315495968031715,-0.007690040062228535,0.027895449625246618,0.0042309032976653865,-0.008096210171038076,0.0375030999291768,-0.00445233549610077,0.009182250000607612,0.009787525091957315,0.006230519482557805,0.0390638115714013,-0.018423619419510835,-0.005179555683277296,0.0010002835577059904,0.066883429957265,-0.0011912016496494386,-0.0008247150609713101,-0.0015508900174822972,-0.004578857116829972,0.0002007265286902882,-0.012313744473834595,0.007937821270011696,-0.01902901103136446,0.005147081818247934,0.028259652067727462,0.002607873258458999,-0.003986901578986417,0.0031696766045148103,0.05150787346217502,0.009428675178582374,0.0241747272682844,0.0009088073609581608,-0.0067448040902704535,-0.009041484753858933,-0.005371410466437362,-0.0017605885034322607,0.0034507850190717304,-0.007979624233503962,0.2585691145972521,-0.004709196230458728,0.36145485357390483,0.001744301388545624,-0.08748425391103813,0.0007188577987009657,-0.001296627210095998
04013108602,-0.008233663093191072,0.03385507733619883,0.03327199787175236,0.0006621666487192046,0.007934148192866836,-0.003115456899897874,-0.004725578673489021,-0.06687354358884061,0.0056414624486492496,0.0007787858454084123,0.013276038491727236,0.002756761297024031,0.0069878388172767494,0.0005706601632253231,-1.220789741191149e-05,-0.002731983090860386,-0.016995142410958657,0.0001585384877443321,0.03873285000975993,-0.009308348509244448,0.004184266547491634,-0.028688832524955396,8.271112323825058e-05,-0.008165004387076466,0.046202050674459816,0.009821305626326776,0.006295970684831613,0.009067878300271948,0.024471224287274676,0.05077617661430522,-0.006076738461195626,-0.0010736593587127733,0.0020363915286525313,-0.048190154978778404,0.0015907481411036627,0.0026946264327582137,0.002776695410331582,0.004289665416772758,0.002479160076942386,-0.0029474099116122117,0.01008980388467859,-0.011708465102117115,0.005655912542836071,0.015876235675075803,-0.0015161037964461137,-0.00016854922665164444,0.003833844501923328,0.052436430370900136,0.018846087601962828,0.0375916056038764,0.001964281004063751,8.799438821512831e-05,-0.0026592533249287604,0.0072980831643767365,-0.003916680953971286,-0.002744597596728781,0.00017638360609153385,0.18086838867883662,0.0007199200644611753,0.18273568978074614,0.002330927731337307,0.026733861647676143,0.008839936779593554,0.0018273306502491892
04013108802,-0.009479657359303147,0.025536651995666522,-0.006223598927265283,-0.0017003893405274733,0.00333325355962874,-0.0022874076351892246,-0.008007491374516717,-0.062097669323930654,0.010098998092641597,0.0007917633635216213,-0.0043096763252981896,0.011003485963599657,0.00821272222894223,-0.003189096988166228,-0.003184711116180793,-0.008062778299808735,-0.02019147444786923,-0.000976982490369263,0.04783781962762629,0.004621351314651656,-0.005568585954494956,-0.013714763951546194,-0.002822039330137858,-0.0035341770014423357,0.024798164492885882,-8.41159139472784e-05,0.012420425699127999,0.008773144500479807,0.02065751576275418,-0.009054756566440284,-0.042413360774771626,0.0013027736350245222,0.004444450937508736,0.053424690721780764,0.0019353773765727743,-0.0035742442436892145,-0.000142489345138286,0.0012051718765426734,0.00154801313986757,0.014740104630817558,0.005595181673748285,0.000517764788496747,0.004805656703300746,0.004793070802339584,-0.012615568623770385,-0.004617700688634472,0.0004940197072780535,0.03761623735543641,0.006005131729928866,0.021957403275834377,0.00030954490890956087,-0.0029346203231062594,0.01521463661900379,-0.0033013682914874386,0.00023366403108290433,0.0007238365130316068,0.001994952305378148,0.24937782812912804,-0.004871659441914639,0.6270319244012369,-0.00010608735494745389,0.011591840763242656,0.0040479012612750255,-0.0001721998143169042
04013116621,-0.002547146472966147,-0.0021544586003820086,0.0049402838296786315,0.003135768739064885,0.00443973340311,0.002464260573241575,0.029445095944332374,0.03827911352050325,0.025482456771001097,0.002215148888627844,-0.0008143502827516772,-0.016347636210201022,-0.006655964444887785,0.025194226336251277,-0.003624993049448756,0.0007482827054110142,0.0027545501486342084,0.006923615907434602,0.013594173000350793,-0.030011129722592185,-0.013680436610734351,0.12044224169570601,-0.010339688316432383,0.06574021141254646,-0.011376549309375367,0.006764189451287935,0.003796430264816296,0.004295975264437161,-0.013515932250693316,-0.04033102323188047,-0.027661748516478266,-0.0018939851654341216,-0.004364654260704683,-0.07432125210992858,-0.0040848587952572474,-0.0015234589447324137,-0.004891723546450435,0.0060836792075637715,-0.004976945080725946,0.026488357312823684,-0.0035758802989814945,0.0009237477251086093,-0.007101694297195544,-0.005621536502826871,0.04852817037114827,-0.0104429025311838,0.005150939203542403,0.00969423738595811,0.003980908381649543,0.01844407464858375,0.0018659410533666248,-0.002019420946969592,-0.004044415133302464,-0.010588337707454555,-0.009545063379466144,-0.001540778787086574,0.002106154382147032,-0.10144744472838531,-0.00044296282057020475,-0.18420465564873853,0.0043331767844590925,0.2975806559909003,-0.004367552095992268,-0.0029675322610635264
04013116620,0.004246876371852061,-0.0018424981776397214,0.042111184642455786,0.013744520782490671,0.001715417859523038,0.001908233076499933,0.031278443566533656,0.08475299859222572,0.041660995664560586,-0.007262063444991554,-0.00034982148049092623,-0.019722018293317687,0.0025549001253086876,0.03474223776199795,-0.0029838577037926105,-0.004474618767969301,0.01036654013597146,0.01051310453655977,-0.02250872433342182,0.04112855423859797,-0.010769256771402471,0.11531851613034136,0.03251329847339299,0.06622708815402642,0.05045631577846399,0.011202800902434022,-0.005939459638093945,0.0006182856941750651,-0.009790266498523565,-0.05648988779381976,-0.0004986592045596537,-0.00787381487672776,0.007180995707986671,0.06866977737906686,-0.003922546623764182,0.0038755806650092105,5.6012454413770865e-05,0.0036384416595202566,-0.0014633961775379677,0.02277112840451987,-0.0027740018364338943,-0.009972377806826457,-0.0012231149514493245,-0.008219945866353795,0.05369235137512906,-0.0029731699525274336,0.004282925721086181,0.016206630441567497,-0.006903346691622984,0.02907924139577691,0.002113468689871017,-0.0023772596655528707,-0.0007326137095803298,0.0016651785947010016,-0.0010616143803685485,0.00013118303615629768,0.0073006787659777896,-0.11262837539668982,-0.013394477021176408,0.1079062110340685,-0.003491461877321047,0.33088522846533586,0.006450201240623323,0.0013938161931360657
04013116618,0.00445563071338576,-0.002936146676275257,0.053067949094446176,0.002918224352006556,0.0038223265606381228,0.002126774817349545,0.03410488450019525,0.10313041325013451,0.03768542670853555,0.0022531816235661305,-0.007723469478708133,-0.007942189427239387,-0.0035037951255441117,0.03985538675792023,-0.0008477571196593611,-0.002063889208007363,0.011181184632295987,0.014451425639319929,0.03531273594053041,-0.023412163591658847,-0.007556427677723167,0.13613380326786165,0.021325877005044954,0.10325952878384274,0.061555641568155885,0.01643135383071043,-0.004131998064708676,0.0038987001478114937,0.011911610794996176,0.03650678379852708,0.07585204647923365,-0.0004555350860271661,0.0016229705023731405,0.06483125599147342,-0.0035973654432739197,0.00047458286929793163,0.0028261126988371518,-0.011374585979950934,0.00014791900483830472,0.00791724860004553,-0.004014774249317611,0.005419004760790159,0.0008035350942329514,-0.00973390377978877,0.06802085080427914,-0.006573558686693408,0.0032960919901457307,0.005914089986515742,0.010699128335941475,0.03612300205468013,0.00585086587883142,0.002487269831178096,-0.003999628569646628,-0.0036692119117607974,-0.0005572483597381536,0.004984177827685196,0.004756410080915681,-0.12502916443450582,-0.01532849872334373,0.14926937241872706,-0.0027932880575484817,0.08161083623222289,0.001876129651434834,-6.794711447314977e-05
04013113301,-0.006332485581985022,-0.00586123346427079,0.02157874835314596,-0.0029311032920469916,0.0018815220706427018,0.006836802152558025,0.01620126397732467,-0.03826212325492383,0.00894287314636456,-0.0049472105691217814,0.026103916128136267,0.005694711912669783,-0.0075352125002276895,-0.0045275061842150405,-0.002960643324303397,-0.00025429898194452425,-0.0033899395995793543,0.0023035535490931298,0.01771966129876423,-0.006903715113525894,-0.00277684318619485,-0.08052633952748052,-0.014051378821936925,0.11852422463855497,-0.1510636427197525,0.010281651626181387,0.006131797580847552,-0.004918624367433206,-0.011963589700800465,-0.03401596015286132,-0.02135828632649034,-0.004143271687814581,-0.005863824579590609,-0.06419140086202758,0.001160963883827798,-0.0043351180746951795,-0.002045657245126591,0.011232757591598396,0.004591452069275714,0.006197453318337591,-0.001079990837262156,0.0015198439142897788,0.003813687582965684,-0.015521954413591329,0.008304872995934931,-0.010477070519212418,-0.0073744789103067,0.11194572729807171,-0.011881500075739307,0.03240957876340579,0.006537278651707133,-0.003108530307190335,-0.0024156336843674554,-0.009033349277908621,0.0017273129795988072,-0.005940443221587306,0.01081696138477687,-0.07240259051198078,-0.0017748436262342686,-0.24807017712782176,0.002130866806062344,0.04582430022053469,0.002572250589593973,0.00849955443158573
04013116800,-0.0026673556714057432,-0.004317748976608367,0.03441472352031686,0.012390336984926397,0.004720164573566055,0.0003770658706958222,0.0013291262961852449,-0.0537142446598829,0.02130772478435088,0.004201934778041897,0.02686358202726707,0.004591950770164947,0.011161942654130261,-0.006788886857961681,0.0013519801546556247,0.0022038689429954568,-0.007841114810208093,0.002025455369743655,0.024893187818206906,0.008748939120094711,0.00990114797425275,-0.017886414024205308,-0.0035790262696754086,-0.004952173015874595,-0.05819554074300219,0.01219204009187002,0.01567084760795558,-0.006371184432939612,0.004308720777198775,0.07340822384457844,0.0031500521516497648,-0.0007240543839173661,0.0033629097550086163,0.08923463277167962,0.0024059226068858654,-0.01148755383630781,0.0004390763331312829,3.0577754186150186e-05,0.004882305915628706,0.016479831879987455,0.011151945078346938,0.006861321998088936,0.004502113044793068,-0.01679442678661633,0.007825469463867151,-0.0024350618422141557,0.006205386705979917,0.09559723450958059,-0.007338397607857264,0.041283132342456785,0.005904929172597633,0.004643084771340277,-0.004363669111849902,0.005964458011545572,0.007534053762137677,-0.003948991773162116,0.005924511069931978,0.18392378121968656,0.0032423766114953686,-0.22368310380933273,-0.00449276267360049,0.13155185908648115,0.004516825197331919,0.005009941301034159
04013116900,-0.005203862568687421,0.02146209071789985,0.030585437418325385,0.0076882590336516095,0.0014581404149735444,0.00038083128813580904,-0.010275604851649087,-0.05522080852352963,0.016866838932288936,-0.008937048725249228,0.012213621566292882,0.0063184172916827,0.009428995676918281,0.007317793456053794,0.001239762024100116,0.00112645364258342,-0.012337815443447312,0.0023599309342683815,0.05521885028201824,-0.009635494493015524,0.00873572977440576,-0.024455279965760458,-0.03107277999232525,-0.00016246210542103753,-0.09654731465075637,0.010425056685666019,0.011072501331222112,0.013419547916168362,0.02332880739970728,0.06666695220961238,-0.0006197466873819452,-0.0005147715113282039,0.0025780194738462387,-0.08348464602185736,0.004548276631891373,0.006140071756347055,0.005262294408352731,-0.02006118488677763,-0.0010139830756071835,-0.003376097324320467,0.008175728730587199,0.006452926649855478,0.005492333953280054,-0.005630795624791443,0.00924272786011264,0.0025021902223880906,0.0022889684674097105,0.02277776117352957,-0.006048408259790899,0.04074817695949162,0.009718095070955144,-0.0019839125176338564,0.0013782925462228228,0.008698762819043842,-0.0038255237632053426,-0.0017772519407904504,-4.769337945969938e-05,0.19789663947111372,0.003370914990919855,-0.21209238610549425,-0.001005898998451914,0.38070804130734803,0.0035047172544220235,0.0052496104726403705
04013611500,-0.0005399746105570395,-0.006879062722621348,0.05610447623508481,0.011518484077363758,0.007427361366997012,0.0028231127176371646,-0.01226602975390042,0.07315317106908839,-0.04288322075473815,0.0011612384868425459,-0.013544860375212754,-0.0015486490181476895,-0.0047915447402080815,-0.007811945848832202,0.002631356096907136,-0.0009636576097330563,-0.0035013649494417833,-0.004306854686757374,0.02235850098757171,0.03250333673216059,-0.0015777268208695889,-0.034711162703848254,0.007523600460013344,-0.010549718181768142,0.043551821653609206,0.0057140181848600565,-0.009033607823326342,-0.006186971675258422,-0.015998109832847624,-0.03139268754596332,-0.009925273286753878,0.014278897516187241,-0.005913870424086925,0.04264274983434034,0.0004793293403753543,-0.001419241090854741,-0.0015601361574593803,0.008330330917417658,-0.004266750460221355,-0.008004240698391932,-0.0030592199474986682,0.0030802564672022274,-0.00731174254651174,0.0036724738317062216,-0.029289602846363536,-0.010157782877476654,0.0024018032285850525,0.02332205595908012,-0.010385992400918446,0.0009952079488511271,0.007651504299443603,-0.0029599966904839425,-0.005169486876990135,0.0012502368810929836,-0.0006133863560032156,-0.002070890362491217,0.005460364917295663,-0.12312233038910492,-0.0012267229913854004,-0.2638702680656633,0.0017781728754389535,-0.0532859949544185,0.008600219900378238,-0.0008723508352977071
04013611600,-0.0024396421184959207,-0.0070968200899786706,0.029585058639446597,0.013308505095110624,0.002264623849732497,0.0034406110550014237,-0.021755083181376596,0.06636127435839186,-0.07356608158926309,0.0007784963657777917,-0.014433241348626757,0.0028687379483453256,-0.005639748820332207,-0.010229409323069162,0.0004986660298580979,-0.0019832379002305708,-0.0063670246809342315,-0.0009724915836748103,-0.007186886375677162,0.01448147930987344,-0.002641253927171025,-0.10671591100792426,0.005125355929415445,-0.015578806551401078,-0.1836832862067294,0.006544464255165384,-0.01095172386019203,-0.00394236841839564,-0.026054500191128517,-0.03277404069106359,-0.026970469779776234,-0.0055719206968044685,-0.002273927664714145,0.04037736081366815,6.374222379102442e-05,-0.004422770443458385,-0.0024560296862332046,0.0037703733574743826,-0.00215836457579558,-0.00743355147881691,-0.008503329687076532,0.003374618209977843,-0.006658984057309277,-0.009255320399475473,-0.03664338994754859,-0.00821698473193321,0.003780385814104584,-0.03520792077666065,-0.013211401270542385,-0.00962590269066643,0.008246645428772627,-0.005362833797420389,-0.0009637127940765723,-0.000749923521299575,0.0021898647269779034,-0.0024474149025451204,0.007826823428586108,-0.13496477678002639,-0.0035184684051147276,-0.2889391795942006,-0.004036420175721259,0.008283094202199989,0.0034369298613364336,-0.005952671562059342
04013611900,-0.008920477062251207,-0.006747910503202069,0.02274777142585093,0.006960087706378523,0.01936577618352339,0.005676195491616645,-3.989178181566145e-06,0.03754220458408371,-0.05833178369129539,-0.0021956885277528014,0.014982077882166898,-0.0007504827322447453,0.014015098076057051,-0.018371553791650667,-0.007096041766438909,0.00219600685147343,-0.0011365515124838778,-0.0015765104572098634,0.02017050266775154,-0.017655126836294936,-0.005407624852925147,-0.04586008616245803,-0.011487379604148503,-0.01630370163505679,-0.15353377577042068,0.0029502990988630774,-4.3812381955693196e-05,0.0023770109617419323,-0.006551072296711187,-0.017250881796306662,-0.031156708897087625,-0.0028744871931515384,-0.010593026243890892,-0.050606859651123416,-0.003115713430979276,0.009108509732047907,-0.0014557936450841817,0.0022864867181200984,0.0010958338600485196,-0.0029856563137381107,-0.032409338064366605,0.0007191376763909654,-0.014060000863258785,-0.01681277606142968,-0.01624526460522349,-0.009167133765441354,0.016719449042004154,-0.5804475700982881,-0.016263819338815915,-0.37347888973592874,0.018781708274300653,-0.004701027130117226,-0.0020004693794505647,-0.012056563153569311,-0.0006808176909522132,-0.0016950300277924057,-0.030334046518541567,-0.15522962801911347,-0.007689728299307974,-0.4095524647006685,-0.007809372029241291,-0.18133355450821162,-0.04624371395764548,-0.008007538721465682
04013612000,0.012156053305032727,-0.004763043959867371,0.024131748697507786,0.009772810014640662,-0.005981570099087691,0.010716360873471777,0.0021364701009110205,0.05808752191158598,-0.05191426527915145,-0.002312235439907657,-0.0049123487859129,-0.023478899233957896,-0.004085026968176379,-0.019435149054468578,-0.004822570932630497,0.0037580103973035533,0.0021025108526357447,-0.0007082114467195745,0.02258831952255351,-0.015774627189330436,-0.0004568783006288144,-0.03908215005262699,1.9270144619494606e-05,-0.012084447869992292,-0.1128059805137274,0.0045136342244325054,-0.0020816926403877316,-0.0031660312309782983,-0.007187963799585431,-0.0224788885887824,-0.025985723810149075,-0.002791702871036499,-0.007889539167780284,-0.03193373347161897,0.00048637915674922666,-0.006194347839920459,-0.0004409826638466066,0.005788841569800926,0.002214520393106384,-0.003358466800384689,-0.04228055833743633,4.417702697791169e-05,-0.012863588965960699,-0.011299728598290613,-0.010913000289313968,-0.011894796828982217,0.01973355110706664,-0.5257891982753792,-0.012381666704620438,-0.3586715401624071,-0.008014266329932377,-0.0017834718601490724,-0.0021503347809766283,-0.006252155268894528,0.006014405563762461,-0.0008512898338207378,-0.021828070560057034,-0.16379736674467255,-0.004351691610439476,-0.4070380446062267,-0.00044753899557338977,-0.18450303881671606,-0.04488169810044601,-0.0012780919057639763
04013612200,0.003834100742005764,-0.006150594420360214,0.032676088795861265,0.008189589316215252,-0.01533868330432831,0.005007640862688625,-0.01722574654792536,0.055084000030410835,-0.05944644143324702,-0.008480756897203163,0.010625405824633432,-0.03897487290676172,-0.0010756192718256157,-0.015476650044774009,-0.0025114885309526543,0.0033847174816623456,0.0029539224098787385,-0.006405283795386166,0.037466878977101645,-0.02028451809074013,-0.0011171813085902784,-0.042977453656629645,-0.013619644488179662,-0.015418052606886013,0.06500684812769575,0.004496577140302941,-0.0018896282883377922,-0.0037625597580493463,-0.014350087908958654,-0.028002313547822684,-0.032198786508198685,-0.005854647958224567,-0.01577487882679072,0.04701487266790278,-0.0018106521050625728,-0.026899367137694932,-0.0017643836464736472,0.001860892765019523,-0.0005817962893283981,-0.0014878948535384255,-0.05201721976048029,0.0026780416640570315,-0.022049332010724072,-0.015385951106467167,-0.027047561213352164,-0.011167469554317392,0.01443268877457018,-0.6224377853334677,-0.003107136706794364,-0.3596088704538625,0.010563648520074754,-0.008168014438918446,-0.01329199375288347,-0.00928389021200316,-0.0009296269839526131,-0.0011783192935870645,0.0020782180771470662,-0.17121554998441105,-0.005752093970449934,-0.39161413924979727,-0.004871138264483563,-0.18626297332222358,-0.03965216081607447,-0.0026578336724851705
