GEOID,city,lst_c,hi_c,hi_minus_lst,lst_hot_q75,hi_hot_q75,mismatch_class,priority_flag,lst_z_city,hi_z_city,hi_minus_lst_z,lst_rank3,hi_rank3,bivar_lst_hi,_ae_rowid,city_slug,city_label,alphaearth_year,alphaearth_collection,source_vector_path,source_vector_layer,A00,A01,A02,A03,A04,A05,A06,A07,A08,A09,A10,A11,A12,A13,A14,A15,A16,A17,A18,A19,A20,A21,A22,A23,A24,A25,A26,A27,A28,A29,A30,A31,A32,A33,A34,A35,A36,A37,A38,A39,A40,A41,A42,A43,A44,A45,A46,A47,A48,A49,A50,A51,A52,A53,A54,A55,A56,A57,A58,A59,A60,A61,A62,A63
32003002954,las_vegas,47.63033681765392,30.68612509371,-16.94421172394392,False,False,Neither hotspot,False,0.4737832128827203,-0.3579773999890631,-0.8317606128717834,High LST,Low HI,High LST / Low HI,0,las_vegas,Las Vegas,2024,GOOGLE/SATELLITE_EMBEDDING/V1/ANNUAL,/Users/yufeizhou/Desktop/heat-exposure-compare/outputs/pilot/alphaearth/paper_gis_figures/three_city_lstadaptive_heat_index_mismatch_GIS_READY.gpkg,las_vegas,0.1704002077097021,-0.17427467782778663,0.13624720907302038,0.0545320288197408,0.011713617319096307,-0.13989558587985587,-0.04068188298780406,-0.12313438366518535,-0.2856599094214032,-0.03144521260557561,0.11816401139519507,0.0947477773099426,-0.12451636454589839,-0.18283423704892557,-0.06461328926207893,-0.08100671752135417,0.19625077840894867,0.0953066620545974,0.17803613912785465,-0.04309265327920464,-0.02310063990173324,-0.07875145174396826,-0.16188994328524925,-0.10984948583725568,-0.1399674910731184,0.18291358105759956,-0.10047896992855736,0.027942292120852415,0.10832139804242229,0.09682432800110197,0.06217485249444839,-0.1290490906482395,0.0038976212398952183,-0.20489039184321217,0.09706706906630727,0.013326542481757405,-0.172661731194111,-0.022265895051411164,-0.2221165372585166,0.00766598494460005,-0.008648564700374596,-0.14283609304093658,0.03273849532614174,-0.04477888678620623,0.14199116791146107,0.15719091297120974,-0.0781548630869441,0.093159154237012,0.09114726071190614,0.005504133476289674,-0.0200326198469642,0.09005727643759089,-0.12615246993775883,-0.058842418754858544,0.12938694482541713,-0.024643724167423893,0.04553082645974589,-0.01727607457920434,0.012310252584428007,-0.13823196700287027,0.10039831819328342,-0.026715336160557566,-0.24557235465862837,0.07155816097560694
32003004709,las_vegas,48.71075348075352,32.08101575859078,-16.629737722162737,True,True,Both LST and HI hotspot,False,1.289647796824772,0.8586085896011912,-0.4310392072235807,High LST,High HI,High LST / High HI,1,las_vegas,Las Vegas,2024,GOOGLE/SATELLITE_EMBEDDING/V1/ANNUAL,/Users/yufeizhou/Desktop/heat-exposure-compare/outputs/pilot/alphaearth/paper_gis_figures/three_city_lstadaptive_heat_index_mismatch_GIS_READY.gpkg,las_vegas,0.16353687147174173,-0.14289033846665916,0.1447992078091351,0.06695596789813389,-0.005632965931699427,-0.11271041984715771,-0.015448392443247133,-0.07665034136357811,-0.28869201101712844,-0.08540472131707334,0.12437984290960759,0.05601102475697648,-0.14822807852928022,-0.12821790071542824,-0.0233076855173782,-0.08275185528377314,0.11819433301408705,0.07531273053752421,0.1966055489553001,-0.018552955399593223,-0.02624715590968759,-0.0935381654379758,-0.1790179543971941,-0.15327934935929863,-0.16751917311597522,0.19453669987144434,-0.06768580453860482,-0.040376509636020186,0.11412885215595453,0.12322771619227958,0.06782645561824666,-0.14123661638602064,-0.008806639619173745,-0.17697116559230255,0.05831769849098615,0.09430508504260286,-0.1383032307887525,-0.019282110882887903,-0.2591636676550715,-0.009158139045995677,0.024249926691210358,-0.13237178233541835,0.06257612508185965,-0.06518538579666201,0.11656010491561364,0.15220360109542233,-0.04174929570829219,0.10702446657710353,0.04957401205556678,-0.022490105245435387,-0.014830876522905774,0.03637652417192765,-0.11003000007655657,-0.07185363561244834,0.11498875472492374,0.03557206588562351,-0.0012680269956897813,-0.002996765529017768,-0.018086034960869638,-0.0972004618455097,0.10446354387548638,-0.02494898618212499,-0.20366450171642375,0.0959910279855435
32003002915,las_vegas,45.333606434717574,30.68612509371,-14.647481341007573,False,False,Neither hotspot,True,-1.2605671005654657,-0.3579773999890631,0.9025897005764026,Low LST,Low HI,Low LST / Low HI,2,las_vegas,Las Vegas,2024,GOOGLE/SATELLITE_EMBEDDING/V1/ANNUAL,/Users/yufeizhou/Desktop/heat-exposure-compare/outputs/pilot/alphaearth/paper_gis_figures/three_city_lstadaptive_heat_index_mismatch_GIS_READY.gpkg,las_vegas,0.17252345864653199,-0.14801426678098878,0.16972258924308195,0.0698714427202973,0.02540431473548364,-0.08843278794899542,-0.012098762118542343,-0.06742105852872918,-0.30560023349892945,-0.1334276958519954,0.10432916382585118,0.0710883286457525,-0.1426978137925827,-0.11544058620490767,-0.03453756072325703,-0.06276815494827169,0.11249379656182297,0.10133047479732919,0.2213333067879563,-0.03298841489150137,-0.010186114929715995,-0.12178280400088087,-0.10985481423495458,-0.13898543656237788,-0.13887701668422192,0.23610411362735093,-0.08219886531370359,-0.04414101882604062,0.11061553972012467,0.11896220783786961,0.033758353426173456,-0.13277409667709406,-0.043859127586840706,-0.17139704427652713,0.11172271078100345,0.06621816421019193,-0.11616193804148553,-0.05734479557904526,-0.2685285135711664,-0.004643920425603274,-7.601066215122706e-05,-0.14884376401655988,0.07201293378619521,-0.06457361112751135,0.11623102113164359,0.17438373554640765,-0.06162580889967624,0.11550525087496341,0.0779218437466344,-0.04935868075090523,-0.02936251722203028,0.016336651627474927,-0.1067318097300913,-0.015771890211942818,0.11892231676496202,-0.004455523970322322,0.014383239612872885,-0.015497148999176582,-0.0579802019115133,-0.09239897880115279,0.13002546538363097,-0.006157040447373878,-0.1822023076683163,0.06228198852905936
32003002916,las_vegas,46.128563790560506,30.68612509371,-15.442438696850505,False,False,Neither hotspot,False,-0.6602639263106658,-0.3579773999890631,0.3022865263216027,Low LST,Low HI,Low LST / Low HI,3,las_vegas,Las Vegas,2024,GOOGLE/SATELLITE_EMBEDDING/V1/ANNUAL,/Users/yufeizhou/Desktop/heat-exposure-compare/outputs/pilot/alphaearth/paper_gis_figures/three_city_lstadaptive_heat_index_mismatch_GIS_READY.gpkg,las_vegas,0.17375765525349474,-0.15533059600287266,0.1404637621207124,0.07012099099231257,0.01571375865311297,-0.09447870830438992,-0.018285658119224085,-0.06707700834279619,-0.30757145280319514,-0.12508139485464087,0.10699409885035406,0.06612507807913166,-0.15046746665747288,-0.12925581067966477,-0.02323695417568648,-0.0562273975719317,0.12226683129401854,0.09237394217364993,0.22198952271876754,-0.01708587593671825,-0.017468153976996276,-0.11669872611741908,-0.1344365088642308,-0.14314149325635872,-0.13794087362776786,0.23041201813954784,-0.07570972144376881,-0.039575794802583615,0.10260763979814978,0.12481846958206928,0.02999351763643131,-0.1417433615079393,-0.04078646086925736,-0.1615940578469273,0.0950632824458711,0.0765127591863016,-0.11073201008549102,-0.04913096223735209,-0.26799019972798294,-0.0027325736799123906,0.009907131351545032,-0.13770145295900107,0.07592085565095752,-0.04593419654684676,0.11834112787840004,0.16088510302244505,-0.05963317923343413,0.11507702134000755,0.06604513904662879,-0.04520765099361565,-0.029990942747383856,0.011882049324976334,-0.10401350083556185,-0.03943601970829055,0.12022994433072114,0.01525719896368434,0.015430199751340891,-0.00595288655827514,-0.047210081744821185,-0.09335277136328748,0.12903991114131994,-0.00841595745582237,-0.191671574048391,0.0811579304630753
32003002919,las_vegas,46.16793430068524,30.68612509371,-15.481809206975239,False,False,Neither hotspot,False,-0.6305337250285509,-0.3579773999890631,0.2725563250394878,Low LST,Low HI,Low LST / Low HI,4,las_vegas,Las Vegas,2024,GOOGLE/SATELLITE_EMBEDDING/V1/ANNUAL,/Users/yufeizhou/Desktop/heat-exposure-compare/outputs/pilot/alphaearth/paper_gis_figures/three_city_lstadaptive_heat_index_mismatch_GIS_READY.gpkg,las_vegas,0.16276946913142093,-0.10322367500016254,0.15158869271920675,0.05884878339291868,0.007883629066813008,-0.09334487744564254,0.012598267871540383,-0.0628901228520946,-0.2985956493868326,-0.11008712535556604,0.1188272777718184,0.058084012735091464,-0.1601299296489387,-0.114320559540575,0.0022442962541380624,-0.07608844909952153,0.1227627730888955,0.09344325915162961,0.22050907956196658,-0.02624379110976155,-0.007719634723700473,-0.12076347817462976,-0.15613602544825214,-0.1380019781962336,-0.14480605194741913,0.1893982712737697,-0.0941522372913781,-0.05434046761381492,0.11329569521601927,0.12621939797864754,0.06216417188540515,-0.11304865599090409,-0.01896075266773703,-0.16624779131324846,0.052063608193201806,0.07347237526319345,-0.12333678060967157,-0.02269610097215806,-0.27723095928061875,0.002986198767850626,0.05405927414969808,-0.13366365408046185,0.06027990293049772,-0.07348844917270671,0.11296320934812978,0.16738061673624585,-0.03502181179147079,0.10618646982495576,0.04221197134833191,-0.0321033948975053,-0.04505161826381991,0.037813829261964714,-0.08702022756068183,-0.06710718083020273,0.11851185133570102,0.03986807898753187,-0.0032040570453768236,-0.02295997887970362,-0.014584573288631471,-0.10199636194278121,0.10050895863641376,-0.02933735062956999,-0.1688945061195149,0.06851171835156257
32003002935,las_vegas,47.2018959731544,30.68612509371,-16.5157708794444,False,False,Neither hotspot,False,0.1502508912517659,-0.3579773999890631,-0.508228291240829,Mid LST,Low HI,Mid LST / Low HI,5,las_vegas,Las Vegas,2024,GOOGLE/SATELLITE_EMBEDDING/V1/ANNUAL,/Users/yufeizhou/Desktop/heat-exposure-compare/outputs/pilot/alphaearth/paper_gis_figures/three_city_lstadaptive_heat_index_mismatch_GIS_READY.gpkg,las_vegas,0.17590636716501906,-0.1378557855347377,0.15677752405857018,0.06202281284048267,0.0255830710120206,-0.09952605288093345,-0.027278533106406773,-0.08815775168955961,-0.29769910371688674,-0.10237814198564946,0.10831297532793639,0.07630393167700238,-0.1535167254544656,-0.14426373215378233,-0.04207626929496934,-0.07123433243696783,0.15067040079538738,0.11096708798984943,0.2008206719017472,-0.02829973735850003,-0.027347144351865173,-0.09433108214408197,-0.13517904294091843,-0.12277936475328462,-0.13313520630451653,0.23101055482620464,-0.10529973567049412,-0.0359229051764021,0.13500677012227094,0.12724316816729192,0.04952377908024899,-0.12451933907196464,-0.026119434979278978,-0.2051350607324288,0.1105618602595491,0.05738512809214328,-0.12602472655027336,-0.04847158377008482,-0.2412404732963728,0.005989764431635571,-0.00306456985098464,-0.1687946215500596,0.06852444428070989,-0.05391060865011768,0.13893645212997055,0.1648920297106126,-0.07202438883060765,0.12030439965535822,0.0762029736681132,-0.03607265555696446,-0.02501254723288085,0.03771257847512674,-0.09866149047833923,-0.03453981295730672,0.12201720906497615,-0.00011453544634155432,0.030800855619326904,-0.03064046997665564,-0.032591722457094734,-0.11557789642163915,0.1321102703339002,0.004957228563615578,-0.18780226204780956,0.07077324147127889
32003002206,las_vegas,47.69081680830976,31.392363162761036,-16.298453645548726,False,False,Neither hotspot,False,0.5194540027719535,0.2579843823605234,-0.2614696204114301,High LST,Mid HI,High LST / Mid HI,6,las_vegas,Las Vegas,2024,GOOGLE/SATELLITE_EMBEDDING/V1/ANNUAL,/Users/yufeizhou/Desktop/heat-exposure-compare/outputs/pilot/alphaearth/paper_gis_figures/three_city_lstadaptive_heat_index_mismatch_GIS_READY.gpkg,las_vegas,0.16053910242931974,-0.21102337603839066,0.1354594298490106,0.06491163619871852,0.012486151669262681,-0.15332492454770957,-0.030948520097574757,-0.12378100222771811,-0.25276782038478224,-0.048623727509154197,0.11496758649896838,0.07603585000263019,-0.10075305888768256,-0.171436614888808,-0.09520908536562367,-0.10381568761597798,0.16913497575390665,0.07346834895975872,0.13498137085590703,-0.05239444510951397,-0.03853278561149559,-0.05577953016380639,-0.1534335102162253,-0.1283879427411287,-0.15080706891000048,0.17497485751638564,-0.0652442794314693,0.039428040409838834,0.09065398234930971,0.11470340622029554,0.07209910647410193,-0.16480012850777975,0.018248824283740157,-0.20637574827340796,0.09958219208849436,0.03131524700199854,-0.17435321861044586,-0.05078177283815107,-0.2018316172857169,0.009769367549045593,-0.03649030080463743,-0.13957983515195876,0.03887763396439624,-0.06378470007123499,0.12717187531990765,0.14887229908777175,-0.08124274394450297,0.09932799076817239,0.07943401234150751,-0.00872538088554727,-0.01315162222221559,0.10208431022045056,-0.15700665703281638,-0.049732683046052974,0.12205070034843851,-0.039447217198711214,0.03111336017409209,-0.027912967408635483,0.004445552356331362,-0.13453955699968637,0.11531342652767178,-0.02414061863818604,-0.2327707386800146,0.09916585660328661
32003005013,las_vegas,47.55249260355033,32.08101575859078,-15.471476844959547,False,True,HI-only hotspot,True,0.4150000234697403,0.8586085896011912,0.44360856613145094,Mid LST,High HI,Mid LST / High HI,7,las_vegas,Las Vegas,2024,GOOGLE/SATELLITE_EMBEDDING/V1/ANNUAL,/Users/yufeizhou/Desktop/heat-exposure-compare/outputs/pilot/alphaearth/paper_gis_figures/three_city_lstadaptive_heat_index_mismatch_GIS_READY.gpkg,las_vegas,0.14862993255479934,-0.09792806310305285,0.14765738522823102,0.05055910294929257,-0.027378588368543507,-0.08490421895099115,-0.014497697274656298,-0.03848254748702492,-0.3126991027425444,-0.06497374250210587,0.14545691605789512,0.04633807763922142,-0.1817205237135331,-0.09528925083533575,0.020981423453588666,-0.0760427801472346,0.08147874763547619,0.05702433231474611,0.21763813140810806,-0.03369021804980376,-0.017689905447419246,-0.13099116287575902,-0.17774679002819643,-0.13838660755803867,-0.17483288590449783,0.16141127649358308,-0.08883300791953323,-0.07014495545175098,0.11023452102936315,0.12475516548067747,0.06738134250723789,-0.13413304565563708,0.031433187719665856,-0.18789049388935328,-0.007267506203857079,0.1078980234756844,-0.10659588556393729,0.030837354504415958,-0.26751437212483187,-0.04382849378276567,0.07495337759402082,-0.13094463395667064,0.0607152440601962,-0.09506802914969885,0.06811430752666299,0.15884544561248373,-0.02018343948671349,0.08961260414193135,0.029441161901960496,-0.020408774299497744,-0.05306800235712079,0.039400080817742426,-0.04503479221212978,-0.10275911350401078,0.1010485514049963,0.043149553679808245,-0.021409106354717482,-0.007881714021793586,-0.01160993905537775,-0.07871063540674436,0.09323392119200075,-0.05466379017925365,-0.15678803337556102,0.0708503457051541
32003002996,las_vegas,47.68831262939961,31.627775852444717,-16.060536776954894,False,False,Neither hotspot,False,0.5175630000186405,0.46330497647705426,-0.054258023541586264,High LST,Mid HI,High LST / Mid HI,8,las_vegas,Las Vegas,2024,GOOGLE/SATELLITE_EMBEDDING/V1/ANNUAL,/Users/yufeizhou/Desktop/heat-exposure-compare/outputs/pilot/alphaearth/paper_gis_figures/three_city_lstadaptive_heat_index_mismatch_GIS_READY.gpkg,las_vegas,0.18294072106379647,-0.21525599665929734,0.1380634286057226,0.056126118813887405,0.022486241625844377,-0.13478142800207205,-0.056892989854902536,-0.10804194826100003,-0.26338665211631457,-0.05843344262772375,0.12393334001838614,0.08343695039127062,-0.1279217039771929,-0.17308243976324,-0.06466638102364396,-0.0910618019458066,0.18638550718111277,0.09554625510204898,0.15509822663955147,-0.0378877608284375,-0.020828060717745026,-0.08279278850112283,-0.13411957321716117,-0.11565458533636923,-0.13040853536912014,0.20797234061920772,-0.08572998921363782,0.023846872915258742,0.1150023815224997,0.10786588623613536,0.04313231793795933,-0.1519400552137235,-0.003796459069436988,-0.19802403455534182,0.11425945135485563,0.020337654516116188,-0.17818909523459586,-0.029636890050972926,-0.20904014474482613,-0.00064997108727261,-0.039496910692552185,-0.15090247684948568,0.03977759649443626,-0.03325223896486303,0.1297563121456592,0.14320432883208045,-0.09457315013835196,0.11419894008328961,0.09554231183701563,-0.004152163721054013,-0.011274666718823167,0.07699792925701475,-0.1294329461336421,-0.03410182128976388,0.12957445939785947,-0.05131521079235978,0.04929670765970173,-0.020559730874577974,-0.019546061580044835,-0.11037267080480502,0.1355033901597646,-0.007229403738104171,-0.2415633408317681,0.07047818382757252
32003002207,las_vegas,47.43020325203257,30.68612509371,-16.74407815832257,False,False,Neither hotspot,False,0.32265458461808033,-0.3579773999890631,-0.6806319846071434,Mid LST,Low HI,Mid LST / Low HI,9,las_vegas,Las Vegas,2024,GOOGLE/SATELLITE_EMBEDDING/V1/ANNUAL,/Users/yufeizhou/Desktop/heat-exposure-compare/outputs/pilot/alphaearth/paper_gis_figures/three_city_lstadaptive_heat_index_mismatch_GIS_READY.gpkg,las_vegas,0.16973066837056672,-0.23026640310279375,0.13790463076314535,0.05646073210085244,0.01158803670900556,-0.1276020508085895,-0.05810267212481461,-0.11020293265960483,-0.2439081815168007,-0.09315359840372929,0.12897283521183425,0.07541468747676518,-0.11599781850695755,-0.16727927614902655,-0.05253667595106138,-0.06421870678684696,0.14325616443172773,0.08354241710967394,0.15385251406535944,-0.041592869171531786,-0.0415214724292916,-0.07126540825769523,-0.14177217171201437,-0.12539411463501113,-0.14472991601991467,0.19962706059242838,-0.063271532035278,0.0009951526397927314,0.12166033645830739,0.1184478683271573,0.033376248417849384,-0.17154615062507284,-0.024703223520754047,-0.17034199922212256,0.09240793991468141,0.05726654563525192,-0.1460652888689593,-0.059874943431084536,-0.22069755985762907,0.017609279445241405,-0.05327169740763399,-0.14969522787003345,0.05263736186697225,-0.03730819559952837,0.13455929102314135,0.12475322851019165,-0.0845910131970101,0.1153331873664403,0.08479234114079784,-0.015784415964785754,0.006926413415029063,0.04122960006711025,-0.14106221595562904,-0.02383171941525582,0.10120400204847509,-0.03582259183464715,0.03152384351602216,-0.022836423934910192,-0.04019834156990028,-0.10110690454712765,0.13049485613930822,0.0069137695727375026,-0.23137264834695156,0.09916013297000227
32003004402,las_vegas,47.89833333333335,30.76536905919516,-17.13296427413819,False,False,Neither hotspot,False,0.6761577904234224,-0.28886295210001844,-0.9650207425234408,High LST,Low HI,High LST / Low HI,10,las_vegas,Las Vegas,2024,GOOGLE/SATELLITE_EMBEDDING/V1/ANNUAL,/Users/yufeizhou/Desktop/heat-exposure-compare/outputs/pilot/alphaearth/paper_gis_figures/three_city_lstadaptive_heat_index_mismatch_GIS_READY.gpkg,las_vegas,0.17755945376922364,-0.13970230707750483,0.16734581253638112,0.047091715781095375,0.0013310587685407506,-0.09524814172092268,-0.010161479731877454,-0.09997054901260174,-0.3025786224440722,-0.11924474436650082,0.10852677126841688,0.08794481213359039,-0.13211071195557048,-0.14550063227636106,-0.01736234974416129,-0.05826852872722654,0.15250428884337477,0.09285834006285314,0.2317579356469233,-0.010928477379934399,-0.02911639279020643,-0.06561558132612921,-0.15800886095611638,-0.11911285493441645,-0.12024436154066426,0.23217267452476084,-0.07862401347828174,-0.030067813932319817,0.130185952497811,0.09322464474121847,0.05052227949676132,-0.1094858604811731,-0.06710069533961306,-0.15798197825923546,0.0989366268497436,0.05567906934210744,-0.15539253501726646,-0.03252115512639686,-0.2745563676548516,0.00249530616940364,0.013351685208967403,-0.14398408130741785,0.05943429582279356,-0.039609021798597856,0.15818869268177843,0.1523587256164216,-0.0567361034456805,0.10080511352692524,0.09491618190408499,-0.007673870835055226,-0.02315557507583208,0.021530005090122827,-0.11923179258580827,-0.062076561987129,0.12036948960485794,-0.009455506795719626,0.0472704773825998,-0.031105271121562583,-0.02219166983175936,-0.11761301127951412,0.12401931101999136,0.010676833413293776,-0.2267818463470697,0.07375210169302211
32003004301,las_vegas,48.36596491228073,30.76536905919516,-17.600595853085572,True,False,LST-only hotspot,False,1.029284557740691,-0.28886295210001844,-1.3181475098407094,High LST,Low HI,High LST / Low HI,11,las_vegas,Las Vegas,2024,GOOGLE/SATELLITE_EMBEDDING/V1/ANNUAL,/Users/yufeizhou/Desktop/heat-exposure-compare/outputs/pilot/alphaearth/paper_gis_figures/three_city_lstadaptive_heat_index_mismatch_GIS_READY.gpkg,las_vegas,0.17006996760208612,-0.16140111407927646,0.13119359732983116,0.08165030707015705,0.02342036110977518,-0.11026782386070746,-0.04227007986845905,-0.11878639309304116,-0.28872010023732747,-0.06420387426151795,0.1231992682495379,0.08639714906294796,-0.14369085807009072,-0.17343503507568553,-0.042583722236958936,-0.07732346819620833,0.15641602737277827,0.09623815399713499,0.20035777031100196,-0.0326526815269838,-0.031131401481079173,-0.05974436931022411,-0.1948449670035462,-0.1343242833498746,-0.1546949937074104,0.22293086015696853,-0.06484830421965909,-0.002972702582458515,0.12228081311570815,0.10377657149130128,0.04789314104690126,-0.12533637916860713,-0.030752883472555788,-0.19366071479259236,0.09656107983548343,0.03401742232203163,-0.15530408048909838,-0.03891373394938471,-0.24497102215685537,0.034051973890913606,0.01793832601546945,-0.14633553211250788,0.06932939037972484,-0.04628114986142659,0.1481356950483058,0.14206286949181893,-0.06531894385222109,0.0857811027906663,0.0781155415904775,-0.022443114358856656,-0.01662826932825929,0.049354473947010036,-0.10054683289014678,-0.07260053202434595,0.11899296311352911,0.003573925872357446,0.04334755324170319,-0.015627603461368638,-0.01165462393295087,-0.1496703869064763,0.12139550449873744,0.004580058414813701,-0.2307705045601355,0.08588594055744546
32003003247,las_vegas,45.16464259664482,30.8977331107037,-14.266909485941117,False,False,Neither hotspot,True,-1.3881582569763635,-0.1734185989008675,1.214739658075496,Low LST,Mid HI,Low LST / Mid HI,12,las_vegas,Las Vegas,2024,GOOGLE/SATELLITE_EMBEDDING/V1/ANNUAL,/Users/yufeizhou/Desktop/heat-exposure-compare/outputs/pilot/alphaearth/paper_gis_figures/three_city_lstadaptive_heat_index_mismatch_GIS_READY.gpkg,las_vegas,0.16760543409847492,-0.14788022204877707,0.15048863797662498,0.06097242510918849,0.007339749599245842,-0.07238123128465472,-0.01804558708566794,-0.029022496650647798,-0.3237389092038018,-0.110349121976141,0.09153051847620595,0.05755976845067538,-0.14082176033584967,-0.10916931111677092,-0.023205591359021747,-0.07143807014981285,0.11722039222118166,0.08185443322831622,0.18958586387629692,0.002599520725092774,-0.010866770788109659,-0.14709361664887338,-0.11222881959837724,-0.12273248524002434,-0.11224231115562562,0.23752317740226092,-0.09023125486558325,-0.038129477376767924,0.1391895369485394,0.10057941083566302,0.02301836888692257,-0.11050728587680503,-0.04425718534442392,-0.15893065037474352,0.08431189137287518,0.07984125637423276,-0.10303027394112915,-0.024274781627993413,-0.2411080651501585,-0.016849253517301762,-0.025072779304627268,-0.15710871902432394,0.08813742687216407,-0.047275698256654466,0.11169550509225344,0.208620366061312,-0.0787855087000114,0.12805290018603582,0.07339751823227646,-0.037517476619971867,-0.03701599026078906,0.03191595326311543,-0.08849256098302033,-0.025148558192235316,0.11563555293548661,-0.009740377369738783,0.03378965766354155,0.0076865466637147635,-0.03792773093395999,-0.07736052630608908,0.13383255489513446,-0.05432419466512641,-0.17249328796404392,0.06253514517036904
32003005905,las_vegas,48.59659665300549,33.963847449303145,-14.632749203702346,True,True,Both LST and HI hotspot,True,1.2034435425257044,2.500763572316609,1.2973200297909044,High LST,High HI,High LST / High HI,13,las_vegas,Las Vegas,2024,GOOGLE/SATELLITE_EMBEDDING/V1/ANNUAL,/Users/yufeizhou/Desktop/heat-exposure-compare/outputs/pilot/alphaearth/paper_gis_figures/three_city_lstadaptive_heat_index_mismatch_GIS_READY.gpkg,las_vegas,0.13539779328614454,-0.05011151081371671,0.1669355287840974,0.02995718195573001,0.016861027898074386,-0.023831331485058754,0.013656821752084117,0.006813652492480972,-0.2552566476740399,-0.1302207901455304,0.028145614977935756,-0.0237674568129299,-0.20807932338334323,-0.10441186168886145,0.02029618416495924,-0.055069965029473616,-0.010323951250370283,0.06510780209211502,0.1866797450150552,-0.054768866273501984,-0.011840725295897539,-0.17023554474833122,-0.15335400245084085,-0.13307511034979605,-0.14576782333537147,0.16795269553997866,-0.040773014503554805,-0.11732653129549754,0.10336757741694663,0.15688211312680406,0.09058604328177552,-0.10504003311142071,0.059005213820507225,-0.16371656272888915,-0.0455805715683129,0.09765120769793467,-0.01652312551074318,0.001667532787849174,-0.24581637456986447,-0.026583967966605077,0.09432791581645722,-0.14413265106526635,0.07652066638643915,-0.1646371285000984,0.07917996951804045,0.2107056392137044,0.017850730636300084,0.05535098294533591,-0.03361319143291012,-0.10193112493920194,-0.05927120197696223,0.004449985706905121,-0.04071697504142444,-0.0407343323334383,0.07618971064232752,0.040241718480119495,-0.045540465542714285,-0.029249127038093115,-0.05395257309592855,0.020543014012979793,0.09435225205742927,-0.05435348953987284,-0.06660545514418162,0.059940190723527846
32003005434,las_vegas,48.70746538541024,33.093711702871204,-15.613753682539034,True,True,Both LST and HI hotspot,False,1.2871648283267572,1.7418546593795254,0.4546898310527683,High LST,High HI,High LST / High HI,14,las_vegas,Las Vegas,2024,GOOGLE/SATELLITE_EMBEDDING/V1/ANNUAL,/Users/yufeizhou/Desktop/heat-exposure-compare/outputs/pilot/alphaearth/paper_gis_figures/three_city_lstadaptive_heat_index_mismatch_GIS_READY.gpkg,las_vegas,0.15192974547935292,0.008946592787675357,0.14178868819950352,0.06882462152297146,0.03089993745284052,0.036953628906223744,-0.03778515485558157,-0.016851935441852504,-0.1964347195560873,-0.07613630215355242,0.12188008911935316,0.025590048255365604,-0.232301181167398,-0.09308147009501869,0.011073320870288011,-0.020237712939373237,0.05703619071180602,0.08883492613834111,0.2586272062641426,-0.02932551355643206,-0.035937461315817286,-0.05798210399387627,-0.14363422391148592,-0.08587425615716437,-0.17672950414012947,0.1941789621831004,-0.12144778706043326,-0.14829318434799355,0.16439333275215057,0.14783166080901444,0.07879081663669364,-0.11564614428721615,0.032744210636108634,-0.24917995498175663,0.021073511368001088,0.09522559449757698,-0.03366403306704634,-0.025740348119120553,-0.2474419937036842,-0.03696973630524267,0.09038560679204684,-0.12113845440035939,0.13342581492561117,-0.1278549050353871,0.14001628168887711,0.12535580083315334,-0.024884600153142915,0.08072394904252252,0.009705972422818225,-0.048248777538492965,-0.05887036055327725,-0.009623163172846498,0.015712589657758045,-0.08933700756249233,0.12549284066423108,0.1161497001275436,-0.023122365449404467,-0.05216039746214535,-0.07057447514026159,-0.05912853800966424,0.0768265349116686,0.02837061943846755,-0.11050681697794798,0.04915470540493514
32003005615,las_vegas,47.84577235772362,33.11619034196114,-14.729582015762475,False,True,HI-only hotspot,True,0.6364669563572439,1.761459921691761,1.124992965334517,High LST,High HI,High LST / High HI,15,las_vegas,Las Vegas,2024,GOOGLE/SATELLITE_EMBEDDING/V1/ANNUAL,/Users/yufeizhou/Desktop/heat-exposure-compare/outputs/pilot/alphaearth/paper_gis_figures/three_city_lstadaptive_heat_index_mismatch_GIS_READY.gpkg,las_vegas,0.10719220929415745,-0.09647075008432732,0.12071664332579024,0.033709757912661946,-0.021882912961441917,-0.059650434724550214,-0.004191949583925797,0.030107634945957595,-0.3770196679265955,-0.12614889484574682,0.07423251942966452,-0.03351346220538865,-0.1468323785685206,-0.07244218942285684,0.01914410564259187,-0.012199376116960965,-0.07969763239183532,0.007721355150193182,0.16846880763606786,-0.04444269846874688,-0.048018276404256065,-0.13565731922984517,-0.11528672474620968,-0.12614917463308065,-0.07918708500341289,0.10772152965408022,-0.025706753856150007,-0.10993064561183818,0.08819735291278993,0.11680476068548695,-0.023281810676277628,-0.11212081399976555,0.015445624619938916,-0.1556127348822877,-0.05738939831342558,0.147809283472416,0.02442424062879881,0.009581782887778924,-0.3122309182400194,-0.04565490764396399,0.08379359327296497,-0.10883772299256636,0.034585625330635854,-0.11675648221881385,0.0720341945026474,0.20365986712907594,0.05993211070902538,0.06240420613751827,0.07674202553714927,-0.06833152701445229,-0.06077844553845862,-0.020643355360325084,-0.006514467993942026,-0.04608647586403994,0.006950832323463369,0.08112344407521181,-0.037355610859742594,-0.045948672473641504,-0.14387680181926915,0.0179340966791468,0.11277051144021381,-0.03189405622594607,-0.019318817767136405,0.1095967038362274
32003001501,las_vegas,48.63655105973027,31.627775852444717,-17.008775207285556,True,False,LST-only hotspot,False,1.2336146668081152,0.46330497647705426,-0.7703096903310609,High LST,Mid HI,High LST / Mid HI,16,las_vegas,Las Vegas,2024,GOOGLE/SATELLITE_EMBEDDING/V1/ANNUAL,/Users/yufeizhou/Desktop/heat-exposure-compare/outputs/pilot/alphaearth/paper_gis_figures/three_city_lstadaptive_heat_index_mismatch_GIS_READY.gpkg,las_vegas,0.1597990612797009,-0.17696610318106956,0.12204131349294797,0.06671331628509047,0.017702036294122456,-0.1420976745416388,-0.046760449801501035,-0.1238592864869231,-0.2847766851961349,-0.047659139894161026,0.1254222478616712,0.09891718933334963,-0.11748274821690881,-0.18404596303291398,-0.07091710528334834,-0.08666776603389742,0.16709071615620602,0.09780799624117477,0.17310000930657063,-0.05605976508527418,-0.020322521868543733,-0.06556156326064465,-0.17856346025264028,-0.1295210979574623,-0.1577574462243489,0.16130389244221696,-0.07273499714299843,0.03201676454334898,0.09680018437000476,0.09030224384296917,0.04787325434372258,-0.1341415680310477,-0.0022110424975274063,-0.2025841145369643,0.09318156956383603,0.009878186226521047,-0.16060907359525833,-0.03504175773178736,-0.2320577759134826,0.008532721233483557,0.005035738760715512,-0.1471153625806162,0.038701128314736814,-0.05239613378508829,0.1430200133549286,0.15430486487264652,-0.07489076840705407,0.09020848123725658,0.09254889273555739,-0.003155215361040064,-0.013892071986090949,0.07622825592958248,-0.12407564978049193,-0.051053349517946336,0.1171523227903955,-0.0033590670212662564,0.031874246620575655,-0.018586830347244843,-0.012719261147187416,-0.15500348927192145,0.09797604056744869,-0.02252207799483617,-0.23254650843015962,0.08754595128884764
32003000403,las_vegas,47.53645933014357,31.627775852444717,-15.908683477698855,False,False,Neither hotspot,False,0.4028926760138953,0.46330497647705426,0.060412300463158985,Mid LST,Mid HI,Mid LST / Mid HI,17,las_vegas,Las Vegas,2024,GOOGLE/SATELLITE_EMBEDDING/V1/ANNUAL,/Users/yufeizhou/Desktop/heat-exposure-compare/outputs/pilot/alphaearth/paper_gis_figures/three_city_lstadaptive_heat_index_mismatch_GIS_READY.gpkg,las_vegas,0.18003119283483993,-0.1717479314547899,0.14067086345821148,0.07260618194127615,0.019088068365445694,-0.09136912802508058,-0.04534485796205153,-0.11163901802762463,-0.2627269015881962,-0.10336812544986888,0.13289720005682723,0.07355755843249961,-0.15207613231392986,-0.17492442915264736,-0.030124130579957397,-0.07965061291460687,0.14957081416523807,0.10321537528256125,0.17267750823618783,-0.029833991108222196,-0.03996127185360125,-0.048666570485976945,-0.18045280106418396,-0.12824057903968944,-0.152068586525365,0.23278797644501018,-0.05648563923999808,-0.01870346370212405,0.13728086760099142,0.12030110153572185,0.04173471119547111,-0.13711148843764073,-0.04333609676963436,-0.18806569339382834,0.08842475339667037,0.04058623415641623,-0.14473364935543057,-0.046275295163804374,-0.22374517061251292,0.029816244456113538,-0.016587512564763804,-0.14735003848207126,0.08057666808661179,-0.05081745237469467,0.1543715146334766,0.14888490186895575,-0.0822050030413287,0.09838218490841101,0.09156990460683584,-0.0210802418168817,-0.018224978897441364,0.03916208024627527,-0.11236350208690225,-0.047050319940735004,0.11486110610262644,0.0013341854314433289,0.04652376776333985,-0.022011300337699685,-0.020431744657820983,-0.1262255334842151,0.14403951326290743,0.010749840578859247,-0.2180762734774787,0.09443930869358884
32003001401,las_vegas,48.410212560386505,31.627775852444717,-16.782436707941788,True,False,LST-only hotspot,False,1.0626976753324395,0.46330497647705426,-0.5993926988553853,High LST,Mid HI,High LST / Mid HI,18,las_vegas,Las Vegas,2024,GOOGLE/SATELLITE_EMBEDDING/V1/ANNUAL,/Users/yufeizhou/Desktop/heat-exposure-compare/outputs/pilot/alphaearth/paper_gis_figures/three_city_lstadaptive_heat_index_mismatch_GIS_READY.gpkg,las_vegas,0.17729614835949747,-0.18580172601344588,0.1316532911859846,0.061479474035916595,0.014091750583269936,-0.1056913375425628,-0.04457265236330697,-0.11083299982563861,-0.2685357321710373,-0.08104183658514953,0.11755180646398306,0.09488608129800964,-0.1338641686439693,-0.18138658562053814,-0.03519956780152231,-0.06345457087831444,0.15884839833875736,0.09223491581219563,0.19109113612553125,-0.029199421010762824,-0.026766553573918685,-0.059298169349844665,-0.1771089984108358,-0.11933335643538182,-0.14240750492382467,0.21745568973467197,-0.07130847850846624,0.004296570856291569,0.12623557835446467,0.09685862249643941,0.03982838261049427,-0.1372721143731618,-0.04168431943969153,-0.17560863422580458,0.10385033597853972,0.02830480983041373,-0.16101426157728532,-0.03489022587258868,-0.22857177353709227,0.007614517519194471,-0.015993299790575757,-0.1419016855184349,0.06699391791250828,-0.03225115905625109,0.14932322006881232,0.14731534477183794,-0.08419862832964814,0.09650778098202066,0.0874346541269965,-0.004691174656063048,-0.009488336504315827,0.04271736411286528,-0.12385559103806797,-0.05917081884211905,0.12092471543593872,-0.023043468142778287,0.053759385616258225,-0.007104975507768591,-0.015269211187426426,-0.11789142127602234,0.11949742443995655,-0.0019405294735441664,-0.2450149188761357,0.08083855783485218
32003001502,las_vegas,48.55967517401394,32.08101575859078,-16.47865941542316,True,True,Both LST and HI hotspot,False,1.1755626997686628,0.8586085896011912,-0.31695411016747155,High LST,High HI,High LST / High HI,19,las_vegas,Las Vegas,2024,GOOGLE/SATELLITE_EMBEDDING/V1/ANNUAL,/Users/yufeizhou/Desktop/heat-exposure-compare/outputs/pilot/alphaearth/paper_gis_figures/three_city_lstadaptive_heat_index_mismatch_GIS_READY.gpkg,las_vegas,0.16893673052135957,-0.1586011858312109,0.14950257094641847,0.0863529362844968,0.01686602974031688,-0.13070480245239308,-0.022886740955290166,-0.12322480504810022,-0.28927653314057433,-0.044102087681514766,0.12307907927444671,0.08376774305764484,-0.13939819901696884,-0.16639162963695642,-0.06064947674296026,-0.0694066117521884,0.16456959471019197,0.08878310213327481,0.1951149326131978,-0.05796036101624049,-0.007378307133014668,-0.07784318323532635,-0.1732376346870696,-0.13528719068344344,-0.159655154839792,0.18694557039185067,-0.07129562130279761,0.025450406347117382,0.0834321279092402,0.10257763125624493,0.05989318621458027,-0.13135824185341116,3.955618879130002e-05,-0.20247851942313472,0.09358528464425672,0.004835634817590283,-0.1663839677883124,-0.012032170097578813,-0.25637787028984804,0.017102700089478364,0.015927887813150448,-0.14161954262241597,0.03860464053472118,-0.05664531347887626,0.1338603748542911,0.16236649998909505,-0.05463062777028423,0.0731725440112523,0.09558009259973778,-0.004453524720098386,-0.016495422339237058,0.07362752481207756,-0.13799718855971443,-0.07684083357085686,0.12874337337002806,-0.006359695516733474,0.03290970662377368,-0.012004431969401467,0.004764850295621662,-0.13206527184052652,0.10152692501881311,-0.020830725666398202,-0.2260506904776724,0.06715279938295528
32003000525,las_vegas,48.33654490106549,31.627775852444717,-16.70876904862077,True,False,LST-only hotspot,False,1.0070683646464138,0.46330497647705426,-0.5437633881693595,High LST,Mid HI,High LST / Mid HI,20,las_vegas,Las Vegas,2024,GOOGLE/SATELLITE_EMBEDDING/V1/ANNUAL,/Users/yufeizhou/Desktop/heat-exposure-compare/outputs/pilot/alphaearth/paper_gis_figures/three_city_lstadaptive_heat_index_mismatch_GIS_READY.gpkg,las_vegas,0.18155012363049475,-0.14888283175689612,0.15190334711683426,0.03146081102311591,0.012153067968422153,-0.09831429721106798,-0.037714588410737764,-0.1161939023253087,-0.2925620288841535,-0.10123094412264162,0.11201073244961059,0.11571824106942956,-0.13365712173135244,-0.16422766099896682,-0.03826197958295939,-0.06855782463026662,0.16214200693892192,0.10448100187304749,0.2139190183639063,-0.022638385114683555,-0.03083058842539346,-0.042974322715428254,-0.1585783648683713,-0.10399272070145987,-0.12676947206111047,0.22227802400330665,-0.10200900503802275,-0.020036786775514268,0.15778049234109662,0.0859762243890897,0.039039678864980984,-0.12050034784268246,-0.0538755802710191,-0.17077989412589317,0.12390255375794981,0.030442803410617135,-0.17898630228005685,-0.03769376628154737,-0.23462634033208107,-0.0221514955663173,-0.023876897337596518,-0.1577184392012781,0.06140842875606672,-0.021414776328629547,0.1681423070991442,0.1430145720094114,-0.07852894207599345,0.11522142193379294,0.10138708655214124,0.005882129142739275,-0.014227156020008642,0.01655018044185545,-0.10953621902738844,-0.060380267712504786,0.11086379549932045,-0.024285645748374156,0.04501312030999829,-0.02749684142854989,-0.020491618705817307,-0.12218543242301556,0.10860680759665119,0.004447693490377408,-0.24524082414558518,0.07607721391388855
32003003253,las_vegas,45.0289636752137,30.68612509371,-14.342838581503702,False,False,Neither hotspot,True,-1.4906146800988367,-0.3579773999890631,1.1326372801097735,Low LST,Low HI,Low LST / Low HI,21,las_vegas,Las Vegas,2024,GOOGLE/SATELLITE_EMBEDDING/V1/ANNUAL,/Users/yufeizhou/Desktop/heat-exposure-compare/outputs/pilot/alphaearth/paper_gis_figures/three_city_lstadaptive_heat_index_mismatch_GIS_READY.gpkg,las_vegas,0.15800697961776697,-0.09332435555546009,0.16646236174545975,0.06469852696679146,-0.0026314695876313078,-0.07635572462031559,0.03141985605256216,-0.02559128415703453,-0.31739560702938746,-0.1455789029785073,0.09151256711083694,0.03418151076615554,-0.15704139194151157,-0.07285752424627402,0.02444589124787875,-0.042155114256210637,0.08319998190338793,0.06439408702411377,0.23155470040804718,-0.009376714018992613,-0.0008662508940604426,-0.15677416666184546,-0.12899092676055837,-0.15098270098020955,-0.11884406671362485,0.20650501202581,-0.07444397501077557,-0.09275544790891313,0.1115748432922145,0.13972529698913902,0.05172214727944917,-0.112066393958741,-0.031941317444476036,-0.14303494864154803,0.036102904769845345,0.12764763355769604,-0.09718242926346843,-0.021809640400538902,-0.31340384183474634,-0.03109449036222514,0.07112183686884434,-0.12247830150774516,0.037607131924912426,-0.08579143285197768,0.10148340660295474,0.16652717122611058,-0.014994206203013722,0.09799613550323424,0.047343897500510504,-0.021907329339625567,-0.04243751201196892,0.0026055014018648522,-0.11237194648886104,-0.06684194878508318,0.10136899852046936,0.0411695882934064,-0.0053717204034558425,-0.014422538503753126,-0.04553474286975334,-0.06443909950748863,0.12090308408023138,-0.042458339165700465,-0.146463879487402,0.07137777418288789
32003003104,las_vegas,46.988451935081194,30.68612509371,-16.302326841371194,False,False,Neither hotspot,False,-0.010928991718489956,-0.3579773999890631,-0.34704840827057315,Mid LST,Low HI,Mid LST / Low HI,22,las_vegas,Las Vegas,2024,GOOGLE/SATELLITE_EMBEDDING/V1/ANNUAL,/Users/yufeizhou/Desktop/heat-exposure-compare/outputs/pilot/alphaearth/paper_gis_figures/three_city_lstadaptive_heat_index_mismatch_GIS_READY.gpkg,las_vegas,0.17868468217037484,-0.12299962054696764,0.1476669347486568,0.04291349634860517,0.018459781490179513,-0.10386742381536572,-0.010262450200355835,-0.10108831916888475,-0.2847466350250764,-0.0941361169191808,0.10603109319377887,0.08361080822222886,-0.15888279239665237,-0.1361076723687799,-0.04529545500211653,-0.08401950241512553,0.16690609861536398,0.10889060600751195,0.19785787849829758,-0.0127017536880823,-0.007339785569195236,-0.10926106252762789,-0.13879250291149878,-0.11719966908891807,-0.13582142185352755,0.22670851436195263,-0.12791113306713434,-0.03935962144884132,0.14682420026917062,0.12861810325345455,0.05477201497798837,-0.1306864830758061,-0.01541623424837033,-0.19714419868546362,0.10578359950766099,0.058811717032210546,-0.14730812817440175,-0.03156087405672106,-0.23287963686235993,-0.009168709266873819,-0.008920420631007427,-0.17167705766112823,0.062271951702673155,-0.05441701444073751,0.13526737384402784,0.15324946716893942,-0.08957468769760737,0.11605425808611905,0.0693541278569279,-0.015314625038837635,-0.029467763682757137,0.049047781877735806,-0.09789841066176193,-0.04642460334839274,0.12884022360430655,0.0010913068878628412,0.032280319145988334,-0.01635756861239227,-0.015624555187958045,-0.11686660367236143,0.12166162750330023,-0.01993564744229521,-0.21590280738872528,0.07951069243468098
32003003228,las_vegas,46.17993243243247,29.637118028827103,-16.54281440360537,False,False,Neither hotspot,False,-0.6214734697581854,-1.2728930491140098,-0.6514195793558244,Low LST,Low HI,Low LST / Low HI,23,las_vegas,Las Vegas,2024,GOOGLE/SATELLITE_EMBEDDING/V1/ANNUAL,/Users/yufeizhou/Desktop/heat-exposure-compare/outputs/pilot/alphaearth/paper_gis_figures/three_city_lstadaptive_heat_index_mismatch_GIS_READY.gpkg,las_vegas,0.17688605989548695,-0.10696312386216697,0.14061727448864622,0.03626119804741658,0.04026049955237141,-0.07203855102678923,-0.022382405911858926,-0.07044883747903152,-0.2900176799993237,-0.0757118919850769,0.10445790800567643,0.05504881207773461,-0.14713091265484754,-0.1315409585066923,-0.049300459848385325,-0.11241994524470315,0.1135085062483527,0.11181154024539446,0.2192195469122495,-0.00950580014030455,-0.03755036748192599,-0.07320672749977594,-0.12857223857299432,-0.13148799770655556,-0.1642647359422455,0.22793990599236055,-0.15252240286230187,-0.0722577457463037,0.1713478376921005,0.15193274731179385,0.04016616379085648,-0.11235314100011638,0.004099971624742051,-0.20061096519025023,0.11699644224236454,0.07263016834423576,-0.11944050594332417,-0.05527690394018985,-0.25846162304405684,-0.029788297358873728,-0.03427602651027239,-0.14881509120306727,0.06034308319342024,-0.07773501361657902,0.1548588384160522,0.1887954924308087,-0.06207757288470606,0.12457978046808336,0.028804240214184686,-0.026315569823147943,-0.032940793242087416,0.03659513336273612,-0.04688094761812373,-0.0317207745017725,0.13881794198413536,0.03692291966993643,-0.007937082587001489,-0.026653712723977263,-0.05114915001092518,-0.131317811058128,0.12271251029496799,-0.01955523078450217,-0.18357899614669468,0.08418639503485581
32003003251,las_vegas,44.69900690846289,28.484741921582422,-16.21426498688047,False,False,Neither hotspot,False,-1.7397778496594667,-2.277964387040169,-0.5381865373807024,Low LST,Low HI,Low LST / Low HI,24,las_vegas,Las Vegas,2024,GOOGLE/SATELLITE_EMBEDDING/V1/ANNUAL,/Users/yufeizhou/Desktop/heat-exposure-compare/outputs/pilot/alphaearth/paper_gis_figures/three_city_lstadaptive_heat_index_mismatch_GIS_READY.gpkg,las_vegas,0.1933439425954049,-0.1427338245845292,0.17305641992870663,0.06362343257296516,0.046057874200640864,-0.06903559303971327,-0.007278521492778678,-0.03550744653680583,-0.3103334929620327,-0.14645823203412517,0.0800565503917649,0.03276178625774851,-0.1438094877525888,-0.11329552233901065,-0.03759437916237214,-0.05554808140898369,0.08091896977089681,0.09433811402386373,0.21327899745120843,0.00211651029402803,-0.020495109274253704,-0.10163484893293191,-0.051103449371419786,-0.14101644108975522,-0.09131249553024462,0.2601593455341579,-0.10991923560821806,-0.06698820127346657,0.1469487670639041,0.12421757895452798,0.011523511686579353,-0.10544380800678257,-0.048175731620186464,-0.1479749652808801,0.14824857076600145,0.06294015837089768,-0.09177637905542671,-0.07206641526681512,-0.2653249551504094,-0.0472161073482282,-0.05935332660876519,-0.13513792395341676,0.06696826159425319,-0.03675195290633888,0.11655140286560868,0.198697627674915,-0.07909265229090585,0.12441105974008645,0.08007339395936194,-0.044571283988214624,-0.03095409438478218,-0.012614465185480615,-0.1031783438250243,0.03419873736628275,0.13767366803954892,-0.02925985655181686,0.02670398743075997,-0.0165693789262939,-0.11515706035577918,-0.08122746576727498,0.17032059689509746,0.011195688949528703,-0.18143982890632143,0.06350114610557411
32003003241,las_vegas,45.46863564041371,29.165491630037852,-16.303144010375856,False,False,Neither hotspot,False,-1.158601303028384,-1.6842328648672027,-0.5256315618388188,Low LST,Low HI,Low LST / Low HI,25,las_vegas,Las Vegas,2024,GOOGLE/SATELLITE_EMBEDDING/V1/ANNUAL,/Users/yufeizhou/Desktop/heat-exposure-compare/outputs/pilot/alphaearth/paper_gis_figures/three_city_lstadaptive_heat_index_mismatch_GIS_READY.gpkg,las_vegas,0.16303926959396853,-0.08271626843691816,0.1493331585151951,0.06402136684833491,0.019847561635207463,-0.07213191614793908,0.0030456350264911097,-0.049988806013040184,-0.32375977130902966,-0.10433864496163628,0.09406319476749364,0.04764879882399365,-0.16416190950009013,-0.09444144805855283,-0.03222124160357572,-0.07562482733643504,0.10626596537162675,0.08914293279099572,0.2351656631089949,-0.02811798660800894,-0.011052883371647833,-0.13900345542111808,-0.12317512157161006,-0.15044934622011036,-0.15351941614398282,0.24197114016827173,-0.11375340086070751,-0.075839896309947,0.10971983635883581,0.14473105163290317,0.04467469525291054,-0.10672156643605868,-0.0215875281249346,-0.19133897326912952,0.10545049798819899,0.08788575679022466,-0.1010894969042613,-0.05428483392140834,-0.27501103973985275,-0.027271531078037328,0.03518070577705596,-0.1427822750190975,0.06326530777230455,-0.078608099100036,0.12093826891487,0.17923877796874776,-0.02788020699832023,0.12176247733164437,0.03330272314095748,-0.043996718933638504,-0.026320941729225916,0.008746731815313378,-0.07417507334410017,-0.040355460661143434,0.13592009860919305,0.04491150460045702,-0.006934755689569452,-0.0004731426865035965,-0.05998766782138285,-0.09916689225695198,0.10525539528317501,-0.01899551487855572,-0.17498176192732262,0.06686250845037994
32003003244,las_vegas,45.67573742540498,30.8977331107037,-14.778004314701281,False,False,Neither hotspot,True,-1.0022107016831459,-0.1734185989008675,0.8287921027822783,Low LST,Mid HI,Low LST / Mid HI,26,las_vegas,Las Vegas,2024,GOOGLE/SATELLITE_EMBEDDING/V1/ANNUAL,/Users/yufeizhou/Desktop/heat-exposure-compare/outputs/pilot/alphaearth/paper_gis_figures/three_city_lstadaptive_heat_index_mismatch_GIS_READY.gpkg,las_vegas,0.16045079771035692,-0.10596948918913601,0.1689611861776063,0.05884183775172565,0.00344929662174872,-0.06808477445564964,0.027655648041671605,-0.038043802450570895,-0.32359400018202683,-0.14821073718041677,0.09155472864972614,0.03496567468238901,-0.15158571817757277,-0.09188558735321552,-0.004773926080721264,-0.0413349515717721,0.06603558679003692,0.08921117654882459,0.22475083257034714,-0.022545804859204766,-0.010405630826605514,-0.1539934125249519,-0.11483932089164349,-0.1501559888003136,-0.12071933586224694,0.22608552947247115,-0.07310220428869323,-0.09823817423509848,0.11246467756945408,0.12919350869109808,0.031188942816867557,-0.10454151220583342,-0.06689339301199142,-0.14542752207531337,0.06909061368852955,0.09961845156947252,-0.09113463264657656,-0.06038065509269375,-0.2787435407735033,-0.026067517210746797,0.04767306676103093,-0.13136768765207912,0.048991296472807346,-0.08335638861320187,0.11037007207204796,0.17826022473797398,-0.025971518514182355,0.11167550426077402,0.054020100242996624,-0.04581546166862509,-0.02500458579654077,-0.007618207627187181,-0.09548406107516089,-0.01718814762809024,0.09885818016404589,0.030167577029619703,-0.002900472057211963,-0.0033740462612134856,-0.06093102037698365,-0.05664791442517669,0.10344456292983259,-0.0049420353550903556,-0.15414984434597528,0.059938195682148726
32003003235,las_vegas,46.157187650747744,30.8977331107037,-15.259454540044043,False,False,Neither hotspot,False,-0.6386489377788536,-0.1734185989008675,0.46523033887798604,Low LST,Mid HI,Low LST / Mid HI,27,las_vegas,Las Vegas,2024,GOOGLE/SATELLITE_EMBEDDING/V1/ANNUAL,/Users/yufeizhou/Desktop/heat-exposure-compare/outputs/pilot/alphaearth/paper_gis_figures/three_city_lstadaptive_heat_index_mismatch_GIS_READY.gpkg,las_vegas,0.1440925256810803,-0.13551396762047896,0.12229076048461525,0.06351286408872442,0.015399152696516417,-0.10073172197941425,-0.011682019810069885,-0.06543991721314815,-0.2920852058303456,-0.07056807707488937,0.12211730863254201,0.054386456632122764,-0.12874898593487935,-0.12657285213495997,-0.030439764193638457,-0.10778452207721262,0.10942290896116383,0.10077505687913857,0.2079136881514205,-0.032739307143506924,-0.02381144611458827,-0.08741302934639163,-0.1567848766467799,-0.15117591865403468,-0.18948698522859528,0.16566435249288128,-0.09774272430045586,-0.04582284511040199,0.11960202100215604,0.13408522944470844,0.03471259604491827,-0.12132982300762295,0.0029184106180399215,-0.1930835203369429,0.06944218940555329,0.07501468590608674,-0.10048779730336989,-0.050250955020076024,-0.26736727784965425,-3.136878973980272e-05,0.018357970132331616,-0.13456954010825872,0.059003733891036185,-0.08517717925097357,0.12260422986191284,0.18369550769539214,-0.03622248633736427,0.11359795706586066,0.03280740883432404,-0.03499890016219615,-0.03905547812563338,0.059858285130492093,-0.05985127791928894,-0.04717381606813028,0.12103479990777198,0.06860989177067518,-0.034020468178367,-0.027593329438586004,-0.05012673593440113,-0.16109867056050586,0.1017235626030156,-0.0302196966865457,-0.16995785929940507,0.09880555501276793
32003003309,las_vegas,45.821167479674834,30.8977331107037,-14.923434368971133,False,False,Neither hotspot,True,-0.8923908194359162,-0.1734185989008675,0.7189722205350487,Low LST,Mid HI,Low LST / Mid HI,28,las_vegas,Las Vegas,2024,GOOGLE/SATELLITE_EMBEDDING/V1/ANNUAL,/Users/yufeizhou/Desktop/heat-exposure-compare/outputs/pilot/alphaearth/paper_gis_figures/three_city_lstadaptive_heat_index_mismatch_GIS_READY.gpkg,las_vegas,0.17770408889166903,-0.10450928323551113,0.15171417831218115,0.07691446241447043,-0.0012514238857722446,-0.09137423661559949,0.004795044183294303,-0.05278930120752732,-0.3240206113023588,-0.09955365705779175,0.12708790642876308,0.06396214028873559,-0.17155147973289073,-0.10442268381914692,-0.004017537760356801,-0.06432857325474171,0.10168517803417834,0.0650506817838073,0.2393311595232642,-0.027544032894613168,-0.0037670702657742897,-0.1469186623724921,-0.16516544797215307,-0.16490422136475374,-0.1547768602792834,0.214709559877421,-0.07928796684857399,-0.05283656674896618,0.09659167712420587,0.12491321313522284,0.05211854635629026,-0.13055134747213912,-0.011299741831177145,-0.15802409240158802,0.0478049890965731,0.10002412978265389,-0.11010480239776654,-0.007835944075053058,-0.28875013048471965,-0.02152117792982008,0.05436817706035601,-0.11554690020733055,0.07207921117438912,-0.06329260305323922,0.09403444848392753,0.16179770533229296,-0.03311012617434457,0.092175801774587,0.06498956031072599,-0.034733069569764595,-0.043165459690917986,0.015118385859049082,-0.08873202994750372,-0.07809969992197494,0.12381437071799307,0.03806453001780677,0.013182185535891308,0.0010557542767516328,-0.02450017437938916,-0.07682963263269169,0.10196853288449896,-0.049567138572931026,-0.19233737122670927,0.06927619414635795
32003003103,las_vegas,47.296224489795954,30.68612509371,-16.610099396085953,False,False,Neither hotspot,False,0.22148201773480633,-0.3579773999890631,-0.5794594177238694,Mid LST,Low HI,Mid LST / Low HI,29,las_vegas,Las Vegas,2024,GOOGLE/SATELLITE_EMBEDDING/V1/ANNUAL,/Users/yufeizhou/Desktop/heat-exposure-compare/outputs/pilot/alphaearth/paper_gis_figures/three_city_lstadaptive_heat_index_mismatch_GIS_READY.gpkg,las_vegas,0.1874294764943782,-0.09166943350714016,0.1796291500797254,0.04815511785794939,0.023496024072226913,-0.08242280757299865,0.005232071063807333,-0.07803400857780907,-0.2990482806776482,-0.11433869343620054,0.09657170126836911,0.08042100481100334,-0.1513306477135337,-0.12119742545771374,-0.03019392739823491,-0.07332706098988463,0.15236092038795354,0.11666073076396853,0.22348241545757114,-0.01225006795465937,-0.017955455892171488,-0.10692901587793724,-0.12177277607416502,-0.11726627008706782,-0.10054259931850747,0.26137913240903404,-0.12978336596682266,-0.0605420336359011,0.15523615639658161,0.11603074417110822,0.05717547833616319,-0.10126325912127328,-0.054737583074128265,-0.19317944415328456,0.12667643305724574,0.04855047956981717,-0.1489770640101032,-0.05008624383332276,-0.24735605806501798,-0.02241715462374504,0.001806172032924524,-0.17248379495116387,0.061154510994214664,-0.05732331810597328,0.14409362913894308,0.16387739379993008,-0.07675025201344994,0.12153276386060353,0.07923554301690462,-0.021665668393347187,-0.03791296768670897,0.031120269853300644,-0.0930653150311366,-0.030675900206504587,0.12686048817643145,-0.015230405687367485,0.03928096145160987,-0.032725174682788225,-0.023222802794704723,-0.10774833616651831,0.12397986706520803,0.004751970125545273,-0.19414184373217833,0.047705807847175936
32003003220,las_vegas,44.68633193130041,30.68612509371,-14.000206837590408,False,False,Neither hotspot,True,-1.749349217190468,-0.3579773999890631,1.3913718172014051,Low LST,Low HI,Low LST / Low HI,30,las_vegas,Las Vegas,2024,GOOGLE/SATELLITE_EMBEDDING/V1/ANNUAL,/Users/yufeizhou/Desktop/heat-exposure-compare/outputs/pilot/alphaearth/paper_gis_figures/three_city_lstadaptive_heat_index_mismatch_GIS_READY.gpkg,las_vegas,0.14699323822137095,-0.12086244023979442,0.14626013873607427,0.0737711079228413,0.006254779777168287,-0.08850412875667611,-0.01435144090443921,-0.03146906918564413,-0.31302614991672983,-0.10858040114063022,0.12328141425571536,0.04359212494631782,-0.1501488789135976,-0.0891636104148129,0.026995362430189313,-0.04732529695549122,0.09067633126551738,0.06700888719111187,0.23093416502095288,-0.020298566576200112,6.88293840795505e-05,-0.15205140075086537,-0.1380016175896833,-0.15469167564735076,-0.14345354267557117,0.17621061972007893,-0.08490515100108696,-0.07028131070119693,0.10484472601509652,0.1143157385624163,0.023722642054675055,-0.11573634498177984,-0.010839445973115968,-0.1553160847828765,0.026120741938726662,0.11107079514952137,-0.10072390880881259,-0.003200397297528812,-0.30817828152300114,-0.008330588487969281,0.05565407370773055,-0.12009945195001206,0.047163893304217906,-0.07318869271464777,0.09412220960725644,0.15361145650887756,-0.02350542111083865,0.10844335948316391,0.06014824551941444,-0.02291511609873934,-0.032654055641815664,0.020195082460634388,-0.08758995824481129,-0.06010341812517496,0.09677014571782087,0.04624351035508257,-0.001930504230688005,-0.004906340440349293,-0.05203191786761484,-0.09148767760306402,0.11295792429573451,-0.05814100715063898,-0.16162679566044194,0.0687443869044947
32003003305,las_vegas,45.96984519104087,30.8977331107037,-15.072112080337167,False,False,Neither hotspot,True,-0.7801185051816112,-0.1734185989008675,0.6066999062807437,Low LST,Mid HI,Low LST / Mid HI,31,las_vegas,Las Vegas,2024,GOOGLE/SATELLITE_EMBEDDING/V1/ANNUAL,/Users/yufeizhou/Desktop/heat-exposure-compare/outputs/pilot/alphaearth/paper_gis_figures/three_city_lstadaptive_heat_index_mismatch_GIS_READY.gpkg,las_vegas,0.17852422401599144,-0.11335768231926623,0.1727320564719773,0.045586415256476526,-0.0028692245154764338,-0.09911929321818468,0.0053357911216142875,-0.09693056478626512,-0.2952129288411463,-0.1112963896552262,0.11117372265664545,0.08437596779921838,-0.1468524979054847,-0.12310702291089712,-0.02857004879300319,-0.08180690892511534,0.12252521165757205,0.08865181140533204,0.2139277099203187,-0.030488106011688467,-0.010410274028693257,-0.09656288386715106,-0.15643977677070386,-0.13868136034763168,-0.15121528361670986,0.21575546398384202,-0.09361906914591123,-0.04933950232739661,0.1385280402253269,0.12401686050655203,0.07751055694422332,-0.13054815216924154,-0.017595443126722114,-0.17338500684787247,0.08408064155499596,0.07829370195713682,-0.1403041558786851,-0.020849687418296292,-0.25690682483385685,-0.04135112705561923,-0.012174097782848906,-0.14307199616803098,0.06079547750996199,-0.0663984828520037,0.12369982195684455,0.17076901351885118,-0.05979066003477725,0.10417848625444084,0.07818854898411946,-0.022063724370432383,-0.03210393077223723,0.026244664005794928,-0.10917578111284476,-0.05784599865149617,0.11997071309058586,0.010803871125484333,0.009948798635612096,-0.022592434535624067,-0.007585644219859839,-0.09608320202489726,0.10351298348374892,-0.02929817382674351,-0.20905883960179772,0.07404770120632287
32003004924,las_vegas,49.02774107820808,32.08101575859078,-16.9467253196173,True,True,Both LST and HI hotspot,False,1.5290174429482482,0.8586085896011912,-0.6704088533470569,High LST,High HI,High LST / High HI,32,las_vegas,Las Vegas,2024,GOOGLE/SATELLITE_EMBEDDING/V1/ANNUAL,/Users/yufeizhou/Desktop/heat-exposure-compare/outputs/pilot/alphaearth/paper_gis_figures/three_city_lstadaptive_heat_index_mismatch_GIS_READY.gpkg,las_vegas,0.14949767363542524,-0.15709716146535987,0.1608981998054185,0.07621198861974972,0.015811893018612834,-0.1082320633364581,-0.00905058919416054,-0.05253798993475892,-0.33112103759223516,-0.12727405990947116,0.10481073273316995,0.04656365592578492,-0.11563121501051583,-0.12185254359647202,-0.040742511155012866,-0.048184840307560296,0.10535860757475463,0.08358549745365448,0.1952772442940019,-0.015299946074745293,-0.036609270744697775,-0.10658903252943414,-0.12699948075569104,-0.12254277324270692,-0.08991496930097526,0.21553759600570901,-0.05837982356147206,-0.053003008829155644,0.09932106772798036,0.09651933259246372,-0.005619159981652038,-0.10895302109793298,-0.08088792475103199,-0.15278839216997311,0.08611384379327756,0.05998015646906357,-0.12063487730471743,-0.04759465304060701,-0.2742463208613034,0.011064144696203641,0.022203062524687834,-0.14454557573127638,0.04523174410537959,-0.060416617002736546,0.13180446464961212,0.17319223996376928,-0.03728733514529504,0.11551121931284286,0.1010066533036145,-0.026788069630760962,-0.012869380125794274,0.03178013009390587,-0.10689439337179897,-0.03979039239543112,0.08118945946256026,-0.005332234732941828,0.02279847478349436,-0.019929880293937982,-0.056249918449014405,-0.08451328641843293,0.12226085646651588,0.011372442690588591,-0.16918832748705911,0.06997694473915124
32003005006,las_vegas,48.541260346124936,32.08101575859078,-16.460244587534156,True,True,Both LST and HI hotspot,False,1.1616569480275483,0.8586085896011912,-0.303048358426357,High LST,High HI,High LST / High HI,33,las_vegas,Las Vegas,2024,GOOGLE/SATELLITE_EMBEDDING/V1/ANNUAL,/Users/yufeizhou/Desktop/heat-exposure-compare/outputs/pilot/alphaearth/paper_gis_figures/three_city_lstadaptive_heat_index_mismatch_GIS_READY.gpkg,las_vegas,0.1674382295234508,-0.10701377820723681,0.1601754542513766,0.051611449866142314,-0.010696816924283793,-0.13345994860078872,0.011877706951792587,-0.08788012011427843,-0.3051110351963582,-0.06937680486310191,0.11908498867637166,0.0938017516853227,-0.1381166915095407,-0.1179924079950728,-0.031938452210944726,-0.08832099430345554,0.1354094899600241,0.06151063408661226,0.20689808100656176,-0.06026304733402407,0.004667390118844953,-0.12059524698002372,-0.15585506471872157,-0.133386926874831,-0.15124785564406482,0.14972345211065435,-0.08515255003873752,-0.022336723387967706,0.0988151694741091,0.1082683125738379,0.06367472547215346,-0.13141882278673078,0.020643173307271077,-0.1930656156490757,0.051392007409032284,0.04846345773341777,-0.1527187667821536,0.008115066745266152,-0.25601821661535473,-0.04656445134636911,0.02360737534907595,-0.13273266468057915,0.027843161546307577,-0.08486136425800406,0.09047287989135384,0.16315622572358202,-0.05053492775832744,0.08562878903483982,0.08927927993899719,0.008222855164036688,-0.03875028705856396,0.0667130952386904,-0.11495592535501631,-0.07617954415800494,0.11717367611870588,0.00124414567776946,-0.0014046149169315366,-0.025997684639596584,0.0038317206966929245,-0.11139133969965363,0.08424944515500073,-0.0474886364449153,-0.20499105778275603,0.07445017746312495
32003005010,las_vegas,48.667479908151584,32.104452955425614,-16.56302695272597,True,True,Both LST and HI hotspot,False,1.2569702414774904,0.8790498801068993,-0.37792036137059104,High LST,High HI,High LST / High HI,34,las_vegas,Las Vegas,2024,GOOGLE/SATELLITE_EMBEDDING/V1/ANNUAL,/Users/yufeizhou/Desktop/heat-exposure-compare/outputs/pilot/alphaearth/paper_gis_figures/three_city_lstadaptive_heat_index_mismatch_GIS_READY.gpkg,las_vegas,0.1589975173339003,-0.12053333738855394,0.14971568844497957,0.08234672374881569,-0.0024363486245958556,-0.08468513158082774,-0.00628087302436471,-0.07283597573680188,-0.28468748033548524,-0.06289017658335831,0.1404109261396777,0.05585468429958863,-0.14151145865760403,-0.12314311039686815,-0.029005238941873537,-0.08736935722637648,0.12229331379440649,0.0534090423550455,0.19902503154926832,-0.0560944738020615,-0.02994432221543859,-0.10513938748898342,-0.18376876512018986,-0.14302527962875766,-0.17284617848552608,0.18424752123813382,-0.052552292934351846,-0.04950771696094786,0.10112201768445761,0.14509481936383245,0.06519990717824643,-0.1335442053916692,0.00411451024140365,-0.2044298876832103,0.04793575294086536,0.07145263361664447,-0.117322073868812,-0.025260115829066256,-0.256909494407803,-0.0197274942156494,0.03943654190467122,-0.12684888539581624,0.06770575474361024,-0.10310500267351498,0.10569069289943867,0.17149194328824935,-0.04030517618041375,0.0813221745644121,0.038623683009913735,-0.03465890779937185,-0.04820831154267314,0.049786450148432054,-0.08201926651507135,-0.07956189672203044,0.11493562422469107,0.033372690468011466,-6.19921168612221e-05,-0.02623486596072332,-0.012858058567283443,-0.10965744889955413,0.09997260430049973,-0.015345759340770062,-0.1699985797811044,0.08158198317711854
32003004923,las_vegas,48.3818163054696,32.08101575859078,-16.30080054687882,True,True,Both LST and HI hotspot,False,1.0412545603800758,0.8586085896011912,-0.18264597077888456,High LST,High HI,High LST / High HI,35,las_vegas,Las Vegas,2024,GOOGLE/SATELLITE_EMBEDDING/V1/ANNUAL,/Users/yufeizhou/Desktop/heat-exposure-compare/outputs/pilot/alphaearth/paper_gis_figures/three_city_lstadaptive_heat_index_mismatch_GIS_READY.gpkg,las_vegas,0.16056312133027703,-0.11425393787353916,0.16121329113940439,0.046888197241765274,-0.01003294472503345,-0.09727304099291449,0.009795046814779853,-0.038962529145733366,-0.3237280427814171,-0.11185383650176334,0.10263989794994799,0.06931149553437127,-0.13825364511533353,-0.10075147351502832,-0.020221633512121612,-0.06686370826623474,0.1254648816537899,0.09191500456840397,0.21743104039364167,-0.0030555577262913465,-0.01658894379398669,-0.12526593875043085,-0.1400978831758894,-0.13074409965908448,-0.10746063127366241,0.21374913296996584,-0.08694442566209817,-0.06827883064533795,0.11685754951014005,0.11829396126391907,0.054515801200647786,-0.12319511277336538,-0.040096345699697986,-0.17572492282929686,0.08940222872222858,0.09912730653965887,-0.15549983812497334,-0.027724994177478892,-0.26783847934057703,-0.06047334559800101,0.04138632365831439,-0.16015719844628218,0.05219183709554359,-0.06151291534125674,0.10413975096140332,0.170221975044734,-0.046235570846147475,0.12718691813452526,0.04561561267439796,-0.020083161277772568,-0.03321521824246874,0.0264574361139174,-0.0787881491088701,-0.06548157978978393,0.1103617536965979,0.009237256168478047,0.01144381470021575,-0.017948101831173208,-0.028186036576986512,-0.07938736798238594,0.10642813603472527,-0.013294475944940605,-0.17870529579550967,0.06294988413186389
32003005107,las_vegas,46.89699453551916,32.104452955425614,-14.792541580093548,False,True,HI-only hotspot,True,-0.07999202618524025,0.8790498801068993,0.9590419062921396,Mid LST,High HI,Mid LST / High HI,36,las_vegas,Las Vegas,2024,GOOGLE/SATELLITE_EMBEDDING/V1/ANNUAL,/Users/yufeizhou/Desktop/heat-exposure-compare/outputs/pilot/alphaearth/paper_gis_figures/three_city_lstadaptive_heat_index_mismatch_GIS_READY.gpkg,las_vegas,0.18391356204116008,-0.10527961278106636,0.1782075210728518,0.06774637327513883,0.05198576538714901,-0.05867591668996777,0.0031495972732067112,-0.06220562709461477,-0.2955878838225524,-0.1362208700279444,0.07615518245729357,0.06396286606585605,-0.1642030546632801,-0.11999106738286945,-0.05155215384664541,-0.05758654647822329,0.11901927068370903,0.11287610880916626,0.2269982665279235,-0.03318978641092601,-0.026383311982587455,-0.08842377876829977,-0.09285756665462115,-0.11309759029354605,-0.1131100605515727,0.28145511127791767,-0.11086793997387472,-0.05586560878067297,0.14793106059507652,0.11702922564902808,0.043232022499084324,-0.0906681852034318,-0.06139389105427394,-0.18183089329559327,0.16813648596251232,0.022270234974650555,-0.1205187252240417,-0.07210147754886165,-0.2486680556845677,-0.016372517413845808,-0.008401355173488072,-0.17409981825832438,0.08481486418765155,-0.057473109460002884,0.15460200248441808,0.1916005751853608,-0.0744546149077065,0.11095860293845793,0.06259279394527491,-0.04424457287684259,-0.02733160693093946,0.00488482124654736,-0.09607439493282814,-0.010818946844744303,0.13349257925088773,-0.029308262881993914,0.030651028772514948,-0.02628805912878726,-0.055763981350096296,-0.08908688510980706,0.1471939068166695,0.040311242046913484,-0.17058144215785845,0.03547567914109356
32003005108,las_vegas,47.13778640059129,32.104452955425614,-15.033333445165674,False,True,HI-only hotspot,True,0.10183926309726357,0.8790498801068993,0.7772106170096358,Mid LST,High HI,Mid LST / High HI,37,las_vegas,Las Vegas,2024,GOOGLE/SATELLITE_EMBEDDING/V1/ANNUAL,/Users/yufeizhou/Desktop/heat-exposure-compare/outputs/pilot/alphaearth/paper_gis_figures/three_city_lstadaptive_heat_index_mismatch_GIS_READY.gpkg,las_vegas,0.16708650450515547,-0.13927706907094806,0.15526781164808523,0.05280714547114014,0.00510404722729313,-0.0955049682240016,-0.007375751615068996,-0.08277519052991755,-0.2865185194711828,-0.14289242877882197,0.0955752173306659,0.05135742047519865,-0.15419956304783358,-0.1153244083332491,-0.044743554007737045,-0.08890242494695494,0.11592036002174734,0.09015810387423469,0.18948847271812572,-0.0302730772409236,-0.018091559276178976,-0.08396510854646373,-0.12191563013280121,-0.13586600996682716,-0.15089367231716222,0.2132000265217541,-0.09374786021459815,-0.06792889147705918,0.15054263426210157,0.13200741600847288,0.05474075492431066,-0.11723769588233271,-0.02962538456392676,-0.1780802791648542,0.09533271139186508,0.0746977756841724,-0.12347064343307279,-0.0445668467581633,-0.24200084466937494,-0.03442412992645047,-0.020727799728832316,-0.14889684401039252,0.05841701934046582,-0.0626786139420525,0.13884721877446599,0.16459356936588673,-0.07280015444984919,0.11728828386466239,0.06740002120677212,-0.02498960306301626,-0.01250701480271018,0.015325495105664468,-0.11007321585998806,-0.013487363727067768,0.10552131114441304,0.010889607355700551,0.0008560755432901769,-0.03171214473565268,-0.053903012215595014,-0.0882052839546647,0.1449432495564615,0.008134502873904291,-0.18640200966210219,0.07600722525336182
32003005200,las_vegas,49.47106622516559,33.093711702871204,-16.37735452229439,True,True,Both LST and HI hotspot,False,1.8637894794474643,1.7418546593795254,-0.12193482006793888,High LST,High HI,High LST / High HI,38,las_vegas,Las Vegas,2024,GOOGLE/SATELLITE_EMBEDDING/V1/ANNUAL,/Users/yufeizhou/Desktop/heat-exposure-compare/outputs/pilot/alphaearth/paper_gis_figures/three_city_lstadaptive_heat_index_mismatch_GIS_READY.gpkg,las_vegas,0.15061377596587838,-0.15154368597696535,0.14581038985267114,0.09175483760392301,0.06370109783269369,-0.05859333217784401,-0.0477656398052287,-0.07939594607318674,-0.25348084927851067,-0.09098953270594862,0.12431029994106213,0.036528833682575035,-0.13013243410126937,-0.15151217025699046,-0.04255642086729595,-0.07056681514737387,0.12211799849607416,0.10265318815470725,0.19958315636972324,-0.04608664913202284,-0.06597253255448032,-0.05011705582401364,-0.13882919108896366,-0.1243676831243781,-0.13678513324964794,0.23611253843388655,-0.052154969386928283,-0.06146359422265087,0.13005029726130468,0.13477424129740195,0.01679193158106874,-0.10931167770782835,-0.023107958667496417,-0.2131626405422202,0.10127690594048006,0.048551849968102245,-0.10529535147070249,-0.06790910564229426,-0.24884645605206115,0.024311396719419932,0.02740030209255335,-0.15672351249777722,0.09141848912574627,-0.07913224120500678,0.16384295628562323,0.16589398664003768,-0.047922384455533124,0.10023060624082838,0.05866946876883402,-0.07858288624149674,-0.03302485944658419,0.025594032398755556,-0.06700913052462575,-0.03767346986484145,0.09615366481417506,0.012957463994876434,0.02378212396644286,-0.06746786365069363,-0.05207583572940285,-0.1505770216006678,0.1511666124967325,0.05133887572849597,-0.13865104539701284,0.07700859837903147
32003005311,las_vegas,47.03682456140355,31.968054492595165,-15.068770068808384,False,False,Neither hotspot,True,0.025599057132080185,0.760086822242178,0.7344877651100978,Mid LST,High HI,Mid LST / High HI,39,las_vegas,Las Vegas,2024,GOOGLE/SATELLITE_EMBEDDING/V1/ANNUAL,/Users/yufeizhou/Desktop/heat-exposure-compare/outputs/pilot/alphaearth/paper_gis_figures/three_city_lstadaptive_heat_index_mismatch_GIS_READY.gpkg,las_vegas,0.1784349483528744,-0.10424872114688893,0.161663577615025,0.06506598622036577,0.02899213017554161,-0.08666595289330149,0.005616315823563537,-0.06444322848825529,-0.32405527928326755,-0.11650556525149446,0.08783368020905329,0.059399799859017395,-0.1614378945742945,-0.10015303914938464,-0.05515245181583663,-0.08285848151495212,0.12338884544509425,0.10099241132021558,0.2145805312503185,-0.02955044752542953,-0.016637052682641876,-0.11765417343127085,-0.10817578630524256,-0.1429773361106289,-0.12687572677412987,0.25784129114371285,-0.10790303585201629,-0.061719377596733946,0.14162437926053037,0.13992753772929348,0.05736035321583377,-0.11757180452156801,-0.03297609049157179,-0.19281653811603391,0.13361189783538957,0.06167855648737046,-0.13534266367010786,-0.05996590981444623,-0.2530901857198548,-0.04111430874827824,0.002124291089649054,-0.16557450039682284,0.0627989257201928,-0.062428112535534624,0.12630862122109976,0.18428413618212,-0.06592625796174532,0.12592437074382057,0.05955860589362606,-0.032389103086677494,-0.03747438382256736,0.01890856458186118,-0.08733423390889875,-0.021207366960547706,0.12818110715886982,0.005497456773151742,0.009758105303601656,-0.008097400690288808,-0.0497431693820351,-0.09023406304774131,0.12678626533310794,0.0040092843115997765,-0.1765722596433161,0.06439267442984487
32003005312,las_vegas,47.15255482456143,31.968054492595165,-15.184500331966262,False,False,Neither hotspot,True,0.11299147361881365,0.760086822242178,0.6470953486233644,Mid LST,High HI,Mid LST / High HI,40,las_vegas,Las Vegas,2024,GOOGLE/SATELLITE_EMBEDDING/V1/ANNUAL,/Users/yufeizhou/Desktop/heat-exposure-compare/outputs/pilot/alphaearth/paper_gis_figures/three_city_lstadaptive_heat_index_mismatch_GIS_READY.gpkg,las_vegas,0.17238100556865502,-0.07981872100498515,0.18155120517566195,0.06128847844036364,0.013461459932569723,-0.08498590925991574,0.024238505302251537,-0.051337903130520814,-0.3297991854539725,-0.1425994895592835,0.08390940512210723,0.05309418671001285,-0.15950500308961818,-0.08010683074457904,-0.036359895917362516,-0.07759563811351358,0.11005629088986209,0.09807921973041438,0.22252292000119472,-0.02677401199017576,-0.009992097736028452,-0.11777751863212267,-0.1067364797968843,-0.1419557359150849,-0.13651728508347694,0.24468703177009363,-0.10826549805848694,-0.07942173018275325,0.1330041624106812,0.14897336181182744,0.06825825702715953,-0.10930933651490651,-0.03409547262467123,-0.1888284952741875,0.1115947082785288,0.07911601360542599,-0.12971962849851593,-0.049690465010642594,-0.2773909465571649,-0.05049442244468481,0.022309139439510708,-0.15631888577949193,0.059416433597871715,-0.0723803642851046,0.11693584678235765,0.19788258635294714,-0.041989552897471,0.12334446117921712,0.059932009281699825,-0.04113107282525593,-0.0364873375237553,0.012729084793722183,-0.0991940649253272,-0.03462426490468825,0.12014952067391634,0.023724819040726146,-0.006558794649634427,-0.017769169643777203,-0.050807863096812046,-0.07196438121728875,0.11522362688950889,-0.006016005601550753,-0.15835481868954632,0.05611236845428824
32003002974,las_vegas,45.72942834681044,30.816047771731157,-14.91338057507928,False,False,Neither hotspot,True,-0.9616666016613485,-0.24466234685255522,0.7170042548087934,Low LST,Mid HI,Low LST / Mid HI,41,las_vegas,Las Vegas,2024,GOOGLE/SATELLITE_EMBEDDING/V1/ANNUAL,/Users/yufeizhou/Desktop/heat-exposure-compare/outputs/pilot/alphaearth/paper_gis_figures/three_city_lstadaptive_heat_index_mismatch_GIS_READY.gpkg,las_vegas,0.149604276496366,-0.07974747148863436,0.1451408280502133,0.05339453042706285,0.009438122324828026,-0.06636991704212022,0.020754531658732187,-0.036750666232758834,-0.26828427458549703,-0.04187378788701988,0.09648159268251803,0.0023653494476757217,-0.17623915070384913,-0.11624884970838525,-0.005253095072209688,-0.08526318766805854,0.10291991329378464,0.05889928463917237,0.19881816047965364,-0.03466145504726591,0.002602451786556532,-0.1668551794616452,-0.13849731654236025,-0.10150737130324487,-0.160722617079718,0.18277909111780677,-0.07520349914102127,-0.06383048249213426,0.09292073362182715,0.15323961241401793,0.09254690072174086,-0.14530428037958465,0.07037478386971208,-0.20957245706238578,0.03350400076705784,0.055738356689728534,-0.0949744061576736,0.004204589810626891,-0.2629630850629704,-0.057292763056808214,0.07378356855480096,-0.1538566191798253,0.0377612262500103,-0.10544632809567293,0.07170309840313362,0.20611911744596975,-0.010700207481565985,0.06957944156552223,-0.006652233935753693,-0.030619889650260117,-0.07886613415217765,0.06741969423244941,-0.08306159869242184,-0.07107307973538654,0.16268720130934022,0.020131507041752306,-0.031581219482620215,-0.012498146598601274,0.0006421668756058943,-0.08687954126689067,0.06835447989418221,-0.05344774838604198,-0.13792937197054325,0.06655423406106815
32003002975,las_vegas,45.84068985307624,30.816047771731157,-15.024642081345085,False,False,Neither hotspot,True,-0.8776487170631091,-0.24466234685255522,0.6329863702105538,Low LST,Mid HI,Low LST / Mid HI,42,las_vegas,Las Vegas,2024,GOOGLE/SATELLITE_EMBEDDING/V1/ANNUAL,/Users/yufeizhou/Desktop/heat-exposure-compare/outputs/pilot/alphaearth/paper_gis_figures/three_city_lstadaptive_heat_index_mismatch_GIS_READY.gpkg,las_vegas,0.15622320300208853,-0.0908829923553191,0.1507613867530086,0.058143670901778514,-0.0009294840885945196,-0.08619348912834053,0.012948944344581234,-0.04978149253814268,-0.2777835482399321,-0.08001803556207267,0.10451100371566382,0.02275993562547769,-0.1578252277052778,-0.11687509374049737,-0.017740153858862094,-0.08522987248458423,0.11370229811291713,0.07549023944675354,0.1992257703839198,-0.026388452089855328,-0.014397933023980881,-0.14078153477026434,-0.13845192772539056,-0.1165740240231394,-0.16726703916628607,0.1951355636717345,-0.0817639168018486,-0.06834652622365017,0.11013004004680829,0.16225413298683336,0.0875012288406391,-0.1467875852671918,0.030956953725241192,-0.20805834260887635,0.06298931409353442,0.07466043987828258,-0.10406402741228714,-0.021964040920019863,-0.2643234606754032,-0.05495158336377995,0.0566158613071523,-0.15856517793080693,0.04686949423223105,-0.09228340396305398,0.09460514989448389,0.20390432138336512,-0.023111772903744433,0.09301063661407423,0.007577715754665779,-0.035730538678584806,-0.06491153870466135,0.05386505010206433,-0.08316088387872735,-0.05806061089457742,0.1477152882884945,0.039278893417415896,-0.03220878190802067,-0.021003316262223463,-0.01470414761834886,-0.10464468655851879,0.07953386217267067,-0.030588441042810766,-0.14337833008592354,0.08088370876672314
32003005351,las_vegas,46.45691823899375,30.657025551711687,-15.799892687282064,False,False,Neither hotspot,False,-0.41231072954308146,-0.3833572351187698,0.028953494424311665,Low LST,Low HI,Low LST / Low HI,43,las_vegas,Las Vegas,2024,GOOGLE/SATELLITE_EMBEDDING/V1/ANNUAL,/Users/yufeizhou/Desktop/heat-exposure-compare/outputs/pilot/alphaearth/paper_gis_figures/three_city_lstadaptive_heat_index_mismatch_GIS_READY.gpkg,las_vegas,0.1532054252359548,-0.16986986606834573,0.13766089492818173,0.07854875286175036,0.053332953020328734,-0.08419322944941629,-0.05437207133929167,-0.06227620833567025,-0.2834875557520034,-0.08492178588087869,0.09912927975991394,0.05834774311631757,-0.1238626269724405,-0.14570789517768395,-0.06583266550363971,-0.06992771038918462,0.13981109954002607,0.12183791245925794,0.17550586469285506,-0.04299344751457384,-0.04151167351359235,-0.1009927467202159,-0.09831955129687778,-0.1333931461214174,-0.13451662656400742,0.2541986510446359,-0.07310987409375776,-0.032041431701037335,0.11987148965831529,0.136011122339166,0.028241999884593444,-0.09949840370451171,-0.0038903122916888475,-0.20045183123977922,0.13716716614357732,0.03397301778100976,-0.11694922746900177,-0.07603884943926474,-0.2337227360177435,0.036869839354870315,-0.009083740785689923,-0.16469604545246008,0.08190744872858866,-0.05757447789970957,0.14370942822088864,0.1835084076195851,-0.06677546846859643,0.1367745712270352,0.06640947301482088,-0.07437082919454861,-0.011645100877935207,0.03960223016522153,-0.08953150404327383,-0.009426634999289819,0.12485684634457549,-0.014976726826415059,0.035110372917112484,-0.03148871588958462,-0.04635007436135138,-0.1052852838263997,0.13577309907645363,0.022429495265909927,-0.1652624335874196,0.04801943008020398
32003005350,las_vegas,47.06192372881358,32.104452955425614,-14.957470773387968,False,True,HI-only hotspot,True,0.04455241325445893,0.8790498801068993,0.8344974668524404,Mid LST,High HI,Mid LST / High HI,44,las_vegas,Las Vegas,2024,GOOGLE/SATELLITE_EMBEDDING/V1/ANNUAL,/Users/yufeizhou/Desktop/heat-exposure-compare/outputs/pilot/alphaearth/paper_gis_figures/three_city_lstadaptive_heat_index_mismatch_GIS_READY.gpkg,las_vegas,0.1617516798528795,-0.19414040947473143,0.14655955779444393,0.08340318217014486,0.03737362821564111,-0.09340022951069026,-0.04636904166204219,-0.06475387419131613,-0.28415343440476665,-0.09694690619977402,0.09777656082591035,0.061157023535483905,-0.11721884652708024,-0.13565214106643722,-0.05592533518229043,-0.06010796820466854,0.12398990452955747,0.09401682541893423,0.18794849293068605,-0.03805721843857728,-0.033379616274360056,-0.10949223587128992,-0.07518437015671844,-0.12814194241189528,-0.13067652987556527,0.24275975418449586,-0.07149904302517425,-0.03399044668696096,0.12765238313003993,0.12634664773785478,0.02062196874033211,-0.11578330597009345,-0.015393958521708391,-0.17066087604846983,0.1533859918977638,0.039986320742690866,-0.119022233895989,-0.07027838852596444,-0.23933640618008367,0.005455069714846037,-0.028575640400761312,-0.14253754867304244,0.05810843229092339,-0.04615252588813966,0.12569276014003006,0.18303571370775495,-0.0840603449961039,0.13187716406017416,0.06918964914700379,-0.06449569567789137,-0.01678652507942827,0.04505807434985768,-0.10609572454388123,0.007711701747236724,0.12856408076286038,-0.038623500586012445,0.039294295425049794,-0.02506753169124975,-0.06684987530116021,-0.10153510458417088,0.13297480715198018,0.01678610517675204,-0.17795808467116242,0.049924294227791495
32003004925,las_vegas,48.41835397316825,32.08101575859078,-16.33733821457747,True,True,Both LST and HI hotspot,False,1.0688455723232397,0.8586085896011912,-0.2102369827220485,High LST,High HI,High LST / High HI,45,las_vegas,Las Vegas,2024,GOOGLE/SATELLITE_EMBEDDING/V1/ANNUAL,/Users/yufeizhou/Desktop/heat-exposure-compare/outputs/pilot/alphaearth/paper_gis_figures/three_city_lstadaptive_heat_index_mismatch_GIS_READY.gpkg,las_vegas,0.17150218884422985,-0.11881534923573044,0.14392183934321182,0.08637938157248606,0.037587357076246566,-0.08987851304568806,-0.014848341747248969,-0.04215675173578687,-0.3437191165028921,-0.05606360257819761,0.09935353270921869,0.07278413655189557,-0.1369854075416558,-0.11906153197180205,-0.07065810824874999,-0.07192307655581406,0.14434159754986806,0.08829232519645243,0.21727462105123077,-0.03459450200465283,-0.02648416973755599,-0.14258331841035266,-0.13824119838691787,-0.14002505755751998,-0.09076992296212441,0.2534128242491281,-0.07845744393657139,-0.02202799054974631,0.07869324133941259,0.10309957868360264,0.031994943188197705,-0.10306681734033105,-0.0355099606993674,-0.19342447189300443,0.13419188812459812,0.0368780806456434,-0.14886465337309182,-0.04579538327243715,-0.25834384155281426,-0.021987834131508673,0.04392807770410687,-0.16111033396912458,0.07379162261860568,-0.059357290758513974,0.12687605351276546,0.1912239757688902,-0.04981391132200787,0.12133569801193356,0.058765061162308015,-0.033965163580841735,-0.03491745237362715,0.041831720214839496,-0.06913454809002371,-0.05914435658844261,0.14101617103387037,-0.015189114141127317,0.04329242445218705,0.0015850958714925898,-0.019802428561063408,-0.1025753864100177,0.11322633533035376,-0.008246207859714244,-0.18315285869346093,0.043949286044272305
32003005607,las_vegas,48.08658980582528,33.72419716713938,-14.362392638685897,True,True,Both LST and HI hotspot,True,0.8183175643789516,2.291747064412237,1.4734295000332853,High LST,High HI,High LST / High HI,46,las_vegas,Las Vegas,2024,GOOGLE/SATELLITE_EMBEDDING/V1/ANNUAL,/Users/yufeizhou/Desktop/heat-exposure-compare/outputs/pilot/alphaearth/paper_gis_figures/three_city_lstadaptive_heat_index_mismatch_GIS_READY.gpkg,las_vegas,0.1283873272000655,-0.11025526544883082,0.160340704809836,0.06999712908709843,0.007185224947668496,-0.08271066788382178,-0.014488269569896926,-0.04816358214292184,-0.3182931640399321,-0.13749393916203054,0.06555928183360685,0.0007774885563857956,-0.16050387768577423,-0.09774866567988688,-0.04283658795451804,-0.08756672614115588,0.0009626383324790735,0.038048309599341586,0.20510185638284897,-0.06731302136915052,-0.018869620075405536,-0.08318193261539314,-0.12005076041001246,-0.15566433213189573,-0.17332583126114845,0.178205466385492,-0.06750613852364433,-0.07142404728723128,0.09843545334628812,0.1541255476863482,0.04169927390140726,-0.11572584627805223,0.030935406824786647,-0.19503469355849545,0.025246020088161528,0.10539231885277865,-0.055279710597153656,-0.017606891613349787,-0.29041964954806004,-0.03999036517689037,0.03819314385530975,-0.12352516745211928,0.054277201394499895,-0.10798787992481192,0.09791938819043211,0.20888824103684378,0.02144304762107288,0.07539771457539217,0.054016779803152296,-0.08705800371368516,-0.03800030041795831,0.011832254453248642,-0.08625962536645547,-0.04863986619216271,0.07297198731256908,0.05750687453982112,-0.05340249732494411,-0.03422072797325558,-0.09959983289633458,-0.05190564307202387,0.1425020877955969,-0.02705607804171824,-0.08638723273448377,0.08873972864580448
32003005871,las_vegas,46.40553597650515,29.346202007206823,-17.059333969298326,False,False,Neither hotspot,False,-0.45111147155218534,-1.5266221513019707,-1.0755106797497853,Low LST,Low HI,Low LST / Low HI,47,las_vegas,Las Vegas,2024,GOOGLE/SATELLITE_EMBEDDING/V1/ANNUAL,/Users/yufeizhou/Desktop/heat-exposure-compare/outputs/pilot/alphaearth/paper_gis_figures/three_city_lstadaptive_heat_index_mismatch_GIS_READY.gpkg,las_vegas,0.17490562767089032,-0.11698600003249922,0.1769940104754457,0.03358167250370126,0.021080099318918126,-0.06111112552543405,-0.022436709643196478,-0.05836646098706486,-0.30530585095928126,-0.11965259585653669,0.09751544487445284,0.06855475908335447,-0.15165352513724487,-0.11056716436080832,-0.030713923460510113,-0.08523587296821095,0.11149554717417512,0.12045695942285621,0.21860978232354425,-0.016912985171797047,-0.024131608446140856,-0.11174814263659395,-0.09018666935280863,-0.11949659376611703,-0.1369956926486823,0.2439968360143963,-0.14253666937546303,-0.07414898129695191,0.1626296029520042,0.1397387341278899,0.051069743490358456,-0.12117895915659747,-0.017795532824157852,-0.19143585806736346,0.12015461133144063,0.07203631256170592,-0.12339560696712051,-0.04883174505796442,-0.2482156926454483,-0.043950193065749016,-0.02211621554412341,-0.1613425719665487,0.05788055304823315,-0.06526953355019414,0.13239516023487538,0.19624278532933873,-0.0644817243818021,0.13328419435386743,0.058123658580485085,-0.03180287198813239,-0.0360391492904124,0.021959945062370978,-0.06822925018536205,-0.017086041023413018,0.1336285426323565,0.012011131357682435,0.004863486421977413,-0.020972220114257038,-0.06888768190627557,-0.09927785480906819,0.12630685662947236,-0.005641159618613405,-0.16839315081759404,0.06303171076044599
32003003645,las_vegas,47.1861433172303,30.76536905919516,-16.420774258035138,False,False,Neither hotspot,False,0.13835544895580032,-0.28886295210001844,-0.42721840105581876,Mid LST,Low HI,Mid LST / Low HI,48,las_vegas,Las Vegas,2024,GOOGLE/SATELLITE_EMBEDDING/V1/ANNUAL,/Users/yufeizhou/Desktop/heat-exposure-compare/outputs/pilot/alphaearth/paper_gis_figures/three_city_lstadaptive_heat_index_mismatch_GIS_READY.gpkg,las_vegas,0.1723583988705003,-0.1158709076448061,0.14080374681639377,0.07958562037221749,0.021922640528224662,-0.09626594732392126,-0.004313489753536264,-0.060818027635432155,-0.31973260222125227,-0.07336514799744046,0.11080760391331883,0.06488736626436423,-0.14758169793085082,-0.10930767712362635,-0.04435029515611709,-0.0825372047679767,0.13448004736098898,0.09138278803474882,0.22819428398441413,-0.02637456163126389,-0.018775456564024184,-0.12306329122735227,-0.13814774663358959,-0.1511366234144604,-0.14053930100382064,0.2290091288687025,-0.08638858442361606,-0.04246115069278759,0.09831298086215869,0.12874973242669924,0.0316628130378711,-0.11413727911319088,-0.026902102101961686,-0.19453556202594943,0.11797117072326094,0.06133163351356537,-0.12419684260160078,-0.04629720167190588,-0.2720796642062359,0.002630798311617895,0.0412375940822188,-0.13698320053958196,0.07121204942724013,-0.06501016327925097,0.11756683551226854,0.1784362229894294,-0.0438508486287294,0.12097324033864569,0.04745238540278145,-0.04332794455967827,-0.030609839402390458,0.03742244898883555,-0.06744057561915705,-0.056956740545142125,0.1470770725356722,0.027205678516190067,0.010294594446320582,-0.005997500833721796,-0.04547319992360489,-0.11387582707126469,0.1075304149514418,-0.011166289974807633,-0.18017328232888705,0.06837774560460895
32003003263,las_vegas,46.05513917884485,29.88036829156433,-16.174770887280516,False,False,Neither hotspot,False,-0.7157097023103093,-1.060736735317507,-0.3450270330071977,Low LST,Low HI,Low LST / Low HI,49,las_vegas,Las Vegas,2024,GOOGLE/SATELLITE_EMBEDDING/V1/ANNUAL,/Users/yufeizhou/Desktop/heat-exposure-compare/outputs/pilot/alphaearth/paper_gis_figures/three_city_lstadaptive_heat_index_mismatch_GIS_READY.gpkg,las_vegas,0.1858570843645647,-0.12063718586673255,0.13696837254528596,0.02419093568601408,0.0343461387336982,-0.0700764006735744,-0.020425135352524878,-0.07765798961102355,-0.29511321121534784,-0.11470406803688309,0.08716216362778416,0.058171507798929184,-0.15174670328595666,-0.13458237586253383,-0.04399528064838229,-0.09988079819260247,0.11861975390576908,0.10912830398412193,0.22199620567482492,-0.013219688830681633,-0.02866920329698459,-0.07627464543134178,-0.12022618667169466,-0.12399342560134714,-0.16024905411756374,0.2384628232849103,-0.13558698510071357,-0.07714145891646458,0.17139961661477027,0.14214374492916654,0.0306016056012607,-0.11409711976781783,-0.030022860144946872,-0.1792958490838119,0.13123276142391233,0.07124456679977077,-0.11544457431704974,-0.057660698855189985,-0.24874800491573948,-0.0333811276897206,-0.04181603499545098,-0.1412497557010813,0.0641277085396928,-0.051279226463329546,0.15650493400258325,0.17496634912614234,-0.08821792406499496,0.13057859012760967,0.03987899459289765,-0.01867618332487086,-0.026047037707444924,0.01705718873050079,-0.07687219860944723,-0.01990787488959082,0.13338899408996474,0.020734960063725855,0.002766520913135379,-0.01481382433110407,-0.06310428013498784,-0.11075529535874565,0.12440104428440313,-0.011074525299302992,-0.21609332959871186,0.09808345403553961
32003003269,las_vegas,45.18915654520921,28.819043333904688,-16.37011321130452,False,False,Neither hotspot,False,-1.3696468223332832,-1.9863957180604654,-0.6167488957271823,Low LST,Low HI,Low LST / Low HI,50,las_vegas,Las Vegas,2024,GOOGLE/SATELLITE_EMBEDDING/V1/ANNUAL,/Users/yufeizhou/Desktop/heat-exposure-compare/outputs/pilot/alphaearth/paper_gis_figures/three_city_lstadaptive_heat_index_mismatch_GIS_READY.gpkg,las_vegas,0.14353644495674198,-0.00562421732472456,0.13107253033408278,0.030444656553244156,0.05058854047490246,-0.024507342466635884,0.008805358119102573,0.03141551945349735,-0.291559207003922,-0.06766615293413243,0.057365357185163675,-0.013813172315642237,-0.18141653858834328,-0.12039689744010293,0.03853720282883429,-0.07370174787722643,0.12108463346371046,0.09553660651144244,0.2309365359662299,-0.03386617143795555,-0.008092898363345999,-0.12764869786519373,-0.13284380303311244,-0.09337227676512128,-0.10012478364183824,0.17875102674129353,-0.13570098717152873,-0.06544445033268705,0.1228518480812328,0.11771363738916266,0.0747084835038723,-0.04799315754663292,0.03950196873733545,-0.15537247713270455,0.032774011079933066,0.03245689686594414,-0.058509872053318826,-0.009939754013555784,-0.3089153086534762,0.009303153402877148,0.09767401068019683,-0.11390479655653127,0.056291657798051994,-0.08591834714613253,0.1408724698526566,0.21523052806775259,0.02085122476484295,0.09665271280983079,-0.012242691798191685,-0.015998771788700236,-0.0762925483630054,0.03297854477278376,-0.04074477455922421,-0.06183992473552203,0.16409245394619895,0.08050659716761871,-0.037332615787196224,-0.04420003268852807,-0.02145191067848721,-0.1122450618820497,0.08818721661299281,-0.06331366943995063,-0.1263377543701901,0.05485042374005466
32003005719,las_vegas,47.54040048968175,30.458873194255343,-17.081527295426408,False,False,Neither hotspot,False,0.40586879864943587,-0.5561803731288532,-0.9620491717782891,Mid LST,Low HI,Mid LST / Low HI,51,las_vegas,Las Vegas,2024,GOOGLE/SATELLITE_EMBEDDING/V1/ANNUAL,/Users/yufeizhou/Desktop/heat-exposure-compare/outputs/pilot/alphaearth/paper_gis_figures/three_city_lstadaptive_heat_index_mismatch_GIS_READY.gpkg,las_vegas,0.15112135865366452,-0.007169019630149918,0.11986531270686904,0.035161050739404794,0.05084829251829439,0.013859226881176535,-0.0398690649571949,-0.027646822270795474,-0.20644052740012028,-0.08005343212307668,0.11115379209922967,0.011133415669928277,-0.1957175882740726,-0.12340536226233079,0.007203027701421436,-0.04107536889795022,0.09756419090319972,0.09967331798019226,0.22282686820021347,-0.044162825013191236,-0.037740474086385936,-0.08957020144611372,-0.10765537496266023,-0.07513319916555063,-0.1779312062553128,0.18919305464153968,-0.1466590326175984,-0.12386306027842808,0.17018719898346102,0.169877228677677,0.07870225753451301,-0.06454841755879447,0.06870528465917206,-0.21950412641487407,0.07162330124859315,0.058278072201923575,-0.05543175471663869,-0.026010218361377804,-0.2783645532047563,-0.0020552359405686133,0.05514065539782459,-0.13822418539263337,0.08480787234223072,-0.09778086144987434,0.17728525644023763,0.16441857659968281,-0.02094824057018055,0.10740739494104784,-0.016619180661766167,-0.0501772215614571,-0.047522721885254034,0.025749322542255388,-0.024139744881872933,-0.0413029291039746,0.16061244183108708,0.0899924300764678,-0.03347783421198855,-0.06289638689523894,-0.031746649160289964,-0.09447031070514557,0.08177786979600087,-0.0026558115455175483,-0.12201521245233406,0.058411306974788316
32003003648,las_vegas,48.23962387571549,30.894111814136732,-17.345512061578756,True,False,LST-only hotspot,False,0.933879534148781,-0.1765769960272132,-1.110456530175994,High LST,Mid HI,High LST / Mid HI,52,las_vegas,Las Vegas,2024,GOOGLE/SATELLITE_EMBEDDING/V1/ANNUAL,/Users/yufeizhou/Desktop/heat-exposure-compare/outputs/pilot/alphaearth/paper_gis_figures/three_city_lstadaptive_heat_index_mismatch_GIS_READY.gpkg,las_vegas,0.13625148291795022,0.0027092259942343654,0.14025846142551956,0.04317730850931118,0.03611522836508197,-0.012546731486338229,-0.003671055001575228,0.014418044214640598,-0.25661752850253056,0.014312848566219597,0.09444553051560946,0.0075769763371610595,-0.2311751698856716,-0.11390448801418171,0.02179267036851628,-0.050216874599922204,0.05067721948214123,0.09696228694064973,0.26359558643229825,-0.030948391210898176,-0.019733532765947432,-0.15367817705246808,-0.17890530167907895,-0.08184058937178372,-0.132725541444251,0.16291215205942067,-0.11444393694181096,-0.09162218192608472,0.12154348763296101,0.09668768337725958,0.09844920626733045,-0.12138130609386961,0.045944937951178356,-0.20165525333845805,-0.009052962039955561,0.02365580359816758,-0.05069646203353597,0.027872809885439866,-0.23782121807562442,-0.042564253138328505,0.13056659603975315,-0.16008913426686164,0.08776151192671694,-0.12407613630113908,0.08589990574471441,0.18349491029507847,0.004567209414055452,0.03944425932652175,-0.04322467600342975,-0.012359159971460292,-0.0980480093380532,0.054439019818089865,0.01871743267598922,-0.10223920720802704,0.1584100948750043,0.059220376997047804,-0.027188571536701286,-0.009228174261390238,0.016976680341406196,-0.09443911512522128,0.012470841845936926,-0.03802741211523549,-0.1278115440340014,0.025916984689423477
32003005872,las_vegas,39.91986734312887,25.433707516954847,-14.486159826174024,False,False,Neither hotspot,True,-5.348691749493311,-4.938994246857175,0.4096975026361358,Low LST,Low HI,Low LST / Low HI,53,las_vegas,Las Vegas,2024,GOOGLE/SATELLITE_EMBEDDING/V1/ANNUAL,/Users/yufeizhou/Desktop/heat-exposure-compare/outputs/pilot/alphaearth/paper_gis_figures/three_city_lstadaptive_heat_index_mismatch_GIS_READY.gpkg,las_vegas,0.14122778969905464,0.1469316460236581,0.01888914093592523,-0.0010915691731855884,0.07910250230143667,0.02807566374697736,0.020922358065885216,0.13662959941070832,-0.20462162599244188,-0.078103747004799,0.03313186918187728,0.002678091473234599,-0.1482450785115989,-0.09930968573910921,0.07336168199427871,-0.008634092919875954,-0.010054612423934314,0.17294411855112904,0.2175803870166171,-0.088879076100194,-0.005931333778629986,-0.1446675976375129,-0.028843917358330477,-0.017709950476393444,-0.060772563317114954,0.11234324184916471,-0.10516761990178682,-0.0004945600234207793,0.10497692435844078,0.11649030110060186,0.10636945871228798,0.12701249329680633,0.16610027208347217,0.05784092248152789,0.07000771698896219,0.003519074667967241,0.03735806842794914,-0.01638840466308872,-0.25718365893911715,0.0625798257686139,0.08169487835267325,-0.018566522246476713,0.0804608318934802,-0.1340683489228465,0.1396754669519688,0.17821143375003737,0.03947751667240601,0.03588294541318804,-0.10759464594318512,-0.10929619283170396,-0.02767449354712087,-0.051158666639159654,0.03737047542636784,-0.013758784416202433,0.15558241414585766,0.08483515633225636,-0.13219334980045527,-0.09763321715039168,0.011837770773908723,-0.13548140224569513,0.013042666916808205,-0.022330382586140358,-0.0021586320781961797,0.05562994799135016
32003003654,las_vegas,46.80723404255322,30.76536905919516,-16.04186498335806,False,False,Neither hotspot,False,-0.14777366057617725,-0.28886295210001844,-0.1410892915238412,Mid LST,Low HI,Mid LST / Low HI,54,las_vegas,Las Vegas,2024,GOOGLE/SATELLITE_EMBEDDING/V1/ANNUAL,/Users/yufeizhou/Desktop/heat-exposure-compare/outputs/pilot/alphaearth/paper_gis_figures/three_city_lstadaptive_heat_index_mismatch_GIS_READY.gpkg,las_vegas,0.18726447276084726,-0.11303915162550142,0.1480506896934324,0.0634845391959672,0.034620460756096066,-0.09262312156328684,-0.007783004378590685,-0.0904703215573404,-0.27993543052114966,-0.09684378036081824,0.11201560884201017,0.07584423054230109,-0.16009436005589583,-0.10356485906670473,-0.03729364565902524,-0.07674756724005842,0.15489645457534,0.10127301417246035,0.23238559537870843,-0.017909470966710198,-0.01804826294360902,-0.09398069608538367,-0.1167154553232249,-0.1337780414976956,-0.1433027776847307,0.26164895586385245,-0.11088127524145244,-0.052353784842192955,0.15454652886320383,0.125616859360363,0.04462153812309612,-0.11803303413979767,-0.029888245593906463,-0.19976500552864687,0.1494302960661592,0.05797029724732504,-0.14675073495203328,-0.03591528593130234,-0.26354492641878013,0.003634367281906479,-0.013661607615932424,-0.16098716055728776,0.08102963484451588,-0.04489400670689638,0.14100223433436884,0.14678106550252823,-0.07888524324929014,0.12800083260203926,0.06501965666101484,-0.02762878514889702,-0.02166751018277442,0.017698566347568907,-0.08621487500918804,-0.05774535416396063,0.15387873104061037,0.013082860925078313,0.0186641629331616,-0.013264958154876189,-0.03924048718099294,-0.11562242343044214,0.14860091315701804,0.024377695179834746,-0.21494653284510443,0.06962768863549318
32003003652,las_vegas,47.481581300813026,30.76536905919516,-16.716212241617868,False,False,Neither hotspot,False,0.36145214469251025,-0.28886295210001844,-0.6503150967925286,Mid LST,Low HI,Mid LST / Low HI,55,las_vegas,Las Vegas,2024,GOOGLE/SATELLITE_EMBEDDING/V1/ANNUAL,/Users/yufeizhou/Desktop/heat-exposure-compare/outputs/pilot/alphaearth/paper_gis_figures/three_city_lstadaptive_heat_index_mismatch_GIS_READY.gpkg,las_vegas,0.19365512269911347,-0.09420472856952801,0.14723446971749177,0.05804260759933867,0.01198943986083802,-0.0772614508945986,-0.003734800197930491,-0.06455405028999221,-0.2985640787622202,-0.08984160962464639,0.12877930057545123,0.083203387861849,-0.17586877382296096,-0.10249298420000762,0.008935811778556397,-0.0653726089622043,0.12143258747035242,0.09077755469534575,0.22397517624864705,-0.019663183680623194,-0.013394231822613364,-0.12382933749374073,-0.13992286837113094,-0.144362424006584,-0.15134515417720354,0.22375256146200337,-0.11611513913093327,-0.07729160662912395,0.1543468062654565,0.13928653097768162,0.04452493348183958,-0.1188427941201054,-0.022078558536930193,-0.19552639029666127,0.09480436183607963,0.09588288452753321,-0.11854832156182099,-0.01483909034226501,-0.28199394807252154,-0.01634453190452791,0.010677091109836093,-0.14322403417022914,0.05790969103184292,-0.051717375479211486,0.12692441518871816,0.1610100471124723,-0.06724665675778917,0.12431316840235127,0.05577756685816172,-0.022018354116367055,-0.042513968728373985,0.03523635238977218,-0.057483084876801246,-0.0618904952946738,0.13973415117417423,0.04379872161842394,0.009015918132186312,-0.01009912750568833,-0.03636532446753695,-0.09367754181214423,0.11369007834061315,-0.018876294151897354,-0.2083948469143587,0.08333996771907844
32003005859,las_vegas,46.06110132158594,30.816047771731157,-15.24505354985478,False,False,Neither hotspot,True,-0.7112074567665321,-0.24466234685255522,0.46654510991397685,Low LST,Mid HI,Low LST / Mid HI,56,las_vegas,Las Vegas,2024,GOOGLE/SATELLITE_EMBEDDING/V1/ANNUAL,/Users/yufeizhou/Desktop/heat-exposure-compare/outputs/pilot/alphaearth/paper_gis_figures/three_city_lstadaptive_heat_index_mismatch_GIS_READY.gpkg,las_vegas,0.16387394293712126,-0.16631104105072622,0.14178100954293604,0.040791658782179385,0.020305153977525345,-0.08776859136918731,-0.025244670778304692,-0.07495423189555538,-0.2866005809409418,-0.11374926791509692,0.11721341616659983,0.05685800294543903,-0.12518845040173723,-0.1213940615048364,-0.031262800497575356,-0.06305443382984677,0.11959245765994178,0.09363908016950465,0.20866395241740354,-0.009751276524645304,-0.028709563264607538,-0.1107753410629451,-0.1068184979635794,-0.1325059253064102,-0.1403554981736138,0.22463061571583035,-0.07793723154399433,-0.0676986347243893,0.13206095069669874,0.1292504034882315,0.011441829552628313,-0.1392352999106968,-0.03358696098720695,-0.16211255908259037,0.10760753327919224,0.08295797413568647,-0.11544471586404693,-0.051429994696071485,-0.2672999031437981,0.006719623553301112,-0.011628931131161164,-0.1432208399319287,0.05856404975009773,-0.05941080602551637,0.12919667078943683,0.15076586833224515,-0.06751293385127276,0.13285331054134394,0.07067141272566044,-0.03829372090006804,-0.017263390244893782,0.018533946267321043,-0.0883363530643937,-0.03265319295460705,0.12013226666808208,0.017524659736246725,0.023355593643094634,-0.023305505082364515,-0.06797207788571735,-0.09456712543150518,0.1261284348409233,0.015877065650849117,-0.1895385863981562,0.08667422471187351
32003002852,las_vegas,46.710086100861034,30.458873194255343,-16.25121290660569,False,False,Neither hotspot,False,-0.22113384441685804,-0.5561803731288532,-0.33504652871199514,Mid LST,Low HI,Mid LST / Low HI,57,las_vegas,Las Vegas,2024,GOOGLE/SATELLITE_EMBEDDING/V1/ANNUAL,/Users/yufeizhou/Desktop/heat-exposure-compare/outputs/pilot/alphaearth/paper_gis_figures/three_city_lstadaptive_heat_index_mismatch_GIS_READY.gpkg,las_vegas,0.17905499747283216,-0.03908934075599935,0.17209255772317872,0.06516254726928747,0.00785020102320395,-0.04037087717088811,0.027993161064740767,-0.026658174511332795,-0.29148575738458987,-0.0961298084496117,0.11441467303525987,0.016863410616962667,-0.19265696262629184,-0.07927144348090555,0.01646916429568687,-0.05806640827420892,0.07564836371815646,0.06595074337193313,0.23768652911139476,-0.0346125556722816,-0.020904701806288232,-0.16383997145670506,-0.14402470364285566,-0.13790487425968062,-0.14069414023526478,0.24366136665379173,-0.08808203370570628,-0.11043163306927982,0.1320924514117563,0.16900031734060297,0.10071543794143537,-0.1306409691052626,0.008265852238080901,-0.1975613903948401,0.04526615546372146,0.09447918555874797,-0.0946892059815126,-0.0221526701600673,-0.2663665569402751,-0.05765946907018758,0.08900254862256193,-0.15013162172531674,0.07400155038348535,-0.10488016401194987,0.08577910310135888,0.18111447622807084,-0.00987917066953142,0.08636596916143922,0.01244341732743018,-0.046270110896568586,-0.07697637720377247,0.009196388236058017,-0.043458212156311904,-0.05857468705928976,0.128514984279633,0.04534166911901102,-0.013334259251219909,-0.023316377515383558,-0.025075074601254084,-0.059998616244446225,0.0874678789888228,-0.013463610240519187,-0.12190123051156375,0.04652282482210213
32003005111,las_vegas,48.14909516380657,32.104452955425614,-16.044642208380957,True,True,Both LST and HI hotspot,False,0.8655177877976241,0.8790498801068993,0.013532092309275212,High LST,High HI,High LST / High HI,58,las_vegas,Las Vegas,2024,GOOGLE/SATELLITE_EMBEDDING/V1/ANNUAL,/Users/yufeizhou/Desktop/heat-exposure-compare/outputs/pilot/alphaearth/paper_gis_figures/three_city_lstadaptive_heat_index_mismatch_GIS_READY.gpkg,las_vegas,0.1660769617913645,-0.11008919152008972,0.1520171214505123,0.07650319714374598,0.03246371103227458,-0.08988496607604318,-0.0005518113735562142,-0.053845647857449074,-0.3025945088580424,-0.08595408906265165,0.09330067676778336,0.06082746989616737,-0.1409851031750503,-0.11883769678233029,-0.045827984418425234,-0.07596577560329726,0.13945637730313087,0.09359022505008306,0.20508257746181285,-0.02224008253928211,-0.023897276311142746,-0.10462577720314419,-0.11014872515422446,-0.12901676906645998,-0.1179788161044878,0.2279968748791448,-0.10153877996477455,-0.05043074199384763,0.1306615272387733,0.13155859555419816,0.05323414672738368,-0.09846237650807337,-0.01165304410170442,-0.2107573404222781,0.1211500704730503,0.05702825655142466,-0.1292577173004165,-0.05131088095179202,-0.27561674039809225,-0.015972147509398717,0.0261461001728542,-0.16879127142883946,0.05499389854353765,-0.055962102369789886,0.14677821355508106,0.2020961638618564,-0.04626272918202113,0.1244486967217438,0.05117644331476488,-0.039014777009203215,-0.03698390394446406,0.03097206078234119,-0.08709577929420541,-0.04894318317301136,0.12269446570915751,-0.003620969965903521,0.018540434064600226,-0.030218296727959643,-0.027717771868127825,-0.1133487597856452,0.13808997642664889,0.016604684474781344,-0.14549969765338983,0.051051474128179654
32003005116,las_vegas,47.60542884990257,32.104452955425614,-15.500975894476959,False,True,HI-only hotspot,True,0.45497423904850154,0.8790498801068993,0.4240756410583978,Mid LST,High HI,Mid LST / High HI,59,las_vegas,Las Vegas,2024,GOOGLE/SATELLITE_EMBEDDING/V1/ANNUAL,/Users/yufeizhou/Desktop/heat-exposure-compare/outputs/pilot/alphaearth/paper_gis_figures/three_city_lstadaptive_heat_index_mismatch_GIS_READY.gpkg,las_vegas,0.19012990064404092,-0.12643362359923813,0.16801085826955225,0.05099494330679672,0.014565598749919008,-0.06884835162677409,-0.00499396454179856,-0.08092510004664413,-0.2742005292903155,-0.12384388219126224,0.10056054779010973,0.06174140338183269,-0.17660495196179404,-0.1260269133776235,-0.031738152150875186,-0.07630517050236628,0.12550293348917593,0.10097072427131222,0.20049041833422585,-0.024808365502231408,-0.027227255621720438,-0.08270951302517161,-0.12389990428632865,-0.11518853679807817,-0.13742062085116677,0.2505505754198456,-0.10613426289038173,-0.06594091219544213,0.17632041518095876,0.13231050185927914,0.06664442386422993,-0.11684673588699271,-0.02890771126825441,-0.18355061259959993,0.12308297696825002,0.07091918508517495,-0.13472148856584756,-0.0495277260847548,-0.2322756772616388,-0.04270533369185551,-0.020545199565636253,-0.1617507098803486,0.056650324375028545,-0.04001517255062839,0.15350901164873967,0.1716399226805539,-0.08172123601263687,0.1209850464690327,0.05238614866740669,-0.01720307027724801,-0.024051083400970483,0.01351233781803098,-0.10713696484168032,-0.03198241450090794,0.12440474855369747,-0.00812265061472024,0.020208849583430295,-0.021385896459031956,-0.03213352316725919,-0.09330035853084909,0.13755453968481174,0.020562216940947727,-0.1999361565127961,0.07004387935689327
32003003646,las_vegas,47.42164781297137,30.871260300401993,-16.55038751256938,False,False,Neither hotspot,False,0.31619404030355597,-0.1965074695406977,-0.5127015098442537,Mid LST,Mid HI,Mid LST / Mid HI,60,las_vegas,Las Vegas,2024,GOOGLE/SATELLITE_EMBEDDING/V1/ANNUAL,/Users/yufeizhou/Desktop/heat-exposure-compare/outputs/pilot/alphaearth/paper_gis_figures/three_city_lstadaptive_heat_index_mismatch_GIS_READY.gpkg,las_vegas,0.1791533746001504,-0.07122704782276189,0.18529353496074039,0.08239286531460405,0.015259506646587066,-0.0802522264244141,0.03055808562694819,-0.05359210083965872,-0.3002415890515486,-0.08227213988349155,0.09596121350332014,0.04596603704712076,-0.18274846895550295,-0.09884771495275131,-0.017810048643832732,-0.07071439640243866,0.12003327719216611,0.09209130103022564,0.24140298734815732,-0.03056196628933784,0.004716583597585991,-0.15190604459405865,-0.13250202623384086,-0.13897949486321445,-0.13498797852739122,0.24855158958047963,-0.10666255630053488,-0.06069418586670752,0.1021561279383771,0.1503239288399608,0.0910718756005455,-0.11398135039252393,-0.014522015787416161,-0.2052813901398417,0.11159185527380311,0.05307458636861207,-0.14095687093348766,-0.031771861219405374,-0.2813296217467608,-0.038676740717840496,0.0649453639343115,-0.14531175708908453,0.05203997879705941,-0.08712001053702802,0.1016171323106832,0.1976258492634248,-0.031179008898740982,0.09508215158382399,0.03323665472559324,-0.04113904651952918,-0.05507819511507067,0.04793164675538588,-0.09676493850629295,-0.05099117792123485,0.16330929003133404,0.00548678056614,0.012209360800064255,-0.0032441046072800676,-0.013844864206885448,-0.07605360122713194,0.08196241052778759,-0.022146887398271267,-0.16332672667299683,0.02949472011989831
32003003655,las_vegas,46.75320998796632,30.76536905919516,-15.987840928771163,False,False,Neither hotspot,False,-0.18856932240163551,-0.28886295210001844,-0.10029362969838293,Mid LST,Low HI,Mid LST / Low HI,61,las_vegas,Las Vegas,2024,GOOGLE/SATELLITE_EMBEDDING/V1/ANNUAL,/Users/yufeizhou/Desktop/heat-exposure-compare/outputs/pilot/alphaearth/paper_gis_figures/three_city_lstadaptive_heat_index_mismatch_GIS_READY.gpkg,las_vegas,0.17498693081181996,-0.061813180577893305,0.1784340786748479,0.07763119641067698,0.00817914083327696,-0.09101004293260734,0.03559691963113838,-0.04590116796816496,-0.3216771674774583,-0.09195748898886312,0.0935814804708154,0.03868587315721735,-0.1710444582823315,-0.07849528237497672,-0.02059852941471981,-0.07889360252621824,0.11206190221314499,0.0774174177499468,0.2344677616288401,-0.017050736051624465,0.0007145418745311311,-0.16532961734499202,-0.13862437968669836,-0.14500447367228605,-0.13277446962588801,0.2334418479083838,-0.0977368008431811,-0.06438681515693492,0.09987661591075522,0.13197052690026465,0.08147962708007676,-0.11829856440453408,-0.008301594453622285,-0.18129177484300935,0.08318669314989412,0.07480935235445828,-0.1314936681562552,-0.019904447983894062,-0.29749243373349826,-0.028367690435172337,0.0703698304607397,-0.13106490588212097,0.05403841444447378,-0.08572998328056629,0.08836429638890991,0.2054486874553599,-0.013778462884037447,0.09229343993083458,0.03256127957884422,-0.042289376031161105,-0.06221534701396816,0.04594970005044535,-0.08223461024962495,-0.06179075027639853,0.1479900548826308,0.024289433879425358,0.0013732919178483323,-0.0005074714736942211,-0.019108411502925426,-0.07009384079262698,0.09051454402343896,-0.04874912729071548,-0.15187144953955833,0.03636367457916446
32003005722,las_vegas,46.010201525054505,30.53508563943086,-15.475115885623644,False,False,Neither hotspot,False,-0.7496438699931799,-0.48970993543266655,0.25993393456051334,Low LST,Low HI,Low LST / Low HI,62,las_vegas,Las Vegas,2024,GOOGLE/SATELLITE_EMBEDDING/V1/ANNUAL,/Users/yufeizhou/Desktop/heat-exposure-compare/outputs/pilot/alphaearth/paper_gis_figures/three_city_lstadaptive_heat_index_mismatch_GIS_READY.gpkg,las_vegas,0.15396771871417936,-0.05938133991856086,0.15398499107578165,0.06037780138000814,0.06714755175442769,-0.023285138907886874,-0.004398341988197176,-0.003475621785927241,-0.2791261331734596,-0.1498716462753788,0.08124074042081646,0.037925823227098136,-0.15780945022226492,-0.11723110423656745,0.01506592470638099,-0.018262178987314193,0.08491120688811975,0.10383295167495775,0.21715070118572555,-0.033565114461204186,-0.04345325515897616,-0.12569566173887078,-0.08706955845910669,-0.11108722715284945,-0.10935125918402654,0.24336155117082386,-0.10513066209792671,-0.09836341938380595,0.13952104508329474,0.14612011342868364,0.03146823240033635,-0.04473205937704409,0.0012595562298025047,-0.147070488063415,0.1121834239810253,0.07818057594533673,-0.04618392565892047,-0.0599494385387907,-0.32072711652016156,0.030990993760835635,0.0475192438329049,-0.15566021510827907,0.08659127300396506,-0.07397775923520707,0.17209010934003013,0.19644909000692246,-0.02421728528929711,0.13250460983220697,0.012741314921397434,-0.07103122310247807,-0.046755674867701776,-0.007745107393263494,-0.06775702041828956,-0.036328051707350976,0.10370371746405847,0.0427552324047132,0.018878526813142758,-0.0496406364472646,-0.05228238368812398,-0.0705996036780576,0.12550818374307712,0.012351877255796298,-0.11240450792286327,0.0646704545383297
32003003270,las_vegas,44.440973389355776,28.819043333904688,-15.621930055451088,False,False,Neither hotspot,False,-1.9346289815417448,-1.9863957180604654,-0.05176673651872066,Low LST,Low HI,Low LST / Low HI,63,las_vegas,Las Vegas,2024,GOOGLE/SATELLITE_EMBEDDING/V1/ANNUAL,/Users/yufeizhou/Desktop/heat-exposure-compare/outputs/pilot/alphaearth/paper_gis_figures/three_city_lstadaptive_heat_index_mismatch_GIS_READY.gpkg,las_vegas,0.15533367280361005,-0.11977714333459404,0.12309517237654073,0.03062532518833268,0.0556073879539516,-0.06995801284975614,-0.03770056647718221,-0.052045352259114795,-0.3088424975044399,-0.04166429224985227,0.08604573989005089,0.03933884126632255,-0.1483586960034374,-0.1430154843218646,-0.029614877348944083,-0.1224972173242337,0.1561832497627772,0.08934372123364487,0.21210782634173503,-0.011313516883562085,-0.015899455679431965,-0.07264772350343784,-0.12129163754632585,-0.13935995444188906,-0.15163407002626764,0.19460836078654886,-0.16182361353077376,-0.04492398561994097,0.15013430941899153,0.13127554605696054,0.04457312528489186,-0.06885538295380073,0.020614206245143863,-0.23159590166915842,0.095156778650351,0.04213357350998907,-0.08975852133526656,-0.046218639266706704,-0.2724644540438017,0.019289699445262442,-0.018651183631247677,-0.1434804723134546,0.05761934350710974,-0.05377795162759921,0.1675193157166665,0.20160668030318157,-0.03336041325785722,0.12600346606521923,0.043127797928282904,-0.023360842021615636,-0.03746062708832395,0.04842311598490155,-0.06777045797044166,-0.02890435447982454,0.15971305121289028,0.04474697845166417,-0.023051021654452202,-0.0405451677784626,-0.056125446350691194,-0.15444709990170652,0.15306346965740286,-0.03939648135502643,-0.1720426400006742,0.07410420159070637
32003003665,las_vegas,46.13714043993234,30.853611760200852,-15.283528679731486,False,False,Neither hotspot,False,-0.6537873652668068,-0.21190004996725217,0.4418873152995546,Low LST,Mid HI,Low LST / Mid HI,64,las_vegas,Las Vegas,2024,GOOGLE/SATELLITE_EMBEDDING/V1/ANNUAL,/Users/yufeizhou/Desktop/heat-exposure-compare/outputs/pilot/alphaearth/paper_gis_figures/three_city_lstadaptive_heat_index_mismatch_GIS_READY.gpkg,las_vegas,0.18022327987192666,-0.14243803247890233,0.15036655106331687,0.06186508214167665,0.01385037257988659,-0.10887750721249638,-0.02590267635110551,-0.08344288595080392,-0.2960238123655888,-0.08808903325528813,0.10820770281308661,0.08508184516458149,-0.14332044461916976,-0.12895467396197613,-0.04350978866635896,-0.07680434172433116,0.1433579414352437,0.10141222428077441,0.2094996573171353,-0.017633788213540818,-0.028184214259778403,-0.095117058933336,-0.12785150693372999,-0.13874426847708568,-0.1500424779761502,0.21813625137669085,-0.09708409191438153,-0.03808595694960012,0.13666793168971947,0.11298848167980878,0.041728418093142323,-0.12536265061074417,-0.022305778363787956,-0.18431409219954933,0.11706662888737543,0.06759331461623584,-0.13414767025993807,-0.03387563338724364,-0.24405203344278803,-0.003128529856765578,-0.02131842363520182,-0.13834629413634944,0.06281000934379993,-0.04218085724824749,0.13276544161965334,0.1614836012066233,-0.07845729328009364,0.13214239129519426,0.07320295009055071,-0.032862565350930587,-0.016450977104881224,0.03484828165070351,-0.08629668680610503,-0.038778430864458424,0.13146815657312308,0.013067125469106168,0.022145379966226002,-0.011053081227538135,-0.04282378327881447,-0.11109780181626792,0.1216147704270172,-0.006250436353034333,-0.2120959751034225,0.07859053228111317
32003003664,las_vegas,46.15149855907786,30.818314679798576,-15.333183879279282,False,False,Neither hotspot,False,-0.6429449918539025,-0.24268521082035807,0.4002597810335444,Low LST,Mid HI,Low LST / Mid HI,65,las_vegas,Las Vegas,2024,GOOGLE/SATELLITE_EMBEDDING/V1/ANNUAL,/Users/yufeizhou/Desktop/heat-exposure-compare/outputs/pilot/alphaearth/paper_gis_figures/three_city_lstadaptive_heat_index_mismatch_GIS_READY.gpkg,las_vegas,0.17015459599107793,-0.14744824438237467,0.13913359344234297,0.07755924439241077,0.01741963313122499,-0.10990356720570554,-0.027916193019045254,-0.07164258390366555,-0.31540009452498524,-0.06894470675400487,0.1201563884107943,0.08407093585494117,-0.13524879966941003,-0.13732714385876701,-0.04273447354247804,-0.07003603139339999,0.13527851132310678,0.08972213151877682,0.20769818899307885,-0.031649834045459596,-0.02461004811434368,-0.11853458336083074,-0.14897462930714492,-0.13996625044291813,-0.14122990637215665,0.2084876957158432,-0.07619787011141053,-0.026683633770093303,0.1059407435990407,0.10035000522716096,0.02955629813266062,-0.11634654604337913,-0.01721040434406309,-0.17467030400545924,0.09826462724383493,0.05373525646379878,-0.12624611361067836,-0.03307417541194658,-0.24700309408330082,0.022593200559688182,0.023155593248643656,-0.1333066656675597,0.07356297579703767,-0.058950139254743746,0.11659351188442839,0.16830909530036034,-0.06262785122927944,0.1127545310984558,0.07365685821454782,-0.04869638224428231,-0.02719730241035194,0.04952107451658518,-0.0764561631827274,-0.05238008774995248,0.12482465499957433,0.009465078731002172,0.0345244702907213,-0.006229580141026903,-0.028994381780565084,-0.11398305413986962,0.10725933684764423,-0.01066120419078477,-0.19085460236812324,0.07144629075717931
32003005718,las_vegas,46.91748015873019,30.458873194255343,-16.45860696447485,False,False,Neither hotspot,False,-0.06452253647012275,-0.5561803731288532,-0.4916578366587304,Mid LST,Low HI,Mid LST / Low HI,66,las_vegas,Las Vegas,2024,GOOGLE/SATELLITE_EMBEDDING/V1/ANNUAL,/Users/yufeizhou/Desktop/heat-exposure-compare/outputs/pilot/alphaearth/paper_gis_figures/three_city_lstadaptive_heat_index_mismatch_GIS_READY.gpkg,las_vegas,0.15472734185213502,-0.07954221780433189,0.15226215244128036,0.06917722428513699,0.09428895685968969,-0.028835016862620338,-0.02608105934979531,-0.034558597701389214,-0.24565542391957476,-0.11416382721525281,0.07558893739557947,0.03296753007829261,-0.15765202980250867,-0.1428225453875824,-0.0416485782704836,-0.040260610205928006,0.11951433229044978,0.13230753478570162,0.23359156211780166,-0.057309642455532196,-0.04490573216394291,-0.05398551174813038,-0.08157709623194284,-0.11323661005280901,-0.14149246049766329,0.26679988678836514,-0.12479487065038651,-0.04897436279685347,0.13001557824078103,0.15501773888172485,0.04848398063337298,-0.04064506452100772,-0.006950681790471547,-0.18841752424914743,0.16954721046395993,0.018087950093803432,-0.07683954685315549,-0.06700259822897081,-0.2946408751728499,0.07361505408671092,0.022745625756679058,-0.1536431730336133,0.12099903861296901,-0.06886348318221043,0.18315681168688144,0.20627859204056562,-0.0604799390551537,0.1291182377482408,0.021384551222487922,-0.10180588817460715,-0.02866873538265175,0.024083179896757116,-0.06599564589361817,-0.02819092597828793,0.14906368170723872,0.030483019228767557,0.020807724123532993,-0.046810559484862596,-0.04695024416270856,-0.10018268449145148,0.1342987869037464,0.03967436262377759,-0.13440413360651132,0.05162371648404761
32003003663,las_vegas,46.74327243589747,30.83155108494943,-15.911721350948035,False,False,Neither hotspot,False,-0.1960735539272759,-0.23114077550044143,-0.035067221573165525,Mid LST,Mid HI,Mid LST / Mid HI,67,las_vegas,Las Vegas,2024,GOOGLE/SATELLITE_EMBEDDING/V1/ANNUAL,/Users/yufeizhou/Desktop/heat-exposure-compare/outputs/pilot/alphaearth/paper_gis_figures/three_city_lstadaptive_heat_index_mismatch_GIS_READY.gpkg,las_vegas,0.18481404582470567,-0.09476691496466455,0.1392132957826693,0.042366136312901495,-0.010576259968244899,-0.08278510122749314,-0.012044146393372692,-0.07098433543481539,-0.30103777465761067,-0.07851353339944507,0.14315315191962177,0.08659885606039745,-0.16925217462799294,-0.11425035652933276,-0.009314735200391343,-0.07487858606168232,0.12576117587130653,0.08777103317484135,0.2106146318930941,-0.015960615556871106,-0.02689883449559658,-0.1323123589194708,-0.16832117228714136,-0.14388485767740902,-0.16708255173841677,0.20381642673022893,-0.11164027407389013,-0.07925643826293219,0.1502233917056837,0.1301920880107787,0.04611172959650434,-0.13013688125801418,-0.011067676656424328,-0.17452520247946673,0.06448446957343845,0.10751202339261437,-0.11137993803582112,-0.01861800840500376,-0.24352671646451907,-0.026476192337149405,0.018797771657358645,-0.12721067672764444,0.0691134719903211,-0.0540525055867838,0.12290745606661846,0.1428741314760092,-0.060552756465512,0.11600521211347219,0.04248932075599263,-0.021670992409102054,-0.034896832408898286,0.026744788069777002,-0.04587110581379321,-0.06264943360482418,0.12327285630692668,0.05268686266936737,0.009990602929325914,-0.0036052742206317554,-0.019245949432196187,-0.09038907733195879,0.07896213260712541,-0.03730701541560385,-0.21515988900474792,0.09021029713379465
32003003660,las_vegas,46.618914198937006,30.76536905919516,-15.853545139741847,False,False,Neither hotspot,False,-0.2899812885288854,-0.28886295210001844,0.0011183364288669395,Mid LST,Low HI,Mid LST / Low HI,68,las_vegas,Las Vegas,2024,GOOGLE/SATELLITE_EMBEDDING/V1/ANNUAL,/Users/yufeizhou/Desktop/heat-exposure-compare/outputs/pilot/alphaearth/paper_gis_figures/three_city_lstadaptive_heat_index_mismatch_GIS_READY.gpkg,las_vegas,0.19579977101473864,-0.08034147152905041,0.15997175824877066,0.03976924167908696,0.01959108513853901,-0.07973544194546402,0.01770751244791078,-0.04651636018854981,-0.32167108664648436,-0.11088605506702146,0.09479260186496838,0.0854640479215906,-0.1483522706805403,-0.0996745884971113,-0.019740929407663966,-0.06513360687409678,0.13670972747745858,0.10689900202367388,0.2242645792130791,0.00248900204801169,-0.021921944704905577,-0.12194397668338479,-0.12418806513980009,-0.12023713794107435,-0.09617614236173577,0.25655764536922815,-0.11782358424155916,-0.07729322114975433,0.15194557780703216,0.11289440434104418,0.04233601276552035,-0.09794987989530225,-0.05883568188221048,-0.17686880502030194,0.1286843515008298,0.07669032042998247,-0.13301513972461187,-0.048102573414694004,-0.26239580481955777,-0.02926612731692114,0.013553735691803489,-0.1572630690336908,0.07065503914902471,-0.054531435138214006,0.1325974664665525,0.17567860232867602,-0.07357983000377828,0.1285523582488739,0.053804386012124665,-0.0220397959084903,-0.04206398125530772,0.01873325449556123,-0.05738542672608274,-0.04945507892005094,0.1311978247882027,0.006145094341621836,0.0388210673155668,-0.014957758438831287,-0.03426285720580732,-0.08739879722836193,0.12284153293669806,0.0009065726484220918,-0.20016003816054936,0.06010296217270771
32003005877,las_vegas,45.53560100367228,28.243957473342338,-17.29164353032994,False,False,Neither hotspot,False,-1.1080331564054515,-2.4879700839849854,-1.379936927579534,Low LST,Low HI,Low LST / Low HI,69,las_vegas,Las Vegas,2024,GOOGLE/SATELLITE_EMBEDDING/V1/ANNUAL,/Users/yufeizhou/Desktop/heat-exposure-compare/outputs/pilot/alphaearth/paper_gis_figures/three_city_lstadaptive_heat_index_mismatch_GIS_READY.gpkg,las_vegas,0.11518119829483912,0.21251216807864526,0.03578012105560536,-0.021125592863022676,0.08523804223139757,0.06827990009649508,0.011897050845865686,0.1326257191450577,-0.18150501614646883,-0.008437561379488173,0.0056596438845235054,-0.07016381802319464,-0.2203277629119567,-0.14628447445949228,0.07327634061251811,-0.0019689853205591863,-0.03474374764674186,0.16286173855574756,0.202261438284395,-0.0805065550269312,-0.03405110845247963,-0.22491449195161634,-0.1221239611745663,0.06649010790947518,-0.03615033789385687,0.130698124302816,-0.09331358953802156,-0.06734245434484248,0.11000381950404924,0.08415631740768514,0.1252809909649855,-0.0051374823714514595,0.16034545803936603,-0.08772228513613886,0.01734417839382359,-0.04654571634483517,0.030448577059694212,0.007929917457735894,-0.2099631331372651,-0.052010752185056595,0.18274398062789046,-0.16837650193900777,0.04967812184266411,-0.15486189736772474,0.14531495396891492,0.20149191020717105,0.09771910614387513,-0.01688609544713651,-0.16814719140398776,-0.03970060230805909,-0.116303669990104,0.01211418002085841,0.08067411053510967,-0.0740930642036207,0.17793920164929175,0.06873360407303568,-0.13085364439051939,-0.060592980101380166,0.07458494779610261,-0.09835453158740011,-0.08582678864971707,-0.0327110914333126,-0.01332241773826645,0.021497176181389882
32003003653,las_vegas,47.47290556900729,30.76536905919516,-16.70753650981213,False,False,Neither hotspot,False,0.35490076265460774,-0.28886295210001844,-0.6437637147546262,Mid LST,Low HI,Mid LST / Low HI,70,las_vegas,Las Vegas,2024,GOOGLE/SATELLITE_EMBEDDING/V1/ANNUAL,/Users/yufeizhou/Desktop/heat-exposure-compare/outputs/pilot/alphaearth/paper_gis_figures/three_city_lstadaptive_heat_index_mismatch_GIS_READY.gpkg,las_vegas,0.17256052330940289,-0.10273939960879735,0.14927885144157357,0.06287262322134889,-0.007343328960904996,-0.09034732424581529,-0.004684403162001789,-0.0576199670646927,-0.2943629250600684,-0.09462768608420927,0.1323364059120537,0.07226330982876622,-0.1737023870790587,-0.1000519116865182,0.024677197526928114,-0.05193712175626464,0.10643239686531471,0.070980395191445,0.24936733483064996,-0.01893681421318735,0.0032893097181608526,-0.12493349758158845,-0.1525811275734053,-0.13911973158523244,-0.17053942279461776,0.17242852386449772,-0.09265206592284368,-0.0806142033270119,0.12176833925094378,0.11795776984285462,0.046449694549938934,-0.11991381585592771,-0.016692538927001437,-0.16314239318094562,0.04330990411610936,0.09799736419355136,-0.11893519909766169,0.011496902228767128,-0.29301503307561827,-0.023672253621671628,0.05059607866035844,-0.10854066453791555,0.04758561945359594,-0.061005604285834195,0.09787387318660919,0.1476609872654264,-0.04276832989871131,0.10129124336064316,0.04459069277274644,-0.018576457723810044,-0.03639663924411599,0.029917444489385624,-0.07387820798764388,-0.07865268955567094,0.13078445445236983,0.0462965315545259,0.004300116229078194,-0.0023561539916823145,-0.045285116133631155,-0.07225024968024962,0.08696080311127136,-0.03370823638826725,-0.20039597355961408,0.07301724956599441
32003003265,las_vegas,46.06733227680933,28.819043333904688,-17.248288942904644,False,False,Neither hotspot,False,-0.7065022204771253,-1.9863957180604654,-1.2798934975833403,Low LST,Low HI,Low LST / Low HI,71,las_vegas,Las Vegas,2024,GOOGLE/SATELLITE_EMBEDDING/V1/ANNUAL,/Users/yufeizhou/Desktop/heat-exposure-compare/outputs/pilot/alphaearth/paper_gis_figures/three_city_lstadaptive_heat_index_mismatch_GIS_READY.gpkg,las_vegas,0.16846247607601278,-0.12919503929789303,0.1356467892099509,0.024595442195930836,0.05610068143278665,-0.06388434346280439,-0.02727891636806587,-0.06638087980691512,-0.2793799711914107,-0.09810582201262523,0.0821216120959342,0.04907239588571878,-0.1410318475116688,-0.13669074404179857,-0.035486799139863565,-0.0896888046855567,0.12366366349488156,0.09466982459814309,0.2503440372311186,-0.017037857785628333,-0.02987454976900258,-0.05185053396168683,-0.10358949189814266,-0.11249744712288737,-0.1523640654181213,0.23116396460234565,-0.14663341220658246,-0.0683744604497012,0.16689479540704968,0.13096298403334522,0.010333705496227618,-0.10615461124999577,-0.021550152412777874,-0.18019825843729667,0.14257050707071828,0.04645071233941822,-0.10848220279768124,-0.04288604254315984,-0.2741598030901586,-0.013138703332874889,-0.05136916689629453,-0.13820059207282437,0.0690162278016071,-0.04298143379112998,0.16093617519454512,0.18520206121599575,-0.08585529416137067,0.12223827053954256,0.039477592771018755,-0.019344972589083232,-0.02163564113792677,0.023510175511372605,-0.07544281786821125,-0.025446044346009954,0.15035295651434633,0.018781162870631387,0.004601504401902062,-0.02788943582659262,-0.07477219285257455,-0.13964992308507604,0.14287853272601625,-0.006845179319336518,-0.21634912815881446,0.09099142256215138
32003003266,las_vegas,45.615816486972186,28.819043333904688,-16.796773153067498,False,False,Neither hotspot,False,-1.0474593295260728,-1.9863957180604654,-0.9389363885343927,Low LST,Low HI,Low LST / Low HI,72,las_vegas,Las Vegas,2024,GOOGLE/SATELLITE_EMBEDDING/V1/ANNUAL,/Users/yufeizhou/Desktop/heat-exposure-compare/outputs/pilot/alphaearth/paper_gis_figures/three_city_lstadaptive_heat_index_mismatch_GIS_READY.gpkg,las_vegas,0.14595581529260024,-0.03586878389494131,0.11876061660910778,0.05597502702318988,0.05853502484667225,-0.05407242143778122,0.015878917773528612,-0.018737838566861755,-0.2945198224814118,-0.017555523406559963,0.08962988727491913,0.0010914735657852172,-0.17857064554676097,-0.13401415741590594,-0.002355230743033422,-0.0958861198954461,0.09226049383999055,0.07871189327092432,0.25745614481318635,-0.045754344642789005,0.0028016197454723913,-0.12409427108779979,-0.16569011868135686,-0.11873464972963355,-0.16083662638505822,0.16941294899397075,-0.11292568552626941,-0.056830104928901004,0.08441520036542284,0.12851977925233485,0.07554703487577046,-0.07903776523235558,0.05704337913667399,-0.18753333103659392,0.0312917937004886,0.031271520084317043,-0.07964202163572945,-0.00905889727142484,-0.2958322357463329,-0.006685073216110236,0.10014328626546384,-0.126289213917181,0.0472429115729166,-0.12532171161668945,0.11514546454847778,0.20880726219895737,0.026371070490755703,0.06411379172116839,-0.020939253572073862,-0.011101834804218409,-0.07512941148476743,0.06610864699647404,-0.06484774320090175,-0.0955834855138671,0.1640080806393481,0.06030823111120613,-0.04311605849023654,-0.016338715535071553,0.001815614382417596,-0.13518272586368452,0.06645932429465694,-0.07902131723980944,-0.14056326604087357,0.05839685651232595
32003003647,las_vegas,47.57631162369972,30.894111814136732,-16.68219980956299,False,False,Neither hotspot,False,0.4329866906767632,-0.1765769960272132,-0.6095636867039764,Mid LST,Mid HI,Mid LST / Mid HI,73,las_vegas,Las Vegas,2024,GOOGLE/SATELLITE_EMBEDDING/V1/ANNUAL,/Users/yufeizhou/Desktop/heat-exposure-compare/outputs/pilot/alphaearth/paper_gis_figures/three_city_lstadaptive_heat_index_mismatch_GIS_READY.gpkg,las_vegas,0.18298359908311126,-0.0926759642886916,0.14419327663928616,0.047327547079073586,0.012815687059746086,-0.0775529437460711,-0.008178878529247004,-0.062183648700374745,-0.30913407832877704,-0.06550726460412894,0.1259522092811273,0.07218627318341224,-0.1716774873786205,-0.10916870151102422,-0.010409595012505213,-0.07456360829322578,0.12934830942842648,0.09583318963244919,0.2326599401821195,-0.0038852523954681704,-0.028353812121033023,-0.12267772451349071,-0.1548983554278872,-0.13652688031270324,-0.1379295294219403,0.24087547666373002,-0.10555175309905011,-0.0686568637167881,0.14917801577071474,0.12374961427907702,0.05812287691055298,-0.12113471779320158,-0.003294522254340184,-0.1843532825123506,0.09150150507433949,0.08668636212169453,-0.12922140138514154,-0.014409217559985265,-0.2668257336666201,-0.020112318116003752,0.025013165790013957,-0.14189483731658406,0.06320511254200407,-0.05510127946028786,0.12514947061250356,0.15168964074867422,-0.053968874965119776,0.11364407550966192,0.04145911293185435,-0.021385183738952224,-0.04246558888709991,0.030284956236092384,-0.04932314124238076,-0.07973452213203212,0.14146709899706167,0.02431369146413899,0.030243909655451224,-0.004394381562134635,-0.014427100387473857,-0.08984900606777228,0.10360197180776205,-0.018654270480437614,-0.20629357319088773,0.0644061100750153
32003005442,las_vegas,49.50623306997744,33.093711702871204,-16.412521367106237,True,True,Both LST and HI hotspot,False,1.890345329788258,1.7418546593795254,-0.14849067040873254,High LST,High HI,High LST / High HI,74,las_vegas,Las Vegas,2024,GOOGLE/SATELLITE_EMBEDDING/V1/ANNUAL,/Users/yufeizhou/Desktop/heat-exposure-compare/outputs/pilot/alphaearth/paper_gis_figures/three_city_lstadaptive_heat_index_mismatch_GIS_READY.gpkg,las_vegas,0.16923139417846894,-0.0711494646801644,0.14257875974167897,0.0729295865406794,0.027162192984381727,-0.025644988927846245,-0.021040940386988883,-0.038525644215363725,-0.2524686432281368,-0.04451708470687527,0.1379827688323645,0.05404225547749736,-0.16361762391357537,-0.09463118896687676,-0.017121430874656132,-0.07926421956908321,0.08235381174462121,0.08190966591087838,0.17780347752619935,-0.02836503712680681,-0.05577843317187124,-0.10748888028937871,-0.14937214816776165,-0.13313346237731016,-0.18298882570764022,0.2017252000841175,-0.10934504378968177,-0.12673411418129665,0.17200418194692182,0.16910441023203618,0.03929033992347441,-0.12893581720815953,0.02554464107104164,-0.2548431906846207,0.05661574416539195,0.11682902654997133,-0.055240777696455634,-0.030568290454158962,-0.23183250849290762,-0.00586212860586457,0.020339207441158087,-0.14559365985992773,0.08698042391444107,-0.12700175904412367,0.1258986597369116,0.16465072287809038,-0.062276569301622446,0.12644149591910847,0.011590325502419783,-0.043820873223834156,-0.059555399356929294,0.06402608466512735,0.010029972735778079,-0.07069007758445389,0.12341682477008876,0.0761015848309215,-0.0012065569230151995,-0.03478736044414704,-0.0563909524796845,-0.10593117938102223,0.1009579314863932,-0.015630939420376282,-0.1452562019479147,0.08363020324037086
32003003264,las_vegas,46.0438412698413,29.88036829156433,-16.16347297827697,False,False,Neither hotspot,False,-0.7242411921913968,-1.060736735317507,-0.3364955431261102,Low LST,Low HI,Low LST / Low HI,75,las_vegas,Las Vegas,2024,GOOGLE/SATELLITE_EMBEDDING/V1/ANNUAL,/Users/yufeizhou/Desktop/heat-exposure-compare/outputs/pilot/alphaearth/paper_gis_figures/three_city_lstadaptive_heat_index_mismatch_GIS_READY.gpkg,las_vegas,0.18421896839439175,-0.14272946935173986,0.12444145061895127,0.03862099682403762,0.07555133954294146,-0.04885719321660264,-0.046520908354626654,-0.07836073187490604,-0.2811772884810152,-0.07844720029585715,0.09177303865278105,0.056622231013918764,-0.12736692258477414,-0.1400040708520667,-0.06513981655458453,-0.08291469431120488,0.14137830674852597,0.11096589999529732,0.23521960504099457,-0.019820173951370822,-0.047925267105635376,-0.07254933838021632,-0.09428608240622546,-0.10354925900739043,-0.1330498379968971,0.26430270920522786,-0.12129268759938493,-0.06430789155881818,0.1728782135658597,0.11890137859122149,-0.005011008921693838,-0.1061968789792536,-0.02726473434658769,-0.18132107557089355,0.1708836691229721,0.030932479442120638,-0.12193250153213529,-0.056380804068076,-0.24724614840449727,0.007253906728206902,-0.06260946375873067,-0.1481363399791415,0.08864435627279355,-0.03968489450599658,0.1652968525133042,0.18081115255820945,-0.10528584868264966,0.11459178873652995,0.044162496995398835,-0.04169245069918016,-0.022794602250463595,0.016968153448061924,-0.053733325048669414,-0.010845869980104537,0.15303565854058343,-0.013012865099725353,0.03793747802432159,-0.026423849242149838,-0.07949911234633932,-0.13814851342817133,0.15270747334093795,0.027562613596718154,-0.21161175929714734,0.07784288530311352
32003003662,las_vegas,46.81018830128208,29.154310615918835,-17.655877685363247,False,False,Neither hotspot,False,-0.14554278507138238,-1.6939846436044776,-1.5484418585330952,Mid LST,Low HI,Mid LST / Low HI,76,las_vegas,Las Vegas,2024,GOOGLE/SATELLITE_EMBEDDING/V1/ANNUAL,/Users/yufeizhou/Desktop/heat-exposure-compare/outputs/pilot/alphaearth/paper_gis_figures/three_city_lstadaptive_heat_index_mismatch_GIS_READY.gpkg,las_vegas,0.18618847662201757,-0.10431062912892328,0.14491839786141272,0.04491642326148791,0.007369541067746618,-0.09252854889265666,-0.011063380844495296,-0.0680378832991859,-0.3026635820853685,-0.07583782348594183,0.1284507799850621,0.08022494875521435,-0.15740007078765494,-0.10284041333562882,-0.0035054552652461265,-0.07163683128655583,0.1330377971070785,0.0770141913081519,0.2334359089339678,-0.011617563223703012,-0.019719992374168056,-0.118204895458308,-0.13633783178680972,-0.1403214516656149,-0.15499427646018857,0.20639301104754276,-0.11407138609613586,-0.064511633213276,0.13461982893034294,0.1213546137748896,0.04059725097485714,-0.1273722604646217,-0.018246098220477645,-0.18988331245159773,0.09368489178975567,0.0933112727145707,-0.13239353587986297,-0.0038493192072789604,-0.28518007956371494,-0.030460279082502154,0.013162242137405463,-0.1316611152163631,0.05738325701646182,-0.043742788800585145,0.11879861300198505,0.1553100777719662,-0.06691539716503098,0.12313302659013492,0.05073088736049056,-0.018253924629856196,-0.035018431015805186,0.03167004421338391,-0.054912451386709284,-0.07229152268648047,0.1331083690976996,0.032029532120590266,0.010576938376439493,-0.010616721389952724,-0.03465885005652804,-0.09689504118953682,0.10705372808578312,-0.024808814412495116,-0.21689291531367344,0.08054760245423484
32003002944,las_vegas,45.57729747675967,30.68612509371,-14.891172383049668,False,False,Neither hotspot,True,-1.0765465301535946,-0.3579773999890631,0.7185691301645315,Low LST,Low HI,Low LST / Low HI,77,las_vegas,Las Vegas,2024,GOOGLE/SATELLITE_EMBEDDING/V1/ANNUAL,/Users/yufeizhou/Desktop/heat-exposure-compare/outputs/pilot/alphaearth/paper_gis_figures/three_city_lstadaptive_heat_index_mismatch_GIS_READY.gpkg,las_vegas,0.180693036834063,-0.07485730225904534,0.1828301728589572,0.03982280228148292,0.024007906592516094,-0.0690442301996777,0.018188247765861497,-0.07247190627216209,-0.2928857646607522,-0.09697633555858982,0.09047810650272793,0.054389313833443566,-0.16825835671622957,-0.10495716752462161,-0.032458342053074955,-0.08321260177495075,0.11780882815814633,0.09081682175505193,0.2252877823048564,-0.038960170981417366,-0.002729236425415784,-0.1250689860929903,-0.10875555130785343,-0.12510591176554725,-0.14472048837674106,0.2082076037716801,-0.1448640907196301,-0.058506540705396216,0.14083727158951584,0.14966146437222955,0.08166484754009845,-0.11177667444019088,0.012167914210218511,-0.19649483612322272,0.10587109783609769,0.0726071868537511,-0.12749637198802147,-0.023965761459268573,-0.28568161966711864,-0.03947203411991086,-0.012478952499038609,-0.14419786002119436,0.03836276793754987,-0.07842571604372603,0.12952959654599233,0.2026734715958024,-0.05797303178747105,0.10403128829129098,0.040168197692586345,-0.039370818015384494,-0.05673580098470433,0.05108082443994018,-0.09283546677746445,-0.03980269651214491,0.14249298194967247,0.004979075333351662,-0.0014619654346801514,-0.031174189676287253,-0.02233106927707683,-0.08977282397239675,0.09942045217467672,-0.04327063053479946,-0.17416489931323995,0.054747223075460004
32003002946,las_vegas,47.615653477218245,30.68612509371,-16.929528383508245,False,False,Neither hotspot,False,0.4626952522425516,-0.3579773999890631,-0.8206726522316147,Mid LST,Low HI,Mid LST / Low HI,78,las_vegas,Las Vegas,2024,GOOGLE/SATELLITE_EMBEDDING/V1/ANNUAL,/Users/yufeizhou/Desktop/heat-exposure-compare/outputs/pilot/alphaearth/paper_gis_figures/three_city_lstadaptive_heat_index_mismatch_GIS_READY.gpkg,las_vegas,0.18071307798329578,-0.13195974062857713,0.166458006318533,0.06148347960536036,0.022515477680774516,-0.07917724301669454,-0.025988234680568694,-0.07983911534067217,-0.28743762229501724,-0.10867186121131506,0.10505426042748821,0.07149644925324486,-0.1618501051472532,-0.14135234609971384,-0.035998784197310923,-0.07421018175961877,0.1330986659578645,0.11208212377689745,0.19597325119235404,-0.024377640251492038,-0.031009619095703215,-0.09691436424554216,-0.12089075096606806,-0.12597223306976224,-0.12899773935901168,0.23841734428561254,-0.10980944457194322,-0.03861949937350173,0.14718790778609908,0.12389946492148989,0.05386176011175693,-0.11939858384785865,-0.03289728734212528,-0.19653617561030862,0.11415838668006173,0.06283025194171905,-0.11208291594152045,-0.05656201424403192,-0.23510741241805602,-0.01228233186599502,-0.011553965337301861,-0.16948282995203584,0.06654377262706052,-0.05687891324249471,0.14663548843888102,0.17416173192614595,-0.07078448475316235,0.11711787082308954,0.07265459175870648,-0.03693215589578843,-0.0281194304058429,0.028110339911749837,-0.09300746084814696,-0.018896434991057157,0.12481466537396098,-0.006166200370944045,0.027219135119138274,-0.027085976871827167,-0.037937715876592816,-0.11280948219296705,0.13677802049345283,0.003063956949631245,-0.17706221131624403,0.06408747848784813
32003002961,las_vegas,46.04051005747129,30.816047771731157,-15.224462285740131,False,False,Neither hotspot,True,-0.7267567200308945,-0.24466234685255522,0.4820943731783393,Low LST,Mid HI,Low LST / Mid HI,79,las_vegas,Las Vegas,2024,GOOGLE/SATELLITE_EMBEDDING/V1/ANNUAL,/Users/yufeizhou/Desktop/heat-exposure-compare/outputs/pilot/alphaearth/paper_gis_figures/three_city_lstadaptive_heat_index_mismatch_GIS_READY.gpkg,las_vegas,0.1484623329046952,-0.0692621604122382,0.15772650785598158,0.05236458319954708,-0.015312127203546105,-0.07229325002643919,0.028868127287507917,-0.027296610263649934,-0.2764958304726504,-0.07481746526240125,0.09093197752120966,0.0070208436792232485,-0.17729486484744827,-0.11293936583122431,0.007472844226523422,-0.06557345004677395,0.08662032568692242,0.058894012794678256,0.20589210986157913,-0.020785767665451794,-0.00617058775253686,-0.17257293760033796,-0.1543922193381364,-0.11125933134592267,-0.15055569235016092,0.1837868821064151,-0.066110637144109,-0.0718802399231781,0.09921151592517842,0.1485135093536168,0.10739903084734292,-0.15900290329678088,0.04609394640921567,-0.19550469214927613,0.013723473405449502,0.07373137888966565,-0.09839500304538162,0.002070526283876936,-0.2536345479837873,-0.06882628235620798,0.09089218989374505,-0.15605893718106129,0.04293698986768788,-0.10985481344868228,0.0584289495091567,0.1962468628607986,-0.0014136150171565475,0.062985969612087,-0.008670215182491694,-0.027400208200687132,-0.07700180227206656,0.04841419830661286,-0.08281203940535166,-0.06378835916183524,0.13868305678457937,0.02639236427120237,-0.026581487100848625,-0.016748566475580238,0.003661612831758843,-0.07802309779991404,0.058103133829016024,-0.04755710155552585,-0.12407987187796772,0.06204563902044631
32003005864,las_vegas,45.89784008796737,30.32609918355638,-15.571740904410987,False,False,Neither hotspot,False,-0.8344923550741418,-0.671982281669026,0.1625100734051158,Low LST,Low HI,Low LST / Low HI,80,las_vegas,Las Vegas,2024,GOOGLE/SATELLITE_EMBEDDING/V1/ANNUAL,/Users/yufeizhou/Desktop/heat-exposure-compare/outputs/pilot/alphaearth/paper_gis_figures/three_city_lstadaptive_heat_index_mismatch_GIS_READY.gpkg,las_vegas,0.15568841180444312,-0.11419149794690929,0.13772078668393714,0.04410199874525922,0.009218190945145466,-0.10028492620809032,-0.0033632341232623895,-0.05807580426361645,-0.28904499629833214,-0.07510519100365698,0.10720088233389077,0.04509588707561558,-0.15165159908243553,-0.13320499867635893,-0.018220316392615534,-0.07773102501691093,0.12994573213095134,0.09497725998581906,0.20652535140096306,-0.02537928087948647,-0.0034343778099634194,-0.12479694790198441,-0.14065851037621224,-0.12492728492811767,-0.1602995342436352,0.18332107471972156,-0.10115991192591166,-0.041637037655181494,0.1136567262840601,0.13600830259943514,0.07126453382414727,-0.1211166380607122,0.024303288581489123,-0.1892082771574523,0.06727893317590995,0.06128029117149343,-0.11901291423315853,-0.013950441211717833,-0.27658241854925164,-0.02913296839826845,0.03425267684639585,-0.15599674278205472,0.04083250352029703,-0.06835956122970037,0.11226647432902088,0.19003427390873373,-0.0402127304726132,0.09640166323184611,0.027909833784919284,-0.030791689682885568,-0.05193692286522586,0.05150963452316576,-0.09087296581653008,-0.06098984828447529,0.1307495753886348,0.02481391238880098,-0.01611467946144849,-0.018219716862652915,-0.005461425203482376,-0.11136540624191155,0.10129260875476886,-0.03471856527946206,-0.1682109077971835,0.07252479301404316
32003005366,las_vegas,47.47966350947163,32.38709831183864,-15.092565197632986,False,True,HI-only hotspot,True,0.36000394596670676,1.1255655313276514,0.7655615853609445,Mid LST,High HI,Mid LST / High HI,81,las_vegas,Las Vegas,2024,GOOGLE/SATELLITE_EMBEDDING/V1/ANNUAL,/Users/yufeizhou/Desktop/heat-exposure-compare/outputs/pilot/alphaearth/paper_gis_figures/three_city_lstadaptive_heat_index_mismatch_GIS_READY.gpkg,las_vegas,0.1530698045143302,0.037210333736107576,0.07125743641591206,0.007361521564336747,0.03505076296752983,0.031048508619491853,-0.0339781023870274,0.04595510441294107,-0.16830640336137556,-0.14518979066292476,0.12534054302115757,0.05815229514707396,-0.1737319430568831,-0.1380640038633004,0.05359636411636977,-0.010761308056855521,0.11258623461561817,0.1567807278861621,0.09396304503664209,0.021250629267408158,-0.08576230850035028,-0.10360797867666478,-0.10303393077588643,-0.024310901704981264,-0.08859141650496315,0.16901319689748537,-0.1672715161665946,-0.10438692298710485,0.2146016930667979,0.17919337762155668,0.08920986717649358,-0.013646099900345652,0.11713759118873306,-0.13839854551332484,0.02950425184252402,0.08747929115584992,0.002240779412231368,-0.047743758646909246,-0.22275678165417215,0.05338491281430936,0.019209267356848282,-0.12389490564992775,0.10693074436626505,-0.10066018593692681,0.24426772245446202,0.14453539981901428,-0.011307341656575681,0.1623167471690479,-0.07553206520559255,-0.05386063685542867,-0.03905451308560239,-0.013129326614999015,0.04044401514999611,-0.05673115686665618,0.1350584876858135,0.1213011151672099,-0.015134613658797143,-0.11735077580830054,0.0032480687291903654,-0.08032982289552022,0.08137271642798136,0.015607594215127687,-0.07453247007404583,0.06039787428656045
32003007801,las_vegas,48.24737295434973,30.894111814136732,-17.353261140212997,True,False,LST-only hotspot,False,0.9397311643871759,-0.1765769960272132,-1.116308160414389,High LST,Mid HI,High LST / Mid HI,82,las_vegas,Las Vegas,2024,GOOGLE/SATELLITE_EMBEDDING/V1/ANNUAL,/Users/yufeizhou/Desktop/heat-exposure-compare/outputs/pilot/alphaearth/paper_gis_figures/three_city_lstadaptive_heat_index_mismatch_GIS_READY.gpkg,las_vegas,0.1545926712901225,-0.08293988863107912,0.174271250619032,0.06810411719403535,-0.022673700280818672,-0.08291371570539587,0.03064259732188036,-0.04990522044078823,-0.3092780817132795,-0.07802311533647856,0.10372693453044107,0.03218324794146979,-0.15836857735347254,-0.1036549187195611,-0.006620048759158434,-0.08948845931686956,0.07217874673475946,0.050814029915648776,0.2437713395812736,-0.03455757979438427,-0.021982987567572634,-0.12357887554114409,-0.1890124758241919,-0.1595148211455886,-0.16885625765283974,0.19306115305194863,-0.06571225311213182,-0.06921970780861472,0.09207373784736643,0.13844232095803602,0.09267990984508484,-0.12718008310671752,-0.005239287326175196,-0.1754304347887146,0.046508052497194904,0.08719403532838567,-0.10631303065952494,-0.02635209391059989,-0.2793302416551649,-0.04950547420440618,0.09415415956516403,-0.12003871891291279,0.05796824634091367,-0.10459910093224899,0.08990734580595422,0.19597939213229595,0.007598830112297795,0.07342492475099949,0.00694981470338864,-0.04486152998145694,-0.05526701891989952,0.040006668729051405,-0.07077223809892855,-0.08219824228801371,0.11929764763494134,0.0495042965974132,-0.016123664942440896,-0.011484121446671039,-0.02461568921086372,-0.08234081628205052,0.06157343842633079,-0.03637685958203571,-0.1427121977987024,0.049619407357578166
32003003323,las_vegas,46.222090680100784,29.637118028827103,-16.58497265127368,False,False,Neither hotspot,False,-0.589638139585698,-1.2728930491140098,-0.6832549095283118,Low LST,Low HI,Low LST / Low HI,83,las_vegas,Las Vegas,2024,GOOGLE/SATELLITE_EMBEDDING/V1/ANNUAL,/Users/yufeizhou/Desktop/heat-exposure-compare/outputs/pilot/alphaearth/paper_gis_figures/three_city_lstadaptive_heat_index_mismatch_GIS_READY.gpkg,las_vegas,0.16517579809556698,-0.05054607526086015,0.16011439930117768,0.07087285199807003,0.00556419230054107,-0.06450423444595509,0.014968285820883264,-0.031003326069351148,-0.33391996516007977,-0.1322966308988696,0.10533637624586888,0.025760319549801083,-0.1722502723432011,-0.06023628988986817,-0.006423953893079753,-0.09176129610896881,0.0518025659388888,0.033128296708264005,0.2453124233421361,-0.024846242905278544,-0.018916524388301457,-0.10190433981132668,-0.14902912838981178,-0.17694729865454048,-0.17052316032319248,0.21103591496135135,-0.08401013983254506,-0.09157570094098308,0.11665045724830418,0.1581237945621633,0.06480391346115731,-0.09901253436050075,-0.009265569982431507,-0.18132584779974872,0.024539229501009067,0.11869971345959242,-0.05929895674632043,-0.011608338177696215,-0.3006390972046057,-0.04317447284908431,0.06508588772826969,-0.08902081447991107,0.09566829045307038,-0.12169526994318446,0.10284375403480323,0.18226841645963646,-0.003929480376639986,0.08951438803164925,0.04710515244269382,-0.04529339374490044,-0.06432388425041811,-0.009836016423240135,-0.05560116803987568,-0.06395648965753743,0.09832452488802608,0.08671075665153004,-0.03232470773296645,-0.01978662464275662,-0.05874364928192418,-0.08973807316328716,0.13529242016176368,-0.049028463638023385,-0.12442443601496692,0.07839131222436924
32003003621,las_vegas,46.63516953573295,30.76536905919516,-15.86980047653779,False,False,Neither hotspot,False,-0.2777062523832816,-0.28886295210001844,-0.011156699716736829,Mid LST,Low HI,Mid LST / Low HI,84,las_vegas,Las Vegas,2024,GOOGLE/SATELLITE_EMBEDDING/V1/ANNUAL,/Users/yufeizhou/Desktop/heat-exposure-compare/outputs/pilot/alphaearth/paper_gis_figures/three_city_lstadaptive_heat_index_mismatch_GIS_READY.gpkg,las_vegas,0.1706507070884268,-0.09881896918545177,0.17909882742097835,0.049485504272916724,0.0016473892608805287,-0.06154270517961407,0.02272799385728526,-0.01577956083004036,-0.3294131172192692,-0.13056755444460907,0.0921771967000582,0.03266717080333357,-0.15843055309429566,-0.09105604262290719,0.045272234907654654,-0.02125040172744279,0.06680387728723414,0.07109800861345657,0.28051856524640373,-0.0030399428265083486,-0.011238723714853023,-0.14834672674912347,-0.11433080195571467,-0.13696367986428656,-0.11758160559664932,0.22297273903649698,-0.07768052012559264,-0.11116089139709073,0.0968828320302157,0.10702637089740619,0.014558162359569771,-0.08693524974014781,-0.07523835624778293,-0.12355786221239669,0.06954816466281176,0.1010955205551725,-0.09758214497933794,-0.03021174343671695,-0.340742498215648,0.0018376180964151038,0.09310140415616071,-0.10181462166127941,0.046798567542729166,-0.06432222868684029,0.10083296633754958,0.19518601458811274,-0.010969180473423953,0.1077385829415366,0.0359409942737473,-0.042871606851571556,-0.048717752470809325,0.016480843904011458,-0.061920867814348524,-0.06529494812472754,0.10635629663574005,0.04218799462080457,0.024742994779693158,-0.0022488053412726347,-0.06191963595664782,-0.044319049110386,0.08729994701911421,-0.016599756388915896,-0.16664028048995974,0.04741171646837604
32003003619,las_vegas,46.69191729323311,30.76536905919516,-15.926548234037952,False,False,Neither hotspot,False,-0.2348538167038016,-0.28886295210001844,-0.05400913539621685,Mid LST,Low HI,Mid LST / Low HI,85,las_vegas,Las Vegas,2024,GOOGLE/SATELLITE_EMBEDDING/V1/ANNUAL,/Users/yufeizhou/Desktop/heat-exposure-compare/outputs/pilot/alphaearth/paper_gis_figures/three_city_lstadaptive_heat_index_mismatch_GIS_READY.gpkg,las_vegas,0.17769251534567612,-0.1353778045462163,0.14931462668759218,0.07108969464020204,0.026828109938704752,-0.08198713351269692,-0.014707823280971014,-0.04589648455251259,-0.33579718905110423,-0.08622711829724394,0.09880896295931606,0.07426633740953316,-0.12269124315848293,-0.1282607045687133,-0.023884036408062994,-0.035548356419529775,0.13491934710314396,0.09756453185471083,0.23531915055339583,-0.006915279677401725,-0.02664661322972839,-0.14258248417558522,-0.1252673645387029,-0.11936647728702465,-0.09888617576573877,0.24089150305434795,-0.07567620973057343,-0.06006154959606263,0.10509275614433095,0.09116822358424853,0.0010827380593588845,-0.09730509016267336,-0.05924836604105945,-0.151948239894126,0.11964822969845403,0.06240652999069592,-0.11223504819501001,-0.04773092157465356,-0.2793336085428631,0.027057275450500153,0.03797425688054654,-0.1318286606492783,0.074917132635096,-0.04558864647391784,0.13024849498046917,0.18105302650401486,-0.062183534725675296,0.12117451804735654,0.06532320882118353,-0.046064188608804714,-0.03816285870895214,0.03464339931232876,-0.06487941192753043,-0.045506846626678234,0.12430712600564604,-0.0035125030870492803,0.05822501180590748,-0.0023181040143605727,-0.048109427949221684,-0.09218823275528171,0.10533367373071141,0.00028952591215852244,-0.1916877762653355,0.05269024055638774
32003000520,las_vegas,48.00168439716315,31.627775852444717,-16.373908544718436,True,False,LST-only hotspot,False,0.75420219270945,0.46330497647705426,-0.29089721623239573,High LST,Mid HI,High LST / Mid HI,86,las_vegas,Las Vegas,2024,GOOGLE/SATELLITE_EMBEDDING/V1/ANNUAL,/Users/yufeizhou/Desktop/heat-exposure-compare/outputs/pilot/alphaearth/paper_gis_figures/three_city_lstadaptive_heat_index_mismatch_GIS_READY.gpkg,las_vegas,0.18403054650823022,-0.1441602718880002,0.14880106035602814,0.05996731379727541,0.03466429273006349,-0.0900432929580844,-0.042874150989341504,-0.12459720923241073,-0.25665295040956093,-0.10594600404234986,0.12292200348496164,0.0884864028249575,-0.15004712721219945,-0.17005448939309972,-0.04759118788429766,-0.0833547755056499,0.14871730688366752,0.09904137627938293,0.1963534569949027,-0.040486625209574675,-0.047268890208971265,-0.02987236849534529,-0.16212706784706632,-0.12177380894719611,-0.14468795498755752,0.23826477036074745,-0.07411981886083528,-0.02108691376893348,0.14667152656795227,0.11883443996101362,0.04723714987215593,-0.1272275321032414,-0.03913252243827394,-0.184515668445175,0.11862080711816053,0.032980852379140696,-0.15455278878502982,-0.039227301604688875,-0.22689531621690284,-0.007607670602871677,-0.026839440498105677,-0.15284623770682326,0.07506294131868153,-0.0332570772974106,0.1757776160822947,0.1453496552531393,-0.07812960759706325,0.10038480190777177,0.08968674916653223,-0.017234020198737238,-0.011170279051990598,0.013413630650697438,-0.11579042282080301,-0.0596575193538667,0.12457630180524339,-0.009102462844742882,0.03403711957373191,-0.03389866847081679,-0.017637002536254547,-0.1276590966444274,0.14074065625826895,0.032061491853132826,-0.22734135654780202,0.10326688881708945
32003000522,las_vegas,48.7250083752094,31.627775852444717,-17.09723252276468,True,False,LST-only hotspot,False,1.30041222126545,0.46330497647705426,-0.8371072447883958,High LST,Mid HI,High LST / Mid HI,87,las_vegas,Las Vegas,2024,GOOGLE/SATELLITE_EMBEDDING/V1/ANNUAL,/Users/yufeizhou/Desktop/heat-exposure-compare/outputs/pilot/alphaearth/paper_gis_figures/three_city_lstadaptive_heat_index_mismatch_GIS_READY.gpkg,las_vegas,0.17624660070549045,-0.14455223815278567,0.13392814079850449,0.05502212575323286,0.0034090943814834435,-0.1070933725055263,-0.0349559759098425,-0.1209183990342198,-0.26650115626206794,-0.08968019110481855,0.1495968469282564,0.07404657472737038,-0.13087712848413058,-0.15374783667628872,-0.036434498817348136,-0.09118086944597403,0.15041829891936861,0.07757069002458068,0.18352461019238966,-0.04286967058858333,-0.0363806624111306,-0.06488703899543456,-0.19590516285569687,-0.15169321491643692,-0.17663720483883086,0.19157042456500786,-0.06169915846924704,-0.024814016304444898,0.12481627951502036,0.13846870663418653,0.06029716416658161,-0.1567629214774536,-0.009817167250480225,-0.1951246661493675,0.04472121195076195,0.0842364807980012,-0.136036021889065,-0.03361587469342495,-0.2380874160880648,-0.005567492733924847,-0.00972182974844563,-0.12488144559479805,0.0746411434240207,-0.06503913018052138,0.13876036759893198,0.1309726624286223,-0.05736364485137473,0.09469721693418585,0.0774381185670079,-0.02601182503413429,-0.02368312475066809,0.020423383706943254,-0.10127898861122567,-0.06682263982801301,0.10482215955690956,0.033909934643050754,0.006253962697269389,-0.034452413236788985,-0.007846608198567695,-0.1343447740812708,0.11714919506076871,-0.014809246379470311,-0.22234206588123775,0.11730212061051844
32003002824,las_vegas,47.806992982456165,31.968054492595165,-15.838938489861,False,False,Neither hotspot,False,0.6071831439645835,0.760086822242178,0.15290367827759455,High LST,High HI,High LST / High HI,88,las_vegas,Las Vegas,2024,GOOGLE/SATELLITE_EMBEDDING/V1/ANNUAL,/Users/yufeizhou/Desktop/heat-exposure-compare/outputs/pilot/alphaearth/paper_gis_figures/three_city_lstadaptive_heat_index_mismatch_GIS_READY.gpkg,las_vegas,0.1846203655139092,-0.12034431375785631,0.1741789851270456,0.07074426529709908,0.021848688596204965,-0.06857155450431135,-0.0070628756465513235,-0.05360100596097298,-0.3192529398455802,-0.13032903917701646,0.11463030350001047,0.05023965143241928,-0.1553913650452541,-0.11661481128986556,-0.025628097750387935,-0.06353794383379596,0.10567811419411233,0.09566354875813644,0.23495492130483903,-0.03127147513590977,-0.035203236863800315,-0.10684120623569703,-0.14160372334530155,-0.1428897521225298,-0.11802965915522108,0.26473068454994036,-0.07399068660123795,-0.058661479435100146,0.12213560452406151,0.13350786051781624,0.0633909621804748,-0.12164957837333353,-0.05276775565456287,-0.15809450079898163,0.10460846655988393,0.0790353581582354,-0.1268672889939963,-0.050699746024572674,-0.2691541893971392,-0.03235731782577979,0.0277294942114139,-0.1469726287008891,0.07296541930449571,-0.05452827093188767,0.12817650851451057,0.16949750840839073,-0.04382878931400318,0.1056939099536678,0.06271818287097168,-0.03819604124207374,-0.03918183431305683,-0.007293756783140488,-0.10509349952389685,-0.04225158924919734,0.12199166186159374,0.0038259495642644485,0.01439718135434219,-0.014789463042066353,-0.03761968234180939,-0.07406893074215526,0.1317671820228245,0.015726442762510052,-0.1800020675054987,0.063680959755849
32003002834,las_vegas,47.062715404699766,31.968054492595165,-15.094660912104601,False,False,Neither hotspot,True,0.04515023846352722,0.760086822242178,0.7149365837786509,Mid LST,High HI,Mid LST / High HI,89,las_vegas,Las Vegas,2024,GOOGLE/SATELLITE_EMBEDDING/V1/ANNUAL,/Users/yufeizhou/Desktop/heat-exposure-compare/outputs/pilot/alphaearth/paper_gis_figures/three_city_lstadaptive_heat_index_mismatch_GIS_READY.gpkg,las_vegas,0.17124435151175763,-0.08833305875115446,0.16317050180986764,0.04188509515540512,0.010127947551315691,-0.07000500383665366,0.0012290293814714618,-0.07053675113267233,-0.30080841548520965,-0.11971240869146596,0.08682127449810921,0.04815384191506113,-0.16007190744315578,-0.09341258698872268,-0.05025372016461249,-0.09809947594422748,0.12126725277241374,0.10548192212650404,0.2058937279867667,-0.017348071410402215,-0.01825511702836707,-0.10335046407377842,-0.09495855492810902,-0.14162650959492978,-0.14275533059498655,0.2386744609299259,-0.1303219066884733,-0.08766691554503576,0.16859687910183946,0.16091100271584977,0.07668844592755054,-0.11424768729611526,-0.014674915910836306,-0.20414591016384143,0.11736138515169031,0.08215269251253196,-0.1341247773165046,-0.0522057602677466,-0.24445455899959326,-0.06983142261567708,-0.0008837314668792793,-0.16932636936162065,0.05353464051522797,-0.05930484499043504,0.13129314941977133,0.18116959040069894,-0.048190447726882635,0.12990422360904136,0.04624736537080256,-0.04353496135378844,-0.024687406868484366,0.004112622833727759,-0.07928914990794031,-0.02803286081838875,0.12597020954187418,0.022217425797371678,-0.017167202118516883,-0.02370412605621226,-0.0524209205803976,-0.08621747181388274,0.12789019222359843,0.009146960825772613,-0.17158913042901958,0.06423269569245825
32003002956,las_vegas,47.070192616372424,31.392363162761036,-15.677829453611388,False,False,Neither hotspot,False,0.05079657140035758,0.2579843823605234,0.2071878109601658,Mid LST,Mid HI,Mid LST / Mid HI,90,las_vegas,Las Vegas,2024,GOOGLE/SATELLITE_EMBEDDING/V1/ANNUAL,/Users/yufeizhou/Desktop/heat-exposure-compare/outputs/pilot/alphaearth/paper_gis_figures/three_city_lstadaptive_heat_index_mismatch_GIS_READY.gpkg,las_vegas,0.1622674602029804,-0.19674190651812812,0.11622634926228538,0.04461228424641649,-0.012045418914753372,-0.16330316243388449,-0.028445705685646274,-0.11409317225601073,-0.2720791383672833,-0.03872962318491284,0.13352338350066933,0.0876162643480567,-0.10315294761104173,-0.16787092717015792,-0.07213667204823224,-0.1088367988124531,0.19376204599297842,0.07561109470057256,0.14648294416992974,-0.03428519889407883,-0.02083174289542111,-0.08166030458219349,-0.17795782921868797,-0.1312757332728208,-0.16278204737734478,0.13594503964322174,-0.06654901606337263,0.028852135464756658,0.09694889977222584,0.10418921746973189,0.0739519101820435,-0.14931963164313677,0.024344606581407535,-0.19206699423316323,0.06539831920198592,0.05022261246509207,-0.1893434169631818,-0.021478420264869087,-0.21259430370089855,-0.011574892236867454,-0.009059673422020638,-0.11978906236203317,0.028156884387712595,-0.05736013007183452,0.11149358525079525,0.14931935247183184,-0.07605824064241595,0.09962657240351293,0.06519369724124494,0.004270099535839475,-0.02116940573192354,0.09675771378994759,-0.12965283739171338,-0.05921002683650695,0.11507091032796019,-0.003431536991705461,0.02142764843993945,-0.02037526275539451,0.0027976153877211406,-0.13076600244212686,0.09173650308607813,-0.04672049535886255,-0.24917215543929214,0.10055000610471018
32003002830,las_vegas,46.98079787234046,31.968054492595165,-15.012743379745295,False,False,Neither hotspot,True,-0.01670887176543406,0.760086822242178,0.7767956940076121,Mid LST,High HI,Mid LST / High HI,91,las_vegas,Las Vegas,2024,GOOGLE/SATELLITE_EMBEDDING/V1/ANNUAL,/Users/yufeizhou/Desktop/heat-exposure-compare/outputs/pilot/alphaearth/paper_gis_figures/three_city_lstadaptive_heat_index_mismatch_GIS_READY.gpkg,las_vegas,0.16200035439259786,-0.1086178932395195,0.1648675443436698,0.0678560904266663,0.011498565257422561,-0.07202097490819999,-0.0059681399872629085,-0.04921960610406139,-0.3066960669380957,-0.11656080406008104,0.10761572569444425,0.056500039318298424,-0.15354011504538848,-0.10070563842573915,-0.024454612810095148,-0.06424082983686141,0.12083958566657899,0.09924279220664234,0.21523916761939857,-0.026809807469187395,-0.02469454175867103,-0.13472576346505638,-0.11036238466420173,-0.13654326610992157,-0.13683676249626453,0.24330165375716986,-0.09799578731907445,-0.08183485815111534,0.13419940619207674,0.15288056242878212,0.05060180181888406,-0.11174106029173901,-0.028625170407617185,-0.1904119640836918,0.10543025386396455,0.08196683181456488,-0.11050103120233341,-0.06178105005537513,-0.2616015541260438,-0.019752662221008334,0.028315215941917417,-0.15637351275156364,0.060701872985793465,-0.07343904065089489,0.125844248728626,0.18987189565840895,-0.041410947752236256,0.1267629357799019,0.04465036649282682,-0.04729621651589366,-0.033817876758524115,0.02731270806853357,-0.08099859901467499,-0.028101270961965217,0.12758666923861287,0.026050606458446916,0.0028189447478361423,-0.01534927718424326,-0.05017114148168805,-0.09687979226932182,0.109590699348889,-0.0014583904551823182,-0.14826571005926156,0.05524783601042797
32003002957,las_vegas,45.2033426547353,30.816047771731157,-14.387294883004145,False,False,Neither hotspot,True,-1.3589343400645828,-0.24466234685255522,1.1142719932120275,Low LST,Mid HI,Low LST / Mid HI,92,las_vegas,Las Vegas,2024,GOOGLE/SATELLITE_EMBEDDING/V1/ANNUAL,/Users/yufeizhou/Desktop/heat-exposure-compare/outputs/pilot/alphaearth/paper_gis_figures/three_city_lstadaptive_heat_index_mismatch_GIS_READY.gpkg,las_vegas,0.13632953781111035,-0.18802538884358747,0.15114325570099613,0.06645309349767896,-0.001024339080705219,-0.09083308693363334,0.029727264605676023,0.033554227511418455,-0.3411381344525328,-0.21292960071126707,0.0768631968650932,-0.00553501988994157,-0.12628969262062278,-0.07216346683373179,0.04277670389570011,0.009295809253207402,-0.01115858386573861,0.08201692977974169,0.22681356596418004,0.03430877124144266,-0.012064370550788801,-0.16151708132305956,-0.050028187040553916,-0.1499792657719757,-0.03599912895579749,0.16576575285588066,-0.035898808360764395,-0.11472593852685846,0.10644286070548535,0.09277099233914284,-0.02367582779088309,-0.097113906635308,-0.12069889418343187,-0.024909549328721838,0.016423487139500408,0.13647218026224975,-0.05772458215415893,-0.05239765564965355,-0.3278810934804663,-0.0334181641996584,0.05471405434184613,-0.10974384413886697,0.028132842398904463,-0.036592965227437275,0.07530785597411613,0.20036359550939753,-0.01852103676044719,0.12341321152484078,0.07247044905846654,-0.057354969568457995,-0.034835128546044265,-0.040526008770938995,-0.09875728088274881,0.04310583036032692,0.04995466908261869,0.005214617346221707,-0.008427493429897754,-0.011248769701773537,-0.10167093041087573,-0.0207857117876782,0.12513951385062214,-0.01575902673152874,-0.0814213594544386,0.06275154986142797
32003002958,las_vegas,45.985840840840865,30.816047771731157,-15.169793069109708,False,False,Neither hotspot,True,-0.7680395687724693,-0.24466234685255522,0.523377221919914,Low LST,Mid HI,Low LST / Mid HI,93,las_vegas,Las Vegas,2024,GOOGLE/SATELLITE_EMBEDDING/V1/ANNUAL,/Users/yufeizhou/Desktop/heat-exposure-compare/outputs/pilot/alphaearth/paper_gis_figures/three_city_lstadaptive_heat_index_mismatch_GIS_READY.gpkg,las_vegas,0.18784099574558127,-0.15209440149370107,0.16018052407801883,0.05420574380740571,0.03167470050708456,-0.10338839797439381,-0.03132638598994054,-0.09562078949531144,-0.2770869063613791,-0.10128502009687188,0.10020831812616307,0.08132786847539777,-0.133498815164506,-0.1466608636167732,-0.045648187143458606,-0.0671802626717871,0.145868610475733,0.11472528629870624,0.2083377543495608,-0.03019434520889419,-0.02480611205967771,-0.08659737294188885,-0.11193620621102952,-0.11982813951820842,-0.13704357691276453,0.22127226879286932,-0.11239734090471844,-0.03062836187169354,0.15036277850978796,0.11994345063936146,0.03588467751824878,-0.13113804568457763,-0.030338577880182984,-0.19307840793695408,0.1269183094392065,0.04596712751238742,-0.14141514905852487,-0.04307147103527611,-0.24288872758040633,-0.015058617925278362,-0.03959031130408489,-0.15517617498776126,0.06022340551554605,-0.04234557504588264,0.14439814125915587,0.16772987530202105,-0.09422107260023951,0.12014441911990424,0.08859778951426309,-0.03130161206053013,-0.01993670802055787,0.028678128196781907,-0.10466984648918168,-0.020252327332885907,0.12256706403739616,-0.019005845222389562,0.03623757589540975,-0.02821917624338894,-0.05245159596020612,-0.11238086877808748,0.1307465301174894,0.010175681962173035,-0.21275369474923106,0.06853486808660383
32003002822,las_vegas,48.516997690531205,32.104452955425614,-16.41254473510559,True,True,Both LST and HI hotspot,False,1.1433352744664256,0.8790498801068993,-0.26428539435952625,High LST,High HI,High LST / High HI,94,las_vegas,Las Vegas,2024,GOOGLE/SATELLITE_EMBEDDING/V1/ANNUAL,/Users/yufeizhou/Desktop/heat-exposure-compare/outputs/pilot/alphaearth/paper_gis_figures/three_city_lstadaptive_heat_index_mismatch_GIS_READY.gpkg,las_vegas,0.18096650182647409,-0.10972775353095292,0.17070680510608077,0.08535700828693729,0.027080416746105875,-0.08520948206527883,-0.007537246363774505,-0.0755308103603526,-0.29658055157857316,-0.0785861583981388,0.11785811102931137,0.0608494776678321,-0.1570040513148715,-0.13330100458329253,-0.029472224654030873,-0.05798771874214752,0.14995422150492796,0.09331024189431394,0.22619152794628022,-0.039222211227576166,-0.03390316108180189,-0.08516282512018258,-0.14825336266156955,-0.12000792457222786,-0.1264363119520813,0.24405682103684495,-0.0921202270617047,-0.036805218999799834,0.13123696056870784,0.11680129851436152,0.0636403861843113,-0.09282524957032685,-0.03392111705300885,-0.1939314873305972,0.11422146759914725,0.03225136006897063,-0.15033373100764985,-0.037075604046886014,-0.25995715718494034,0.0010072544257397772,0.04048918983207279,-0.16209963567971733,0.05841777659609177,-0.059130934215229414,0.14830432403352412,0.1621737684891745,-0.05317039784078704,0.09434111382480403,0.0631888574593264,-0.021999668040724018,-0.039638832332783425,0.03366016346017226,-0.10167915001108763,-0.06633015862320024,0.12416267755092565,-0.005131892312213096,0.03501473352343141,-0.03620883191504136,-0.014438920651386727,-0.11535331331631268,0.12531266418644169,0.0262949932635328,-0.18923576462923802,0.05499376354865778
32003002947,las_vegas,46.45133202742413,30.68612509371,-15.76520693371413,False,False,Neither hotspot,False,-0.4165290948587239,-0.3579773999890631,0.05855169486966083,Low LST,Low HI,Low LST / Low HI,95,las_vegas,Las Vegas,2024,GOOGLE/SATELLITE_EMBEDDING/V1/ANNUAL,/Users/yufeizhou/Desktop/heat-exposure-compare/outputs/pilot/alphaearth/paper_gis_figures/three_city_lstadaptive_heat_index_mismatch_GIS_READY.gpkg,las_vegas,0.1791032191237868,-0.11728292037650766,0.17197687305340104,0.07262098347572593,0.01986754149332988,-0.0790732061578074,0.0006083923323187751,-0.07079701351300252,-0.2914526768191634,-0.14331336217213186,0.11512793116722382,0.060758721302178534,-0.16614309749083225,-0.12279309402706627,-0.013704364599897831,-0.05396251764420091,0.1128055404057249,0.09678337402084349,0.23648720892550762,-0.0347713784376101,-0.0186901700490105,-0.09386459572338188,-0.13826102229029857,-0.13170384751897438,-0.13955623054786748,0.2372259932125405,-0.08034969630233872,-0.05557494847811889,0.12066349371922633,0.1333211633786896,0.06416255364836171,-0.12693907765358428,-0.042138326853734365,-0.17144024067386512,0.09287297324915837,0.07175290148669641,-0.11783382006872084,-0.04573356877187381,-0.27881397970838834,-0.011775241604709727,0.02662047382340791,-0.15093387034059105,0.0802521350111586,-0.06147472914776454,0.12644272492365216,0.170471998006733,-0.04827901537366272,0.09817207407896782,0.06440502588114659,-0.04401336858299502,-0.03868544719797417,0.0034126864317746363,-0.11308733188297616,-0.038604596358631615,0.12057753282121053,0.012532388922752836,0.009284709129926266,-0.03143645414414684,-0.03269441180867484,-0.09109810378549181,0.12742264940521383,0.012575333033381994,-0.1715329845184352,0.06478435116931251
32003002949,las_vegas,46.52145510835917,30.68612509371,-15.83533001464917,False,False,Neither hotspot,False,-0.36357643297764025,-0.3579773999890631,0.005599032988577168,Mid LST,Low HI,Mid LST / Low HI,96,las_vegas,Las Vegas,2024,GOOGLE/SATELLITE_EMBEDDING/V1/ANNUAL,/Users/yufeizhou/Desktop/heat-exposure-compare/outputs/pilot/alphaearth/paper_gis_figures/three_city_lstadaptive_heat_index_mismatch_GIS_READY.gpkg,las_vegas,0.1753165416255465,-0.14263064895689717,0.15181553210153567,0.04509923167932072,0.019663475391302365,-0.11126765838835141,-0.03109990076751093,-0.10861936720475673,-0.2798704681613437,-0.11112166089026283,0.11184232877080526,0.09778510273891416,-0.1434148138475676,-0.15122462700267472,-0.02879005532484052,-0.06450773249238864,0.17116589081213346,0.11389074896010892,0.21508641166151066,-0.03142290801184802,-0.021256232424923048,-0.0676918483083205,-0.14278130287570223,-0.10980814436880225,-0.14430460664643086,0.21637848491036646,-0.10780647845671618,-0.029692422242321468,0.14722723825658549,0.11404862128909773,0.0452693063377809,-0.11972509063595035,-0.039950088131872195,-0.1992368318774713,0.10653428969250922,0.04445680617612835,-0.15613233554111844,-0.03382978168912559,-0.2451692293225549,0.02198958409234706,-0.010053835217172487,-0.1592717526924817,0.06540241961889037,-0.03559440039049902,0.15109725833336027,0.1453221847663128,-0.0830140274775369,0.11687582623694956,0.08704704737039709,-0.021761213753901606,-0.013045621343340932,0.030821815394691105,-0.11250208130691262,-0.05583097849149239,0.11678905558859445,0.004536332937212851,0.039193786873823334,-0.031596156338715306,-0.026132219150856593,-0.12635277259630776,0.12740042706620494,0.017453808686322934,-0.22838723012272236,0.07879165802323931
32003002948,las_vegas,47.06122088353416,30.68612509371,-16.37509578982416,False,False,Neither hotspot,False,0.04402166748659497,-0.3579773999890631,-0.40199906747565806,Mid LST,Low HI,Mid LST / Low HI,97,las_vegas,Las Vegas,2024,GOOGLE/SATELLITE_EMBEDDING/V1/ANNUAL,/Users/yufeizhou/Desktop/heat-exposure-compare/outputs/pilot/alphaearth/paper_gis_figures/three_city_lstadaptive_heat_index_mismatch_GIS_READY.gpkg,las_vegas,0.17583833026777052,-0.13990730527473744,0.15572364256251817,0.07238932965442431,0.03274948933581459,-0.10487510099882603,-0.013706662559882371,-0.09073123127154678,-0.29450405622572745,-0.09068196707155698,0.11352929773207122,0.080225720916184,-0.13159421096745144,-0.15718515911045877,-0.030781348605954002,-0.04729044382173873,0.15387970373591897,0.10007607056687373,0.22562874619553572,-0.039663625661006736,-0.023838482061657278,-0.08724525323625167,-0.14179507784637216,-0.11444569922337713,-0.12021559612498814,0.21208653346394543,-0.08725803122567533,-0.023419901060251574,0.11603930917211551,0.10749044421783553,0.024703244444659846,-0.11406362288776636,-0.05271872045579547,-0.1855359362416334,0.11381241561794192,0.034200608441330924,-0.15027215977243688,-0.04272824609304862,-0.27401156608745014,0.01813259060403115,0.011093041641491351,-0.14475214179331955,0.0448529548178656,-0.048025565632689095,0.14844514104648263,0.16373879110248085,-0.0636897286020859,0.09941224440032544,0.08562335559432419,-0.024549258287460633,-0.022091489901992556,0.04234142245676347,-0.11421095191663919,-0.050422965645537964,0.11815490021441442,-0.009028590247122903,0.049651666730613386,-0.027652436488872684,-0.0357814970687104,-0.12371407468487759,0.10964959131833865,0.015237219987898648,-0.20926380138764758,0.06793309064971134
32003003001,las_vegas,47.848249042145625,30.68612509371,-17.162123948435624,False,False,Neither hotspot,False,0.638337196954718,-0.3579773999890631,-0.9963145969437811,High LST,Low HI,High LST / Low HI,98,las_vegas,Las Vegas,2024,GOOGLE/SATELLITE_EMBEDDING/V1/ANNUAL,/Users/yufeizhou/Desktop/heat-exposure-compare/outputs/pilot/alphaearth/paper_gis_figures/three_city_lstadaptive_heat_index_mismatch_GIS_READY.gpkg,las_vegas,0.17402685358375394,-0.1651001723498957,0.1542833525785504,0.06306832579045579,0.02406109390741836,-0.09729656743838877,-0.02895783158139516,-0.11412556315211314,-0.2730330557416013,-0.0878010168356017,0.11808693615055663,0.08987781665393985,-0.1360587750643149,-0.16922429930751134,-0.037188445857858146,-0.07396495897951899,0.15409937048130912,0.103239619520907,0.209950681184364,-0.04072330759238726,-0.02829646719662442,-0.062078655495456006,-0.1614466019676872,-0.12104594501405508,-0.1417503787560009,0.2230820834900411,-0.08554849446852608,-0.008641438465274076,0.1369171066572612,0.09938182715774631,0.03987578020248835,-0.13422227380965362,-0.0431954575117906,-0.180759964315306,0.11444267565371204,0.022164466038672774,-0.15582631320401935,-0.043271467841648974,-0.2477076137267795,0.019658557404384023,-0.013736365375507244,-0.15304024930526264,0.06223858917708434,-0.051527705565935444,0.14984399932095765,0.14842012736374086,-0.07718247561779039,0.09403118574839243,0.09021387225016347,-0.013631694417287957,-0.020703043079466542,0.049159822828344885,-0.11311586491271293,-0.05042681425269978,0.11487821024823852,-0.01856835615847632,0.050205571769421316,-0.031129751056830964,-0.021652558299230844,-0.13568372500802406,0.1162833127380333,0.005604327579421072,-0.23122439130313358,0.0706074354379338
32003003003,las_vegas,46.473447185325774,30.68612509371,-15.787322091615774,False,False,Neither hotspot,False,-0.3998290802102317,-0.3579773999890631,0.04185168022116864,Mid LST,Low HI,Mid LST / Low HI,99,las_vegas,Las Vegas,2024,GOOGLE/SATELLITE_EMBEDDING/V1/ANNUAL,/Users/yufeizhou/Desktop/heat-exposure-compare/outputs/pilot/alphaearth/paper_gis_figures/three_city_lstadaptive_heat_index_mismatch_GIS_READY.gpkg,las_vegas,0.16912449492486473,-0.12645161810323205,0.15047603945460145,0.0451050445400225,0.014903017584364568,-0.09288010016977681,-0.0071152967923512654,-0.08305921549644563,-0.303838166064246,-0.11687152093275566,0.10535200036931276,0.06699487027249784,-0.1438181217589154,-0.11894261628554209,-0.02524914683488108,-0.08328350472990562,0.12798060916482007,0.10980027848268324,0.23054277879439286,-0.017103032079924203,-0.006098812270392161,-0.11722712357231695,-0.13033409972376314,-0.13665506972030614,-0.13836192990911272,0.21377734430465045,-0.11001439056083018,-0.05727547735514368,0.13541592385842902,0.1238276656985383,0.0374280327629608,-0.11544975787791775,-0.03753697734487061,-0.16895335303071154,0.08685014206821436,0.07840615926503536,-0.13702845399055094,-0.0325743702769469,-0.26583725091630517,-0.022878263079421254,0.013918542668498997,-0.15251527223933123,0.04799392420055688,-0.050545567270767616,0.13267589553285883,0.16641978401698695,-0.0643001532812572,0.11366815764486958,0.06591962849401843,-0.02728788849407117,-0.0258871063732289,0.021045344054916836,-0.09545068619378162,-0.04109264771486167,0.11522703848589086,0.019118628503050614,0.01106605462379099,-0.01751149287501652,-0.03756901140073418,-0.10994779301564664,0.11881252908982376,-0.02420579009624279,-0.19352438142203393,0.07514711751899496
32003002836,las_vegas,46.90833333333336,31.968054492595165,-14.940278840738195,False,False,Neither hotspot,True,-0.07142965957517412,0.760086822242178,0.8315164818173522,Mid LST,High HI,Mid LST / High HI,100,las_vegas,Las Vegas,2024,GOOGLE/SATELLITE_EMBEDDING/V1/ANNUAL,/Users/yufeizhou/Desktop/heat-exposure-compare/outputs/pilot/alphaearth/paper_gis_figures/three_city_lstadaptive_heat_index_mismatch_GIS_READY.gpkg,las_vegas,0.17281110795954044,-0.13127829079449485,0.1413320578483462,0.03943930400642603,-0.0032189697830037577,-0.09578234931358305,-0.015959493601106378,-0.08215164950170765,-0.28594500557705027,-0.10325643885587832,0.11307675877028427,0.08188888687808969,-0.14338896720993619,-0.12159407461037473,-0.0423660018682527,-0.0818097021722063,0.14270640119771,0.09853366529080637,0.1877122512926103,-0.02714192901671478,-0.020922371738082295,-0.09668202327743848,-0.1099151004137462,-0.13576843290451257,-0.17253479686347542,0.2004870444879202,-0.11530955088145389,-0.07386749603418755,0.16223472664762936,0.15541158227919827,0.04984898329994668,-0.131099138080754,-0.003191771697322947,-0.20499969505551008,0.11141394218477683,0.0872952558820587,-0.13188368874056194,-0.050653203598814554,-0.2366807595189852,-0.029423434950581664,-0.02159212687021949,-0.15195577034348134,0.045128728704004334,-0.05333287503216889,0.13819578665755242,0.16112203108106293,-0.0724448739871754,0.14333183269229807,0.05425376500357212,-0.02760178371204576,-0.006574318226052405,0.03162983714732086,-0.08357943580949989,-0.03529044727425157,0.12072605058235017,0.03447483986599874,-0.004228613836982916,-0.02359382571314145,-0.051492264336731035,-0.09980297451980497,0.10961984797507335,0.01549682571468364,-0.20407991161591016,0.09135905906842565
32003002952,las_vegas,45.6916543438078,30.68612509371,-15.005529250097798,False,False,Neither hotspot,True,-0.9901912184098156,-0.3579773999890631,0.6322138184207525,Low LST,Low HI,Low LST / Low HI,101,las_vegas,Las Vegas,2024,GOOGLE/SATELLITE_EMBEDDING/V1/ANNUAL,/Users/yufeizhou/Desktop/heat-exposure-compare/outputs/pilot/alphaearth/paper_gis_figures/three_city_lstadaptive_heat_index_mismatch_GIS_READY.gpkg,las_vegas,0.13476849468569485,-0.061334428868952795,0.16596062662578648,0.04636640986778572,0.004080995632729817,-0.060385582363441166,0.039496996280752816,-0.015031885217220951,-0.2892430243696162,-0.09192026489468177,0.09811311491097255,0.011180693444336346,-0.16619900977116467,-0.09101012420722311,0.02517030106886349,-0.07017313549979683,0.03392787932300183,0.061757716384415066,0.2574280539054447,-0.03695145068399411,0.004732768389348582,-0.1330330523803496,-0.1388893524094079,-0.1356226149453675,-0.15783599023436393,0.1517333818494411,-0.08977499661547984,-0.10136427679004859,0.10591425933247336,0.1327074924854807,0.06582038307355328,-0.13475811559151957,0.013014684223732068,-0.18194625541152515,0.014798327375453082,0.08150756651212954,-0.06815543945253552,-0.019837281306526004,-0.29657663800653056,-0.04766129792290005,0.08930725638824256,-0.13358829944794104,0.04430346253642609,-0.1260873198169128,0.06816187463286297,0.1977759817283394,0.008851339396813528,0.07361812555504062,0.008779775768334644,-0.034874193300673983,-0.07854908470750822,0.0505862517501196,-0.056541002251606375,-0.06828077567254082,0.11293736461666298,0.06524573704926034,-0.04673000483607236,-0.03746089569909315,-0.03823560015240192,-0.10801461316172796,0.06353234101755377,-0.04855645259125565,-0.11162203366891522,0.05257893484389572
32003002953,las_vegas,45.6941302367942,30.68612509371,-15.008005143084201,False,False,Neither hotspot,True,-0.9883215754561038,-0.3579773999890631,0.6303441754670407,Low LST,Low HI,Low LST / Low HI,102,las_vegas,Las Vegas,2024,GOOGLE/SATELLITE_EMBEDDING/V1/ANNUAL,/Users/yufeizhou/Desktop/heat-exposure-compare/outputs/pilot/alphaearth/paper_gis_figures/three_city_lstadaptive_heat_index_mismatch_GIS_READY.gpkg,las_vegas,0.1823089398241852,-0.07761128915897317,0.1756005847471963,0.04802031444572383,0.04724878570572009,-0.06780174100592806,0.027126545996360257,-0.07455928360665415,-0.3223826105870176,-0.11393302666969725,0.07283500821363321,0.06455795111589033,-0.15224407979511329,-0.1095825095856267,-0.04035820823136061,-0.07694697872164732,0.12909117607068887,0.11607080291877998,0.2443360969970139,-0.025611183522260845,-0.01188047000018474,-0.12015239050389655,-0.11291834031196399,-0.11160412202646414,-0.09453115567000915,0.2590689701973211,-0.1359326947629222,-0.06573000762392557,0.14884552130637532,0.11602677706696754,0.044317362379664466,-0.09113607480146321,-0.06243611878730509,-0.19448321447734082,0.145399339027131,0.03027763073229536,-0.12771296869060283,-0.06986931094412441,-0.2650005985468811,-0.0012622326600682757,0.01919611638852032,-0.17697496797024934,0.06997397429112932,-0.07481857040442008,0.14305635516396312,0.19873223088849598,-0.0635760952705898,0.10308397710712756,0.05893229643433841,-0.05145509181796474,-0.05637962642054194,0.03635570012495801,-0.06613991774247782,-0.013922067368826362,0.13009554292954256,-0.01013947132906311,0.03632057196086269,-0.035766023703139575,-0.0415864057276611,-0.12287622241061547,0.11243495310914774,0.009998196666357245,-0.16221792147114164,0.05092120178289287
32003002905,las_vegas,46.81239455020533,30.68612509371,-16.126269456495333,False,False,Neither hotspot,False,-0.1438767608222961,-0.3579773999890631,-0.21410063916676697,Mid LST,Low HI,Mid LST / Low HI,103,las_vegas,Las Vegas,2024,GOOGLE/SATELLITE_EMBEDDING/V1/ANNUAL,/Users/yufeizhou/Desktop/heat-exposure-compare/outputs/pilot/alphaearth/paper_gis_figures/three_city_lstadaptive_heat_index_mismatch_GIS_READY.gpkg,las_vegas,0.1701689528904768,-0.14350347932213434,0.14049784852524838,0.06380406216820193,0.000834237161254355,-0.11357153512736833,-0.018739743570103665,-0.08733778843048917,-0.29263054623752127,-0.10907161420849516,0.1279947570225913,0.0831970729447337,-0.13964153864739826,-0.13641401136808773,-0.019077683150096256,-0.0647437680128561,0.14070935772427207,0.0889791716990195,0.22141923418536744,-0.03206055387451148,-0.006479685956608252,-0.10035038625475572,-0.16039679543561033,-0.14100828733356577,-0.15935661059063305,0.18139098998716488,-0.07834026518412983,-0.0349900044956485,0.09770306398750257,0.1146151905615074,0.03751324225187841,-0.13564188235865604,-0.033686733585639235,-0.16772738802342813,0.07698982845186413,0.07423088845436956,-0.12739056533090148,-0.03314080331776576,-0.2663261184555011,-0.005861997082665526,0.020464212380182242,-0.12900118284360998,0.05975438837673684,-0.0497738599535574,0.11986256067543624,0.14739655513459482,-0.056863598565063844,0.1078764013023891,0.0695021253032484,-0.03060478730218967,-0.023102022033380663,0.026127027835833542,-0.10358330498651151,-0.05261097979480888,0.11368617327533524,0.02200315591698944,0.013960395684208796,-0.01514911424437397,-0.03827592175981925,-0.1168114492219558,0.10686187163605848,-0.012797489009298639,-0.20743670821799412,0.08635794355371228
32003003005,las_vegas,46.65202651515155,30.68612509371,-15.965901421441547,False,False,Neither hotspot,False,-0.26497689252648465,-0.3579773999890631,-0.09300050746257843,Mid LST,Low HI,Mid LST / Low HI,104,las_vegas,Las Vegas,2024,GOOGLE/SATELLITE_EMBEDDING/V1/ANNUAL,/Users/yufeizhou/Desktop/heat-exposure-compare/outputs/pilot/alphaearth/paper_gis_figures/three_city_lstadaptive_heat_index_mismatch_GIS_READY.gpkg,las_vegas,0.17194656220477195,-0.12938991818330697,0.1534836264049078,0.03917680776846756,0.03615110472011493,-0.08387138350758509,-0.01979829989421259,-0.11311929009915936,-0.28167813347045445,-0.10127547150739258,0.10796181501377526,0.08963258069271325,-0.1413569131306102,-0.15868076882078794,-0.03956817661223477,-0.07977325238221894,0.1642107102103221,0.12012819545674205,0.23095174778307365,-0.021628153850560224,-0.03064929757910811,-0.06182892468809418,-0.15346968300800426,-0.10474884939728542,-0.13018760328365414,0.2393684459672521,-0.10843060976285271,-0.03431055833639383,0.15157044265900943,0.10056394113795253,0.04229336865865735,-0.11540359430152332,-0.04716891106013305,-0.17855906486866815,0.11773056877542482,0.036672944478608416,-0.1660400758040348,-0.03102509129599425,-0.25449955863031,-0.011576779975196957,-0.006717492568477779,-0.1722542842903764,0.07065030535391492,-0.039951497366285504,0.16968598196632367,0.15061532356831092,-0.08396158025397683,0.09731625084159842,0.07828098623689715,-0.006624802620124291,-0.028090722829688466,0.026513542140039023,-0.10337064744776078,-0.06944528688746168,0.12534127810556075,-0.009127066031339543,0.040316214277108346,-0.03504882308445538,-0.01266783792084817,-0.12858168943737425,0.12239105347030635,0.013668761469284372,-0.23642065275855517,0.07863662573756847
32003003204,las_vegas,46.14427516473532,30.8977331107037,-15.246542054031618,False,False,Neither hotspot,True,-0.6483996574669055,-0.1734185989008675,0.474981058566038,Low LST,Mid HI,Low LST / Mid HI,105,las_vegas,Las Vegas,2024,GOOGLE/SATELLITE_EMBEDDING/V1/ANNUAL,/Users/yufeizhou/Desktop/heat-exposure-compare/outputs/pilot/alphaearth/paper_gis_figures/three_city_lstadaptive_heat_index_mismatch_GIS_READY.gpkg,las_vegas,0.16935952358800851,-0.11610565464256178,0.17705805645764006,0.07767727785524697,0.01350652375205778,-0.08186682910411808,0.02496742981298363,-0.03248380221244899,-0.3275598920467896,-0.1557665026375102,0.08787529120150127,0.04471150683531636,-0.15994446136645427,-0.08348437470937649,-0.0076902834138399675,-0.04782369050893897,0.07041806398266867,0.08312576404768997,0.24236036165315736,-0.023034341319788012,0.001541168748993964,-0.13876804680392055,-0.1154471330995574,-0.15730068137955336,-0.12463024828709267,0.2276888240383273,-0.0722039643206221,-0.06598981582563088,0.10140287904392736,0.12955012669743332,0.04867877554990586,-0.1103367149657946,-0.054356362483631605,-0.1377435797520924,0.06726437239007284,0.08728798374476007,-0.09950640511105574,-0.035425327871792256,-0.2935914906121536,-0.01914106138191099,0.042609838481869305,-0.12467703931492113,0.06988213194250201,-0.07446977026034557,0.09807735677467429,0.18737280475808116,-0.02814073350005322,0.09955965540727342,0.06850283278290292,-0.04517821945874514,-0.03509846197286717,-0.00763016063146364,-0.12047348074990394,-0.031050209611120167,0.1155891344520044,0.023652293682878973,0.0048031064147362555,-0.004975420707776473,-0.059231279079401886,-0.05333851712288053,0.1200180906698166,-0.019596072601781908,-0.15595302598395974,0.055933601610654714
32003003213,las_vegas,44.73230930930934,28.819043333904688,-15.913265975404656,False,False,Neither hotspot,False,-1.714629913368931,-1.9863957180604654,-0.27176580469153455,Low LST,Low HI,Low LST / Low HI,106,las_vegas,Las Vegas,2024,GOOGLE/SATELLITE_EMBEDDING/V1/ANNUAL,/Users/yufeizhou/Desktop/heat-exposure-compare/outputs/pilot/alphaearth/paper_gis_figures/three_city_lstadaptive_heat_index_mismatch_GIS_READY.gpkg,las_vegas,0.1604747549682676,-0.06515715066466399,0.18642316734988454,0.047330281109896934,-0.022683253344842245,-0.06051043496735762,0.05852059065655456,-0.019622543622656464,-0.3439769359372305,-0.183675187910581,0.05958153112032367,0.012281377550814439,-0.15527203271391896,-0.05150570613492086,-0.001054503322401667,-0.04912924897805495,0.04766582005336457,0.07962040198468767,0.22951951842596027,-0.00762689031124787,0.005597055865284747,-0.16559068052140063,-0.08897945511663033,-0.16403325129114676,-0.11012696310143343,0.21839407520640838,-0.0912278880501135,-0.12924673860398941,0.11285538743310987,0.14889805312993754,0.043492326997259446,-0.09300536365835467,-0.08018512928239835,-0.13000712661272995,0.06784767551078374,0.12361990393211517,-0.0715621389938844,-0.06011354565219021,-0.283395620566406,-0.07534433861374884,0.04136597453470043,-0.12234452905296402,0.02836593330550437,-0.08891195528036454,0.08785644523072313,0.19868776610613356,-0.010818317853820827,0.11026006231904135,0.044881042865964164,-0.0399852986652237,-0.026049668473664207,-0.019609235026138424,-0.09456806552587785,0.016396219396720733,0.09780554432228289,0.04661117847883805,-0.023613998724129042,-0.01068487427996196,-0.09790545060489783,-0.04209367512817741,0.09240279320607536,-0.025210083939108754,-0.14114276815888502,0.07143551384367938
32003003214,las_vegas,44.68112251882275,30.8977331107037,-13.783389408119046,False,False,Neither hotspot,True,-1.7532830468775042,-0.1734185989008675,1.5798644479766368,Low LST,Mid HI,Low LST / Mid HI,107,las_vegas,Las Vegas,2024,GOOGLE/SATELLITE_EMBEDDING/V1/ANNUAL,/Users/yufeizhou/Desktop/heat-exposure-compare/outputs/pilot/alphaearth/paper_gis_figures/three_city_lstadaptive_heat_index_mismatch_GIS_READY.gpkg,las_vegas,0.15608385316186155,-0.0873682191291815,0.17144605273456245,0.059223347109897455,0.003947224549794971,-0.06026892892624071,0.032181237638867766,-0.014074792545767871,-0.3411649132820206,-0.17677505207334224,0.07535254706552097,0.025584247640253237,-0.15196618562961878,-0.07745172090673959,-0.0056233654412404,-0.02799939139969665,0.05735625006018227,0.09261314585498336,0.22059292424833302,-0.012213343478077466,-0.01778865170929054,-0.15115258249602967,-0.09170710598827661,-0.13723743889316614,-0.09382663275557318,0.23804983743436184,-0.07408522685113676,-0.1007581863385584,0.11030908953081826,0.12685755128600162,0.018117394422187724,-0.08868755773993871,-0.09065855705268305,-0.1338697263150728,0.08312469163172223,0.09736713904855224,-0.062082228843933135,-0.06210353945390344,-0.28207038244234195,-0.030850037072387874,0.048485156156940976,-0.14303733135594385,0.06374233297734189,-0.07845565611969704,0.11268941197388263,0.19474346359632017,-0.01978299384148391,0.1111141601366299,0.06533587522864828,-0.049921832654294056,-0.030236134352414762,-0.02412026940318582,-0.09220257128104561,0.0015769300344112538,0.09397987309354258,0.028392340113218558,0.0058898125988675045,-0.0171850348978077,-0.08721635236404801,-0.05586383497789873,0.11477282832645382,-0.0001639147032182361,-0.12977602036847696,0.0670864212760474
32003004601,las_vegas,47.7908897243108,30.76536905919516,-17.025520665115643,False,False,Neither hotspot,False,0.595022948314521,-0.28886295210001844,-0.8838859004145394,High LST,Low HI,High LST / Low HI,108,las_vegas,Las Vegas,2024,GOOGLE/SATELLITE_EMBEDDING/V1/ANNUAL,/Users/yufeizhou/Desktop/heat-exposure-compare/outputs/pilot/alphaearth/paper_gis_figures/three_city_lstadaptive_heat_index_mismatch_GIS_READY.gpkg,las_vegas,0.16571929519641662,-0.14028473612786746,0.1476472574714137,0.07602955896803644,0.004330196062721889,-0.11898462480837692,-0.014795373850638767,-0.08496691562044022,-0.3039971558727977,-0.06396882824766635,0.13088013084956557,0.07558730257458697,-0.14220318036462237,-0.13886818047565633,-0.03064900553356975,-0.07479422678334394,0.14057587996624557,0.0767053430264965,0.20700501911141594,-0.02857137479938023,-0.019585775314633735,-0.10627891246687607,-0.18329401757116362,-0.14448575758374313,-0.14715800158085146,0.1903040757221081,-0.05577935190446604,-0.01106413446377303,0.09168189444870047,0.09967063361854991,0.06705768296622681,-0.12449065953173674,-0.008910741108111736,-0.17505180155970862,0.058442282882251194,0.05633036970194741,-0.14571660656126537,-0.012979924875884234,-0.2550321399928426,0.00020849075488497802,0.043769489684124134,-0.12758435106468713,0.06576702337153018,-0.06703236456621486,0.11387478074943565,0.15174647324839577,-0.04676099608530666,0.09245493148027396,0.06377484184457574,-0.02313051733205232,-0.0344281643405635,0.052389571075923236,-0.10660509404783139,-0.07956913391601421,0.13074888530013482,0.016131030143575392,0.03329957535611296,-0.01462717184351544,4.329392524832217e-05,-0.11587348214365226,0.09907953922397555,-0.028335265871103958,-0.2067628836604019,0.07547974455318675
32003005014,las_vegas,49.09468617472437,32.08101575859078,-17.013670416133593,True,True,Both LST and HI hotspot,False,1.5795702853669609,0.8586085896011912,-0.7209616957657696,High LST,High HI,High LST / High HI,109,las_vegas,Las Vegas,2024,GOOGLE/SATELLITE_EMBEDDING/V1/ANNUAL,/Users/yufeizhou/Desktop/heat-exposure-compare/outputs/pilot/alphaearth/paper_gis_figures/three_city_lstadaptive_heat_index_mismatch_GIS_READY.gpkg,las_vegas,0.16867461317114085,-0.1661416947015361,0.1309574888622312,0.06769335685716446,0.009190975658282101,-0.10593296326955838,-0.03408515306395098,-0.08951087261748848,-0.30233931808741094,-0.07465648483966501,0.11329837298108648,0.08815117077829662,-0.142060429829921,-0.14671230267088028,-0.04318578257246213,-0.0759368397889351,0.1382404742455815,0.09090461517133232,0.18606383048093747,-0.03222916340596294,-0.03222630048470843,-0.10166311654334094,-0.1712584490704846,-0.14066159392995678,-0.14621270188850854,0.20931027263021665,-0.07246226645953627,-0.01938723601587933,0.12477903797506751,0.09894340977523636,0.037510352704822954,-0.13732166675880378,-0.023479777938117515,-0.18058826571695422,0.10765384986497523,0.05347002378252545,-0.13470726186966006,-0.04245660279362951,-0.2323094600735407,0.016999431090695113,0.0029596531614453974,-0.14335726164266738,0.06917178773512055,-0.05621047501152552,0.13473105644142414,0.15573894905912922,-0.07052656156493822,0.10726828961878543,0.06402010439065585,-0.022399168874498904,-0.02068894949303434,0.04056453916958251,-0.08528691812747585,-0.04748381828686373,0.11495641199109377,0.010584479097454058,0.03717921284669213,0.003584728685741203,-0.026135041529945117,-0.11549937687911747,0.114458240407151,0.0008558029498467571,-0.2041275423531542,0.08413615203473684
32003005354,las_vegas,47.41874800637962,32.104452955425614,-15.314295050954009,False,True,HI-only hotspot,True,0.3140042837223288,0.8790498801068993,0.5650455963845705,Mid LST,High HI,Mid LST / High HI,110,las_vegas,Las Vegas,2024,GOOGLE/SATELLITE_EMBEDDING/V1/ANNUAL,/Users/yufeizhou/Desktop/heat-exposure-compare/outputs/pilot/alphaearth/paper_gis_figures/three_city_lstadaptive_heat_index_mismatch_GIS_READY.gpkg,las_vegas,0.15461658049678204,-0.13771320185100036,0.15211542904760553,0.038433974242516426,0.06550932162705045,-0.030826717582291264,-0.046802419188828055,-0.053520475464878196,-0.24190801413450636,-0.128132511518553,0.11305300669138749,0.04615206082548947,-0.14636736416223042,-0.15206434036184246,0.004365647845390237,-0.05755996168752012,0.1319486064664116,0.12370042007777107,0.1947748116598407,0.0001196438548512525,-0.06031939439642755,-0.05322844165402762,-0.09266567913731037,-0.10293420521875106,-0.1168463722280596,0.24037755104106934,-0.13157921047604543,-0.09596631011315022,0.21085926414732253,0.139989502896895,0.0157622488541209,-0.08237525685147082,-0.005828957188733464,-0.19997549069094836,0.1001340984041882,0.057083561309768424,-0.10257267226592888,-0.06370396301272954,-0.26002630283037753,0.021008984923363654,-0.0068234897305933144,-0.18665449218706184,0.0768533860980925,-0.04589979181349061,0.19141275640218733,0.18058013110034132,-0.055390419097895396,0.1318630583914631,0.057799155512331835,-0.05273352958088853,-0.02722187485034575,0.015694125251749423,-0.06390296603815508,0.0013233483402981616,0.09330302794444383,0.01382025750712126,0.034559742752935635,-0.08083541669923042,-0.05725618610297269,-0.13674712472776868,0.15608952046311683,0.03358856642840686,-0.11698668683279495,0.05894038957140107
32003005360,las_vegas,49.052114635503656,31.38920289448963,-17.662911741014025,True,False,LST-only hotspot,False,1.5474228626916768,0.25522808167034283,-1.2921947810213341,High LST,Mid HI,High LST / Mid HI,111,las_vegas,Las Vegas,2024,GOOGLE/SATELLITE_EMBEDDING/V1/ANNUAL,/Users/yufeizhou/Desktop/heat-exposure-compare/outputs/pilot/alphaearth/paper_gis_figures/three_city_lstadaptive_heat_index_mismatch_GIS_READY.gpkg,las_vegas,0.15000587925572367,-0.04480379372246578,0.14464400111510461,0.07133430617830261,0.04985285194997767,0.023928054960077483,-0.040719247245319216,-0.03990157081184708,-0.22691816134057785,-0.07696096971018986,0.11179868358300545,0.00920963105402369,-0.20485846140972536,-0.11889141159648096,0.007383589719248065,-0.030589621020171244,0.09352082366147298,0.08814237940067653,0.21558915751451668,-0.034999335109389275,-0.0367041595375328,-0.10058563472309798,-0.1274649474109774,-0.09878432874993774,-0.1555017405549236,0.2253965614061669,-0.10023236911503564,-0.12034304344772653,0.14967570401406022,0.16971654611935102,0.07666927878737405,-0.08604559847316885,0.05301668916550972,-0.2444109374485188,0.050259111486617346,0.07319820928075757,-0.050712937129188666,-0.04121633154528641,-0.2629907489636774,-0.0014403238412708786,0.05889978017365833,-0.14774800384067455,0.10343889660402854,-0.11756844810054387,0.15465653619444383,0.15700212262742233,-0.020346483167025305,0.09722886882090503,0.0010684494116847843,-0.06295701227865277,-0.04934579501876108,0.010677205789196198,-0.03835317227901913,-0.05587212792542141,0.15295866282121445,0.05870266522357612,0.0025964287127208637,-0.054140046216105873,-0.03619116109635503,-0.07917279900949889,0.11188573684021412,0.008051887450066046,-0.11086637444503088,0.04724923884632391
32003002939,las_vegas,45.71663640032286,30.68612509371,-15.030511306612862,False,False,Neither hotspot,True,-0.9713262972726259,-0.3579773999890631,0.6133488972835628,Low LST,Low HI,Low LST / Low HI,112,las_vegas,Las Vegas,2024,GOOGLE/SATELLITE_EMBEDDING/V1/ANNUAL,/Users/yufeizhou/Desktop/heat-exposure-compare/outputs/pilot/alphaearth/paper_gis_figures/three_city_lstadaptive_heat_index_mismatch_GIS_READY.gpkg,las_vegas,0.18722630549872216,-0.14351408613721736,0.16556518117637709,0.08291943471092615,0.031083981821578722,-0.07534605410009615,-0.006462969539693219,-0.0701887718779925,-0.29791870318182223,-0.12932339285483452,0.10491027003415772,0.061873823229807744,-0.1753812162405947,-0.12669226781385717,-0.01885325674868157,-0.049526061800852304,0.11489514118581627,0.09923005909653652,0.2331813795476633,-0.034238387338965975,-0.013979943180084988,-0.11143915853713841,-0.12515090106341828,-0.1392662694911345,-0.13412416947577557,0.25389698889112294,-0.0812934148563543,-0.03596274531544306,0.11626531957408086,0.12544643055955954,0.057280150503423125,-0.12879307510392835,-0.04037675062802367,-0.16172388271021554,0.11231465110633895,0.0616098461494738,-0.11706850508461306,-0.0478026425068043,-0.2757795678252722,0.004515818788425821,0.01005626417105638,-0.1447188721917143,0.07838428413859093,-0.0509829840935748,0.12314636598311307,0.16879286257243484,-0.05919190077105818,0.10420919087367723,0.06615293188647861,-0.04668451952957951,-0.03213575894231495,0.007535818033212995,-0.12113755052161515,-0.030895691677383763,0.13376817335470312,-0.007730832530542003,0.019620046411650806,-0.012551615299686562,-0.03668453411621097,-0.07707509995719504,0.13654372073591226,0.006338056905654158,-0.18481207784445342,0.05406996425185802
32003002941,las_vegas,46.005994215473635,30.68612509371,-15.319869121763634,False,False,Neither hotspot,False,-0.7528209728627936,-0.3579773999890631,0.3948435728737305,Low LST,Low HI,Low LST / Low HI,113,las_vegas,Las Vegas,2024,GOOGLE/SATELLITE_EMBEDDING/V1/ANNUAL,/Users/yufeizhou/Desktop/heat-exposure-compare/outputs/pilot/alphaearth/paper_gis_figures/three_city_lstadaptive_heat_index_mismatch_GIS_READY.gpkg,las_vegas,0.1864717223791456,-0.1223362775441992,0.17080954837758236,0.05910814909549375,0.05562541772141887,-0.08304032577530378,-0.008075182429830803,-0.100986341074348,-0.286666620036664,-0.10209911160394544,0.08880478808162917,0.07787144332483537,-0.14399981806455683,-0.15065346734116394,-0.036693748855532,-0.057139864126502744,0.14835196673725315,0.11301855559738934,0.22638588184763847,-0.03335228787298046,-0.035897254423955645,-0.06812926765189388,-0.12196391648568787,-0.09050381773896306,-0.11502133519577334,0.24388017083297292,-0.11654189517333483,-0.035678283392578024,0.1541638990597765,0.10214270838372781,0.029647020259362993,-0.10301923139631404,-0.05812054712606843,-0.18971459630278445,0.13948226300715688,0.015027317011303621,-0.1359388697877737,-0.05908732315373708,-0.2524559649039499,0.017974616251850054,-0.014261753068664802,-0.16342445564043873,0.06037257981419412,-0.05305197946348604,0.17018920520175754,0.17744114563662333,-0.08066761438672729,0.10315452869195081,0.08027261555871001,-0.027488706457748185,-0.0323681970011433,0.04566997008014951,-0.10429157395134697,-0.032970948637276024,0.12781606725574632,-0.028392127291084205,0.05108603610499531,-0.046491710371494833,-0.034556108602889636,-0.1395152629587356,0.12095899646895832,0.025407368135167776,-0.20199706197560402,0.06544758447364327
32003002942,las_vegas,46.56208730158734,30.68612509371,-15.87596220787734,False,False,Neither hotspot,False,-0.33289348578238953,-0.3579773999890631,-0.025083914206673552,Mid LST,Low HI,Mid LST / Low HI,114,las_vegas,Las Vegas,2024,GOOGLE/SATELLITE_EMBEDDING/V1/ANNUAL,/Users/yufeizhou/Desktop/heat-exposure-compare/outputs/pilot/alphaearth/paper_gis_figures/three_city_lstadaptive_heat_index_mismatch_GIS_READY.gpkg,las_vegas,0.18801045374463843,-0.1412995505204472,0.15557823869528906,0.06525274418601365,0.05946463423668445,-0.09102519962414081,-0.027760893665938438,-0.09479080256973112,-0.28095346990884595,-0.08987991590602097,0.10444665692236693,0.08571074183312935,-0.13774952768783671,-0.15849900880040196,-0.04120440381370202,-0.05586495992644748,0.16073509373142109,0.11167593245547527,0.21455820233379339,-0.03857575430531494,-0.03738683021281347,-0.07425454766979964,-0.12175305311066176,-0.10329690126422948,-0.11022884287385239,0.24956946003028743,-0.09868340199955183,-0.019711830426619847,0.14210602419956395,0.09939057461764306,0.01963783558293237,-0.10759459871579655,-0.05015333415854389,-0.198589969839802,0.1439121181831682,0.014750876633111127,-0.1476298634133351,-0.0554749455644292,-0.24621642849635267,0.028709501722252038,-0.014479137490926556,-0.16292923643539864,0.07155519432240344,-0.04453005081115996,0.16113431127888447,0.16125760862489677,-0.09069024469127167,0.11316239608275402,0.0894363381187926,-0.03297193100110233,-0.027612216402503664,0.03793516008444775,-0.09811000767250916,-0.032890720644957364,0.12808539342621025,-0.03298175556658205,0.0611778228930356,-0.0395583580494503,-0.04202020611995008,-0.13451929055291606,0.1422034229736244,0.036948041547000085,-0.21132437680021043,0.06730449339680941
32003005015,las_vegas,48.30810240048621,32.08101575859078,-16.227086641895433,True,True,Both LST and HI hotspot,False,0.985590327798289,0.8586085896011912,-0.1269817381970978,High LST,High HI,High LST / High HI,115,las_vegas,Las Vegas,2024,GOOGLE/SATELLITE_EMBEDDING/V1/ANNUAL,/Users/yufeizhou/Desktop/heat-exposure-compare/outputs/pilot/alphaearth/paper_gis_figures/three_city_lstadaptive_heat_index_mismatch_GIS_READY.gpkg,las_vegas,0.15693252711012085,-0.09992456431808647,0.1567442237187834,0.05628869833612856,-0.015245175048230999,-0.08126748994654785,0.004024648631938134,-0.04704011240041761,-0.3313625714613078,-0.09684049763837518,0.13000372315601375,0.057533684477238764,-0.15855209345812796,-0.0865256104772753,0.006178401115864465,-0.06452568579519123,0.07737194038129104,0.06464541060430135,0.23099900385777047,-0.026253743977495986,-0.024460328563808368,-0.1208593232282796,-0.16539997974843365,-0.15431192620558315,-0.1532566602362231,0.18414686653304715,-0.08828340582963616,-0.09027148235600586,0.12845622106117552,0.12338317727735357,0.057314924296220496,-0.1263279330971567,-0.010717768300657715,-0.1681746610546034,0.03762380583528499,0.120516999036976,-0.09561493687308649,-0.017413631049742594,-0.28720987471397885,-0.029554248019552986,0.05525065481195483,-0.12473065893552937,0.05939662833700459,-0.09660876448201135,0.09820339343948073,0.15792080092713193,-0.0201490505830311,0.11009141282457353,0.05037419083602716,-0.026027542629510795,-0.04596406908238071,0.020865873101785146,-0.055301612370933007,-0.0778587521262652,0.08883637838742399,0.04908889916559329,-0.007607514779445424,-0.021400039455355156,-0.03239272486930906,-0.07730603456043163,0.09724219329705579,-0.034742917383237565,-0.15394129703574647,0.0685711300077062
32003003637,las_vegas,47.22080631753949,30.76536905919516,-16.455437258344332,False,False,Neither hotspot,False,0.1645308267441353,-0.28886295210001844,-0.45339377884415377,Mid LST,Low HI,Mid LST / Low HI,116,las_vegas,Las Vegas,2024,GOOGLE/SATELLITE_EMBEDDING/V1/ANNUAL,/Users/yufeizhou/Desktop/heat-exposure-compare/outputs/pilot/alphaearth/paper_gis_figures/three_city_lstadaptive_heat_index_mismatch_GIS_READY.gpkg,las_vegas,0.1902945156046857,-0.08999173924879396,0.16299474183650564,0.040255133847178604,0.001930772697164322,-0.09248059331401481,0.017236644752976836,-0.07551664608955766,-0.30505911333341146,-0.10296051400868857,0.09640680338699131,0.07883974448673337,-0.16216963539716944,-0.11143855618252851,-0.02225360532345247,-0.08927054125485813,0.144509132641873,0.10322551099112347,0.21785283801116775,-0.012993513516490375,-0.010422886746459645,-0.11059672621835373,-0.1443505530457582,-0.1292769508626172,-0.13010727819018683,0.233947610593439,-0.11787822884923752,-0.0681928113583873,0.14760218725229224,0.1341757693969747,0.07952911810816922,-0.11658386127738839,-0.02578901072530478,-0.1957672461558783,0.11001681726895439,0.07597416033087838,-0.15599847280840431,-0.03715161460346044,-0.25165537208961664,-0.04163978985853212,0.014392529782873361,-0.15537916800920282,0.046827111294582,-0.05938789365170041,0.12828365021874225,0.16805189390902722,-0.06510247426279109,0.118322082394649,0.04873587604614419,-0.019456060154882535,-0.0376185662376699,0.031305502164535384,-0.09178235261827206,-0.05606024927953952,0.1377257384609979,0.017155359512549175,0.014620003285969452,-0.015991934328649076,-0.01901497096861778,-0.08752258706583792,0.10720095545337933,-0.010299770609983636,-0.20373312150079853,0.07402982851256626
32003003643,las_vegas,47.111284335560526,30.76536905919516,-16.345915276365368,False,False,Neither hotspot,False,0.0818265244951984,-0.28886295210001844,-0.37068947659521684,Mid LST,Low HI,Mid LST / Low HI,117,las_vegas,Las Vegas,2024,GOOGLE/SATELLITE_EMBEDDING/V1/ANNUAL,/Users/yufeizhou/Desktop/heat-exposure-compare/outputs/pilot/alphaearth/paper_gis_figures/three_city_lstadaptive_heat_index_mismatch_GIS_READY.gpkg,las_vegas,0.18289885555058022,-0.07626318603581121,0.17739225291709118,0.060125742289411276,0.007535135680641166,-0.09073452838073086,0.019614656228476083,-0.06986775922882034,-0.3168746010183416,-0.09157633941913614,0.09439644132093016,0.061944698783609066,-0.16419230873042695,-0.10591086961116837,-0.03322676661866672,-0.08438211411068518,0.126319836308315,0.10802801907161241,0.22194911352009689,-0.01947634240690935,-0.012095215880282858,-0.13849341024763095,-0.13480130687885997,-0.12939924526469912,-0.12885817207252187,0.24560536590742107,-0.1105390982650433,-0.0675003305522766,0.13834260059625203,0.1344120067421593,0.08188306500047125,-0.11348429350257311,-0.023052239134032745,-0.19661113970080668,0.12348582174434522,0.07192255127164217,-0.1407778796474101,-0.04162154110315119,-0.26290534683105077,-0.04604455874207357,0.03555970080053045,-0.1560340539782137,0.042412747307976714,-0.06398841010770959,0.11787003319836681,0.19785778270237453,-0.04480570489092677,0.11628037333045932,0.04258000016255859,-0.03263668370427598,-0.04993468886071758,0.043503475631248865,-0.07366507964323044,-0.04062208201943052,0.14619047594752707,0.018671717545320324,0.0072813923049234895,-0.004421139759789655,-0.026414036236269332,-0.09342162745692159,0.08550897061148752,-0.020563621223837897,-0.17716399743657574,0.055701904591030214
32003003627,las_vegas,47.505645390070946,30.76536905919516,-16.740276330875787,False,False,Neither hotspot,False,0.37962387310146656,-0.28886295210001844,-0.6684868252014851,Mid LST,Low HI,Mid LST / Low HI,118,las_vegas,Las Vegas,2024,GOOGLE/SATELLITE_EMBEDDING/V1/ANNUAL,/Users/yufeizhou/Desktop/heat-exposure-compare/outputs/pilot/alphaearth/paper_gis_figures/three_city_lstadaptive_heat_index_mismatch_GIS_READY.gpkg,las_vegas,0.18113037213232916,-0.10014106865005043,0.14861524901263384,0.05744132871135372,0.007117222603997837,-0.0860321016204117,-0.01091919066990312,-0.06838492621284278,-0.285947927010109,-0.06997011517665741,0.1275489277915184,0.07496733367551482,-0.1669479960253907,-0.10886715267747109,-0.010115643487815637,-0.08156416246436952,0.13378371706747055,0.10325261274356198,0.21760619398891107,-0.005268393104126704,-0.01474429366797447,-0.11134937379155166,-0.14796619413500434,-0.14990427013697372,-0.16453997692868422,0.2101940508952844,-0.10520055977750417,-0.06797781764951256,0.1421749138349739,0.14109966189873838,0.06687851228109774,-0.13182600441666417,-0.0054980637848275025,-0.21742387912728764,0.08047110184587769,0.09743737238185814,-0.1260174374208038,-0.007933831802421699,-0.2701848536779119,-0.02422317437353755,0.012649817611958767,-0.15287944013449653,0.058742018971608814,-0.05304354375464704,0.12282059505134181,0.1622140307317622,-0.057403683872967015,0.11959318500193727,0.04600766364769708,-0.037244259226984336,-0.03729791043803201,0.03860596391589469,-0.0510404269448689,-0.07155641321386899,0.1317982408008711,0.04657522469937308,-0.0037574691554041976,-0.012848478073342932,-0.01908503657357994,-0.0984935136746964,0.1097230136102593,-0.022290480078876695,-0.20669060469065054,0.07734867774903985
32003001613,las_vegas,48.20387578616355,32.08101575859078,-16.12286002757277,True,True,Both LST and HI hotspot,False,0.90688476333014,0.8586085896011912,-0.04827617372894877,High LST,High HI,High LST / High HI,119,las_vegas,Las Vegas,2024,GOOGLE/SATELLITE_EMBEDDING/V1/ANNUAL,/Users/yufeizhou/Desktop/heat-exposure-compare/outputs/pilot/alphaearth/paper_gis_figures/three_city_lstadaptive_heat_index_mismatch_GIS_READY.gpkg,las_vegas,0.18076474609608878,-0.10689398268931598,0.16411490204059534,0.06306886747685843,0.01923262701384883,-0.0868791040887221,0.006316386312621216,-0.07754026318763327,-0.30658420836856737,-0.08295727426733264,0.10794745029833373,0.05690194702903935,-0.13873182427995634,-0.12890813397443818,-0.04945738635689696,-0.09155816459223808,0.12666468561396,0.09306570131277916,0.2117962706735193,-0.029773181514859668,-0.04055970880980644,-0.09326838949668625,-0.16042997639884116,-0.13786161296446034,-0.11944493573892674,0.24542452685602018,-0.09172441335919634,-0.03696780321158824,0.13344044099316638,0.1189189525511273,0.06680299966861718,-0.11895100845607041,-0.03361712220464971,-0.18558972523927725,0.10296591533410682,0.057089353160761094,-0.1481595996370922,-0.0479068296521337,-0.2589801135390031,-0.03587799062143651,0.020769013254333172,-0.16435656765954626,0.05742134604514589,-0.06783261225729391,0.14379943485804247,0.17089806954986178,-0.04955709442544845,0.0981630302295003,0.06540967123168574,-0.0070298557883150805,-0.03971253185715072,0.025783877695593795,-0.09729546239590693,-0.060456574085906545,0.11550182485213237,-0.006769958320893948,0.016871572613043905,-0.02806789319388272,-0.012507846145172401,-0.11001267439687894,0.11754263259171523,-0.003533887912232539,-0.1954893610655623,0.06861938794377641
32003003313,las_vegas,46.78612105711853,29.637118028827103,-17.149003028291425,False,False,Neither hotspot,False,-0.1637168958721148,-1.2728930491140098,-1.109176153241895,Mid LST,Low HI,Mid LST / Low HI,120,las_vegas,Las Vegas,2024,GOOGLE/SATELLITE_EMBEDDING/V1/ANNUAL,/Users/yufeizhou/Desktop/heat-exposure-compare/outputs/pilot/alphaearth/paper_gis_figures/three_city_lstadaptive_heat_index_mismatch_GIS_READY.gpkg,las_vegas,0.18479734321986266,-0.12092088684852853,0.1548594817479003,0.06858949397547057,0.02226401741648112,-0.06870783078698245,-0.012354379180942267,-0.04611089201649622,-0.30156591377412273,-0.10065473757094368,0.12948614894402763,0.059053438251447016,-0.1714309979876133,-0.10073861646092865,0.010162856027453027,-0.04775360493021357,0.10389833700164954,0.07798066669791502,0.2482397045788571,-0.011504231867221376,-0.027957752957226918,-0.11863140039918178,-0.13204860990738412,-0.15667511753218677,-0.13448054136283555,0.250179239456814,-0.09063467141205224,-0.056638858647803,0.12742348887755742,0.12061624746329618,0.03661776178679747,-0.11896393315367004,-0.04210860053978559,-0.16204818222903308,0.08684418084304216,0.09429534368594227,-0.10957550913851914,-0.013142984191918361,-0.29932169145454224,-0.0022949060694500644,0.03070748346402436,-0.13452479675903622,0.09139862386904447,-0.04666692188562751,0.12126473445075014,0.1561454062961105,-0.05169313041422165,0.1098592081043122,0.06318055241184499,-0.041065565342442406,-0.03314205761683206,0.0011150628507560808,-0.06985302608040898,-0.06920726699601329,0.12651717369917753,0.022585954801779513,0.02285291605247159,-0.004406766461389802,-0.03954478366537436,-0.08070010458962061,0.14137573657840657,-0.004739319600609422,-0.196041672796131,0.06391570858951023
32003003316,las_vegas,45.864479606188496,29.71009310764827,-16.154386498540227,False,False,Neither hotspot,False,-0.8596841505325167,-1.2092461549750608,-0.34956200444254415,Low LST,Low HI,Low LST / Low HI,121,las_vegas,Las Vegas,2024,GOOGLE/SATELLITE_EMBEDDING/V1/ANNUAL,/Users/yufeizhou/Desktop/heat-exposure-compare/outputs/pilot/alphaearth/paper_gis_figures/three_city_lstadaptive_heat_index_mismatch_GIS_READY.gpkg,las_vegas,0.15274618184851949,-0.00797133916944531,0.13176041617773213,0.06354463119256588,0.05245687740446696,-0.0330150464759073,0.024740766787263016,-0.0013398562095489357,-0.2912476846408198,-0.04360407037768304,0.08880718901573592,-0.005905225874719297,-0.19176727165327037,-0.10437329959977136,0.009671788657846495,-0.07690742854403297,0.0458537070532002,0.07166506301933706,0.2716434022371854,-0.04997611440830769,-0.008903155419636807,-0.12540738868090792,-0.13693658351323548,-0.10831985316020447,-0.15704900071068864,0.19759918262146978,-0.1095779738638828,-0.07947880214862045,0.10122074368934073,0.1272032645520588,0.06444131723035974,-0.09923255343676418,0.038795556909097445,-0.1916847154994282,0.05157504621495415,0.041705423823150074,-0.05112291092085852,-0.007806258120874378,-0.3029751596543986,-0.04728451242239934,0.11150497658463272,-0.14052496172118903,0.0667142010491472,-0.1257022458390661,0.09713602376478056,0.21582691631912315,0.027227490749709215,0.0598739689278032,-0.01181580845085923,-0.020842613915267174,-0.08968659051281107,0.043830198701813136,-0.03511364859886067,-0.08305421067774625,0.15856279487450403,0.06416709098019749,-0.05680998824310977,-0.024233771493315695,-0.028403764037420676,-0.12359029165528997,0.07090925296803798,-0.05832676475909473,-0.11638859165210537,0.052534702853169093
32003003236,las_vegas,46.24606701940039,30.8977331107037,-15.348333908696691,False,False,Neither hotspot,False,-0.5715326745783289,-0.1734185989008675,0.3981140756774614,Low LST,Mid HI,Low LST / Mid HI,122,las_vegas,Las Vegas,2024,GOOGLE/SATELLITE_EMBEDDING/V1/ANNUAL,/Users/yufeizhou/Desktop/heat-exposure-compare/outputs/pilot/alphaearth/paper_gis_figures/three_city_lstadaptive_heat_index_mismatch_GIS_READY.gpkg,las_vegas,0.14631943269044986,-0.12854123841131046,0.1361154281043027,0.07254115179452006,0.02109746320912164,-0.0953086496442587,0.000895234144823817,-0.05607686206447134,-0.28819224279013034,-0.06835744707746202,0.10664887977250659,0.03498901203278336,-0.14836821540474227,-0.125188484726677,-0.023444625984668056,-0.09055682239877973,0.08869511252192566,0.0821696977131072,0.21422754237433217,-0.0359457696894801,-0.021102148010809892,-0.1056086498304683,-0.16004475389695155,-0.14444094498367205,-0.17236581060594888,0.1879669377577095,-0.07862526637831983,-0.03680734894567685,0.10564004372038419,0.12576818097356696,0.059147873230515055,-0.1289690243094641,0.009035319349229612,-0.18025497979714522,0.05935194198565441,0.05942830448411798,-0.10378576778180022,-0.03557050844134913,-0.2668606879713551,-0.005709058924993044,0.04342064567767705,-0.13798298017888608,0.06577492481718321,-0.09469085288218432,0.0996141919277295,0.1856340030623382,-0.025538971723445884,0.09019545892093919,0.020183754161541997,-0.03281118537027183,-0.044374856454931375,0.05293123173850802,-0.08682099613834207,-0.05515813893906198,0.13160273190061803,0.03947434719434779,-0.023022848833102006,-0.015047993992727276,-0.02351729381930354,-0.12956296490156066,0.09157657980857674,-0.03651862389564921,-0.1623437990374608,0.0859774995216311
32003003243,las_vegas,45.92292397660822,30.8977331107037,-15.025190865904516,False,False,Neither hotspot,True,-0.8155505365437759,-0.1734185989008675,0.6421319376429083,Low LST,Mid HI,Low LST / Mid HI,123,las_vegas,Las Vegas,2024,GOOGLE/SATELLITE_EMBEDDING/V1/ANNUAL,/Users/yufeizhou/Desktop/heat-exposure-compare/outputs/pilot/alphaearth/paper_gis_figures/three_city_lstadaptive_heat_index_mismatch_GIS_READY.gpkg,las_vegas,0.17539255325545097,-0.06308701244769986,0.16944053543902343,0.051109606990113556,0.023168710082155843,-0.05902625798479372,0.03436326884302506,-0.04708124151283907,-0.3198028792562576,-0.1221996849034407,0.07541857937277831,0.04458387046770735,-0.16303603527512794,-0.08696434136753538,-0.027087690563144994,-0.08421190808702259,0.10566265749414215,0.09915336231921769,0.23608885839337043,-0.01881645025295597,-0.00842904113920405,-0.14070059086953135,-0.11117039205654354,-0.13712212944740748,-0.13362295189544537,0.26200258421593303,-0.1255309466952198,-0.09021799658142587,0.13975386905717965,0.15007865739433557,0.06597321357975894,-0.1058542913584792,-0.02692105888982515,-0.19837137978084932,0.12395322954770915,0.07814398922139296,-0.12065974883746575,-0.06213774023526722,-0.2812575973225639,-0.04989418720061502,0.033874183652343966,-0.16183089278748566,0.05968219258641212,-0.07950324900880397,0.12593903466119521,0.207244241627783,-0.03780163328321968,0.11626025283351896,0.027952383583334083,-0.045069863572656486,-0.04870947410781214,0.01372056418171754,-0.07560539891697199,-0.030459315820748515,0.1390216427796154,0.02565122060446116,-0.004549614998582162,-0.013263987994022406,-0.04084602897859963,-0.08900782324691588,0.10938789465583706,-0.01045031959940642,-0.15702037647196768,0.04877145011995248
32003005614,las_vegas,48.03825447570336,33.963847449303145,-14.074407026400216,True,True,Both LST and HI hotspot,True,0.7818176793378572,2.500763572316609,1.7189458929787516,High LST,High HI,High LST / High HI,124,las_vegas,Las Vegas,2024,GOOGLE/SATELLITE_EMBEDDING/V1/ANNUAL,/Users/yufeizhou/Desktop/heat-exposure-compare/outputs/pilot/alphaearth/paper_gis_figures/three_city_lstadaptive_heat_index_mismatch_GIS_READY.gpkg,las_vegas,0.14478655845319202,-0.06306347497508252,0.176277509517291,0.07150263724915647,0.023423848811520497,-0.039473750394893,0.030526481840189232,-0.048584554515544255,-0.27868795260229023,-0.11685085851063015,0.07203899555496747,0.0007427902673622565,-0.18602795509598302,-0.08383071289649398,-0.02246031525485066,-0.08967525595048173,-0.008508812385744425,0.045788798021481746,0.21431951528210122,-0.06744468752564296,-0.022695151962852062,-0.11182692311196424,-0.1490847493047927,-0.17178406147415523,-0.1890208223242518,0.19057169803168905,-0.0296249311472437,-0.10059932330712285,0.11306552714981001,0.17225273060546487,0.09215229637247765,-0.1265738730865702,0.05406182700984488,-0.2077805898043451,-0.005324739759658309,0.10303718479743536,-0.02634481615086299,-0.0444746559200675,-0.2574379142825314,-0.03316864377662486,0.07110041081406487,-0.1380823392860324,0.09411418681053339,-0.17141116998650574,0.07414397288426892,0.18964032059086106,0.02974399018565162,0.057857604963204655,0.0036397767099327046,-0.12111587234296461,-0.06284822968399438,-0.0003520047382630578,-0.05740610482409574,-0.053150051934743814,0.08915016371181439,0.06097394874163355,-0.07463233843192515,-0.06501573575351763,-0.05370293007571907,-0.05639074576511518,0.10966803105308606,-0.023601721407234575,-0.05653382507203049,0.07219494660818873
32003006900,las_vegas,47.056748195669655,32.013520646871974,-15.043227548797681,False,True,HI-only hotspot,True,0.04064416716814435,0.7997411748637456,0.7590970076956013,Mid LST,High HI,Mid LST / High HI,125,las_vegas,Las Vegas,2024,GOOGLE/SATELLITE_EMBEDDING/V1/ANNUAL,/Users/yufeizhou/Desktop/heat-exposure-compare/outputs/pilot/alphaearth/paper_gis_figures/three_city_lstadaptive_heat_index_mismatch_GIS_READY.gpkg,las_vegas,0.1576234517445412,-0.19432156624339686,0.14308379191097345,0.06640413067896288,-0.004837251510619261,-0.14146943774962145,-0.026007873005429644,-0.08289670278695242,-0.28684298150292664,-0.09948109540530015,0.1129716391856397,0.0763659667230526,-0.11189525412812262,-0.1486244120299745,-0.053729433951558214,-0.08330061598411062,0.13341871129894417,0.06844943057630723,0.18075156326196,-0.043683264254390605,-0.0183279778973507,-0.09025926676389172,-0.1518396328944825,-0.14098192335251994,-0.15538489250291712,0.1556029567786231,-0.051234648221436294,-0.0025370509757504005,0.08965280990094887,0.10809807336249493,0.05146594423053439,-0.15891291681689285,0.0010337303121990165,-0.15949316240785932,0.06670262577290216,0.06916798098379655,-0.15004631702313265,-0.026647506415110152,-0.23931253860333598,-0.027650229295193337,-0.00913251955243235,-0.11931755995826467,0.039759506513912635,-0.05427185161379257,0.10422179123739474,0.16093800001399383,-0.06365644426364342,0.10508788924963557,0.07450260623645963,-0.01436373653914475,-0.016544231863271346,0.05505543669815142,-0.14318238786927462,-0.04783843462972649,0.1073820354703938,0.004533205704514462,0.008856839915725131,-0.020948642408557115,-0.03162004729590649,-0.10067494600779472,0.1084061391591843,-0.030599432149690336,-0.212982344322576,0.09677824235560713
32003007100,las_vegas,48.449248788368365,30.894111814136732,-17.555136974231633,True,False,LST-only hotspot,False,1.0921754471854934,-0.1765769960272132,-1.2687524432127066,High LST,Mid HI,High LST / Mid HI,126,las_vegas,Las Vegas,2024,GOOGLE/SATELLITE_EMBEDDING/V1/ANNUAL,/Users/yufeizhou/Desktop/heat-exposure-compare/outputs/pilot/alphaearth/paper_gis_figures/three_city_lstadaptive_heat_index_mismatch_GIS_READY.gpkg,las_vegas,0.16356405886020048,-0.1252872419085951,0.15260320857744264,0.05419950691787792,-0.002292962773717213,-0.13118489230166858,0.007149097493240092,-0.0920126871748312,-0.29464619238082723,-0.05327598263921391,0.12004100975318165,0.07541893950578789,-0.11442981548293849,-0.1380702013084966,-0.045215316658463726,-0.09896949915860169,0.13943846170308816,0.0624525388847528,0.2099775267940952,-0.042760290373841624,-0.01803483514591445,-0.09329303600446161,-0.17989727196706704,-0.14054348925057802,-0.1641567390302774,0.16105211421608595,-0.059523235466702226,-0.01419834916085638,0.09539117075271682,0.10077863398433771,0.08380801425081967,-0.13262922771052227,0.013119860217850611,-0.17816901176484234,0.06068552381950384,0.0560871166541965,-0.16626965403399302,-0.007275799111484699,-0.2591361337452853,-0.035855315598419146,0.040650942150630115,-0.11783380816686358,0.039942396027712684,-0.08120509923014219,0.1039401524207545,0.1728822832102556,-0.03846600569851378,0.08599683884484348,0.04878869681838313,-0.005659083547938564,-0.03833255972847451,0.06923027180703217,-0.11875945102299126,-0.08613776634311639,0.13129104488574522,0.01737838428993486,0.0005769888388256701,-0.022490411148837364,0.006756426638359604,-0.12166077745704983,0.07025986675081788,-0.04644771477614092,-0.2142528753733171,0.07795712976822054
32003004602,las_vegas,47.86229381443302,30.791117610183477,-17.071176204249547,False,False,Neither hotspot,False,0.6489429499851699,-0.2664057608854543,-0.9153487108706242,High LST,Mid HI,High LST / Mid HI,127,las_vegas,Las Vegas,2024,GOOGLE/SATELLITE_EMBEDDING/V1/ANNUAL,/Users/yufeizhou/Desktop/heat-exposure-compare/outputs/pilot/alphaearth/paper_gis_figures/three_city_lstadaptive_heat_index_mismatch_GIS_READY.gpkg,las_vegas,0.16153856283590284,-0.18561195524064258,0.12424009026022434,0.06208169506966197,-0.009972740169621453,-0.14245417468811042,-0.017883893050585065,-0.09387781580659026,-0.2760160723499105,-0.07646936884190182,0.12243518583642161,0.09741481219507403,-0.1168358856118056,-0.15517944767049782,-0.0341364393815574,-0.06590078778438635,0.15620088977971514,0.06382667474031929,0.17870048603740143,-0.03029471271839413,-0.019767108500458947,-0.0806974904857956,-0.18703328917672368,-0.13963784955304318,-0.15612395701118956,0.14852899243292775,-0.043543384158106394,0.009045004086636723,0.08678515334212862,0.09009432511674587,0.046479966863844084,-0.1317307287928463,-0.018689354128627877,-0.15682937596769397,0.05928767242569587,0.06632547458689211,-0.1515526792360752,-0.023781621309702336,-0.23659117845708394,0.018529097839938617,0.016225767650199924,-0.10256154240930108,0.052029747248760645,-0.057274343952379285,0.11316105809935244,0.14152343927799202,-0.06475758596084578,0.10433808810254477,0.05948220030404536,-0.012930143354791424,-0.005486262328427925,0.06195826085765607,-0.13355154429476054,-0.07080662601046214,0.1185306318241347,0.007447405981738839,0.03580831698225559,-0.01062350194568926,-0.010263763294912772,-0.12206505808963279,0.0964220973332876,-0.025570273246221024,-0.2374821958395956,0.10252373805396772
32003005011,las_vegas,48.85537426900589,32.104452955425614,-16.750921313580278,True,True,Both LST and HI hotspot,False,1.3988565708716219,0.8790498801068993,-0.5198066907647225,High LST,High HI,High LST / High HI,128,las_vegas,Las Vegas,2024,GOOGLE/SATELLITE_EMBEDDING/V1/ANNUAL,/Users/yufeizhou/Desktop/heat-exposure-compare/outputs/pilot/alphaearth/paper_gis_figures/three_city_lstadaptive_heat_index_mismatch_GIS_READY.gpkg,las_vegas,0.18166844391554074,-0.1433656701553454,0.17477975257430142,0.06239576768326469,0.024089430390704863,-0.08460352687261279,-0.026482159442664206,-0.10305262381437426,-0.28289300808519524,-0.08960122580512722,0.10950026044184956,0.07803742296848278,-0.13997531898164536,-0.14462996845999454,-0.044060248933661304,-0.06915520857475536,0.1493131926492923,0.09447705650769916,0.22638095502075622,-0.034721460927430614,-0.03571188807876113,-0.05511255051844174,-0.13926618852186998,-0.11278144814413364,-0.1296653179548288,0.24495858446023416,-0.08945024539180066,-0.029544807181788577,0.15107518008627077,0.10620625198068917,0.05052060238486162,-0.12463178039696138,-0.04514925816909584,-0.19342295406605636,0.13202232161986627,0.03210031360838817,-0.16307247803145095,-0.03409383059712621,-0.2576715440419836,-0.011575372262007997,-0.013051055617531402,-0.1607062228090874,0.04858768895371067,-0.04276451538601921,0.15801903497162553,0.15364396284204013,-0.07497336380872154,0.09797439862784786,0.08262866787331206,-0.006317275099558378,-0.022857311342739484,0.0261739909983731,-0.1131048665017493,-0.06691965170910325,0.12352571512319174,-0.02562444526633946,0.047083360136577185,-0.031428553908890926,-0.031003285978661525,-0.11558939776424734,0.13940454366992205,0.03732177991252792,-0.2260306975341977,0.06262158312763726
32003005017,las_vegas,48.64105263157898,32.104452955425614,-16.536599676153365,True,True,Both LST and HI hotspot,False,1.2370139785448424,0.8790498801068993,-0.3579640984379431,High LST,High HI,High LST / High HI,129,las_vegas,Las Vegas,2024,GOOGLE/SATELLITE_EMBEDDING/V1/ANNUAL,/Users/yufeizhou/Desktop/heat-exposure-compare/outputs/pilot/alphaearth/paper_gis_figures/three_city_lstadaptive_heat_index_mismatch_GIS_READY.gpkg,las_vegas,0.1721058288020826,-0.08256744255729545,0.1354688911751259,0.042873493446986176,0.04051419199460643,-0.06652045287648474,-0.02567191738420155,-0.07637909117979944,-0.30556236688875055,-0.0670174036688326,0.10857223023509016,0.07226506239183776,-0.15244247846499115,-0.11352435759669267,-0.06352049601751182,-0.11036894167245333,0.14021452507127521,0.09275685602094574,0.20259373584289947,-0.01920008626955869,-0.048900517130529154,-0.08093337374900281,-0.13677457302058793,-0.12566633759967707,-0.13121983642628107,0.2488814437922401,-0.1312171416281758,-0.080583159058492,0.1665690667809856,0.13551570083408396,0.0304547807268896,-0.10123407979878944,-0.01649350461586089,-0.22895455744457183,0.12801106294878742,0.06214681774415269,-0.11552035777877971,-0.053032203968323845,-0.2435383750621662,-0.022787349636981185,-0.005124048104894171,-0.16595020394252397,0.07744875473198563,-0.0730578211884487,0.17236263191180715,0.17493161186523182,-0.07151825584491725,0.13245754078600114,0.05280284110248549,-0.02303707747373744,-0.045682873130234856,0.035059933919511115,-0.018073868544672023,-0.05587670683269917,0.12671169676682464,0.03024549355615054,0.013922241375316084,-0.028426433613039315,-0.03865941774405774,-0.13263643671484218,0.13815184750539894,0.00907017056003844,-0.18074475095723957,0.08517072602117991
32003002965,las_vegas,46.88515267175575,30.68612509371,-16.199027578045747,False,False,Neither hotspot,False,-0.08893427743182845,-0.3579773999890631,-0.2690431225572346,Mid LST,Low HI,Mid LST / Low HI,130,las_vegas,Las Vegas,2024,GOOGLE/SATELLITE_EMBEDDING/V1/ANNUAL,/Users/yufeizhou/Desktop/heat-exposure-compare/outputs/pilot/alphaearth/paper_gis_figures/three_city_lstadaptive_heat_index_mismatch_GIS_READY.gpkg,las_vegas,0.16668724780961483,-0.11871812523899773,0.1524332948380388,0.07124217516978491,0.005811189788712524,-0.12293590729962765,0.011265904345366772,-0.07524344705668273,-0.30324517165416376,-0.07495310734541297,0.11407874501174779,0.05777787006194738,-0.1428530202756384,-0.13536580569572204,-0.030080451300207478,-0.06104181102444614,0.13918884026536804,0.06457758795552182,0.24108704753023336,-0.04916880762825387,0.009869951356148637,-0.12324267934863278,-0.1619592595884988,-0.14630886345306524,-0.14355544932222716,0.16708420096852425,-0.08262511504333679,-0.013694350429454865,0.06351126343833187,0.12447079025798276,0.05497474856511113,-0.12112158991886242,-0.011174502870284113,-0.17356900541036613,0.060752046955052014,0.045637398190785626,-0.15127341003935058,-0.00039054431147306874,-0.29837592811039504,-0.02023145078585956,0.05382180955567181,-0.11402316195031101,0.028873763511856287,-0.06342038736265376,0.11422953721970212,0.17874643136188548,-0.029355419040047116,0.08148394041390822,0.06817544155506851,-0.003170302903463487,-0.030286440355197626,0.05416191237927691,-0.13166931845764424,-0.08053367936287958,0.13049375818194275,0.018497778368783246,0.01682019469297215,-0.0036979156338004505,-0.01234147902770307,-0.09542567409371486,0.08504679805092791,-0.04209216581594886,-0.20344203845787245,0.05728952329062422
32003002970,las_vegas,46.58965210355989,30.816047771731157,-15.773604331828736,False,False,Neither hotspot,False,-0.3120782332405947,-0.24466234685255522,0.06741588638803947,Mid LST,Mid HI,Mid LST / Mid HI,131,las_vegas,Las Vegas,2024,GOOGLE/SATELLITE_EMBEDDING/V1/ANNUAL,/Users/yufeizhou/Desktop/heat-exposure-compare/outputs/pilot/alphaearth/paper_gis_figures/three_city_lstadaptive_heat_index_mismatch_GIS_READY.gpkg,las_vegas,0.18934857974464017,-0.18678703425816356,0.13100518292677993,0.044818863376928246,0.030658800481849473,-0.11572538301101118,-0.04640898729948012,-0.09136723018200388,-0.27791582683444654,-0.08197736872394396,0.11877516843842009,0.07701349917008478,-0.1356409827656134,-0.14880469081563585,-0.056841712596616065,-0.09593594971282043,0.16312650483441096,0.10141061471919402,0.19362865659754827,-0.027422547966938122,-0.02615633124405927,-0.09405647790673105,-0.12094309238781788,-0.13722044563653454,-0.13305116021086008,0.21414988774409513,-0.09842389596396633,-0.020436444309375724,0.13817762537044112,0.12141056636452985,0.03149644574155385,-0.13679468511214538,-0.015596883039683249,-0.17573614643484642,0.11655758002875241,0.054053859116058076,-0.15848688847310194,-0.02624539249785625,-0.2335618682570714,-0.01369530320238816,-0.0408489677183241,-0.15092668607374587,0.048347104944746824,-0.019881886105292682,0.14414355941568638,0.14620917701013628,-0.10105003529906945,0.13376273482708614,0.08310468728195013,-0.009550558452430384,-0.012645491725351659,0.03122567081918135,-0.10888943848424408,-0.018996963009691233,0.12842721741723348,-0.023618539601163523,0.02480115774806559,-0.012864969594957237,-0.042762611972061715,-0.10617799377475086,0.14609212416258657,0.002521944564323121,-0.23443949345031942,0.08401933496004227
32003005844,las_vegas,44.6808461820852,28.484741921582422,-16.196104260502775,False,False,Neither hotspot,False,-1.7534917194804998,-2.277964387040169,-0.5244726675596694,Low LST,Low HI,Low LST / Low HI,132,las_vegas,Las Vegas,2024,GOOGLE/SATELLITE_EMBEDDING/V1/ANNUAL,/Users/yufeizhou/Desktop/heat-exposure-compare/outputs/pilot/alphaearth/paper_gis_figures/three_city_lstadaptive_heat_index_mismatch_GIS_READY.gpkg,las_vegas,0.1663047570779798,-0.15956984291795764,0.16152844355208143,0.06182783368341682,0.03446276876419046,-0.08616033403827712,-0.03539435474779513,-0.04994571513906953,-0.30840938143682944,-0.13280876497637636,0.09088034731706982,0.06723742549769728,-0.1271219925109028,-0.11756067991893783,-0.02026397243685298,-0.048926942791240935,0.10468384617497625,0.10000018439765368,0.2407477015751713,-0.029026817618998304,-0.015195377524823538,-0.09405616860671596,-0.08077178236604379,-0.1251670799370575,-0.13066962216145014,0.23266755343499002,-0.10175407227892322,-0.055091206399920524,0.13753244658324265,0.09964666498638101,-0.012784355688606284,-0.09642463040536343,-0.06180218969506087,-0.15893859787708223,0.12924293718862656,0.04767232842645751,-0.09453460133108739,-0.04826378418827373,-0.279296342317523,0.03212668873662824,-0.019532544313099715,-0.1320200793064198,0.07596868605932788,-0.045941023031293285,0.13262150512571466,0.187003708701707,-0.07717953910992288,0.12975964419347374,0.08892793077354091,-0.04689268766362734,-0.016666114548658417,0.020699278156746707,-0.0879301329137155,-0.005886993660785609,0.12138259204376718,0.010750461935087866,0.03326585950188975,-0.017699880104408604,-0.10603059010128094,-0.1092619137884221,0.1522540211774023,0.01871739918392584,-0.18826994431004979,0.056352247296318145
32003005847,las_vegas,45.00157043879911,28.484741921582422,-16.516828517216684,False,False,Neither hotspot,False,-1.5113003768244901,-2.277964387040169,-0.766664010215679,Low LST,Low HI,Low LST / Low HI,133,las_vegas,Las Vegas,2024,GOOGLE/SATELLITE_EMBEDDING/V1/ANNUAL,/Users/yufeizhou/Desktop/heat-exposure-compare/outputs/pilot/alphaearth/paper_gis_figures/three_city_lstadaptive_heat_index_mismatch_GIS_READY.gpkg,las_vegas,0.16583554435942882,-0.14825400001600103,0.15711765354383772,0.043037963149046565,0.012654869743068212,-0.11685940319742746,-0.02188437466246338,-0.1063240853250438,-0.2722023312513101,-0.08822758726691246,0.10564165236409379,0.07672744283149367,-0.11904866473553938,-0.14272267659716653,-0.05867951261772113,-0.09356370218936445,0.14113603177449938,0.09770491796411333,0.20023555011875552,-0.05639827628915241,-0.00963114952259995,-0.09399413820510501,-0.12895918116712807,-0.12817403821902512,-0.17068437032246872,0.18419602172487431,-0.09677303292448192,-0.017950528785674512,0.13076534265282633,0.12216349454367786,0.06524631570293314,-0.13567856256795663,0.01358432002861003,-0.19035596753605089,0.09243562332522551,0.040633011892471316,-0.1515622350711217,-0.018670573359550725,-0.25065258090084247,-0.026667256544191727,-0.03651144414884136,-0.14039831525921406,0.03411561034322147,-0.06746438236241442,0.12790847958310203,0.1823396127752559,-0.08416703712596875,0.10143593597043925,0.07097866123959852,-0.012219906601379112,-0.022126923407116233,0.05853846941159788,-0.12631496311428525,-0.028404770613209427,0.1371276607770375,0.0042478959645420415,-0.005262167398775239,-0.026796265483104355,-0.026831228522381876,-0.1248445890712715,0.10962913345124145,-0.022586397609170767,-0.22116099918743767,0.08100200851953784
32003005848,las_vegas,45.45902182091801,29.58543350764621,-15.8735883132718,False,False,Neither hotspot,False,-1.1658610715147837,-1.317970893514616,-0.15210982199983225,Low LST,Low HI,Low LST / Low HI,134,las_vegas,Las Vegas,2024,GOOGLE/SATELLITE_EMBEDDING/V1/ANNUAL,/Users/yufeizhou/Desktop/heat-exposure-compare/outputs/pilot/alphaearth/paper_gis_figures/three_city_lstadaptive_heat_index_mismatch_GIS_READY.gpkg,las_vegas,0.16951099843090428,-0.13208567247480604,0.15468308242462864,0.055221249516000624,0.013294830940235177,-0.09702653300749427,-0.01691894922251487,-0.07768602981593004,-0.29271067990534616,-0.08313198809877641,0.11571640786086759,0.07293291616873072,-0.13961422347543445,-0.13235746530190873,-0.03332102960688204,-0.09009184328555325,0.1321356490254608,0.10556637796210734,0.21794961234603807,-0.03166970846615576,-0.018224106958836563,-0.09834020181913625,-0.13581298599417765,-0.13002636213826968,-0.16407860503392727,0.20562318328717755,-0.1144587823328576,-0.04189631689087201,0.14484472067038737,0.1299825695444545,0.06267352763569592,-0.11719642764818339,-0.002586963825965194,-0.1900312153212409,0.09630725208646677,0.05954908654366254,-0.12819655425740922,-0.033004954801394204,-0.2623038295254494,-0.019388197719591833,-0.006732749566262077,-0.15506091945300146,0.044684609088919476,-0.06767249892733943,0.13818346771570036,0.1813356431326433,-0.06668391000629895,0.11409552050404789,0.0521885579563451,-0.023038252115209885,-0.03530407257608702,0.050313389928090424,-0.09278049978778662,-0.047826947808935115,0.12760391826627504,0.01927958123515679,-0.005229769597625077,-0.024292988490421392,-0.024522273857045227,-0.12996372831588926,0.11269833230984591,-0.02541506454548007,-0.191200587289625,0.06883478951996944
32003002841,las_vegas,46.37804606830821,30.94181120972409,-15.436234858584118,False,False,Neither hotspot,False,-0.4718701688952629,-0.1349748706101197,0.3368952982851432,Low LST,Mid HI,Low LST / Mid HI,135,las_vegas,Las Vegas,2024,GOOGLE/SATELLITE_EMBEDDING/V1/ANNUAL,/Users/yufeizhou/Desktop/heat-exposure-compare/outputs/pilot/alphaearth/paper_gis_figures/three_city_lstadaptive_heat_index_mismatch_GIS_READY.gpkg,las_vegas,0.16190393033247966,-0.05359030743267784,0.14986108733597284,0.06533818801478994,0.006378770330519528,-0.04832902028728025,0.027097844653194463,-0.0180406912516827,-0.27714930529321513,-0.0674862638637338,0.11770663426649636,0.008679768858145963,-0.19104821169813355,-0.0942670085517606,0.029064036440537747,-0.06804940399748043,0.06697470994419237,0.05524196389106999,0.2315656139454816,-0.03605999630784715,-0.00990051303457535,-0.1657450327504496,-0.16307640845058913,-0.13666533287827728,-0.15162765767093855,0.19344712725596913,-0.06633192732668575,-0.09360529895144946,0.11599638922257033,0.14788345513164755,0.09556717029688261,-0.14019065050845594,0.040356313418333734,-0.18682893810505205,0.001819858227251766,0.08573641671740725,-0.08409495130028595,0.008673022357448898,-0.26618014087108227,-0.060098773355065166,0.09547748830469213,-0.1509523958137446,0.06456705705342666,-0.11801683156664433,0.06847643237724116,0.17515550182456247,0.003995921988701064,0.06861700093754133,0.004091037187122164,-0.02387529917451477,-0.07336125646419485,0.02351638862444492,-0.058857067816977526,-0.07555201566933063,0.12656628568010045,0.049511887861583725,-0.03553498914814552,-0.025183864791291095,-0.008735828313796525,-0.08245468646700226,0.07864362805256035,-0.04573636274813105,-0.13286914135277514,0.06270681990732388
32003005356,las_vegas,46.56714266117973,32.104452955425614,-14.462689705754116,False,True,HI-only hotspot,True,-0.32907598741218663,0.8790498801068993,1.208125867519086,Mid LST,High HI,Mid LST / High HI,136,las_vegas,Las Vegas,2024,GOOGLE/SATELLITE_EMBEDDING/V1/ANNUAL,/Users/yufeizhou/Desktop/heat-exposure-compare/outputs/pilot/alphaearth/paper_gis_figures/three_city_lstadaptive_heat_index_mismatch_GIS_READY.gpkg,las_vegas,0.14662374254401214,-0.10844218328095483,0.1203442435887306,0.04320406455450443,0.049921443750086225,-0.04175360568685873,-0.04347764250316986,-0.0036116439762447264,-0.25701843895765325,-0.1379296081082936,0.11698486816370739,0.06249161507648949,-0.14638989370134695,-0.1286877229657486,0.023300408825693633,-0.030814869067694678,0.14438739852213742,0.12343496273668465,0.15914769027238646,0.0012838382651292446,-0.04258908435486949,-0.1296788384532205,-0.10112472479827822,-0.1121698690345482,-0.09332304026160579,0.20424173452565067,-0.12113540953999337,-0.07103129426972184,0.15679561271086395,0.13022341813042795,0.02831150365059692,-0.05184064866295797,0.026239309775075888,-0.12938637710413617,0.05657115956411202,0.08593543961357092,-0.065746927589301,-0.032341557280242676,-0.27798680351212124,0.05270762054254094,0.008465815247037609,-0.13425138449531204,0.08655764754786455,-0.04653172234774876,0.18184062701681714,0.1530857643277379,-0.05672872352427616,0.17403884175185477,0.03249085664019524,-0.03465609539735543,-0.02166903689638669,0.0001287299143505523,-0.055128174757719715,-0.01805593390569265,0.10967310550688743,0.044062322757964616,0.03552622127048991,-0.060915487862333466,-0.03792400580609042,-0.07976788376361207,0.13171967080601993,-0.01727158288498047,-0.1408896994882062,0.05503551997711424
32003003422,las_vegas,47.02479576951134,30.68612509371,-16.338670675801342,False,False,Neither hotspot,False,0.016515649195455784,-0.3579773999890631,-0.37449304918451887,Mid LST,Low HI,Mid LST / Low HI,137,las_vegas,Las Vegas,2024,GOOGLE/SATELLITE_EMBEDDING/V1/ANNUAL,/Users/yufeizhou/Desktop/heat-exposure-compare/outputs/pilot/alphaearth/paper_gis_figures/three_city_lstadaptive_heat_index_mismatch_GIS_READY.gpkg,las_vegas,0.1778904594628155,-0.13053981270493334,0.149914396042577,0.047567261701979134,0.015294550139194701,-0.08654436538238361,-0.017048010415087377,-0.09768436458856719,-0.2622140525543767,-0.09847342407609634,0.12290876885123467,0.0756149748213772,-0.15487531529584783,-0.14533363713010053,-0.028947667895601385,-0.07680625551134229,0.1695063201269024,0.11128395008690413,0.19722507622203578,-0.00817900897635141,-0.03522029038444296,-0.08537919065885954,-0.1409576558936152,-0.11100010604186436,-0.13432401910275107,0.24574445779372148,-0.10918833055981521,-0.05044217862705856,0.16283613076359044,0.1308694912889903,0.0601754117415338,-0.12746556313482582,-0.021543090394710647,-0.19472985159440614,0.10085269808502642,0.06357435806844082,-0.1441589568177136,-0.04587792886568063,-0.22924891126027616,-0.010522344670252573,-0.014554309818483714,-0.1714045027966503,0.06435642678697767,-0.04364203427124457,0.1513589808228248,0.14371813326910313,-0.083542418018846,0.11555630361008949,0.0627428643593446,-0.01752369690655047,-0.030345904253186392,0.029515964339524175,-0.10294275500266177,-0.04289988245025189,0.12726611514299183,-0.009234242234571798,0.03537413864391389,-0.03416587032769302,-0.002879478223052708,-0.1275355177030336,0.12487520831135801,0.004379589775026797,-0.21190772654103504,0.0846353058202228
32003002831,las_vegas,46.614734361611006,31.968054492595165,-14.646679869015841,False,False,Neither hotspot,True,-0.2931376460318681,0.760086822242178,1.0532244682740461,Mid LST,High HI,Mid LST / High HI,138,las_vegas,Las Vegas,2024,GOOGLE/SATELLITE_EMBEDDING/V1/ANNUAL,/Users/yufeizhou/Desktop/heat-exposure-compare/outputs/pilot/alphaearth/paper_gis_figures/three_city_lstadaptive_heat_index_mismatch_GIS_READY.gpkg,las_vegas,0.1585087098888686,-0.07321803854498223,0.167550037410085,0.05739129969383652,-0.014043789327065632,-0.07904788719740193,0.03413192283989576,-0.044319378152965334,-0.29660872477149014,-0.07192535016093621,0.12290527050948623,0.030163790539126746,-0.17772804340216652,-0.100158164607812,0.0014515622037421713,-0.08678884780288461,0.08653540524627579,0.06039552249624398,0.2086540235398863,-0.025318121014545714,-0.012182062510451827,-0.14980477244977022,-0.1761232898075143,-0.14527972906331077,-0.17175562724444648,0.1933864304074004,-0.07093584387204026,-0.080827335951606,0.10846510469220938,0.15507464631729095,0.10683560805946607,-0.14738849457449346,0.02689852676645023,-0.20044184425616926,0.02452828077199108,0.0918189082834008,-0.09538635079773729,-0.011429550328850624,-0.2539393258744371,-0.04746219883879119,0.07246774513658819,-0.14801528053041305,0.06224699132998291,-0.12024974064535035,0.06508811153998392,0.1816344176871466,-0.01599781801801825,0.08036125501394807,0.0005838430788102684,-0.044001836041127944,-0.07408910349031737,0.051000106830253016,-0.05929483626543476,-0.0722673924835294,0.12548940591959293,0.04442419740661351,-0.024650688769526037,-0.015225137115775708,0.0027256177744366472,-0.08550079267707428,0.07041806791616832,-0.05124116645992206,-0.14434222166301267,0.07164776145559221
32003000517,las_vegas,49.2027888153054,32.08101575859078,-17.121773056714616,True,True,Both LST and HI hotspot,False,1.6612027878013882,0.8586085896011912,-0.802594198200197,High LST,High HI,High LST / High HI,139,las_vegas,Las Vegas,2024,GOOGLE/SATELLITE_EMBEDDING/V1/ANNUAL,/Users/yufeizhou/Desktop/heat-exposure-compare/outputs/pilot/alphaearth/paper_gis_figures/three_city_lstadaptive_heat_index_mismatch_GIS_READY.gpkg,las_vegas,0.17535995754961956,-0.14849400435548646,0.15190000193547396,0.054344718683801085,0.01611404293115049,-0.09081879774895696,-0.029183846078775486,-0.09389809389135728,-0.2983932844859853,-0.0869255874182384,0.11096339552710334,0.07925263347365104,-0.14531271293490683,-0.1503352442535807,-0.04640967864963473,-0.07361177689943735,0.1427510023870834,0.100962519002293,0.1947665138248027,-0.02646648779663075,-0.042090143729026974,-0.08075629394028429,-0.16288809922318306,-0.126718080531073,-0.12783318404945745,0.23284264251498862,-0.09774885701010086,-0.0246234836329991,0.14311746118866253,0.11128637784095301,0.03774603529214085,-0.12879621108914716,-0.03625648910935746,-0.19145894792473306,0.10444366347248064,0.05109893831953357,-0.1464227684163925,-0.043884871506844836,-0.24410338558394726,-0.0049971543025124155,-0.017357075584210697,-0.16383076697325816,0.06966668979163378,-0.05364496794436358,0.15538632031028532,0.16108053825973617,-0.0766924611979619,0.11038471805420984,0.08165143953922822,-0.00213011584331768,-0.01633680104855918,0.033752480089173434,-0.09526667606989186,-0.053914820401856266,0.11202455643661625,-0.005015951506788745,0.04044777988516553,-0.021818672805677876,-0.023322335694238073,-0.1177389694341817,0.12790617301660856,-0.00020416426804171294,-0.21702649658603762,0.08408893095400254
32003005803,las_vegas,44.27223891273251,28.484741921582422,-15.787496991150089,False,False,Neither hotspot,False,-2.062046938214104,-2.277964387040169,-0.21591744882606534,Low LST,Low HI,Low LST / Low HI,140,las_vegas,Las Vegas,2024,GOOGLE/SATELLITE_EMBEDDING/V1/ANNUAL,/Users/yufeizhou/Desktop/heat-exposure-compare/outputs/pilot/alphaearth/paper_gis_figures/three_city_lstadaptive_heat_index_mismatch_GIS_READY.gpkg,las_vegas,0.16958324378967332,-0.17230344697369332,0.16281613143701132,0.07553844574748893,0.05702440403124505,-0.10205469174499204,-0.03236363352004468,-0.05600837726166192,-0.2801001886032312,-0.10299890425671826,0.08868113309577527,0.05061840847251555,-0.12832887848032437,-0.13752262241769622,-0.06111262840813881,-0.0673303161491557,0.10243879876817799,0.08679455805059037,0.19858335958834727,-0.04593471618055746,-0.03208794768843606,-0.09691783686099797,-0.0744516283612391,-0.12964752444807484,-0.12064777903741106,0.2357532931858499,-0.10098897959859933,-0.01965699673022382,0.11928978485300921,0.11623905431149835,0.019821928798203145,-0.1154276198355897,-0.020088063475590463,-0.16805409510747338,0.14103929228034934,0.03300814000144329,-0.10850347869762436,-0.053271408095765006,-0.2601631224722521,-0.007935559770956132,-0.04234095332556686,-0.15307523097004794,0.05802667743486516,-0.05132276979829659,0.13951022085083634,0.1927973023528956,-0.08644299267621533,0.11599237907204567,0.08190609032979257,-0.035578424884286884,-0.01966188844506471,0.03152690565536534,-0.1303238517124241,0.01047789812683598,0.13644864680776633,-0.05125616739687794,0.022535040297179544,-0.024243344523040153,-0.0755233115710427,-0.09989367593259565,0.15544369089818846,0.0058187120104278385,-0.1838888435864401,0.06659509676038859
32003003226,las_vegas,44.82760445049957,28.925018556007934,-15.902585894491637,False,False,Neither hotspot,False,-1.6426688511470529,-1.893966989629951,-0.25129813848289806,Low LST,Low HI,Low LST / Low HI,141,las_vegas,Las Vegas,2024,GOOGLE/SATELLITE_EMBEDDING/V1/ANNUAL,/Users/yufeizhou/Desktop/heat-exposure-compare/outputs/pilot/alphaearth/paper_gis_figures/three_city_lstadaptive_heat_index_mismatch_GIS_READY.gpkg,las_vegas,0.16071761799169232,-0.09654458170424318,0.15018837569357585,0.0794177698107777,0.018876066239595056,-0.07982111961926633,0.0018819321824313474,-0.019680355840138747,-0.3105557546237897,-0.12766580981067255,0.09680323258243614,0.011825814425151413,-0.1388762638930054,-0.08923330520701493,-0.015186256440943933,-0.0776068739250812,0.0652036429147478,0.05127679807730921,0.20853970581146666,-0.0105296452338061,-0.04727133266042413,-0.10167148751434198,-0.13020817194127007,-0.16303072059273674,-0.1346007462899028,0.21594970960254656,-0.06863062227745205,-0.06369522895367508,0.12375981807870756,0.14610743378574087,0.05389541782118864,-0.11323478881501489,4.62315092337195e-05,-0.14965524253406196,0.030561815378003596,0.09999047714741865,-0.0652690589256398,-0.030345543924205742,-0.2888215815902214,-0.02726182014462084,0.036195515695811614,-0.11276834373315228,0.09260292556607756,-0.09900834707810564,0.11607428133286896,0.18553057477493917,-0.01516783522453799,0.09270130939676421,0.04253698026084009,-0.04591258454375035,-0.06115391259501777,-0.014378731775189415,-0.07802392029756625,-0.04751808042339389,0.09556865190254916,0.0449812692485762,-0.022121702675746487,-0.04108156302661916,-0.04908859209822761,-0.10499904435782134,0.15874896072032976,-0.03397632997172104,-0.11654052437023886,0.08564197619360127
32003005005,las_vegas,48.66101806239741,32.08101575859078,-16.58000230380663,True,True,Both LST and HI hotspot,False,1.252090650780877,0.8586085896011912,-0.39348206117968565,High LST,High HI,High LST / High HI,142,las_vegas,Las Vegas,2024,GOOGLE/SATELLITE_EMBEDDING/V1/ANNUAL,/Users/yufeizhou/Desktop/heat-exposure-compare/outputs/pilot/alphaearth/paper_gis_figures/three_city_lstadaptive_heat_index_mismatch_GIS_READY.gpkg,las_vegas,0.1842836941937543,-0.11260552604908773,0.1776144474767603,0.03248213036557682,0.005413225878618895,-0.1355482833474924,0.025038352604909275,-0.11276621010832613,-0.2879626365724693,-0.08117261270193679,0.09991707075505354,0.10777672136065548,-0.1072507320858055,-0.13506976600536608,-0.07160570422193188,-0.10306610614003107,0.17592941042413182,0.07289741478331568,0.20310179636666575,-0.04802756754837235,-0.006518058278065929,-0.05643765939418423,-0.16050550203077565,-0.11336325776897246,-0.11237579278735212,0.1643366957028117,-0.08515065605015845,-0.009465136812238699,0.12934792855573243,0.0796674639956185,0.09448606203541247,-0.10220312349541352,-0.020371865582736008,-0.18767694363855988,0.0956271722345687,0.021563971732573853,-0.20977831793524362,-0.013995570902637035,-0.2271298950000248,-0.08870353145004985,-0.0038409921854895574,-0.14902868252847318,0.0317088111010801,-0.06461464304558902,0.1357917833711343,0.1737636598474793,-0.0849150527801371,0.09546306591375683,0.0852339550880978,0.0302867375096013,-0.04689123539851123,0.059557354330400436,-0.13310216794814178,-0.06452007426941804,0.11446747881837331,-0.025315453962089438,0.014066258611815846,-0.05347573580501483,0.016994021524577144,-0.13425996457241215,0.10030409423835328,-0.009511783315394401,-0.23530954379820532,0.0777016897464935
32003000513,las_vegas,48.856256767208066,32.08101575859078,-16.775241008617286,True,True,Both LST and HI hotspot,False,1.3995229795388857,0.8586085896011912,-0.5409143899376945,High LST,High HI,High LST / High HI,143,las_vegas,Las Vegas,2024,GOOGLE/SATELLITE_EMBEDDING/V1/ANNUAL,/Users/yufeizhou/Desktop/heat-exposure-compare/outputs/pilot/alphaearth/paper_gis_figures/three_city_lstadaptive_heat_index_mismatch_GIS_READY.gpkg,las_vegas,0.17773361531705237,-0.09853675903414369,0.17387500242256584,0.05002123962267852,0.00018858167347800273,-0.09594212122925183,0.00949125047229764,-0.07501327704503227,-0.3118111014575372,-0.10865384690068676,0.10434416510789397,0.062243797372415685,-0.1555203331070898,-0.11684069538073605,-0.0304348457925059,-0.07920328011901676,0.1265001628462452,0.08976475325302799,0.22216560196478055,-0.012466648537960765,-0.030364644627386222,-0.08574911551031976,-0.16301094170227956,-0.13537284298521968,-0.1265452876422714,0.23428336580079528,-0.09554627477919768,-0.048514696527611166,0.12931952651821035,0.11937787160393126,0.08235962438537463,-0.11529031177255422,-0.037444767585132106,-0.17547685582337363,0.09054355411533427,0.07592339489246315,-0.1568521722366371,-0.028159178858248864,-0.27038999973058353,-0.04519076171351194,0.02761429117704612,-0.1539665079013003,0.06456919004635582,-0.057099501192788456,0.13971391191923943,0.17223481660579668,-0.03920762973967414,0.10641893546493895,0.06401247948931094,-0.006984504309048391,-0.03008160274134271,0.014505692703510925,-0.10896844498091124,-0.07319550743342977,0.11820991934034529,0.012116177315359949,0.010391534953083972,-0.019212804942738144,-0.007858902730625025,-0.0930283293971269,0.10972349796117974,-0.0069686065951417185,-0.2018132481789047,0.06970186963613147
32003005703,las_vegas,47.92306181436811,30.459710335108625,-17.463351479259487,False,False,Neither hotspot,False,0.6948312268669757,-0.5554502414711844,-1.25028146833816,High LST,Low HI,High LST / Low HI,144,las_vegas,Las Vegas,2024,GOOGLE/SATELLITE_EMBEDDING/V1/ANNUAL,/Users/yufeizhou/Desktop/heat-exposure-compare/outputs/pilot/alphaearth/paper_gis_figures/three_city_lstadaptive_heat_index_mismatch_GIS_READY.gpkg,las_vegas,0.16464807771916132,0.14964826163011097,0.02567838739696278,0.03526240224261851,0.062248193339643355,0.09235954632096069,-0.039083426657824834,0.07366247405178743,-0.08780103849758446,-0.02449334422872265,0.12323727405109287,0.02401804343605244,-0.24233379896752222,-0.119484834963234,0.06329664831386668,0.04231034200177512,0.009105730699905171,0.135972549064772,0.23238947375285898,-0.049519279101210185,-0.06331324338563041,-0.062262495141387174,-0.12569733396102617,-0.0010631039384167702,-0.1373410714301129,0.1067795111111729,-0.10301609440687692,-0.1034537799327798,0.15099477757233343,0.13299063353021434,0.09668729789155173,0.007336860007543888,0.1447465487871947,-0.16640865411399405,-0.0009330279644835097,0.025691329201032308,0.048096372113380824,-0.015306390018977123,-0.18294960426255835,-0.005487123068097136,0.134414217558071,-0.0686067121904478,0.17745401837092645,-0.17710377652764195,0.19293509100516051,0.06725484094328125,0.007668097442757101,0.025947478972298745,-0.09595814122461158,-0.09402851766688056,-0.04011734136789377,-0.07352486314459553,0.09990557586537058,-0.109331363219866,0.1443845501752768,0.16854328312306524,-0.06431066612446362,-0.11260260645869509,-0.025686552385571455,-0.045014888587702424,0.004356869858025141,0.05477699873159147,-0.040750210264791684,0.03750796043898626
32003001608,las_vegas,48.34012941176474,32.08101575859078,-16.259113653173962,True,True,Both LST and HI hotspot,False,1.0097751678920188,0.8586085896011912,-0.15116657829082758,High LST,High HI,High LST / High HI,145,las_vegas,Las Vegas,2024,GOOGLE/SATELLITE_EMBEDDING/V1/ANNUAL,/Users/yufeizhou/Desktop/heat-exposure-compare/outputs/pilot/alphaearth/paper_gis_figures/three_city_lstadaptive_heat_index_mismatch_GIS_READY.gpkg,las_vegas,0.16545457246767417,-0.15895936110487094,0.13445346364066144,0.09230501560750615,0.005597308599539677,-0.11344108102139126,-0.02715421091482683,-0.10266454796702235,-0.2818996589229666,-0.04675383246314518,0.14758470074297403,0.06900929589708325,-0.130793533919108,-0.1555242391321888,-0.04788253281702357,-0.08672840117635018,0.14306911459328564,0.07801076398138843,0.18331582764456641,-0.05888777483652116,-0.02959432552543631,-0.08566520504447316,-0.19018073588950885,-0.15104555048851417,-0.1743911336858941,0.1850910637857353,-0.053808470121156804,-0.0026574549804877882,0.09784531837454329,0.1095043232749085,0.05015171704735526,-0.13708208978865943,-0.0011100415718320322,-0.19188126237070155,0.06413325415817167,0.03876180419780396,-0.129420150546945,-0.031720942908695336,-0.23581862693859046,0.026302724086805163,0.020373363979313365,-0.13428276972791275,0.0635691278784075,-0.07533520070379598,0.12503988299392804,0.15468566955801347,-0.052504627684504,0.08495899458604389,0.08518048237305349,-0.017587967857094378,-0.026665232612577524,0.06574043009463315,-0.10305791855368737,-0.07247904878847533,0.11545063897952274,0.02008009636049595,0.02172350443434451,-0.022933493874263036,-0.007362056688970087,-0.14353977367905274,0.1100562146311271,-0.02049105542314558,-0.20342977989276864,0.08243885358374907
32003001609,las_vegas,48.4626031746032,32.08101575859078,-16.381587416012422,True,True,Both LST and HI hotspot,False,1.1022598628941789,0.8586085896011912,-0.24365127329298764,High LST,High HI,High LST / High HI,146,las_vegas,Las Vegas,2024,GOOGLE/SATELLITE_EMBEDDING/V1/ANNUAL,/Users/yufeizhou/Desktop/heat-exposure-compare/outputs/pilot/alphaearth/paper_gis_figures/three_city_lstadaptive_heat_index_mismatch_GIS_READY.gpkg,las_vegas,0.1755552554102964,-0.13894135382114411,0.1559857521544145,0.05674212848696903,0.00692110404139263,-0.09828789163160509,-0.01883957989854305,-0.10779608035687277,-0.2861324070042468,-0.0931381225225941,0.12584603338115302,0.0861325195397511,-0.14558459242705837,-0.15270917332117756,-0.02689763921879208,-0.08157341179018589,0.14410750975784842,0.09306065500389543,0.20139457618723064,-0.038266104058037376,-0.019520711767890327,-0.07596687514280064,-0.1686752910641216,-0.1265132320891255,-0.15408751509398017,0.20907045681399253,-0.08513881872696928,-0.03228836102160967,0.14708608558348468,0.10974863195998937,0.050116928157137114,-0.12857053929139553,-0.03143204565771056,-0.19109157603507673,0.08877052462732729,0.050818369321643866,-0.14495984523563668,-0.02755763182048707,-0.24984986677423565,-0.002641906121118202,-0.005790333189994476,-0.15748909401647274,0.05948183556471518,-0.05232011876742103,0.14134914191724957,0.16048655012506427,-0.07152292112520915,0.09678467217087608,0.0883597321177614,-0.014211356963059094,-0.024682095814232727,0.042893106962081304,-0.0985527008315254,-0.05126389805254402,0.1134109826740333,0.015713592609594255,0.025103494904499975,-0.022717295270719227,-0.020498582176489793,-0.12789184775137205,0.1091564995938302,-0.005743868304224962,-0.2203044115772209,0.08896629807119313
32003003615,las_vegas,47.075592730276774,30.76536905919516,-16.310223671081616,False,False,Neither hotspot,False,0.054874407141221763,-0.28886295210001844,-0.3437373592412402,Mid LST,Low HI,Mid LST / Low HI,147,las_vegas,Las Vegas,2024,GOOGLE/SATELLITE_EMBEDDING/V1/ANNUAL,/Users/yufeizhou/Desktop/heat-exposure-compare/outputs/pilot/alphaearth/paper_gis_figures/three_city_lstadaptive_heat_index_mismatch_GIS_READY.gpkg,las_vegas,0.16179129246000334,-0.15816529866966197,0.13876461638563442,0.05864980250046807,-0.004121054583642856,-0.13881678523696545,-0.012006201192767834,-0.09728486196606044,-0.2899620850179263,-0.06721305964274261,0.11224474345325627,0.0866792921519778,-0.11345115961622729,-0.14939874734669686,-0.05433333991553913,-0.08464260574788356,0.15720365056557548,0.06618347419982282,0.18928042416117352,-0.04774938332294446,-0.0015183073034928652,-0.1023753551614492,-0.16786993068596903,-0.14797794211843543,-0.15878689430695722,0.14985126336265328,-0.05415041923768302,0.010874176942223802,0.07207800459544492,0.09765399946456979,0.05858539922489448,-0.1332562546875002,0.0050537610842685,-0.1777460683546712,0.06584511395800248,0.04778977661607805,-0.16189433282092752,-0.010884975927128351,-0.2525680952774782,-0.004496953798924644,0.021341283928053675,-0.10608870307585765,0.0372294970934554,-0.06199486690761492,0.10143066543449362,0.17059367957529004,-0.054812199002857005,0.09112316878872255,0.0621961497659262,-0.017883587410086894,-0.019050337900976957,0.07352083850924156,-0.13724395603924827,-0.07029205799636219,0.1377740895040225,0.014928948122139275,0.01759025933575927,-0.005344546095387151,-0.01651439743293647,-0.11573258865091418,0.0884899740483852,-0.043109062143811334,-0.22965973521303445,0.08869498221517187
32003003700,las_vegas,47.93671254874973,30.888570029659384,-17.048142519090348,False,False,Neither hotspot,False,0.7051394265709798,-0.18141039087472013,-0.8865498174456999,High LST,Mid HI,High LST / Mid HI,148,las_vegas,Las Vegas,2024,GOOGLE/SATELLITE_EMBEDDING/V1/ANNUAL,/Users/yufeizhou/Desktop/heat-exposure-compare/outputs/pilot/alphaearth/paper_gis_figures/three_city_lstadaptive_heat_index_mismatch_GIS_READY.gpkg,las_vegas,0.16485657769190126,-0.12773166533545535,0.14551889708009563,0.06254096852397853,0.0016373878416607397,-0.12447938220742051,0.006834183786704699,-0.08315042485937627,-0.29670112717659874,-0.0742173737198733,0.11898841716582545,0.06784571945998925,-0.13638188117225167,-0.14146450330348434,-0.02241331309903157,-0.09279540668190578,0.13316336137810555,0.0713658872740587,0.20606616960530932,-0.029104393127768562,-0.016850849042229624,-0.09860270302619928,-0.18995534068067638,-0.146949225142554,-0.14705010947298366,0.17056582070200155,-0.05952070196333366,-0.017403121398291192,0.08872449368236085,0.10768266725192836,0.06798402677009878,-0.1308849836467117,-0.001339360657489241,-0.1701848535386123,0.05003980013496249,0.06314596666468543,-0.14709761049082787,-0.013127179890774629,-0.2665848539444678,-0.027616923120072814,0.047768293741385935,-0.1283651570542563,0.046823997017673286,-0.07113026265013937,0.10995203468494386,0.163283992177034,-0.033903522130471105,0.08120178204620056,0.054452665919571736,-0.013685592360207045,-0.03927147753906538,0.04743538523475645,-0.11537025713060092,-0.08320674811715467,0.1263587476202587,0.02480362948841195,0.0064575513722019305,-0.02056573912565776,-0.0029508323371295444,-0.11866675454746277,0.0985140887433904,-0.035434559354782444,-0.2004768038584376,0.09499915787532275
32003000700,las_vegas,47.41065310492509,31.627775852444717,-15.782877252480372,False,False,Neither hotspot,False,0.3078915092411318,0.46330497647705426,0.15541346723592248,Mid LST,Mid HI,Mid LST / Mid HI,149,las_vegas,Las Vegas,2024,GOOGLE/SATELLITE_EMBEDDING/V1/ANNUAL,/Users/yufeizhou/Desktop/heat-exposure-compare/outputs/pilot/alphaearth/paper_gis_figures/three_city_lstadaptive_heat_index_mismatch_GIS_READY.gpkg,las_vegas,0.1735007991735053,-0.18367173404144382,0.10101903257548317,0.05328106360964037,0.014600038082485618,-0.14596966266219338,0.005626215878708519,-0.09109739509284989,-0.27570807133336805,-0.03935887310874853,0.11762936851502312,0.08211882249513688,-0.09484043124576656,-0.16609530712022813,-0.0930384206957306,-0.13742720510276163,0.19993679513403353,0.07434232476757778,0.11176305708895444,-0.021905589806763884,-0.019687342548361256,-0.08476290981748794,-0.1846250630577451,-0.1298743570624465,-0.10014699665996701,0.15259217479411252,-0.03490818749978436,0.031467820125636384,0.09259031457965437,0.09702231888069505,0.06081730482791894,-0.12565296783242688,0.006196704820243506,-0.18033302073402585,0.06672798939406453,0.013576000180587758,-0.1885905631131539,-0.04781464028976791,-0.18607779600457258,-0.028387331537471232,-0.010068365853573878,-0.13316757570100343,0.05647049902083507,-0.07155235824137089,0.11620200014048325,0.17621839910485387,-0.10275701009164398,0.09548862713759015,0.05579809310065933,0.007851732420069424,-0.05738737156314402,0.0897939962941483,-0.10855993465780954,-0.03559068046300728,0.12575612182710771,-0.007815367131978184,0.021712224301427538,-0.032276304171290654,0.008639524415304946,-0.145231750670705,0.1240676202078929,-0.030283131363451992,-0.22494212939481692,0.12514651293677395
32003003800,las_vegas,48.124974032105776,31.627775852444717,-16.49719817966106,True,False,LST-only hotspot,False,0.8473029844246159,0.46330497647705426,-0.38399800794756167,High LST,Mid HI,High LST / Mid HI,150,las_vegas,Las Vegas,2024,GOOGLE/SATELLITE_EMBEDDING/V1/ANNUAL,/Users/yufeizhou/Desktop/heat-exposure-compare/outputs/pilot/alphaearth/paper_gis_figures/three_city_lstadaptive_heat_index_mismatch_GIS_READY.gpkg,las_vegas,0.15992937653064015,-0.17160477841245098,0.13385035587084276,0.07914175381949672,-0.0029684574380350838,-0.12049643540189194,-0.04115152911146655,-0.09847436938384413,-0.26525814924786006,-0.0826879338838564,0.14994168458690463,0.07475864684265993,-0.13155276790996512,-0.15257800700401125,-0.027600277515097124,-0.08686022710490172,0.14126367657624392,0.07937498683669494,0.18367825213090783,-0.04167255173585567,-0.025531370442628567,-0.07321567134017207,-0.1995390231202009,-0.15379327342785357,-0.17934046789639194,0.1737645248340975,-0.03601234727945032,-0.009562145817024446,0.0963551821420188,0.12131234247899018,0.050339526888041664,-0.14763128082973512,-0.007779789620581287,-0.18846344806233828,0.03622423046194663,0.07332629043737945,-0.1383739889256531,-0.027914441309600465,-0.2457443256428012,0.0219518468319762,0.021613694616844443,-0.12443802903040926,0.07035522323454846,-0.07524963481234721,0.11838727229645125,0.13571873475274193,-0.05108299220963519,0.0927748658627652,0.07316250443792513,-0.028670870129218956,-0.016113276094883135,0.04361240873777852,-0.11372779320263278,-0.07397469613524138,0.10933797659823423,0.034495006799383124,0.015340051634251688,-0.026786665147758675,-0.022392317247330755,-0.1311899202115359,0.12275399631517488,-0.011560540417353597,-0.20325277633663943,0.1058881333256907
32003004000,las_vegas,48.04687179487182,31.627775852444717,-16.419095942427102,True,False,LST-only hotspot,False,0.7883249517246972,0.46330497647705426,-0.3250199752476429,High LST,Mid HI,High LST / Mid HI,151,las_vegas,Las Vegas,2024,GOOGLE/SATELLITE_EMBEDDING/V1/ANNUAL,/Users/yufeizhou/Desktop/heat-exposure-compare/outputs/pilot/alphaearth/paper_gis_figures/three_city_lstadaptive_heat_index_mismatch_GIS_READY.gpkg,las_vegas,0.1725852238198132,-0.16979042672172087,0.15605130737026382,0.05314620328786379,-0.00432160515578647,-0.10609278206186334,-0.023162321713133757,-0.1108188174586677,-0.27871479437842933,-0.1261566516515242,0.13028202422644394,0.08329539793198475,-0.127516490862277,-0.1506763836365313,-0.02197276030131176,-0.06301323037359603,0.14430431805359217,0.08742035972787278,0.21710526381604622,-0.024006455110841127,-0.022522985790519985,-0.05722074905414187,-0.16287638946240054,-0.1336273122431943,-0.14700096120458717,0.19613790764132547,-0.06027984692779308,-0.031487708283640496,0.11689936640646932,0.10670973529960426,0.04110453322011408,-0.13677386937685446,-0.06060293466837198,-0.16244113529922038,0.08310452267328171,0.06629516283007474,-0.1595424573600133,-0.04297578469370097,-0.2642469072833315,0.0040298886118464725,-0.001860059095215319,-0.12797301194685629,0.05671934094391205,-0.03950465806120447,0.14045388645293477,0.13916151197402335,-0.061407270082109555,0.10686290055794473,0.09670931443016983,-0.014363313311174755,-0.010602084528033046,0.0176759803692385,-0.12674088942147482,-0.05145612548409237,0.10694786820946323,0.0043526086576439775,0.029980697395305567,-0.02807611792443321,-0.0399786401499587,-0.11533570252513066,0.11356781419101722,0.010568058045247427,-0.23069917386867422,0.0915541955337713
32003001610,las_vegas,48.525910326086986,32.08101575859078,-16.444894567496206,True,True,Both LST and HI hotspot,False,1.1500655517269438,0.8586085896011912,-0.29145696212575256,High LST,High HI,High LST / High HI,152,las_vegas,Las Vegas,2024,GOOGLE/SATELLITE_EMBEDDING/V1/ANNUAL,/Users/yufeizhou/Desktop/heat-exposure-compare/outputs/pilot/alphaearth/paper_gis_figures/three_city_lstadaptive_heat_index_mismatch_GIS_READY.gpkg,las_vegas,0.17703110271566003,-0.15785044774350204,0.16389934985483973,0.050517207913104045,0.011217998086348664,-0.07917283399085026,-0.03684905204832103,-0.11194040202042584,-0.27657997638899867,-0.11719050517014876,0.12157792466481444,0.0818993838119132,-0.14492194922270726,-0.15746680893039827,-0.02667365108692446,-0.06457309866406667,0.1449648279767442,0.10676254943265918,0.2147254855475839,-0.02851852881266905,-0.03116900842432527,-0.054061171610031954,-0.1524183680480113,-0.11455208910510578,-0.13488711335493425,0.23468794445764835,-0.08634998795003533,-0.037033079694195545,0.1590996716076841,0.10570583800502334,0.03708573883351693,-0.13089650782027554,-0.06327426609018204,-0.178167210798375,0.10427931669637541,0.046796904505494355,-0.15793937186744406,-0.03672821617238586,-0.24564565989163997,-0.004010695974932582,-0.024712988015562837,-0.15969979708340476,0.0631548971884878,-0.03161481407166764,0.1578312457217288,0.14656989810751309,-0.07703330474770911,0.10040860650571973,0.10397818740251502,-0.01390778169348633,-0.009510543494357178,0.015373564435310893,-0.10972642036143512,-0.04216484744608828,0.10389946779608447,-0.012728537549737655,0.04003387135870803,-0.03114715019031508,-0.036913734137876235,-0.11630027746166212,0.12737393220607074,0.02338597616468174,-0.22903236274051839,0.07606522332505143
32003004710,las_vegas,48.84785347043705,32.08101575859078,-16.76683771184627,True,True,Both LST and HI hotspot,False,1.3931773237766392,0.8586085896011912,-0.5345687341754479,High LST,High HI,High LST / High HI,153,las_vegas,Las Vegas,2024,GOOGLE/SATELLITE_EMBEDDING/V1/ANNUAL,/Users/yufeizhou/Desktop/heat-exposure-compare/outputs/pilot/alphaearth/paper_gis_figures/three_city_lstadaptive_heat_index_mismatch_GIS_READY.gpkg,las_vegas,0.1756652756374559,-0.12718673533833136,0.14697364488304077,0.051571160502991306,0.01235979075652443,-0.10508321799808375,-0.020433482195967557,-0.08523244017868156,-0.3053605377592954,-0.08236929162310222,0.12440600474161001,0.06987453043640514,-0.1442884132721424,-0.12766692011547606,-0.043807067603585936,-0.09742143528436564,0.1325525217928315,0.0919062885152172,0.20511528473466864,-0.021082492085420308,-0.043786172095887504,-0.078275447019878,-0.16924935987817638,-0.1448583074596605,-0.14245314695073805,0.2190068917522668,-0.10186523957006265,-0.037695453097154996,0.1285818533543546,0.12259783499918628,0.055504914682762765,-0.13056217150841395,-0.02395177401001349,-0.19259628026364325,0.09489749553427398,0.07298608014121011,-0.1484737485436968,-0.032708268539136956,-0.25682970557980117,-0.030731441330851834,0.0069530455150072544,-0.15821917430846572,0.07107600893791316,-0.05887274644973966,0.14193648977643974,0.1554298398379208,-0.05621292967107683,0.11841107027320724,0.06422490604490794,-0.007980537035972337,-0.02746647142703515,0.02828136513996689,-0.07874506177210384,-0.06764784732452145,0.12251043782821691,0.020882218600585905,0.003952913184305059,-0.021128741361983686,-0.020288280555276313,-0.1171187515848686,0.1238334006883682,-0.011353645004443516,-0.2068652164155758,0.0916752380663003
32003004712,las_vegas,48.04544687642502,30.894111814136732,-17.151335062288286,True,False,LST-only hotspot,False,0.7872489404639899,-0.1765769960272132,-0.9638259364912031,High LST,Mid HI,High LST / Mid HI,154,las_vegas,Las Vegas,2024,GOOGLE/SATELLITE_EMBEDDING/V1/ANNUAL,/Users/yufeizhou/Desktop/heat-exposure-compare/outputs/pilot/alphaearth/paper_gis_figures/three_city_lstadaptive_heat_index_mismatch_GIS_READY.gpkg,las_vegas,0.16064834040611656,-0.13299918551781728,0.14521481852489504,0.0706357608001262,-0.0038944574063355646,-0.12400651752130744,0.0058044967642123775,-0.0837273975273875,-0.2915814711636633,-0.04649691208201286,0.12869798821324818,0.05731803135331527,-0.13520715563779687,-0.13017161404813074,-0.0476188067487701,-0.10238044520218977,0.13713768365265439,0.058093394667855056,0.20510673638509805,-0.05190257503451858,-0.015136278126180002,-0.11107831649322095,-0.18033490056367074,-0.1574221614236034,-0.17902022752308439,0.16646294878997128,-0.05590890197391766,-0.009074289145098568,0.06857236269537216,0.1256070742932863,0.08268261512911763,-0.140598269625688,0.02010164236752523,-0.19104781788331637,0.05722516562369567,0.06533172874296549,-0.15199472095925493,-0.007711822162599916,-0.26416644318708316,-0.025036690618002413,0.05628779174833412,-0.11283098501601697,0.04288528959402426,-0.07803443339400443,0.09208352054042501,0.17192171673595497,-0.025463006735639185,0.08238125635453339,0.03296288232926633,-0.02222389453827642,-0.0299927937447991,0.06779822336930132,-0.1155159739396799,-0.08753614513705756,0.14214737214167514,0.025637495780556394,-0.0058015031305954905,-0.0041827624902787425,-0.009245966728603455,-0.10555211953067707,0.07137882072857252,-0.043943057629711575,-0.2126649526441998,0.07643162966850256
32003004713,las_vegas,48.58610073571027,30.894111814136732,-17.691988921573536,True,False,LST-only hotspot,False,1.1955176677316313,-0.1765769960272132,-1.3720946637588445,High LST,Mid HI,High LST / Mid HI,155,las_vegas,Las Vegas,2024,GOOGLE/SATELLITE_EMBEDDING/V1/ANNUAL,/Users/yufeizhou/Desktop/heat-exposure-compare/outputs/pilot/alphaearth/paper_gis_figures/three_city_lstadaptive_heat_index_mismatch_GIS_READY.gpkg,las_vegas,0.16426931288479024,-0.15848137844422924,0.13649313174751904,0.06472820975364262,-0.015239838657909191,-0.14322846370680448,-0.0047670415665096375,-0.08967396978058287,-0.2862201139364818,-0.07189955588511551,0.12250076673047647,0.08845492615189443,-0.1267354066189422,-0.139144907038948,-0.04059934134854319,-0.078121033833309,0.15264811677979054,0.0720224350366486,0.18960706929615476,-0.0341769692543602,-0.01620261388426798,-0.09851077003123801,-0.18478241328453673,-0.14615111073287906,-0.1618908101461693,0.15825880590119373,-0.04376612886849157,0.003057423178592487,0.08579147114732881,0.10089881978339492,0.07116960679476733,-0.14275135028296868,-0.003039974610021072,-0.16917797514959756,0.05463589259621049,0.07618261966773646,-0.15813162472213618,-0.013347888759577762,-0.24785177408552192,-0.007737036138074383,0.034378770928419,-0.11796964472183018,0.04721406256636839,-0.05958842753839608,0.10324491821636113,0.15526888520036708,-0.04973998759111869,0.09671381393803223,0.050372176346764934,-0.007378136576638336,-0.01392244373069802,0.06070760897656988,-0.13156050279656403,-0.0833353835759989,0.13036298201859073,0.017420895419035458,0.018794553697773175,-0.00758788610377477,0.0005425641642335043,-0.11930804494370371,0.08180281809513539,-0.03148304490035444,-0.22611444690971813,0.09903681526795315
32003004714,las_vegas,48.180657492354776,30.894111814136732,-17.286545678218044,True,False,LST-only hotspot,False,0.8893517279141601,-0.1765769960272132,-1.0659287239413733,High LST,Mid HI,High LST / Mid HI,156,las_vegas,Las Vegas,2024,GOOGLE/SATELLITE_EMBEDDING/V1/ANNUAL,/Users/yufeizhou/Desktop/heat-exposure-compare/outputs/pilot/alphaearth/paper_gis_figures/three_city_lstadaptive_heat_index_mismatch_GIS_READY.gpkg,las_vegas,0.18096934078725177,-0.10824995669407046,0.14493593967056453,0.05532654741047475,0.015157831015141853,-0.10121546933496695,-0.013839887696555787,-0.09834969324624136,-0.3012360770374093,-0.08788623535621898,0.11166016006013017,0.09382261273377908,-0.15714461580709452,-0.13536196692782385,-0.026539626121496025,-0.06437560654924976,0.16270810957190104,0.10443487683074197,0.23148613524883785,-0.01056869652286375,-0.027484633516938032,-0.07018755935089671,-0.16940124856060337,-0.12106284349634791,-0.12928022864939534,0.2334821496672449,-0.10141548424107778,-0.043312078953664485,0.14126926533314557,0.10219329451175063,0.0547849797539023,-0.1059405369705951,-0.046126345632231405,-0.1866169963679674,0.1084357301484171,0.058228140732894944,-0.15870982637637188,-0.02897522476505044,-0.2545900492620124,-0.007798177462812745,0.020896267172851715,-0.14881876216706857,0.06730713879697611,-0.034539453488769384,0.15708460197475005,0.13997969081314743,-0.0626582505349569,0.11001652762704912,0.06665637289323752,-0.013811918440900234,-0.02294085993334802,0.018959925845627414,-0.09505620800976992,-0.08293497408329684,0.1317249837754921,0.01999160078521423,0.04482192597633414,-0.013681977275312382,-0.008386609611139547,-0.1303966400464316,0.11134495804832673,0.016151283243847542,-0.2352084856744622,0.08382165318476627
32003004716,las_vegas,48.13466785290632,30.894111814136732,-17.240556038769586,True,False,LST-only hotspot,False,0.8546231650034252,-0.1765769960272132,-1.0312001610306383,High LST,Mid HI,High LST / Mid HI,157,las_vegas,Las Vegas,2024,GOOGLE/SATELLITE_EMBEDDING/V1/ANNUAL,/Users/yufeizhou/Desktop/heat-exposure-compare/outputs/pilot/alphaearth/paper_gis_figures/three_city_lstadaptive_heat_index_mismatch_GIS_READY.gpkg,las_vegas,0.16840522613531694,-0.13867508788703264,0.1505904740383625,0.061881451484989455,0.01953148426679497,-0.10749198095453233,-0.0050989031700378485,-0.08385508246454283,-0.3016499835310117,-0.08037245395974472,0.09586234880531962,0.07452892684432248,-0.13166173306538928,-0.14074858819834704,-0.03751334676731589,-0.059379788084570465,0.14803034885190647,0.09411737853879983,0.21613910566887926,-0.021556528432556392,-0.025955579010228613,-0.10399087069479505,-0.16183350216430484,-0.11938556501358923,-0.11646507822632009,0.23582849026290892,-0.07143823898692966,-0.0246679187022872,0.11403488186403896,0.10266986195490262,0.04475049508222415,-0.11913544016197598,-0.04464876109614151,-0.175700079521355,0.10516208779148109,0.0462952955173996,-0.1447087928066104,-0.0346153628143404,-0.2612821960137192,0.012924709731548495,0.038307683262274426,-0.1433815051502713,0.060297344662580174,-0.050278858777901295,0.13276126216480694,0.17238669123663475,-0.05693375233710537,0.09858795336896241,0.055107449056626207,-0.02437635798940897,-0.02530761071544778,0.04748562792217147,-0.10441236230808802,-0.0701503889490947,0.13919259536906223,-0.003866749493750022,0.056943568761403496,-0.00369808240179193,-0.012299665983416313,-0.11173453765485167,0.09978975901688919,0.004552381483909249,-0.21116573613501743,0.06461569265437447
32003004717,las_vegas,48.74050128534707,30.894111814136732,-17.84638947121034,True,False,LST-only hotspot,False,1.3121115194299764,-0.1765769960272132,-1.4886885154571896,High LST,Mid HI,High LST / Mid HI,158,las_vegas,Las Vegas,2024,GOOGLE/SATELLITE_EMBEDDING/V1/ANNUAL,/Users/yufeizhou/Desktop/heat-exposure-compare/outputs/pilot/alphaearth/paper_gis_figures/three_city_lstadaptive_heat_index_mismatch_GIS_READY.gpkg,las_vegas,0.180059283802617,-0.0872335724988419,0.16422621730889242,0.05351111712056567,0.008566784322767414,-0.09763028274951369,0.029930975979352663,-0.07508486908369166,-0.3082636772280318,-0.11208305814727827,0.10281275921536893,0.0692481127813273,-0.15517512780802695,-0.11497677121430286,-0.015357156490872255,-0.07893444631869173,0.12721377536985815,0.07816939070108243,0.25206658596040654,-0.026941024050517653,-0.013856065617064863,-0.08462801078228528,-0.16260508933497536,-0.13938463996886274,-0.12719776301008068,0.21631090479684337,-0.07331144334320255,-0.04769125388089903,0.10868010630145926,0.10396970188400884,0.07438663784955957,-0.10981649618059294,-0.04493027347774521,-0.16064516979963686,0.0932331319476565,0.061772668056840854,-0.1595693711403012,-0.014739047627598636,-0.2905654873007744,-0.052274600229358224,0.05490850931986952,-0.136369404206788,0.05876848595596189,-0.05151475542750402,0.12438372412859772,0.17122745347040186,-0.03522285298528139,0.08861232790752337,0.05533220494989979,-0.00693921999265106,-0.0365133125312406,0.004256442148011657,-0.1160699445559639,-0.08370797742077236,0.1345851334665407,0.018134169887885767,0.0022605937647474056,-0.020407270139599195,-0.01257013684893211,-0.0932880452468779,0.10378059670981565,-0.004844939504052522,-0.2054777774415279,0.07446215969170165
32003001006,las_vegas,47.87364022662892,31.627775852444717,-16.245864374184205,False,False,Neither hotspot,False,0.6575110665105889,0.46330497647705426,-0.19420609003353462,High LST,Mid HI,High LST / Mid HI,159,las_vegas,Las Vegas,2024,GOOGLE/SATELLITE_EMBEDDING/V1/ANNUAL,/Users/yufeizhou/Desktop/heat-exposure-compare/outputs/pilot/alphaearth/paper_gis_figures/three_city_lstadaptive_heat_index_mismatch_GIS_READY.gpkg,las_vegas,0.18058681168651092,-0.17967131972964442,0.1682832493547465,0.06025036501098933,0.025595607894087723,-0.08960956803867245,-0.04506949058737086,-0.0775231790296486,-0.27971269822214456,-0.13092775441594642,0.1138112183954754,0.07617337037674445,-0.147307636477482,-0.1458373665586432,-0.038261084094208885,-0.051576997278489675,0.11177523096901554,0.0996415717634491,0.20163927304904905,-0.042372188944988155,-0.023821268933277535,-0.06981743217679436,-0.10158182097480484,-0.12573420340318378,-0.12839776168052577,0.2266299652896829,-0.09481945786753875,-0.020201880344955757,0.13678631005685318,0.11003653157997188,0.037799614676937314,-0.13556954913207822,-0.038049671581925196,-0.16335492518641856,0.1222807303195448,0.05259747109577717,-0.1297312688502664,-0.04679980201098958,-0.24728864435798245,-0.0287203202366227,-0.044811720228672275,-0.15359962270035524,0.05837464123068352,-0.03126448120641205,0.1406697999011613,0.1597875634763661,-0.07744639866637336,0.11959099727423503,0.10947357982573436,-0.019972942654983315,-0.01186319083597148,0.01245139895756752,-0.1403803516764184,-0.009532230412295688,0.11876772744160624,-0.040890063754564596,0.0263363763009173,-0.03086496067632445,-0.061496148298738514,-0.08119585136886248,0.15305370866628398,0.0068032237329692215,-0.2043199515373772,0.06000258257595406
32003001100,las_vegas,47.2622723852521,31.627775852444717,-15.634496532807386,False,False,Neither hotspot,False,0.19584346494892446,0.46330497647705426,0.2674615115281298,Mid LST,Mid HI,Mid LST / Mid HI,160,las_vegas,Las Vegas,2024,GOOGLE/SATELLITE_EMBEDDING/V1/ANNUAL,/Users/yufeizhou/Desktop/heat-exposure-compare/outputs/pilot/alphaearth/paper_gis_figures/three_city_lstadaptive_heat_index_mismatch_GIS_READY.gpkg,las_vegas,0.1745536876499927,-0.17808846404355075,0.12484079646981104,0.0430546625965239,-0.00024746671346795584,-0.14654704677332375,-0.011630608142128986,-0.13421657203973056,-0.2526733417104053,-0.04399605736438629,0.11413165591467038,0.07375498440434106,-0.11538105313997127,-0.17036354578953075,-0.08605848698373891,-0.12791310759955957,0.1858944184171737,0.08029524804821679,0.1346216260707734,-0.03597027003627352,-0.03132366904224759,-0.05715241686500083,-0.18960385156359505,-0.12717403041846995,-0.15666483249738714,0.16736331533551702,-0.060069140644216604,0.020081634393814676,0.118668368151029,0.11301648924743136,0.1016718613555835,-0.15688840702241977,0.02993475257819338,-0.2017121695484252,0.07473431438609507,0.052486350571971985,-0.19140968832603236,-0.022890919704191028,-0.2073094350783909,-0.041659508988856515,-0.03278489170508644,-0.1289243504402769,0.03226779323586527,-0.06048219687572654,0.12654475357054198,0.1509748479917909,-0.08373325062889882,0.08418021428301802,0.05700294546551601,0.010997557839265006,-0.03307134299259248,0.07989063276438962,-0.14521267142513286,-0.05777271907467845,0.12020498684359893,-0.016014113883846003,0.01632237047481881,-0.030071321822463755,0.018175276047804785,-0.1122868438494368,0.10537339952928602,-0.04151054252459068,-0.2612597966693086,0.11285094378229323
32003001200,las_vegas,47.39227350427353,31.627775852444717,-15.764497651828815,False,False,Neither hotspot,False,0.2940123589551825,0.46330497647705426,0.16929261752187175,Mid LST,Mid HI,Mid LST / Mid HI,161,las_vegas,Las Vegas,2024,GOOGLE/SATELLITE_EMBEDDING/V1/ANNUAL,/Users/yufeizhou/Desktop/heat-exposure-compare/outputs/pilot/alphaearth/paper_gis_figures/three_city_lstadaptive_heat_index_mismatch_GIS_READY.gpkg,las_vegas,0.18151608608719444,-0.18072888409143165,0.1601497782535735,0.055698402001876604,0.019695945645398723,-0.09424820509769638,-0.03175437088844758,-0.11807807285435706,-0.25557236307074155,-0.07883204975230329,0.12335913153927512,0.06600939985040453,-0.1357545264292577,-0.1646846252490069,-0.04514753800418577,-0.0775730596046093,0.15669958078158921,0.09047392643590889,0.18902257513321125,-0.03049259888008832,-0.04176425803463323,-0.047736244663766365,-0.16754824841436208,-0.12451229027740149,-0.1360372724786621,0.25143090554693914,-0.061714908809425525,-0.0054981208705865495,0.1325911391895107,0.11205380047770161,0.07125245274160034,-0.14795729751954909,-0.03151790308270456,-0.18582822270616464,0.1026854575374589,0.04223990476829424,-0.17292091438716284,-0.03710897056019261,-0.23439611696769347,-0.006101738772784437,-0.02822992818626733,-0.1373770969120242,0.06291895058923824,-0.04108929159007601,0.14896227832892486,0.1350141269113609,-0.07695901288250113,0.093492704856466,0.08724371869735775,0.0009800355853071124,-0.014531228047690855,0.03453144556187588,-0.14217518454422215,-0.06379967212026134,0.13209462979380499,-0.042440364405419095,0.05359607874722341,-0.02505636337648233,-0.003980391586720636,-0.09879197832916244,0.13551232869878063,0.011245268610577619,-0.25379104925632,0.07258815625173178
32003001300,las_vegas,47.76376060606064,31.627775852444717,-16.135984753615926,False,False,Neither hotspot,False,0.5745366974727566,0.46330497647705426,-0.11123172099570233,High LST,Mid HI,High LST / Mid HI,162,las_vegas,Las Vegas,2024,GOOGLE/SATELLITE_EMBEDDING/V1/ANNUAL,/Users/yufeizhou/Desktop/heat-exposure-compare/outputs/pilot/alphaearth/paper_gis_figures/three_city_lstadaptive_heat_index_mismatch_GIS_READY.gpkg,las_vegas,0.18744075870809526,-0.16273472841371556,0.16251759355947662,0.054395056178984796,0.026239308411396222,-0.0802289339437389,-0.03667588068755717,-0.10415510868048691,-0.2745145981698429,-0.10305526440458156,0.12172786724647787,0.08102493130776714,-0.14618281305207903,-0.17063841637156055,-0.03555778930507417,-0.052671723937090645,0.15058954790611928,0.09542820966395613,0.206875486899686,-0.028349052626824224,-0.04108160473764939,-0.051580706635160185,-0.1577654779464612,-0.11146025248974457,-0.11635397492507223,0.2656016213208742,-0.07392331632156049,-0.013005252432418405,0.13120790740692176,0.10293790405823319,0.04423337616587736,-0.13662809588548439,-0.05321514471514767,-0.16951356836279813,0.11840364858820547,0.028670841877370696,-0.16869885903053938,-0.041369077744204466,-0.24121497448550414,-0.00698947176761929,-0.02309109532559573,-0.1467946879319895,0.07330216548264179,-0.033313999889179796,0.15883129179010405,0.14796568679259461,-0.0751236146223321,0.09379505232303086,0.09941725783130731,0.0019780868840879543,-0.01455645406250911,0.017844010241610593,-0.1337352424508457,-0.06461545300988777,0.12526874280647365,-0.045551348406084,0.06866496829670866,-0.016465163139102408,-0.014661393160598056,-0.09241914979409512,0.14010207294727767,0.022286357422110888,-0.24661125838487424,0.06529597640674481
32003004100,las_vegas,48.5457211961302,31.627775852444717,-16.917945343685485,True,False,LST-only hotspot,False,1.1650255091187232,0.46330497647705426,-0.7017205326416689,High LST,Mid HI,High LST / Mid HI,163,las_vegas,Las Vegas,2024,GOOGLE/SATELLITE_EMBEDDING/V1/ANNUAL,/Users/yufeizhou/Desktop/heat-exposure-compare/outputs/pilot/alphaearth/paper_gis_figures/three_city_lstadaptive_heat_index_mismatch_GIS_READY.gpkg,las_vegas,0.18807575008338392,-0.13073306693228023,0.17491865121410188,0.053801962854624186,0.018488206785043933,-0.09191451532002076,-0.02165332409486685,-0.11485021609716055,-0.2870527982122134,-0.09990082018003213,0.10768263927833535,0.09810235415476355,-0.1530951442918168,-0.1632584866608256,-0.04073574296116818,-0.06540124725915748,0.16368565853266903,0.11167897586891512,0.23138728803095412,-0.033694586566397254,-0.022548254060867884,-0.047969656333532965,-0.1563400133164462,-0.10958184809231737,-0.128170945438714,0.23853995873024966,-0.0956455447426958,-0.020755035299041522,0.13570985047219025,0.10148160676091633,0.05711524312256536,-0.11078435983139164,-0.052486366721316485,-0.1841435403396267,0.12515413128415764,0.010179855200352068,-0.19311889887713538,-0.035176416385935744,-0.24988657972639552,-0.02633365674452729,-0.0010450831146623903,-0.15628485418091018,0.05211604039102133,-0.035406194702579045,0.16181261668766445,0.15634239844275225,-0.06945529627311973,0.09351003877667796,0.09443933787957218,0.001192624709104559,-0.01802421620779863,0.0235831356399005,-0.13016482090346693,-0.06837303120450039,0.12514042089505914,-0.02209430933923965,0.04295231180852693,-0.024840035184909483,-0.007837100293086798,-0.11409215763483396,0.11132561571639046,0.015437340928442789,-0.24471102295342767,0.06224850018300986
32003004200,las_vegas,48.70730543318652,30.76536905919516,-17.94193637399136,True,False,LST-only hotspot,False,1.2870440421903417,-0.28886295210001844,-1.57590699429036,High LST,Low HI,High LST / Low HI,164,las_vegas,Las Vegas,2024,GOOGLE/SATELLITE_EMBEDDING/V1/ANNUAL,/Users/yufeizhou/Desktop/heat-exposure-compare/outputs/pilot/alphaearth/paper_gis_figures/three_city_lstadaptive_heat_index_mismatch_GIS_READY.gpkg,las_vegas,0.18085966030662642,-0.13000169856300509,0.14874252174025962,0.06550998722820911,0.01759613097732335,-0.08921234681171092,-0.019801875523419225,-0.09771654268441506,-0.2912207298557983,-0.07877864353090169,0.12327798611437242,0.08773653713403466,-0.14009125974654119,-0.15241367504460923,-0.028271887713957722,-0.07364734499779163,0.15006546767826948,0.09325240959946049,0.22256191192973673,-0.030580736864946,-0.03243234509144544,-0.06628472015017928,-0.17990107653750112,-0.12453527639639518,-0.13907158636760736,0.22108741783870992,-0.08064871544971823,-0.028894300838331315,0.13306583868012994,0.10005401464717881,0.04291313786840586,-0.10949835181941828,-0.0442906057951482,-0.1839270590523001,0.09695436728706645,0.0427658775002558,-0.1508919909521422,-0.039254459034738204,-0.2542080347807385,-0.0015685278502693282,0.013200147504520148,-0.14523543638579703,0.06665679502127655,-0.05411468495009496,0.14692150203748855,0.15524608050379823,-0.06702109931125139,0.09751128533845996,0.0726386749159231,-0.01253026667405725,-0.026541614125882518,0.033191609885198085,-0.09494467715934396,-0.07059811370294855,0.12168368684102832,0.0036086914675596154,0.035840302257110775,-0.02505984715112348,-0.015868012324461542,-0.14054353587408713,0.11652706746081119,-0.0002358466629253539,-0.21994249735177923,0.08196447878062534
32003004910,las_vegas,48.52491181657851,32.08101575859078,-16.44389605798773,True,True,Both LST and HI hotspot,False,1.1493115384165986,0.8586085896011912,-0.29070294881540737,High LST,High HI,High LST / High HI,165,las_vegas,Las Vegas,2024,GOOGLE/SATELLITE_EMBEDDING/V1/ANNUAL,/Users/yufeizhou/Desktop/heat-exposure-compare/outputs/pilot/alphaearth/paper_gis_figures/three_city_lstadaptive_heat_index_mismatch_GIS_READY.gpkg,las_vegas,0.18695837430722126,-0.11412527963120812,0.17256184613734715,0.05601031902641379,0.0023969195440348215,-0.09888408186277294,-0.007969291845741053,-0.08399850129752365,-0.3087592898073988,-0.0918525553880851,0.10360057544560941,0.08617266670702932,-0.15266838458064091,-0.11779325088391181,-0.04815452698410868,-0.08511178811294332,0.15003264926771,0.08163860464559475,0.21576414239526895,-0.03702170469783289,-0.011453887576402045,-0.10575621097913201,-0.14716222168329796,-0.13135003486140315,-0.13467665876796694,0.22576320539935593,-0.10117827225691933,-0.03714239150468259,0.12097134949804646,0.11884430463943682,0.06316079018639513,-0.11874689129825093,-0.027315801844978716,-0.1957060669194003,0.10573121308973887,0.05201636713588611,-0.1741539843671648,-0.022386807056156664,-0.24701964755859782,-0.05294141862599337,0.0004442322432419717,-0.1464629002040271,0.043720415832560464,-0.051843694563665596,0.130078913252695,0.16622124078718753,-0.06493247446025938,0.11425280254074104,0.06772367184854797,-0.00027935537134485657,-0.02318017289216758,0.0293119257482588,-0.11390314020957397,-0.06818529481361346,0.1324365130072282,-0.0031101511625367165,0.01643284313033669,-0.006070011802059096,-0.02086509473717897,-0.09193059298644557,0.10795247403127566,-0.008439661419013155,-0.23142649590914519,0.0710095738268832
32003004911,las_vegas,48.736047619047646,32.08101575859078,-16.655031860456866,True,True,Both LST and HI hotspot,False,1.308748383034085,0.8586085896011912,-0.4501397934328937,High LST,High HI,High LST / High HI,166,las_vegas,Las Vegas,2024,GOOGLE/SATELLITE_EMBEDDING/V1/ANNUAL,/Users/yufeizhou/Desktop/heat-exposure-compare/outputs/pilot/alphaearth/paper_gis_figures/three_city_lstadaptive_heat_index_mismatch_GIS_READY.gpkg,las_vegas,0.15178022383948447,-0.12219602051227028,0.16387338719378808,0.06507233644524874,-0.007852182471887664,-0.1171211040277919,0.01202334505985512,-0.051949070853934874,-0.3428681804411656,-0.13504613219715533,0.11982593440380561,0.05325055618681634,-0.1342059518112211,-0.091870448242708,-0.027891632060501402,-0.06649385791618029,0.09692828392516786,0.07803272927833005,0.1984928962084969,-0.022482407660555682,-0.01625630453844625,-0.12566119029527187,-0.12529507097159776,-0.13804380029709765,-0.10645873482507773,0.1810498228835704,-0.08070158931217603,-0.06834797345855698,0.10296158802914465,0.11059722715811211,0.02410983556676178,-0.1109672144835224,-0.04831246132538986,-0.15620024008340042,0.057059478831120045,0.08471664497661101,-0.12436658174911487,-0.02037467222459483,-0.28588933932701616,-0.028428208528103113,0.03335600529535469,-0.14246909295073976,0.027907775422467664,-0.07617398187292916,0.10690335535937644,0.16425722268955928,-0.029313505573302413,0.11718985994321658,0.09791330596888967,-0.010339117451817984,-0.02410724972044973,0.03140986344090175,-0.10450295376162003,-0.044473687739792975,0.08631689265308994,0.02331951670876844,-0.004756589471465308,-0.026025733550280726,-0.04536335206157849,-0.07566474256269701,0.11298169258944786,-0.023017789002632152,-0.15749040953110377,0.08178120157179952
32003004912,las_vegas,49.09314564564567,32.08101575859078,-17.01212988705489,True,True,Both LST and HI hotspot,False,1.5784069720279748,0.8586085896011912,-0.7197983824267835,High LST,High HI,High LST / High HI,167,las_vegas,Las Vegas,2024,GOOGLE/SATELLITE_EMBEDDING/V1/ANNUAL,/Users/yufeizhou/Desktop/heat-exposure-compare/outputs/pilot/alphaearth/paper_gis_figures/three_city_lstadaptive_heat_index_mismatch_GIS_READY.gpkg,las_vegas,0.17996452631011783,-0.13241974846277504,0.17499770607159457,0.04422273484034455,0.017101597167297325,-0.09264504539510184,-0.003937991138943445,-0.07404886397373164,-0.30114302289148615,-0.12851431513357656,0.10447587327958882,0.06716748224116498,-0.1461658280175139,-0.11605171195268667,-0.04325783692631253,-0.07346332098829546,0.133290217355742,0.08488567395144739,0.2083334234804751,-0.026175376749332215,-0.027038374612450705,-0.08244824868663682,-0.12678913485591978,-0.11336744791900863,-0.11121373331510172,0.23145792015070812,-0.0978891549872492,-0.053428001996205426,0.14817913610051506,0.1033201704777537,0.034568847504598404,-0.10898475197193809,-0.0629233880701727,-0.17324316447236607,0.10298289691773796,0.055554400655083054,-0.15383082602841053,-0.034028887086852644,-0.25214799205612065,-0.022020391866442952,-0.006571152366452354,-0.15896285333046345,0.05466568000204624,-0.04922389501888373,0.14516577679229964,0.16795044408112497,-0.07262872668819068,0.12020206964902401,0.08145268661831007,-0.004820388708839895,-0.02240034761446353,0.020827503677922018,-0.11358242390628642,-0.04237162367274851,0.09906436896527461,-0.016502229562925644,0.02187452578434075,-0.02152707111447836,-0.0387202691726241,-0.08892627027769455,0.13834998027286904,0.022514851014575735,-0.20265505029928005,0.07266551290424109
32003000510,las_vegas,48.19492714025504,31.627775852444717,-16.567151287810322,True,False,LST-only hotspot,False,0.9001272932536915,0.46330497647705426,-0.4368223167766372,High LST,Mid HI,High LST / Mid HI,168,las_vegas,Las Vegas,2024,GOOGLE/SATELLITE_EMBEDDING/V1/ANNUAL,/Users/yufeizhou/Desktop/heat-exposure-compare/outputs/pilot/alphaearth/paper_gis_figures/three_city_lstadaptive_heat_index_mismatch_GIS_READY.gpkg,las_vegas,0.18269475819247266,-0.1489315360057289,0.15313831422478155,0.040675238285388465,0.01896991620731633,-0.1032335741697297,-0.03809193904412194,-0.1268651787955092,-0.27891307592225506,-0.09621636031610757,0.1167784898699845,0.10557386025564693,-0.13820545208576693,-0.17017506511005523,-0.044465076166392815,-0.08090833969458754,0.16336339054426055,0.10726145689495101,0.20735771084540455,-0.023033892491908858,-0.04148208462222197,-0.03251974498939412,-0.1667457157404893,-0.11781686446807793,-0.13728547997267357,0.23353416388735998,-0.09084676265240933,-0.01681579594578787,0.15059525619267874,0.0953906058890013,0.04976579569762699,-0.1256050559904615,-0.04837720255626471,-0.18364513534798865,0.12502251629209735,0.02952752362904394,-0.1792442346666054,-0.0394071661112009,-0.22905763149024286,-0.009621914842818286,-0.020357816842432517,-0.1565236885136478,0.06955440190559443,-0.030393343574292225,0.1712293504025902,0.13828462696888036,-0.0771640359843944,0.10299297868927901,0.09967590819561392,-0.0003500084273363768,-0.01132675046522756,0.0197808396288189,-0.11330410906577106,-0.06619962961311722,0.11804048614083135,-0.013140598927728477,0.04836473650976084,-0.026947946252203068,-0.013230478412615244,-0.13003955336373907,0.12385305355296725,0.020442356509071457,-0.24789377448141656,0.08481019387451054
32003005335,las_vegas,48.71639880952384,33.093711702871204,-15.622687106652634,True,True,Both LST and HI hotspot,False,1.2939108038346787,1.7418546593795254,0.4479438555448467,High LST,High HI,High LST / High HI,169,las_vegas,Las Vegas,2024,GOOGLE/SATELLITE_EMBEDDING/V1/ANNUAL,/Users/yufeizhou/Desktop/heat-exposure-compare/outputs/pilot/alphaearth/paper_gis_figures/three_city_lstadaptive_heat_index_mismatch_GIS_READY.gpkg,las_vegas,0.17682532799276932,-0.10711051257171093,0.17097187195530075,0.07295097970553031,0.04336317548447836,-0.0249195718694423,-0.02241258596106829,-0.0672006099520736,-0.248656290047122,-0.12135435442576188,0.12205672271523202,0.030287949227766633,-0.17058147391416384,-0.12987876679662871,-0.010209322621818135,-0.06592173220556438,0.10503910905389918,0.10803146756322268,0.1996199243586045,-0.030484163503234313,-0.053670652631989606,-0.0641577295288171,-0.12494879676863035,-0.1277442600559121,-0.15633656528571463,0.26099170118879017,-0.09109315510458896,-0.10060062116126699,0.18247560301312282,0.17405620040417005,0.05869289930878364,-0.10903132751294875,-0.008319143861943436,-0.22347813723533821,0.09507196082105573,0.08700857158450685,-0.0937469415613725,-0.07099528322445268,-0.2494312975843975,-0.0010039279106836265,0.015878609368682236,-0.16654790149834026,0.0870949277978248,-0.08210585721195231,0.15864151462807075,0.17685632185755884,-0.03972013341619962,0.1093886171714736,0.03732199443737628,-0.07346111134575244,-0.03771739938561463,0.01539865813230602,-0.0742412843230471,-0.03880186750418548,0.10919870744938662,0.02778613812701344,0.009147431894062256,-0.06185432976902049,-0.03490014701873921,-0.1153694391947509,0.14934312032679328,0.03896835798980129,-0.13440689853349438,0.0660541162869125
32003005422,las_vegas,49.8711365807068,33.093711702871204,-16.7774248778356,True,True,Both LST and HI hotspot,False,2.1658981430020994,1.7418546593795254,-0.42404348362257394,High LST,High HI,High LST / High HI,170,las_vegas,Las Vegas,2024,GOOGLE/SATELLITE_EMBEDDING/V1/ANNUAL,/Users/yufeizhou/Desktop/heat-exposure-compare/outputs/pilot/alphaearth/paper_gis_figures/three_city_lstadaptive_heat_index_mismatch_GIS_READY.gpkg,las_vegas,0.15479573117069806,-0.13397520293719176,0.1574921303295913,0.07918594649025033,0.04473283748818788,-0.05513611681010922,-0.03922492392777278,-0.07982149666546105,-0.2432433009611446,-0.0955566178649536,0.11254548294999094,0.0411992016178766,-0.14090530637167187,-0.1411501552436648,-0.04318529137599532,-0.07315530477285617,0.1235710159040022,0.09026464270696366,0.2043539959281688,-0.03280916704130792,-0.056460124351279485,-0.046434569159789864,-0.14202973218131093,-0.1297457864412455,-0.14774586500030135,0.24072925123076128,-0.06903066346246738,-0.06986699152123399,0.14144311282207608,0.13523415174548836,0.03916042913250854,-0.10971567012982757,-0.026529359842699895,-0.21968658252119055,0.08789397178348828,0.06233909960016209,-0.11767010205005798,-0.0505483013613071,-0.2452360366238118,0.008996430520536568,0.0142878787984837,-0.15891395276890619,0.08370264938090403,-0.0746974448973865,0.1660990013526639,0.16252768043429158,-0.05416490778599334,0.1052498425546155,0.05047078722148858,-0.05198846763153395,-0.024100816077768334,0.026020108855070914,-0.08321392165088701,-0.05290501428127362,0.11211258488963094,0.01995368296904485,0.023566871751859144,-0.05094234873478464,-0.040555824909717014,-0.13013332325085622,0.14829832362736503,0.04535108349006221,-0.16797414167643349,0.07827600770991001
32003005423,las_vegas,49.253361297539186,33.093711702871204,-16.159649594667982,True,True,Both LST and HI hotspot,False,1.6993920332895283,1.7418546593795254,0.04246262608999718,High LST,High HI,High LST / High HI,171,las_vegas,Las Vegas,2024,GOOGLE/SATELLITE_EMBEDDING/V1/ANNUAL,/Users/yufeizhou/Desktop/heat-exposure-compare/outputs/pilot/alphaearth/paper_gis_figures/three_city_lstadaptive_heat_index_mismatch_GIS_READY.gpkg,las_vegas,0.16438726670119932,-0.09378865451083213,0.17280537543297372,0.054688929365879775,0.026767466224371893,-0.056785054085408154,0.0013125673509881463,-0.0769491218443065,-0.2662282225303619,-0.13016818964023527,0.09455710538790461,0.0397533715603916,-0.1529545791190047,-0.11324911664254085,-0.02188493625406976,-0.07799051779925477,0.12030619419249623,0.10134702520346335,0.2246778923817251,-0.0234092536188495,-0.03171032613982728,-0.06449533169083647,-0.13378881715712895,-0.12746731660352498,-0.14095271199512083,0.2335967271734639,-0.09827979075649337,-0.10054462428998329,0.16460015144806747,0.14791071312985413,0.06518946642021563,-0.10812526055646823,-0.03277715021964089,-0.21492992866862398,0.08172304438346542,0.09123407289345577,-0.13143127982918726,-0.04794771641806564,-0.2591876893599623,-0.04242262130681823,0.025088455014854124,-0.15876260844206372,0.06769025430217425,-0.07369025727513821,0.15120615002423793,0.1702458791425586,-0.05146045112981702,0.10905865426516739,0.04436615475439075,-0.04370119439693373,-0.03870337053609758,0.007713133626058003,-0.08358632920902466,-0.046938471122295086,0.10370883269088921,0.03557845086430707,0.0015620216862881218,-0.056020020128577395,-0.040220228309039846,-0.1110998268075032,0.13032717090649687,0.026818351149561857,-0.16387240655079602,0.07671761450250209
32003005432,las_vegas,48.67060606060608,33.093711702871204,-15.57689435773488,True,True,Both LST and HI hotspot,False,1.259330920610587,1.7418546593795254,0.4825237387689385,High LST,High HI,High LST / High HI,172,las_vegas,Las Vegas,2024,GOOGLE/SATELLITE_EMBEDDING/V1/ANNUAL,/Users/yufeizhou/Desktop/heat-exposure-compare/outputs/pilot/alphaearth/paper_gis_figures/three_city_lstadaptive_heat_index_mismatch_GIS_READY.gpkg,las_vegas,0.16630997498518707,-0.06728393744323104,0.17223897754513762,0.06588302478412109,0.03878459714102948,-0.03804677929583157,-0.0004869662846493334,-0.052845663355915194,-0.2757569615697238,-0.12286328993371819,0.07812745239866169,0.034450972036386134,-0.17291609210577732,-0.10386441193272948,-0.02832204536435804,-0.07137195875627433,0.10608175856619688,0.09603047456497156,0.23960191978150275,-0.024665536575093856,-0.02522953087265363,-0.07575068594092609,-0.11635938759303867,-0.13262195834000728,-0.1476204308671212,0.25573558322613693,-0.11054722877669765,-0.09621985957500052,0.14715578816666988,0.1558650573130847,0.06279049890660762,-0.08069645798705118,-0.02450536261114272,-0.2170481180260658,0.10755054171333768,0.08247351854850589,-0.10979970668740507,-0.049363667873261456,-0.2734776762151318,-0.03184087750162812,0.03835236500357766,-0.1548474191122082,0.07979939954995224,-0.07464574652102804,0.15519182674007106,0.1848172286149951,-0.042990934765189906,0.11313081463662866,0.026223084158126096,-0.06486370994452256,-0.03917961547389712,0.004804902126989297,-0.0794048779461055,-0.054748436197808927,0.1288578358213928,0.04557506417938562,0.0029538343820287544,-0.03569768862660871,-0.04726651937460154,-0.09877199931658527,0.13289378681819872,0.023709967683617453,-0.15229755202167033,0.0694495676580532
32003005804,las_vegas,44.71952380952384,30.68612509371,-14.033398715813842,False,False,Neither hotspot,True,-1.724284740825093,-0.3579773999890631,1.36630734083603,Low LST,Low HI,Low LST / Low HI,173,las_vegas,Las Vegas,2024,GOOGLE/SATELLITE_EMBEDDING/V1/ANNUAL,/Users/yufeizhou/Desktop/heat-exposure-compare/outputs/pilot/alphaearth/paper_gis_figures/three_city_lstadaptive_heat_index_mismatch_GIS_READY.gpkg,las_vegas,0.1554160981029209,-0.148582919518701,0.1677834787312481,0.08107811875379439,0.06252994348246166,-0.0936920545794679,-0.026526794770319866,-0.045020841089510495,-0.31985547215111404,-0.09517546904663352,0.0769135181289032,0.040297631960219106,-0.12233679866945835,-0.12112055914486544,-0.0764615429014718,-0.07318522686057033,0.08456116964344411,0.09525050477207245,0.19509468819856368,-0.04276197422540029,-0.029886040462530124,-0.13122362706619614,-0.07316020403210763,-0.13543662114421023,-0.10381528578662472,0.2448857170522145,-0.09250048015190072,-0.022957096234892928,0.1028419323928973,0.11311615576914727,0.029925952430001183,-0.09617621775564243,-0.009901817597652037,-0.17218488493664919,0.13322753653730313,0.03175927900057619,-0.08628116870372604,-0.062312532497540034,-0.26711104242026823,-0.0021895468485001856,-0.018001937192249295,-0.15225067888056187,0.06658809931214782,-0.0788272608447791,0.12965004275552666,0.22169720849421964,-0.06224443180623221,0.11721445065758529,0.08151413876910539,-0.06033104975262918,-0.03924893817953157,0.0432004790681336,-0.1042307434623219,0.024109935170966254,0.13549507020788715,-0.04005712896164036,0.023916072089896195,-0.0200997518320123,-0.07409846491396416,-0.1010472590929921,0.13559654975661176,-0.019003864956852242,-0.14284832406896847,0.04826941556481638
32003000105,las_vegas,48.344944000000034,31.31389226619981,-17.031051733800222,True,False,LST-only hotspot,False,1.0134108504593062,0.18954418432168182,-0.8238666661376244,High LST,Mid HI,High LST / Mid HI,174,las_vegas,Las Vegas,2024,GOOGLE/SATELLITE_EMBEDDING/V1/ANNUAL,/Users/yufeizhou/Desktop/heat-exposure-compare/outputs/pilot/alphaearth/paper_gis_figures/three_city_lstadaptive_heat_index_mismatch_GIS_READY.gpkg,las_vegas,0.15748780355735179,-0.17176010896138394,0.15486920949354976,0.06893584880844489,0.015517432855799637,-0.09225476462603174,-0.0346764715047473,-0.10556619869426723,-0.26388871985638085,-0.09405631842397431,0.13900055686294768,0.06792956872747911,-0.1291794535449645,-0.15840342186044964,-0.03223996589834429,-0.08038592452502527,0.13329695789343232,0.08258169722595554,0.20737102569602173,-0.04788530482359205,-0.03054640086412845,-0.058338705233996355,-0.16433161777799027,-0.13477392802414945,-0.15693208156648292,0.1961353748912074,-0.06923270376333507,-0.022299122655359112,0.12221072484480647,0.1210283612573919,0.04605170894426448,-0.13942943574644273,-0.023087219441482742,-0.18399762409955064,0.0784705711562405,0.06137152689921753,-0.1394576718616993,-0.034260794888972636,-0.2599261983607689,0.0006418024691579347,-0.011053350320534033,-0.1405394066595867,0.05517211304305542,-0.06042385465001663,0.1372639446016317,0.14865079309941626,-0.0601859520144492,0.1002476361680858,0.08858482373990308,-0.020350661186180775,-0.023406203344523882,0.040929744793560194,-0.11704882355125369,-0.05864588498576036,0.1187307332590073,-0.0024861491956831377,0.018081112988754495,-0.045872230495279546,-0.0356498283532737,-0.128827660996664,0.12575969758803238,0.00029111033990095083,-0.21396043269587586,0.08907335621243959
32003000516,las_vegas,48.671566499721784,32.016267200569914,-16.65529929915187,True,True,Both LST and HI hotspot,False,1.2600561854887546,0.8021366448691712,-0.4579195406195834,High LST,High HI,High LST / High HI,175,las_vegas,Las Vegas,2024,GOOGLE/SATELLITE_EMBEDDING/V1/ANNUAL,/Users/yufeizhou/Desktop/heat-exposure-compare/outputs/pilot/alphaearth/paper_gis_figures/three_city_lstadaptive_heat_index_mismatch_GIS_READY.gpkg,las_vegas,0.15876966924886501,-0.18830840083298872,0.16397027322190275,0.06286639047238778,-0.0004489665693136168,-0.0918353813761728,-0.02208350187811477,-0.07186684145922867,-0.2800355859314156,-0.14089033506301799,0.13135992919415712,0.05418737522776872,-0.12699672363059916,-0.13727456465579213,-0.001964300992429294,-0.030364737741047133,0.1017036965456589,0.08167709120943827,0.20332234864570708,-0.02105396662586251,-0.02456344516794278,-0.09395686780383067,-0.14776892632074445,-0.12625103567323234,-0.12674540906221818,0.1943714631531397,-0.03845398010523396,-0.05014966829903364,0.1029674145481008,0.09613242781468259,0.011833023537818683,-0.13374670969203342,-0.07846120189084334,-0.12331283059929316,0.04147874034006145,0.09207352262020481,-0.11807653155526,-0.03216882842946674,-0.2732470007241745,0.015985597674674223,0.014260520583276702,-0.12327523475554611,0.05281674087771116,-0.05102900955425124,0.12981323339485557,0.1414010284578463,-0.052442393405067914,0.11208221153450854,0.09131200797777429,-0.01500211509670172,-0.005575574516780925,0.007178464357254139,-0.13136311352627045,-0.04647654729314603,0.08697218081862824,-0.0019806827694825056,0.029299950969290375,-0.015310776539002985,-0.043445581858068405,-0.07662973824532102,0.1122722415979001,0.0008436086609422917,-0.20479628941491942,0.08516221261133973
32003005317,las_vegas,47.22778968253971,32.104452955425614,-15.123336727114093,False,True,HI-only hotspot,True,0.16980423687839943,0.8790498801068993,0.7092456432284999,Mid LST,High HI,Mid LST / High HI,176,las_vegas,Las Vegas,2024,GOOGLE/SATELLITE_EMBEDDING/V1/ANNUAL,/Users/yufeizhou/Desktop/heat-exposure-compare/outputs/pilot/alphaearth/paper_gis_figures/three_city_lstadaptive_heat_index_mismatch_GIS_READY.gpkg,las_vegas,0.1607639238882798,-0.16818616699480016,0.15072055733582962,0.06733053802398535,0.010557900852420614,-0.11217142678490911,-0.019854389731115214,-0.05598546844865047,-0.3094702907809036,-0.14443605478271668,0.08981467306544054,0.0552992044460635,-0.1306485382969167,-0.10600034270312614,-0.039774751913854316,-0.06287549347371492,0.10265954353537071,0.08683560672796918,0.1866359051195779,-0.028400645804675783,-0.016321319971910907,-0.11404409418380504,-0.10109559810930728,-0.14632209646579244,-0.13945804067861098,0.20064751010196039,-0.06871254549055006,-0.0594293949018506,0.11597823712971951,0.12398865294445023,0.02498283317840652,-0.1171156067342722,-0.04293411463563175,-0.15418482647010154,0.08671493335225106,0.08418716907607432,-0.10821270904109906,-0.056259372730689754,-0.2534051141275084,-0.011878382812421125,-0.007203495190430942,-0.12803978289158457,0.054331421521800254,-0.05465251976836968,0.12400182767080563,0.1776068143698259,-0.05741229745076027,0.1320504300443673,0.07598915224918748,-0.04275328806934722,-0.007696770613913511,0.007887771523322082,-0.12325819193008672,-0.0055152521087258885,0.09494405166799133,0.012824599747712688,0.010493459175293629,-0.01606772568182108,-0.07843529053675025,-0.0761682544809506,0.13654869757980087,-0.0005419550056355842,-0.17569063367155538,0.07802448612044881
32003005313,las_vegas,46.944396946564915,32.104452955425614,-14.8399439911393,False,True,HI-only hotspot,True,-0.04419662457162458,0.8790498801068993,0.9232465046785239,Mid LST,High HI,Mid LST / High HI,177,las_vegas,Las Vegas,2024,GOOGLE/SATELLITE_EMBEDDING/V1/ANNUAL,/Users/yufeizhou/Desktop/heat-exposure-compare/outputs/pilot/alphaearth/paper_gis_figures/three_city_lstadaptive_heat_index_mismatch_GIS_READY.gpkg,las_vegas,0.1787207243397181,-0.11618320257772619,0.18931812121769345,0.05465056488959874,0.030781302699339506,-0.06632210811096716,-9.555765398513291e-05,-0.044631439074583654,-0.3052818894976113,-0.15095107821581738,0.07420744461197783,0.06090482840129343,-0.15931539334927924,-0.09841762615233896,-0.033974707553818165,-0.05249479065476914,0.10701131597891447,0.10299178168562477,0.22071353765508758,-0.02071503934379985,-0.01814287611410054,-0.1022841746710237,-0.06551399926422583,-0.12131638581105154,-0.10264407025416035,0.26412231060986546,-0.12926622950211988,-0.07330856932132288,0.15860516746613393,0.12914960954108218,0.04976463724249863,-0.10423135500136704,-0.05527607946407207,-0.17859429112308045,0.14818147312648738,0.0590852879225418,-0.13012279502977533,-0.06351721497414849,-0.25293216803682195,-0.0552237880968511,-0.02131387715110292,-0.16769593686005013,0.06285453032055889,-0.04730466379683442,0.12945453399427329,0.1896276695243341,-0.07341449376641439,0.12729180519953823,0.0736708724862917,-0.042663183768723814,-0.030701508475415664,-0.000836621540330963,-0.10526992961282682,0.0028516998592921145,0.12316586861792439,-0.031327215106376115,0.018991063845263823,-0.022964703336282696,-0.07434404245212517,-0.06418404877776127,0.14729208137459188,0.02143089192778466,-0.1775109655753307,0.043846034648350476
32003005314,las_vegas,46.74550492610841,32.104452955425614,-14.641051970682796,False,True,HI-only hotspot,True,-0.1943877138626841,0.8790498801068993,1.0734375939695835,Mid LST,High HI,Mid LST / High HI,178,las_vegas,Las Vegas,2024,GOOGLE/SATELLITE_EMBEDDING/V1/ANNUAL,/Users/yufeizhou/Desktop/heat-exposure-compare/outputs/pilot/alphaearth/paper_gis_figures/three_city_lstadaptive_heat_index_mismatch_GIS_READY.gpkg,las_vegas,0.16815321158502677,-0.0958861655333451,0.18337285740216722,0.06666690539202857,0.011940029395291197,-0.07186750325243217,0.0031505016873583746,-0.017817739193642396,-0.33845285827471955,-0.15957046330900745,0.08699426071025874,0.042400164229147635,-0.1496372185651062,-0.08540116613190715,-0.02898980645669037,-0.045351791355533154,0.07842614629070091,0.08855990733126326,0.2104078619412583,-0.020304941772660866,-0.035023927732193906,-0.11092538666263188,-0.0690539514629173,-0.13431278598092186,-0.09550074432335837,0.25526322510313443,-0.1244280104138319,-0.08325426002792641,0.13806147144458042,0.1348664421726401,0.023642016929385324,-0.0927473451315267,-0.06574873370508467,-0.1768174837360411,0.13021971247711903,0.07880762577215777,-0.09501345293467349,-0.07139238001969594,-0.27465197344347214,-0.0508450025882366,0.015126846823662105,-0.15156263681074017,0.05843944760652119,-0.0658916898311214,0.118165533482853,0.2062532995774567,-0.04709932754628767,0.12403010491302935,0.08069440434098378,-0.03951474888895193,-0.04013320636774031,-0.0031901103042841325,-0.08068385833929284,0.00518532284456684,0.10089727453243136,-0.0026706911475668648,0.020641343117827272,-0.020345256154050403,-0.10545392360057394,-0.06291812774571166,0.14791334080223004,0.009887640286595698,-0.13695786776608915,0.05188813141592854
32003000201,las_vegas,47.62146974063403,31.627775852444717,-15.993693888189316,False,False,Neither hotspot,False,0.4670873386420761,0.46330497647705426,-0.003782362165021813,Mid LST,Mid HI,Mid LST / Mid HI,179,las_vegas,Las Vegas,2024,GOOGLE/SATELLITE_EMBEDDING/V1/ANNUAL,/Users/yufeizhou/Desktop/heat-exposure-compare/outputs/pilot/alphaearth/paper_gis_figures/three_city_lstadaptive_heat_index_mismatch_GIS_READY.gpkg,las_vegas,0.16571905491483277,-0.10948011447329012,0.1636321656940103,0.061390025650905,-0.008435269098065907,-0.09821189300974019,0.0005012528407237023,-0.08583736296726585,-0.3052940720692772,-0.13164410060897735,0.117490468639584,0.0726318645497482,-0.14547825404023265,-0.12702418829661888,-0.01002043218669881,-0.0719073263639342,0.11723692033730251,0.07861288941363227,0.22534012066728087,-0.04011571983339357,-0.014221178487894096,-0.08749930747943035,-0.17199500367381204,-0.1363471912971682,-0.15381822100215994,0.19139169502001688,-0.08378672575980901,-0.05079437219486998,0.12313304326947333,0.12984577327366859,0.059150962053423774,-0.1226776891020879,-0.031944953417425516,-0.17532252148532443,0.05922029817220257,0.08078556069569504,-0.12427927140601887,-0.031787132725467196,-0.2889478291555169,-0.031916649083641904,0.028111199187747432,-0.1353979631048583,0.05393295431523817,-0.07172547428047349,0.1283294002817214,0.16629374092051635,-0.04116098880451546,0.09523928365354177,0.07233919108970815,-0.018209682674329663,-0.041460932019975534,0.01622812220937357,-0.11295651218622513,-0.06235262568068958,0.11004219075714257,0.03676707051083465,0.0022953159738748515,-0.04119139521354221,-0.036574780781787775,-0.11144586295257863,0.11177687325214886,-0.018337192458447237,-0.18281659467113462,0.08810022714763839
32003000203,las_vegas,47.05679691653379,31.627775852444717,-15.429021064089074,False,False,Neither hotspot,False,0.040680958184892986,0.46330497647705426,0.4226240182921613,Mid LST,Mid HI,Mid LST / Mid HI,180,las_vegas,Las Vegas,2024,GOOGLE/SATELLITE_EMBEDDING/V1/ANNUAL,/Users/yufeizhou/Desktop/heat-exposure-compare/outputs/pilot/alphaearth/paper_gis_figures/three_city_lstadaptive_heat_index_mismatch_GIS_READY.gpkg,las_vegas,0.16802869095967196,-0.19938310168225762,0.13728654795802692,0.057361431523675184,0.008648750385866478,-0.11944988799832176,-0.05531967477502517,-0.11026241810555962,-0.25347799971068646,-0.09188976612762063,0.12990565315405822,0.08598137917107825,-0.12898131991578515,-0.1697741347632743,-0.0452929015567225,-0.08821449424517887,0.15221482118870042,0.08899413233827906,0.17275996450775175,-0.0443301474286134,-0.024147045275793158,-0.058374732758024656,-0.15835851125065073,-0.12978691469325623,-0.1619253996356543,0.18711727251562832,-0.06865081326042691,0.005417396718916636,0.11918865223388782,0.11356486800575583,0.04323995968960128,-0.14821694939997648,-0.012715331851673365,-0.18827034798966244,0.0883076298746657,0.052828969797439465,-0.1481433900811361,-0.03582981955729941,-0.23065661344720115,0.001239939398144522,-0.03536941024331108,-0.14032206027847083,0.053702674306363524,-0.041709912996411524,0.13336272200622684,0.14560691693917582,-0.07985944453033512,0.10782230496876222,0.09384823504976463,-0.01552463044658661,-0.0086962449444954,0.05027005370219658,-0.12958844698626562,-0.04755884225211909,0.11945960009726528,-0.009097479768152538,0.021684714387517543,-0.0306785952958454,-0.03776825371851721,-0.11693396765310962,0.13871238214156464,-0.009193519616914444,-0.23462203184506508,0.10049499899099194
32003000204,las_vegas,47.45528645833336,31.627775852444717,-15.827510605888644,False,False,Neither hotspot,False,0.3415958878869672,0.46330497647705426,0.12170908859008706,Mid LST,Mid HI,Mid LST / Mid HI,181,las_vegas,Las Vegas,2024,GOOGLE/SATELLITE_EMBEDDING/V1/ANNUAL,/Users/yufeizhou/Desktop/heat-exposure-compare/outputs/pilot/alphaearth/paper_gis_figures/three_city_lstadaptive_heat_index_mismatch_GIS_READY.gpkg,las_vegas,0.16699035178783161,-0.19943658847228216,0.13376311784708309,0.05766545811694064,0.004386015532114857,-0.10861588463094192,-0.04653213013897036,-0.10073804800338484,-0.26696539667307245,-0.0888371285100155,0.1276952963813646,0.06582550476058738,-0.12435162158591315,-0.16759861822957783,-0.043096717994665204,-0.09075229322529811,0.1507567112739588,0.09188143669201222,0.1612060345201638,-0.030513277132059334,-0.03905720285694473,-0.06767540353783638,-0.16618164473007416,-0.12860864997604965,-0.14945274690374702,0.20960566884691428,-0.06301994336603757,-0.007607760334837435,0.12664873621493974,0.12049295269139133,0.045892481073338244,-0.15109016702221795,-0.022779967760477443,-0.18133432258761,0.08154186159528563,0.053546016224803615,-0.14920696570181347,-0.045273545326968964,-0.22543265791497513,0.004189970610201997,-0.028916401446953302,-0.13889580757748346,0.06099216833603066,-0.04729179059764032,0.13566313304353853,0.15844896439473585,-0.0752052927080622,0.10654504645052888,0.08645119553988798,-0.016201313910669,-0.019838241299736343,0.05081605240625779,-0.12334996922847143,-0.04062812199040934,0.11428870471524191,-0.010232856095052216,0.02896819000665016,-0.02268264340674257,-0.031344017120887954,-0.10518939822579985,0.13328336343204958,-0.011163883662422467,-0.223273397468228,0.09152524164691518
32003000302,las_vegas,47.96756556986173,31.627775852444717,-16.339789717417016,False,False,Neither hotspot,False,0.7284377410940852,0.46330497647705426,-0.26513276461703095,High LST,Mid HI,High LST / Mid HI,182,las_vegas,Las Vegas,2024,GOOGLE/SATELLITE_EMBEDDING/V1/ANNUAL,/Users/yufeizhou/Desktop/heat-exposure-compare/outputs/pilot/alphaearth/paper_gis_figures/three_city_lstadaptive_heat_index_mismatch_GIS_READY.gpkg,las_vegas,0.16120898870865727,-0.14002843904174814,0.16178471363753094,0.08090361126009683,0.0037846149464949635,-0.11211242310207713,-0.016291557429783523,-0.09338322409868256,-0.2799988299075708,-0.11527623393009155,0.1243866782059407,0.07090284501280401,-0.14127917266219778,-0.14186759184260186,-0.025636954530036126,-0.07055966686908323,0.12460149473173492,0.08042028960772701,0.21442790290936745,-0.041810281947519505,-0.016533057837644995,-0.07203886023820687,-0.17749505918388547,-0.14518535189038692,-0.16478523958091945,0.1924217090864935,-0.05515340275699218,-0.028204543713124756,0.09692694240425946,0.12850277417093225,0.058497465612340614,-0.14233904200053973,-0.01951785753484734,-0.18085218649401136,0.06370217633937748,0.07429875134268245,-0.13269246112663877,-0.03016522014626404,-0.2767635608489732,-0.010236935448996039,0.022515781167401643,-0.12656678897438214,0.06101090791908537,-0.07562966544043623,0.1228837513140249,0.15112452881857047,-0.04080743064114176,0.09063309929367126,0.07931114647509567,-0.024780318732022726,-0.02168592782479292,0.027608500097618904,-0.1324378003495752,-0.06855411177555328,0.12155860398783665,0.033005486064374756,0.01489812401598627,-0.03631282639303519,-0.031893735976222845,-0.1156007149206683,0.11637967900220092,-0.0056733171178480705,-0.20062174753851733,0.09156019446261936
32003003219,las_vegas,44.70318761384338,30.68612509371,-14.017062520133383,False,False,Neither hotspot,True,-1.736620836654823,-0.3579773999890631,1.3786434366657598,Low LST,Low HI,Low LST / Low HI,183,las_vegas,Las Vegas,2024,GOOGLE/SATELLITE_EMBEDDING/V1/ANNUAL,/Users/yufeizhou/Desktop/heat-exposure-compare/outputs/pilot/alphaearth/paper_gis_figures/three_city_lstadaptive_heat_index_mismatch_GIS_READY.gpkg,las_vegas,0.15902884256169308,-0.1241549573494991,0.15559117916209875,0.06866786210655204,0.03145586372371571,-0.07794202498912566,-0.024311256032258907,-0.02727668372439162,-0.32667208171727213,-0.1254336332356806,0.09784630815043723,0.04772519566131708,-0.13471078231881667,-0.1145852071652771,-0.01389811091027386,-0.05965515151736393,0.10547305763962642,0.08632336476761916,0.21384006616205786,-0.0021052650068895144,-0.029011493141521856,-0.1176303747910728,-0.08156042944630587,-0.13850929813504467,-0.10774626212109234,0.2329403059218251,-0.11340495446371714,-0.05967290703703583,0.1278155549551569,0.1259294033809545,0.015289234987315633,-0.09896996967466799,-0.021548275355450494,-0.1717547114694239,0.12061423057932695,0.0748688790450061,-0.09012951546313527,-0.04793917913312437,-0.28908048661187774,-0.0219718449555384,-0.003638634684671017,-0.14285155945041292,0.06465193821371512,-0.0448332437139105,0.12817141429234447,0.20209981383561682,-0.044320275977282296,0.13026178573220756,0.08417539517021551,-0.04607649575315429,-0.03499365252041501,0.01456728954255023,-0.07804437211944823,-0.004905012917373351,0.12145448584673475,0.010107689055987254,0.02251959652248476,-0.024576579759851325,-0.08152860812130575,-0.10929479790344417,0.14837405625364275,-0.014654836137561475,-0.14859216764967298,0.06060099474655646
32003004907,las_vegas,48.40704545454549,32.08101575859078,-16.32602969595471,True,True,Both LST and HI hotspot,False,1.060306070706621,0.8586085896011912,-0.20169748110542973,High LST,High HI,High LST / High HI,184,las_vegas,Las Vegas,2024,GOOGLE/SATELLITE_EMBEDDING/V1/ANNUAL,/Users/yufeizhou/Desktop/heat-exposure-compare/outputs/pilot/alphaearth/paper_gis_figures/three_city_lstadaptive_heat_index_mismatch_GIS_READY.gpkg,las_vegas,0.17826568120241854,-0.07695925623277873,0.1906953949815007,0.05648716824113811,-0.018197795657879382,-0.0786967571996263,0.023136755753734875,-0.05103821040289583,-0.3219129385264838,-0.14179401504292838,0.10835024976543826,0.060090973185593144,-0.17697611790662054,-0.09445384439296581,-0.0019999861378598716,-0.06758066461882734,0.10202769427370316,0.07889741054599289,0.24073999602864365,-0.030675964649485885,-0.00975060065009834,-0.12191691747780618,-0.16396571655690184,-0.1499549046133889,-0.14682258180408578,0.22452400348729182,-0.08642318451294957,-0.07790390718969929,0.10720619133753866,0.14928128452439043,0.08490333813160093,-0.11976186594632317,-0.03646923219510398,-0.16956182185863486,0.05840025444001606,0.09700005751068883,-0.1342459381036091,-0.02329576622615719,-0.2770355420095509,-0.05858909825796541,0.05908264152240967,-0.1373570266741044,0.0652810026605436,-0.07788607806315352,0.1105322529449153,0.1762016836685593,-0.02113926756031862,0.09714777110827111,0.04400955197814224,-0.03028301686073519,-0.04089634780221521,-0.004613550454545466,-0.10082693968480487,-0.06824419524538981,0.11311095730629346,0.03995083100397077,-0.008253951116578449,-0.011412121375184686,-0.02216455313337136,-0.056782622812895055,0.09925292452805048,-0.011906555368765483,-0.16550438226033395,0.06704839402398557
32003005904,las_vegas,50.08782933252306,32.6344003811624,-17.453428951360657,True,True,Both LST and HI hotspot,False,2.329531255894518,1.3412557214700287,-0.9882755344244891,High LST,High HI,High LST / High HI,185,las_vegas,Las Vegas,2024,GOOGLE/SATELLITE_EMBEDDING/V1/ANNUAL,/Users/yufeizhou/Desktop/heat-exposure-compare/outputs/pilot/alphaearth/paper_gis_figures/three_city_lstadaptive_heat_index_mismatch_GIS_READY.gpkg,las_vegas,0.11407464116865824,0.10674820242257228,0.09837265743752312,-0.08430412415508103,0.01647953998413821,0.0739549847276141,-0.02190292539817279,0.06691742258390274,-0.19361169707120066,-0.012238027455777577,0.003609683355263748,-0.08523478043447716,-0.2719608880517687,-0.1469848254701301,0.08454037967470462,0.014467850936303856,-0.05276660682688594,0.09109263788804803,0.11968504212247286,-0.0680552127143219,-0.01592761675801479,-0.27262907492117894,-0.15098463946321275,0.0010382941067011914,-0.031082584062872228,0.11018844790501083,-0.04832943664130759,-0.08984244143507127,0.11532469381700125,0.08607286628284216,0.16697089685388952,-0.09200485265365561,0.17280242949937888,-0.1491551723604778,-0.1490720169164388,-0.03060007626993541,-0.0021089541753495523,0.07616862168434274,-0.11193534846412288,-0.03525163813535078,0.15680418861342998,-0.17237465724788745,0.047332306010595494,-0.1504642255004614,0.04940166188410896,0.16655919093564983,0.04931296779731299,-0.07324393462669071,-0.11730430784102218,-0.07536311090415326,-0.1147250341300351,0.016077708761283855,0.08636303185012222,-0.02563328919771457,0.11133920440142689,-0.015313180965894978,-0.06250000634202149,-0.005175045087870858,0.05780051919959173,0.05272455674091736,-0.03511017829868138,-0.0365789426255342,-0.03173376341766914,-0.020701708888277152
32003001715,las_vegas,48.95231277533043,32.08101575859078,-16.871297016739646,True,True,Both LST and HI hotspot,False,1.4720586019320583,0.8586085896011912,-0.613450012330867,High LST,High HI,High LST / High HI,186,las_vegas,Las Vegas,2024,GOOGLE/SATELLITE_EMBEDDING/V1/ANNUAL,/Users/yufeizhou/Desktop/heat-exposure-compare/outputs/pilot/alphaearth/paper_gis_figures/three_city_lstadaptive_heat_index_mismatch_GIS_READY.gpkg,las_vegas,0.17906847076320292,-0.1561888777967253,0.16028862118532042,0.07217719253084046,0.02482580716776159,-0.11621731391639335,-0.02515543947988615,-0.09762972583793278,-0.2913837093048461,-0.07068935389175729,0.09738911632844838,0.09219004231400434,-0.12896312909279992,-0.1620278293195511,-0.05074938595259855,-0.0618636342193284,0.17037106402790697,0.09915628096662159,0.2085171872741866,-0.037332529466552494,-0.026114862012024728,-0.06165223790515739,-0.15241574276790149,-0.11185198828073901,-0.12314914699234841,0.220333569187646,-0.08401127709270172,-0.0008784189097037673,0.1252683762281482,0.09116322502606637,0.04512710214235906,-0.11357363534001709,-0.038290920654424694,-0.19448427486463477,0.12727117313651587,0.01094555478262584,-0.18298184295535333,-0.03385148196719541,-0.24874195845233169,0.001204634461531934,0.0047984451404154815,-0.15799723563825466,0.047021857494166056,-0.038282764311428234,0.1545710422431133,0.16076790752924913,-0.07214324667150633,0.09721736167526804,0.08462286796089064,-0.007191916213611756,-0.012924095613146667,0.04692468347988257,-0.12767045108101333,-0.06871526753674818,0.11664003092934969,-0.028665739697505615,0.053655137795525915,-0.024171855972895423,-0.01249868040225895,-0.12152194138665638,0.12314135751225402,0.02555662375079023,-0.23058136468653095,0.06317746286034749
32003001902,las_vegas,46.597076923076955,31.627775852444717,-14.969301070632238,False,False,Neither hotspot,True,-0.30647146365528094,0.46330497647705426,0.7697764401323353,Mid LST,Mid HI,Mid LST / Mid HI,187,las_vegas,Las Vegas,2024,GOOGLE/SATELLITE_EMBEDDING/V1/ANNUAL,/Users/yufeizhou/Desktop/heat-exposure-compare/outputs/pilot/alphaearth/paper_gis_figures/three_city_lstadaptive_heat_index_mismatch_GIS_READY.gpkg,las_vegas,0.18344038157250828,-0.1471221084485971,0.16075146340225036,0.05551649579292415,0.01910272843676635,-0.10030274879683376,-0.017527140540674436,-0.11248276618936341,-0.2834108855425208,-0.09218611972019493,0.12146710886986427,0.08917290027483692,-0.13540591933778717,-0.15984755532563008,-0.04159633135273724,-0.059481691426700505,0.16972216717268956,0.09051748896586104,0.22599132136624198,-0.04107967911070225,-0.017127848244996507,-0.07063555126979532,-0.16516466689657489,-0.11885776946399698,-0.13347218980512762,0.23236107811762688,-0.06649031342174502,-0.00865297061033237,0.10980733157967543,0.10059302721277313,0.056313804743394306,-0.13041019773032753,-0.04122128764978078,-0.17540862924085993,0.10050593166473822,0.02401032945293632,-0.1772792406570313,-0.025005976005711,-0.2601725852111427,-0.004257798087945068,0.002190340582762366,-0.13564166351269427,0.06782116323524874,-0.042081030702942494,0.14770615862011843,0.15607359359070852,-0.06127334669637822,0.07896975484250399,0.0953335776003634,-0.0070291842970464135,-0.026624927394860397,0.02863392905154961,-0.13833053365037398,-0.07786768953478018,0.1289593082486446,-0.022091526573568523,0.05678641226912948,-0.018408421410503993,0.00606437517594531,-0.11496677391927834,0.11702563735677085,0.00755388386729501,-0.24398177007133026,0.05881113072345768
32003003242,las_vegas,45.87562253743109,30.8977331107037,-14.97788942672739,False,False,Neither hotspot,True,-0.8512696903778079,-0.1734185989008675,0.6778510914769403,Low LST,Mid HI,Low LST / Mid HI,188,las_vegas,Las Vegas,2024,GOOGLE/SATELLITE_EMBEDDING/V1/ANNUAL,/Users/yufeizhou/Desktop/heat-exposure-compare/outputs/pilot/alphaearth/paper_gis_figures/three_city_lstadaptive_heat_index_mismatch_GIS_READY.gpkg,las_vegas,0.1638357547246993,-0.07007561774029376,0.1623839208993746,0.0843276155868764,0.02968561475170804,-0.0488168692806734,0.01820810310254697,-0.019270840142233417,-0.2823825439680309,-0.1122309990526403,0.09690679914661375,0.010630371436518755,-0.1912525397108767,-0.09933744856438881,0.024417619350316746,-0.04330706862630087,0.06077172921940314,0.07003981972870373,0.26243444798220467,-0.03045724292757475,-0.004391645065461898,-0.11603822039919326,-0.11959598584830006,-0.13493506759251844,-0.16627531978180324,0.22627925151501616,-0.09187104444119003,-0.08087414793635954,0.11003902915076415,0.14237657912383453,0.06336181013351336,-0.12627928347221923,0.0010142551793245202,-0.1821169124171407,0.06413792265209484,0.07180579346366446,-0.06458759394485955,-0.03244886947020109,-0.3137699639374693,-0.025991478272608323,0.08405072575906139,-0.13939335006584805,0.07838699583837636,-0.09169504134109992,0.09762659242115261,0.19455788578408986,-0.007962855920852146,0.08147997813420808,0.015200745918634628,-0.03773482359535106,-0.06847934973201765,0.014109592700599,-0.07645917881828337,-0.0603804754547754,0.1366013876456576,0.05617485899720107,-0.03220407263363077,-0.02868555404013288,-0.043677416630903985,-0.09878513566003248,0.11418792829567828,-0.014669673799981246,-0.12570278098475252,0.0525494400652124
32003003240,las_vegas,45.329224353628035,29.196986929686325,-16.13223742394171,False,False,Neither hotspot,False,-1.2638761801891172,-1.6567635145769033,-0.3928873343877861,Low LST,Low HI,Low LST / Low HI,189,las_vegas,Las Vegas,2024,GOOGLE/SATELLITE_EMBEDDING/V1/ANNUAL,/Users/yufeizhou/Desktop/heat-exposure-compare/outputs/pilot/alphaearth/paper_gis_figures/three_city_lstadaptive_heat_index_mismatch_GIS_READY.gpkg,las_vegas,0.15506754106057208,-0.027907516498084706,0.14238871633194475,0.0673600036758449,0.04041655907620592,-0.03509687429416638,0.028095876971296667,0.012462884550220108,-0.30207265541945416,-0.095898249765316,0.07165035658938225,0.0019899926148851167,-0.18634114801940263,-0.10671616666791081,0.03233276992049026,-0.07264040060124866,0.08532998489574406,0.071821837400627,0.24305837920924667,-0.01225171806072069,-0.0046708899995048245,-0.12276997838156072,-0.13849906502976592,-0.12229317766582186,-0.12584647258134976,0.20067768680153422,-0.10451509932996632,-0.08314283876731882,0.10995136462053494,0.135499972116757,0.07782458141270035,-0.07259247306511138,0.020596417114008673,-0.18366674857384532,0.0400654341826623,0.06834009622654685,-0.058718389696192565,-0.03892164382057213,-0.3063590930493276,-0.015957663176827105,0.09099412578301577,-0.12418213268304408,0.06550022505955422,-0.09871510120592786,0.12068457351060663,0.21721762365068795,0.03410939624490227,0.0835830211142967,-0.008346171888614563,-0.031203874638091128,-0.07584430424532838,0.014338922451804001,-0.06819747705042535,-0.06357026530289628,0.14442363305660041,0.07145704676805424,-0.04272617152636568,-0.043334985409510696,-0.03059021261236754,-0.10781925066323018,0.10000007153721725,-0.0449667857717883,-0.12213162084573898,0.0481663970745304
32003002000,las_vegas,46.825841708542754,31.627775852444717,-15.198065856098037,False,False,Neither hotspot,True,-0.1337222892958316,0.46330497647705426,0.5970272657728859,Mid LST,Mid HI,Mid LST / Mid HI,190,las_vegas,Las Vegas,2024,GOOGLE/SATELLITE_EMBEDDING/V1/ANNUAL,/Users/yufeizhou/Desktop/heat-exposure-compare/outputs/pilot/alphaearth/paper_gis_figures/three_city_lstadaptive_heat_index_mismatch_GIS_READY.gpkg,las_vegas,0.16418432890943016,-0.22647428408131023,0.1283335202265041,0.041244502141590464,-0.007258834820310146,-0.13107307899338033,0.0022976477190307697,-0.06267034389918896,-0.2610248104374372,-0.10995922201331022,0.12063365400567284,0.07308850791621917,-0.1056769454171668,-0.13998333771334998,-0.0060358545905271795,-0.04097235189297452,0.12904566746401014,0.05517247807402323,0.14624367920844253,-0.006406076853641121,-0.0178957701064233,-0.11802954902239812,-0.15233163530493632,-0.12133627962271254,-0.09908461850423213,0.16069924979709108,-0.015553723089065915,-0.00560416699986705,0.10623937484419674,0.0701109741606136,0.027001249697117573,-0.15792307239360895,-0.053733813172611465,-0.09169796266708634,0.020851394605410373,0.10742721024615587,-0.11778027946287285,-0.010764330297256172,-0.2539033160049041,0.020206051739298216,-0.010644910101467354,-0.10794564221702971,0.037670903456744335,-0.024474140482921604,0.12118660513446121,0.1252469288480562,-0.08266887027346356,0.10813707430634475,0.08301235046982679,0.025465808107544997,-0.02924973250658584,0.029011132134799982,-0.1540021723695407,-0.05705872936357706,0.08928122204306457,-0.03194760630639243,0.05054512309211259,-0.0038574685965500673,-0.017808433859565917,-0.07310832640539021,0.12829915744077217,-0.046123290733657056,-0.23091859592833353,0.10374812859981833
32003003239,las_vegas,44.93018105849586,28.819043333904688,-16.111137724591174,False,False,Neither hotspot,False,-1.565209270539524,-1.9863957180604654,-0.4211864475209415,Low LST,Low HI,Low LST / Low HI,191,las_vegas,Las Vegas,2024,GOOGLE/SATELLITE_EMBEDDING/V1/ANNUAL,/Users/yufeizhou/Desktop/heat-exposure-compare/outputs/pilot/alphaearth/paper_gis_figures/three_city_lstadaptive_heat_index_mismatch_GIS_READY.gpkg,las_vegas,0.18449325407622255,-0.12367027198280783,0.14926569843219356,0.047385898233074625,0.05524928252624233,-0.058666926669621165,-0.022647545296511546,-0.06417386275690677,-0.29559140913912724,-0.10228930775563123,0.08052931426512547,0.0472499288308413,-0.16348867441508322,-0.12276982896238162,-0.040414285667198735,-0.08662912661807376,0.12238561862592476,0.0944744459838185,0.22376998763621858,-0.0029138496502959617,-0.021434198119841333,-0.08784748187872231,-0.0792891981931378,-0.13559304555180987,-0.1418901723890625,0.25020223454618146,-0.1389671946633646,-0.06684799781886293,0.15937724042243226,0.13323287266836498,0.02697811690985171,-0.10431324723070404,-0.005704431567718566,-0.1860515035418174,0.148145476656046,0.0661487342397297,-0.09681276429737722,-0.0554416815837191,-0.26703654600149435,-0.018882543257432473,-0.059407729550383606,-0.14219590925253556,0.07042694507047312,-0.04913334113344839,0.14324813076815615,0.17913871562619704,-0.06930809330895749,0.1320641319722552,0.055551018244197274,-0.03627958495725415,-0.018870739121168753,-0.000374196371291815,-0.09247598843121915,-0.000301691347418375,0.16341633372653142,0.000643823502249431,0.012272026390822637,-0.021957877676420295,-0.08502125162642735,-0.10760553929240263,0.15947910758797312,-0.003322132576495322,-0.20461869902921184,0.07857117592928302
32003003245,las_vegas,46.05105494505497,30.8977331107037,-15.15332183435127,False,False,Neither hotspot,True,-0.718793865870078,-0.1734185989008675,0.5453752669692105,Low LST,Mid HI,Low LST / Mid HI,192,las_vegas,Las Vegas,2024,GOOGLE/SATELLITE_EMBEDDING/V1/ANNUAL,/Users/yufeizhou/Desktop/heat-exposure-compare/outputs/pilot/alphaearth/paper_gis_figures/three_city_lstadaptive_heat_index_mismatch_GIS_READY.gpkg,las_vegas,0.1748822144602018,-0.07991818969473735,0.1764251157780913,0.04977018522546749,0.017423501902393165,-0.07891591916483139,0.0322417335689366,-0.06473451305815626,-0.3172218136413075,-0.13393352556043092,0.07725057838598855,0.06258416626309776,-0.1597221732822511,-0.09386118265767973,-0.039370673046328304,-0.09629507136864224,0.11571433105281229,0.09646220157505803,0.23231259864895348,-0.020559352412229986,0.0007698793456908683,-0.12213448864130455,-0.12672801659414748,-0.14992605673685608,-0.13023334442858378,0.2483920623815843,-0.10684293928019012,-0.06673112590105289,0.12345799508812484,0.14109234982526875,0.07392134052091671,-0.11023903804289273,-0.03956301388122459,-0.18742833449146562,0.11821750774211495,0.06365415372650096,-0.13937676688781872,-0.045304183095631105,-0.2656136048166692,-0.04899935713035377,0.020165478129030617,-0.15417896809366552,0.06577571787128332,-0.08184371416740921,0.11717683698902329,0.19063071294665415,-0.045712257032852234,0.1033880444420012,0.053401610136350426,-0.03845844537724193,-0.03376221628832699,0.012089700742075903,-0.10303051710798189,-0.03432774913520233,0.13955277629259377,0.022970913783195095,-0.0001616166952202562,-0.01128465445076826,-0.04085520540961996,-0.0873052945837991,0.12095206359270713,-0.015043521978372661,-0.18660622461123974,0.065122627870122
32003005852,las_vegas,46.05327466666669,28.611279124944655,-17.441995541722033,False,False,Neither hotspot,False,-0.7171176678706741,-2.16760205352668,-1.450484385656006,Low LST,Low HI,Low LST / Low HI,193,las_vegas,Las Vegas,2024,GOOGLE/SATELLITE_EMBEDDING/V1/ANNUAL,/Users/yufeizhou/Desktop/heat-exposure-compare/outputs/pilot/alphaearth/paper_gis_figures/three_city_lstadaptive_heat_index_mismatch_GIS_READY.gpkg,las_vegas,0.17593860352747,-0.11571185933039949,0.16206350121325563,0.05127005231418018,0.04093151353622515,-0.06686784887210374,-0.020866707551225192,-0.057411371912828364,-0.28583885836737055,-0.10060940319396107,0.09622893231087742,0.06521652333768373,-0.15398598645672637,-0.12478497420658838,-0.03130322949025228,-0.06679448548481898,0.13437154044384256,0.10091021579360315,0.21127427455906803,-0.021254628542366802,-0.030207740139011872,-0.10266759287223641,-0.11118386429396813,-0.10165236483937234,-0.1328907954368205,0.24847661345399835,-0.12961588418511583,-0.059905505832714326,0.1616967817283105,0.1291224044421328,0.03588103388235968,-0.11907132960503636,-0.02189842385531507,-0.1985226106655769,0.13690871178093345,0.050358741041922846,-0.11455957845767123,-0.04587902739654954,-0.25425184011335794,0.006741236525885846,-0.020767762983622786,-0.1567833076018339,0.0736392539486898,-0.0655019708746197,0.1416993215917961,0.18477582699622846,-0.08096460712142177,0.1268365787144822,0.04934674721690752,-0.028569725927485867,-0.04042188666627602,0.04791385674467956,-0.07255559432274779,-0.03302851851423801,0.1401641528244167,0.005929091482754455,0.03188607937597151,-0.020574708289617424,-0.05616355325665677,-0.11028590709719864,0.13180547116795324,0.0024731914997381888,-0.17933062537920053,0.06657009446686157
32003003320,las_vegas,46.12325325325329,30.8977331107037,-15.225520142549588,False,False,Neither hotspot,True,-0.6642741192840242,-0.1734185989008675,0.4908555203831567,Low LST,Mid HI,Low LST / Mid HI,194,las_vegas,Las Vegas,2024,GOOGLE/SATELLITE_EMBEDDING/V1/ANNUAL,/Users/yufeizhou/Desktop/heat-exposure-compare/outputs/pilot/alphaearth/paper_gis_figures/three_city_lstadaptive_heat_index_mismatch_GIS_READY.gpkg,las_vegas,0.1481767759723557,-0.11873594418458151,0.16251620535162412,0.05686969087562305,-0.01084591003216442,-0.0851749016002171,0.01915489017791575,-0.037518302877365226,-0.3219005288076935,-0.14872117591008374,0.10514644296907039,0.0487270544572606,-0.14068792908370142,-0.08261069903446895,0.00557592215656151,-0.052531309906831775,0.0771139465551335,0.06795665436779799,0.2434116944085353,-0.01417102994441867,-0.0012719217751084452,-0.11455532121214616,-0.12333806300051928,-0.15312180256043983,-0.1331732435276668,0.18455042050366005,-0.07906457870619332,-0.07636289076237031,0.10540126207241851,0.12759084659409203,0.0353129240414272,-0.1191241564005854,-0.05359811829826911,-0.14834989274360952,0.04599659432761218,0.10529692762633192,-0.10843666827244773,-0.027314550089031716,-0.3109052401946973,-0.034897775553029586,0.0390328922449319,-0.10823829508486316,0.04600768924879918,-0.07285592358568684,0.09670063491520474,0.17410162381523459,-0.025567063605654014,0.10108726829259095,0.06840516619543739,-0.020356985020624278,-0.03390216796448962,0.006720150194768184,-0.10286539026241463,-0.045286746187715526,0.10377010248718935,0.045827585820218425,-0.012516727973145295,-0.010871173451904444,-0.06545844964401934,-0.07225996052774124,0.10561072501979765,-0.030485964507975024,-0.17180345434138805,0.07475062061197914
32003003640,las_vegas,46.91019321766565,30.76536905919516,-16.14482415847049,False,False,Neither hotspot,False,-0.07002518868096255,-0.28886295210001844,-0.2188377634190559,Mid LST,Low HI,Mid LST / Low HI,195,las_vegas,Las Vegas,2024,GOOGLE/SATELLITE_EMBEDDING/V1/ANNUAL,/Users/yufeizhou/Desktop/heat-exposure-compare/outputs/pilot/alphaearth/paper_gis_figures/three_city_lstadaptive_heat_index_mismatch_GIS_READY.gpkg,las_vegas,0.15921688744454668,-0.13031228341153508,0.14732002867379893,0.06209805059305989,-0.012436056947429538,-0.10597010659934097,-0.002551021897378682,-0.05868230691534425,-0.3007277723168233,-0.09381117640359501,0.12959809312491097,0.061268628245499175,-0.13916563702930573,-0.1107988915169565,-0.01596465007336806,-0.07227787190410809,0.10856165979484877,0.08329827675170803,0.19669671602646718,-0.0251371467917168,-0.021202787049023154,-0.13690697744031688,-0.1521580264955341,-0.14495227503287586,-0.1565262286678095,0.18405845855515868,-0.06864382710219909,-0.06016674562701137,0.11205725765183791,0.12855195068556852,0.043926449952821404,-0.14072200983977434,-0.01140483632680506,-0.17487934111339246,0.04742445050245238,0.0976590642608703,-0.11887181327281018,-0.03286487245842064,-0.26000614745953626,-0.00753523833728475,0.03444888480632821,-0.12831830983947784,0.05037617632433259,-0.0788859777424501,0.09082034064080084,0.16975346466767194,-0.041957304283037046,0.11139147910683851,0.049143963213057903,-0.026965500387030744,-0.03146381108885379,0.051398286258479475,-0.08220243563771305,-0.05056177001417408,0.11756109262259402,0.04023837107916303,-0.0009628133830756471,-0.00969315595134474,-0.031605720736172904,-0.095895631460727,0.0834974194143407,-0.03751540545436575,-0.17745414443540403,0.08409960952406646
32003003641,las_vegas,47.007108020959315,30.76536905919516,-16.241738961764156,False,False,Neither hotspot,False,0.0031589433002769066,-0.28886295210001844,-0.29202189540029533,Mid LST,Low HI,Mid LST / Low HI,196,las_vegas,Las Vegas,2024,GOOGLE/SATELLITE_EMBEDDING/V1/ANNUAL,/Users/yufeizhou/Desktop/heat-exposure-compare/outputs/pilot/alphaearth/paper_gis_figures/three_city_lstadaptive_heat_index_mismatch_GIS_READY.gpkg,las_vegas,0.16898350481288535,-0.11484072941492336,0.15627924008007477,0.06905269877923775,0.002719401524602355,-0.099733350257855,-0.005029208022887158,-0.06520395190136326,-0.29752615611121513,-0.09877011784466365,0.12433277410357632,0.05872110032147843,-0.1589985676017926,-0.11747499400154317,-0.008245572842351208,-0.06872686170203503,0.10725436452549703,0.06950246916186702,0.2293124702261174,-0.03880373991600095,-0.010195863487235684,-0.12431406735764515,-0.15621490777214186,-0.15642460716353168,-0.1585438763975722,0.20683199499169921,-0.07555685954340277,-0.05356521225940933,0.10108628229903034,0.129062254912425,0.05422583724309835,-0.12718279168836708,-0.015404805368779213,-0.17238383366130972,0.06596278418863834,0.08170548219922875,-0.11939847755066108,-0.029563444954666267,-0.2720648131750306,-0.011322685349852465,0.044924573736890176,-0.11997012421807657,0.06066390665122882,-0.06824556683768408,0.1023138876699799,0.16312362652737622,-0.03180010095801942,0.09502375471082228,0.051432205801429695,-0.04201030347609857,-0.03320158099448894,0.02952701433766195,-0.09830615978758367,-0.06332559137038954,0.1310444855372667,0.03817860262092173,0.0036039988351070635,-0.006699519890273361,-0.03161927480378633,-0.09138276727088449,0.10418209755993327,-0.020964778398797162,-0.18620210129355827,0.07543498932500506
32003003638,las_vegas,46.81954884414618,30.76536905919516,-16.054179784951025,False,False,Neither hotspot,False,-0.13847427560635603,-0.28886295210001844,-0.15038867649366242,Mid LST,Low HI,Mid LST / Low HI,197,las_vegas,Las Vegas,2024,GOOGLE/SATELLITE_EMBEDDING/V1/ANNUAL,/Users/yufeizhou/Desktop/heat-exposure-compare/outputs/pilot/alphaearth/paper_gis_figures/three_city_lstadaptive_heat_index_mismatch_GIS_READY.gpkg,las_vegas,0.18992070001498318,-0.07950076445997999,0.15598213776946993,0.034248536663825685,-0.004414217448024233,-0.07901156964294134,0.017739174592303914,-0.07385074090440451,-0.30168531961824296,-0.10637499162380722,0.10472346511854796,0.07372465106626298,-0.1652367453057433,-0.11144316320388896,-0.015139597962417133,-0.08982221192578062,0.12957913596713055,0.09417491496307155,0.2018915692060712,-0.012260799864580764,-0.021840131306799918,-0.11150246253996186,-0.1527179833212547,-0.12853351835524449,-0.13756061100458028,0.2289940541425386,-0.13012848471199334,-0.08902447116953441,0.16927465580859433,0.14776890928965714,0.06325049104298947,-0.12176302262449766,-0.025373812091429204,-0.20063266901295612,0.10208523140648798,0.09221098590728463,-0.1315587695874368,-0.04897612977498751,-0.24841442468097022,-0.049408893169570915,0.004345378019010272,-0.15619794358815559,0.04900539687008793,-0.07043148313227406,0.13446162185032393,0.173624070015396,-0.06553478376599887,0.1235175633276644,0.039504192514288446,-0.013520278137169026,-0.04340703636734434,0.03407405833615459,-0.06554244852771343,-0.04854774249329059,0.1277192716407313,0.03591145434881951,0.004318925248253083,-0.021898934100148513,-0.02926339700728987,-0.10123258081389785,0.10695938097817685,-0.01741580233786049,-0.19229138871263834,0.08991828434908487
32003002976,las_vegas,45.571722563375864,30.816047771731157,-14.755674791644708,False,False,Neither hotspot,True,-1.0807563637703226,-0.24466234685255522,0.8360940169177673,Low LST,Mid HI,Low LST / Mid HI,198,las_vegas,Las Vegas,2024,GOOGLE/SATELLITE_EMBEDDING/V1/ANNUAL,/Users/yufeizhou/Desktop/heat-exposure-compare/outputs/pilot/alphaearth/paper_gis_figures/three_city_lstadaptive_heat_index_mismatch_GIS_READY.gpkg,las_vegas,0.14215887374087635,-0.10972519655872327,0.14621085206434253,0.06396560583830539,-0.011689959917428333,-0.08865614336555855,0.013992193964007681,-0.036271063243069335,-0.27158966419122654,-0.058440660674097686,0.1043541675248219,0.014255287471659868,-0.15166442791930024,-0.11685794206465915,-0.0015377073016379285,-0.08137344567440952,0.09113149025408754,0.06628330694508502,0.1868425123336604,-0.022431704533307076,-0.013487519775583087,-0.157250808044303,-0.1515453483167046,-0.1228015512780716,-0.1681752296096259,0.1653154294915858,-0.05326303057898437,-0.06349459505826162,0.10076360779059251,0.1394104785633713,0.08330242452548439,-0.16518262114994856,0.04543399659034078,-0.18948653853475514,0.028815306003714007,0.08429179962924925,-0.09500522236529828,0.0024936004694925593,-0.2474072770307933,-0.03796762158340047,0.06118959588045368,-0.1508455877214297,0.03444440924287514,-0.09836857434501671,0.06676698296944972,0.18700914968184554,-0.011720100207428827,0.0832705657074957,0.008374171601946203,-0.03305714416955279,-0.05414948834491296,0.06469429827967778,-0.0857962389421952,-0.06654174303488625,0.13251781397823137,0.032738396932569164,-0.029579852688784762,-0.01370077010485261,-0.013186342613982783,-0.09391174382311149,0.0675971870559506,-0.045636775665875685,-0.14232246503827933,0.07460936519220127
32003003233,las_vegas,46.10641774891779,29.618539401904307,-16.487878347013485,False,False,Neither hotspot,False,-0.6769872624715134,-1.2890968260760054,-0.612109563604492,Low LST,Low HI,Low LST / Low HI,199,las_vegas,Las Vegas,2024,GOOGLE/SATELLITE_EMBEDDING/V1/ANNUAL,/Users/yufeizhou/Desktop/heat-exposure-compare/outputs/pilot/alphaearth/paper_gis_figures/three_city_lstadaptive_heat_index_mismatch_GIS_READY.gpkg,las_vegas,0.17032344778624495,-0.09139426628592939,0.15075278562967032,0.04313817889212572,0.030577896055564716,-0.07577072784039968,-0.004323945260125356,-0.06828238415606434,-0.30853231427229894,-0.09063022365972635,0.08841200773337035,0.04366820125906312,-0.1501715571126082,-0.11996350683470959,-0.03871811565538571,-0.10375368799809594,0.10381812340822899,0.09826784823263561,0.24684643410334242,-0.023893727768507712,-0.019473309276434935,-0.07570906029825025,-0.1331402064032869,-0.14589730924138322,-0.16960820374724134,0.22246272775090087,-0.133303753654142,-0.07005448348115621,0.1397536726509005,0.14398013523311612,0.05181000438402763,-0.10158826665735018,-0.017486639620589352,-0.1968601599422932,0.10937432871213379,0.07341220344336848,-0.11488422475687099,-0.0495153931204715,-0.27799424484222607,-0.027570119943924727,0.0012461917361509124,-0.13545458426490634,0.05706411710235492,-0.06857035133469176,0.14718456884248404,0.19610000743484743,-0.04022021143633069,0.1169756950463543,0.03472294759835458,-0.035207472103725226,-0.033352106383857584,0.029542311370481057,-0.06926036158169957,-0.046848129492424596,0.13528995009239805,0.04802752756802789,-0.018404349781586036,-0.01677030124056773,-0.050344649398520604,-0.12571729804581222,0.10965086220030829,-0.023304089805858463,-0.1882930216202815,0.0826652860210237
32003003234,las_vegas,46.14911703239293,30.8977331107037,-15.251383921689229,False,False,Neither hotspot,False,-0.644743375148336,-0.1734185989008675,0.4713247762474685,Low LST,Mid HI,Low LST / Mid HI,200,las_vegas,Las Vegas,2024,GOOGLE/SATELLITE_EMBEDDING/V1/ANNUAL,/Users/yufeizhou/Desktop/heat-exposure-compare/outputs/pilot/alphaearth/paper_gis_figures/three_city_lstadaptive_heat_index_mismatch_GIS_READY.gpkg,las_vegas,0.17071445671893967,-0.12335137331867724,0.1368483139296164,0.03036082266914821,0.0296958934050144,-0.07608140201713061,-0.028458709946557872,-0.07760132828532575,-0.2940439768080525,-0.08984841558488091,0.10129749114209446,0.05953305389462033,-0.1436909540301877,-0.12250285148805773,-0.04562535627793302,-0.11041975497175428,0.11156435212632122,0.11844909711249048,0.22899435914367133,-0.014612132235550784,-0.02996614670911577,-0.07624720644455364,-0.1200450911737588,-0.13280761018639764,-0.1731811740042378,0.22121885348940862,-0.1384889588940125,-0.07245533096189262,0.1736117320952149,0.1358705786807642,0.03603159984548765,-0.11895690467177736,-0.01239310959645906,-0.1995244069847419,0.11812720682714918,0.07669344271443841,-0.11884501379285968,-0.05557494234860361,-0.24868673940742986,-0.026009936581833933,-0.03286546134211377,-0.15063690756899528,0.0635977074640911,-0.05614758955567073,0.14590053902993347,0.17606556616818236,-0.0562680758584516,0.12903712861873545,0.037232632139102356,-0.038873061860519184,-0.02704325904404351,0.02344527632530215,-0.05285636046107628,-0.02643133157929485,0.13158936773346544,0.045715600287730196,-0.013281439700217113,-0.02619131297439835,-0.06274285944084605,-0.12961188189984518,0.11544645379421856,-0.01083941532116442,-0.1970519081373829,0.08821446403079894
32003003428,las_vegas,47.93558451816749,30.8977331107037,-17.037851407463787,False,False,Neither hotspot,False,0.7042876068674443,-0.1734185989008675,-0.8777062057683118,High LST,Mid HI,High LST / Mid HI,201,las_vegas,Las Vegas,2024,GOOGLE/SATELLITE_EMBEDDING/V1/ANNUAL,/Users/yufeizhou/Desktop/heat-exposure-compare/outputs/pilot/alphaearth/paper_gis_figures/three_city_lstadaptive_heat_index_mismatch_GIS_READY.gpkg,las_vegas,0.17031965614650796,-0.15878841428297572,0.12363012087805657,0.10264665634320742,0.047464251896581204,-0.09068617091546519,-0.02230045657080104,-0.06655493479352949,-0.28537255341294854,-0.0368650531090218,0.1290874534250644,0.07014541398064178,-0.12101048617507945,-0.15368935638856934,-0.0254711949058174,-0.0664297658884109,0.14651362525892286,0.07989544867790094,0.2052291936515837,-0.01641359672525876,-0.041827864536202325,-0.10499998850030019,-0.16004817902523283,-0.14571324756401097,-0.10189216550450131,0.22930740801717708,-0.034409113861773845,-0.002478438075241372,0.08727791865335072,0.08590769442599215,0.005718577327205081,-0.11837158302600609,-0.03750522564655902,-0.18242804194899623,0.09868788086664677,0.0257563512970652,-0.11582357057063401,-0.02829322414083861,-0.2566009225332537,0.040611780319180106,0.031809007667832144,-0.14692145966969905,0.08300409832639413,-0.04458938696579539,0.1405278243991659,0.16322276894013807,-0.0565039469834487,0.09254617656650652,0.08613195797493566,-0.020996335262714407,-0.029359142063538846,0.04632198260607952,-0.07899970610518513,-0.06917184796142763,0.1464788029572857,-0.003123443265970888,0.06307140624863011,-0.021012154278745015,-0.02803170292108954,-0.15341252608356964,0.12540607941347598,0.0060394555325944885,-0.2032122904500172,0.0771966227151337
32003003617,las_vegas,47.707073365231295,30.76536905919516,-16.941704306036137,False,False,Neither hotspot,False,0.5317299602817779,-0.28886295210001844,-0.8205929123817963,High LST,Low HI,High LST / Low HI,202,las_vegas,Las Vegas,2024,GOOGLE/SATELLITE_EMBEDDING/V1/ANNUAL,/Users/yufeizhou/Desktop/heat-exposure-compare/outputs/pilot/alphaearth/paper_gis_figures/three_city_lstadaptive_heat_index_mismatch_GIS_READY.gpkg,las_vegas,0.1668958967960267,-0.08171337039149619,0.14287079190450808,0.07062853435985418,-0.000635077887697834,-0.10003490192226171,0.003117249782223105,-0.03968874437605484,-0.2926202528349128,-0.053229109631294576,0.13000322618071936,0.06149348220952205,-0.19443983738386253,-0.12155827688853117,0.023282034942787865,-0.05481159942314637,0.09935563331194072,0.049364213056953016,0.2525874797627754,-0.03001674657006018,0.0095369444963918,-0.15365748807141327,-0.19320093260710894,-0.1498646003682635,-0.16248259124079228,0.16004304974577427,-0.057890771648073505,-0.04463752590272449,0.059382112100503495,0.10082565391665332,0.06283682107205489,-0.13291997363043004,0.004173423322342579,-0.15754388656887539,0.016353498879374248,0.06178447497298186,-0.12181210674986324,0.025803919882744338,-0.27717323156761015,-0.04277178702661551,0.1056275474500819,-0.10474235625810731,0.05947161711993692,-0.06522549319395946,0.07642106590473974,0.16485443772470637,-0.008966830648281018,0.06584308785489329,0.015638813274981168,-0.01788428149022214,-0.04723183800147325,0.033970879089601315,-0.07999716796249631,-0.09935026515478378,0.14455546495020363,0.03729415974157225,0.004796547405147906,0.018572882280679392,-0.0064151203361561306,-0.0788582363008908,0.0535350715452407,-0.055480740783491606,-0.1897172405379676,0.06454238282889715
32003003639,las_vegas,46.80044159544162,30.76536905919516,-16.03507253624646,False,False,Neither hotspot,False,-0.15290290119780503,-0.28886295210001844,-0.13596005090221341,Mid LST,Low HI,Mid LST / Low HI,203,las_vegas,Las Vegas,2024,GOOGLE/SATELLITE_EMBEDDING/V1/ANNUAL,/Users/yufeizhou/Desktop/heat-exposure-compare/outputs/pilot/alphaearth/paper_gis_figures/three_city_lstadaptive_heat_index_mismatch_GIS_READY.gpkg,las_vegas,0.18587504207796135,-0.08115730141264543,0.17702932679682803,0.04978333836815097,0.0030388145467615613,-0.08432915368526074,0.011153595531436567,-0.08869596138613388,-0.29843653197408626,-0.11434984303415387,0.0899982160415738,0.07169988747842591,-0.16264728205447773,-0.1098647329761633,-0.032744009193625384,-0.08915680146733782,0.11970177176303344,0.10024495821183754,0.22454993382963562,-0.02125627700626104,-0.010615078190828246,-0.10071583887217998,-0.13998112334426602,-0.125878533536164,-0.14704523437116077,0.22746157224316346,-0.1182266814706726,-0.07655259507017269,0.15264548065444683,0.12914662219188214,0.07237946070636053,-0.11911475468353987,-0.024027036179263807,-0.18843086043362856,0.10970275297537146,0.07055328453226299,-0.14284252884469775,-0.039276861529846364,-0.2614313658867739,-0.056461655456073956,0.006744354731222043,-0.14964012826819406,0.04326034296531548,-0.06336867605729259,0.13198096534645676,0.17767023068739016,-0.05455701765221378,0.11463058210839469,0.052202805009147965,-0.021277281677363695,-0.03253175271057465,0.022329956694855147,-0.095637938102986,-0.04911932347113408,0.13540810594628877,0.023692688049090166,0.002375595982451955,-0.021587665403231364,-0.03719962647162319,-0.09157143558441821,0.099831399118119,-0.012464247671911028,-0.20162130436390682,0.07043017633647124
32003003636,las_vegas,46.66007374631272,30.76536905919516,-15.89470468711756,False,False,Neither hotspot,False,-0.25890011573524274,-0.28886295210001844,-0.029962836364775702,Mid LST,Low HI,Mid LST / Low HI,204,las_vegas,Las Vegas,2024,GOOGLE/SATELLITE_EMBEDDING/V1/ANNUAL,/Users/yufeizhou/Desktop/heat-exposure-compare/outputs/pilot/alphaearth/paper_gis_figures/three_city_lstadaptive_heat_index_mismatch_GIS_READY.gpkg,las_vegas,0.19212176088504426,-0.06204811204573151,0.1731970713003004,0.07471839779496538,0.021213041124056725,-0.06403243487857872,0.05354440002965257,-0.010909341444315351,-0.345971466156574,-0.13169890868743356,0.07029395005790484,0.06027058267050232,-0.14823574115016916,-0.07839003560400762,-0.0117648657186988,-0.04603782132434246,0.11101586490039456,0.09270014713730004,0.23691391312477802,-0.010854341424498457,-0.003748424749609697,-0.16036783943570007,-0.09730128132606546,-0.1410745241656105,-0.07029620058090695,0.2779732331860989,-0.08217352693760899,-0.07994143021007638,0.10607165668979511,0.12656836165159346,0.03385309548179633,-0.081523050198,-0.0748001240310726,-0.17804383867644408,0.12658686433877586,0.06572708313600992,-0.12132217341048003,-0.06849511327532905,-0.281179720805756,-0.02471908005839837,0.058593712711467835,-0.15169724014089753,0.07266118633905005,-0.06705945110227525,0.10636258039693108,0.21237084856967847,-0.041859830514681194,0.12440744015321638,0.05972216456259356,-0.04740045647789826,-0.055113699171507775,0.006621571589066007,-0.07512231628184032,-0.03038334843424206,0.13226301024488527,0.001578156670562583,0.031447617115655434,-0.010043211656936814,-0.0498790503135649,-0.06440688021937704,0.11958179690785269,0.00886800965969044,-0.14796358715740818,0.04142259576906953
32003003630,las_vegas,46.19532302814113,30.818314679798576,-15.377008348342557,False,False,Neither hotspot,False,-0.6098514331927348,-0.24268521082035807,0.3671662223723767,Low LST,Mid HI,Low LST / Mid HI,205,las_vegas,Las Vegas,2024,GOOGLE/SATELLITE_EMBEDDING/V1/ANNUAL,/Users/yufeizhou/Desktop/heat-exposure-compare/outputs/pilot/alphaearth/paper_gis_figures/three_city_lstadaptive_heat_index_mismatch_GIS_READY.gpkg,las_vegas,0.180533366204988,-0.06683112207076242,0.17509228179738193,0.06651694563437914,-0.0019514439653538895,-0.09536310307776466,0.02451785232653957,-0.058707618070592674,-0.31983328541025663,-0.1003204475887174,0.1063109997744972,0.06429187547354828,-0.18404970499847503,-0.08977701524472737,-0.00028993631869331915,-0.061358012851747086,0.11431804276355244,0.07376483007009628,0.254663051770952,-0.028655220525946424,0.013515342018180717,-0.14794256790072483,-0.14137451815632762,-0.14600948736543448,-0.14979726930674775,0.20841209939021815,-0.10161786919189705,-0.06040749913882304,0.10071985952689352,0.12585230390842111,0.08242698992218045,-0.1073844853189812,-0.013002072033044676,-0.16798449962013515,0.0679767177383552,0.07448558331696481,-0.13790153045926015,0.0053915373992482595,-0.2912949068471036,-0.03926225334000596,0.062415583997990305,-0.1216098136921234,0.04838116271423269,-0.06236353172260394,0.10006815905387052,0.1774811653538924,-0.025227463590057005,0.0945401880218577,0.05135025032923621,-0.027101878814522487,-0.03831218211128579,0.024719009437555013,-0.10650882210584638,-0.07345336115840849,0.1437565458527192,0.028701738179949195,0.00036588370818029626,0.0033981713772014465,-0.012241047354124655,-0.06844714467090396,0.08433953684775,-0.042789204364141034,-0.1831491735033296,0.04399990791863285
32003003312,las_vegas,46.84327943078916,29.637118028827103,-17.206161401962056,False,False,Neither hotspot,False,-0.12055438797464517,-1.2728930491140098,-1.1523386611393647,Mid LST,Low HI,Mid LST / Low HI,206,las_vegas,Las Vegas,2024,GOOGLE/SATELLITE_EMBEDDING/V1/ANNUAL,/Users/yufeizhou/Desktop/heat-exposure-compare/outputs/pilot/alphaearth/paper_gis_figures/three_city_lstadaptive_heat_index_mismatch_GIS_READY.gpkg,las_vegas,0.1915819559501442,-0.09833508081331689,0.15879294025473303,0.06929936991453454,0.027320624844820666,-0.06628197005445262,0.004797200092885641,-0.05038723343558288,-0.309384065429193,-0.10800127604301966,0.12245340565766646,0.054462935232301425,-0.18244837339326728,-0.09724600498532307,0.004654824141982985,-0.056966433016586014,0.10021130007801057,0.07238031981678902,0.2565634094660317,-0.01682381287201452,-0.017343075732107076,-0.12139375100943432,-0.13339755984333135,-0.15163174077822178,-0.1404944110964018,0.25549859774294115,-0.0883678704023806,-0.06183049226334789,0.12070844037129519,0.12516758518654578,0.04867224958399385,-0.11361681877538894,-0.032110874179969606,-0.16077685716878332,0.0947973049997104,0.08211333828391072,-0.10887281667300479,-0.01695364825456223,-0.30133907026275303,-0.01300479366683941,0.03613166254077321,-0.1305742330586373,0.09267836967013104,-0.052085226152888624,0.11560161944752145,0.16717842200117042,-0.03812506176270616,0.09839494579913953,0.057378033958360754,-0.04023601097641549,-0.03977688791828241,0.0006182501543235405,-0.07721163539129257,-0.06932360674796136,0.13482238568254676,0.019694031894662567,0.01991216827808324,-0.003884218754499314,-0.03459027284792289,-0.06868467987766208,0.12319217002013766,-0.01240626883251214,-0.19488080105707548,0.05443179299831989
32003002977,las_vegas,45.57566252587994,30.816047771731157,-14.759614754148785,False,False,Neither hotspot,True,-1.0777811450617234,-0.24466234685255522,0.8331187982091681,Low LST,Mid HI,Low LST / Mid HI,207,las_vegas,Las Vegas,2024,GOOGLE/SATELLITE_EMBEDDING/V1/ANNUAL,/Users/yufeizhou/Desktop/heat-exposure-compare/outputs/pilot/alphaearth/paper_gis_figures/three_city_lstadaptive_heat_index_mismatch_GIS_READY.gpkg,las_vegas,0.15010740974384054,-0.028313429450281192,0.1612978088623271,0.023787144899434565,0.010912541583258441,-0.0211655201838358,0.02165151028850275,-0.0007131556341407834,-0.26050969789933914,-0.05094479199137389,0.06852174541734585,-0.01402801298277562,-0.1887165737232717,-0.10033713762703299,0.009352054067499189,-0.07066997413844282,0.04727154034623775,0.08832721179033412,0.19102594396102598,-0.0096519345635717,-0.025901951558100527,-0.18090110072246027,-0.1195684776947182,-0.07525010800398321,-0.12629855334150542,0.21513766048307606,-0.0987262510699684,-0.10711083765828963,0.156784726619605,0.1418047263915205,0.10632698171847799,-0.1613842798492763,0.056759826393686576,-0.21621787589700778,0.039714204654295156,0.06250141110094191,-0.06708629860949476,-0.0028844494932978968,-0.207155309876212,-0.0767947981532633,0.06369151583255017,-0.19593690643124753,0.05024464106978483,-0.12315459762104805,0.0658942164149661,0.19398260325601588,0.005995429135528689,0.06355809194038645,-0.02559150635333123,-0.03315111300770419,-0.08502820352629,0.047846986547748986,-0.021779376439740334,-0.036983731147844694,0.14543128067179856,0.017285823316369815,-0.04448266088984091,-0.023869494308044113,-0.011141468124853383,-0.07340221043552206,0.046133070434613926,-0.025231471284481423,-0.104395559891801,0.03810320026334737
32003002982,las_vegas,46.216496272630486,30.816047771731157,-15.40044850089933,False,False,Neither hotspot,False,-0.5938626939442567,-0.24466234685255522,0.3492003470917015,Low LST,Mid HI,Low LST / Mid HI,208,las_vegas,Las Vegas,2024,GOOGLE/SATELLITE_EMBEDDING/V1/ANNUAL,/Users/yufeizhou/Desktop/heat-exposure-compare/outputs/pilot/alphaearth/paper_gis_figures/three_city_lstadaptive_heat_index_mismatch_GIS_READY.gpkg,las_vegas,0.18516840495649595,-0.0636241653737018,0.16143513168769352,0.021699407433252795,0.01347246955865221,-0.07560327446027615,0.007938636783799694,-0.05659964549143642,-0.2942692049409525,-0.09497784190334913,0.08727049079553237,0.06351356316661858,-0.15808445471950286,-0.1109650091464378,-0.024012821618783747,-0.07603314160394604,0.13618088090647565,0.11020526444447958,0.22089939900801112,-0.010989961908985428,-0.022646288525472773,-0.12283838312909806,-0.11532436308468796,-0.08638641137538604,-0.13002391373043137,0.23923748273099496,-0.134542682202275,-0.09715181649448061,0.17271587087012574,0.1377390816947295,0.07569030432813456,-0.1107359239146352,-0.0090495750519267,-0.19889264999286638,0.1331471277569073,0.07477418694957298,-0.13396974089664246,-0.031374194153657955,-0.252204667269796,-0.0615024159912266,0.017201596375363455,-0.1689019145812194,0.042563195923447414,-0.06462044031392608,0.1382156464583719,0.19429115002512912,-0.06675672072723463,0.13051080543038374,0.017368293115800293,-0.021238365180812197,-0.05973592075229583,0.040128473941776356,-0.060178688776217064,-0.052406465337681986,0.13952876343894421,0.011592883586101787,0.007194387450065551,-0.022054080336728083,-0.019078498143527103,-0.0959525446902486,0.09134766166172777,0.005912248862053099,-0.1734116641325285,0.06306939480975013
32003005822,las_vegas,44.789645799011566,28.484741921582422,-16.304903877429144,False,False,Neither hotspot,False,-1.6713329031382682,-2.277964387040169,-0.6066314839019009,Low LST,Low HI,Low LST / Low HI,209,las_vegas,Las Vegas,2024,GOOGLE/SATELLITE_EMBEDDING/V1/ANNUAL,/Users/yufeizhou/Desktop/heat-exposure-compare/outputs/pilot/alphaearth/paper_gis_figures/three_city_lstadaptive_heat_index_mismatch_GIS_READY.gpkg,las_vegas,0.17230019847686828,-0.13583353070824164,0.1565017344919113,0.07036398802435706,0.0604209647558461,-0.08716830184629766,-0.0064959105120915295,-0.051508936678134075,-0.3092634385387114,-0.11504148589078779,0.06727998923901451,0.04253134726935197,-0.13148378367491206,-0.12130726507557552,-0.03028897604415462,-0.06234514919014055,0.10547131432354571,0.09412790300753666,0.24401810908082575,-0.01119441089153901,-0.007638756575089399,-0.09508941592250825,-0.07872684755833553,-0.1157476731023927,-0.11666924573061552,0.24274147382707473,-0.10539169624718821,-0.05407846700031419,0.14160371772193242,0.10148919740405594,-0.006336190854429018,-0.08716429116656292,-0.045339821701194986,-0.16098565827324163,0.14443235676014035,0.030998166504093067,-0.0990030379130108,-0.06205636212552826,-0.2914698193535375,0.030587021974141364,0.001832141849551427,-0.1372677114102885,0.06493331905121276,-0.06327456329046663,0.12263654153225935,0.19998264182008038,-0.07183711988985778,0.1076220377156257,0.05887311576681215,-0.049779592049320046,-0.035928606248310985,0.038261267693797736,-0.08860402239044707,-0.014616042380129791,0.13142455860975347,-0.007301421509672589,0.03761203734147101,-0.020894751206281047,-0.09415040026705111,-0.1231141666331789,0.15068908557456187,0.0012979644830456384,-0.16587057925163545,0.053489522185647446
32003005841,las_vegas,44.99168269230772,28.484741921582422,-16.506940770725297,False,False,Neither hotspot,False,-1.518766998224216,-2.277964387040169,-0.7591973888159531,Low LST,Low HI,Low LST / Low HI,210,las_vegas,Las Vegas,2024,GOOGLE/SATELLITE_EMBEDDING/V1/ANNUAL,/Users/yufeizhou/Desktop/heat-exposure-compare/outputs/pilot/alphaearth/paper_gis_figures/three_city_lstadaptive_heat_index_mismatch_GIS_READY.gpkg,las_vegas,0.159984138206326,-0.14803448004407355,0.17265722026813884,0.05931110493495912,0.032910968060832435,-0.09332666484168586,0.010411391754176082,-0.026897116449741073,-0.3118489118081984,-0.14911306228145588,0.05915470464460021,0.030847836793405,-0.11834722721572438,-0.10654358667986104,-0.0020736571412593727,-0.059579222456536206,0.05855821010121124,0.0790979794970458,0.21735775849354305,-0.014306535494213802,-0.016290910714341578,-0.12635111666399537,-0.08835493351605628,-0.1249901658998477,-0.11915982801616616,0.19543637482447546,-0.08229157914681634,-0.07603753752405859,0.1243988363023048,0.10285082835027408,0.005137488036954351,-0.10205554592133913,-0.048597219436949765,-0.12921658254364174,0.08633380258423201,0.0846736274841887,-0.07246698482443255,-0.05755052950021384,-0.3146137781788812,0.004271348281040012,0.010606896136290738,-0.12657512805347787,0.03828426690627915,-0.08429218568252633,0.11365108749475314,0.21000340078996613,-0.04531357375378877,0.11804159322007513,0.0468316404957103,-0.02990209961253228,-0.0383754688909256,0.03138995909999085,-0.10396390505803801,0.004123393846354096,0.09069079289150013,0.004769788313296736,-0.0017886125118454276,-0.029486266667247314,-0.10181531736744816,-0.07132723187659877,0.12841288748876922,-0.030336466347982705,-0.14978362867177533,0.0690530129980437
32003005842,las_vegas,45.87090257171121,28.484741921582422,-17.38616065012879,False,False,Neither hotspot,False,-0.854833919808722,-2.277964387040169,-1.423130467231447,Low LST,Low HI,Low LST / Low HI,211,las_vegas,Las Vegas,2024,GOOGLE/SATELLITE_EMBEDDING/V1/ANNUAL,/Users/yufeizhou/Desktop/heat-exposure-compare/outputs/pilot/alphaearth/paper_gis_figures/three_city_lstadaptive_heat_index_mismatch_GIS_READY.gpkg,las_vegas,0.16028456572403288,-0.10848682175619874,0.1586213652255744,0.06420612700927814,0.04279201233746255,-0.08689020689691548,0.017741382979747106,0.00868893542555191,-0.3236210688455363,-0.13649735480939768,0.05729505944716204,0.019093527423800806,-0.13942494908565173,-0.10491234576004307,-0.005311391345277023,-0.050581714696370114,0.05240167871284341,0.0811787749282736,0.22464071429003057,-0.016485249207134203,-0.015182632473715417,-0.14232085986459847,-0.08378467305800395,-0.12540999694514465,-0.09983777255204615,0.20313359310889667,-0.07036202632379035,-0.06622789203758167,0.09724858314170205,0.10083383543135005,0.015161445339481777,-0.08767296976916629,-0.024109712594478264,-0.12463315613973534,0.08535119328081782,0.06820516275769344,-0.07024534658428218,-0.04431771000830282,-0.3227143644593982,-0.019010253243956908,0.04584618881531002,-0.13284698426867844,0.046656498627889474,-0.07286523675659719,0.10709346294470587,0.2307890976998274,-0.026195846537152394,0.1082632695430556,0.033536031118602136,-0.03193743478442429,-0.051786189801457126,0.021543072804019646,-0.09346600538738344,-0.011685224231557802,0.10611778189771554,0.004145967339384717,-0.004695869564425522,-0.01958375670307598,-0.07173546291739233,-0.06533049054979062,0.12435840863504288,-0.023926132828359266,-0.13258543305603532,0.056126873081173756
32003002821,las_vegas,47.827379564879585,32.104452955425614,-15.722926609453971,False,True,HI-only hotspot,True,0.6225778441343924,0.8790498801068993,0.2564720359725069,High LST,High HI,High LST / High HI,212,las_vegas,Las Vegas,2024,GOOGLE/SATELLITE_EMBEDDING/V1/ANNUAL,/Users/yufeizhou/Desktop/heat-exposure-compare/outputs/pilot/alphaearth/paper_gis_figures/three_city_lstadaptive_heat_index_mismatch_GIS_READY.gpkg,las_vegas,0.17244151925421136,-0.1518790729441788,0.1432269231092926,0.06726535891877454,0.01323935709691813,-0.10263024076915968,-0.02911308640630411,-0.07247861635036655,-0.27818080367981474,-0.11060892629943096,0.1163009892472886,0.05786442136731369,-0.15436302389738826,-0.12466176515969193,-0.040512408218394025,-0.07709917533253788,0.12479353700027503,0.08293238133845719,0.18490817973734042,-0.04972490498475663,-0.026879471207694336,-0.08897731206478562,-0.13540514153784272,-0.15156344984664244,-0.15825995326170902,0.19926541574419496,-0.08422257486127596,-0.03583321254707363,0.12072680307548252,0.14498225524754263,0.07072444279300955,-0.12648647222289505,0.00798396831472604,-0.17711085224566828,0.07917950988816937,0.08615114525333466,-0.12062607955940785,-0.03554844487627393,-0.24974892094509535,-0.03458981744398171,-0.008960996531086831,-0.14164316374918365,0.061307652204113314,-0.055378876658295835,0.13230444732852248,0.1554372511585482,-0.06305972875087082,0.11631092547774438,0.054743503406310054,-0.025677510294304647,-0.017098110988117123,0.009567488308255495,-0.12266562087026722,-0.029989623329076173,0.11442112217442275,0.013781497922762911,-0.008632725721482066,-0.025276997652904032,-0.034781786626389206,-0.0817571854736405,0.14023197226340747,-0.0014373661058342292,-0.1915549782222315,0.09657595860570696
32003001801,las_vegas,48.10231328320806,31.91105079378601,-16.19126248942205,True,False,LST-only hotspot,False,0.8301909728251204,0.7103697346796434,-0.11982123814547707,High LST,High HI,High LST / High HI,213,las_vegas,Las Vegas,2024,GOOGLE/SATELLITE_EMBEDDING/V1/ANNUAL,/Users/yufeizhou/Desktop/heat-exposure-compare/outputs/pilot/alphaearth/paper_gis_figures/three_city_lstadaptive_heat_index_mismatch_GIS_READY.gpkg,las_vegas,0.16995973943127718,-0.17035489808968585,0.13969094313591765,0.09214902418196635,0.03194515359684313,-0.10870075822102511,-0.03131188399020983,-0.08812307015267178,-0.2916308188992173,-0.059542505939959654,0.11655810440820075,0.06765654923550828,-0.12099291113449882,-0.1591432081056939,-0.07160027581484119,-0.08225994947483262,0.1516962100401572,0.0907763797625155,0.1964113416258541,-0.04304042093530299,-0.03812519105330914,-0.07050639778273159,-0.1545813016924126,-0.1406279138376267,-0.12357436988699777,0.22622511731405026,-0.05798328997532111,0.0024360867653157657,0.0949360873001708,0.09816090075016409,0.03398432425900775,-0.12165687403092827,-0.030042987754752,-0.18841460521652656,0.11951437772982816,0.01448967123303289,-0.15491843414796067,-0.047406417793238224,-0.23991344984042604,0.003986443207815842,0.012340253809582856,-0.15382359939627108,0.06751134216132486,-0.04412030935243597,0.14863771279497065,0.16610074637551073,-0.060631568650985436,0.09524941331964594,0.0925520287406816,-0.019546569554837308,-0.02154737505794174,0.04642921834807375,-0.10981182319344093,-0.05764955663866724,0.1216855443796322,-0.01477798886913181,0.037750697562577616,-0.024797833178361123,-0.022230045374923475,-0.13064524712005818,0.1306230078846732,0.013692942558646353,-0.2112011173820622,0.06840767944017803
32003005421,las_vegas,49.43098621877695,33.093711702871204,-16.337274515905747,True,True,Both LST and HI hotspot,False,1.8335235099807847,1.7418546593795254,-0.09166885060125929,High LST,High HI,High LST / High HI,214,las_vegas,Las Vegas,2024,GOOGLE/SATELLITE_EMBEDDING/V1/ANNUAL,/Users/yufeizhou/Desktop/heat-exposure-compare/outputs/pilot/alphaearth/paper_gis_figures/three_city_lstadaptive_heat_index_mismatch_GIS_READY.gpkg,las_vegas,0.151973722923683,-0.11846092595375948,0.1599963389848546,0.082120998156385,0.04321465382424767,-0.06429399350415659,-0.0360164421261381,-0.08610422992921289,-0.26643815945809457,-0.07888590512765854,0.11233383742184977,0.0506663407506534,-0.1523425586287614,-0.1363599148850785,-0.051600717154570395,-0.07812963683487723,0.14087820052389297,0.09782157092502271,0.2143220130890339,-0.05346978367868099,-0.030111973476736244,-0.05791575858660684,-0.14739439474558888,-0.13751185293401483,-0.1696382357883526,0.23454996916061407,-0.08172542541220965,-0.05721536717627891,0.11811150746228734,0.1454184884403787,0.054546535420935065,-0.10960514338315751,-0.005094714375502879,-0.240702737452096,0.09078033173878755,0.05110653226924157,-0.1322707659163429,-0.030097630874854217,-0.2648242105510981,0.00880056182958962,0.03125741247830335,-0.16776071781216853,0.08019638763105243,-0.07450039646897753,0.15753744651104307,0.16786350151485172,-0.048931739572886865,0.10451463748060558,0.05512335498085181,-0.050390765338439336,-0.024491179630016166,0.0333207315449576,-0.08990612695570022,-0.07924214955001167,0.12202796327530607,0.034656229664383385,0.008999402644223699,-0.037447334169906484,-0.027966930803212553,-0.12315839940144634,0.13732823385766746,0.027497631958471956,-0.1814123967581539,0.07318210706038691
32003005336,las_vegas,49.03620550161816,33.093711702871204,-15.942493798746959,True,True,Both LST and HI hotspot,False,1.5354092578097147,1.7418546593795254,0.20644540156981073,High LST,High HI,High LST / High HI,215,las_vegas,Las Vegas,2024,GOOGLE/SATELLITE_EMBEDDING/V1/ANNUAL,/Users/yufeizhou/Desktop/heat-exposure-compare/outputs/pilot/alphaearth/paper_gis_figures/three_city_lstadaptive_heat_index_mismatch_GIS_READY.gpkg,las_vegas,0.15803601536272502,-0.14121072612823465,0.15403983698220308,0.09149308722506437,0.04904541130669127,-0.05610954135216122,-0.04500833731428532,-0.07513470001622014,-0.2639724935251263,-0.07521218343780302,0.12919470620864032,0.04177819251283923,-0.13177329649509156,-0.1424363707960355,-0.04082261431469176,-0.07184817107542667,0.12153797484654885,0.09769503669108896,0.19447314739987914,-0.049436642937419256,-0.056715021753758886,-0.06263752165972265,-0.14260196505103556,-0.1279142126240752,-0.15546436782364859,0.237697389723695,-0.05690614703932277,-0.06034543264588975,0.1307005017357551,0.14547241870100422,0.025781749691845164,-0.11271475201834606,-0.017251103410978647,-0.2301547385714347,0.09595867978265568,0.05710687169223842,-0.10003035813590753,-0.06016062521634578,-0.2448172515604166,0.02131460392450432,0.021959869423079165,-0.1543121275680513,0.09544943668805182,-0.08622897276039224,0.14714376542413493,0.17320641520359512,-0.054654923144360476,0.10431946003078073,0.05448775272216952,-0.07529827730309979,-0.03514368867151906,0.0421885500277233,-0.06412365446328683,-0.05736954805002308,0.11105111099926197,0.022708320487411223,0.02383465995833981,-0.04941062003037902,-0.04156242631616807,-0.13693872656579686,0.13990269855393797,0.04348646089557523,-0.1480359891685924,0.07222225742496846
32003001611,las_vegas,49.01203340595501,32.08101575859078,-16.93101764736423,True,True,Both LST and HI hotspot,False,1.5171559695693717,0.8586085896011912,-0.6585473799681805,High LST,High HI,High LST / High HI,216,las_vegas,Las Vegas,2024,GOOGLE/SATELLITE_EMBEDDING/V1/ANNUAL,/Users/yufeizhou/Desktop/heat-exposure-compare/outputs/pilot/alphaearth/paper_gis_figures/three_city_lstadaptive_heat_index_mismatch_GIS_READY.gpkg,las_vegas,0.1838765409391267,-0.14241395617761915,0.16706169187990816,0.04574079295767206,0.021439983637070052,-0.07532942189701647,-0.0328958054306764,-0.1111253153984993,-0.28407432090522616,-0.10919600280569838,0.11544339829341993,0.07804906472288693,-0.14816386169033946,-0.1470985208246786,-0.03863227072758396,-0.07206098075662053,0.15860741496556707,0.10555464982641993,0.2236910299497641,-0.026254942121818815,-0.03839660306153202,-0.058057609099078034,-0.14965725558118173,-0.11505796276606667,-0.12854180068642615,0.24997401388557808,-0.10154920405702028,-0.04058460108434365,0.16308352475598004,0.11379185006259367,0.04091913847324363,-0.1276404501576485,-0.06009360916937906,-0.1912137224052759,0.11665918560942644,0.04177734771885922,-0.1660030042826993,-0.04322853348347262,-0.24288940550428975,-0.004113863687761045,-0.02940142184529745,-0.15954459758335093,0.06482471916243794,-0.03637432698040108,0.16451152691558404,0.1477106457908123,-0.07850548213333981,0.10483706803951522,0.09861522606770524,-0.014407257924976245,-0.010159208732061262,0.013730279488573452,-0.106427216925609,-0.04880345806405936,0.11025713643800882,-0.0186996353499146,0.043174052477272004,-0.02982374108603966,-0.03200811649330338,-0.12055917549455747,0.13721680377208853,0.029021182951834822,-0.23096827374947135,0.06778395577669173
32003005337,las_vegas,46.794005083514904,32.104452955425614,-14.68955212808929,False,True,HI-only hotspot,True,-0.15776336133737937,0.8790498801068993,1.0368132414442788,Mid LST,High HI,Mid LST / High HI,217,las_vegas,Las Vegas,2024,GOOGLE/SATELLITE_EMBEDDING/V1/ANNUAL,/Users/yufeizhou/Desktop/heat-exposure-compare/outputs/pilot/alphaearth/paper_gis_figures/three_city_lstadaptive_heat_index_mismatch_GIS_READY.gpkg,las_vegas,0.17101506020184312,-0.16713254244926976,0.15307030962905724,0.06920593531954818,0.04603218146740669,-0.0832433142436377,-0.03348693548791571,-0.049580502268667476,-0.3054510723059382,-0.13814609284084037,0.08048967788219302,0.06203103508258032,-0.1273899512048136,-0.12648235160035992,-0.03504752971656043,-0.032650168508832664,0.11147344182371331,0.09715730376284766,0.21740680338607662,-0.014469387231807926,-0.034729729065428684,-0.09849336022333009,-0.05624722212640176,-0.12180286997749282,-0.0917645500454033,0.2514069102818834,-0.09192984986937001,-0.057863990092604345,0.14760500789374562,0.10634389349352935,-0.003635185472163088,-0.08804134553254025,-0.0555237457148549,-0.15386372065066986,0.14562563197130077,0.04784325096777554,-0.10244560613581298,-0.07295089920307503,-0.2549015889810826,-0.008142228889679887,-0.02733267364669363,-0.1473789670063379,0.07785774796818452,-0.02235624234054183,0.13890199539887998,0.1791152489875431,-0.08535847331631395,0.1358573705851235,0.08415008402247404,-0.05981617820585714,-0.020412302164150492,-0.008130023087827343,-0.10370555597581341,0.02299895658791218,0.1085495797425521,-0.03355990059706139,0.05438766630057455,-0.035176525005300045,-0.0885433304983281,-0.09387089400346904,0.15684996906165857,0.02908068529404918,-0.17176693306749816,0.04632067251738022
32003001709,las_vegas,47.35593783494108,32.08101575859078,-15.2749220763503,False,True,HI-only hotspot,True,0.2665738838236267,0.8586085896011912,0.5920347057775646,Mid LST,High HI,Mid LST / High HI,218,las_vegas,Las Vegas,2024,GOOGLE/SATELLITE_EMBEDDING/V1/ANNUAL,/Users/yufeizhou/Desktop/heat-exposure-compare/outputs/pilot/alphaearth/paper_gis_figures/three_city_lstadaptive_heat_index_mismatch_GIS_READY.gpkg,las_vegas,0.17343416752641844,-0.16269543427978667,0.15473825748912876,0.0677778295217947,-0.0032159256740158784,-0.09896327790457456,-0.024047118103669284,-0.08326924467143892,-0.2956108086744808,-0.09333920703470282,0.13252630363081624,0.06979950295162109,-0.12679659062675336,-0.14314914746876634,-0.028807865062564032,-0.07312092834223034,0.13467819987284863,0.07778566394360771,0.19797876942895035,-0.029906165470153432,-0.032940684517017156,-0.0876956881176655,-0.1677843238335655,-0.13419339573709144,-0.14127992114971694,0.20583185777679558,-0.06562049524608587,-0.035742146972622305,0.12709634218030902,0.11890533933352404,0.030076665595918758,-0.13513030791815125,-0.036530512266296514,-0.17730116620207334,0.07783893118041482,0.07329756900788403,-0.13294674675663526,-0.04642389891134118,-0.2506470249080398,-0.0018945258207642846,0.004950962890573645,-0.14000375281093677,0.06044343794705454,-0.05748987871354377,0.13149288992221217,0.14895581980504538,-0.06044110682179267,0.10638692123765757,0.08574123854576064,-0.018610697182096264,-0.025218236178039744,0.03158589726166938,-0.10043668200034257,-0.06367725184830708,0.09413707842798903,0.0037516328878688804,0.035495878995528765,-0.030957426498408935,-0.043549981454820655,-0.11032866382271067,0.1233316725417744,0.0030589057174203833,-0.20082945190767273,0.08420648014765757
32003001803,las_vegas,47.57008928571432,31.627775852444717,-15.9423134332696,False,False,Neither hotspot,False,0.42828796159844085,0.46330497647705426,0.03501701487861342,Mid LST,Mid HI,Mid LST / Mid HI,219,las_vegas,Las Vegas,2024,GOOGLE/SATELLITE_EMBEDDING/V1/ANNUAL,/Users/yufeizhou/Desktop/heat-exposure-compare/outputs/pilot/alphaearth/paper_gis_figures/three_city_lstadaptive_heat_index_mismatch_GIS_READY.gpkg,las_vegas,0.18530823798576174,-0.16882018529125892,0.1520588457003935,0.059851465473309724,0.02959449075826243,-0.09190782430989305,-0.04398820844529112,-0.09845071897860648,-0.2738970933026413,-0.09128714863247434,0.13136264606660172,0.07799658834112252,-0.12430934385532746,-0.16034775939040533,-0.051345040606519544,-0.07314656278336666,0.16180502063566507,0.09947471909400539,0.19213014096871472,-0.030381881542587554,-0.048398268203944037,-0.06926748953088664,-0.14067079191185147,-0.11675615630545058,-0.1253964642106483,0.23888398416337778,-0.07191816647496412,-0.025798494013984253,0.13962809215252225,0.10819287624889126,0.03089429502782296,-0.13689827345586328,-0.03727289062230106,-0.18387913910274573,0.1127633819941248,0.04081536566435514,-0.16270529183077367,-0.04606024337699143,-0.23172032191280403,-0.008962865575153016,-0.03488539466762733,-0.15761364723402632,0.06639744726435406,-0.03240515343407425,0.15554619627044358,0.1552312211850899,-0.08614530162052883,0.11217257141429354,0.09727846507141927,-0.007151032532843035,-0.021727922917464587,0.028929033440403054,-0.11045135381220884,-0.04386826539379976,0.12026442152640188,-0.02617872841720688,0.04246294118886667,-0.031668965492427543,-0.028293870114316857,-0.11763989039909836,0.13484701757734208,0.02277655769720364,-0.2348282604778691,0.08600977571897712
32003005338,las_vegas,46.58958228905599,32.104452955425614,-14.485129333630375,False,True,HI-only hotspot,True,-0.3121309528839738,0.8790498801068993,1.191180832990873,Mid LST,High HI,Mid LST / High HI,220,las_vegas,Las Vegas,2024,GOOGLE/SATELLITE_EMBEDDING/V1/ANNUAL,/Users/yufeizhou/Desktop/heat-exposure-compare/outputs/pilot/alphaearth/paper_gis_figures/three_city_lstadaptive_heat_index_mismatch_GIS_READY.gpkg,las_vegas,0.14241022996771832,-0.13515599687238022,0.15273480929196206,0.06966027940649239,0.06161150713721979,-0.041832683095466706,-0.010182734748397985,-0.019930228685010855,-0.30025395303678576,-0.14336042040086536,0.06256111484446042,0.033242617366702996,-0.13805253404935663,-0.12236509222790239,0.0023450942436116285,0.002366411894138391,0.07856558044721672,0.09308388429798463,0.238637357251015,-0.021185736305790487,-0.027472831873324204,-0.12174617246186534,-0.06838461576315653,-0.1100825633602642,-0.09168960765622151,0.24322307046028804,-0.07387217894044373,-0.0903051423986928,0.12088336341834127,0.10734892882025757,-0.014762802010982373,-0.05897237733302993,-0.06971807123496125,-0.13941670970298628,0.11836712981535646,0.06438729060710392,-0.05804065711641375,-0.09078323917814449,-0.29779248901793953,0.041080948036783534,0.04857113754085715,-0.14405530285162307,0.07152709171959713,-0.05086130792266083,0.15200920776039958,0.19245414492515228,-0.030599239711625377,0.1181293490646347,0.04273912810978973,-0.08411494760971652,-0.0206033868343645,-0.009089461396649793,-0.09714910732533441,-0.004162233239050473,0.09134425976559392,-0.010480627087027137,0.05216845597949316,-0.03198226394817955,-0.07402815326176156,-0.07611944221634649,0.1290824866184134,0.028011937741236236,-0.11810142064055155,0.03304367978711331
32003005341,las_vegas,48.113359704641375,33.093711702871204,-15.019648001770172,True,True,Both LST and HI hotspot,True,0.8385325546745556,1.7418546593795254,0.9033221047049699,High LST,High HI,High LST / High HI,221,las_vegas,Las Vegas,2024,GOOGLE/SATELLITE_EMBEDDING/V1/ANNUAL,/Users/yufeizhou/Desktop/heat-exposure-compare/outputs/pilot/alphaearth/paper_gis_figures/three_city_lstadaptive_heat_index_mismatch_GIS_READY.gpkg,las_vegas,0.17158556863121865,-0.12229264269649422,0.17799557556860218,0.047880912143200394,0.03566485495165964,-0.05819346638878761,0.002366264374333427,-0.07561879959265452,-0.279681134049156,-0.13375873668081323,0.0748560935004261,0.043137571905840374,-0.14811693547460592,-0.12223419862535657,-0.03164105620420369,-0.06592233946095345,0.11070985478266834,0.11856111130920072,0.20215790836612824,-0.018564072744157858,-0.03500589118572403,-0.08011653764817375,-0.10243076489502925,-0.11658421381656318,-0.12005494265644934,0.24623461614945089,-0.10160816113802483,-0.0796493022354514,0.17055137331447331,0.12038229749122925,0.04693842144936026,-0.10213764489716821,-0.04031520268900855,-0.1948958702917643,0.12151502223029384,0.05454294286400961,-0.12415726904605859,-0.0714527190929606,-0.2436726641423764,-0.024476406463998325,-0.00020258446376176324,-0.17239094547371558,0.055064959200398785,-0.06853119607186743,0.1553432484259376,0.18050644795964826,-0.05680290795201119,0.11626117081399807,0.06035392369026186,-0.044370512643755154,-0.022929303254302976,0.010537110808439297,-0.10274634663154918,-0.014050927987494686,0.11239192439069065,-0.001219059337982645,0.027120514074046188,-0.05076773096873665,-0.0618218538134308,-0.10041326094189101,0.1367630274496454,0.030468492058339503,-0.17017106989220132,0.05920072701182884
32003005342,las_vegas,48.4853036175711,33.093711702871204,-15.391591914699895,True,True,Both LST and HI hotspot,False,1.1194018490277222,1.7418546593795254,0.6224528103518032,High LST,High HI,High LST / High HI,222,las_vegas,Las Vegas,2024,GOOGLE/SATELLITE_EMBEDDING/V1/ANNUAL,/Users/yufeizhou/Desktop/heat-exposure-compare/outputs/pilot/alphaearth/paper_gis_figures/three_city_lstadaptive_heat_index_mismatch_GIS_READY.gpkg,las_vegas,0.16522265537940725,-0.10083133572376969,0.16459476712580223,0.04994459843695155,0.03723084492158339,-0.03942898679422592,-0.005265758036503672,-0.09534926431281328,-0.24519881200990196,-0.12418149367248209,0.08883495521414173,0.05030133377804563,-0.1616191593902183,-0.12082034233798522,-0.01875239609456912,-0.07847737552274402,0.12012673084628063,0.10122481324174831,0.21927323215396827,-0.028098874959608215,-0.026608860075488044,-0.05904335807205854,-0.12823406828369718,-0.12359251344823038,-0.15799411671232155,0.23425099591994908,-0.09135784524057657,-0.10117166117850944,0.16895244174584734,0.15020368312352583,0.053768985458112116,-0.10598868625828732,-0.014956979614524931,-0.21459845469283695,0.0904575706488391,0.08040080749696805,-0.12146539212063558,-0.05503442450343549,-0.2601883497170684,-0.03405774461359796,0.006237364399612166,-0.15605234894873063,0.06511088761671212,-0.06811007505239913,0.16442852105107666,0.15678356946617839,-0.047787011860420704,0.11324108745105017,0.03606832976379795,-0.04864553336300891,-0.017473411530985302,-0.009281603495155171,-0.09631512981646662,-0.04806039807571603,0.10968714256308684,0.018504677917817885,0.0020686372609840663,-0.05948466726999173,-0.04171705852787459,-0.10923996610072363,0.1329942607763393,0.030020468842602108,-0.18220348755272422,0.07798160940695884
32003005343,las_vegas,48.48548473597362,33.093711702871204,-15.391773033102417,True,True,Both LST and HI hotspot,False,1.1195386185678131,1.7418546593795254,0.6223160408117123,High LST,High HI,High LST / High HI,223,las_vegas,Las Vegas,2024,GOOGLE/SATELLITE_EMBEDDING/V1/ANNUAL,/Users/yufeizhou/Desktop/heat-exposure-compare/outputs/pilot/alphaearth/paper_gis_figures/three_city_lstadaptive_heat_index_mismatch_GIS_READY.gpkg,las_vegas,0.15005576193826514,-0.08399643051501801,0.14467777160057194,0.07396968653321435,0.06060288100099996,-0.011463108303504374,-0.032920147952785056,-0.06334859279480083,-0.24494352101216052,-0.08099828023871047,0.09913310693406363,0.03344695407812434,-0.16493508184652936,-0.13004698173580673,-0.03310902194483633,-0.057689119739848665,0.11479738461536607,0.09870166073166425,0.22647079883617785,-0.03495772335174905,-0.041623602825925365,-0.07158243398041077,-0.12450401902543451,-0.11349911321706913,-0.1489362303868505,0.24893347953813796,-0.098064039813739,-0.09522199606594572,0.1443679082600322,0.15904996268848395,0.04253399204967489,-0.08219201032656273,0.009642930032809055,-0.2383453116688294,0.09848708378991466,0.06678366254003415,-0.08120158659932504,-0.06325124212044794,-0.2618601948640193,-0.0005918025142495684,0.036258348760407975,-0.16571926502382803,0.0974988719600609,-0.08782740217395643,0.17809838745409087,0.16751215536853428,-0.03877645768849384,0.11241855796170631,0.02244326095411307,-0.07180604249940188,-0.03428564993685669,0.013093681747732776,-0.05861958762908955,-0.05387996338181528,0.13337012948706886,0.030070510668939204,0.018323766672742086,-0.05383175602814789,-0.040953266469041974,-0.12496333039725213,0.1288029103884962,0.029391069754003993,-0.13512787996740064,0.06163817894691367
32003000108,las_vegas,48.17386752136755,30.68612509371,-17.487742427657547,True,False,LST-only hotspot,False,0.8842243571102143,-0.3579773999890631,-1.2422017570992774,High LST,Low HI,High LST / Low HI,224,las_vegas,Las Vegas,2024,GOOGLE/SATELLITE_EMBEDDING/V1/ANNUAL,/Users/yufeizhou/Desktop/heat-exposure-compare/outputs/pilot/alphaearth/paper_gis_figures/three_city_lstadaptive_heat_index_mismatch_GIS_READY.gpkg,las_vegas,0.1754542644915903,-0.13524569090843278,0.15896676447718455,0.07162735703249999,0.018222483120423343,-0.10804076449264852,-0.011303750475139,-0.1061575346016053,-0.2903815713501972,-0.09967492593642528,0.11183230434063321,0.09630465437875031,-0.13095139056812435,-0.13378032124304914,-0.03729712200887203,-0.06480790059253798,0.16117315171924768,0.0934568848754024,0.2437341839348371,-0.03225392220872997,-0.019705455837634563,-0.061828486931684516,-0.14895581239671862,-0.13323600147103487,-0.13495954569489915,0.21656735328088994,-0.07524543050607017,-0.015861784233466392,0.1139287798987599,0.09340407656993577,0.04156199934647429,-0.12252604601221069,-0.0541654630684841,-0.18069125804871225,0.10245881893858556,0.03893985102525494,-0.16441820450604583,-0.023235378596499615,-0.2720205070387964,0.0050802041660858895,0.006086756438593183,-0.146855364142975,0.062306102919057964,-0.040766120218508645,0.14349935316510848,0.14688700685229647,-0.061138258819923165,0.09814162150630257,0.09916528082806633,-0.009349819271328205,-0.011334755492893462,0.019619807924204494,-0.12770415330975574,-0.07906014254652373,0.12517810603264648,-0.0036771810602311307,0.03723679825661858,-0.029225065158807084,-0.02149141636253755,-0.13299720116793798,0.1228125175900918,0.015514600994028242,-0.22408720493406262,0.0723032120996965
32003005834,las_vegas,46.40489662570708,31.65789883697793,-14.74699778872915,False,False,Neither hotspot,True,-0.45159427017115694,0.4895774305628266,0.9411717007339835,Low LST,High HI,Low LST / High HI,225,las_vegas,Las Vegas,2024,GOOGLE/SATELLITE_EMBEDDING/V1/ANNUAL,/Users/yufeizhou/Desktop/heat-exposure-compare/outputs/pilot/alphaearth/paper_gis_figures/three_city_lstadaptive_heat_index_mismatch_GIS_READY.gpkg,las_vegas,0.1452760767843614,0.00865194366500714,0.1618387094005611,0.0257714650361735,-0.017851442790578074,-0.026329332653209678,0.04642158340073191,0.018482639934452323,-0.28308797558592,-0.03569989696168502,0.08790162993605884,-0.006804647610048286,-0.2231052108694832,-0.08041602290173464,0.056750405052244886,-0.05886303025369975,0.01234615884766478,0.04465955172872966,0.2214216960612806,-0.016308933181067742,-0.002569398988228808,-0.23444076208660272,-0.17449128472275097,-0.10484900482432451,-0.13293463128435049,0.16914955255171302,-0.07595872010039481,-0.11513329696879808,0.11906599682969206,0.12848623503261555,0.12462229073406351,-0.1693338022361197,0.06185378061804675,-0.19153393092667997,-0.04745053108672793,0.06974420214702007,-0.0517863301119895,0.04343692869365536,-0.22273484352887737,-0.08791155555728689,0.13757736255768904,-0.16683160812292247,0.05216862651087933,-0.14479042424830132,0.010894584499710274,0.19016382148077252,0.02759849190208211,0.022814148462303365,-0.04132953629787904,-0.021148810996800667,-0.11514402510753544,0.040835369134116645,0.005363442504487687,-0.07482480485903052,0.1299475165767214,0.0322165115890208,-0.04020689792253467,-0.0038164897452840504,0.004204012879099452,-0.051648599007280895,0.012518180780443205,-0.07027477996525917,-0.09808007951770123,0.02647856495098814
32003005349,las_vegas,46.96088377723973,32.03625372401039,-14.924630053229336,False,True,HI-only hotspot,True,-0.031746778407237185,0.8195683511745419,0.851315129581779,Mid LST,High HI,Mid LST / High HI,226,las_vegas,Las Vegas,2024,GOOGLE/SATELLITE_EMBEDDING/V1/ANNUAL,/Users/yufeizhou/Desktop/heat-exposure-compare/outputs/pilot/alphaearth/paper_gis_figures/three_city_lstadaptive_heat_index_mismatch_GIS_READY.gpkg,las_vegas,0.1517445747812203,-0.2057001663656926,0.12132758902490755,0.09563140506519097,0.05302528890544708,-0.10577953890592263,-0.06324265342155079,-0.06764999992049964,-0.29516674781528723,-0.06790467037210755,0.10980163318618938,0.06656268117878722,-0.09600139101706566,-0.15235985182060516,-0.07817662507703882,-0.06787595605691128,0.14176980682678697,0.09473539612738717,0.17173851860635014,-0.04477856624962863,-0.04293855030779672,-0.10705162077208247,-0.1145263400911861,-0.13847727883729888,-0.12521468482476197,0.22799400390251953,-0.04286461673781834,-0.007032736058823608,0.0943443326226013,0.10189929957692852,0.0007167620699909908,-0.11646801433146356,-0.017660990811305777,-0.1813545146856634,0.12891955785833298,0.02459645730679717,-0.11163443547378073,-0.06760947080697347,-0.23049161797723536,0.04546333820063868,-0.018378827201635372,-0.14960894558935645,0.08614900715152665,-0.05512805885400423,0.13182465132051746,0.1742664210567444,-0.08150957435152903,0.13088433874821723,0.08580438493073744,-0.06318524725885909,-0.011498153246122432,0.048633154322234994,-0.08938681870298848,-0.007682265600119765,0.11843754468658867,-0.021368716144877967,0.047508904860334066,-0.027291379717270966,-0.059399068069546396,-0.1263165517779056,0.1418099500544262,0.016582858124875213,-0.1843675346278522,0.06593953210470435
32003002846,las_vegas,46.94191040843218,31.968054492595165,-14.973855915837014,False,False,Neither hotspot,True,-0.046074306088772395,0.760086822242178,0.8061611283309504,Mid LST,High HI,Mid LST / High HI,227,las_vegas,Las Vegas,2024,GOOGLE/SATELLITE_EMBEDDING/V1/ANNUAL,/Users/yufeizhou/Desktop/heat-exposure-compare/outputs/pilot/alphaearth/paper_gis_figures/three_city_lstadaptive_heat_index_mismatch_GIS_READY.gpkg,las_vegas,0.16775005132874787,-0.13991202891028373,0.1557761949497706,0.05774871792753176,0.010478100000825828,-0.09698274938880719,-0.008902023996690434,-0.0849122016330182,-0.2785010312080279,-0.0928138975124257,0.09126669459279059,0.06863533599397757,-0.1336523684598705,-0.12684316108287508,-0.052181442776771565,-0.09268128750868979,0.13842711810026978,0.10672547577516424,0.19277451027122294,-0.03542125198345717,-0.01617546243651444,-0.09964330554725974,-0.10635584856310465,-0.13099202304522142,-0.16380261803176838,0.2217471993714765,-0.10115418857526777,-0.051806896224176564,0.1493601529011732,0.13843336167534115,0.06291546148752243,-0.12259100242885375,-0.008603528102945564,-0.20239586053493666,0.12432864710076989,0.0647302252589735,-0.133481172105953,-0.05228760265174284,-0.23134280228473342,-0.03022929126910966,-0.01662971860376755,-0.15968686053351971,0.0415645510497613,-0.05708695364694563,0.1280955453142049,0.19119290051425375,-0.07494537386352774,0.13028290469743903,0.05072956328880435,-0.0392817874628938,-0.023563039081991876,0.05227793811952237,-0.09905760384877348,-0.02548663376435993,0.1276041715573954,0.0016926455130013072,0.00038829030839072253,-0.016533634415927343,-0.03714100379880072,-0.10720207286606497,0.1002556836292946,-0.00795072778870924,-0.195506810258783,0.06948751214097645
32003002844,las_vegas,46.76646113602394,31.968054492595165,-14.798406643428777,False,False,Neither hotspot,True,-0.1785628658501709,0.760086822242178,0.9386496880923489,Mid LST,High HI,Mid LST / High HI,228,las_vegas,Las Vegas,2024,GOOGLE/SATELLITE_EMBEDDING/V1/ANNUAL,/Users/yufeizhou/Desktop/heat-exposure-compare/outputs/pilot/alphaearth/paper_gis_figures/three_city_lstadaptive_heat_index_mismatch_GIS_READY.gpkg,las_vegas,0.17234593264528925,-0.07606744968344697,0.14673112452169224,0.03728628232173458,0.010589315606117151,-0.06413572074507636,-0.015027336967486883,-0.06281585783377633,-0.28237788345560766,-0.09712705310338969,0.10606298281619532,0.07437326161103547,-0.16979201138273659,-0.10966669632752661,-0.03528033656249993,-0.08379582374754123,0.1356374379532325,0.11703826337062265,0.19423378630407262,-0.020489366556189357,-0.0352522155015965,-0.10336183323652129,-0.12189778996616459,-0.11856317386404315,-0.1601784210093515,0.23674364304802775,-0.1518578146345693,-0.08766291672622391,0.17582929063957348,0.16471690377026738,0.06824345157132168,-0.10882445107401534,0.005004239798504262,-0.21631240451853806,0.11885593068340747,0.08242506709809724,-0.1123889798207504,-0.047673401174002865,-0.24186632304923525,-0.02850138899200059,-0.00017462701138655861,-0.16471540030799,0.0630507464872663,-0.07186665121341121,0.1483975241161016,0.1743761405209856,-0.07125696852569106,0.1487113951927796,0.017388266781735863,-0.027284072059936083,-0.03926068304473985,0.03776474921277794,-0.040495665164133436,-0.045373161214136044,0.14122360092143865,0.047335505248993534,0.0016972306388705232,-0.017724954073015175,-0.03704475444523944,-0.09264322176248273,0.1022053401418478,-0.003486673485775363,-0.17688722780593674,0.07571608907259288
32003005346,las_vegas,46.43183660130722,30.458873194255343,-15.972963407051875,False,False,Neither hotspot,False,-0.431250848290419,-0.5561803731288532,-0.12492952483843417,Low LST,Low HI,Low LST / Low HI,229,las_vegas,Las Vegas,2024,GOOGLE/SATELLITE_EMBEDDING/V1/ANNUAL,/Users/yufeizhou/Desktop/heat-exposure-compare/outputs/pilot/alphaearth/paper_gis_figures/three_city_lstadaptive_heat_index_mismatch_GIS_READY.gpkg,las_vegas,0.15674770625652595,-0.20886399940664332,0.12947335390949635,0.06854750746663822,0.02770832376631151,-0.10448130799504192,-0.06941175532164837,-0.08734069799896427,-0.2628590381558953,-0.08343318608105449,0.11857212412715454,0.07134972869529539,-0.10719043095055059,-0.1593025910158731,-0.06300340676252938,-0.08372011546868478,0.1472701805830461,0.1027247970995202,0.15417314054226808,-0.04244890579652978,-0.047421147559505994,-0.08369214656988745,-0.13040067935376692,-0.136232462391164,-0.160194263714946,0.2155232964164132,-0.05791481801712371,-0.023456532138103958,0.12788520887205174,0.12912866333215,0.02105879894823303,-0.14156464509324274,-0.00333273563112222,-0.19107646428847694,0.09789792929767865,0.05092036299012599,-0.12723964473275115,-0.05724964489902575,-0.2158116967616863,0.025387553703118425,-0.05077134749215927,-0.14785419087539203,0.07475450227142474,-0.057250517570562036,0.13580840818653453,0.16466790904018616,-0.0816276181358939,0.13232229079815788,0.07841706708011358,-0.0485022053891562,-0.0003735155717574332,0.04565775695406753,-0.09981151039518141,-0.019774544461914567,0.11146909401757295,-0.00517188065333039,0.02592557134964578,-0.02776720933961619,-0.04675605036533503,-0.11359897506139131,0.1337988407314685,0.011666972369234424,-0.2077744390043556,0.08736702648647711
32003005333,las_vegas,46.79839671886654,32.104452955425614,-14.693943763440927,False,True,HI-only hotspot,True,-0.1544470669193442,0.8790498801068993,1.0334969470262436,Mid LST,High HI,Mid LST / High HI,230,las_vegas,Las Vegas,2024,GOOGLE/SATELLITE_EMBEDDING/V1/ANNUAL,/Users/yufeizhou/Desktop/heat-exposure-compare/outputs/pilot/alphaearth/paper_gis_figures/three_city_lstadaptive_heat_index_mismatch_GIS_READY.gpkg,las_vegas,0.16247850778872355,-0.17742045800772382,0.1423768725174137,0.07700699315313946,0.04151067312908421,-0.09160774165776217,-0.044150538397249715,-0.044630996518237646,-0.3091919400300216,-0.10530150989137578,0.10374924028806916,0.06785243436892123,-0.11410865369248017,-0.13413493551588815,-0.04440775697912789,-0.05137012649995566,0.12371609599429674,0.09850531881539058,0.19726689556834287,-0.02342458430508414,-0.04509363653530776,-0.11195710285649318,-0.08080090821055404,-0.12151093769834012,-0.10360959393569114,0.23891572213326664,-0.09023441001853615,-0.045573639362086686,0.14374686020242644,0.10953013934442228,-0.006454757689414364,-0.09590399138169034,-0.04291963775886608,-0.17335544219868482,0.14663044804018413,0.044660328760619025,-0.1051407306871072,-0.0846857187944257,-0.24580608679830507,0.01646789640751658,-0.011416178631777674,-0.15650647315926539,0.06765871282498563,-0.04743542374877995,0.13792995148277978,0.18301065763469188,-0.08520772407886394,0.1452006702533187,0.07499659491480978,-0.05076191659825046,-0.02530543352745455,0.03260815495442122,-0.08196328335177151,0.013980932402822456,0.11191422013086744,-0.023800154311624445,0.053390833064364616,-0.03361723136547876,-0.08544062081344557,-0.12126933398080895,0.13786946355097648,0.02174321075714821,-0.1591404004243657,0.05216995728301803
32003003262,las_vegas,44.55825940860217,28.484741921582422,-16.073517487019746,False,False,Neither hotspot,False,-1.8460617532095243,-2.277964387040169,-0.43190263383064487,Low LST,Low HI,Low LST / Low HI,231,las_vegas,Las Vegas,2024,GOOGLE/SATELLITE_EMBEDDING/V1/ANNUAL,/Users/yufeizhou/Desktop/heat-exposure-compare/outputs/pilot/alphaearth/paper_gis_figures/three_city_lstadaptive_heat_index_mismatch_GIS_READY.gpkg,las_vegas,0.15193518136481643,-0.06860501452442515,0.18413850320681652,0.06073457579040274,0.015491772616810902,-0.06528872564377292,0.06084808451498122,-0.023290809178012507,-0.3296678302142484,-0.15102035520158827,0.03977854621851119,-0.0003193935199568859,-0.15459296754590005,-0.0815928188209248,-0.008877188965866412,-0.05568659254565295,0.05592719315206362,0.07374769876615926,0.257177510621795,-0.023282652435142163,0.026718593260743346,-0.13883632289247438,-0.08266845888467725,-0.14278514915355406,-0.11522095504733001,0.22185763816222853,-0.09255798293635988,-0.1007804882707361,0.08370702710579127,0.14463738656877792,0.050158378097836985,-0.07574356209120223,-0.05633958034099678,-0.156067245978759,0.0906909853424864,0.06606263274265375,-0.08744716089552788,-0.06204698522659287,-0.3210864160193681,-0.050204133162115874,0.0731643333112103,-0.12490421915797192,0.028746993294967636,-0.09802765953220217,0.09150490922157507,0.24213167663209095,0.0029205317653845284,0.0876166329453002,0.024433632827444606,-0.055974289369167596,-0.046549527407966695,0.020348937680638404,-0.11161049914143346,-0.011149744594730712,0.11795163579562937,0.018616823934276962,-0.021517178426604854,-0.017883155231312738,-0.07503452553478548,-0.0671186266388208,0.09666984230900018,-0.02059919071959079,-0.1253149638759337,0.04569618132151177
32003001901,las_vegas,47.40355555555559,31.627775852444717,-15.775779703110874,False,False,Neither hotspot,False,0.30253187405488763,0.46330497647705426,0.16077310242216664,Mid LST,Mid HI,Mid LST / Mid HI,232,las_vegas,Las Vegas,2024,GOOGLE/SATELLITE_EMBEDDING/V1/ANNUAL,/Users/yufeizhou/Desktop/heat-exposure-compare/outputs/pilot/alphaearth/paper_gis_figures/three_city_lstadaptive_heat_index_mismatch_GIS_READY.gpkg,las_vegas,0.17369815934726984,-0.17443729138849284,0.13848359918902536,0.052474592221339086,-0.0009650509615474143,-0.11746623286367625,-0.03709627283547497,-0.10864688213207964,-0.2698136425557726,-0.09241606661598548,0.13030389519041588,0.08789943364787631,-0.13299061319372632,-0.16543261755539632,-0.037385151810784466,-0.07391878901902613,0.15367058703568112,0.09057447846722855,0.17673351347910768,-0.027786511746833276,-0.025487666630413915,-0.062421732171232334,-0.17685262695361015,-0.12667918806250092,-0.15386104593484565,0.20494759671242047,-0.05977210836666054,-0.011474700047217274,0.12345108209157862,0.10742365507329911,0.049275359309833414,-0.14734492374125585,-0.0214947893392053,-0.18031257171696013,0.06984604484909585,0.061563325172149,-0.15913431071729775,-0.029175211032470474,-0.2353122174887385,-0.007241231344401766,-0.017944856755358604,-0.1374994617092797,0.06506132633224357,-0.046251809599534004,0.1391273828758226,0.14377190864535888,-0.06860868174073878,0.10201029216403357,0.0883530232118254,-0.0068036897854365985,-0.01035589779167668,0.038640871569402296,-0.12810080308603342,-0.06656343761399375,0.10658708789219722,-0.002352681390774853,0.03693627362574808,-0.01764397978846713,-0.004813572922550015,-0.10935440625209017,0.12036675223648642,-0.014745764602453585,-0.23792405657634993,0.09077375533828962
32003006700,las_vegas,47.03178094591539,31.627775852444717,-15.404005093470676,False,False,Neither hotspot,False,0.021790427191107003,0.46330497647705426,0.44151454928594724,Mid LST,Mid HI,Mid LST / Mid HI,233,las_vegas,Las Vegas,2024,GOOGLE/SATELLITE_EMBEDDING/V1/ANNUAL,/Users/yufeizhou/Desktop/heat-exposure-compare/outputs/pilot/alphaearth/paper_gis_figures/three_city_lstadaptive_heat_index_mismatch_GIS_READY.gpkg,las_vegas,0.1878695236107852,-0.17869982132977583,0.10764289120811767,0.010450199837282882,-0.0007504970770993628,-0.1575751914655878,0.0331082286514123,-0.06193941955327069,-0.27317323604158844,-0.05098641930427133,0.10067608364022666,0.10105027659470045,-0.09207488788903857,-0.14689515652779517,-0.07126583887427403,-0.131193768502582,0.2151088178980399,0.028762579538542846,0.10693778017464908,0.000777132595641573,-0.004921890775899667,-0.09514653532895966,-0.1660493618275107,-0.09405628350253008,-0.061087694474170846,0.12099625387410394,-0.06907649764393281,0.035950526094502555,0.11469724447659489,0.069218937967935,0.07000358474940988,-0.10431546910615298,-0.006859886381605323,-0.13079267695771316,0.07737486626529942,0.0331257206333067,-0.19955286434631114,-0.027283182045941264,-0.18142729827262544,-0.05887891871954079,-0.030959526300023705,-0.11615752400529188,0.033054436134155186,-0.04706083571163205,0.10487204216041934,0.18634462809582908,-0.12440220405164497,0.10249608860196503,0.03520127127735826,0.03223692197517851,-0.084962978225362,0.10549514944424417,-0.12123960171425718,-0.02877389914540523,0.12464532823948415,-0.06199716460150776,0.03224419017645236,-0.037598082995322316,0.019267129204422508,-0.1285728456205814,0.11454414173057502,-0.055108804971240544,-0.23049710650944427,0.1318194716706517
32003001714,las_vegas,48.5122168674699,32.08101575859078,-16.431201108879122,True,True,Both LST and HI hotspot,False,1.1397250892934012,0.8586085896011912,-0.28111649969221,High LST,High HI,High LST / High HI,234,las_vegas,Las Vegas,2024,GOOGLE/SATELLITE_EMBEDDING/V1/ANNUAL,/Users/yufeizhou/Desktop/heat-exposure-compare/outputs/pilot/alphaearth/paper_gis_figures/three_city_lstadaptive_heat_index_mismatch_GIS_READY.gpkg,las_vegas,0.18908272892267178,-0.11919515092344292,0.15052947701205033,0.06640651916159881,0.025421400686236557,-0.09124183312866702,-0.012544920402081399,-0.09337826529001111,-0.2964399227924209,-0.07654839156212057,0.11023604375825709,0.08157350534059342,-0.16447411160263797,-0.14600942905616915,-0.03874274479484546,-0.07602298618975518,0.15381308711484026,0.09984690249685257,0.2178455140241466,-0.026223531843486084,-0.034635849160045966,-0.0750689731689452,-0.1633044889566408,-0.12700874988524766,-0.13660752124810707,0.2432521812631468,-0.10028173672954332,-0.03346690639151548,0.14611971443330968,0.10715652212338168,0.05716146648160445,-0.10715457682021978,-0.03884747383346674,-0.19087024164624233,0.12171105700891212,0.040594546866728226,-0.14610200772243231,-0.045551949126202765,-0.24371941706806088,0.0024955415874123054,0.01625407829233885,-0.16360313953804356,0.0665050350473987,-0.037752751301719095,0.16280903618967055,0.155198608043821,-0.06928240952715979,0.10310392671612671,0.05940007450338531,-0.014496628718317662,-0.031483704641088496,0.024398003580697828,-0.08778325830312919,-0.06304125430800811,0.11870857165905244,0.0010563617961025797,0.03513030757455148,-0.015187597965470702,-0.014163895987228838,-0.12432663397954236,0.12569859423666166,0.020279772619440087,-0.21818983365579822,0.07854425089788387
32003002978,las_vegas,46.20576700014503,30.816047771731157,-15.389719228413874,False,False,Neither hotspot,False,-0.6019647843056125,-0.24466234685255522,0.3573024374530573,Low LST,Mid HI,Low LST / Mid HI,235,las_vegas,Las Vegas,2024,GOOGLE/SATELLITE_EMBEDDING/V1/ANNUAL,/Users/yufeizhou/Desktop/heat-exposure-compare/outputs/pilot/alphaearth/paper_gis_figures/three_city_lstadaptive_heat_index_mismatch_GIS_READY.gpkg,las_vegas,0.15215179086024658,-0.026426748408198357,0.1589701307917827,0.04556973401612758,0.009241713817476477,-0.03701823376143117,0.02958257109741942,-0.011666711037014603,-0.28224859810762115,-0.06396395055438726,0.08403466592817734,-0.017098676642853906,-0.20177380911458295,-0.09099646199488695,0.006120892375718983,-0.08810857364851389,0.048737256925699315,0.07391141687980779,0.21229758586649117,-0.01613253009324941,-0.020488889106611875,-0.16003303828667548,-0.14019418063338665,-0.11018669945117822,-0.16054346925018406,0.20919997090884646,-0.11105253016152004,-0.1001659299405912,0.13005833583784007,0.1544411378294648,0.104274313491569,-0.15003889826649822,0.04408817112336102,-0.21930889873425147,0.035183502265729964,0.07691116224935697,-0.06202037566311067,-0.012804853648797881,-0.25701729416125885,-0.06339367618511611,0.10137642411296692,-0.18384120532210005,0.060854203095221375,-0.12638802296040927,0.06646315141031882,0.2119423010329797,0.018013130874340266,0.06878854034545392,-0.031635053204972716,-0.04150935665281326,-0.09328438220536706,0.045387434789898325,-0.01432119280605976,-0.058159293938780644,0.1269888195517941,0.05355564878686875,-0.06259617227336405,-0.020744160359160588,-0.022905610446796378,-0.08973715893420753,0.06813220045665995,-0.047448530245875906,-0.10042688369223692,0.05674831438815526
32003005806,las_vegas,44.58294377510043,28.484741921582422,-16.09820185351801,False,False,Neither hotspot,False,-1.8274216293658194,-2.277964387040169,-0.4505427576743497,Low LST,Low HI,Low LST / Low HI,236,las_vegas,Las Vegas,2024,GOOGLE/SATELLITE_EMBEDDING/V1/ANNUAL,/Users/yufeizhou/Desktop/heat-exposure-compare/outputs/pilot/alphaearth/paper_gis_figures/three_city_lstadaptive_heat_index_mismatch_GIS_READY.gpkg,las_vegas,0.1847383110450126,-0.11403596857139824,0.19211535925956175,0.0715625837650908,0.043071836095417995,-0.05477161483600354,-0.0012331767681459523,-0.030235724121935908,-0.29691996977058,-0.144154054290779,0.06701958111378056,0.04040747970186082,-0.17495330301175285,-0.09435101949031742,-0.021956131826367343,-0.05289034920561039,0.07373909282993589,0.1058147340943229,0.22785083945698348,-0.03522681410824259,-0.002533656893312148,-0.12088185560132253,-0.043046908483687536,-0.12336630893105319,-0.1252267705820813,0.28000181296746923,-0.11767816277919418,-0.0500472354473456,0.1448548132871675,0.12659090675162515,0.05343501738469393,-0.08803627050873629,-0.05311767819700338,-0.1756889020595488,0.1609471646848466,0.03463088623329074,-0.08586208175138622,-0.08105686218191657,-0.2576804760652719,-0.003331796516400208,0.0052090395780273555,-0.14898810867093526,0.07813997756010219,-0.06595926826287823,0.11388875336433411,0.20366713454150964,-0.06173892806101788,0.11978208360271121,0.05480113836322153,-0.07076561555966636,-0.04961759615225451,0.012877682801357402,-0.10780735989611029,0.027251680199548798,0.15183229817035052,-0.03782721447216113,0.015572977211857375,-0.014428247092603142,-0.09277566339247925,-0.07148431159405681,0.14507971574298686,0.020573191326912262,-0.14491859578719238,0.021968908595486066
32003003610,las_vegas,46.73029550827426,30.76536905919516,-15.964926449079101,False,False,Neither hotspot,False,-0.20587293597843714,-0.28886295210001844,-0.0829900161215813,Mid LST,Low HI,Mid LST / Low HI,237,las_vegas,Las Vegas,2024,GOOGLE/SATELLITE_EMBEDDING/V1/ANNUAL,/Users/yufeizhou/Desktop/heat-exposure-compare/outputs/pilot/alphaearth/paper_gis_figures/three_city_lstadaptive_heat_index_mismatch_GIS_READY.gpkg,las_vegas,0.17826578844425828,-0.09783095691842185,0.1705628020702829,0.06147691333266733,-0.012554213404446185,-0.09809132067611372,0.004364084237750593,-0.07182341069894226,-0.3089876001132344,-0.0963045320797639,0.10703166926277088,0.06668720787609803,-0.16659132579422545,-0.1085440021728707,-0.027263125829858813,-0.08448651869004552,0.123060664741205,0.08984718370157678,0.20842917296365357,-0.02628022055549771,-0.012297569690589368,-0.12303150208130688,-0.14926686992061886,-0.13848943289955495,-0.15734938531278614,0.21309909112555794,-0.09671048327815697,-0.05304891578456442,0.12401001246490825,0.13258475886846924,0.07652625405720333,-0.1277794933415762,-0.007856438182135252,-0.1869672788428888,0.0861746261636954,0.08406775132580671,-0.13182482143015326,-0.024402887742798713,-0.25178547698721443,-0.035075648510976366,0.023012093380898525,-0.14254110473595932,0.047515353123828,-0.062007534820054375,0.11621817224923153,0.17958694316467447,-0.039872505691573266,0.11670433878902418,0.054865805907989146,-0.02299742314756304,-0.026149055481679808,0.03462242216493546,-0.10233483596026989,-0.06271435471264097,0.13196678938427456,0.028625785499953173,-0.0007672987034617548,-0.003162420511514835,-0.025354736469098974,-0.08399885944962676,0.09102599984255894,-0.03221236171468423,-0.18976511509803642,0.07294571382763201
32003003613,las_vegas,47.0631692677071,30.76536905919516,-16.297800208511944,False,False,Neither hotspot,False,0.04549296804767241,-0.28886295210001844,-0.33435592014769083,Mid LST,Low HI,Mid LST / Low HI,238,las_vegas,Las Vegas,2024,GOOGLE/SATELLITE_EMBEDDING/V1/ANNUAL,/Users/yufeizhou/Desktop/heat-exposure-compare/outputs/pilot/alphaearth/paper_gis_figures/three_city_lstadaptive_heat_index_mismatch_GIS_READY.gpkg,las_vegas,0.1757860234197416,-0.09541533264789086,0.16629125873669587,0.07513154040601279,1.675891180455819e-05,-0.09875716358234546,0.009278736612216797,-0.07000138700714818,-0.31193454804405624,-0.08731962373338771,0.11559870257734309,0.06334149241290386,-0.16611886518491867,-0.11226582950293368,-0.025879251856256877,-0.08394625209186309,0.12728968543705235,0.09005756131884006,0.23661210747146685,-0.03414391674876893,-0.004114632274140485,-0.1245321217064476,-0.1532885273933144,-0.15468615531722335,-0.15549860891363002,0.22060988937046763,-0.08197362060453979,-0.0514352672403466,0.09520208120909054,0.13561071286238754,0.07094877237578752,-0.11663091985548277,-0.019095882349948256,-0.18921914550834967,0.0889883019993335,0.06939656987792094,-0.14080571289200597,-0.024905125101794295,-0.2742883853366789,-0.02326627441256054,0.05721285821894805,-0.13213659619572324,0.0562870253970222,-0.06419451194052259,0.11244065008503024,0.17972825503976625,-0.02820748513122351,0.1040944094082099,0.053075961018469675,-0.03728063464580865,-0.03442507139256019,0.03597677524406599,-0.09164116641955034,-0.0708158848158993,0.14150815004231665,0.03837900430330259,-0.0024996506025378533,0.0012164884120088699,-0.024338327050476467,-0.08943657659731384,0.08962661636807402,-0.019433094334926817,-0.1907034151771244,0.06350961361715107
32003005503,las_vegas,47.66059193121697,32.310797782416884,-15.349794148800086,False,True,HI-only hotspot,True,0.49663002419385105,1.059018268929302,0.5623882447354509,High LST,High HI,High LST / High HI,239,las_vegas,Las Vegas,2024,GOOGLE/SATELLITE_EMBEDDING/V1/ANNUAL,/Users/yufeizhou/Desktop/heat-exposure-compare/outputs/pilot/alphaearth/paper_gis_figures/three_city_lstadaptive_heat_index_mismatch_GIS_READY.gpkg,las_vegas,0.13864304270776603,-0.16216765129909183,0.16854189687307602,0.08619721959079797,0.05834457727692057,-0.08372926910025112,-0.04674194337519525,-0.05119481240473395,-0.2818134258908518,-0.11267411786871746,0.06743873983842287,0.05662111998702112,-0.12453992625280975,-0.14545647448458895,-0.05349060702269169,-0.046290890587835795,0.11963820920651498,0.10030807949818708,0.23532357248085875,-0.04269726241685238,-0.029149736060234546,-0.04526343420150502,-0.12348359153161224,-0.13793638756103507,-0.1293188987835788,0.2277450099055463,-0.06585904069155611,-0.009467696608846077,0.08671513054079752,0.09542160802081856,0.01336735532078407,-0.09571256180327554,-0.05583427840635162,-0.18326677931606702,0.09303030428890614,0.03281721740651076,-0.12592801975304474,-0.027363444165470725,-0.2920835812034364,0.052868508989857434,0.025325462180181082,-0.14310282354921958,0.09177895996666609,-0.05018498151480528,0.14754874678464844,0.18792637159295422,-0.03663100415411284,0.10415794379217391,0.06986663608330249,-0.07340901026503968,-0.00443722702206382,0.0190695889621516,-0.12083035427270566,-0.07325965711704245,0.09300426106437788,0.004689208743154646,0.033350170411351375,-0.024958229353573416,-0.057233178158617386,-0.07912200260293223,0.15622636774492707,0.02658159897000237,-0.1850729799584834,0.04868637454534532
32003005828,las_vegas,46.59207686180808,30.816047771731157,-15.776029090076925,False,False,Neither hotspot,False,-0.310247204113699,-0.24466234685255522,0.06558485726114377,Mid LST,Mid HI,Mid LST / Mid HI,240,las_vegas,Las Vegas,2024,GOOGLE/SATELLITE_EMBEDDING/V1/ANNUAL,/Users/yufeizhou/Desktop/heat-exposure-compare/outputs/pilot/alphaearth/paper_gis_figures/three_city_lstadaptive_heat_index_mismatch_GIS_READY.gpkg,las_vegas,0.16720041880730455,-0.13211381282589754,0.1596740285174088,0.03922351998430215,0.03767007309845298,-0.05766804623865653,-0.031017185766560092,-0.04441867946958225,-0.2918877206873188,-0.09663829467234064,0.06284135648837896,0.03285829916668146,-0.17108626757001233,-0.1092779206812806,-0.03068335901363036,-0.07326356051285031,0.07511323781573491,0.09900441543075852,0.19492164943449988,-0.00868814952658472,-0.03737680381843007,-0.10793325061105472,-0.0627758976439075,-0.09905265864948101,-0.1562585010489022,0.25559859950794966,-0.12181982415536069,-0.06463833708819804,0.16202283350738442,0.14333121223300643,0.04749839333090427,-0.13713486570625633,0.022462542439675645,-0.21043266256117912,0.14456418534392163,0.06523920065894354,-0.06952018342759127,-0.04347456625699473,-0.2650307488653563,-0.031126667007470105,-0.011223276302433353,-0.19766752589664388,0.06762549007840046,-0.06459282403574393,0.11624288740231042,0.21693954391781256,-0.04286039514734322,0.1319129473659574,0.011214267741356271,-0.06649536798904253,-0.044927317986618975,0.03830266277688722,-0.04826453110693371,-0.018166057268296076,0.14306408501268422,0.0007249173589588901,-0.025425672668291353,-0.023174981504336372,-0.06285792850687216,-0.09387376463114008,0.1375822847150033,0.0045579680074230135,-0.14340890225799996,0.07339986692509337
32003004401,las_vegas,48.10886486486488,30.76536905919516,-17.34349580566972,True,False,LST-only hotspot,False,0.8351383265870155,-0.28886295210001844,-1.124001278687034,High LST,Low HI,High LST / Low HI,241,las_vegas,Las Vegas,2024,GOOGLE/SATELLITE_EMBEDDING/V1/ANNUAL,/Users/yufeizhou/Desktop/heat-exposure-compare/outputs/pilot/alphaearth/paper_gis_figures/three_city_lstadaptive_heat_index_mismatch_GIS_READY.gpkg,las_vegas,0.17797908687422506,-0.13880800542820845,0.14239482722198524,0.07378670937904508,0.03223495728674114,-0.0961696136129841,-0.017342979991472794,-0.10329747626167365,-0.2988322213669768,-0.07454483671569051,0.10322071057070865,0.08674732795319068,-0.1524047545468492,-0.1684391728976147,-0.03790031980882517,-0.06224268597462599,0.15307552694016854,0.10295445584279014,0.22285705300470243,-0.02991972113863512,-0.03007162709675272,-0.06455082485397391,-0.18471659021547746,-0.12077855535982798,-0.12837285019132233,0.24903347051718577,-0.07810623023498116,-0.003570735416572282,0.12316433959712934,0.09012954623476523,0.045605927807955055,-0.10309315342345093,-0.05244095862357572,-0.17934252004817783,0.11804648187310683,0.011730939571152734,-0.15628530277046712,-0.04065105013099965,-0.25385127683110736,0.03136115664215717,0.034664121270012026,-0.15718188841420289,0.07449777160104182,-0.044345983797035776,0.15676084273676322,0.1590434019675874,-0.06313200242801524,0.0799109580665492,0.07057434654254761,-0.014899954627916814,-0.027154867966370254,0.04392279351151755,-0.10598408135816541,-0.07788943140343345,0.13089344131780667,-0.010755959851105931,0.056815715922511306,-0.009147361852215534,-0.0017355499858235366,-0.13294108546831648,0.11766739236005913,0.017481559080268883,-0.22222171221260456,0.06930114512094937
32003002985,las_vegas,46.34354389272995,31.680052812379163,-14.663491080350784,False,False,Neither hotspot,True,-0.4979241016830976,0.5088995299684947,1.0068236316515924,Low LST,High HI,Low LST / High HI,242,las_vegas,Las Vegas,2024,GOOGLE/SATELLITE_EMBEDDING/V1/ANNUAL,/Users/yufeizhou/Desktop/heat-exposure-compare/outputs/pilot/alphaearth/paper_gis_figures/three_city_lstadaptive_heat_index_mismatch_GIS_READY.gpkg,las_vegas,0.1629119745919086,-0.06666197672996559,0.14902078453933693,0.05703978416325667,0.0027135063269273386,-0.07242842394349888,0.029800594429416356,-0.019822563354793637,-0.2914830754428051,-0.07047762766973477,0.08510535829993914,0.018898693993667937,-0.1778079076808151,-0.10510437007483113,0.012820988746375715,-0.05895717102348643,0.0806826235645481,0.06014019808633243,0.22320102223339047,-0.010844570879689269,-0.017358286630112962,-0.15050897819722567,-0.1567060519688154,-0.11535463443576052,-0.1373724917022979,0.20230147474591445,-0.06776382598458898,-0.07308148484763445,0.11860409140166894,0.129658258637291,0.08587886111225818,-0.1454422637721667,0.020446041768894484,-0.18716966864200132,0.042143298495809674,0.08441519051108652,-0.09355503425242812,-0.0018517370664588564,-0.26698788683177926,-0.05181827140732759,0.09141834464270696,-0.15642799564507592,0.06348147270318824,-0.0916365221629621,0.07286417430397685,0.19838618469467087,-0.004018797422007913,0.07224997606411396,-0.007920155557453649,-0.03588673350537672,-0.07680178347806244,0.03134997807482492,-0.05436395907548703,-0.08401165809906909,0.12490078757732424,0.024177608685013435,-0.01892782638501748,-0.014705319707032424,-0.004909856426153869,-0.0843998281231067,0.08261768952259706,-0.027431915902070225,-0.12904272536508496,0.06347117317537845
32003001706,las_vegas,46.8720355191257,31.74108582898123,-15.130949690144472,False,False,Neither hotspot,True,-0.09883954883176557,0.5621308797580862,0.6609704285898518,Mid LST,High HI,Mid LST / High HI,243,las_vegas,Las Vegas,2024,GOOGLE/SATELLITE_EMBEDDING/V1/ANNUAL,/Users/yufeizhou/Desktop/heat-exposure-compare/outputs/pilot/alphaearth/paper_gis_figures/three_city_lstadaptive_heat_index_mismatch_GIS_READY.gpkg,las_vegas,0.17385641071641378,-0.18846009982882136,0.15533089708572376,0.07450597159744785,0.008603464686803378,-0.11677949599804778,-0.0419229259254516,-0.08636020044375513,-0.2904743260119219,-0.09843399485567125,0.12053568960576994,0.06859109049268367,-0.134895923314912,-0.14197063757039866,-0.05808727965929974,-0.07245307158732339,0.13870847517934934,0.09124689809957959,0.17915022465847524,-0.043241172555682765,-0.018110627954424613,-0.10093317850518684,-0.1355982807330569,-0.14193604874878207,-0.15066682103025458,0.21259919373127265,-0.07376091611066897,-0.008520608765484206,0.10761704337439079,0.12395106720557429,0.047185804757430255,-0.15108214295721029,-0.013287858158897143,-0.18138467587197424,0.08739961260394093,0.058745500600146654,-0.1397740036705753,-0.03588878330240566,-0.2377111974093963,-0.00711613031378606,-0.0231217437833277,-0.13755372178350966,0.055728667146701036,-0.04899409835459771,0.12069550163023998,0.16403534113329274,-0.06899688417809832,0.11356221571675343,0.09132586669253291,-0.021834748215886695,-0.01358995974059973,0.04215140268149618,-0.1357713958050582,-0.03285011982182442,0.11906748997971096,-0.011641383241802907,0.02680972775681218,-0.010950535472461595,-0.039066863853735236,-0.087304470776797,0.12725027475514059,-0.015023374442301791,-0.21334239631248988,0.06938567562557574
32003003229,las_vegas,46.15066783035948,29.88036829156433,-16.27029953879515,False,False,Neither hotspot,False,-0.6435723073733085,-1.060736735317507,-0.4171644279441985,Low LST,Low HI,Low LST / Low HI,244,las_vegas,Las Vegas,2024,GOOGLE/SATELLITE_EMBEDDING/V1/ANNUAL,/Users/yufeizhou/Desktop/heat-exposure-compare/outputs/pilot/alphaearth/paper_gis_figures/three_city_lstadaptive_heat_index_mismatch_GIS_READY.gpkg,las_vegas,0.15570687614804554,0.00042233981975561065,0.1037212142071701,0.05324550565592709,0.06847552450128368,-0.015552156196243925,0.00807448848587214,-0.009262855144317645,-0.2665994683998533,-0.01961229818785778,0.09706190327017893,0.005657023269663202,-0.17811122649701713,-0.12156757875155182,0.00043417380730369806,-0.08416079614934267,0.06299706232825006,0.08719294289973255,0.2523476642324508,-0.042133472449274886,-0.01483312718118631,-0.12447102793694606,-0.14094867808938646,-0.09056227372872698,-0.15026261811795427,0.1917886685021468,-0.11154277618364704,-0.09376110193963547,0.13141216237546532,0.14147795341225175,0.05376732084655636,-0.10050136699720065,0.05784963232807489,-0.21103760327263094,0.060653760911306025,0.04500124817254102,-0.04603372212436026,-0.01891516122516133,-0.2768353653762972,-0.03399459450051841,0.08125037607204728,-0.15314825522402914,0.06094806696270553,-0.12967709858415094,0.12616151840860257,0.20300449211360055,0.02243618712845428,0.0696716614913218,-0.011761996635747661,-0.02164980277997019,-0.08270901842922238,0.0550853553117741,-0.017331958241582426,-0.07898044077829636,0.16745422247208522,0.06882919790291019,-0.04779031440603387,-0.037312237739533446,-0.018718142482203305,-0.15417213799991522,0.06294842085137127,-0.05462821623686816,-0.11688210898265272,0.06313473540694889
32003002847,las_vegas,46.78520858979624,31.968054492595165,-14.817154097201076,False,False,Neither hotspot,True,-0.1644059353859286,0.760086822242178,0.9244927576281067,Mid LST,High HI,Mid LST / High HI,245,las_vegas,Las Vegas,2024,GOOGLE/SATELLITE_EMBEDDING/V1/ANNUAL,/Users/yufeizhou/Desktop/heat-exposure-compare/outputs/pilot/alphaearth/paper_gis_figures/three_city_lstadaptive_heat_index_mismatch_GIS_READY.gpkg,las_vegas,0.1486891065551934,-0.16693939621807144,0.1305033003285789,0.07744653800530078,-0.008667838071625224,-0.13940753189268693,-0.021688745600673093,-0.0817154087925664,-0.2821895465354794,-0.06990722952297103,0.1213078117815389,0.07179106001218281,-0.1314441612766546,-0.1440576625709587,-0.04630609171759347,-0.08843099639643909,0.14546846257429238,0.06417006244920162,0.17811483387430024,-0.036578326761989334,-0.019868018420529182,-0.10034670854023615,-0.16748162226595864,-0.13938930949285422,-0.1703449072792406,0.14661432714177364,-0.05227265797174433,-0.0071346377500165845,0.08321002778935903,0.11846846525893305,0.05715115271814484,-0.1494753524466596,0.021533268480956845,-0.18055200049291928,0.0515739208501114,0.06612297968010422,-0.13249427706596884,-0.010908569936451996,-0.2372491553976916,-0.02211088540016863,0.014783436749012425,-0.12806751842011688,0.04974569406914034,-0.06515510836319326,0.09934231213200725,0.16085322284943815,-0.05357513900855346,0.0979792570778656,0.047291053745458195,-0.028163087786098384,-0.022564838072886985,0.058723341077233225,-0.11807329488117739,-0.06808265579479846,0.12099507165826992,0.021809258570988595,0.0014891689172766946,-0.016861779420676848,-0.01805828371509064,-0.12025526474486425,0.10024522284571964,-0.03227382168735976,-0.1998521744332912,0.10181823066586732
32003002837,las_vegas,46.70972072557473,31.968054492595165,-14.741666232979568,False,False,Neither hotspot,True,-0.22140975348612843,0.760086822242178,0.9814965757283065,Mid LST,High HI,Mid LST / High HI,246,las_vegas,Las Vegas,2024,GOOGLE/SATELLITE_EMBEDDING/V1/ANNUAL,/Users/yufeizhou/Desktop/heat-exposure-compare/outputs/pilot/alphaearth/paper_gis_figures/three_city_lstadaptive_heat_index_mismatch_GIS_READY.gpkg,las_vegas,0.1730821704426042,-0.0755197981285521,0.1655068073395842,0.07797178021831654,0.0016603776262276878,-0.07081224149535076,0.015292914974367917,-0.033401314821514524,-0.2864127110200885,-0.08606418588018254,0.10906876068247545,0.037749121232593295,-0.20058726821954134,-0.11062223955456596,0.01942786642442924,-0.04879274633514165,0.0858951004786867,0.0551452675423893,0.23778492191885756,-0.03103877235213869,-0.008671152006210108,-0.15480082359025327,-0.16663690432530762,-0.14100432744571492,-0.1465501354765957,0.21673838854467045,-0.05631253733274252,-0.07317191179744126,0.09880734260707415,0.13347934751722745,0.08935706324646034,-0.13426474737814692,0.0029014486525659076,-0.16564846333775715,0.04581851636562583,0.07263540553298262,-0.09969544555455112,-0.005919607725307188,-0.2553147467273841,-0.04834935484708485,0.08871891998196758,-0.13171969601739494,0.07235790055783997,-0.0831064933364219,0.07949950528655855,0.17218474757948898,-0.008542933315731091,0.06437604891365424,0.019745198067340798,-0.04312756741659437,-0.05749321662303119,0.009573296153181235,-0.08536488147540547,-0.06708198735306124,0.1332467743169174,0.021585401315096935,0.0019023165620825817,-0.006873056109265776,-0.01231784582300148,-0.060281024163152196,0.07989376522063438,-0.014015643577377708,-0.15493624676424192,0.050860213252727576
32003002967,las_vegas,46.56327808471458,30.816047771731157,-15.747230312983426,False,False,Neither hotspot,False,-0.3319942791949183,-0.24466234685255522,0.08733193234236308,Mid LST,Mid HI,Mid LST / Mid HI,247,las_vegas,Las Vegas,2024,GOOGLE/SATELLITE_EMBEDDING/V1/ANNUAL,/Users/yufeizhou/Desktop/heat-exposure-compare/outputs/pilot/alphaearth/paper_gis_figures/three_city_lstadaptive_heat_index_mismatch_GIS_READY.gpkg,las_vegas,0.18174871529763992,-0.161105083507922,0.14261148531227177,0.051286769754360396,0.02675067321682509,-0.11222291913675789,-0.03993102188090097,-0.09068672362935194,-0.28582169506072613,-0.08610128637476264,0.10969045358918723,0.07711210255578822,-0.13333271319191448,-0.15162061980288172,-0.05331177357796675,-0.08582911286863999,0.14955578189126298,0.10783853446106428,0.1956518008300942,-0.03208608981815525,-0.02201070190065845,-0.0960533461366673,-0.13397106872120074,-0.13118767000765383,-0.13893042065226566,0.20873353881360787,-0.10968237889212906,-0.023850457785360848,0.13956522117049272,0.11947863512574065,0.03682299241599898,-0.13652718240403794,-0.023058977655529694,-0.1912212546824727,0.11150689698461475,0.05475996756001953,-0.14913646200213046,-0.03786042655323395,-0.23798209255206343,-0.010921351050058798,-0.022819069971855066,-0.15420753270852383,0.047900257521156356,-0.04657934056190034,0.13804347196108774,0.15587686763475622,-0.08588028312423111,0.11984351216359818,0.08368288455462886,-0.019686221959933133,-0.017506840835608974,0.04371981185381327,-0.10069880218913542,-0.019023960084335816,0.11164930562203565,-0.013494402816304953,0.030887387237090082,-0.016184919806340944,-0.04935902599075807,-0.11103396954573921,0.12416142336415487,-0.00953003973471797,-0.21721254737623763,0.07363158886513883
32003003303,las_vegas,46.42300251256284,30.8977331107037,-15.525269401859138,False,False,Neither hotspot,False,-0.4379218118030168,-0.1734185989008675,0.2645032129021493,Low LST,Mid HI,Low LST / Mid HI,248,las_vegas,Las Vegas,2024,GOOGLE/SATELLITE_EMBEDDING/V1/ANNUAL,/Users/yufeizhou/Desktop/heat-exposure-compare/outputs/pilot/alphaearth/paper_gis_figures/three_city_lstadaptive_heat_index_mismatch_GIS_READY.gpkg,las_vegas,0.16450978533648197,-0.14019409700335111,0.14332080805626865,0.06978906290785193,0.0073253259652644245,-0.10422114165766662,-0.013207373744674566,-0.07431114266883253,-0.2914106479919546,-0.08458540720563969,0.13640218413037822,0.07201419288275517,-0.1434089750032234,-0.11144592035484009,-0.03187725985278008,-0.08382973500146841,0.1334275707949468,0.08729277784188746,0.20075006044908159,-0.026736157754044247,-0.012734672371101095,-0.11652943726486044,-0.15476985818745942,-0.15900912118319718,-0.15604635555989121,0.20939960591748366,-0.07673305260196371,-0.028933758110470113,0.10671646506781973,0.1361720050930976,0.05891573586951143,-0.13985682217630385,-0.012777044449764186,-0.19435580743881387,0.06928619040918473,0.08208275748962984,-0.1311549647138816,-0.02884913711347472,-0.26188072586735534,-0.002055733767502228,0.006777373123036327,-0.14050107485656893,0.07572518404934184,-0.07655562145509842,0.10544596171894485,0.1523765153729393,-0.05023917825862499,0.10986199092823151,0.07449854753488046,-0.028436677038363882,-0.024848463014631426,0.03780396658117601,-0.09494136983036448,-0.05523017803984115,0.1278109704571103,0.02531098686419491,0.006898669505452779,-0.009109082261096942,-0.020601066582335504,-0.10842390189504927,0.11613272692974096,-0.028150845202244576,-0.20105448942502807,0.0808485341741077
32003000101,las_vegas,47.63978189300414,31.51006950760288,-16.129712385401263,False,False,Neither hotspot,False,0.48091555611112113,0.3606446794187904,-0.12027087669233072,High LST,Mid HI,High LST / Mid HI,249,las_vegas,Las Vegas,2024,GOOGLE/SATELLITE_EMBEDDING/V1/ANNUAL,/Users/yufeizhou/Desktop/heat-exposure-compare/outputs/pilot/alphaearth/paper_gis_figures/three_city_lstadaptive_heat_index_mismatch_GIS_READY.gpkg,las_vegas,0.1503566955233022,-0.1817755685285066,0.15861024052289693,0.06326986501604559,0.005957870561977393,-0.08734339740658605,-0.010317511290109094,-0.07337759108422671,-0.27557401854590813,-0.14403886456730866,0.12312448040582788,0.05549209146307996,-0.12006517797967305,-0.1391724514082317,0.012671294317159982,-0.024113362274089938,0.09165099300150965,0.07607235741013874,0.2267882505043379,-0.02462284903950424,-0.02690526832550442,-0.08615478792854128,-0.14094650564141492,-0.12888116911127087,-0.11972009017654119,0.1830798166467851,-0.03448524616182679,-0.060430555743063996,0.10692032908804965,0.09085384347838547,0.002284823405528962,-0.13512211229540938,-0.08342775847404009,-0.11806512367331469,0.04879791397915483,0.08976575453048102,-0.10803937476180887,-0.0454065064389864,-0.29145139947911786,0.024179211047595107,0.0227742209887317,-0.11652451658708608,0.04877709189798401,-0.04978206138531421,0.12230182753534387,0.14059145523626052,-0.0468698337226544,0.10416009278134064,0.08744187659387807,-0.022985768302558194,-0.016858909089491562,0.006374438377705722,-0.11772916274767266,-0.04489265592426877,0.08613242529429296,0.00804390827640116,0.029839050837348318,-0.02921545068251414,-0.05845458637182772,-0.09192656730783569,0.11176956275745926,0.012109210135101429,-0.18957841292927843,0.08411751336040764
32003004703,las_vegas,47.92804104477616,30.894111814136732,-17.033929230639426,False,False,Neither hotspot,False,0.6985912371333468,-0.1765769960272132,-0.87516823316056,High LST,Mid HI,High LST / Mid HI,250,las_vegas,Las Vegas,2024,GOOGLE/SATELLITE_EMBEDDING/V1/ANNUAL,/Users/yufeizhou/Desktop/heat-exposure-compare/outputs/pilot/alphaearth/paper_gis_figures/three_city_lstadaptive_heat_index_mismatch_GIS_READY.gpkg,las_vegas,0.16696843716760126,-0.11844657166911374,0.14925223802068827,0.04719212518222638,0.0028543370140340866,-0.11269361626303084,-0.0019683677313959195,-0.09123748598237216,-0.30055468913521177,-0.053751861542229,0.1165519315990751,0.07117682365989789,-0.12924462750829527,-0.13792762600412387,-0.04692444168971418,-0.09890816080105486,0.14212958181374272,0.08541723583914707,0.20166723933170702,-0.03173418544097537,-0.03351316377601651,-0.09984969359562276,-0.18150875329944519,-0.13661265293631883,-0.14637951724912251,0.2002369402813118,-0.08524005883083535,-0.03437041718269483,0.12287578891684892,0.1187513884134176,0.08155945337539705,-0.1283945553205505,0.00214778381105198,-0.1966626786010171,0.0860839373628497,0.0621952338552658,-0.1564104567483874,-0.03472836785726391,-0.24631750940893507,-0.026424275082468553,0.02593703845269306,-0.14017787340561705,0.047507365108815175,-0.07626035203390853,0.12445596736177755,0.1689598632233585,-0.05198464874827063,0.09914125036016888,0.044684457808568334,-0.014304432746836602,-0.0405756632837615,0.06291685577690505,-0.08812283535349985,-0.0695018404826918,0.1304343721865571,0.01483072152301509,0.01613301466305396,-0.01805054687572822,0.0003046772589239526,-0.12104043153489803,0.08008603004720774,-0.02269671202623536,-0.210574041655428,0.07640664579017484
32003001003,las_vegas,47.47357407407411,30.68612509371,-16.787448980364108,False,False,Neither hotspot,False,0.35540557679421864,-0.3579773999890631,-0.7133829767832818,Mid LST,Low HI,Mid LST / Low HI,251,las_vegas,Las Vegas,2024,GOOGLE/SATELLITE_EMBEDDING/V1/ANNUAL,/Users/yufeizhou/Desktop/heat-exposure-compare/outputs/pilot/alphaearth/paper_gis_figures/three_city_lstadaptive_heat_index_mismatch_GIS_READY.gpkg,las_vegas,0.1768493929926451,-0.14847700656366036,0.15049041433333055,0.06581586395279385,0.003969771226875724,-0.10696554380986693,-0.02746474239372853,-0.0933095652756293,-0.28599242662418445,-0.1004257011604101,0.13327276984740666,0.07284495199984589,-0.1460859589612803,-0.14419114549011128,-0.030005997769393257,-0.07367605662597204,0.1392718078584171,0.08514559525766399,0.20597788443763873,-0.041819182159653974,-0.028957162890653025,-0.08499191761283516,-0.16230748368281236,-0.13915851267908544,-0.1544930299212507,0.20159968704719505,-0.07464851528982257,-0.020974535913390248,0.11184404609312248,0.1250723102994216,0.06207442694955954,-0.14239756872083797,-0.014124736621112995,-0.17814520524110156,0.08490428296168281,0.06764824424263559,-0.14169655618451432,-0.03346832214028345,-0.2581732172662057,-0.020428778481122595,0.002203317258346826,-0.14003600587980208,0.059248096653056644,-0.0517232110300607,0.13107689913545365,0.15396195266916202,-0.05488045794234401,0.09935889919597629,0.07472243434684972,-0.019419142716457883,-0.024573134673528462,0.02355713614956936,-0.11950668108891213,-0.052493496206148085,0.12430670962100324,0.01212996326341983,0.012504411522948133,-0.02613138873315013,-0.029297169963300902,-0.1117628031273636,0.12069650048662102,-0.002565991664263895,-0.2084666597169619,0.08935072705699425
32003001004,las_vegas,48.07126636737751,31.31389226619981,-16.7573741011777,True,False,LST-only hotspot,False,0.8067462408694812,0.18954418432168182,-0.6172020565477994,High LST,Mid HI,High LST / Mid HI,252,las_vegas,Las Vegas,2024,GOOGLE/SATELLITE_EMBEDDING/V1/ANNUAL,/Users/yufeizhou/Desktop/heat-exposure-compare/outputs/pilot/alphaearth/paper_gis_figures/three_city_lstadaptive_heat_index_mismatch_GIS_READY.gpkg,las_vegas,0.16783037403266135,-0.17969046470969358,0.1505987377656924,0.06429416392037651,0.014117410003894418,-0.11024012462020327,-0.04275290540265039,-0.10350897656651281,-0.2708184367783064,-0.09848909158802455,0.1232246485895816,0.08623180448006146,-0.13917892868037174,-0.16625421560858317,-0.04523150216239902,-0.06763888663457467,0.13905986979160812,0.09537911030391814,0.1937870427072492,-0.05325439423652339,-0.023504536008540907,-0.06430729892481438,-0.14774963440254307,-0.12550800827878975,-0.15438801059621168,0.19442763705537122,-0.07428288219761697,-0.0027936057533136127,0.11696077617213657,0.10502089163145159,0.049156093910843766,-0.1390528021215564,-0.019852630074018343,-0.18072427929017204,0.10030086672460274,0.04676030667174204,-0.14468995971875942,-0.039441770293185754,-0.2402418335353472,-0.0022494447943871257,-0.02150451740831162,-0.14477507977092027,0.05806004515595476,-0.04630481975418701,0.13337738586031486,0.15537138168080264,-0.07454686210498065,0.10459005518100772,0.08700640602132348,-0.019936096058210104,-0.014717009020512714,0.04403961792352526,-0.13617916361493976,-0.03845734898784587,0.11863920134359043,-0.01513784906405201,0.026608397265487735,-0.027557772379833843,-0.03172039615321515,-0.11209204951592562,0.11995261005098061,-0.002424778834544534,-0.22138763502571374,0.08439586913042657
32003006203,las_vegas,47.78947257383969,30.894111814136732,-16.895360759702957,False,False,Neither hotspot,False,0.5939528029539516,-0.1765769960272132,-0.7705297989811648,High LST,Mid HI,High LST / Mid HI,253,las_vegas,Las Vegas,2024,GOOGLE/SATELLITE_EMBEDDING/V1/ANNUAL,/Users/yufeizhou/Desktop/heat-exposure-compare/outputs/pilot/alphaearth/paper_gis_figures/three_city_lstadaptive_heat_index_mismatch_GIS_READY.gpkg,las_vegas,0.17541198070541755,-0.05217235849524417,0.18582645597068645,0.027177342060535927,0.0012483087908430907,-0.10445019303435171,0.05226148109894973,-0.08791057184865804,-0.2933375247453839,-0.11695923355692066,0.06488723973632378,0.06432795307557727,-0.16764826183232137,-0.08401113148699302,-0.0470678032883244,-0.11482388599167907,0.1309754201862341,0.09770952525464423,0.23128630953488255,-0.02128323000255183,0.010125829341190684,-0.07850228147145578,-0.13292712531318981,-0.12049373891148553,-0.13486581999250327,0.2076556190473073,-0.12562100847280627,-0.07427779928502645,0.1513386229531172,0.12791564427136037,0.1321299008042719,-0.10376843691138371,-0.004226033455341515,-0.20289288980178666,0.11664431751136477,0.07134664759006973,-0.1870451137252348,0.0036823329384765673,-0.2680602741702959,-0.11208673033689363,0.0214706773553241,-0.16846416092026298,0.04206311766519795,-0.06575716901441332,0.1238547668161088,0.19242994159149102,-0.05136246494442556,0.10985758700612998,0.04837894536388616,-0.0186738811635466,-0.04374042971748258,0.0259603442994985,-0.11541925624564355,-0.07554929349140953,0.13378136182375788,0.0041464506735393175,-0.023214606964897168,-0.0365125765984167,0.0004981975391857202,-0.0765109311803043,0.11152153087007638,-0.016956297966505718,-0.19904921851476937,0.05201093962747068
32003002979,las_vegas,46.22544878048784,30.816047771731157,-15.409401008756682,False,False,Neither hotspot,False,-0.5871023075602466,-0.24466234685255522,0.3424399607076914,Low LST,Mid HI,Low LST / Mid HI,254,las_vegas,Las Vegas,2024,GOOGLE/SATELLITE_EMBEDDING/V1/ANNUAL,/Users/yufeizhou/Desktop/heat-exposure-compare/outputs/pilot/alphaearth/paper_gis_figures/three_city_lstadaptive_heat_index_mismatch_GIS_READY.gpkg,las_vegas,0.15884707347747162,-0.10805870425680632,0.14971029378453804,0.05807741353002976,-0.014041888664907002,-0.106359526635892,0.01852906661436997,-0.06335712786068559,-0.2812009848497876,-0.06629843906293385,0.11770230578597765,0.04439530651726491,-0.1469967908253133,-0.12265650697307694,-0.011707771371746771,-0.08831203546487564,0.12563842816696205,0.06468951784315456,0.19827143011123938,-0.029994474561340505,-0.013539871839508437,-0.1295922253260566,-0.16805115386494912,-0.12509577495689952,-0.17357494806260076,0.17004535995196374,-0.05851786665043948,-0.05254726711901038,0.10209844705288683,0.1385501823992909,0.0860479946460333,-0.146372455952519,0.02632266774049145,-0.19254434296995138,0.04822443992458461,0.07444026344232221,-0.12553549681189255,-0.007401075738004407,-0.25646190786323986,-0.038172219500722866,0.05848968154883956,-0.1363850640788973,0.04590042222544403,-0.0923759092075592,0.08370603909978956,0.1925606236346596,-0.03249407778555672,0.08715590926451708,0.018833666019462927,-0.0304669710864625,-0.05981352688225762,0.06690509731561126,-0.0896108591848759,-0.07593307350633657,0.1292922102992209,0.030827693328262955,-0.013689087130700257,-0.018538875698302412,0.00048185847778606006,-0.10808186976784595,0.06980721363614077,-0.038386204117899524,-0.1653571360828258,0.07952604754676174
32003003429,las_vegas,47.81977289377292,31.392363162761036,-16.427409731011885,False,False,Neither hotspot,False,0.6168337513509486,0.2579843823605234,-0.35884936899042524,High LST,Mid HI,High LST / Mid HI,255,las_vegas,Las Vegas,2024,GOOGLE/SATELLITE_EMBEDDING/V1/ANNUAL,/Users/yufeizhou/Desktop/heat-exposure-compare/outputs/pilot/alphaearth/paper_gis_figures/three_city_lstadaptive_heat_index_mismatch_GIS_READY.gpkg,las_vegas,0.18428686882969864,-0.14345050013505264,0.15996522774603272,0.06592814409312849,0.031486432944359335,-0.08003420398691519,-0.014262421150483106,-0.09403487074120151,-0.2925808928851615,-0.1044382909023454,0.11879416479523516,0.0834576066123137,-0.13895108811518667,-0.1362004450690686,-0.01969644658771648,-0.055317666775408204,0.1442498788341791,0.09217500604315891,0.24685793344433452,-0.02526549721693739,-0.031067208921780554,-0.07520840090142171,-0.13928069494258524,-0.1272069305406484,-0.11855230873322552,0.24901929997739966,-0.0795375055285504,-0.03247474309183685,0.13039750446166437,0.09586393908909406,0.02765751474175175,-0.11919781615391294,-0.05503851519594172,-0.16442343369953416,0.11212727995449387,0.045449150696704556,-0.14426855389093501,-0.036544286527126296,-0.27905156520154545,0.0005459490887654419,0.005129438718370717,-0.1476823762540609,0.08159996139508036,-0.029884483293479515,0.14760388590756054,0.15433852712562557,-0.06382628539463862,0.10604100011336398,0.09044413728119587,-0.01582105981279095,-0.030032399619402964,0.004451299514130609,-0.10690271411995927,-0.06784570587823992,0.13289160142235526,-0.010647150890195384,0.04716857434422857,-0.028297486753813647,-0.027935967977969985,-0.12400259308681952,0.13348141587850396,0.015021676691151477,-0.22202545470158475,0.06430070556026826
32003002707,las_vegas,47.344902699309515,31.968054492595165,-15.37684820671435,False,False,Neither hotspot,False,0.2582408243214133,0.760086822242178,0.5018459979207648,Mid LST,High HI,Mid LST / High HI,256,las_vegas,Las Vegas,2024,GOOGLE/SATELLITE_EMBEDDING/V1/ANNUAL,/Users/yufeizhou/Desktop/heat-exposure-compare/outputs/pilot/alphaearth/paper_gis_figures/three_city_lstadaptive_heat_index_mismatch_GIS_READY.gpkg,las_vegas,0.1761050244748162,-0.14833555411323787,0.16090953258431048,0.058225685456408806,0.010235295561668842,-0.09313651526916772,-0.026601885761415638,-0.10058430471818135,-0.2795627474864301,-0.1107361791948719,0.12487689502740765,0.08262596142671633,-0.13952434094637475,-0.1494536665407145,-0.0352611435099906,-0.07414774725105988,0.1429986388128722,0.09710390316338295,0.21606600929431358,-0.03908749540095049,-0.03091313132737291,-0.06350745446556735,-0.16033567392628556,-0.12573599740435118,-0.1455806909926848,0.2130769558042142,-0.08228219422577279,-0.03875907251681178,0.1393214470461329,0.11372744463343933,0.052605949671069706,-0.1349998282900285,-0.04431531050367484,-0.17447848872102323,0.09081582897933924,0.06374156660936484,-0.15347835634504456,-0.0347056363091508,-0.24119782136469434,-0.02149955933208398,-0.013989963303113912,-0.14450169079763217,0.05543875893872386,-0.0445963181025106,0.1459937735225434,0.14824064387972175,-0.07364152021637387,0.1032702667616089,0.08108982087270694,-0.011800837979516947,-0.015985140527444146,0.02493498636182365,-0.11945747073444939,-0.05707679381936379,0.11504567404634289,0.0009529019333312047,0.024329388356395178,-0.02828947549217788,-0.023565674143672943,-0.11585517170497779,0.12302035678006476,0.008567000869410049,-0.22252977687733425,0.08486090711831548
32003005903,las_vegas,49.921100546128365,33.963847449303145,-15.95725309682522,True,True,Both LST and HI hotspot,False,2.2036278738115174,2.500763572316609,0.2971356985050915,High LST,High HI,High LST / High HI,257,las_vegas,Las Vegas,2024,GOOGLE/SATELLITE_EMBEDDING/V1/ANNUAL,/Users/yufeizhou/Desktop/heat-exposure-compare/outputs/pilot/alphaearth/paper_gis_figures/three_city_lstadaptive_heat_index_mismatch_GIS_READY.gpkg,las_vegas,0.1340710003528554,-0.01825340857690851,0.15904493146426463,-0.015290334154445872,0.017910559511287404,-0.012721960124162861,0.02163189655709601,0.01569804772558615,-0.2634998682875927,-0.10177298151865725,0.015452125105284339,-0.03871188000621698,-0.2231472168716247,-0.11688614783812049,0.04414764470472444,-0.05319953687480895,-0.0111477531467754,0.061756411558357205,0.1633515789222375,-0.06401532661371498,-0.0023962715268381254,-0.21924556640989531,-0.14579065477490485,-0.10984679341337295,-0.11534856326158678,0.1394859395107054,-0.03240769279516038,-0.10122776551264968,0.08567255086927072,0.14389736392668379,0.11965424438552215,-0.09095897014048841,0.10110772900803373,-0.15486884124577038,-0.09116741325175243,0.05727412129148977,-0.02069545103163182,0.026244338168040504,-0.22926093920681784,-0.01648624218006703,0.11050116790976819,-0.14252022742483597,0.04662418394952398,-0.15466154499254897,0.06263884240602544,0.23024885926823338,0.0465027870975869,0.01878283140132761,-0.04647730408164988,-0.09956520695837652,-0.07517541730418907,0.01931808240254468,-0.022446292651973232,-0.025337365885704177,0.0897669020086271,0.016393124303565293,-0.05238646079033959,-0.021230946982121114,-0.025592027314966074,0.040051837685704854,0.0519179483713782,-0.08181501181033146,-0.0541034054652459,0.028141551771573958
32003005016,las_vegas,48.0488056412517,32.098593656216906,-15.950211985034791,True,True,Both LST and HI hotspot,False,0.7897852742336079,0.8739395574804724,0.08415428324686447,High LST,High HI,High LST / High HI,258,las_vegas,Las Vegas,2024,GOOGLE/SATELLITE_EMBEDDING/V1/ANNUAL,/Users/yufeizhou/Desktop/heat-exposure-compare/outputs/pilot/alphaearth/paper_gis_figures/three_city_lstadaptive_heat_index_mismatch_GIS_READY.gpkg,las_vegas,0.12339182496803132,-0.08855235146841733,0.13095185208399007,0.08203982430333999,-0.04492523908845954,-0.06806559558434633,-0.025788338355393195,0.007382937396981331,-0.3417115754942565,-0.07724616675021714,0.15287927859746972,0.026542810560113275,-0.16095030143061984,-0.06948971160071611,0.02354033562897844,-0.04131893774137385,0.007623932107389568,0.0005147064705675206,0.19138639692964873,-0.0427717666946046,-0.04881816207661694,-0.08132282572132356,-0.14213236577910396,-0.12201690144932491,-0.14705207226840303,0.13156182188249493,-0.07969399029934607,-0.0964726590746765,0.11038996900632833,0.12159551736793295,-0.0045229143262082465,-0.11945679801883527,0.026754305923928547,-0.20282350262805016,-0.02476384511283947,0.12506058402546824,-0.034160389698929934,0.009183225245284662,-0.2867179759401479,-0.057111794388753544,0.07493979498094915,-0.07854638678093166,0.050314923608302795,-0.12711410859333871,0.07254915915564657,0.16832024361569378,0.000820347615128527,0.0791886914096099,0.09093698920172827,-0.005710241984392442,-0.06571304844024417,0.03509025069848048,-0.003378834544146463,-0.09751132433596672,0.05317079061819933,0.0825093154228192,-0.015942020664727167,-0.032120522182432734,-0.0972629382802532,-0.07406470121809436,0.11930707037774502,-0.05169318118283545,-0.10280315904857482,0.09835446492186904
32003002604,las_vegas,46.58640065146584,31.627775852444717,-14.95862479902112,False,False,Neither hotspot,True,-0.31453353099795567,0.46330497647705426,0.7778385074750099,Mid LST,Mid HI,Mid LST / Mid HI,259,las_vegas,Las Vegas,2024,GOOGLE/SATELLITE_EMBEDDING/V1/ANNUAL,/Users/yufeizhou/Desktop/heat-exposure-compare/outputs/pilot/alphaearth/paper_gis_figures/three_city_lstadaptive_heat_index_mismatch_GIS_READY.gpkg,las_vegas,0.16774114969885612,-0.13723265550805683,0.12188301802394841,0.07680620509082275,-0.008219740315380333,-0.09295048493716425,-0.01036298089420955,-0.07583747382219673,-0.2675536535336582,-0.05661007659132377,0.1591072838662069,0.06944764086695075,-0.1535302258616065,-0.1274463162276147,-0.004517960380462265,-0.09792171070282471,0.13696759807506065,0.05926799799420671,0.21101682771248556,-0.012237986885763516,-0.0299426863579056,-0.0722380288482425,-0.20317995259946303,-0.15611581218821582,-0.16640319355026525,0.16093855868821816,-0.07108202796074478,-0.04879521371859737,0.12581212957492194,0.12205296610580559,0.06315033181732384,-0.1411611051197831,-0.008869795337316659,-0.17817466133333223,0.024721615777641443,0.09096516720719268,-0.12124508547871199,-0.016160121706823696,-0.2317855608729749,-0.022307283030083697,0.03783027470752075,-0.10324500077317553,0.07529203364147627,-0.06860421484369768,0.1118962962534758,0.12292869339667374,-0.05286620190551734,0.08951220181542506,0.04780963503140609,-0.006110193147871356,-0.04759213678260382,0.03381756332115998,-0.0807322204693484,-0.09844912262931825,0.11134652546211136,0.042068858206619035,0.007589975374158162,-0.03353572457682394,-0.01430159810867789,-0.1411118080921578,0.12352940850125414,-0.03358440995369268,-0.20280975718995825,0.09779874924841506
32003003218,las_vegas,44.34339889850516,30.68612509371,-13.657273804795157,False,False,Neither hotspot,True,-2.0083112692184377,-0.3579773999890631,1.6503338692293745,Low LST,Low HI,Low LST / Low HI,260,las_vegas,Las Vegas,2024,GOOGLE/SATELLITE_EMBEDDING/V1/ANNUAL,/Users/yufeizhou/Desktop/heat-exposure-compare/outputs/pilot/alphaearth/paper_gis_figures/three_city_lstadaptive_heat_index_mismatch_GIS_READY.gpkg,las_vegas,0.14739469319095727,-0.1757410455255074,0.150963416074883,0.07569114142930931,0.024810434511792937,-0.09420761036607406,-0.014229400812789877,0.0008752760323374,-0.34432311133235366,-0.14865500620725963,0.08336135364980267,0.032494900220989435,-0.11729674833428178,-0.09786188871561446,-0.024519139538535382,-0.026898372818882084,0.061266350508717725,0.07048189408487876,0.20443208681131397,-0.0004953443402396018,-0.0256750542952134,-0.15578494134495602,-0.07209154619975736,-0.14860365561121625,-0.06496953387674438,0.2119940105034089,-0.06462890074201681,-0.057007916929917024,0.08900846423205878,0.09301992113693354,-0.027243697138159675,-0.11116212156732318,-0.06318794489932299,-0.10558644109695335,0.0748394440660776,0.08871228900111802,-0.08819397403689534,-0.040754425710956395,-0.29696184735468567,-0.013373006910027673,0.002555385272505439,-0.12135546881173147,0.05898214964531101,-0.04753742426667272,0.10008635599082231,0.19091047102840228,-0.04634581219182215,0.1302578834550894,0.10081319686509263,-0.036539445424185905,-0.02178892934297691,-0.0051051024946201186,-0.10399073559287299,0.009841921765408749,0.09255709378006503,-0.011844226027108107,0.026149841031320623,-0.0033166148690829383,-0.10274407810520192,-0.0463117393749413,0.14669218186085578,-0.026615803768069952,-0.15545329658443394,0.06286275911124131
32003005504,las_vegas,46.79277474195511,32.310797782416884,-14.481976959538223,False,True,HI-only hotspot,True,-0.15869244003365804,1.059018268929302,1.21771070896296,Mid LST,High HI,Mid LST / High HI,261,las_vegas,Las Vegas,2024,GOOGLE/SATELLITE_EMBEDDING/V1/ANNUAL,/Users/yufeizhou/Desktop/heat-exposure-compare/outputs/pilot/alphaearth/paper_gis_figures/three_city_lstadaptive_heat_index_mismatch_GIS_READY.gpkg,las_vegas,0.15577632362163327,-0.08085114709956961,0.16740153086875964,0.05252383845467355,0.047961196712536174,-0.036399964522724586,-0.015396960146255653,-0.028137432876039214,-0.2739725776524516,-0.13068099677926526,0.07697094319488076,0.05553962919382609,-0.16546444271068972,-0.1090461822839083,-0.015424728475563435,-0.048676551752406254,0.12000054718765839,0.10218257877369825,0.2545613151638452,-0.03720937200199347,-0.038845048376001196,-0.06888005122133861,-0.1283698689784208,-0.14601333426852728,-0.1258272997737316,0.26381476695404193,-0.11314746187902333,-0.061147144889836066,0.13049634600813992,0.12331034138942804,0.05472419932537438,-0.07250460693513001,-0.048349829755443864,-0.1869815911054006,0.10099932639460667,0.065345802947885,-0.11181236320626536,-0.03270889678007047,-0.28894228263264227,0.016950418734346356,0.052443727845095246,-0.1526924673698286,0.10986330423278982,-0.05573894604242112,0.16164159643696194,0.1709700648356991,-0.04615492178986931,0.12756085559281385,0.02626957216923231,-0.06726561222812481,-0.030642379600906405,-0.00971879178136528,-0.06537884256861552,-0.06646625163994259,0.1080780391703439,0.03777344288260192,0.018017358554259937,-0.028341160356183642,-0.03912595679990506,-0.07264051841525541,0.14848269119222587,0.02688532803708617,-0.1710210421290691,0.04953664871687234
32003005347,las_vegas,46.17470743743394,30.458873194255343,-15.715834243178595,False,False,Neither hotspot,False,-0.6254190664119333,-0.5561803731288532,0.06923869328308019,Low LST,Low HI,Low LST / Low HI,262,las_vegas,Las Vegas,2024,GOOGLE/SATELLITE_EMBEDDING/V1/ANNUAL,/Users/yufeizhou/Desktop/heat-exposure-compare/outputs/pilot/alphaearth/paper_gis_figures/three_city_lstadaptive_heat_index_mismatch_GIS_READY.gpkg,las_vegas,0.14725503322994424,-0.07366652283236853,0.14280302217545066,0.08026777415780438,0.02568701355873546,-0.02803604918870169,-0.03308263828435644,-0.038375590287627485,-0.2653410050958459,-0.06641596975887033,0.13607193515241137,0.028039428368432595,-0.17511493311919094,-0.1077872438973733,0.0005017659874847438,-0.040443169200839395,0.09006120870662497,0.07635935024977253,0.22531806107004954,-0.05029388772499798,-0.027636604825853256,-0.10445500803858097,-0.13089630309408665,-0.11779827623400896,-0.17668478639254642,0.17627651062437089,-0.10238993739234842,-0.1063866945631373,0.13315167005791384,0.15115133875130604,0.05554884521266141,-0.10413703501629468,0.04233229130465313,-0.21102476937874737,0.03241169652045641,0.0894463890165806,-0.05758826091503361,-0.012801099074213531,-0.27779779438677876,-0.011420683164163644,0.05555977546293236,-0.12162257139947015,0.08036612052228109,-0.10210067987142206,0.1260606939100835,0.16542263546293304,-0.03003245354010635,0.11042464720361424,0.030996244446948602,-0.045450993254234386,-0.052441102371967266,0.037957721579626694,-0.0432196572869735,-0.06974225468589398,0.12745563425758258,0.07323343811870053,-0.008462533194688777,-0.04077294923854001,-0.05002736894640636,-0.0871934554443119,0.09581303069849087,-0.01968458688674269,-0.13512092175538346,0.06406405029222452
32003005348,las_vegas,46.23713182117031,30.458873194255343,-15.778258626914965,False,False,Neither hotspot,False,-0.5782799897905113,-0.5561803731288532,0.02209961666165816,Low LST,Low HI,Low LST / Low HI,263,las_vegas,Las Vegas,2024,GOOGLE/SATELLITE_EMBEDDING/V1/ANNUAL,/Users/yufeizhou/Desktop/heat-exposure-compare/outputs/pilot/alphaearth/paper_gis_figures/three_city_lstadaptive_heat_index_mismatch_GIS_READY.gpkg,las_vegas,0.14944035259771343,-0.1019698716323946,0.15676338618283225,0.06830883601311567,0.06110393410850604,-0.048646978675270604,-0.03127373477521602,-0.012279290715626761,-0.30762659923815694,-0.13191585787504195,0.07900800271648199,0.04387158884118809,-0.1343223576286722,-0.12370689943245974,-0.03330926072491185,-0.03570117361636874,0.10473972568827196,0.11176603858702644,0.20871772061564609,-0.02845740945534294,-0.0408945644307488,-0.12268345193387659,-0.0634456494027726,-0.12371391582522233,-0.10201611482456406,0.24644807577027758,-0.10859109049557819,-0.07860294903088444,0.1232349939911809,0.1363396167185011,0.013745037448555495,-0.059063781874114527,-0.005105862125065212,-0.16078232364005607,0.11964197415749175,0.06660882400822878,-0.0657091459329151,-0.052502600368882844,-0.2946728741755051,0.013068031448485886,0.008835195547723874,-0.16001552238599545,0.08415474982275406,-0.051865062861453634,0.16330603451119913,0.21313445431229103,-0.042147049906494795,0.14436475446546715,0.05634465671000798,-0.06707599879782421,-0.029922368526655366,0.004906594499340129,-0.0687389540461539,-0.00773463412564402,0.1106481150521783,0.01819121041517888,0.027393872386662504,-0.03633473210697047,-0.07089560381703286,-0.07330236836287642,0.13751982075409386,0.006364173944418116,-0.1315132747044617,0.05062935432818798
32003005711,las_vegas,48.864496276731096,30.496549050732224,-18.367947225998872,True,False,LST-only hotspot,False,1.4057449531889474,-0.5233205079870187,-1.9290654611759661,High LST,Low HI,High LST / Low HI,264,las_vegas,Las Vegas,2024,GOOGLE/SATELLITE_EMBEDDING/V1/ANNUAL,/Users/yufeizhou/Desktop/heat-exposure-compare/outputs/pilot/alphaearth/paper_gis_figures/three_city_lstadaptive_heat_index_mismatch_GIS_READY.gpkg,las_vegas,0.15883832727244548,0.15498778783832493,0.03404890555368462,-0.0010050459269833867,0.03646625755360237,0.07396398294439832,-0.044562621929131276,0.06917490365833195,-0.10031341355480879,-0.04777425572073054,0.12049117862492041,0.04252092571010359,-0.2203672293787811,-0.11509967590101308,0.053721996591018686,0.026240795796154612,0.01203051998482449,0.1287534917524557,0.18786299428908737,-0.027224582715240808,-0.07277454533373673,-0.0873337247515391,-0.12405469603169889,0.03852649883850587,-0.13764001205712162,0.09382463444095462,-0.16429994830894204,-0.13020877904690248,0.2035280328848316,0.1502514749623283,0.10057800796804132,-0.03129760641178776,0.14078275696640136,-0.17126580944007283,-0.002577386574459254,0.05036608907465523,0.026173686574728926,-0.008008780517764068,-0.18032201457883326,-0.01897572633372835,0.1018790202070101,-0.07112493230911585,0.13429530267033318,-0.1713896376521078,0.1957060889629313,0.08542007350456468,-0.00497184292949256,0.05581335084978942,-0.11420750570405014,-0.07008624822872116,-0.06834502580428214,-0.026625528230100278,0.12976727485365178,-0.09488998072578579,0.13917154790262465,0.14731496344824713,-0.06598132765544454,-0.10098026647548212,-0.020172375349879323,-0.04646934009343362,-0.018795343205745295,0.031670703783691925,-0.05678078686762485,0.04531096494313378
32003005855,las_vegas,46.085956749672384,30.816047771731157,-15.269908977941228,False,False,Neither hotspot,False,-0.6924381576738347,-0.24466234685255522,0.44777581082127943,Low LST,Mid HI,Low LST / Mid HI,265,las_vegas,Las Vegas,2024,GOOGLE/SATELLITE_EMBEDDING/V1/ANNUAL,/Users/yufeizhou/Desktop/heat-exposure-compare/outputs/pilot/alphaearth/paper_gis_figures/three_city_lstadaptive_heat_index_mismatch_GIS_READY.gpkg,las_vegas,0.17137848839083025,-0.14760419513771364,0.15208961205750887,0.04943523959449389,0.030319536224813065,-0.0711529422230577,-0.015878727528567005,-0.04565873327893646,-0.2945635177945878,-0.11338619107489928,0.09791659546586487,0.03779454471175515,-0.1421616687322936,-0.10066591170237724,-0.020823036489302647,-0.04476321792437445,0.10559905724692356,0.09003806369374671,0.18663649664093296,-0.008553699828891053,-0.027358799290005096,-0.14408223518065255,-0.10418892758648787,-0.11952913369701944,-0.12272341326001948,0.24466018778417287,-0.0826850924861789,-0.07069780151125078,0.13137203219965699,0.13214791395319467,0.01886497311798855,-0.13407360550748762,-0.02846583510728023,-0.1683591932775794,0.09023682449415907,0.09709276690949634,-0.08962425582850307,-0.0370082225421663,-0.27535803632455497,-0.000455610740371893,-0.004761011064835063,-0.1546377580240775,0.06874013545019686,-0.06649058657506772,0.12224580494927252,0.16229215683973724,-0.06999644269363531,0.13660791892097254,0.04722938441741131,-0.03577413383069764,-0.03152581773366046,0.012895380527241016,-0.0938719488367297,-0.03973242543176505,0.11888864983760725,-0.0022540146297421507,0.025008389534095864,-0.006099294735449595,-0.05294617062364526,-0.05762963448280146,0.13804334923305142,-0.017075307556891097,-0.1775984211523125,0.07363815618860768
32003005856,las_vegas,46.20705498866217,30.816047771731157,-15.391007216931015,False,False,Neither hotspot,False,-0.6009921741529284,-0.24466234685255522,0.35632982730037316,Low LST,Mid HI,Low LST / Mid HI,266,las_vegas,Las Vegas,2024,GOOGLE/SATELLITE_EMBEDDING/V1/ANNUAL,/Users/yufeizhou/Desktop/heat-exposure-compare/outputs/pilot/alphaearth/paper_gis_figures/three_city_lstadaptive_heat_index_mismatch_GIS_READY.gpkg,las_vegas,0.15785852199905184,-0.11626487868042609,0.1470299905014029,0.04081818310130486,0.03978636586253786,-0.05882295797963288,-0.007952749753543611,-0.030419740057156638,-0.3075304099176558,-0.0843255765406278,0.059899664742975645,0.022654183442888966,-0.1459423838358662,-0.10355017130062708,-0.036610863315509064,-0.06634347849419042,0.09717454684988573,0.08929046914710669,0.19661327323619254,-0.0018732114028163136,-0.029620172940195196,-0.1410666757991487,-0.10155770271661702,-0.10540291170708968,-0.12223897527206024,0.24481156637963603,-0.09122016967182794,-0.07414814308011645,0.12728024503060223,0.13175150308101055,0.03348234120544602,-0.13115321165650753,-0.0006446139290538774,-0.18146777749273876,0.10580563642659138,0.07939604690380961,-0.08076817623994527,-0.02467428104443674,-0.27506460936610916,-0.02115903755034238,0.00697973402403594,-0.17318015106835402,0.06274296122019393,-0.07418641160132378,0.1262924698390886,0.1934590438407481,-0.04770722241739303,0.11892986514978797,0.02230077501248671,-0.037076197675714656,-0.04138676447029531,0.023535858337489755,-0.07001263568013825,-0.05141121093078989,0.1307978875062796,0.0005337099071599219,0.0036887659664212565,-0.010297027812232755,-0.045991399988700374,-0.07087211088788936,0.12586280533823244,-0.020169597518007495,-0.16253046339189048,0.07236544888587251
32003007200,las_vegas,45.61481064665954,31.89880953109816,-13.716001115561383,False,False,Neither hotspot,True,-1.0482188786113609,0.6996932357569076,1.7479121143682685,Low LST,High HI,Low LST / High HI,267,las_vegas,Las Vegas,2024,GOOGLE/SATELLITE_EMBEDDING/V1/ANNUAL,/Users/yufeizhou/Desktop/heat-exposure-compare/outputs/pilot/alphaearth/paper_gis_figures/three_city_lstadaptive_heat_index_mismatch_GIS_READY.gpkg,las_vegas,0.11558770897710025,0.17097431703202462,0.058910954057439555,-0.045432487821325016,0.0201881789762743,0.010745087951850665,0.021943546781498652,0.13401441500226668,-0.23164289366410787,-0.08332736929331079,0.037168812626883076,-0.017739915310150883,-0.17339386633623272,-0.10411043906560481,0.053727439960233325,-0.006902489743247705,0.08264053112840594,0.16935786971657457,0.10836891917360218,-0.0248729553354847,-0.021391092776549176,-0.24971297904992495,-0.12352650306168576,0.017349133177652933,0.022679307776532914,0.1268587570327449,-0.1387439827903827,-0.061217584253207794,0.14626625451915273,0.1048103123311261,0.1147390121049315,-0.010845716407387178,0.11521577688850895,-0.04856878797005562,-0.0346640141375839,0.007132752149554426,-0.06183902534539767,0.02622546899418761,-0.23131040242004686,-0.01056461670368516,0.15591164379910954,-0.14892365108794453,0.04867081965792232,-0.09795660759649072,0.14690986658755062,0.19147742228733014,0.012810872796603815,0.1142117974570347,-0.10532891278939503,-0.007310476552926926,-0.1037410407620485,0.028263369819238385,0.07935357000676699,-0.07791213629579219,0.13862097204398663,0.06475007554130058,-0.057743563998137244,-0.051502735614647605,0.10046283569078689,-0.09708327875033741,-0.0325118041038549,-0.024236812496107818,-0.04942491401093012,0.0435233429954597
32003003317,las_vegas,46.142727272727306,29.637118028827103,-16.505609243900203,False,False,Neither hotspot,False,-0.6495685308397777,-1.2728930491140098,-0.6233245182742321,Low LST,Low HI,Low LST / Low HI,268,las_vegas,Las Vegas,2024,GOOGLE/SATELLITE_EMBEDDING/V1/ANNUAL,/Users/yufeizhou/Desktop/heat-exposure-compare/outputs/pilot/alphaearth/paper_gis_figures/three_city_lstadaptive_heat_index_mismatch_GIS_READY.gpkg,las_vegas,0.16221456565423004,-0.10819826089896194,0.15775935021701312,0.0707269170985985,0.05542906643962439,-0.05896840570913668,-0.014630519478471682,-0.05760859293132368,-0.30900372702955764,-0.07566012238212334,0.09409187794165318,0.03410861733489687,-0.14533435278221338,-0.12920481594153013,-0.05624288743529994,-0.09745082901281357,0.09506258696034853,0.11244546613308475,0.23941399830570445,-0.03764156861533623,-0.0417762713177661,-0.08702060536699273,-0.129413710316557,-0.12014311527560023,-0.1384408911383291,0.2456073833938964,-0.12277583498635494,-0.05870585924819056,0.13329494454682708,0.1391822239249832,0.03560702458051774,-0.10174925988522088,-0.027500628120209487,-0.18769659966552618,0.12810822053939727,0.04465787770602907,-0.0891341795686732,-0.07397887564501744,-0.26764155255445815,0.010510399228991264,0.016203345656977026,-0.1475630625345651,0.07047147228779606,-0.08914530353683009,0.1483504755257342,0.21303698683598066,-0.03296018537989996,0.09695337841203733,0.029030886389334206,-0.055079965637225,-0.05354521680301802,0.052449204472116685,-0.04729560807665617,-0.032678646433121045,0.14129593786102443,0.016003311894192733,0.007018180332015224,-0.03003797187089731,-0.05639083979196732,-0.13755150708749586,0.11634705309710851,-0.0010466799756935648,-0.14521287791980234,0.0568904466240146
32003000526,las_vegas,48.599117647058854,31.627775852444717,-16.971341794614137,True,False,LST-only hotspot,False,1.2053472430467298,0.46330497647705426,-0.7420422665696755,High LST,Mid HI,High LST / Mid HI,269,las_vegas,Las Vegas,2024,GOOGLE/SATELLITE_EMBEDDING/V1/ANNUAL,/Users/yufeizhou/Desktop/heat-exposure-compare/outputs/pilot/alphaearth/paper_gis_figures/three_city_lstadaptive_heat_index_mismatch_GIS_READY.gpkg,las_vegas,0.18638741403169745,-0.1454708038085493,0.16417429898195607,0.04434343782184017,0.006477906387811503,-0.0912892805684965,-0.0285711971957337,-0.11281859645992345,-0.27957985786787964,-0.10362035309810555,0.11383308721809245,0.10505528406448003,-0.14098578113896867,-0.15721750510207994,-0.03184201428428276,-0.06033843338913824,0.16792933398274645,0.09877831575642568,0.21987314617811285,-0.01719856879635207,-0.02799928983125038,-0.04485743205937506,-0.15980854223625934,-0.1101738819504026,-0.12854067721282758,0.23720466204668944,-0.08740966298700906,-0.025654506966248637,0.14153126016248002,0.09782422259342143,0.041600589206776076,-0.12702209673335954,-0.0646140599987116,-0.18186087491402467,0.11067427290180068,0.035540326809654195,-0.17962915754560851,-0.03187527292197029,-0.24082909476632144,-0.009129858685904466,-0.0112087381807914,-0.14940369821531052,0.06669542062615325,-0.03273074413114438,0.16084775329542797,0.13930326842958038,-0.07567401241578857,0.10570273927676287,0.10271634152539068,0.006954700886318018,-0.008173765176642117,0.017330660315990305,-0.12163941593816474,-0.07600288878367946,0.12276195986281277,-0.019153582126898584,0.05258831149900123,-0.02434167342117837,-0.01679134571865609,-0.11355446382146889,0.12393751243741113,0.018952360395550157,-0.2530695234075451,0.0749719044621558
32003005355,las_vegas,46.61852607709755,30.74748976444381,-15.87103631265374,False,False,Neither hotspot,False,-0.29027437440388365,-0.3044567904171637,-0.014182416013280075,Mid LST,Low HI,Mid LST / Low HI,270,las_vegas,Las Vegas,2024,GOOGLE/SATELLITE_EMBEDDING/V1/ANNUAL,/Users/yufeizhou/Desktop/heat-exposure-compare/outputs/pilot/alphaearth/paper_gis_figures/three_city_lstadaptive_heat_index_mismatch_GIS_READY.gpkg,las_vegas,0.13276391605068938,-0.0051075236928577235,0.08861725801268835,0.017833630387529237,0.04374660819499597,-0.0020017012572577093,-0.0331458667507852,0.027646660978912378,-0.23269399613363173,-0.12914590250911184,0.1143100599387388,0.05440901250488293,-0.16164356989399037,-0.12702962082440694,0.021483465700726134,-0.03361606479472079,0.13163056651279967,0.16611184012450425,0.14615290925889252,-0.004681974112925933,-0.06287341806593333,-0.11031775048661223,-0.11126110450134394,-0.07892642086154648,-0.10438406443362545,0.1926068981411378,-0.15733252909279752,-0.08656318263971016,0.17087277407021403,0.16123932323013165,0.06971301987277391,-0.012574852479830558,0.06771727670780756,-0.1346059724228464,0.05739090822353614,0.07759084348529914,-0.0287573946283301,-0.049238572583937726,-0.2530080103414865,0.05654409844076041,0.042964611711634015,-0.13819629055305344,0.10560587000607627,-0.07351834158616884,0.21406354547169265,0.15212419461774818,-0.016881767846444663,0.17438622233472703,-0.038055773828609085,-0.06465006052554455,-0.024064388213239106,-0.011704533910456592,0.012211585042775868,-0.05421088236106939,0.13348190959186917,0.11278390179837387,-0.004843825076682344,-0.08066997551254157,-0.010574753916558821,-0.0903041685935505,0.09415147699608924,-0.0003666588795910023,-0.10904546321402293,0.054722149383633734
32003005715,las_vegas,45.44454449376456,30.657025551711687,-14.787518942052873,False,False,Neither hotspot,True,-1.1767934635243227,-0.3833572351187698,0.793436228405553,Low LST,Low HI,Low LST / Low HI,271,las_vegas,Las Vegas,2024,GOOGLE/SATELLITE_EMBEDDING/V1/ANNUAL,/Users/yufeizhou/Desktop/heat-exposure-compare/outputs/pilot/alphaearth/paper_gis_figures/three_city_lstadaptive_heat_index_mismatch_GIS_READY.gpkg,las_vegas,0.16244197232170157,-0.16566228781830228,0.16171598565108763,0.06300803888029294,0.06004039378914233,-0.04418843950230438,-0.05228322297068536,-0.02524751045449011,-0.26882258289705613,-0.15635911789568796,0.08907299524773862,0.04309156531094801,-0.15235814189639235,-0.1219978111765736,-0.0004078095114561236,-0.007598152917746848,0.09899634157484084,0.09988756546648725,0.20609209532146772,-0.02905360289790137,-0.034458041492463835,-0.10734521850670657,-0.04305873115991363,-0.11200380776611066,-0.1141650722682263,0.22936880341286664,-0.10562684004056414,-0.07846964709006791,0.1455468731626813,0.12040974793721693,-0.010667450694039928,-0.07447642132752838,-0.017994576544780518,-0.13633180708401244,0.10567361746195754,0.06759404059109726,-0.06250016617240813,-0.04455736098106566,-0.28882310765838576,0.04755514713581667,-0.02408659030720558,-0.12814748846234092,0.08983807156555615,-0.0292561566516351,0.15785785868360158,0.17786518905595658,-0.07463707951641578,0.15190892980987003,0.07054165612018141,-0.0627484960052052,-0.009044129253417917,-0.01162289447667634,-0.10208176832895484,0.027196157069564946,0.10545187953047946,-0.0005660838485227853,0.04066747952428218,-0.038490945822754793,-0.1009844241316782,-0.06011923999283027,0.1573813678642788,0.01843925648887879,-0.14794910583122092,0.05782182065190166
32003005846,las_vegas,45.21722018123931,28.51925206795394,-16.697968113285373,False,False,Neither hotspot,False,-1.3484548808207226,-2.2478655688092184,-0.8994106879884958,Low LST,Low HI,Low LST / Low HI,272,las_vegas,Las Vegas,2024,GOOGLE/SATELLITE_EMBEDDING/V1/ANNUAL,/Users/yufeizhou/Desktop/heat-exposure-compare/outputs/pilot/alphaearth/paper_gis_figures/three_city_lstadaptive_heat_index_mismatch_GIS_READY.gpkg,las_vegas,0.16233297894060042,-0.1178653557843499,0.1684703217193429,0.06605092759272697,0.03018683155975756,-0.07629334591150434,0.011467730400375018,-0.02297945049727121,-0.3245515627126819,-0.13044466499746843,0.07952125572868779,0.038225581223422046,-0.13528482812604553,-0.09177130439926,-0.008982309741047346,-0.05763080550260353,0.0753915772472745,0.07745647079362732,0.23613285067173143,-0.027766730311476803,-0.016338664371137648,-0.13597019362618532,-0.11096706888428567,-0.1322927225572426,-0.12263324892454945,0.21897573862544117,-0.07151303950932059,-0.06842339896237153,0.10143737760134508,0.11022770475764748,0.025067961726066415,-0.10077567762111599,-0.03886993847824219,-0.14831162734075531,0.0877047969474018,0.0775567066978942,-0.09145818602527463,-0.04064794641496066,-0.30758283775578527,-0.0040357516645219685,0.040366037542791194,-0.12868650719432317,0.05803163080385192,-0.07906727442192021,0.11421573299610803,0.19315686431735563,-0.04083159704052886,0.10863173473828433,0.04293496237358421,-0.0332639578555144,-0.04622774034389111,0.024550128090071156,-0.10042715564831212,-0.041892379465946435,0.11363755714178372,0.01717109185579164,0.004099662428210987,-0.019720685886815165,-0.06748262379825036,-0.07316682303668877,0.12310485967503486,-0.020650636815076465,-0.15965014747125503,0.05731538145096765
32003005839,las_vegas,45.2218728820564,29.931333470068868,-15.290539411987535,False,False,Neither hotspot,False,-1.3449414457303646,-1.0162862821840455,0.3286551635463191,Low LST,Low HI,Low LST / Low HI,273,las_vegas,Las Vegas,2024,GOOGLE/SATELLITE_EMBEDDING/V1/ANNUAL,/Users/yufeizhou/Desktop/heat-exposure-compare/outputs/pilot/alphaearth/paper_gis_figures/three_city_lstadaptive_heat_index_mismatch_GIS_READY.gpkg,las_vegas,0.13717759200289176,0.07538457643466329,0.10277550224500855,0.026005330076430647,0.05354048015382301,0.026710938612028844,0.014063365561646389,0.08289775961229123,-0.2332431407664176,-0.012803992768519068,0.0599843810654889,-0.029216704262337547,-0.226688198512156,-0.13499982108775455,0.08349733195665951,-0.02057327633471956,0.04341905621911831,0.08993529799766564,0.2242261275386833,-0.03829257549122614,-0.013898668986763908,-0.23273371214205704,-0.14389659241857736,-0.01439976000927204,-0.07021538728894455,0.15130272263213632,-0.08686848717393245,-0.09020811637570825,0.10453137937751454,0.09598971748780084,0.09702714409269833,-0.07893254186092548,0.11818858897420637,-0.13340843449346224,-0.02116490547224209,0.002981836277458831,-0.02492076038451541,0.0234374184905191,-0.25766325630637954,-0.05554018778339788,0.15608690554102853,-0.16106700157254736,0.043271407988283626,-0.11510733839150414,0.10216381629699944,0.2063899062266889,0.07599467675590461,0.01884731982058785,-0.08770023774568887,-0.00500698644215193,-0.10786622956927897,0.023867535263290413,0.00411719586545234,-0.08763201794148337,0.17155216659847708,0.043920050270918914,-0.06550670620746511,-0.026071761421125213,0.04962511164842923,-0.07596605910760448,-0.017946027569341383,-0.05980095254837702,-0.0822360612184342,0.019468225470295267
32003007600,las_vegas,47.55153745503106,31.611562266262727,-15.939975188768333,False,False,Neither hotspot,False,0.4142787537264181,0.4491639242163671,0.03488517048994899,Mid LST,Mid HI,Mid LST / Mid HI,274,las_vegas,Las Vegas,2024,GOOGLE/SATELLITE_EMBEDDING/V1/ANNUAL,/Users/yufeizhou/Desktop/heat-exposure-compare/outputs/pilot/alphaearth/paper_gis_figures/three_city_lstadaptive_heat_index_mismatch_GIS_READY.gpkg,las_vegas,0.11673685736660107,0.1788145858169549,0.01782719922054241,-0.036686073658646394,0.05197340852867953,0.0678672621902148,-0.034925155514545024,0.11159757623997121,-0.15389309389121922,-0.03998910729580152,0.030633606927576256,-0.04453633586594123,-0.20924124730800633,-0.12944097750012445,0.055717818692146676,0.029825607105612682,-0.02761393805893863,0.1626916684348281,0.15247386300688093,-0.06730160128832956,-0.06249542700082539,-0.16134711839001362,-0.12272256384868824,0.0348590789334459,-0.05118238622678989,0.11670345459120436,-0.11160543199655772,-0.062412964205404986,0.1499710009492714,0.1106151383506537,0.1362728555317017,0.0033294923290003707,0.16650712924623642,-0.1037978618566105,-0.025030725037406536,0.0028492588518902505,0.0347560711476327,0.0196902446800958,-0.1697801525723752,0.006159593103537955,0.13748595784992032,-0.12084501142122463,0.10447999641935203,-0.15897871106915043,0.17444695201395655,0.12972623778918999,0.035458449680695524,0.01792482359627061,-0.1356469875855113,-0.07358986730175171,-0.06968817983397424,-0.029329829088891285,0.10586638036351881,-0.07124017504328585,0.1413234550641738,0.1121743997985041,-0.08681899612386508,-0.07223357825128995,0.023946891750648056,-0.04378273694500294,-0.0232892224536019,-0.0007828809183142583,-0.005402616750984416,0.04134176064082387
32003006800,las_vegas,46.33382088024567,31.968054492595165,-14.365766387650503,False,False,Neither hotspot,True,-0.5052663260360543,0.760086822242178,1.2653531482782323,Low LST,High HI,Low LST / High HI,275,las_vegas,Las Vegas,2024,GOOGLE/SATELLITE_EMBEDDING/V1/ANNUAL,/Users/yufeizhou/Desktop/heat-exposure-compare/outputs/pilot/alphaearth/paper_gis_figures/three_city_lstadaptive_heat_index_mismatch_GIS_READY.gpkg,las_vegas,0.14331734527077997,-0.1730544533080605,0.14709022541063302,0.1389975523125774,0.012749550808121212,-0.08667531150526196,-0.02830632614423631,-0.07604119688092986,-0.23233169574340562,-0.004919337451788535,0.1939081122401149,0.03509911188570957,-0.15682855783195124,-0.1549419942584411,0.00037432641817173245,-0.06450642764768653,0.09365809076545964,0.03783356515161715,0.20796889856914474,-0.05829383505532203,-0.02192285734353448,-0.07063937848326045,-0.22405949230523706,-0.1694196222420903,-0.21159689053492814,0.12161394280128204,0.012877981922497872,-0.038901495891205215,0.06640602913247062,0.1044162475054846,0.058436478191348736,-0.12965947799651542,0.036190018541790304,-0.17236871948459265,-0.02438458492315648,0.059843858771221746,-0.07770418416977186,0.0038827337259440035,-0.22351459421542252,0.023751988877173672,0.06797208050978919,-0.06702077185566387,0.0843201474128369,-0.13031336871008584,0.07031703849897512,0.12866187786242375,-0.026597592259634373,0.05100841019572521,0.062350669019374375,-0.057183587364713157,-0.027981307373239853,0.07224798596415936,-0.11030941135287488,-0.10353375903752478,0.12137289458305105,0.03496790373149847,0.019397735403669014,-0.03457388133056927,-0.00463593163071451,-0.10932280390227646,0.09628191633443596,-0.01811035925636571,-0.17245896178624442,0.05989695866577335
32003007500,las_vegas,39.921070312183915,25.999795070571576,-13.921275241612339,False,False,Neither hotspot,True,-5.3477833408384745,-4.445267961384903,0.9025153794535719,Low LST,Low HI,Low LST / Low HI,276,las_vegas,Las Vegas,2024,GOOGLE/SATELLITE_EMBEDDING/V1/ANNUAL,/Users/yufeizhou/Desktop/heat-exposure-compare/outputs/pilot/alphaearth/paper_gis_figures/three_city_lstadaptive_heat_index_mismatch_GIS_READY.gpkg,las_vegas,0.14194298777666656,0.1357161897161822,0.006691748111294289,-0.008972876067634342,0.09039965163636719,0.04945547877529602,0.007587020293116937,0.12311791307512293,-0.17496519305423824,-0.055833171262214466,0.03383740975040195,0.011565303253642677,-0.15002476269002726,-0.06931773939296665,0.05800696119763253,0.028050038413820283,-0.01396404468503874,0.17508541725379392,0.24716778266806017,-0.12003115412331174,0.006156431520641516,-0.11640931114667066,-0.012209396964928837,-0.030132775722948597,-0.08384614151643482,0.11621310507780305,-0.1084940150764362,0.010165382511528098,0.12184747738974833,0.10740630620290413,0.10080386875904518,0.13932941234955695,0.16192544621229296,0.04553757302629446,0.09994796924889393,-0.011445391039009675,0.04653358015682786,-0.010306166717290339,-0.25626709010096527,0.06907643199042869,0.07064978841336486,-0.013270039847637246,0.10086294778775727,-0.1381225320382774,0.11741484612736987,0.1340513292831132,0.011177704603756325,0.03969547076225987,-0.09501706598319448,-0.1346280144418286,-0.011371029056605593,-0.06476240185441101,0.06170080651893449,0.017539834219353304,0.16220632387256603,0.10032155152369877,-0.13530691498246106,-0.10786059558867855,-0.006354922144774124,-0.12099594997009497,0.004318112574321117,0.00801807662301157,0.014341815142705284,0.0706732554303457
32003005705,las_vegas,49.2766361960145,31.50336269725489,-17.77327349875961,True,False,LST-only hotspot,False,1.7169678130876462,0.35479518045114206,-1.3621726326365042,High LST,Mid HI,High LST / Mid HI,277,las_vegas,Las Vegas,2024,GOOGLE/SATELLITE_EMBEDDING/V1/ANNUAL,/Users/yufeizhou/Desktop/heat-exposure-compare/outputs/pilot/alphaearth/paper_gis_figures/three_city_lstadaptive_heat_index_mismatch_GIS_READY.gpkg,las_vegas,0.19978031751469105,0.12457238532417009,0.07914639558926904,0.06794373568552686,0.04049452161786619,0.03894700254893855,-0.028923884302541194,0.08180878280981539,-0.1266202858948931,0.014863923193893814,0.13637607526763865,0.03924562876128048,-0.2908890434838455,-0.1341229254615556,0.106723051898072,0.06141489327052611,0.023386355872906734,0.06001609520410962,0.27269682059007994,-0.05617987778909172,-0.03747837121225529,-0.11916075528479564,-0.21107174040296,-0.03897890156876322,-0.11948275472177979,0.11675803451011765,-0.05321836293449164,-0.07723039804344232,0.08751555440288125,0.1137971782661067,0.11236611080841381,-0.06809019339458176,0.11544183883788808,-0.1859335259351623,-0.10109058622555908,0.02208128884156925,0.0059163892997763385,0.03475540123740091,-0.21276087589383041,0.002884024966031322,0.1907782968299847,-0.05824979222712069,0.1705511601190774,-0.18395012308407277,0.12289801262657378,0.10303927829567497,0.04709208616120258,-0.028220012706792173,-0.06648222076176105,-0.0809188297574052,-0.05590519760649719,-0.06788544852533021,0.06534695107181215,-0.1728305681717314,0.11713291096442995,0.09130463482302707,-0.007096656111519931,-0.03951572219450186,0.019617561196665453,-0.01058287158469899,-0.001177005396989261,0.03467954258343586,-0.07168561672136749,-0.013983525023785241
32003005843,las_vegas,44.24869797041627,28.484741921582422,-15.763956048833851,False,False,Neither hotspot,False,-2.0798236180492156,-2.277964387040169,-0.19814076899095356,Low LST,Low HI,Low LST / Low HI,278,las_vegas,Las Vegas,2024,GOOGLE/SATELLITE_EMBEDDING/V1/ANNUAL,/Users/yufeizhou/Desktop/heat-exposure-compare/outputs/pilot/alphaearth/paper_gis_figures/three_city_lstadaptive_heat_index_mismatch_GIS_READY.gpkg,las_vegas,0.15627852376373486,-0.14735584527604265,0.14955168130325552,0.07193467548013535,0.021719092537939508,-0.09557599174373478,-0.002079087456632692,-0.05577251651421624,-0.2726472274518721,-0.10462919310280458,0.10973762653340514,0.02862186526902238,-0.13728898805830772,-0.12639835893851506,-0.021046640082716044,-0.08221469557143651,0.08509240930381329,0.07075487752594047,0.2149724400649323,-0.04168543840458411,-0.0035823219933998163,-0.09945822313678895,-0.11755747845473381,-0.14487457045902494,-0.17685521780145216,0.1813684956908449,-0.05575865939234524,-0.04451493969502215,0.09726074166360398,0.13409112542859206,0.03338074203728311,-0.12738239341019894,0.006831448814913831,-0.15563480409167374,0.07472368404485553,0.06258146720289888,-0.09529639563440304,-0.021343366180818328,-0.2842129721279095,-0.020364210943342363,0.007749696954821716,-0.10773541547837903,0.04635445664373008,-0.07333152408797299,0.09775278984361645,0.19273963170920946,-0.03452630413428774,0.08352448894318217,0.04299179201387372,-0.04546954030260525,-0.033607684034450934,0.04286977415411899,-0.11954801487603045,-0.03814378336208719,0.1380353287524167,0.03725766073596953,-0.013491562003782834,-0.01954385959525482,-0.06704541285760103,-0.09991109766466891,0.11779086422614274,-0.02631663245501277,-0.17860056771860439,0.0851249869072497
32003003307,las_vegas,45.881063084112185,30.8977331107037,-14.983329973408484,False,False,Neither hotspot,True,-0.8471613222768816,-0.1734185989008675,0.673742723376014,Low LST,Mid HI,Low LST / Mid HI,279,las_vegas,Las Vegas,2024,GOOGLE/SATELLITE_EMBEDDING/V1/ANNUAL,/Users/yufeizhou/Desktop/heat-exposure-compare/outputs/pilot/alphaearth/paper_gis_figures/three_city_lstadaptive_heat_index_mismatch_GIS_READY.gpkg,las_vegas,0.17356403088502328,-0.11482374826014888,0.16135156314071966,0.05995060257741751,-0.0033225177331170394,-0.10048796791558677,0.0015134362275818422,-0.06524804716772861,-0.32415943777622724,-0.10051309272494852,0.10652451121871971,0.07596510714240491,-0.14292975202413433,-0.11355606612722924,-0.030076047416703097,-0.06847216885882844,0.12540061295021304,0.07979136158014251,0.22678593093679564,-0.027029297973830427,-0.016632604285041777,-0.1352640676180555,-0.15344396385861223,-0.1532288313614809,-0.13811316872198148,0.2192049918488676,-0.08364319685776724,-0.04737702709474331,0.10792619034291367,0.1216514291194645,0.054309165084228075,-0.12812707908894425,-0.026840138882972077,-0.16755387148944526,0.08084650259979165,0.08884247882947283,-0.13547473214590763,-0.02677157074635875,-0.27094417914538826,-0.027381799819831222,0.026158348418073657,-0.13010661802628282,0.05842654574420698,-0.061314331500313145,0.1124722948802617,0.16991787779556466,-0.04305560203594647,0.10758583221355991,0.06695199716383558,-0.03225865017437867,-0.02782883449322194,0.021718192084662327,-0.10026596016243969,-0.06184247930174746,0.12320790270109616,0.026327015730977933,0.015712534150569744,-0.0036553468945618546,-0.022658814253245854,-0.08748953921525145,0.10404016058987074,-0.02760564200748175,-0.1966886030323263,0.07125041196438703
32003003634,las_vegas,46.58754552652418,30.76536905919516,-15.822176467329022,False,False,Neither hotspot,False,-0.3136689913763047,-0.28886295210001844,0.024806039276286274,Mid LST,Low HI,Mid LST / Low HI,280,las_vegas,Las Vegas,2024,GOOGLE/SATELLITE_EMBEDDING/V1/ANNUAL,/Users/yufeizhou/Desktop/heat-exposure-compare/outputs/pilot/alphaearth/paper_gis_figures/three_city_lstadaptive_heat_index_mismatch_GIS_READY.gpkg,las_vegas,0.18121822590568182,-0.06911280151485269,0.16524961854772774,0.056602550959421974,0.005098839996489399,-0.09295310710013512,0.009792214569626924,-0.07084865504926484,-0.31405159370835445,-0.08649765538226106,0.10518337249950781,0.08133076049049416,-0.16719137287653016,-0.11013263153691166,-0.02675529687222365,-0.07521764845965748,0.14065097159867784,0.09593965174590743,0.23972590602001384,-0.025565529082075295,-0.011490339608035227,-0.11195851771128762,-0.14662657053299935,-0.12998382739821257,-0.1437109423733548,0.2328384074481669,-0.12184491303031023,-0.06274296920559083,0.13442275526060468,0.12831175681845355,0.07222097800228115,-0.1030324449007763,-0.020996126355918535,-0.19771272892165284,0.11502107633943102,0.06755025629461332,-0.1395178270852766,-0.029896359394248426,-0.2681489409230897,-0.027021280844501325,0.036195799288959794,-0.1499851009864549,0.05461370799902127,-0.05896663387197176,0.14053051594624366,0.17484067644237325,-0.03881587605214497,0.11845840539844954,0.05407650049596234,-0.026931465462781766,-0.028591414901261648,0.028673150393675382,-0.08478890224935884,-0.07848842111242874,0.14025210169046026,0.03720903342440135,0.007624925750483581,-0.007776037861559901,-0.01584195331605075,-0.09696798575805096,0.09906528674647862,-0.006542153631482242,-0.19632690562469166,0.06214444417033437
32003003635,las_vegas,46.59969727891159,30.76536905919516,-15.834328219716433,False,False,Neither hotspot,False,-0.3044927311941647,-0.28886295210001844,0.015629779094146257,Mid LST,Low HI,Mid LST / Low HI,281,las_vegas,Las Vegas,2024,GOOGLE/SATELLITE_EMBEDDING/V1/ANNUAL,/Users/yufeizhou/Desktop/heat-exposure-compare/outputs/pilot/alphaearth/paper_gis_figures/three_city_lstadaptive_heat_index_mismatch_GIS_READY.gpkg,las_vegas,0.19526524123091973,-0.0441010046253589,0.19052107021354364,0.05587015190357993,0.028485767431243893,-0.048707394506672386,0.05308480196979876,-0.03520831185394798,-0.32233806462959613,-0.12919050274251156,0.06275599240292842,0.05423934223219639,-0.1695670437523224,-0.08389067924310678,-0.019505010057614087,-0.057556383488331156,0.11195681637545223,0.10082037840448078,0.24817997824916974,-0.022281016628793348,-0.006523863416874969,-0.13122731710101368,-0.11128001371305123,-0.11716075011204771,-0.08802178952710028,0.28920138869065565,-0.1234943116380339,-0.0929230679626978,0.14667535426318276,0.13589549497894524,0.06572887625825848,-0.08155546672573821,-0.060847711943100506,-0.18588261468657102,0.15411391703138833,0.047580764788014325,-0.13580475363303496,-0.07140135016536832,-0.274564598907667,-0.043853005041250774,0.037892789088601504,-0.15281957050466516,0.07050518019498041,-0.0824701450318324,0.11495213449362003,0.2120168783895496,-0.05037253619794038,0.10753710002335372,0.02967236087463197,-0.050016798216466866,-0.0654957215516238,0.01725859143996534,-0.07515216577111643,-0.02958916161941529,0.14735713282990542,-0.008295453780151488,0.03395699158213435,-0.018394975169942273,-0.03745201851711325,-0.06668976203941776,0.11157709043907456,0.012927934337838906,-0.15651755441154183,0.030571124220118213
32003003644,las_vegas,47.26720222793491,30.76536905919516,-16.50183316873975,False,False,Neither hotspot,False,0.19956618062582665,-0.28886295210001844,-0.4884291327258451,Mid LST,Low HI,Mid LST / Low HI,282,las_vegas,Las Vegas,2024,GOOGLE/SATELLITE_EMBEDDING/V1/ANNUAL,/Users/yufeizhou/Desktop/heat-exposure-compare/outputs/pilot/alphaearth/paper_gis_figures/three_city_lstadaptive_heat_index_mismatch_GIS_READY.gpkg,las_vegas,0.18409149376170256,-0.10910330474370045,0.14932248464503242,0.061162627521232894,0.02385721800250493,-0.09219716092589672,-0.017370119870126332,-0.07804336931647411,-0.2963154114852349,-0.07311287511422308,0.12418042890418853,0.07021185511316397,-0.1678802964323904,-0.12143726263155827,-0.03687952271727877,-0.07663891501680332,0.14034164774468436,0.10343156362587443,0.21851294772947316,-0.0201646725444095,-0.024736480512787307,-0.11922438726234279,-0.13825977015045815,-0.13115152682126452,-0.14383533004532914,0.2402063687684838,-0.1029197370041867,-0.04589312059207478,0.13068600119533832,0.13192551712715594,0.05547934387965617,-0.1250581361840189,-0.02248190574313267,-0.19988297720294268,0.12695831958799425,0.06222052646836257,-0.13822700940048663,-0.0373449000977438,-0.25348523059782235,-0.008213622935402355,0.019462946048492802,-0.159386272822801,0.06530693500356308,-0.04980368405937774,0.1255306539044511,0.16284662901743358,-0.06108562231085593,0.11656861387285633,0.04391405602766143,-0.03592160175894925,-0.033429773675312524,0.037314553701518545,-0.061178690394131666,-0.05208970293903591,0.15175855851834363,0.017025550327319762,0.018499355891082495,0.0015823591318572976,-0.03691757277424487,-0.11108861716732027,0.10571310941654195,0.00627993396250668,-0.20008245448808584,0.07593024060370494
32003003642,las_vegas,47.460837264150975,30.76536905919516,-16.695468204955816,False,False,Neither hotspot,False,0.34578751694416593,-0.28886295210001844,-0.6346504690441843,Mid LST,Low HI,Mid LST / Low HI,283,las_vegas,Las Vegas,2024,GOOGLE/SATELLITE_EMBEDDING/V1/ANNUAL,/Users/yufeizhou/Desktop/heat-exposure-compare/outputs/pilot/alphaearth/paper_gis_figures/three_city_lstadaptive_heat_index_mismatch_GIS_READY.gpkg,las_vegas,0.1739710531331434,-0.10207871520684263,0.15088422677430705,0.060278803342619335,0.003546251337681219,-0.1170704418911532,0.012146943477231926,-0.08576679393269171,-0.29700538968171436,-0.06199290075105314,0.12994664191303232,0.07441189012132263,-0.14366705883594566,-0.12958263123484362,-0.020787826484922355,-0.08876526360256644,0.13911300955535452,0.07191691360212998,0.21038829816183363,-0.03241210983002022,-0.008900169769852227,-0.12085922803930074,-0.18047426516792806,-0.14850934169698912,-0.15291356761473343,0.18086579703250324,-0.07174204834246749,-0.02738461931368237,0.10156819016766981,0.11449601216245008,0.07584804639639425,-0.13019964182525512,0.0059844499206131475,-0.18195939596525526,0.06245263750415281,0.07267631069515774,-0.14395531885887253,-0.01020559402886242,-0.2720939866080674,-0.03054211933961711,0.05008030784232142,-0.12771371981385596,0.038429654025567195,-0.0734153785910903,0.1061210094802665,0.1617335710143152,-0.03350460724766198,0.08473431817748968,0.046876970264196856,-0.016426317914978547,-0.04473005388011724,0.053249516070259274,-0.0978818988336046,-0.08291110598623434,0.14074221110586696,0.02799275528816304,0.00946207693845954,-0.010241209993263214,-0.0034657197187043416,-0.12519389175250695,0.08722441350220221,-0.03930598695609473,-0.20513843406384313,0.08474507233714815
32003004926,las_vegas,47.9980740740741,32.08101575859078,-15.917058315483317,False,True,HI-only hotspot,True,0.7514758975257949,0.8586085896011912,0.10713269207539633,High LST,High HI,High LST / High HI,284,las_vegas,Las Vegas,2024,GOOGLE/SATELLITE_EMBEDDING/V1/ANNUAL,/Users/yufeizhou/Desktop/heat-exposure-compare/outputs/pilot/alphaearth/paper_gis_figures/three_city_lstadaptive_heat_index_mismatch_GIS_READY.gpkg,las_vegas,0.17068271181981914,-0.0744598230751898,0.15970612273647156,0.052416585078008796,-0.011642521174294759,-0.07460938129203044,0.006502954910948727,-0.05053881334586852,-0.301627299177141,-0.07487224142239766,0.13181202660649155,0.05220944632863234,-0.18158795503672792,-0.09653625081270178,-0.0035094468462735905,-0.08389711271558577,0.0935137323482521,0.05164404690058361,0.23555668861439819,-0.03635295456366721,-0.020455943739637238,-0.13145345021107988,-0.17885844608585205,-0.14671660970444309,-0.15966274928326554,0.19482899399426631,-0.09031704690816361,-0.07652758794331657,0.11734920020551654,0.13612691027974547,0.07326689226058672,-0.13193526026247204,0.0042326362304342955,-0.18703969095840492,0.03969512464557972,0.09415436592150689,-0.11429844357325004,0.0030551332124429563,-0.26025476490103894,-0.051335490461032855,0.05544384438107825,-0.1258389694415515,0.06906212791031424,-0.09722446974861065,0.09203821271618107,0.1606639887125274,-0.034624806099174094,0.08851065949606758,0.029556050395560408,-0.022025051904212146,-0.0535723739387686,0.028352076061041485,-0.056170676451114954,-0.09330753540066629,0.12374157262534685,0.03343952663959712,0.0014663261757223748,-0.007896653554057567,-0.017425345669002765,-0.08151475358254295,0.09143025430352346,-0.036891419202665546,-0.18295258101216844,0.07250462167505249
32003006104,las_vegas,47.322562918729986,32.66427146143895,-14.658291457291035,False,True,HI-only hotspot,True,0.24137118836486965,1.3673084714620738,1.125937283097204,Mid LST,High HI,Mid LST / High HI,285,las_vegas,Las Vegas,2024,GOOGLE/SATELLITE_EMBEDDING/V1/ANNUAL,/Users/yufeizhou/Desktop/heat-exposure-compare/outputs/pilot/alphaearth/paper_gis_figures/three_city_lstadaptive_heat_index_mismatch_GIS_READY.gpkg,las_vegas,0.11934689308451317,0.17026819232090643,0.07780955860696126,-0.0462736715125086,0.0058974390955135216,0.051663547615277444,-0.008990171244383746,0.12616507436791846,-0.21347835732734305,0.007812279451986463,0.030689855445924032,-0.02657614196682661,-0.24510637178734812,-0.1241258864583673,0.07231577725939467,0.02637819167536034,0.025658283591720125,0.1313688291135378,0.1504598284655806,-0.004044776378766426,-0.034410521207646184,-0.2612829572488775,-0.16327643323962943,0.05677905898751776,-0.010040579961841647,0.12036417532022117,-0.13664570871159645,-0.09532467329676192,0.12997079622225607,0.07439973769203473,0.14754942352202827,-0.08136083493838205,0.1488412941545061,-0.13115160443468712,-0.07541160302575166,0.0065511758498316515,-0.02477442200453708,0.05005509301351198,-0.17318090811894,-0.04046144718701,0.15470387155141455,-0.14891563965870572,0.05123061544135495,-0.1243984778886417,0.1092522419735535,0.1818677925199783,0.049215574437997095,0.012483664379143448,-0.15502695360983793,0.005069809413112827,-0.12808608272723107,0.03745902529403837,0.1191590724531986,-0.09747126721801731,0.15893107105974438,0.037398163206035,-0.03588001228122158,0.008591524003208494,0.08278399290667698,-0.03310205074682545,-0.08162976745397976,-0.04274943953417197,-0.08494995733348236,-0.00944656592700165
32003003314,las_vegas,47.11737623107942,29.637118028827103,-17.480258202252315,False,False,Neither hotspot,False,0.08642675140088196,-1.2728930491140098,-1.3593198005148919,Mid LST,Low HI,Mid LST / Low HI,286,las_vegas,Las Vegas,2024,GOOGLE/SATELLITE_EMBEDDING/V1/ANNUAL,/Users/yufeizhou/Desktop/heat-exposure-compare/outputs/pilot/alphaearth/paper_gis_figures/three_city_lstadaptive_heat_index_mismatch_GIS_READY.gpkg,las_vegas,0.15668458950479672,0.011067247334086759,0.13079943807183483,0.07987407783934344,0.03477453532317244,-0.02123532658380287,0.006021254658907695,0.03498871733185331,-0.25332281804643564,0.02300383132073722,0.11920610185255592,0.0001925957760515986,-0.2610995901138528,-0.11680337117293539,0.06326486246239219,-0.02405744329041256,0.022276850360465797,0.026527028552136914,0.29367352927449103,-0.06598053587515104,0.015531286122003373,-0.1895059034468845,-0.17220585936182806,-0.09974243991017971,-0.15420658385879113,0.13306191149511426,-0.05712275257271219,-0.07697018588466656,0.04216180650099658,0.09406006600373863,0.07363371730437686,-0.1102352322882733,0.07757110066685446,-0.16236447071613117,-0.053022341808496895,0.002581074059564821,-0.027097727199811298,0.07549067650337016,-0.27105614814446416,-0.06918962451551817,0.16052910109438634,-0.08427514313711398,0.08628108772956247,-0.11906228471172167,0.04994180671567752,0.1945625214881782,0.036779450160334376,-0.011900998768141637,-0.008940472414576553,-0.015931993581559396,-0.08704589609844561,0.03185592956284296,-0.02596619056361497,-0.10928608061724845,0.16445806900300505,0.04323885536028843,-0.026289920453486722,0.02394827707659536,0.003461877612337717,-0.03394200323167867,0.00012816556035533921,-0.06557710764355446,-0.13602828811422055,0.00024710157223904977
32003003620,las_vegas,46.423487903225826,30.76536905919516,-15.658118844030668,False,False,Neither hotspot,False,-0.4375552744616067,-0.28886295210001844,0.14869232236158825,Low LST,Low HI,Low LST / Low HI,287,las_vegas,Las Vegas,2024,GOOGLE/SATELLITE_EMBEDDING/V1/ANNUAL,/Users/yufeizhou/Desktop/heat-exposure-compare/outputs/pilot/alphaearth/paper_gis_figures/three_city_lstadaptive_heat_index_mismatch_GIS_READY.gpkg,las_vegas,0.17482138052005353,-0.13160817494154725,0.15376616447529642,0.07167931130453663,0.014883375624711755,-0.09114800177368915,-0.018966818380036374,-0.046182590227929025,-0.3236095581029971,-0.11066674320213754,0.10382954527913699,0.07444665832068707,-0.1308439123740857,-0.12165303847066804,-0.011698332291154424,-0.04209174926899416,0.12735645702795534,0.09664192119852733,0.22831206575230348,-0.013189336334854838,-0.02411789088557743,-0.12826841874407174,-0.12389864516286588,-0.12365955185090985,-0.10950770971639731,0.23951592584963063,-0.08817712097712205,-0.0602488360415095,0.11807964383675588,0.10654960939915858,0.008405434973134994,-0.11056652019455263,-0.054452181962513356,-0.16549298948746613,0.11197844766250548,0.07313874338735514,-0.11105653978204363,-0.04532508521292381,-0.2821149066793002,0.012398194137068405,0.026348927964328823,-0.13275967354946627,0.06963542768555725,-0.04868786527024098,0.12232489947198538,0.17780647174990558,-0.05872717381123449,0.12151784078328438,0.07616196874084924,-0.03714547220095198,-0.032521571789235856,0.024860723003480575,-0.07513602506099984,-0.04525615195742379,0.12528949116948204,0.012436344524273349,0.04697984204776206,-0.009196297080906503,-0.06286812867329537,-0.09063240283681935,0.12929257559283264,-8.801686143486351e-05,-0.18792649785327878,0.05705385340244224
32003003632,las_vegas,46.54979967948721,30.76536905919516,-15.78443062029205,False,False,Neither hotspot,False,-0.3421723464615655,-0.28886295210001844,0.05330939436154708,Mid LST,Low HI,Mid LST / Low HI,288,las_vegas,Las Vegas,2024,GOOGLE/SATELLITE_EMBEDDING/V1/ANNUAL,/Users/yufeizhou/Desktop/heat-exposure-compare/outputs/pilot/alphaearth/paper_gis_figures/three_city_lstadaptive_heat_index_mismatch_GIS_READY.gpkg,las_vegas,0.18123615545798996,-0.0827506099932458,0.1673091687810662,0.05978248290355914,0.007479473558379454,-0.07414661891342521,0.0005917337653981576,-0.06637593119450616,-0.306874158431704,-0.10420735211811893,0.10882615792827008,0.07572452069527706,-0.17108876830799621,-0.11196849626841526,-0.016197379648475747,-0.06776249066643363,0.12850269012856538,0.10418150604007972,0.24054441660757336,-0.03226499264057684,-0.019871349047445634,-0.10210432492127791,-0.1442797079809053,-0.13992479259500243,-0.14983995885854476,0.2482276009083917,-0.11137757309132458,-0.07077465751693952,0.13717327125504455,0.14424558041500984,0.06979779141866087,-0.10039890632246111,-0.032421635344916065,-0.20171523359622406,0.11467568070609595,0.06991407121179218,-0.13294116623783514,-0.05407911877651736,-0.26289688065572253,-0.024945312606388482,0.035485845692753856,-0.1436586379154922,0.0667637738282442,-0.06570631279911152,0.13420039169618453,0.1685276705058733,-0.039041808776662676,0.1139001608453972,0.04680457160162064,-0.04544377232203766,-0.031200369373668563,0.012170712158996386,-0.07932170526934111,-0.06450355039595834,0.1399070410461453,0.042819483981205504,0.004749668686949051,-0.01989412975238801,-0.02884545863119114,-0.09281996617104078,0.10772934647345728,0.01261735149539564,-0.1903342952213874,0.06106361034060881
32003005612,las_vegas,49.05007148692813,32.93461522797329,-16.115456258954843,True,True,Both LST and HI hotspot,False,1.545880001849713,1.6030950080124817,0.057215006162768756,High LST,High HI,High LST / High HI,289,las_vegas,Las Vegas,2024,GOOGLE/SATELLITE_EMBEDDING/V1/ANNUAL,/Users/yufeizhou/Desktop/heat-exposure-compare/outputs/pilot/alphaearth/paper_gis_figures/three_city_lstadaptive_heat_index_mismatch_GIS_READY.gpkg,las_vegas,0.12122770264957655,-0.024839186793304692,0.14778953865387212,0.060762296592958634,-0.044047312335351994,-0.06935389509234495,0.05367300089581932,0.020832791356259043,-0.3798893022380846,-0.15085130691824128,0.06812614187756813,-0.008685635749942328,-0.17256578965572913,-0.032070855087784615,0.033736391483987896,-0.035340742873788765,-0.0065378697402445314,0.017788692989878313,0.2262157184909967,-0.009267402931981606,-0.012947417799524272,-0.11958729302319522,-0.1354975347000231,-0.13720428421292885,-0.08342971300952824,0.15340566157534533,-0.06529986510336322,-0.11206227601351518,0.111465922471664,0.1288935794321344,0.03052776586485237,-0.10342179505079671,-0.009511068781987679,-0.1893742873557632,-0.0412744706431983,0.13833952142379202,-0.053625188192873235,0.019010597848053912,-0.3378962977358303,-0.08906346888934331,0.13562099332105318,-0.12737691032029294,0.035336254570580934,-0.10976785171186389,0.05396012689082582,0.20018333853934714,0.06602592972867473,0.06487090745079258,0.0772289438211466,-0.03361343873048306,-0.07480417723378557,-0.041660121844196464,-0.02526702445482806,-0.07941967529001184,0.02929440484723904,0.08841837273467179,-0.04748691424188246,-0.040226423353034675,-0.09939885969396951,-0.034650750456499645,0.11920174771938101,-0.042625219334760114,-0.050842931699062344,0.08900560863262728
32003002811,las_vegas,46.96564564564568,31.968054492595165,-14.997591153050514,False,False,Neither hotspot,True,-0.028150906630638066,0.760086822242178,0.7882377288728161,Mid LST,High HI,Mid LST / High HI,290,las_vegas,Las Vegas,2024,GOOGLE/SATELLITE_EMBEDDING/V1/ANNUAL,/Users/yufeizhou/Desktop/heat-exposure-compare/outputs/pilot/alphaearth/paper_gis_figures/three_city_lstadaptive_heat_index_mismatch_GIS_READY.gpkg,las_vegas,0.16692092368009634,-0.13387359384702488,0.15195035451146677,0.06527746247230548,0.013853620731012746,-0.08799065033739784,-0.021118415626825978,-0.07848394229227297,-0.2845433547997012,-0.09568163558475112,0.1103557107472293,0.048912883752361164,-0.1579593844812303,-0.11743342593943469,-0.04130840174752539,-0.08179111462815464,0.12859211125310172,0.08466821257097243,0.2060762039473983,-0.027911387936992566,-0.02681406223751827,-0.1009445298810439,-0.1290932920221688,-0.13974249922254336,-0.16317128484931553,0.2257842198369073,-0.09857082290814276,-0.0578962275988807,0.1350051507929023,0.14692482348105793,0.060088482339811164,-0.13347687888470103,-0.003803005665170324,-0.19419993918306275,0.09441229098097584,0.0806613427646314,-0.11840420427556858,-0.03074393759402836,-0.2545860364935121,-0.026725725451169413,-0.010356192375942075,-0.15081013253065287,0.06270877543970221,-0.05776918434445393,0.12836446595867573,0.17003646584299206,-0.0653615429144858,0.11782602791375095,0.043528860635097484,-0.02745668299880542,-0.02594289309677494,0.0286463141586832,-0.09163990417057605,-0.043330376056238525,0.13086027322774477,0.02059969421667453,3.3308932925938664e-05,-0.009530578153084883,-0.042627054808397596,-0.09642951264394528,0.12784611348679228,-0.013954151241834871,-0.19060012921902794,0.07963453737195982
32003002828,las_vegas,46.50247863247865,31.968054492595165,-14.534424139883484,False,False,Neither hotspot,True,-0.37790630693064914,0.760086822242178,1.1379931291728271,Mid LST,High HI,Mid LST / High HI,291,las_vegas,Las Vegas,2024,GOOGLE/SATELLITE_EMBEDDING/V1/ANNUAL,/Users/yufeizhou/Desktop/heat-exposure-compare/outputs/pilot/alphaearth/paper_gis_figures/three_city_lstadaptive_heat_index_mismatch_GIS_READY.gpkg,las_vegas,0.17934258111449775,-0.0580510076905477,0.18064103144171575,0.08012182193806162,-0.006389164866880903,-0.07857691429515286,0.03670058986339783,-0.04108070946378302,-0.31162172478659633,-0.12473314089551582,0.10408199058132916,0.030150450941919277,-0.19925319058110622,-0.08324947939232571,0.007507878073606681,-0.06832481897758526,0.08164342728313147,0.05583390191079544,0.23500343666230122,-0.03223337337757556,-0.00609203826980327,-0.14058459907738802,-0.156483855207713,-0.15447012160350013,-0.15811554747679185,0.22799451874142368,-0.0733663859032951,-0.08150385394246394,0.09554522321006019,0.15995416725286862,0.10448594458427271,-0.1264489074510622,0.0031238995661797384,-0.16640257230487207,0.05071609810122745,0.09981242146076182,-0.10069327556372566,-0.0164970758599421,-0.2877193851264578,-0.055755469637381795,0.08712774621581235,-0.12298255633270205,0.07010584910014352,-0.0908723193692446,0.08108384287451657,0.184081887661475,-0.0008895948789100398,0.07858579898375158,0.021368952071748635,-0.052016142683816435,-0.06448212220765581,0.0005491113290461229,-0.09274849378748096,-0.071840760108729,0.12507518494843273,0.04047355370674106,-0.018342136128436857,-0.014245302692097466,-0.01931304597634536,-0.044115709815983464,0.09896016687147659,-0.03024170874775775,-0.14190544917734726,0.06087952012747726
32003001712,las_vegas,47.97740318118951,31.627775852444717,-16.34962732874479,False,False,Neither hotspot,False,0.7358665034845991,0.46330497647705426,-0.2725615270075449,High LST,Mid HI,High LST / Mid HI,292,las_vegas,Las Vegas,2024,GOOGLE/SATELLITE_EMBEDDING/V1/ANNUAL,/Users/yufeizhou/Desktop/heat-exposure-compare/outputs/pilot/alphaearth/paper_gis_figures/three_city_lstadaptive_heat_index_mismatch_GIS_READY.gpkg,las_vegas,0.1769539338803824,-0.17769325993537108,0.16360932676651563,0.06013349013374665,0.016696186879894152,-0.09115709887476885,-0.04131518110933234,-0.08807375449240967,-0.29605508499019567,-0.11368218454398044,0.10755013966244355,0.07328592332342639,-0.13578993627771993,-0.14786312924758108,-0.04823552812034344,-0.0562103354174594,0.13214863604805874,0.09343917512737068,0.20140426139701995,-0.03157047503092912,-0.0312568017390327,-0.08454643945958068,-0.12519346599497388,-0.12760406396702728,-0.11939408596913084,0.24097129566841352,-0.0807083176769979,-0.02698085081222025,0.13450465546160456,0.10951782046411049,0.032826380909823774,-0.13969541725262186,-0.04705886548770593,-0.16591562687871364,0.11228263462843405,0.05533633661001631,-0.13727730147380782,-0.046170646808486655,-0.24395498362472737,-0.015084837034494671,-0.030798215197364462,-0.1524953456214975,0.048481794788803434,-0.029941587213185124,0.14369083037505054,0.15262267948537547,-0.08118934165820381,0.11798021736698276,0.09520289310452666,-0.013722865574488222,-0.010740692702851938,0.017832323714723618,-0.13022973044806876,-0.031703356891318334,0.11636902889379608,-0.026499364288939235,0.04254134473855725,-0.014670098964553645,-0.05040346810343932,-0.08843183330562247,0.13903000985757452,0.0123527533309084,-0.2214880202544507,0.07646416598251149
32003003626,las_vegas,47.31345841519322,30.77566847959049,-16.537789935602728,False,False,Neither hotspot,False,0.23449602414006557,-0.2798800756141897,-0.5143760997542552,Mid LST,Mid HI,Mid LST / Mid HI,293,las_vegas,Las Vegas,2024,GOOGLE/SATELLITE_EMBEDDING/V1/ANNUAL,/Users/yufeizhou/Desktop/heat-exposure-compare/outputs/pilot/alphaearth/paper_gis_figures/three_city_lstadaptive_heat_index_mismatch_GIS_READY.gpkg,las_vegas,0.15548523793922336,-0.17221533062763955,0.12961598641940797,0.06380441076630392,0.0010221531799858286,-0.1297603143816696,-0.008026023016903859,-0.07491855379420738,-0.28182382734899875,-0.07072705146913415,0.12511207710938527,0.07004496043083354,-0.11375397212910453,-0.13643066409116442,-0.0283047650841586,-0.07158496632913229,0.13090134199078013,0.06743469517575514,0.18122468707684317,-0.02606221032759731,-0.01977362756208693,-0.10705685518902487,-0.16221785031064367,-0.14815632476657425,-0.1404775671895762,0.15398705063822435,-0.03889250519329422,-0.004512019740830189,0.08821521135074217,0.10191736380710278,0.05402232430402356,-0.13663513068058844,-0.0013347297516614935,-0.15499066850524165,0.039600237882272404,0.08093184827144402,-0.1429446531693058,-0.010584332611923252,-0.2559609392428497,-0.0008900257042967902,0.02824956443909447,-0.11012048495817182,0.03839350279964046,-0.06559752661300582,0.09897259303244137,0.15083710705446965,-0.053763314397019354,0.09232286083113647,0.060177640693629304,-0.013694988710791847,-0.0294434048866343,0.05640501301954319,-0.11787079790359323,-0.07164907136230778,0.12064305885154057,0.015727098319514604,0.015644280004645315,-0.010174476343335575,-0.012578969462678821,-0.10821364880299585,0.10157581000654389,-0.03955244176185013,-0.2105695125723455,0.0953389523364444
32003005437,las_vegas,48.253357238158806,32.93848700216859,-15.314870235990213,True,True,Both LST and HI hotspot,False,0.9442501295113133,1.6064718649658303,0.662221735454517,High LST,High HI,High LST / High HI,294,las_vegas,Las Vegas,2024,GOOGLE/SATELLITE_EMBEDDING/V1/ANNUAL,/Users/yufeizhou/Desktop/heat-exposure-compare/outputs/pilot/alphaearth/paper_gis_figures/three_city_lstadaptive_heat_index_mismatch_GIS_READY.gpkg,las_vegas,0.1381344288074006,-0.03022312421024385,0.1103408776030264,0.040727150775337284,0.004262064942450346,0.008781160813511485,-0.023881951530403213,0.043508222943716236,-0.25084079388323616,-0.09557025612008085,0.12439844443503158,0.02068544533437587,-0.2051453638954399,-0.09288999574037524,0.06903882783279491,-0.01136827752334701,0.07274967076228167,0.08209060136542055,0.1563452018771908,0.0027937770382308906,-0.03626527649384563,-0.14926763003590166,-0.1387186869625072,-0.0879055831141857,-0.11300614307159218,0.1477028774450418,-0.10087349939586986,-0.1211623519545013,0.14602893115820537,0.1306185401977219,0.05245538709119527,-0.06978844765465497,0.06869388578518763,-0.17110129661743975,-0.04444378416944787,0.11281445287231612,-0.017778549570349293,0.004825185321668615,-0.26039393599753463,0.010400601401594968,0.06652531840323872,-0.1273720392391314,0.10439576405072114,-0.10833117070080282,0.12498129068800665,0.16725698646142134,-0.003070006163727292,0.11004556000999337,-0.024500643391207128,-0.041177183623798165,-0.04888643733915853,-0.0014967806833610557,0.014345281900774977,-0.07683294751143081,0.10179749532522717,0.08984839066444603,-0.01123279032149194,-0.03832035821248148,-0.02477359728770854,-0.036184873440895285,0.10487101935798038,-0.049548860486389484,-0.09324700374417519,0.06081296351971218
32003001005,las_vegas,47.81618500000004,31.627775852444717,-16.188409147555323,False,False,Neither hotspot,False,0.6141243934150558,0.46330497647705426,-0.1508194169380015,High LST,Mid HI,High LST / Mid HI,295,las_vegas,Las Vegas,2024,GOOGLE/SATELLITE_EMBEDDING/V1/ANNUAL,/Users/yufeizhou/Desktop/heat-exposure-compare/outputs/pilot/alphaearth/paper_gis_figures/three_city_lstadaptive_heat_index_mismatch_GIS_READY.gpkg,las_vegas,0.1651581151749163,-0.16671352864310873,0.15897206381715037,0.08168370006214928,0.00741602829466709,-0.09595643350959414,-0.02423170408083093,-0.046303819029682565,-0.3062936265579532,-0.12395637937650773,0.1340091145733948,0.041503878632456956,-0.1388970780297615,-0.12201098001891632,-0.013150064793867393,-0.054773140212703464,0.0819930331695676,0.05365524126972895,0.2197577016428845,-0.039195795771681544,-0.022757711829432262,-0.09793935909325856,-0.13440213748396374,-0.161922407046153,-0.12787994907368952,0.20521340792264708,-0.06066355248593322,-0.0308773241167648,0.08703865677726852,0.1286613675522849,0.034360948781723175,-0.1408318110171986,-0.022862592520655593,-0.1472974178940953,0.057885803485251464,0.09455631789788498,-0.11219139446789117,-0.021427689005236825,-0.2951747582323033,-0.04341455520366973,0.017006374544073874,-0.117260419635963,0.06031276083853339,-0.03914314579650507,0.10801163116697238,0.17081895432502317,-0.03330525801400389,0.10157421999578582,0.09504531479672355,-0.023478939012507485,-0.03963450336480885,0.002535321452528884,-0.11906790218481547,-0.04704010907893847,0.11118775387862975,0.0059153604495356844,0.0007200493014140856,-0.01698956010762201,-0.059287190165311844,-0.07321552085239423,0.14184900561239072,-0.021865207153084782,-0.17615637848979399,0.08257105477798649
32003001607,las_vegas,48.18080261136716,32.08101575859078,-16.099786852776383,True,True,Both LST and HI hotspot,False,0.8894613129166014,0.8586085896011912,-0.030852723315410113,High LST,High HI,High LST / High HI,296,las_vegas,Las Vegas,2024,GOOGLE/SATELLITE_EMBEDDING/V1/ANNUAL,/Users/yufeizhou/Desktop/heat-exposure-compare/outputs/pilot/alphaearth/paper_gis_figures/three_city_lstadaptive_heat_index_mismatch_GIS_READY.gpkg,las_vegas,0.17515048969076902,-0.1713212796934652,0.14843670077666093,0.07186592117451428,0.02164710413193099,-0.12611556120535564,-0.02712680780291591,-0.11051127284988695,-0.2741384420725601,-0.05657319145041324,0.10996859758896825,0.08649405224213699,-0.11640508152549642,-0.16618104214337814,-0.06982304722842324,-0.08474085772223514,0.17320016989540127,0.0926542488700975,0.18438761145411092,-0.03414519937562585,-0.0359100917497926,-0.06093770298340452,-0.16355552219401476,-0.12779132525505316,-0.1333354785264876,0.21588749857020362,-0.07118648663049369,0.015400591221001077,0.11590216228293398,0.09406594173981063,0.053149980794517125,-0.1372304517014636,-0.0257168704005529,-0.20517818522876602,0.11243338337710052,0.023274387319687513,-0.17581064911175942,-0.037445851402967835,-0.22942601180198097,0.0011326171288176946,-0.012868612001158828,-0.15723331111398103,0.05353449282419167,-0.05032807882235952,0.14689784757047658,0.15331333797456645,-0.0800593942112385,0.10200684698050144,0.09549181209782169,0.0010816857315792542,-0.015334863705391203,0.059269420463861466,-0.11825148133410154,-0.061356288871754046,0.12116545089868141,-0.026395139934668577,0.04510122566689286,-0.027714586566100697,-0.014537825693781224,-0.13782754580594467,0.1257227230170376,0.007517310114431191,-0.24516399024833946,0.07865864515189155
32003005813,las_vegas,45.79090381426206,30.68612509371,-15.104778720552059,False,False,Neither hotspot,True,-0.9152440885809139,-0.3579773999890631,0.5572666885918508,Low LST,Low HI,Low LST / Low HI,297,las_vegas,Las Vegas,2024,GOOGLE/SATELLITE_EMBEDDING/V1/ANNUAL,/Users/yufeizhou/Desktop/heat-exposure-compare/outputs/pilot/alphaearth/paper_gis_figures/three_city_lstadaptive_heat_index_mismatch_GIS_READY.gpkg,las_vegas,0.1603117458289778,-0.09942184298969375,0.16162595332375823,0.04646843981461359,0.023477777035865937,-0.0945265026379791,0.01936145131214871,-0.0576848295998693,-0.3035932818317565,-0.09992607964417359,0.07459800969908963,0.0366941647339844,-0.1522044806502502,-0.1150530406749601,-0.03947461032997449,-0.08780669701810627,0.11046345618505461,0.09420174681626671,0.23089812995195524,-0.027623676738562624,0.006583706668653245,-0.10439723814726998,-0.12577504765214995,-0.13434744594648892,-0.14681801950183973,0.20274894083004424,-0.11524273531322644,-0.05260663546429053,0.10337394207147078,0.13817100264316232,0.07997763410974103,-0.12322505898514233,0.004070036011628974,-0.18894396853894954,0.10059008096579372,0.06475656708453485,-0.13456232050602615,-0.022182461210874922,-0.28986332138643073,-0.04956616825646288,0.026727560933684072,-0.14688126452057454,0.04435404791781745,-0.07395813358537531,0.10806003055157608,0.20207181615086944,-0.04250389504924442,0.1026560235606262,0.02461281529018362,-0.03650073441614794,-0.055455795103962646,0.05010227513730892,-0.1051590675953883,-0.056775445022707004,0.13694940539497183,0.016707200118920344,-0.021817433143392913,-0.01948811887414389,-0.025386286748783456,-0.09017989990494925,0.10373141535421139,-0.04383309120401625,-0.173428946025855,0.061671087446053305
32003006103,las_vegas,47.385635658914765,32.08101575859078,-15.304619900323985,False,True,HI-only hotspot,True,0.28899986412160067,0.8586085896011912,0.5696087254795905,Mid LST,High HI,Mid LST / High HI,298,las_vegas,Las Vegas,2024,GOOGLE/SATELLITE_EMBEDDING/V1/ANNUAL,/Users/yufeizhou/Desktop/heat-exposure-compare/outputs/pilot/alphaearth/paper_gis_figures/three_city_lstadaptive_heat_index_mismatch_GIS_READY.gpkg,las_vegas,0.12196388981148606,-0.04982594252447632,0.1659428676101299,0.03136521642626469,0.027646135247798753,-0.03638542099746592,-0.018472483941006052,0.023784168447174982,-0.2630505713327545,-0.09232261403861523,0.07889249646069248,0.009868577572199149,-0.1730084869870878,-0.10665790539722986,0.02459138574992205,-0.026708689323059486,0.13883243006156232,0.1530348813576509,0.21747625659537284,-0.042386505952099536,-0.021228884504764373,-0.11609552221117499,-0.12795290469094714,-0.0846289462768357,-0.11526481907919395,0.20408917194354795,-0.15779852976427147,-0.04667005741288627,0.1458994389617515,0.12063955134844692,0.10074383671736538,-0.07325693013478955,0.016780243887641096,-0.17464392659929473,0.0530423139644731,0.044450483571361644,-0.09721089309978827,0.01747817997074116,-0.29365470599530924,0.034001524756070885,0.09262148070456341,-0.16895403587207766,0.08314165195767219,-0.0707059281171781,0.14111285902114895,0.19105432523377347,-0.03456830164695974,0.15139495698138042,-0.011612708804726151,-0.0321693637458112,-0.05655729377757428,0.05055868131115108,-0.025582783395089594,-0.07736224004998607,0.1451934292675682,0.07291509350993762,-0.01038293435950156,-0.03108557839883212,-0.009763162042977667,-0.06749694540330167,0.09613080031882812,-0.023451172897370892,-0.12904139058843395,0.03207287951159805
32003006201,las_vegas,48.32371321914804,30.894111814136732,-17.429601405011308,True,False,LST-only hotspot,False,0.9973786632687798,-0.1765769960272132,-1.173955659295993,High LST,Mid HI,High LST / Mid HI,299,las_vegas,Las Vegas,2024,GOOGLE/SATELLITE_EMBEDDING/V1/ANNUAL,/Users/yufeizhou/Desktop/heat-exposure-compare/outputs/pilot/alphaearth/paper_gis_figures/three_city_lstadaptive_heat_index_mismatch_GIS_READY.gpkg,las_vegas,0.15564421261146136,-0.07362339647302404,0.16531722736347818,0.036412537522122354,0.00607500076565118,-0.11360628806943464,0.015824999791087077,-0.08577566383486651,-0.3238847010133323,-0.08535207294359824,0.11064646900144615,0.08469252718609468,-0.12547818693723498,-0.12045599878241497,-0.04132171544171274,-0.10914810654923095,0.12804077238440983,0.08850471228338104,0.23830537770617552,-0.04272329549463917,-0.01929159846155445,-0.07535002476879374,-0.1580582057146782,-0.12352427011238634,-0.14423477088687792,0.17626498885058006,-0.10904391436647015,-0.049285480554172555,0.12309530348025385,0.1049341002661677,0.08127479105071136,-0.09718293807006556,-0.0005673001772031892,-0.1810570182687849,0.0869077209221531,0.05334815248370973,-0.1636475542907671,-0.010170786784746684,-0.2829154694444863,-0.0766888793116278,0.040753889475608984,-0.1512835314779375,0.035369135388943054,-0.07733801182827164,0.1362635376103497,0.18346198492777485,-0.03128422398250998,0.10284562053431666,0.06315951520932081,0.0019731359542854605,-0.04462178951886048,0.04343722411624215,-0.09605362865772103,-0.08707121191346655,0.1138696926306481,0.026801464944106554,-0.023882542830535224,-0.04221891447265685,-0.00043218156389788527,-0.1271501719435811,0.07641698328238446,-0.03620077832956309,-0.19751716542488917,0.06703216510620066
32003002937,las_vegas,47.28733076263928,30.68612509371,-16.60120566892928,False,False,Neither hotspot,False,0.2147660189408246,-0.3579773999890631,-0.5727434189298877,Mid LST,Low HI,Mid LST / Low HI,300,las_vegas,Las Vegas,2024,GOOGLE/SATELLITE_EMBEDDING/V1/ANNUAL,/Users/yufeizhou/Desktop/heat-exposure-compare/outputs/pilot/alphaearth/paper_gis_figures/three_city_lstadaptive_heat_index_mismatch_GIS_READY.gpkg,las_vegas,0.1769086583292012,-0.18201707074988396,0.1303373579425576,0.06363494458689642,0.037025827040786274,-0.10698041497986466,-0.04920653483366116,-0.10352721684124774,-0.2761051761517433,-0.07164586108840922,0.11367323153337165,0.08610184696141096,-0.1339527432424124,-0.17285594950876743,-0.06655466501982792,-0.07548770511394418,0.16502209396705625,0.09930980930148675,0.18419830692891756,-0.036394776613313855,-0.0416323143967965,-0.07685585968774765,-0.14713444899586262,-0.11964457870929492,-0.12685174437889582,0.22870546213475454,-0.08137217983401074,0.009140972312989291,0.11903581101298191,0.10242708826250443,0.03121596529744429,-0.13847093567143998,-0.02815390714774557,-0.19297426611527607,0.13052017994411813,0.02330352579811211,-0.14026404720549074,-0.056454282747756594,-0.2219357855376143,0.02023728337232014,-0.0307569236629002,-0.16091898656989584,0.07256033834872157,-0.04330005896035433,0.15158414599898826,0.15153320586573873,-0.09003455865669345,0.10953114414296922,0.08554223213175285,-0.019918980607794408,-0.010122493718299033,0.04661658154891599,-0.10776370630323714,-0.03279838340183119,0.13080492682399508,-0.026739416546345634,0.047991676615260326,-0.02075352797640038,-0.02982126032217637,-0.1302093325707781,0.1415291920375047,0.014747685225412328,-0.22532109906917508,0.08416930128412119
32003002938,las_vegas,47.08036656118147,30.68612509371,-16.39424146747147,False,False,Neither hotspot,False,0.058479312265228275,-0.3579773999890631,-0.4164567122542914,Mid LST,Low HI,Mid LST / Low HI,301,las_vegas,Las Vegas,2024,GOOGLE/SATELLITE_EMBEDDING/V1/ANNUAL,/Users/yufeizhou/Desktop/heat-exposure-compare/outputs/pilot/alphaearth/paper_gis_figures/three_city_lstadaptive_heat_index_mismatch_GIS_READY.gpkg,las_vegas,0.16905297174260597,-0.15483858438747727,0.15310763052275625,0.0783260845937897,0.011771214028147677,-0.10477187464706102,-0.026820799979584434,-0.08446737248179936,-0.2882747700342656,-0.11540097792134967,0.12924633347664294,0.06442404004414898,-0.1505065670532048,-0.14664715547352894,-0.03269793034523418,-0.06729247955626187,0.12003494964254895,0.0841585655588772,0.2052781487688322,-0.043897364848132885,-0.023112688594024967,-0.09146399990990695,-0.16057681511328242,-0.14442253993917048,-0.158017363279006,0.2068017119129579,-0.06827843044864668,-0.02323937589563732,0.09836016274334923,0.12978228106920378,0.04909986041859094,-0.14407944656455274,-0.02644439570244381,-0.17519601620042866,0.08576119651823348,0.06810786207222298,-0.11528469859502702,-0.03963374610466674,-0.26340235295516223,-0.002909170545238976,0.010685015143355637,-0.141247682621262,0.07009105823752625,-0.05784084571166587,0.12424786707677318,0.16044457872466764,-0.05324605747505804,0.09827801349479452,0.07470094837400335,-0.037697217997873414,-0.023038444648751284,0.027492741889107795,-0.11576552166164004,-0.03853635684558072,0.1164150051250301,0.018767931449170463,0.011999517124585475,-0.01989639942691195,-0.04363067960357241,-0.1034480019362971,0.12103377161930946,-0.005280425329889439,-0.19032395711533548,0.08738101804210592
32003002808,las_vegas,46.90449285384973,31.99728273463026,-14.90721011921947,False,True,HI-only hotspot,True,-0.07432975479127268,0.7855789060703322,0.8599086608616049,Mid LST,High HI,Mid LST / High HI,302,las_vegas,Las Vegas,2024,GOOGLE/SATELLITE_EMBEDDING/V1/ANNUAL,/Users/yufeizhou/Desktop/heat-exposure-compare/outputs/pilot/alphaearth/paper_gis_figures/three_city_lstadaptive_heat_index_mismatch_GIS_READY.gpkg,las_vegas,0.14836365583921757,-0.1427847987087226,0.16081820522633722,0.07722745711881801,-0.02343684183059306,-0.08558845568695064,0.007195983230591401,0.0022870475537480578,-0.3550624468314357,-0.17392294018460533,0.10768820201558281,0.01912352643558139,-0.14965128651189782,-0.06512271606279554,0.014201053831574627,-0.02813780706372471,0.026900000803438805,0.036712710865761146,0.22625309933678914,-0.02418607184094518,-0.012576510728452634,-0.13221497611942698,-0.09955284945867134,-0.1787369246662789,-0.10768517584988939,0.1865147250536603,-0.04910053397421252,-0.08578558070431125,0.07993213526255,0.1345354828527899,0.013805685671882213,-0.11571102389961935,-0.06678639962521506,-0.11539128965824508,0.021178555215293368,0.13347448073889254,-0.06505752792732795,-0.03047712839401482,-0.3010930423662531,-0.05343995424622313,0.05926821349103999,-0.10212162136566745,0.04783144278583263,-0.064446531743236,0.07715357818745265,0.17642484959382831,-0.0144638409390217,0.1077751285490882,0.0800820963432765,-0.0340759043307308,-0.031790859154706926,-0.027782824288775973,-0.09616638004404172,-0.02348408209385252,0.07124437291433333,0.04626590308337714,-0.017077510084744087,-0.00036162256251377804,-0.10538958762549681,-0.02609594092087845,0.13604237937506602,-0.018215624023150377,-0.12579296809594254,0.08874882621675602
32003002810,las_vegas,46.40539662447261,31.968054492595165,-14.437342131877443,False,False,Neither hotspot,True,-0.4512167016841644,0.760086822242178,1.2113035239263423,Low LST,High HI,Low LST / High HI,303,las_vegas,Las Vegas,2024,GOOGLE/SATELLITE_EMBEDDING/V1/ANNUAL,/Users/yufeizhou/Desktop/heat-exposure-compare/outputs/pilot/alphaearth/paper_gis_figures/three_city_lstadaptive_heat_index_mismatch_GIS_READY.gpkg,las_vegas,0.167686600103199,-0.11031291731024002,0.14558592244094418,0.06652122993890154,0.002068970310180317,-0.10578995325674184,0.0023371459624086616,-0.06002340843386019,-0.30400401127713167,-0.07077885148422682,0.11925637883788083,0.05242868820087923,-0.15967526105064897,-0.11166174255050258,-0.023145859469040856,-0.08343790994102743,0.11832478917549111,0.07894348332669199,0.20530571984308188,-0.01592665871850828,-0.020578049421003965,-0.12520814029457314,-0.1612070813275279,-0.14763814774872527,-0.14722104195464708,0.20589465168139293,-0.06982150802405283,-0.046025431202081,0.10731034942568053,0.13794987779440726,0.08113544240116537,-0.14506833459431062,0.013017826138269005,-0.19120311834221987,0.06645333425842423,0.08565735632296087,-0.12303912198027271,-0.011226171939949814,-0.2566759967763812,-0.03996773018385092,0.04783613140919405,-0.15786489947075014,0.06728891686167687,-0.0751781579408881,0.0976946433503426,0.16614397019440943,-0.03739574085657244,0.09588910180392503,0.03884665697019183,-0.03069425032714034,-0.05049130393529473,0.032630782487785594,-0.07320301721512137,-0.079494897571297,0.12556385258427358,0.024457230070773234,-0.00799953399903357,-0.016434807498315076,-0.00406215103148789,-0.10432236179805394,0.10983801298269438,-0.02090208887187769,-0.17384106880199374,0.08052798868771774
32003003421,las_vegas,46.180552699228826,30.68612509371,-15.494427605518826,False,False,Neither hotspot,False,-0.6210050822100999,-0.3579773999890631,0.2630276822210368,Low LST,Low HI,Low LST / Low HI,304,las_vegas,Las Vegas,2024,GOOGLE/SATELLITE_EMBEDDING/V1/ANNUAL,/Users/yufeizhou/Desktop/heat-exposure-compare/outputs/pilot/alphaearth/paper_gis_figures/three_city_lstadaptive_heat_index_mismatch_GIS_READY.gpkg,las_vegas,0.1653098024842385,-0.16059942778102212,0.14063899094636056,0.05568528069700608,-0.015201592513516595,-0.1248045384731962,-0.017232992202991283,-0.08360225995182942,-0.3081606314519909,-0.1113075078729149,0.1199460835582868,0.08450909181593594,-0.13316920515328165,-0.1282577415621108,-0.03156328572557006,-0.08593048316950502,0.14110228845091644,0.09097026317198785,0.19306783373349623,-0.02621930119635645,0.0003657991164045856,-0.12546278244143988,-0.15395992540856024,-0.1475519543334567,-0.15792153509347867,0.18031697972371072,-0.08454914620355916,-0.02864281909616968,0.10032371822811835,0.11791835843742868,0.03965650461824191,-0.13991436223755968,-0.026154648006312564,-0.17303453063639052,0.06648160943412448,0.0795038411566339,-0.14009567512508084,-0.03419838960036107,-0.2464106517174932,-0.013000047488727903,0.007383736213730876,-0.13212298129657726,0.048655770034411815,-0.06069427354615646,0.11155663505818048,0.15598962223276872,-0.05735446306115372,0.11529210482734277,0.07683151399552783,-0.023932789506576114,-0.01629842534980428,0.035138732859415406,-0.11924026457546232,-0.04552413984426905,0.1081426142547464,0.02839951935197827,0.006031767867668509,-0.0030596356265358365,-0.03090356166906649,-0.10351960102308994,0.10790361289510952,-0.03521947072720684,-0.20488149125770705,0.09101270428322675
32003003227,las_vegas,44.51136800000003,28.484741921582422,-16.02662607841761,False,False,Neither hotspot,False,-1.8814712770314568,-2.277964387040169,-0.39649311000871235,Low LST,Low HI,Low LST / Low HI,305,las_vegas,Las Vegas,2024,GOOGLE/SATELLITE_EMBEDDING/V1/ANNUAL,/Users/yufeizhou/Desktop/heat-exposure-compare/outputs/pilot/alphaearth/paper_gis_figures/three_city_lstadaptive_heat_index_mismatch_GIS_READY.gpkg,las_vegas,0.1669071209819449,-0.15468513687466948,0.13453690517835099,0.06690682178416099,0.04479726443877085,-0.10655127091311939,-0.033476462040012825,-0.050633981850603284,-0.2700789565939916,-0.1042153880164213,0.0950537304932992,0.04606226896277647,-0.12920154131680017,-0.13946795685734478,-0.036327975066855214,-0.07541381965850959,0.10684081711092448,0.08468784169956732,0.19395534282805663,-0.018908826262856393,-0.031372466896604084,-0.08977168168999176,-0.09611265934016391,-0.12112995600222336,-0.1436709052855393,0.2171892507735141,-0.08079523229416173,-0.02599390643593121,0.12830667578241725,0.12025599599969525,0.016085064239312122,-0.12269028691867094,0.007623040490666285,-0.16181125600652269,0.12575659604479386,0.05081497826195811,-0.09327740491494943,-0.042531429857672255,-0.27305073941643926,0.016166944463193906,-0.03113087017939538,-0.13646392660667228,0.07242275280902043,-0.05722767449966636,0.12208109165534504,0.19209693484371002,-0.06278411464444003,0.11513207774369878,0.05355813916848283,-0.04763355594342219,-0.02774276355376835,0.030327259750891983,-0.09647377018732636,-0.021413071120685526,0.13564192676591705,0.004515880948137154,0.015868037041494313,-0.02030776180429615,-0.07145248968299699,-0.1188513440381411,0.15793463502384392,0.008049847960311812,-0.1735815288592561,0.08916221989175724
32003003306,las_vegas,46.34903951486701,30.8977331107037,-15.451306404163308,False,False,Neither hotspot,False,-0.49377414396632807,-0.1734185989008675,0.3203555450654606,Low LST,Mid HI,Low LST / Mid HI,306,las_vegas,Las Vegas,2024,GOOGLE/SATELLITE_EMBEDDING/V1/ANNUAL,/Users/yufeizhou/Desktop/heat-exposure-compare/outputs/pilot/alphaearth/paper_gis_figures/three_city_lstadaptive_heat_index_mismatch_GIS_READY.gpkg,las_vegas,0.1739743130337446,-0.13333298856255146,0.16716006407735542,0.0647920486000974,0.011175581262594004,-0.07498109410510762,0.005419904292761978,-0.029444523902608044,-0.3410000241358037,-0.1397957324012665,0.08374892351871414,0.05903832837909497,-0.13493894086393063,-0.09667414719859434,-0.0013840633135844256,-0.034167595471911706,0.07812985458189431,0.08827554483750842,0.22705897403848738,-0.009667435047626401,-0.023955844063045788,-0.16071219699585826,-0.11897199146830732,-0.14747100423079648,-0.0970212726044103,0.24370002734289734,-0.06610229236583369,-0.06881175807635401,0.10974246205698839,0.105483300233704,0.01997239256234228,-0.12042934378086795,-0.07695897887408808,-0.12539503060412255,0.07750334615719193,0.1106489864273452,-0.08532288019244058,-0.039348301719625056,-0.29323296183220476,-0.006837913492282718,0.02750577566152385,-0.13725764075241637,0.061494675336344624,-0.05071746352713776,0.11671197612438863,0.17280328518233004,-0.047497075930502855,0.12037541864860388,0.07204628154967321,-0.03389651791188828,-0.0299466520390345,-0.009967435069098496,-0.09857429655854394,-0.03076990640350359,0.0990505295488267,0.0025703789777645073,0.025197468911160904,0.0009077475707032819,-0.058864417136934195,-0.04822108510801168,0.12015697987855857,-0.021738596943873728,-0.17471903720860157,0.061669832089639644
32003003408,las_vegas,46.033301587301615,30.8977331107037,-15.135568476597914,False,False,Neither hotspot,True,-0.7322001158213354,-0.1734185989008675,0.5587815169204678,Low LST,Mid HI,Low LST / Mid HI,307,las_vegas,Las Vegas,2024,GOOGLE/SATELLITE_EMBEDDING/V1/ANNUAL,/Users/yufeizhou/Desktop/heat-exposure-compare/outputs/pilot/alphaearth/paper_gis_figures/three_city_lstadaptive_heat_index_mismatch_GIS_READY.gpkg,las_vegas,0.16655387211241424,-0.12237287771672396,0.1627921786109352,0.05999436462419281,-0.00150601037324157,-0.0853273263303943,-0.004667956411707561,-0.06966127792428414,-0.3154328816914264,-0.1346365274658902,0.10516009078047604,0.06689629810163408,-0.1545927965238712,-0.09326380519019319,-0.009254916714510782,-0.06899912705387476,0.11581070508434115,0.08044904287211983,0.23158176112553194,-0.012503360480555137,-0.004420094393324571,-0.1043210732709133,-0.13002493072318247,-0.15430282340230575,-0.14430610955932124,0.22553512136125972,-0.0854732119262171,-0.060830885879914476,0.12460288473606757,0.12497677653977676,0.04742508099019236,-0.11888402997816556,-0.03952288733211142,-0.1733985785986691,0.07060679442807907,0.09522594730585807,-0.11833393396442964,-0.01788033273950026,-0.2782369125510121,-0.021417275150489537,0.006336951259034212,-0.13151477061516914,0.07593589261233637,-0.06270840524283079,0.11863646560679857,0.15934546369233732,-0.03992138765415383,0.11487636262313695,0.08706624812816713,-0.03089551829063932,-0.020182267726205707,-0.005515298383654439,-0.11178756224270864,-0.0648179589480659,0.12559896937025977,0.03393042842306632,0.010785628099899134,-0.013731756495303034,-0.04595040944754367,-0.08311484230234893,0.14032480281557308,-0.020378983315898016,-0.19230682799730162,0.06995954314503722
32003003409,las_vegas,46.20556368068255,30.8977331107037,-15.30783056997885,False,False,Neither hotspot,False,-0.6021183187283291,-0.1734185989008675,0.4286997198274616,Low LST,Mid HI,Low LST / Mid HI,308,las_vegas,Las Vegas,2024,GOOGLE/SATELLITE_EMBEDDING/V1/ANNUAL,/Users/yufeizhou/Desktop/heat-exposure-compare/outputs/pilot/alphaearth/paper_gis_figures/three_city_lstadaptive_heat_index_mismatch_GIS_READY.gpkg,las_vegas,0.17047606034233148,-0.12499928681930647,0.1633395049709994,0.052894524038619224,0.005551744653000267,-0.09044921497726358,-0.016204709235295406,-0.10933208158771297,-0.29238493493530904,-0.09582930864500731,0.12334878080006718,0.07942250421707464,-0.15355021593248186,-0.1481457563176076,-0.03276843625992944,-0.08480244008174685,0.1394229365638834,0.10628979413473566,0.21825598225383297,-0.024854222619316035,-0.023033375092183433,-0.08110691770418886,-0.15777784108687135,-0.13222148316723548,-0.1500565004306628,0.22796007776911248,-0.09645435224544291,-0.03572476300570141,0.14552436831845134,0.10450954457549295,0.07839565989986365,-0.11754098582929079,-0.01580433071236269,-0.17009032351513723,0.08286058566623127,0.0585111856555623,-0.1442653190781977,-0.014872810141213996,-0.2454968226464542,-0.029807817496557934,-0.010156134233197639,-0.15913834043710234,0.06693420708499562,-0.0501506022636819,0.15139026839224964,0.15911248571713227,-0.06084836288411606,0.09735378343448273,0.08871090961053817,-0.013722912806615886,-0.03566597369386342,0.031278733753408644,-0.10967739564063547,-0.06871246270946266,0.1181916916898375,0.002393867527866755,0.01834485779511041,-0.02716423467874567,0.013459218119245582,-0.10651886507630763,0.10951271789014061,-0.024361273525231476,-0.21636297704811364,0.06482489616110519
32003003412,las_vegas,46.718915431081854,30.8977331107037,-15.821182320378153,False,False,Neither hotspot,False,-0.21446647425021315,-0.1734185989008675,0.04104787534934565,Mid LST,Mid HI,Mid LST / Mid HI,309,las_vegas,Las Vegas,2024,GOOGLE/SATELLITE_EMBEDDING/V1/ANNUAL,/Users/yufeizhou/Desktop/heat-exposure-compare/outputs/pilot/alphaearth/paper_gis_figures/three_city_lstadaptive_heat_index_mismatch_GIS_READY.gpkg,las_vegas,0.18143670897246528,-0.12036467380191089,0.17251622939164887,0.04816205036475668,0.007863520391674062,-0.06811769518718579,0.003213800112766628,-0.08397322936005598,-0.2902882262950645,-0.14676067750550664,0.10103372656382055,0.06594053371727043,-0.16544163856292712,-0.12292078608736551,-0.019637861594928616,-0.06567657233882057,0.12170974683264803,0.10150504332437976,0.2267364450131807,-0.01620167904760853,-0.01837722354205706,-0.08409834267892413,-0.13035709430832249,-0.13379542717425286,-0.12387297297054867,0.2487361763709018,-0.09864478263113123,-0.06246519602133859,0.1472349976955834,0.12240871062816759,0.057823458081403455,-0.11461968351008275,-0.05816975825197053,-0.15990684419145762,0.09609318651873047,0.06852135217298533,-0.13125585681971286,-0.04360543834082112,-0.2561074227120347,-0.028419311800842877,-0.013233069317596158,-0.15134909136416752,0.07314920600902314,-0.05472055711069385,0.14703058006302186,0.15944583040069432,-0.06763649995946819,0.1059754076996609,0.08205149278114204,-0.021274458129312012,-0.0221453771046889,-0.004385739983720487,-0.12099016136268367,-0.03374264987182865,0.11730292284863961,0.0055819808598663,0.018511512647821363,-0.02629918120967709,-0.029826200269057884,-0.07943028997903306,0.1337944505451716,0.004145592507084,-0.20473400051520926,0.07096446296190566
32003003413,las_vegas,47.2237545126354,30.8977331107037,-16.3260214019317,False,False,Neither hotspot,False,0.16675712336418627,-0.1734185989008675,-0.34017572226505377,Mid LST,Mid HI,Mid LST / Mid HI,310,las_vegas,Las Vegas,2024,GOOGLE/SATELLITE_EMBEDDING/V1/ANNUAL,/Users/yufeizhou/Desktop/heat-exposure-compare/outputs/pilot/alphaearth/paper_gis_figures/three_city_lstadaptive_heat_index_mismatch_GIS_READY.gpkg,las_vegas,0.1808081808581766,-0.11632746879447603,0.16063341383533886,0.0747954492818289,0.025878332080648506,-0.08281765575307952,0.0030674336376343273,-0.07365635736984545,-0.300394552304535,-0.10622421529126515,0.11644590251334916,0.05651680089894745,-0.15968825103953768,-0.12864217679914425,-0.025739908228673503,-0.06658579696240129,0.12162830311444965,0.08781059247042831,0.2245005775849326,-0.03307715535640917,-0.02446309847138345,-0.10656931981056697,-0.1580194835462289,-0.14326994275667704,-0.12828207062624555,0.24123303899819612,-0.0816189728092082,-0.04083511305956565,0.11818572428248145,0.12959058099315512,0.057554638290711946,-0.12270185154899584,-0.036477554115099384,-0.17202619898925817,0.0869485819835692,0.05612328179051358,-0.13282762092049946,-0.03706045481120401,-0.2709303410666398,-0.01567149515444009,0.024745799931453517,-0.15177967285916447,0.07953895481512488,-0.06960116221156508,0.13120009486551745,0.17166305758503858,-0.049526440778445355,0.08800805732392827,0.06958489923614153,-0.029487276635015065,-0.03849615041987799,0.01580309765377117,-0.10419081305743691,-0.05375909363499344,0.12632410393530846,0.00817908941534361,0.021376118511125357,-0.02373350577199618,-0.018337886830626784,-0.09838335210752396,0.1225131923987643,-0.0015480239897414992,-0.1885136004324511,0.06887431686440935
32003003414,las_vegas,47.33543936446175,30.8977331107037,-16.437706253758048,False,False,Neither hotspot,False,0.25109469263724754,-0.1734185989008675,-0.424513291538115,Mid LST,Mid HI,Mid LST / Mid HI,311,las_vegas,Las Vegas,2024,GOOGLE/SATELLITE_EMBEDDING/V1/ANNUAL,/Users/yufeizhou/Desktop/heat-exposure-compare/outputs/pilot/alphaearth/paper_gis_figures/three_city_lstadaptive_heat_index_mismatch_GIS_READY.gpkg,las_vegas,0.17253320311646891,-0.12333141893763433,0.16984993731493894,0.08840435585385477,0.011710566754063224,-0.10252126624027252,-0.0002725176089453092,-0.06478563507714806,-0.30191403170508063,-0.11182248877394411,0.1136542403034215,0.05306629546311344,-0.15470282723516293,-0.12208646629182658,-0.028175318252664894,-0.0681757289302404,0.1053586085289173,0.0799883633584157,0.21272857961719516,-0.037690298903432826,-0.021820777062515864,-0.11216163325597533,-0.15976879565744542,-0.15310936840051675,-0.14707606460755254,0.22214405998890654,-0.06732735569936961,-0.03530290303044757,0.09453190127517648,0.1307127536153536,0.059243410222993405,-0.13441535673259375,-0.027526307224389465,-0.17175348789249234,0.07660429464030337,0.07049208651409786,-0.11808872217527075,-0.03263481633572834,-0.2701005519643649,-0.011771946658086459,0.03365907662832743,-0.13959576580262043,0.07164234936880805,-0.0758930241391632,0.11649170876224291,0.17943612509763038,-0.03640444565931289,0.0945082835903892,0.0705236251685649,-0.03355051806718597,-0.030054469077525008,0.026913275112121823,-0.11976369347198935,-0.05310378277492052,0.12278187792070352,0.01767753955604356,0.010650261649359439,-0.015794861873896834,-0.031236191769090108,-0.09246558814837408,0.1121418633452595,-0.015191573461576444,-0.17580795885977218,0.07923161043812096
32003003415,las_vegas,46.13100026709405,30.8977331107037,-15.233267156390351,False,False,Neither hotspot,True,-0.6584240482513776,-0.1734185989008675,0.48500544935051004,Low LST,Mid HI,Low LST / Mid HI,312,las_vegas,Las Vegas,2024,GOOGLE/SATELLITE_EMBEDDING/V1/ANNUAL,/Users/yufeizhou/Desktop/heat-exposure-compare/outputs/pilot/alphaearth/paper_gis_figures/three_city_lstadaptive_heat_index_mismatch_GIS_READY.gpkg,las_vegas,0.16233190077797285,-0.15924748569105177,0.1450732576543229,0.05985512448360036,-0.006682457445054703,-0.10955686559143255,-0.012407519182950705,-0.07164171534321817,-0.2888943155544802,-0.10529630016140636,0.1160137998996993,0.06436053254830428,-0.13748837945685546,-0.1312503883815897,-0.027940236320825117,-0.08800665046273135,0.1291825141238932,0.08022493797035099,0.179264743469157,-0.016921033178498683,-0.022225622397791932,-0.11338169010887181,-0.16581744550953906,-0.14183941722624857,-0.15212420081208175,0.19414290341432686,-0.0680818037453796,-0.03495195010218871,0.11909534702197479,0.12351308875103048,0.048612890134806866,-0.14442040509109227,-0.013028949957452875,-0.16436839954097796,0.0530563831538439,0.08819320786037985,-0.12512855784420626,-0.033281852660200145,-0.23985204402199098,-0.007821220022873006,-0.00040024788934313224,-0.13458763466157628,0.0635916384472476,-0.07925144877780853,0.10612647884662915,0.15518903759304553,-0.06393992261923964,0.10705687666758644,0.059539612015112486,-0.024498157923088213,-0.025102829713421898,0.04238841371337818,-0.11021578456005611,-0.04738044424336168,0.10831757032102103,0.019778826736692113,0.010701315126741337,-0.01596091022596703,-0.02174162927816978,-0.096877509513152,0.11528927394041781,-0.04022284918316599,-0.19532168160706137,0.09361886276857613
32003005875,las_vegas,44.79638759689926,28.925018556007934,-15.871369040891324,False,False,Neither hotspot,False,-1.6662419097127474,-1.893966989629951,-0.22772507991720348,Low LST,Low HI,Low LST / Low HI,313,las_vegas,Las Vegas,2024,GOOGLE/SATELLITE_EMBEDDING/V1/ANNUAL,/Users/yufeizhou/Desktop/heat-exposure-compare/outputs/pilot/alphaearth/paper_gis_figures/three_city_lstadaptive_heat_index_mismatch_GIS_READY.gpkg,las_vegas,0.1617111499727522,-0.12208506214545374,0.16668418992822684,0.05961084548229671,0.014581405844615238,-0.10191327166098137,-0.009366635516960264,-0.07105609986079921,-0.3068671776280597,-0.0977788389899273,0.10780195063441701,0.07397052375019796,-0.14242654486275588,-0.11537471519173254,-0.029696680324280685,-0.08693855960577179,0.1141204448462133,0.10913182695236665,0.23032142292751162,-0.041720315779031986,0.0051099390136391636,-0.11346145582275476,-0.1198773419171724,-0.12861177063422008,-0.16997661093826755,0.18829951526650018,-0.11363961224841376,-0.05015277926621255,0.11745739526780087,0.1296854483106322,0.06331538092181167,-0.11841370519281189,-0.0014365745805484784,-0.18727740794337125,0.09828740779082666,0.058678625169229504,-0.1261612564928967,-0.030192447018711478,-0.27323361665803264,-0.027929435243342855,0.011193823766224641,-0.14432810975838217,0.04289049981166012,-0.0714962034451494,0.1132829809205077,0.19550013382337372,-0.05267152686783495,0.11676064277661978,0.05430261278150691,-0.038604537737099674,-0.03910687914159027,0.05229474995361654,-0.09356474436107455,-0.03417252352934904,0.13443353700458738,0.026049599183405332,-0.01738561696178982,-0.021395521324488225,-0.04053129540162351,-0.12089914833367996,0.09234991238932336,-0.03416063129624295,-0.17194351334506716,0.05910731315467112
32003005115,las_vegas,47.03888420460935,32.104452955425614,-14.934431249183739,False,True,HI-only hotspot,True,0.027154373709993438,0.8790498801068993,0.8518955063969059,Mid LST,High HI,Mid LST / High HI,314,las_vegas,Las Vegas,2024,GOOGLE/SATELLITE_EMBEDDING/V1/ANNUAL,/Users/yufeizhou/Desktop/heat-exposure-compare/outputs/pilot/alphaearth/paper_gis_figures/three_city_lstadaptive_heat_index_mismatch_GIS_READY.gpkg,las_vegas,0.17169289527254009,-0.13734610176830464,0.15515338294529038,0.062295755988457456,0.00762690116595508,-0.12131098097894796,0.007578565592317469,-0.08567608972175295,-0.2911073920006677,-0.09536080677009035,0.09600637884197484,0.06792232027985297,-0.14774424112099876,-0.1347018630528641,-0.04717022593239314,-0.07437504431094343,0.13836273752018521,0.09352175424147421,0.19520945000866718,-0.04280542962329233,-0.009106590373904197,-0.09500236228904088,-0.1396430292053812,-0.12204479817592429,-0.14534611043091242,0.18934671994899213,-0.08614325718397678,-0.030997713180019308,0.12664601901135839,0.1242133994973856,0.07357033380422254,-0.12299929017898582,-0.008054638664301957,-0.18958193491973874,0.09848031483725918,0.054950951724494,-0.1523768212280723,-0.0319593303502716,-0.2502147749253232,-0.0365268366041042,0.013081632581274132,-0.14464185595379084,0.03382342734108693,-0.052979452113604976,0.1285223937192598,0.19467011220166003,-0.06727244498635572,0.10310102641779574,0.04725137503483272,-0.021832079829712078,-0.03333992142229733,0.05281610533059355,-0.12181410358849994,-0.045347261083951235,0.11768693919398004,0.0005235065716680572,0.013978532770380143,-0.01738409120586978,-0.013468394131958397,-0.10447549277112309,0.10507094136612721,-0.014283630151194304,-0.18815224470179504,0.06713892483912004
32003005873,las_vegas,45.60764608233735,28.484741921582422,-17.122904160754924,False,False,Neither hotspot,False,-1.0536291193911398,-2.277964387040169,-1.2243352676490293,Low LST,Low HI,Low LST / Low HI,315,las_vegas,Las Vegas,2024,GOOGLE/SATELLITE_EMBEDDING/V1/ANNUAL,/Users/yufeizhou/Desktop/heat-exposure-compare/outputs/pilot/alphaearth/paper_gis_figures/three_city_lstadaptive_heat_index_mismatch_GIS_READY.gpkg,las_vegas,0.1722641798066004,-0.13481280513407612,0.15771775431692037,0.06745897394365485,0.08210614938903418,-0.07352841791073327,-0.021522355981142854,-0.03864917209425946,-0.3169892899313636,-0.10767999084941703,0.059269960855412696,0.05241532647141155,-0.1148307053682238,-0.12441403365995342,-0.05602949031146533,-0.06075053032580125,0.09466484685881424,0.10495648493689778,0.22474163915165637,-0.023712207427568795,-0.032784363430366954,-0.09020889559418246,-0.05487753159737658,-0.10690094274038031,-0.10678995275933005,0.2528860434771031,-0.11281609964577725,-0.04622622484574788,0.13279660706787647,0.09328584665379688,-0.025033417992857538,-0.08033864954364392,-0.04242871555204458,-0.16663018019898226,0.18578092749552502,0.010921421441783636,-0.07413326259302967,-0.07884968288883244,-0.2825012243917501,0.022931640297264914,-0.032299983087969074,-0.14505468458282153,0.09376693496145938,-0.07413737592242646,0.1368290648320831,0.22322400088373984,-0.08711998304433037,0.12908929522236826,0.06469143280580754,-0.05876021761821836,-0.03997252422172568,0.0376137519408467,-0.0635533383741628,0.013097666957628408,0.14070287550749347,-0.022732302151015182,0.03619416255778182,-0.0356661313820686,-0.11057962630136747,-0.12377341957490774,0.15800769789176106,0.011574368220525672,-0.1522793273117169,0.052980455342554925
32003002814,las_vegas,47.05672104018915,31.968054492595165,-15.088666547593988,False,False,Neither hotspot,True,0.04062366101014199,0.760086822242178,0.719463161232036,Mid LST,High HI,Mid LST / High HI,316,las_vegas,Las Vegas,2024,GOOGLE/SATELLITE_EMBEDDING/V1/ANNUAL,/Users/yufeizhou/Desktop/heat-exposure-compare/outputs/pilot/alphaearth/paper_gis_figures/three_city_lstadaptive_heat_index_mismatch_GIS_READY.gpkg,las_vegas,0.16522593510006398,-0.1295520090605696,0.15862777832588676,0.0648350774418455,0.014541148293273786,-0.07677503265186221,-0.015071707007072343,-0.07191324383462536,-0.28203770473642775,-0.10403271811159119,0.10490204223160854,0.05606486621912989,-0.14373128192580994,-0.11638146466317237,-0.03803546136152623,-0.07547768579628018,0.1337463401303407,0.08867447895740538,0.2110876373156414,-0.03587069729915356,-0.022670112620949368,-0.10801165366810925,-0.11543218680776442,-0.12829799405880113,-0.15744538939513159,0.22183918644450787,-0.09535032335648504,-0.06257993015437685,0.13601143035481866,0.1457258159938649,0.05197445705540608,-0.1250326450669085,-0.017691800546178367,-0.19501035807883596,0.1020329077606326,0.07317859798195507,-0.12514659424817634,-0.037377800683416465,-0.2587057132007957,-0.023755382686976252,0.002358667719516729,-0.15194206107790928,0.058105504504622006,-0.06228777582145555,0.1251883973804132,0.1806596297105932,-0.06914311002526054,0.11705916022572471,0.04134404888843728,-0.036056596291347456,-0.03212550027016789,0.03272732466088766,-0.0916939485422725,-0.03928602830378975,0.126675165870402,0.012141196920129237,0.0070808938707415,-0.01598420005617918,-0.04875666098669878,-0.09599574683991587,0.11523912122877168,-0.0021545338674344165,-0.18549839345555308,0.07489735415714338
32003005805,las_vegas,44.89272001823988,30.68612509371,-14.206594924529877,False,False,Neither hotspot,True,-1.5934975569630252,-0.3579773999890631,1.235520156973962,Low LST,Low HI,Low LST / Low HI,317,las_vegas,Las Vegas,2024,GOOGLE/SATELLITE_EMBEDDING/V1/ANNUAL,/Users/yufeizhou/Desktop/heat-exposure-compare/outputs/pilot/alphaearth/paper_gis_figures/three_city_lstadaptive_heat_index_mismatch_GIS_READY.gpkg,las_vegas,0.1612906634335655,-0.16286531633538923,0.17512301013561213,0.059935542343263246,0.027398716117231783,-0.07453572919878021,0.015041728560673184,-0.028794584200871713,-0.3103535682605404,-0.16746856724931813,0.09185011605854458,0.02988586348185117,-0.11801900117404465,-0.09963064420596211,-0.013134085769741519,-0.03608012411804846,0.04681926400642804,0.09619274817117938,0.19581673544716,-0.012178895279792526,-0.013743403804386491,-0.15724944410967376,-0.08059815523566373,-0.13044224758980852,-0.08850360890488249,0.2108452843856217,-0.05523200587238703,-0.07865956870448279,0.11677492234326053,0.10535678135313176,0.010798983628434592,-0.11379139035353794,-0.07743536965366311,-0.11442375610951097,0.07491735950073956,0.088774775293044,-0.07171273045590344,-0.07531292634645151,-0.2784081304332977,-0.015107916186345754,0.00876304652713428,-0.13745052193517576,0.061201512621943684,-0.07953922770660457,0.11199591477630758,0.1910720814684456,-0.052872245879470856,0.12019375699991912,0.0664885993303426,-0.0510888938046547,-0.037943033742244024,-0.0011976929852302544,-0.10404997776923254,0.03446882992577546,0.08705774037920239,-0.010036815779935912,0.01870713222400711,-0.017582230917902925,-0.09032226695498334,-0.05556769102746768,0.11981432799686079,-0.008976010933907704,-0.1260548176168059,0.06034100503260238
32003002823,las_vegas,48.00803403755871,31.968054492595165,-16.039979544963543,True,False,LST-only hotspot,False,0.7589970527818959,0.760086822242178,0.001089769460282164,High LST,High HI,High LST / High HI,318,las_vegas,Las Vegas,2024,GOOGLE/SATELLITE_EMBEDDING/V1/ANNUAL,/Users/yufeizhou/Desktop/heat-exposure-compare/outputs/pilot/alphaearth/paper_gis_figures/three_city_lstadaptive_heat_index_mismatch_GIS_READY.gpkg,las_vegas,0.1640070158302477,-0.2049126492076915,0.12544215544253126,0.06842250383128168,0.0017246616088109666,-0.1345181583348017,-0.04705414282086291,-0.07534447322261965,-0.2867613928250981,-0.0943603265036839,0.10426988144975809,0.07966756277749636,-0.12419714156372502,-0.1547260930401889,-0.062214082938010784,-0.08153236297998409,0.14397181614735668,0.0851571667606535,0.14829753641442858,-0.035260258579784716,-0.027000651187661845,-0.10420534345115509,-0.15856128572657505,-0.13874338879193054,-0.15133435135609846,0.1886581801123996,-0.052726195782992355,0.0018728086476772344,0.09697931797704867,0.11338502679257693,0.041000067956209835,-0.1578211548232706,-0.0019510424147750405,-0.16830199281313102,0.0748887100736575,0.06861520366276477,-0.13279678832707573,-0.041883359604911616,-0.2198234448367398,-0.0009699285657765059,-0.027947242822024817,-0.13956332577272895,0.06608176880565485,-0.056975894410428295,0.11150467587018252,0.16598255856727234,-0.07806553339038266,0.11979254514381281,0.06611221003140197,-0.01885370086162267,-0.005921318373742722,0.047719001331393056,-0.13691584056253098,-0.03631966329441717,0.11155835678786025,-0.0010276132380292046,0.01874072776178046,0.0024597560206954757,-0.023578880223191562,-0.0924219697814695,0.12143727282926742,-0.02426033313998583,-0.21908066145282903,0.11246852070992922
32003003609,las_vegas,46.85727073365235,30.818314679798576,-16.038956053853774,False,False,Neither hotspot,False,-0.10998901178307949,-0.24268521082035807,-0.13269619903727858,Mid LST,Mid HI,Mid LST / Mid HI,319,las_vegas,Las Vegas,2024,GOOGLE/SATELLITE_EMBEDDING/V1/ANNUAL,/Users/yufeizhou/Desktop/heat-exposure-compare/outputs/pilot/alphaearth/paper_gis_figures/three_city_lstadaptive_heat_index_mismatch_GIS_READY.gpkg,las_vegas,0.17638006196569292,-0.08443352126966876,0.17852566746761944,0.07433351357362362,0.016448278392432313,-0.08867138247523332,0.01770726756452142,-0.0637163332675259,-0.3164191861600358,-0.11494582944856321,0.09931087385921698,0.06317299544581714,-0.16745583801934041,-0.1026815239211443,-0.024457089746154802,-0.0723885912622571,0.11076272977851269,0.10017128530391704,0.24426635306367472,-0.032878773540592494,-0.005182049500328746,-0.10827042484903575,-0.12814940140152062,-0.14077139353231033,-0.1376422456698779,0.23074583133912982,-0.10382516750743054,-0.04688300686052252,0.11302916985602303,0.12401093390564813,0.07052391227083454,-0.10077241572109746,-0.03265640084278753,-0.17791426799158594,0.1112373477865952,0.05211607373227973,-0.1296734984521232,-0.03498479656141522,-0.28921974956213226,-0.02734285823417277,0.041611472228504365,-0.15427196451478406,0.06031699721079288,-0.06395212113215128,0.12381285544333877,0.18889239071678757,-0.03439003647757036,0.10587175865325192,0.06584930463114257,-0.03162612420280348,-0.03718324384752193,0.018784014192963664,-0.10482690622426152,-0.05191339150161607,0.13527180547330522,0.020251151361989315,-0.003139119242836322,-0.018835226425002596,-0.034029502281367356,-0.08909924857521569,0.10602567425693994,-0.010743840444901512,-0.16976131541496273,0.05321582024245282
32003005829,las_vegas,46.536162280701795,30.816047771731157,-15.720114508970639,False,False,Neither hotspot,False,-0.3524704759389401,-0.24466234685255522,0.10780812908638487,Mid LST,Mid HI,Mid LST / Mid HI,320,las_vegas,Las Vegas,2024,GOOGLE/SATELLITE_EMBEDDING/V1/ANNUAL,/Users/yufeizhou/Desktop/heat-exposure-compare/outputs/pilot/alphaearth/paper_gis_figures/three_city_lstadaptive_heat_index_mismatch_GIS_READY.gpkg,las_vegas,0.17023380906053256,-0.08482940331815793,0.16719344817142254,0.025859906505060492,0.025174335063556506,-0.061388900726579945,-0.002228967209331469,-0.06405878867355581,-0.2818323570459407,-0.1089877972110564,0.06859529686119642,0.043867020313229636,-0.16859341310287582,-0.10833961263990545,-0.04859092599746059,-0.0990204556417724,0.1018795610753867,0.10405161150075394,0.19942755758326527,-0.0069571907399663966,-0.023081973142501502,-0.10215956184220723,-0.08298379428086972,-0.10446475822021886,-0.17000505457774495,0.2419489186389305,-0.13986534280759239,-0.08775410890274478,0.16510437670160252,0.165409115474572,0.07120485140776216,-0.1265474886722319,0.02664315813736573,-0.2173742550107434,0.1394835966832886,0.07411002173560406,-0.099617888524442,-0.0494036529247083,-0.2678667513531175,-0.06463750550653123,-0.009958492759219595,-0.19035446182429913,0.05296398604567227,-0.0730409145308127,0.13491902810883966,0.22023574011786198,-0.044216522468320654,0.13191139010441516,0.007445201050158218,-0.05465176368869327,-0.04363940114912998,0.03511227601238077,-0.06226972652795848,-0.033994565989977375,0.1419857192654276,0.01943883556520009,-0.03532600199626709,-0.02428206509975714,-0.04268195831679457,-0.09410490379064929,0.10873507571160215,-0.007794419825151641,-0.15555388571660309,0.07661776775152533
32003002936,las_vegas,46.76103970741906,30.68612509371,-16.07491461370906,False,False,Neither hotspot,False,-0.18265679714923572,-0.3579773999890631,-0.17532060283982737,Mid LST,Low HI,Mid LST / Low HI,321,las_vegas,Las Vegas,2024,GOOGLE/SATELLITE_EMBEDDING/V1/ANNUAL,/Users/yufeizhou/Desktop/heat-exposure-compare/outputs/pilot/alphaearth/paper_gis_figures/three_city_lstadaptive_heat_index_mismatch_GIS_READY.gpkg,las_vegas,0.18295908881104125,-0.14751503104611988,0.15437592281823043,0.05471181027252434,0.03021601285880563,-0.09677873021119407,-0.0323060700603422,-0.09947429611429788,-0.27829381702943734,-0.11107238110327719,0.1071685991583237,0.08977667068324799,-0.1571508726168797,-0.15045063239488507,-0.03640287833837185,-0.060398225772001546,0.1670702375493402,0.11359874251089937,0.2147703122963669,-0.031868531419188696,-0.024503935461762105,-0.0751926980374303,-0.12528402239275868,-0.11246517727476116,-0.12512489798926105,0.23908230079768114,-0.10551814769412493,-0.026289578635479965,0.1420660179338216,0.11503831935476747,0.04227615887647722,-0.12047812657077658,-0.03770990497462093,-0.19651638505727456,0.12401894338306502,0.03847043294202754,-0.15455480998020135,-0.03812317183971052,-0.24124155118038954,0.004708327053071166,-0.017006580180823277,-0.16741145790499212,0.06821470308063851,-0.028303715301593726,0.15217686473691483,0.14681717536956002,-0.08418359393827948,0.1206634079913536,0.08793918166565755,-0.01824424819956638,-0.012870739360380882,0.017597176544069313,-0.11908364861923082,-0.04166126915088352,0.12889733746643306,-0.014644364083633014,0.03809788617135603,-0.02768849054987443,-0.028044985764696637,-0.10914080607920273,0.14244920401184627,0.024071235072884032,-0.22371697482318018,0.07092611434866856
32003002962,las_vegas,46.48213324819075,31.407618790553215,-15.074514457637534,False,False,Neither hotspot,True,-0.3932698967882581,0.27128992916906475,0.6645598259573229,Mid LST,Mid HI,Mid LST / Mid HI,322,las_vegas,Las Vegas,2024,GOOGLE/SATELLITE_EMBEDDING/V1/ANNUAL,/Users/yufeizhou/Desktop/heat-exposure-compare/outputs/pilot/alphaearth/paper_gis_figures/three_city_lstadaptive_heat_index_mismatch_GIS_READY.gpkg,las_vegas,0.15944070833609347,-0.15053491858610388,0.1365720841214377,0.04924669056318231,-0.013577686920735155,-0.1341241039059998,-0.0017786527383957082,-0.08990602381955923,-0.27746414360463006,-0.05263443190037545,0.11875601929329622,0.062299687345254366,-0.11948044986989065,-0.14610946847474468,-0.051256686131775975,-0.10392618122922746,0.15200471203504665,0.06497529766776605,0.16933425939306815,-0.03541662219287079,-0.018133601032371174,-0.10813394398275224,-0.1756429683847428,-0.13241265527260865,-0.16626472806367718,0.1515852633171821,-0.05412804365809468,-0.006160972604046618,0.09119926441455872,0.11695154836925838,0.0879840397180241,-0.15301623571781434,0.033307025238573235,-0.18765530516608916,0.04945103877879303,0.06049127005936914,-0.1561516769622306,-0.010619656415271184,-0.23266263092186373,-0.03603417724221403,0.017977265887839988,-0.126561913042412,0.03531293283545101,-0.07785842304240916,0.09405855379599809,0.17294255584523968,-0.051047272837317706,0.08941752249408508,0.042614027301762385,-0.008760613772609949,-0.03956213258523527,0.07809139407140703,-0.11987112025083374,-0.06690650738792185,0.12558979677628979,0.009016227465747099,-0.0001573474983777606,-0.01996653650747571,0.0063484100218023165,-0.1141627700960946,0.07736888273435062,-0.049521013548824135,-0.21402753939997704,0.09309865127103044
32003001804,las_vegas,48.01013719512198,31.627775852444717,-16.38236134267726,True,False,LST-only hotspot,False,0.7605852287411581,0.46330497647705426,-0.2972802522641038,High LST,Mid HI,High LST / Mid HI,323,las_vegas,Las Vegas,2024,GOOGLE/SATELLITE_EMBEDDING/V1/ANNUAL,/Users/yufeizhou/Desktop/heat-exposure-compare/outputs/pilot/alphaearth/paper_gis_figures/three_city_lstadaptive_heat_index_mismatch_GIS_READY.gpkg,las_vegas,0.17438193260355278,-0.1835990873186188,0.130277172593381,0.05648348083687391,0.015211776086794287,-0.10680957182655877,-0.05088982299063651,-0.10947119825511803,-0.2593316796240653,-0.06899297027571596,0.1354158010146905,0.08600557715634038,-0.12361587206388634,-0.16464039328763186,-0.04557604669016801,-0.08393322939488884,0.16421981545253186,0.09010385664257665,0.17258390965993184,-0.03190494141810895,-0.04745052789831016,-0.06366491963041535,-0.16180224659105302,-0.12395669665925774,-0.1488574775163565,0.20753658771009037,-0.07571314018507415,-0.010447651357007513,0.14066784206794974,0.1095278326517376,0.034956623076014895,-0.14982394420741285,-0.01968452793729151,-0.1977216935786477,0.09973102276978395,0.04623567108373345,-0.15958732025741984,-0.04131339570408241,-0.2236288291311642,-0.004573688390158824,-0.03285064927970971,-0.1529130968141349,0.05984006077043148,-0.040603810516467075,0.1488947293534617,0.14341874902554042,-0.08803628328332788,0.10988636901265195,0.08622333367528484,0.0022151643332563027,-0.0152072226472798,0.04508773774095844,-0.103938582216981,-0.048161131122444904,0.11498646720968701,-0.010928753463481058,0.03450760384811958,-0.025451718676620112,-0.029961630830497545,-0.1328352688078474,0.12320328552687593,-3.6315979914737035e-05,-0.24411543086397813,0.1027596908314437
32003003411,las_vegas,46.19042884990255,30.8977331107037,-15.292695739198852,False,False,Neither hotspot,False,-0.6135472172626524,-0.1734185989008675,0.44012861836178485,Low LST,Mid HI,Low LST / Mid HI,324,las_vegas,Las Vegas,2024,GOOGLE/SATELLITE_EMBEDDING/V1/ANNUAL,/Users/yufeizhou/Desktop/heat-exposure-compare/outputs/pilot/alphaearth/paper_gis_figures/three_city_lstadaptive_heat_index_mismatch_GIS_READY.gpkg,las_vegas,0.15445473061266693,-0.11927852449927315,0.15757642417874293,0.06711416630505532,-0.015599435430829398,-0.08500002119100471,-0.003410564842221376,-0.04336871013003098,-0.3136640330606644,-0.11462091633813044,0.12111619964419273,0.04793991139311554,-0.16161168522703842,-0.08216875959608824,0.01232411280838491,-0.06502978587166583,0.09052441896526621,0.061820298491648336,0.21855148081501344,-0.029924350221788347,0.000667387580269942,-0.15300092838573978,-0.13856801652785822,-0.15674240803940945,-0.1568375751435619,0.18548230859496878,-0.07068134226050758,-0.07118570573269997,0.1024171789123715,0.13751210227882316,0.04359205581625438,-0.12218240937808675,-0.006938635330290217,-0.16535798396070664,0.023528062265092145,0.10868043361092773,-0.1059397462296326,-0.010124834423751087,-0.27726768533856144,-0.023915578243211312,0.046061280450737305,-0.11327273385518327,0.055665022629507524,-0.09144086688684758,0.07617173332126427,0.149512536970235,-0.03271805984908906,0.10243315568143417,0.05126495029476073,-0.036971111477711094,-0.03178586711743239,0.020860187877135183,-0.0923625862483678,-0.055008753701434196,0.11779352778113261,0.03791486188604735,-0.01142687191568603,-0.0030396551940257135,-0.05185573655730301,-0.054651697243697554,0.10546060469453628,-0.05564193810072671,-0.1627419430337187,0.06700007916471111
32003003208,las_vegas,46.17723062015507,30.8977331107037,-15.279497509451371,False,False,Neither hotspot,False,-0.6235137131428694,-0.1734185989008675,0.4500951142420019,Low LST,Mid HI,Low LST / Mid HI,325,las_vegas,Las Vegas,2024,GOOGLE/SATELLITE_EMBEDDING/V1/ANNUAL,/Users/yufeizhou/Desktop/heat-exposure-compare/outputs/pilot/alphaearth/paper_gis_figures/three_city_lstadaptive_heat_index_mismatch_GIS_READY.gpkg,las_vegas,0.17913271876177786,-0.10879279560960745,0.17446205773611223,0.07490835588682311,0.02087962873946132,-0.08282805556653085,0.011832630209857201,-0.05356860946369244,-0.3063052596856055,-0.15230394011381945,0.10062054393944729,0.056301458706499885,-0.17618311254444297,-0.09874930640195796,-0.0030421886232916504,-0.06334901465519961,0.08392729915116853,0.08042515179964885,0.2431645635520721,-0.027804904389607064,-0.0007946400215299009,-0.1097166160078885,-0.12438866012346261,-0.1611866578890149,-0.1531176715919793,0.23393800547163077,-0.0865077827640636,-0.05977063584269419,0.11233551126646517,0.14087604560169856,0.0661134007386574,-0.12104702463690561,-0.028734417981913327,-0.1598962886990053,0.08667414704182728,0.08382863172111056,-0.10798128152925046,-0.030845812145485246,-0.2955905760604914,-0.024049320807283555,0.031364130117689466,-0.12754785556652695,0.08395992291565785,-0.07089446216849468,0.10214771475235147,0.17437939181808568,-0.037675145254986574,0.09836486810554959,0.06051374298565008,-0.052226231667536725,-0.041927291187381734,-0.00963824341340528,-0.11276737232518644,-0.037605499747660476,0.12771584154707538,0.03293309140783481,-0.006142274307010784,-0.014257755689761299,-0.0545648921844066,-0.0666165868275795,0.13455709375958375,-0.011327893298301169,-0.17399638099620127,0.07019819445539993
32003002826,las_vegas,47.977541106128584,32.104452955425614,-15.87308815070297,False,True,HI-only hotspot,True,0.7359706559628764,0.8790498801068993,0.14307922414402297,High LST,High HI,High LST / High HI,326,las_vegas,Las Vegas,2024,GOOGLE/SATELLITE_EMBEDDING/V1/ANNUAL,/Users/yufeizhou/Desktop/heat-exposure-compare/outputs/pilot/alphaearth/paper_gis_figures/three_city_lstadaptive_heat_index_mismatch_GIS_READY.gpkg,las_vegas,0.1922378663069636,-0.10959688086697318,0.17244155997865013,0.07773018285956648,0.016346779013308672,-0.07127460663531499,0.0019209167923044384,-0.06713225653790224,-0.3049854994044919,-0.12941678920601277,0.10864031026792316,0.07265336294578015,-0.17359149394076484,-0.11114995115703355,-0.019951179256307395,-0.054407836076521665,0.11772352721388776,0.10472344465802538,0.2330547919016788,-0.022021749959372845,-0.024120755577441626,-0.08722137537286057,-0.12730118929664352,-0.1442873286725039,-0.12679371447957735,0.25434488058229615,-0.09418786092981532,-0.057442423492712225,0.1419398160882102,0.12192377928433218,0.05649392035417206,-0.10490415553262533,-0.06806506834951426,-0.17008103521429663,0.11742519094826019,0.0643893818789609,-0.13033133211073686,-0.0484269835372839,-0.2533561924026229,-0.024103375979559645,0.01668586833122034,-0.15924706170730785,0.07597359192791227,-0.04224038271229533,0.1452923914946193,0.1573686871346977,-0.06027893551478967,0.10908098164803365,0.07293410402843507,-0.029420360417243666,-0.027607551268213827,-0.010884842652790359,-0.09424545984406704,-0.03502965312561859,0.11693847184682782,0.008676847648986925,0.00946892045020674,-0.016184277347849833,-0.041361673316532545,-0.08847280063962741,0.13119013472214455,0.0252925489452014,-0.1937405180645559,0.07101087563474594
32003002827,las_vegas,48.28228045325782,32.104452955425614,-16.177827497832205,True,True,Both LST and HI hotspot,False,0.9660911725634672,0.8790498801068993,-0.08704129245656789,High LST,High HI,High LST / High HI,327,las_vegas,Las Vegas,2024,GOOGLE/SATELLITE_EMBEDDING/V1/ANNUAL,/Users/yufeizhou/Desktop/heat-exposure-compare/outputs/pilot/alphaearth/paper_gis_figures/three_city_lstadaptive_heat_index_mismatch_GIS_READY.gpkg,las_vegas,0.1861254662305628,-0.12262168128724657,0.1595841684606725,0.08365578306805828,0.040625695946737976,-0.07305783820889031,-0.0234125190151442,-0.0700756451880082,-0.2844576327094462,-0.10705667078423974,0.1089806231068116,0.06642396331781199,-0.17382725132022084,-0.12463019793734574,-0.0293450341269703,-0.054447584784267436,0.14396281288149057,0.09561690516446252,0.22106543087303648,-0.025753717420252918,-0.031554364650531824,-0.08269705610040053,-0.11617920568349314,-0.1355181400990011,-0.13279358145425332,0.2603684206754607,-0.09946759350264152,-0.047751754695182586,0.13485070279840228,0.1300192404917846,0.049481875394613566,-0.0961365781265262,-0.023770910436684146,-0.18779357627894122,0.13612631721255578,0.049374466195234064,-0.13208175512190257,-0.04281626122330674,-0.2646442316584259,-0.003531039190802972,0.007751222223749972,-0.1589323787115377,0.07297196348429866,-0.042649090654774756,0.15625986290328225,0.15472473117079427,-0.05923126926972422,0.11431913143659687,0.06288478260656677,-0.029737630982177757,-0.017687872638668514,0.001396250547625185,-0.10814934259888302,-0.04209958109946071,0.13906939423534304,-0.007401943170134404,0.026737822941422434,-0.026440914287892036,-0.03845775859914338,-0.0976163086261658,0.15796893168893986,0.03545614154764003,-0.19469447120181851,0.06191942315837008
32003002825,las_vegas,47.72981078904996,32.104452955425614,-15.625357833624342,False,True,HI-only hotspot,True,0.5488998720920109,0.8790498801068993,0.3301500080148885,High LST,High HI,High LST / High HI,328,las_vegas,Las Vegas,2024,GOOGLE/SATELLITE_EMBEDDING/V1/ANNUAL,/Users/yufeizhou/Desktop/heat-exposure-compare/outputs/pilot/alphaearth/paper_gis_figures/three_city_lstadaptive_heat_index_mismatch_GIS_READY.gpkg,las_vegas,0.19022908727693869,-0.12686831817255514,0.17708886439621485,0.06215132531385331,0.028700550940772746,-0.07962432509558323,-0.020948268022929654,-0.09222149179513353,-0.28466759447524087,-0.11765443637087916,0.1045275204708242,0.07702737967995475,-0.1583359154990802,-0.14019534382201598,-0.039196445439301265,-0.06312509807604312,0.14012727025008723,0.11173231620680434,0.2239310567425434,-0.026603306330578592,-0.03689699266846503,-0.06584638591774676,-0.12622805374107865,-0.11845774968016574,-0.1330101450912796,0.2563423059020723,-0.09468890723182388,-0.03975160372662872,0.15020770195433408,0.11602111915665805,0.06834170622149789,-0.11471604497703299,-0.04349165480973703,-0.1781800661985067,0.12799143916910968,0.04777071846178287,-0.1489085532756421,-0.03733640032658825,-0.2467955107507143,-0.021141604785303345,-0.008237257140280212,-0.1668290331588331,0.07127234630067061,-0.03154169229439722,0.1587748346645874,0.1598494812248118,-0.07072560466902333,0.10513718049997138,0.07706303351246849,-0.024383528459202133,-0.024232266220363514,0.006219414204616448,-0.11934920708841198,-0.0468572474558591,0.12910240135713133,-0.017338151204106794,0.02441396266684539,-0.02812454034562211,-0.021637531905758085,-0.09943617536989886,0.13219420130479,0.029186137551840706,-0.2145606329020131,0.0671239890633453
32003002829,las_vegas,46.95532036613276,31.968054492595165,-14.987265873537595,False,False,Neither hotspot,True,-0.03594792620799792,0.760086822242178,0.796034748450176,Mid LST,High HI,Mid LST / High HI,329,las_vegas,Las Vegas,2024,GOOGLE/SATELLITE_EMBEDDING/V1/ANNUAL,/Users/yufeizhou/Desktop/heat-exposure-compare/outputs/pilot/alphaearth/paper_gis_figures/three_city_lstadaptive_heat_index_mismatch_GIS_READY.gpkg,las_vegas,0.17690286296183674,-0.07739118457194809,0.18761803960183673,0.06402778672023442,0.026572351036756373,-0.0647308829013468,0.025710807370092435,-0.04642393420120802,-0.3107044024857186,-0.15420417819424884,0.07444343756057979,0.046680183998171795,-0.1605050561818167,-0.08613580123534195,-0.03202630683984631,-0.07414819616233648,0.10356073980338606,0.10419254617080505,0.2204621454229703,-0.009424586012709723,-0.029097237163791395,-0.1061414254169144,-0.08943363689200112,-0.12638250217054148,-0.1137300406156231,0.2707274889724891,-0.10914267383523178,-0.09297478990315479,0.1570070110180673,0.14659492594088716,0.07164630986103669,-0.10068797938880306,-0.03798329411497209,-0.1765681160738399,0.14543809555632192,0.07846756748335222,-0.11410378170964086,-0.0695768298257292,-0.2646868735357929,-0.048291932448366964,0.014836777360322946,-0.16791671602443167,0.06984225114564652,-0.07581202047143908,0.12026586216887719,0.1963603816852939,-0.04307965133299532,0.12262893878638138,0.04245226171063727,-0.06090877495881833,-0.049952270901514585,0.0023911849393522464,-0.08507213808854132,-0.020133226772428917,0.13016283327439607,0.0030224721661105884,0.0034688309938700236,-0.03811297827868085,-0.059145123258452524,-0.07333740043453221,0.13194756708439317,0.0208558164127597,-0.14483773812745124,0.05841755544449215
32003003210,las_vegas,44.69867454068244,28.819043333904688,-15.879631206777752,False,False,Neither hotspot,False,-1.7400288334791127,-1.9863957180604654,-0.2463668845813527,Low LST,Low HI,Low LST / Low HI,330,las_vegas,Las Vegas,2024,GOOGLE/SATELLITE_EMBEDDING/V1/ANNUAL,/Users/yufeizhou/Desktop/heat-exposure-compare/outputs/pilot/alphaearth/paper_gis_figures/three_city_lstadaptive_heat_index_mismatch_GIS_READY.gpkg,las_vegas,0.144624612981434,-0.07887151704274675,0.172449924325508,0.08322144344565832,0.053803085372589515,-0.060226900785792965,0.03414667509760738,-0.011553187776325644,-0.33547225107524004,-0.1184667215942464,0.0526951765803053,-0.001785861448506682,-0.1410597546890157,-0.10070750280703838,-0.025002025827029283,-0.06443350413883903,0.07899995404995376,0.0887567022710277,0.23277314466540794,-0.01601644548451412,0.0016137378063090055,-0.1532997261688345,-0.07565949653633576,-0.14179527889485058,-0.09260842075337446,0.24452719370296297,-0.08974592081047071,-0.08502157886292289,0.08524002377575114,0.13989776923717448,0.03658394077918984,-0.054762643864948404,-0.027846437417970965,-0.1649407877267967,0.11832861142052223,0.054492114943179876,-0.07440625263275263,-0.0790434862646845,-0.32192867229643884,-0.02448570119509969,0.0698319567139849,-0.14424072194839305,0.040914598435229245,-0.08932720985079291,0.11632134089655707,0.25010978006767426,0.006407362777435784,0.10695494475084363,0.02872501864357375,-0.06298027708754253,-0.05132672050201839,0.034317426768959006,-0.0967032753113201,0.005675792429018966,0.1351012408681363,0.0024311182111111432,0.004905083194155683,-0.03378661718150805,-0.06376163835972262,-0.09750760267746762,0.10568060409427033,-0.0252364763175022,-0.10297445350835674,0.02822666011066455
32003002981,las_vegas,46.2299946751864,30.816047771731157,-15.41394690345524,False,False,Neither hotspot,False,-0.5836695259181679,-0.24466234685255522,0.3390071790656127,Low LST,Mid HI,Low LST / Mid HI,331,las_vegas,Las Vegas,2024,GOOGLE/SATELLITE_EMBEDDING/V1/ANNUAL,/Users/yufeizhou/Desktop/heat-exposure-compare/outputs/pilot/alphaearth/paper_gis_figures/three_city_lstadaptive_heat_index_mismatch_GIS_READY.gpkg,las_vegas,0.17631359400595717,-0.10955750234992007,0.1433355030387959,0.02872214953408879,0.008199513453979571,-0.10457204899859959,0.004934596314329335,-0.07121237353529151,-0.3050538855533272,-0.08000973255731621,0.09500507855790638,0.08105134452434289,-0.1417753331915015,-0.12498626544324962,-0.049227022844423214,-0.08797328239620882,0.15600638498285063,0.09613583000994026,0.20078418370509918,-0.009574564564141635,-0.01712058923432993,-0.1144716411498417,-0.12409416582511987,-0.10223015693266325,-0.12189382247281365,0.21475769898832087,-0.11292802602315774,-0.05353812436481923,0.13876323546757705,0.11992931025562159,0.06056042844246834,-0.10820405918177968,-0.010773010605331975,-0.18666342985301915,0.13231752664642485,0.06567324430024667,-0.1500798944186398,-0.027746367955302362,-0.24299966738717355,-0.04787595929749094,0.011470895374390312,-0.16148851369234873,0.04388982191106865,-0.048919726647651186,0.13669330404137753,0.186077259263715,-0.08581185519011028,0.1324915065133304,0.026983041847593443,-0.00816732399384642,-0.045587218320267145,0.054296916539294325,-0.08294630043087978,-0.058416606375006785,0.14589065783288382,0.0027821444826895882,0.01982002533243389,-0.007945710445352314,-0.016348757333073054,-0.10495292963909215,0.09861474183493259,-0.005130490300958165,-0.1940132978973584,0.08702963715862116
32003003237,las_vegas,44.644923504867904,28.819043333904688,-15.825880170963217,False,False,Neither hotspot,False,-1.7806183282259536,-1.9863957180604654,-0.20577738983451188,Low LST,Low HI,Low LST / Low HI,332,las_vegas,Las Vegas,2024,GOOGLE/SATELLITE_EMBEDDING/V1/ANNUAL,/Users/yufeizhou/Desktop/heat-exposure-compare/outputs/pilot/alphaearth/paper_gis_figures/three_city_lstadaptive_heat_index_mismatch_GIS_READY.gpkg,las_vegas,0.16217145627605634,-0.04468677183172712,0.12146046602678474,0.04070506575835249,0.05580790831119918,-0.042069859375382504,-0.0016319487793872798,-0.024479108994848717,-0.2947236871618594,-0.056392794651540755,0.08223914832984269,0.016481384419870983,-0.1736712991734871,-0.13360887608299712,0.00775372243348401,-0.10402721007848013,0.12341011796544582,0.08503383776123663,0.22900797214406005,-0.011492083049451821,-0.006239051004988692,-0.11138659850143831,-0.14625387976263354,-0.12075936156034761,-0.15046562369730207,0.19079897468852838,-0.12663304364064748,-0.07509030777208858,0.12043542967192196,0.14372830248450744,0.07169140002206169,-0.05961966005382139,0.04859895616908902,-0.1909614651320777,0.05689234597791804,0.054371592999960715,-0.09074539722253859,-0.031125013808527675,-0.30231622648962997,-0.0015840476726252447,0.047625591131373574,-0.11795953838532339,0.045201109864639946,-0.09106725308442856,0.1521828615301405,0.21585901761273527,0.014468491561753808,0.08854925406812478,-0.015590037734189382,-0.024784790715032604,-0.06039809682232482,0.03798631311828605,-0.06232499126738027,-0.06962025972780234,0.16326637853113454,0.06214697653708926,-0.03161490445632146,-0.033232768866549585,-0.015955733693030036,-0.12315007719377594,0.10419650567992086,-0.05106060714907702,-0.15591766349803762,0.05859063680003432
32003003321,las_vegas,45.85790645424841,30.8977331107037,-14.960173343544707,False,False,Neither hotspot,True,-0.8646477928530663,-0.1734185989008675,0.6912291939521987,Low LST,Mid HI,Low LST / Mid HI,333,las_vegas,Las Vegas,2024,GOOGLE/SATELLITE_EMBEDDING/V1/ANNUAL,/Users/yufeizhou/Desktop/heat-exposure-compare/outputs/pilot/alphaearth/paper_gis_figures/three_city_lstadaptive_heat_index_mismatch_GIS_READY.gpkg,las_vegas,0.16157658993629082,-0.13074488566795012,0.1653607735588738,0.08381064029159634,0.018578142676959057,-0.07054909613147803,-3.9742447967618844e-05,-0.03700380126902122,-0.31401170645210236,-0.1451525941200908,0.10031361238107003,0.05059241467814024,-0.1594713210999987,-0.08612695299726193,-0.010161427228891809,-0.06085653554310731,0.06228160360880246,0.06471169534010877,0.2522180791669127,-0.022883820490345277,-0.001906251305387945,-0.1079877901725046,-0.1057635798628828,-0.16434875062379062,-0.14105903460605163,0.22303098008051134,-0.07289837715481415,-0.05921351257041419,0.10927158940942122,0.12136778930714585,0.028048128321495145,-0.113547796160319,-0.0451078104330844,-0.14948444956937573,0.07630326969248702,0.0841035980343185,-0.09452285342601316,-0.02490134813795317,-0.3023498528642543,-0.01102766493707977,0.015239948624258433,-0.10687927665316316,0.07555602058187963,-0.07012377822017213,0.1028720539075741,0.16937936943962928,-0.0361140341829918,0.10446612103074732,0.0825011505350695,-0.033333967238507574,-0.024268968371771723,0.0002609842001278083,-0.10260590914231794,-0.043524406990869915,0.12316191390268823,0.026612802485001228,-0.007036087692226093,-0.0008409392807419784,-0.07889048762419086,-0.06796940865250496,0.14369119302886632,-0.025302870710806117,-0.17866063456414602,0.07363942148164708
32003003319,las_vegas,46.10162079510706,30.2674255697654,-15.83419522534166,False,False,Neither hotspot,False,-0.680609628599924,-0.7231558240074402,-0.04254619540751614,Low LST,Low HI,Low LST / Low HI,334,las_vegas,Las Vegas,2024,GOOGLE/SATELLITE_EMBEDDING/V1/ANNUAL,/Users/yufeizhou/Desktop/heat-exposure-compare/outputs/pilot/alphaearth/paper_gis_figures/three_city_lstadaptive_heat_index_mismatch_GIS_READY.gpkg,las_vegas,0.1895142301303342,-0.11085305848939164,0.1716324767376763,0.04373110700428081,0.020384230282171716,-0.0826592789908346,0.01934702873612285,-0.0717076464066394,-0.3078832884459912,-0.14240724940775631,0.07507007541781709,0.06514996246652127,-0.15873480704925746,-0.10413796781718268,-0.03920691780443574,-0.07594308525927433,0.11518975634041431,0.09953100432120547,0.22937596945197805,-0.020812993024311496,-0.010464250228497611,-0.095771251310696,-0.11455813925482568,-0.13261111193604208,-0.12583546219052183,0.2527287435145763,-0.12358615105420447,-0.06657729012942126,0.14824876512245183,0.13260477649025723,0.0641684589342611,-0.11667541645618187,-0.04832207854326135,-0.17596259197424557,0.12925919390618815,0.07375965128313956,-0.14641350416375154,-0.049076868165409876,-0.2664145281027621,-0.04718375312390923,-0.01998895199022874,-0.14565724736049604,0.06174800258384657,-0.053209987372990236,0.1353351467079748,0.17626685795401176,-0.07156151916415865,0.11520756487175046,0.0652470789094351,-0.026176552363628917,-0.029494932722867608,0.0016538009730847588,-0.12172261249548315,-0.02820099891695071,0.12734377644129594,-0.012076104216318452,0.014500647969806076,-0.01628843980499351,-0.04363204138488319,-0.06359718036920865,0.12721256428049246,-0.004697712251738158,-0.2106014528058576,0.06692137877812923
32003001710,las_vegas,47.906417543859675,32.08101575859078,-15.825401785268895,False,True,HI-only hotspot,True,0.6822624917695121,0.8586085896011912,0.1763460978316791,High LST,High HI,High LST / High HI,335,las_vegas,Las Vegas,2024,GOOGLE/SATELLITE_EMBEDDING/V1/ANNUAL,/Users/yufeizhou/Desktop/heat-exposure-compare/outputs/pilot/alphaearth/paper_gis_figures/three_city_lstadaptive_heat_index_mismatch_GIS_READY.gpkg,las_vegas,0.1698284767674705,-0.1769183303056639,0.13833228364609376,0.08392994697872873,0.03099211482119039,-0.0993023582024754,-0.04107185627107022,-0.0894031027199443,-0.2893534297510657,-0.04895005206383621,0.13261042411768684,0.0808324111675341,-0.11417853330713064,-0.1667603461079863,-0.05229206612295133,-0.06870716685042391,0.16000310196068263,0.09259490341106091,0.1912984659171444,-0.03666687069980778,-0.05018489856839461,-0.07395125044099453,-0.16423133823229719,-0.11952306357839322,-0.12530693481327823,0.22859307787820335,-0.06531189514184542,-0.0008371061109245307,0.11781672344842288,0.09419549342715794,0.015319018805800805,-0.1211402475871267,-0.04271645405776872,-0.1972751680487376,0.10482649532500934,0.023448036401514525,-0.14660080089635116,-0.05779455441224796,-0.2310102168996164,0.044740858045546686,0.01237537328468276,-0.15519917577705414,0.07573056410231273,-0.05505475444815516,0.14701108438234148,0.159005362631225,-0.06989613783194512,0.10483379607976814,0.0898820324834296,-0.02651879287445223,-0.02665673209895479,0.0587783533101552,-0.08046523747676176,-0.06439366524759416,0.10854463393159222,-0.02196675208615877,0.061463465766334185,-0.02814171382633194,-0.026552311091293176,-0.1479459206727946,0.13077322326960286,0.020724218151029997,-0.20454059048949833,0.07044544352876562
32003001711,las_vegas,47.56084415584419,31.627775852444717,-15.93306830339947,False,False,Neither hotspot,False,0.4213066049676157,0.46330497647705426,0.04199837150943858,Mid LST,Mid HI,Mid LST / Mid HI,336,las_vegas,Las Vegas,2024,GOOGLE/SATELLITE_EMBEDDING/V1/ANNUAL,/Users/yufeizhou/Desktop/heat-exposure-compare/outputs/pilot/alphaearth/paper_gis_figures/three_city_lstadaptive_heat_index_mismatch_GIS_READY.gpkg,las_vegas,0.16734059750965924,-0.20798915728625614,0.13937991079177423,0.06167722902454821,0.000884632191221955,-0.11827943769809339,-0.06149930254408132,-0.09144212023866194,-0.27562179192264485,-0.1015105172126941,0.11798838663787566,0.07711948073727148,-0.1295794571202528,-0.15883878979923646,-0.05165097450295139,-0.07353116705481791,0.1370002770662105,0.09088387367457483,0.15542884272373417,-0.03443612772565944,-0.033056912332968036,-0.08183391423961174,-0.14273104107261378,-0.12772106480181689,-0.1475365487648203,0.20046478580496369,-0.07636042442733014,-0.010151627083315183,0.13500142245671953,0.11079229863123688,0.039391266268465334,-0.15667765322273491,-0.012889889925042,-0.17478005996399815,0.08379566205647809,0.06262404250144647,-0.13653415564529287,-0.04525161201933861,-0.21451305773589638,-0.00539464632213953,-0.051584571543078335,-0.1493504660102975,0.05729751430937035,-0.0445065382980476,0.12710465466362791,0.15542178475210386,-0.08761561874277592,0.12066668871298232,0.08591784185259,-0.019060562658819342,-0.008847948758089738,0.0390994319287602,-0.1270487268973364,-0.01744373581148623,0.10079180873490604,-0.012084413108164726,0.030342246440926958,-0.017326534149627613,-0.04429158220825682,-0.10208730482633617,0.13380426218395702,-0.01227380162241174,-0.21308626715735796,0.09696620329519359
32003000402,las_vegas,48.012703619909544,31.627775852444717,-16.384927767464827,True,False,LST-only hotspot,False,0.7625232357740371,0.46330497647705426,-0.29921825929698287,High LST,Mid HI,High LST / Mid HI,337,las_vegas,Las Vegas,2024,GOOGLE/SATELLITE_EMBEDDING/V1/ANNUAL,/Users/yufeizhou/Desktop/heat-exposure-compare/outputs/pilot/alphaearth/paper_gis_figures/three_city_lstadaptive_heat_index_mismatch_GIS_READY.gpkg,las_vegas,0.16567406439973156,-0.16407259802771018,0.15632421851717854,0.07400117762806156,-0.013720429731926885,-0.11242382752741546,-0.01228433469180854,-0.07324204542201958,-0.29014478587218645,-0.128893509588634,0.13056162499136884,0.059255766126246744,-0.12502506289774093,-0.13899154613198342,-0.009421197590030713,-0.05784201379323228,0.10804231532894046,0.07328917780099671,0.1956795972857587,-0.00759756404877341,-0.032502296968174915,-0.07574380000869875,-0.1681535019408214,-0.15383790998544988,-0.13741824902271071,0.1979371069168305,-0.037957952753639466,-0.0471815105957231,0.10884960842643968,0.11573082930288633,0.03935396561442657,-0.13238990489740013,-0.05828669054291446,-0.14103220409739808,0.049109867354404466,0.09864528890638624,-0.12476610723157674,-0.03809113715113379,-0.26524274521973057,0.007175446316197456,0.026923424710588433,-0.1119891546376624,0.05156254915230327,-0.06263310069519679,0.1276189494976824,0.14785291340225185,-0.04213123492377202,0.1088160000885165,0.08691816430513587,-0.012621669062927323,-0.019198991836290667,0.03183727564936225,-0.12309758616326179,-0.056656967510025524,0.09641491377182258,0.027004971235659706,0.027000765107843862,-0.022915964579098315,-0.033192848573292376,-0.09955446077003885,0.11725479816058641,-0.004929192858000382,-0.1919164646455292,0.09321539403764917
32003002842,las_vegas,45.51753864247315,30.458873194255343,-15.058665448217806,False,False,Neither hotspot,True,-1.121672746859805,-0.5561803731288532,0.5654923737309517,Low LST,Low HI,Low LST / Low HI,338,las_vegas,Las Vegas,2024,GOOGLE/SATELLITE_EMBEDDING/V1/ANNUAL,/Users/yufeizhou/Desktop/heat-exposure-compare/outputs/pilot/alphaearth/paper_gis_figures/three_city_lstadaptive_heat_index_mismatch_GIS_READY.gpkg,las_vegas,0.15449663484061657,-0.02397995090300434,0.14279516676333298,0.05788083147667472,0.03735581768686594,-0.027452040728861704,0.017734918614255583,-0.005835286334373102,-0.26632000693863356,-0.04059858912867204,0.1079777198936307,-0.007118838630869743,-0.197267997653408,-0.10919168332893026,0.020343370335427345,-0.06567890531532303,0.07234700133019291,0.07853187257116016,0.24360267444431027,-0.023808410270843034,-0.02619500673034692,-0.15291658674759406,-0.14388882997936742,-0.09437518555602925,-0.1357903741713448,0.21941547450639542,-0.10122547145661757,-0.10268233952239188,0.14621537623795045,0.13378319853742085,0.09173463310492393,-0.12597286768044177,0.05332951555521037,-0.20077755673205946,0.039762150613414295,0.05691493554648121,-0.06480631650576596,-9.368008626137024e-05,-0.266542004967136,-0.05466371572391547,0.10122819072440614,-0.19732545372655896,0.07115079095729143,-0.11893215989572041,0.09296185389722168,0.18525788208868,0.0064707647297560355,0.07906152472101627,-0.017756925191899735,-0.019412920542677483,-0.09228951068341275,0.04229097638386746,-0.024140992485050767,-0.08507494030732572,0.14277409268523109,0.05035879065959265,-0.03472610908034153,-0.04297243907917357,0.008406229867440851,-0.12089609747808362,0.07499899061839062,-0.028038543479553882,-0.1116616110524366,0.05473283080410574
32003003423,las_vegas,47.89590127565171,30.68612509371,-17.20977618194171,False,False,Neither hotspot,False,0.6743212492108313,-0.3579773999890631,-1.0322986491998942,High LST,Low HI,High LST / Low HI,339,las_vegas,Las Vegas,2024,GOOGLE/SATELLITE_EMBEDDING/V1/ANNUAL,/Users/yufeizhou/Desktop/heat-exposure-compare/outputs/pilot/alphaearth/paper_gis_figures/three_city_lstadaptive_heat_index_mismatch_GIS_READY.gpkg,las_vegas,0.1835290167278531,-0.10192922887128283,0.17280456266132327,0.050647695602213674,0.006541565787359007,-0.09739730188161357,-0.003305545689762789,-0.09573043559177216,-0.3002740966526635,-0.11904455438283874,0.11935285735115234,0.08852582326393331,-0.14682724495479002,-0.12459837780475432,-0.023910786223529767,-0.06808879857216765,0.14323242757208454,0.09932250497494693,0.22888351928524134,-0.02408063506554762,-0.026290488827013587,-0.08136467118778169,-0.15243864416165664,-0.12967327042858104,-0.12660814078091648,0.2300669649147107,-0.10732871179198328,-0.04513112355760324,0.14685272889725318,0.11804485188164908,0.06527602082538278,-0.1228277219406853,-0.04701017853144931,-0.18314785724513927,0.08823375733898067,0.062937435864036,-0.15663150210112955,-0.03276593899214358,-0.26414988417273455,-0.032934284796595326,-0.0007566564114010633,-0.15977771115223469,0.05681384088219079,-0.054892303680160355,0.14491326979277946,0.1493992496758797,-0.06096820243320642,0.10520939313664684,0.0887289453653362,-0.002228042582702416,-0.02889523002873474,0.015150809367452221,-0.1116206122924537,-0.05954523701267097,0.11753366360091942,0.0049705005518627075,0.025691081539800643,-0.03971744475749618,-0.01250200796401752,-0.11679492165541835,0.11708213010102686,0.003734496581163198,-0.20774840281089962,0.07303364570510011
32003005807,las_vegas,44.84985841423952,29.21853631229161,-15.631322101947909,False,False,Neither hotspot,False,-1.6258640188190627,-1.6379687246898034,-0.01210470587074064,Low LST,Low HI,Low LST / Low HI,340,las_vegas,Las Vegas,2024,GOOGLE/SATELLITE_EMBEDDING/V1/ANNUAL,/Users/yufeizhou/Desktop/heat-exposure-compare/outputs/pilot/alphaearth/paper_gis_figures/three_city_lstadaptive_heat_index_mismatch_GIS_READY.gpkg,las_vegas,0.18416648256785326,-0.11439984980495,0.19422749708597295,0.07029279122219692,0.043048550945034694,-0.06052699613812236,0.009388426962158943,-0.0463645270146508,-0.3109587690760691,-0.14144022674438317,0.06855933074578213,0.05711536027983203,-0.17246868806900015,-0.09469795865315515,-0.03447685201690587,-0.0620769785560702,0.08241488151667202,0.10381820319367001,0.22934511035981045,-0.041089377849853295,0.009154425994858308,-0.12804435843152975,-0.054726952413421126,-0.12738478183977875,-0.1253555769141667,0.2707654826830983,-0.10695649591037804,-0.035048131441523155,0.12538457115917775,0.1179345234109411,0.051703528059536166,-0.08453420342826175,-0.04814674551374688,-0.16649670177849094,0.1585712799134694,0.021049140968469677,-0.09612140745335679,-0.06555245656973804,-0.2649023430852066,-0.013781048361887887,-0.0026739593254629453,-0.1508713432998591,0.07181657393742263,-0.06853217101109214,0.1209691906062854,0.20797116435431423,-0.06147554078467112,0.11120516585240886,0.07132025020974311,-0.05511155758578313,-0.038083127263535535,0.012901476819905078,-0.12405814778364564,0.018214836512694364,0.15699953836197814,-0.03472414201254814,0.008851620420040687,-0.007314022363703691,-0.07726647424551904,-0.07304233806751857,0.13813778273142693,0.0037369432095275823,-0.15626153693128184,0.025325287190543923
32003005808,las_vegas,44.85630494505497,30.68612509371,-14.170179851344972,False,False,Neither hotspot,True,-1.6209959930274855,-0.3579773999890631,1.2630185930384226,Low LST,Low HI,Low LST / Low HI,341,las_vegas,Las Vegas,2024,GOOGLE/SATELLITE_EMBEDDING/V1/ANNUAL,/Users/yufeizhou/Desktop/heat-exposure-compare/outputs/pilot/alphaearth/paper_gis_figures/three_city_lstadaptive_heat_index_mismatch_GIS_READY.gpkg,las_vegas,0.1831770534222164,-0.14718866674867473,0.18823426488190864,0.04764038650375858,0.024940459977700027,-0.07731668999216496,-0.015064727149834495,-0.06308091759584963,-0.2936493290995472,-0.15158760459365694,0.08284619048011094,0.07819103038085691,-0.1508640306378279,-0.10576195877445997,-0.030391556979859197,-0.06473801822477118,0.0983597306496102,0.10774805685876336,0.20545570043730374,-0.017499595832009968,-0.00878675826799328,-0.09822377830811102,-0.06282602745449323,-0.11812987932279306,-0.12398812250625228,0.2463762280234943,-0.11239587106550308,-0.04330362176773064,0.16352797959561974,0.1005686539437325,0.03528430823025628,-0.1114429108104374,-0.05503628499325932,-0.16627589579513424,0.14185430770165464,0.04529677044503077,-0.10439731857484963,-0.05150503098216729,-0.24039344762587697,-0.028903920580135658,-0.06101620010343668,-0.1555732596476744,0.07567080855167589,-0.05455342164668405,0.1298479793543464,0.18132351904261468,-0.09027992905818345,0.13003402595321137,0.10111235682973217,-0.030429005436101754,-0.021551180172719987,0.005148027754090471,-0.11414424547966959,0.025394854392219408,0.13258573851406324,-0.03185305316152447,0.019635903710491363,-0.021598958498269996,-0.09179630677647244,-0.08354297438874136,0.15254362617326933,0.001980634986008323,-0.18797705249129296,0.05021418814910996
32003000106,las_vegas,48.35030303030305,30.68612509371,-17.664177936593052,True,False,LST-only hotspot,False,1.0174576623771845,-0.3579773999890631,-1.3754350623662477,High LST,Low HI,High LST / Low HI,342,las_vegas,Las Vegas,2024,GOOGLE/SATELLITE_EMBEDDING/V1/ANNUAL,/Users/yufeizhou/Desktop/heat-exposure-compare/outputs/pilot/alphaearth/paper_gis_figures/three_city_lstadaptive_heat_index_mismatch_GIS_READY.gpkg,las_vegas,0.17293327637478645,-0.17235410010393737,0.14266723910204246,0.08366838870956667,0.02524082770255325,-0.11556133371464593,-0.035137289491046185,-0.10522803490953725,-0.29111614502876065,-0.066254305082936,0.11287095267491237,0.08466998564723438,-0.13290162626955843,-0.1677804900765622,-0.05565961876237059,-0.0704691016238672,0.15540610348699518,0.09586399784425377,0.19609866363159495,-0.04513057323366351,-0.018710997151097718,-0.08476690928693081,-0.1543391387893704,-0.13374975830648078,-0.13555692084712084,0.21210161910659056,-0.07692383888008368,0.015301734445324549,0.09959053977818003,0.09893316133494723,0.03674218676610384,-0.13055475390985657,-0.028338762713015962,-0.19306118567617292,0.11726237796694172,0.02230161837196552,-0.1399730356871231,-0.038107819005582126,-0.24732866310472235,0.01898112151596914,-0.0065404250115037805,-0.14690959891485356,0.052886742640147505,-0.05035631354660303,0.13950103362403926,0.1589193976710298,-0.07405436353539882,0.10043523513691262,0.09093894200832917,-0.01994133112685366,-0.016611804286583976,0.05947339843552399,-0.11936003338331158,-0.04655832916068854,0.12493441405671306,-0.021661498034731202,0.04348797272776935,-0.013719461167608115,-0.02256420831002387,-0.13243543736013305,0.11950415613278964,-0.011432879727966704,-0.21984480641241808,0.07173949915788044
32003003633,las_vegas,46.46829365079368,30.76536905919516,-15.702924591598524,False,False,Neither hotspot,False,-0.403720714290359,-0.28886295210001844,0.11485776219034055,Mid LST,Low HI,Mid LST / Low HI,343,las_vegas,Las Vegas,2024,GOOGLE/SATELLITE_EMBEDDING/V1/ANNUAL,/Users/yufeizhou/Desktop/heat-exposure-compare/outputs/pilot/alphaearth/paper_gis_figures/three_city_lstadaptive_heat_index_mismatch_GIS_READY.gpkg,las_vegas,0.1834299053624532,-0.055022310599271436,0.17293835114692,0.06272751407435223,0.0015424456900358238,-0.08955253609193752,0.023504091276999314,-0.0621450753682387,-0.32471773772619483,-0.09540152359530045,0.10234592068225977,0.07821612394713848,-0.17377453255277195,-0.0950678982921797,-0.01560115134016853,-0.07254704397090521,0.128019906318188,0.08706126314861053,0.25190219231285843,-0.02744377664554576,-0.00018168548291223503,-0.13538644473732273,-0.14296422604673706,-0.13772130396121549,-0.13989525991959162,0.23154424529620188,-0.12073274529309579,-0.063773293347737,0.12081993960495589,0.12592250878173342,0.08312194376282202,-0.10331920612043057,-0.016932634289733302,-0.18829484534775684,0.1034700292277354,0.07214492778893175,-0.1415655774738176,-0.01467341680521561,-0.2859255105857196,-0.04722451412435389,0.05146072373254317,-0.14567751646031807,0.050719715288906446,-0.05830235643403667,0.12207465351632109,0.1842795440665764,-0.02979567158522809,0.11211333585501418,0.05119719000068036,-0.025535689788686852,-0.04079047742735065,0.024858917395187106,-0.08452549312301094,-0.07509415219688631,0.14650636663899708,0.036134018089133836,-7.151118644397041e-05,-0.004788668760802077,-0.01372420719724515,-0.0873157256908145,0.09045188895254673,-0.019378216465205402,-0.18788472566027345,0.05240798496594269
32003003631,las_vegas,46.4841035044825,30.76536905919516,-15.718734445287339,False,False,Neither hotspot,False,-0.39178207974079127,-0.28886295210001844,0.10291912764077282,Mid LST,Low HI,Mid LST / Low HI,344,las_vegas,Las Vegas,2024,GOOGLE/SATELLITE_EMBEDDING/V1/ANNUAL,/Users/yufeizhou/Desktop/heat-exposure-compare/outputs/pilot/alphaearth/paper_gis_figures/three_city_lstadaptive_heat_index_mismatch_GIS_READY.gpkg,las_vegas,0.18737461455640528,-0.08436036068713468,0.16792746577098466,0.05853466495339065,0.010894744747045776,-0.07227932932346576,0.0007396884005730144,-0.06402649940303984,-0.30296679397250825,-0.10527515865475227,0.10173241925208357,0.0821565227923141,-0.1714080581341465,-0.11398132966389003,-0.02600616097948593,-0.07140194052686494,0.13795345028556336,0.10962823981143414,0.2319117667750995,-0.025003251349921506,-0.021697839061189265,-0.10490597528173429,-0.13603684659789603,-0.13388545282202122,-0.14070408523436534,0.25893874976641923,-0.1199035848357398,-0.0713031752517529,0.14213241045126804,0.14669460871068352,0.06901950083637821,-0.10255752610816661,-0.0292949025806871,-0.20580875692770012,0.13045008529770977,0.06817406591453129,-0.1350761398111037,-0.06120451269272116,-0.25560753647682044,-0.024612282578882434,0.0215656564078703,-0.1462736664871718,0.06748234522777177,-0.06228864495536943,0.14236819199075826,0.1744381528533807,-0.04877138552406558,0.1251149472617203,0.04404285380572717,-0.04056519708619184,-0.030447959686240176,0.015896311209256,-0.07961131625436622,-0.05846470256716206,0.1460516570335244,0.030279926372979302,0.013325785643763004,-0.01612025156798184,-0.02803276833895539,-0.09180212273414383,0.11504083647936598,0.016835631260209545,-0.19092778674899719,0.05628261307271843
32003005358,las_vegas,49.17685562015508,31.38920289448963,-17.78765272566545,True,False,LST-only hotspot,False,1.641619624940034,0.25522808167034283,-1.3863915432696912,High LST,Mid HI,High LST / Mid HI,345,las_vegas,Las Vegas,2024,GOOGLE/SATELLITE_EMBEDDING/V1/ANNUAL,/Users/yufeizhou/Desktop/heat-exposure-compare/outputs/pilot/alphaearth/paper_gis_figures/three_city_lstadaptive_heat_index_mismatch_GIS_READY.gpkg,las_vegas,0.17028759745907976,-0.06477223868705449,0.14707227119180136,0.04032341334599114,0.05515577491430491,0.006733752025041384,-0.04717144876875727,-0.04785666965709149,-0.22989791224244327,-0.11570412300745585,0.0846071573259355,0.05363329313986679,-0.18085369848704533,-0.14315575201777936,-0.015171582087861688,-0.06118078978176833,0.1520403110911735,0.11373469482269342,0.18566677445543348,0.008471563689075472,-0.04646097534273858,-0.09518310315143219,-0.0735768130018761,-0.09069201267941483,-0.13997770479135413,0.2617304572291051,-0.1644054775652791,-0.11369512175928936,0.18882020353232462,0.19081976561250538,0.05621875538880094,-0.07061046476926541,0.05336075206831978,-0.2426592688627687,0.11156021444024719,0.07593627399170812,-0.08191781208989707,-0.07308849728426198,-0.25891899474552077,0.002601115678126838,-0.01732732457429153,-0.17205589363314586,0.07206850008016312,-0.05224760618759275,0.20955250276972706,0.18487348629976066,-0.034252680097819704,0.13840699427655226,0.0042392127472844505,-0.05577374704622545,-0.02143508126651185,0.009889154881758962,-0.06262686009038959,-0.029506057353002043,0.1508678569727988,0.012918046611162306,0.023614248019098682,-0.060597753157406065,-0.03099421016806712,-0.10315034285546372,0.1314367081217815,0.012394105371829176,-0.13462530518521468,0.047724548372444685
32003005713,las_vegas,46.604695626477564,30.657025551711687,-15.947670074765878,False,False,Neither hotspot,False,-0.30071828481936425,-0.3833572351187698,-0.08263895029940554,Mid LST,Low HI,Mid LST / Low HI,346,las_vegas,Las Vegas,2024,GOOGLE/SATELLITE_EMBEDDING/V1/ANNUAL,/Users/yufeizhou/Desktop/heat-exposure-compare/outputs/pilot/alphaearth/paper_gis_figures/three_city_lstadaptive_heat_index_mismatch_GIS_READY.gpkg,las_vegas,0.140053469537273,-0.07135191565680415,0.1531991452287489,0.05614082268384837,0.0862919154401728,-0.019097047001713784,-0.028975172316551626,-0.015360714802890774,-0.24664263160397032,-0.11874629365821221,0.08118710879386047,0.026151988050404775,-0.14746665433982828,-0.13323251145527137,-0.02692075441744518,-0.03288453384999202,0.12416862714925399,0.1307271471772309,0.22426255553167665,-0.0588461072572772,-0.04569131197016718,-0.06603846083466422,-0.06563824536456882,-0.09622267834549875,-0.13361136810860336,0.2541341405241515,-0.13465008088511402,-0.058714160859835,0.133255847031433,0.14896990685015732,0.042994148313204784,-0.02968160246842622,0.017920630163467104,-0.17499914766520058,0.15992966390107313,0.017321453679727726,-0.06757329782051288,-0.05421139472043674,-0.30965291080510143,0.07342107487071542,0.02830345779527856,-0.1519207257893627,0.11253984122152853,-0.06677427944480749,0.1758874757467659,0.2077188883425788,-0.050707676319115005,0.14861949175283215,0.015774892759171977,-0.09897681076442828,-0.028407248561523886,0.026332874943808097,-0.05782066324591443,-0.020217917505819766,0.15054651806752659,0.04046375884893872,0.01788395249018221,-0.06050843103888464,-0.05697429142019364,-0.0988585679295142,0.11967161153385299,0.026699801606015237,-0.11777303014122,0.049455990524828033
32003001713,las_vegas,48.03191997063144,32.08101575859078,-15.950904212040662,True,True,Both LST and HI hotspot,False,0.7770342485361205,0.8586085896011912,0.08157434106507078,High LST,High HI,High LST / High HI,347,las_vegas,Las Vegas,2024,GOOGLE/SATELLITE_EMBEDDING/V1/ANNUAL,/Users/yufeizhou/Desktop/heat-exposure-compare/outputs/pilot/alphaearth/paper_gis_figures/three_city_lstadaptive_heat_index_mismatch_GIS_READY.gpkg,las_vegas,0.1745498259245758,-0.12245710048955456,0.16096243916597974,0.06920043279363829,0.02877323126335885,-0.08433189998091621,-0.017485360330959786,-0.0917981985565607,-0.3057056462373754,-0.08208791471136632,0.10356496198925162,0.07670508994171693,-0.13933255640239042,-0.14643253323461067,-0.046273784442664376,-0.07542651585019589,0.14288771913008352,0.09964328806498023,0.22301468932169805,-0.027849246884773256,-0.046753605501861584,-0.06572623851489857,-0.16260666100250332,-0.12211648912990597,-0.12440275006304814,0.24253949143490006,-0.07776596188192927,-0.0397710784978709,0.13984360818511588,0.0990280519984319,0.05091695848384249,-0.107446265432897,-0.04694957698492248,-0.18679109626165755,0.12025156041410681,0.031856621495750095,-0.14536646990536956,-0.0446393042004475,-0.25026509494153726,-0.004630616001122793,0.018946246317178617,-0.16480224830452617,0.07260295348128473,-0.0486166767330453,0.16397308423796758,0.16853238815944213,-0.06240557578482424,0.10125146989772556,0.07158871835179965,-0.023248058112978715,-0.03580793269984695,0.022691107524866548,-0.08974504837310154,-0.06495587095230287,0.11159219573570771,-0.005789975143328915,0.03714956773373893,-0.031564676306325506,-0.014610708938575447,-0.12996279334500377,0.11744760105104525,0.025690993635270165,-0.20069903366175953,0.07214315798367794
32003005435,las_vegas,48.72493042685943,33.275587902834275,-15.449342524025155,True,True,Both LST and HI hotspot,False,1.300353359439001,1.9004821721200305,0.6001288126810294,High LST,High HI,High LST / High HI,348,las_vegas,Las Vegas,2024,GOOGLE/SATELLITE_EMBEDDING/V1/ANNUAL,/Users/yufeizhou/Desktop/heat-exposure-compare/outputs/pilot/alphaearth/paper_gis_figures/three_city_lstadaptive_heat_index_mismatch_GIS_READY.gpkg,las_vegas,0.13737400720333756,0.16082905456071878,0.05032471548772076,0.009909096633525379,0.02413293023495916,0.06866835442916606,-0.04383868368995224,0.08139013408989855,-0.14505685105743577,-0.07092620150247067,0.11986612364394768,0.009661202891630437,-0.2275083743366687,-0.10524317522168959,0.05952551995938372,0.03730884202010449,0.04789037982192713,0.16191176452632083,0.16986117082150126,-0.03432476914521478,-0.07462660336761212,-0.12209018730414023,-0.13899210989559624,-0.005539476735692436,-0.11089543018752421,0.1471827314134147,-0.16534227953047462,-0.11979026117489693,0.1883039789020734,0.15885331455967044,0.13279430870391118,-0.0377413727502674,0.1415628817907384,-0.18015706681873367,-0.01577079468220009,0.07098475044760306,0.017921788105548727,0.006415318191653696,-0.21347466196192028,0.008332551284514657,0.1382633136855968,-0.11384059164085947,0.14229196237031874,-0.14815585199506529,0.21575203323269143,0.09157213442008318,0.0025261328718729215,0.10342639110218682,-0.08496219968618805,-0.05362465335157423,-0.05666606503265721,-0.029078815482396984,0.12020456277452185,-0.11040555637373128,0.14964041551245036,0.18679612582750077,-0.050587998871613395,-0.08461319675999292,0.003026596851481795,-0.03655251128477135,0.022664054383656387,0.01625850773467377,-0.05064279475921062,0.05156932064445561
32003003431,las_vegas,47.50921568627453,31.627775852444717,-15.881439833829813,False,False,Neither hotspot,False,0.3823199424293223,0.46330497647705426,0.08098503404773194,Mid LST,Mid HI,Mid LST / Mid HI,349,las_vegas,Las Vegas,2024,GOOGLE/SATELLITE_EMBEDDING/V1/ANNUAL,/Users/yufeizhou/Desktop/heat-exposure-compare/outputs/pilot/alphaearth/paper_gis_figures/three_city_lstadaptive_heat_index_mismatch_GIS_READY.gpkg,las_vegas,0.1797294349153025,-0.12213512900896742,0.15340014600167753,0.07466083959717898,0.011929446805813686,-0.10539341418894593,0.006379424626601548,-0.07992265666471443,-0.29702129847376524,-0.07916098646773882,0.12618756845396686,0.06905335953924314,-0.14687129670559398,-0.1363613248474911,-0.007771578339791019,-0.07120717377642208,0.12353090298658251,0.07623964912451313,0.2238950426524876,-0.03884833844454112,-0.009741136000678564,-0.12789422143924498,-0.17994280196934354,-0.15393375250638294,-0.14848197994328585,0.19171131052842563,-0.08103406832563827,-0.035023485966569026,0.09957922240308774,0.1231746412293399,0.04919153564019349,-0.13977524231678118,-0.021765640959354685,-0.17963879049704623,0.07083646104369389,0.0720203904642707,-0.13587019364667446,-0.017690547353335903,-0.28163754185448564,-0.015444124718517867,0.034356999463819794,-0.12976368943815855,0.05184068109942919,-0.0644042900349972,0.10967070664665672,0.16485707487097662,-0.04424756174182277,0.08612327460026509,0.06422447901302808,-0.024649071630748122,-0.042424477400258745,0.05125592858625266,-0.09922843485618339,-0.06619354809731633,0.12787356784898501,0.026108228308198558,0.016683450530580183,-0.018963171216577063,-0.016096622318913748,-0.11113888300827067,0.08571751598803569,-0.0418342062795482,-0.20789580902793228,0.08308739477834089
32003003430,las_vegas,47.812347294938945,31.627775852444717,-16.184571442494228,False,False,Neither hotspot,False,0.6112263932731663,0.46330497647705426,-0.14792141679611204,High LST,Mid HI,High LST / Mid HI,350,las_vegas,Las Vegas,2024,GOOGLE/SATELLITE_EMBEDDING/V1/ANNUAL,/Users/yufeizhou/Desktop/heat-exposure-compare/outputs/pilot/alphaearth/paper_gis_figures/three_city_lstadaptive_heat_index_mismatch_GIS_READY.gpkg,las_vegas,0.18726470619724048,-0.11070679532918368,0.16131821991048342,0.06200293672948454,0.0220500742033709,-0.08813394927759888,-0.012807236328813415,-0.08985618065417046,-0.29849572107489913,-0.09962795695347897,0.11459882986719862,0.07908083374467957,-0.1684914065897115,-0.1288621812201187,-0.024653094653580405,-0.06956588592000941,0.1266215423253624,0.09871311789215988,0.22760224610883895,-0.02702011041486179,-0.018615601374382774,-0.09990667242919173,-0.14433830110340504,-0.13957356842822277,-0.13347852479945027,0.2318176275798758,-0.1088521321898025,-0.050240457436269155,0.1390760067414835,0.12786551791112435,0.0528600717032132,-0.12698184967640452,-0.025632275451660524,-0.18908313760730358,0.1085853680737223,0.06543032619380318,-0.13343631592362334,-0.03488940074764428,-0.2678390699979806,-0.028012713951594558,0.0008560759845528303,-0.1517041610776389,0.06039250152016315,-0.049753498025009044,0.13478216503885204,0.1554431112315635,-0.06551837003060335,0.11068874867120133,0.07215973613013324,-0.022238968363201758,-0.03676455272269921,0.01568170390547273,-0.08955509701179576,-0.046330001765163664,0.13539285452789937,0.014410544384404016,0.021770469549622615,-0.02478711138085253,-0.036340229058996955,-0.10445653650063401,0.11725094653531928,-0.005250691712008233,-0.20329722411813195,0.08160995936616051
32003001717,las_vegas,47.626075388026635,32.08101575859078,-15.545059629435855,False,True,HI-only hotspot,True,0.47056524186412424,0.8586085896011912,0.388043347737067,Mid LST,High HI,Mid LST / High HI,351,las_vegas,Las Vegas,2024,GOOGLE/SATELLITE_EMBEDDING/V1/ANNUAL,/Users/yufeizhou/Desktop/heat-exposure-compare/outputs/pilot/alphaearth/paper_gis_figures/three_city_lstadaptive_heat_index_mismatch_GIS_READY.gpkg,las_vegas,0.17810181455762428,-0.1824110911969956,0.15733507050911397,0.06987886627064288,0.01774414498683683,-0.10037002020922267,-0.039098929035368615,-0.08575584514292682,-0.2888129932811295,-0.10825816644058503,0.11172275759336725,0.06337284568669091,-0.1383819489345189,-0.14453307367561452,-0.047524908561859126,-0.06828054550539064,0.1245312046054259,0.09806905746192353,0.18707993736434597,-0.03252349734737058,-0.03930327833050669,-0.07566823411397793,-0.12839783795211174,-0.13688053251884041,-0.1334215325378482,0.2354153433789841,-0.07197407550311341,-0.024478760166835846,0.13604173859652963,0.12098838376968617,0.0432809969852648,-0.14030513699797825,-0.03499082859178556,-0.17938694981430767,0.11557369301634322,0.05492589720802214,-0.1359712193386373,-0.05458407348148998,-0.23651265415833525,-0.010144428784761605,-0.030972718806754788,-0.15347817631845562,0.062179275648665204,-0.03376924247302936,0.1347833565612313,0.15815080680746288,-0.07634310251789565,0.12005387074452213,0.08689331008468933,-0.03310255102686155,-0.013608127160502389,0.018367307266028317,-0.12112741743532508,-0.020183349357611242,0.11304029693119726,-0.018564343962292746,0.023719367857138667,-0.02122133597781291,-0.05098663591391513,-0.09313887640366128,0.13608889898106846,0.02108619412555931,-0.21048231728399477,0.08146206612346393
32003001718,las_vegas,49.11213305898494,32.08101575859078,-17.031117300394158,True,True,Both LST and HI hotspot,False,1.5927451052808765,0.8586085896011912,-0.7341365156796853,High LST,High HI,High LST / High HI,352,las_vegas,Las Vegas,2024,GOOGLE/SATELLITE_EMBEDDING/V1/ANNUAL,/Users/yufeizhou/Desktop/heat-exposure-compare/outputs/pilot/alphaearth/paper_gis_figures/three_city_lstadaptive_heat_index_mismatch_GIS_READY.gpkg,las_vegas,0.16545018191822441,-0.19868970626681182,0.12328292246625294,0.08384470725841969,0.025125881264386012,-0.1262717782827395,-0.05966975887482996,-0.10244027498246339,-0.29041235596677956,-0.050145504125306425,0.11799523518003475,0.09785927047786004,-0.11852924719772129,-0.17317968505318426,-0.055153623102939475,-0.06480165344686109,0.16949409227905649,0.09372108215056124,0.17829021526569433,-0.04228747010407327,-0.0341241459102248,-0.07763253380397003,-0.1716476762671655,-0.12642442422394937,-0.13857463511728646,0.20763296074960727,-0.058513663843128776,0.019979757672514867,0.10172336406916106,0.08957422069088045,0.018286652521718964,-0.13522497706967931,-0.030059776816299837,-0.20262935318602562,0.11107491996511247,0.010505286946581314,-0.16694293750200948,-0.042663259639740186,-0.2269984657697317,0.0532197773216015,0.00441135713633331,-0.15142862459437886,0.06761447482553619,-0.05027074982586047,0.1349044261052243,0.1482306172732281,-0.07182513796424972,0.09781486476632209,0.08991064507283059,-0.022931631992678617,-0.004161191113726783,0.058830595748623156,-0.09973138756880312,-0.06073190921623511,0.10784270143795759,-0.013033332522227964,0.058291314303574385,-0.00646612872941291,-0.022386611331138714,-0.14107718449595075,0.12866496734697203,0.019903689313505377,-0.22818908210625885,0.08027729624985733
32003005433,las_vegas,48.33075937950941,33.093711702871204,-15.237047676638205,True,True,Both LST and HI hotspot,True,1.0026994926191206,1.7418546593795254,0.7391551667604048,High LST,High HI,High LST / High HI,353,las_vegas,Las Vegas,2024,GOOGLE/SATELLITE_EMBEDDING/V1/ANNUAL,/Users/yufeizhou/Desktop/heat-exposure-compare/outputs/pilot/alphaearth/paper_gis_figures/three_city_lstadaptive_heat_index_mismatch_GIS_READY.gpkg,las_vegas,0.15224515958362977,-0.09075586557415258,0.16760569814111026,0.0740740596457232,0.055451868453939505,-0.03562239958021204,-0.027921421784268128,-0.07072439093168634,-0.2563760573692729,-0.12137649577790768,0.07020022057911776,0.02783807588160803,-0.17915453825890154,-0.11918837291359165,-0.039322262712142245,-0.07067396989332507,0.12448905898888221,0.09514164249083912,0.2500189090958746,-0.03656511373936318,-0.01415455913902554,-0.043280300401806276,-0.10818381191314629,-0.12099265930253393,-0.15887304851160458,0.2527130483172142,-0.10255985885170939,-0.0780765515500301,0.12272803384259569,0.14994501316331058,0.05696912322059057,-0.08459484453091126,-0.018228135183139402,-0.23395730224023692,0.10540626705741961,0.05536801124110132,-0.12078885864267927,-0.030756944001128533,-0.28167621001483,-0.020660383145216153,0.04519521850245716,-0.15247378122339236,0.08873414037318808,-0.06095949489843103,0.16042331747504102,0.17393543983279822,-0.044871243408893695,0.09828954289023818,0.039194706922175464,-0.0684863140755149,-0.03211159575504018,-0.0007980135486293014,-0.10001961222471259,-0.0665974026869507,0.12925344939894845,0.03706742631654903,-0.0038464818609507067,-0.04078467961099233,-0.0560436231773514,-0.1040735678183231,0.15720634089085533,0.033783336813449236,-0.16628944535550955,0.06266790083931201
32003002201,las_vegas,48.05299723756909,31.627775852444717,-16.42522138512437,True,False,LST-only hotspot,False,0.7929505114076904,0.46330497647705426,-0.3296455349306361,High LST,Mid HI,High LST / Mid HI,354,las_vegas,Las Vegas,2024,GOOGLE/SATELLITE_EMBEDDING/V1/ANNUAL,/Users/yufeizhou/Desktop/heat-exposure-compare/outputs/pilot/alphaearth/paper_gis_figures/three_city_lstadaptive_heat_index_mismatch_GIS_READY.gpkg,las_vegas,0.15579956958045088,-0.20337060439161625,0.1289673776306209,0.06549447647407657,0.0046603350258190655,-0.1617333688122561,-0.030368700173162125,-0.11322887959142418,-0.2644402455491676,-0.043311974864646344,0.115724711575378,0.07811565590368016,-0.09255764866582009,-0.1750480020535927,-0.09108424966451142,-0.11007971361680155,0.1808920917137362,0.07081922914296375,0.14217146564183084,-0.049347253967680256,-0.02858077722130367,-0.0683957699879209,-0.16477350824725748,-0.12283021515791605,-0.1505164810402453,0.1520578189587269,-0.05140079457316182,0.04263371549778723,0.08029260485915406,0.09594347450433198,0.06492982113895879,-0.1546330953300548,0.020015870732639593,-0.1940032152054694,0.08133902062444824,0.028553768696034973,-0.17582641131125917,-0.027938540579313022,-0.21134651083712047,-0.011501433536798961,-0.010050761341455456,-0.1321122520172401,0.030620402917812293,-0.058687051545110815,0.11814472944746371,0.1641932903105249,-0.07326311390386743,0.08996848062769547,0.07536333849813608,-0.0003423260070101569,-0.024713732094083417,0.10312727497256993,-0.14749870641664573,-0.05624769181426332,0.12296007556902862,-0.021763210472577177,0.027143510797573038,-0.02535458397629993,-0.0015459109143442658,-0.13697434983656603,0.0989158605906322,-0.03404677195158377,-0.23063639688743803,0.10011506540293155
32003002203,las_vegas,47.810403885480625,31.25111554895083,-16.559288336529796,False,False,Neither hotspot,False,0.6097588493123088,0.1347920258906055,-0.4749668234217034,High LST,Mid HI,High LST / Mid HI,355,las_vegas,Las Vegas,2024,GOOGLE/SATELLITE_EMBEDDING/V1/ANNUAL,/Users/yufeizhou/Desktop/heat-exposure-compare/outputs/pilot/alphaearth/paper_gis_figures/three_city_lstadaptive_heat_index_mismatch_GIS_READY.gpkg,las_vegas,0.17317111967752868,-0.1903677225735458,0.1457680203491325,0.0591685820083084,0.0270226994089398,-0.1189225977589194,-0.04822196147925777,-0.13011203230537485,-0.24560468121817325,-0.06515091292328104,0.12231061418386678,0.09247913610522242,-0.11675933318701921,-0.18301422006690296,-0.07267769147369622,-0.0734206702747396,0.17421762006062474,0.09623786153615582,0.18420372160580878,-0.054368452921275526,-0.04340485422269829,-0.04615755321222083,-0.14608581904006093,-0.11066633662360804,-0.14147873386605375,0.2122136634248632,-0.07782025543489128,0.01563101440231106,0.12547295647544374,0.10246174073120948,0.052916920600409305,-0.1490128835289202,-0.020107295460401735,-0.20518399890352151,0.13093978441959403,0.013684175329012876,-0.17491424221865262,-0.061783578776915114,-0.2184440538456333,0.01237481669983663,-0.041502489746475274,-0.15847668945646393,0.05362369522084308,-0.03947758057062828,0.15245179661946162,0.1428023746458585,-0.08796362528083472,0.09775049212709952,0.08854597247815756,-0.01991427249154514,-0.009007618640757793,0.0585617450775228,-0.13480018283742992,-0.04467558084136664,0.11707301269170753,-0.04560082033672185,0.04873666751542883,-0.03508727461456545,-0.014648162097560093,-0.14161911753861683,0.11931801668118534,0.02354541362900442,-0.24378139092915127,0.0829763819719755
32003002405,las_vegas,46.59500000000003,31.627775852444717,-14.96722414755531,False,False,Neither hotspot,True,-0.30803982893500165,0.46330497647705426,0.771344805412056,Mid LST,Mid HI,Mid LST / Mid HI,356,las_vegas,Las Vegas,2024,GOOGLE/SATELLITE_EMBEDDING/V1/ANNUAL,/Users/yufeizhou/Desktop/heat-exposure-compare/outputs/pilot/alphaearth/paper_gis_figures/three_city_lstadaptive_heat_index_mismatch_GIS_READY.gpkg,las_vegas,0.1795626617500918,-0.17058252356642173,0.13551519582955143,0.039322110617288394,0.008453068800999637,-0.13382309164434011,-0.0368001311555868,-0.12132579221953153,-0.26588729611956885,-0.059434290527903215,0.13468023421013547,0.09272036217284232,-0.11327050903406485,-0.14998189587776173,-0.055275089964431444,-0.0984006777201654,0.19235453497615862,0.08832490431708431,0.20174834119849214,-0.016096845352866613,-0.024511709929893183,-0.06531365794522183,-0.14977011827939887,-0.11355363846998473,-0.1512881491608755,0.19951925193341194,-0.08719517481662772,0.000351032913485848,0.1377871432100255,0.0997737939104159,0.06073114082951364,-0.14122087697750876,-0.015117438693484937,-0.1898293054622718,0.0954096471729235,0.04563348105523831,-0.19908915840964933,-0.0153523460878939,-0.23637048765177157,-0.012197682447356408,-0.012931244573078962,-0.1444293770618001,0.040262943646442215,-0.03448629391053667,0.13668811023048222,0.13628231295910467,-0.08298914548083278,0.1012258264126892,0.08689432632587492,0.004326993926779721,-0.018440713273772523,0.05686016831978193,-0.10825478387774934,-0.07498802402393247,0.12558484165012596,-0.02243708127192144,0.0388241971193664,-0.03250721817794666,-0.011862252430278867,-0.14622214318977528,0.12867689485167072,-0.010401987323987068,-0.2512382819462447,0.08232269090779265
32003002406,las_vegas,46.38343457943928,31.627775852444717,-14.755658726994564,False,False,Neither hotspot,True,-0.4678010948591333,0.46330497647705426,0.9311060713361876,Low LST,Mid HI,Low LST / Mid HI,357,las_vegas,Las Vegas,2024,GOOGLE/SATELLITE_EMBEDDING/V1/ANNUAL,/Users/yufeizhou/Desktop/heat-exposure-compare/outputs/pilot/alphaearth/paper_gis_figures/three_city_lstadaptive_heat_index_mismatch_GIS_READY.gpkg,las_vegas,0.16442197568597428,-0.1945364839353721,0.12089675620231644,0.06372773960435958,-0.014918410460167033,-0.15057532361356019,-0.041980765346152984,-0.09618930655021207,-0.2807173573940034,-0.07158059770230821,0.1497163668040919,0.07875516404690001,-0.10793557664113894,-0.14418749730098426,-0.05068856834203645,-0.09010238141095325,0.16775952561446333,0.07107015314764321,0.1685134106541652,-0.030932932672062603,-0.01605881433015602,-0.10201762907496834,-0.15525451182454655,-0.13202191846813852,-0.1748397297301422,0.14683970160446796,-0.05852099368620046,0.008498410801050606,0.08597556068667482,0.10736882948201064,0.040542774799747744,-0.16529988154927777,0.009574948213891299,-0.16714801415267397,0.052716094315161596,0.07499184576869497,-0.15617991817469407,-0.014717843231070405,-0.24616136198247143,-0.005775183929492991,-0.004131242048641618,-0.11874042536727969,0.034952364912035995,-0.04645804731261165,0.09583398552455584,0.13853463368105418,-0.07136727219712903,0.10820061744331552,0.07748001370938772,-0.00013141586755565477,-0.017242776079409397,0.07029947671290036,-0.12034692713593266,-0.06194601601053651,0.1155835341752057,0.010313122039989341,0.017093212786821875,-0.020749316554589784,-0.023586147723917022,-0.12870628754555719,0.1035035536452686,-0.05171554814705165,-0.22994960384025948,0.10937391279577677
32003002501,las_vegas,46.8803231663036,31.627775852444717,-15.25254731385888,False,False,Neither hotspot,False,-0.09258122456892687,0.46330497647705426,0.5558862010459811,Mid LST,Mid HI,Mid LST / Mid HI,358,las_vegas,Las Vegas,2024,GOOGLE/SATELLITE_EMBEDDING/V1/ANNUAL,/Users/yufeizhou/Desktop/heat-exposure-compare/outputs/pilot/alphaearth/paper_gis_figures/three_city_lstadaptive_heat_index_mismatch_GIS_READY.gpkg,las_vegas,0.16181319682993597,-0.20322877896671993,0.14493640283145037,0.06416675609481151,0.0019157206152617904,-0.10790515220179223,-0.022262075767523894,-0.07576953695227244,-0.27975522592205726,-0.13333529358169333,0.12925848135087115,0.05220302054762458,-0.11312220258704037,-0.14341003606170094,-0.011234343625078672,-0.02841326043470776,0.11507627245351626,0.07643849833855199,0.19245024201972416,-0.02500882006588867,-0.015716614133937313,-0.11257120342953804,-0.13596578756931116,-0.13455945739206504,-0.12568123080354016,0.18654005799495843,-0.030970567435467417,-0.03592728974578831,0.08736941346430269,0.09448631041679004,0.012165648374026764,-0.14479463396324227,-0.06564915476043492,-0.11381246380564092,0.052354853897600515,0.08616746441703883,-0.12392283475564775,-0.034104726834006734,-0.27425818324835843,0.018857814342709382,0.0036626000712032983,-0.1079142889273933,0.044307854127954065,-0.03909211136234351,0.11823843911796592,0.14477296634248515,-0.05696178308456077,0.10828336495568967,0.09240016631892647,-0.013049019744451626,-0.009268999084266358,0.019202773129361108,-0.14228672740256001,-0.035233715554961895,0.09729133431012658,-0.008576920079133528,0.03634642982713199,-0.00741558210865143,-0.045426830481560224,-0.07505400572189502,0.11143002125446823,-0.010081619929841464,-0.21300277597501724,0.07760982966757685
32003002504,las_vegas,47.791433915212,31.627775852444717,-16.16365806276728,False,False,Neither hotspot,False,0.5954338879995076,0.46330497647705426,-0.13212891152245332,High LST,Mid HI,High LST / Mid HI,359,las_vegas,Las Vegas,2024,GOOGLE/SATELLITE_EMBEDDING/V1/ANNUAL,/Users/yufeizhou/Desktop/heat-exposure-compare/outputs/pilot/alphaearth/paper_gis_figures/three_city_lstadaptive_heat_index_mismatch_GIS_READY.gpkg,las_vegas,0.1823999114196979,-0.17284265920452094,0.15450210689697935,0.061010883974534726,0.019313799610546304,-0.09312358170349656,-0.04786555871692358,-0.0933785114410623,-0.28605557582230756,-0.10405960269964425,0.12659541920367393,0.07770758729573438,-0.13577869396567863,-0.15624986013466183,-0.04625781506823848,-0.06891443275257161,0.14723197705025076,0.09305059095316597,0.18771025769451274,-0.032962003354302945,-0.040069652640680575,-0.06968454370684542,-0.14513425111253708,-0.12654099243786715,-0.1321861234923692,0.23106675204043503,-0.08137698513840803,-0.019829043922135907,0.13089536953688058,0.11552825631449637,0.043479825886006386,-0.14092714444123716,-0.03331788269868652,-0.17750250938620382,0.10609502340194892,0.05144317680522381,-0.15206758106317983,-0.04797925027842931,-0.23331460362242334,-0.011960071957870747,-0.03739759247617832,-0.14927334831774686,0.06346214402554612,-0.041257906142976704,0.1434553457566922,0.1484830541010751,-0.082981578891616,0.11510081955036493,0.08995511847992867,-0.015911268717025154,-0.01923396748911933,0.027041211359830425,-0.11816594869063426,-0.0392412660068773,0.11739600438367197,-0.017897673023886413,0.037112770530900625,-0.026302073459446223,-0.03613185231967463,-0.10469952226135117,0.13634672574107556,0.008211868670914474,-0.22331276328813507,0.08478991952469334
32003002603,las_vegas,47.05526925148091,31.627775852444717,-15.42749339903619,False,False,Neither hotspot,False,0.03952735897142128,0.46330497647705426,0.423777617505633,Mid LST,Mid HI,Mid LST / Mid HI,360,las_vegas,Las Vegas,2024,GOOGLE/SATELLITE_EMBEDDING/V1/ANNUAL,/Users/yufeizhou/Desktop/heat-exposure-compare/outputs/pilot/alphaearth/paper_gis_figures/three_city_lstadaptive_heat_index_mismatch_GIS_READY.gpkg,las_vegas,0.15272754324978458,-0.21242315388857955,0.12349351236117836,0.06158639801968743,-0.012215815598061966,-0.140919130288478,-0.03819706865689047,-0.07298105946455215,-0.27871418280324894,-0.10130064147949096,0.13108597111423964,0.07505283155855853,-0.09281264017062477,-0.14201808756931222,-0.03863870782986366,-0.09882462783558514,0.14861735418344904,0.0670302503388308,0.1527960344388927,-0.016371094117277985,-0.03024205404049757,-0.07981231736309075,-0.16115047965955803,-0.133378672198369,-0.1530619741026883,0.14328446662008906,-0.04553338449172192,-0.0148684028076192,0.1080957751014599,0.09914370088470738,0.024916899875636445,-0.1503318738715467,-0.01632528657357348,-0.1505730824120643,0.043706281038237024,0.08469652061288244,-0.14145552757766378,-0.029500334459212962,-0.23527636239299782,-0.01237672570204992,-0.019763018760282018,-0.12399863307069249,0.04914084019490718,-0.04965787366634381,0.10765624181163268,0.15103822713550277,-0.08140647224061888,0.12651104840891758,0.0723262740273577,-0.006243623407087148,-0.017317979086929725,0.051161495180495044,-0.11785094492422259,-0.05067044348901444,0.09310328052869982,0.014141289080453862,0.003986943674512205,-0.031365772257969174,-0.047461472160061725,-0.12326904694452978,0.12819005175521128,-0.034807305624870784,-0.21116501723288666,0.12422160052919155
32003005318,las_vegas,46.70752103559874,32.104452955425614,-14.603068080173124,False,True,HI-only hotspot,True,-0.22307082481940316,0.8790498801068993,1.1021207049263024,Mid LST,High HI,Mid LST / High HI,361,las_vegas,Las Vegas,2024,GOOGLE/SATELLITE_EMBEDDING/V1/ANNUAL,/Users/yufeizhou/Desktop/heat-exposure-compare/outputs/pilot/alphaearth/paper_gis_figures/three_city_lstadaptive_heat_index_mismatch_GIS_READY.gpkg,las_vegas,0.1623440418580913,-0.14998365865092506,0.17331206637664248,0.07465025743040493,0.01955943354240482,-0.08469217747572855,-0.001965732621753957,-0.008119021973937298,-0.343905365393283,-0.16746505330252834,0.08217776070421799,0.03200532905067039,-0.12809582858424692,-0.08267856890138481,-0.024565304101402563,-0.029333933938303497,0.055480152481347966,0.08466661527152836,0.19979018439747756,-0.019123255653079506,-0.025057267530335894,-0.1533007190777632,-0.06524601861809894,-0.15107068269402185,-0.08558530956976393,0.2300956077354373,-0.05888045901393381,-0.09244650741917111,0.10997340310930336,0.12004946543153228,0.0017357183368155284,-0.09396703260807121,-0.07839156403246743,-0.1280798546258713,0.09205284732086273,0.10672075674537795,-0.07326616988976145,-0.07137331098665345,-0.27766075507908494,-0.02129899733989337,0.02368664305512959,-0.1324901210010241,0.053418704086659496,-0.06080953320699458,0.11350771766495048,0.19298417906571408,-0.046804096291137694,0.14236168446139538,0.07713199728432166,-0.05343443265581126,-0.02122963887135582,-0.010040296359997956,-0.10177671287047506,0.020166011959696157,0.08282148419073157,-0.00625647656990478,0.016638910175350338,-0.014576044001435877,-0.10877429487333391,-0.030698950951367383,0.14203158565730417,0.007442826891613822,-0.13268358847371145,0.0542585326878507
32003003222,las_vegas,44.740369595537,28.484741921582422,-16.255627673954574,False,False,Neither hotspot,False,-1.7085432781899508,-2.277964387040169,-0.5694211088502183,Low LST,Low HI,Low LST / Low HI,362,las_vegas,Las Vegas,2024,GOOGLE/SATELLITE_EMBEDDING/V1/ANNUAL,/Users/yufeizhou/Desktop/heat-exposure-compare/outputs/pilot/alphaearth/paper_gis_figures/three_city_lstadaptive_heat_index_mismatch_GIS_READY.gpkg,las_vegas,0.15879132915433544,-0.17309213613529212,0.13544042058327072,0.09001610871112331,0.06688242065675265,-0.09578101958539342,-0.022704685558212413,-0.04648517508728772,-0.31946504527609465,-0.09174287266003582,0.08478298394342985,0.042194589471394324,-0.10361123454385011,-0.14213089855287597,-0.05905670949457342,-0.05449840105049977,0.10870490471410123,0.0864412514511362,0.20779645472453437,-0.031512280113627666,-0.028988465962788614,-0.11559054822594196,-0.10756978455390577,-0.13179483471104894,-0.0941617974217384,0.2436538950163465,-0.05083812012016277,-0.017899272180927427,0.08981343222276755,0.09096078661727426,-0.019047013627790682,-0.11038311802400287,-0.04628997056216039,-0.15429935832722574,0.1310123863048067,0.023527247974410023,-0.09594919949897676,-0.06690836265973411,-0.27431278072768495,0.039943943130268465,-0.000805708910904215,-0.1336669124310682,0.08902366122915019,-0.06528729229236736,0.11935411986990017,0.20412366380029348,-0.06334160596527497,0.1018087950806315,0.07864613617533531,-0.061654288432558914,-0.02950697456929987,0.038268249019950865,-0.0905963749635799,-0.007450369045718443,0.12371725923251164,-0.018942989634797965,0.05447418774026646,-0.019187794946039064,-0.06995053390741574,-0.12150474555251013,0.14549250150734735,0.010565440464231815,-0.15951401317513844,0.05820014352703433
32003003616,las_vegas,47.55182418879059,30.76536905919516,-16.78645512959543,False,False,Neither hotspot,False,0.4144952775245149,-0.28886295210001844,-0.7033582296245333,Mid LST,Low HI,Mid LST / Low HI,363,las_vegas,Las Vegas,2024,GOOGLE/SATELLITE_EMBEDDING/V1/ANNUAL,/Users/yufeizhou/Desktop/heat-exposure-compare/outputs/pilot/alphaearth/paper_gis_figures/three_city_lstadaptive_heat_index_mismatch_GIS_READY.gpkg,las_vegas,0.16002389520917779,-0.1133511299052525,0.14956413769722696,0.10662828456526031,-0.004621279847866382,-0.0909687934643022,0.00040760697109259493,-0.05662651615566264,-0.250314183951343,-0.027673820992456133,0.1684280412962221,0.048671496420387594,-0.18900209047086589,-0.13413342225789024,0.02694686101110545,-0.052180232751649805,0.0909171259806703,0.03633579789499452,0.2491311865170056,-0.0503682737849842,0.002741550095886815,-0.11734475672387641,-0.21503886335049388,-0.1614914325291474,-0.19361160479117717,0.13186649462266226,-0.01652769253664726,-0.046063055521672176,0.05839917476872545,0.10892551214365118,0.0774247702410369,-0.13692370861169628,0.025176325885527744,-0.1638013211647196,-0.029600604751034692,0.06177985203551189,-0.099512082817583,0.031695261621024755,-0.25565609429601194,-0.022635399088729646,0.10491052699442047,-0.07672669647047176,0.07958451389980817,-0.10447440240049082,0.06074634434236085,0.1479692393100754,-0.007393523694263294,0.040806441384327284,0.03295254084134029,-0.03708044279611113,-0.04761403860984282,0.04681584557066342,-0.0944472650591501,-0.10991213418906637,0.13634407375951502,0.045426031799129504,0.006428137798763804,-0.010802132486691478,0.0055096760254111,-0.09091472771215958,0.062425831591938465,-0.04314979031365541,-0.17642148548808212,0.05050496305033856
32003000401,las_vegas,47.96363991081385,31.627775852444717,-16.335864058369136,False,False,Neither hotspot,False,0.7254733234807836,0.46330497647705426,-0.2621683470037294,High LST,Mid HI,High LST / Mid HI,364,las_vegas,Las Vegas,2024,GOOGLE/SATELLITE_EMBEDDING/V1/ANNUAL,/Users/yufeizhou/Desktop/heat-exposure-compare/outputs/pilot/alphaearth/paper_gis_figures/three_city_lstadaptive_heat_index_mismatch_GIS_READY.gpkg,las_vegas,0.17249393622120895,-0.15262484246752786,0.14882201802733436,0.06174050796295114,-0.003124947164063156,-0.12060656517513779,-0.020885255092390198,-0.09367982896508242,-0.30057259182456286,-0.09326890833070724,0.11896950284324188,0.08055945480529736,-0.12436709034307225,-0.1385528766231051,-0.0445963225726524,-0.08267764666275397,0.1586046334556769,0.08161716227367073,0.19850408461714708,-0.017025909521652633,-0.03159502821623757,-0.08468266745811213,-0.17041833532140735,-0.14235983222574125,-0.13726350792323513,0.2042701854651913,-0.05680916866504952,-0.017136295672802674,0.10447577968393015,0.10790062646082954,0.05318584599836633,-0.13352534404690616,-0.026344779129104004,-0.17158614139631198,0.0689640270640278,0.06833736575245146,-0.15811332929513358,-0.02337215549713974,-0.25134416273549776,-0.018657252942916053,0.013670732253085582,-0.13281179902362855,0.0568666421948127,-0.05094597432574951,0.1393648597244998,0.15199400298842228,-0.0535097746990589,0.10470741856772026,0.08222188995878439,-0.001915640071060865,-0.0211328311976163,0.02771043777179767,-0.12369143558147995,-0.07436142552392241,0.12330339023590432,0.014918193847526549,0.030538489528622766,-0.025364385290701345,-0.016623942097467138,-0.11792507964917029,0.11897270102025309,-0.01292870295860792,-0.21880870001949668,0.0914705955369223
32003005837,las_vegas,45.775415263748634,30.15718539082193,-15.618229872926705,False,False,Neither hotspot,False,-0.9269400946238489,-0.8193043326821412,0.10763576194170765,Low LST,Low HI,Low LST / Low HI,365,las_vegas,Las Vegas,2024,GOOGLE/SATELLITE_EMBEDDING/V1/ANNUAL,/Users/yufeizhou/Desktop/heat-exposure-compare/outputs/pilot/alphaearth/paper_gis_figures/three_city_lstadaptive_heat_index_mismatch_GIS_READY.gpkg,las_vegas,0.1744454679377597,-0.11944732194108197,0.1714746196796131,0.043622131858507766,0.040396659347285875,-0.061816846173356914,-0.012785218102882393,-0.022849522937822574,-0.2992792074507355,-0.10543539485319674,0.08085614731308213,0.04256359843915323,-0.14087127629494023,-0.11578953404601709,-0.0225636135107691,-0.05234077102443091,0.11379962072924898,0.10287978947955209,0.2015795539178413,0.0050851620742687065,-0.04582903694660506,-0.13044590805087852,-0.08297282410778405,-0.08924054667993425,-0.10655484527732938,0.2727309965262362,-0.11012181724793951,-0.06757437330306687,0.14843273115461592,0.12417065706825693,0.0423617198571284,-0.12539252243824225,0.0011511637991704416,-0.1742332500393069,0.13806426730270502,0.08163813511997248,-0.10026509471084286,-0.04605302089233428,-0.2797596758003595,-0.014234597676832106,0.0005281189317001933,-0.17767374317394347,0.07191281971702142,-0.056686902687692026,0.12832411172349598,0.20076331317128543,-0.06038647057462308,0.14433932335213154,0.02400350466417694,-0.03903699755427937,-0.05599919695297107,0.03606914068533589,-0.06286006293398258,-0.042168228469893265,0.13583948394542253,-0.019126542954598195,0.031014828050792934,-0.020875353300188606,-0.04527173406968627,-0.07083955220259353,0.13231007277103998,0.005637493156908453,-0.15851261724003218,0.057717070041207026
32003005830,las_vegas,46.49242962962966,30.816047771731157,-15.676381857898505,False,False,Neither hotspot,False,-0.3854946992689351,-0.24466234685255522,0.14083235241637987,Mid LST,Mid HI,Mid LST / Mid HI,366,las_vegas,Las Vegas,2024,GOOGLE/SATELLITE_EMBEDDING/V1/ANNUAL,/Users/yufeizhou/Desktop/heat-exposure-compare/outputs/pilot/alphaearth/paper_gis_figures/three_city_lstadaptive_heat_index_mismatch_GIS_READY.gpkg,las_vegas,0.17210048156569188,-0.11927079332080051,0.1644887402220722,0.0407163676330559,0.00997743399055303,-0.08075121164233771,-0.024454454077569993,-0.054637116190946244,-0.29255118997291757,-0.11152722773362017,0.09509645137959784,0.05140277560258837,-0.15132050850138168,-0.10726378975274815,-0.038268116454312794,-0.08542596290485457,0.1073513078003066,0.09722945945793894,0.19514227765601572,-0.00926367409300143,-0.03599917695310863,-0.1042935290272608,-0.09742433366988443,-0.11859782921811392,-0.16582615390357225,0.236647064447919,-0.10727147087291175,-0.07726008525993378,0.146151509946327,0.15116463057277457,0.054985242588363646,-0.1435805659294665,0.004557352257019913,-0.20499058186644836,0.12379658054827038,0.09088740573757656,-0.11330828878295417,-0.04249417620781546,-0.2588989348745092,-0.04847771290322372,-0.002887256837053712,-0.16798403278878327,0.05974213322508533,-0.05945880631814841,0.12007033833518944,0.19737380936679508,-0.04664383725653403,0.13829684817867477,0.026351828642051472,-0.05192549849770282,-0.03352386680336258,0.02484211111362351,-0.06690118764677962,-0.036102159466999746,0.1269360441080088,0.0237730149312078,-0.02139585964940711,-0.016618821916822277,-0.05778452395110728,-0.0834698811945589,0.1196778564789701,0.010335874221527043,-0.17127218229975075,0.08679656467754991
32003005831,las_vegas,46.41306859806864,30.816047771731157,-15.597020826337484,False,False,Neither hotspot,False,-0.4454232964547558,-0.24466234685255522,0.2007609496022006,Low LST,Mid HI,Low LST / Mid HI,367,las_vegas,Las Vegas,2024,GOOGLE/SATELLITE_EMBEDDING/V1/ANNUAL,/Users/yufeizhou/Desktop/heat-exposure-compare/outputs/pilot/alphaearth/paper_gis_figures/three_city_lstadaptive_heat_index_mismatch_GIS_READY.gpkg,las_vegas,0.1437263222797217,-0.018672493938679455,0.1537995224731343,0.029574055666697054,0.0037817237887179393,-0.04761317405292035,0.026915897097896338,-0.0005439468145681109,-0.29706276417715066,-0.05763965332201202,0.07478287296001537,-0.0005937861645684644,-0.19410888493280348,-0.10714075077528622,0.01863582959606719,-0.07694165100852884,0.049506710887484325,0.06925547778497373,0.21410073097074098,-0.027821890617854655,-0.013833583496679042,-0.18392622685003743,-0.14424267763874113,-0.08670586178252473,-0.1382285617082826,0.18355154366229123,-0.09216451633788986,-0.09184742126230012,0.11411442507659388,0.12438770068816542,0.09912632172152767,-0.13417248036901852,0.055929036178929144,-0.185296937172017,0.03383973027370408,0.05622735712351111,-0.07054236634692065,0.0023523612751025222,-0.25663559441056094,-0.08017184108348963,0.11023365139850795,-0.1718314829766671,0.033907445003939246,-0.11136116424882948,0.06946783510906823,0.22514201158730415,0.021788111971355224,0.06393852194204508,-0.0355099990371734,-0.026550680291523705,-0.10233908039204254,0.0573092731518745,-0.026321929542890823,-0.06475169143902969,0.1392817661104178,0.03385119078347127,-0.0555222179642158,-0.014512068665043586,-0.006364124192841563,-0.08209170173885841,0.0363050881490175,-0.05161004809605815,-0.10550043669290152,0.05202804373317207
32003002838,las_vegas,46.98159846972724,31.968054492595165,-15.013543977132073,False,False,Neither hotspot,True,-0.01610430958477038,0.760086822242178,0.7761911318269484,Mid LST,High HI,Mid LST / High HI,368,las_vegas,Las Vegas,2024,GOOGLE/SATELLITE_EMBEDDING/V1/ANNUAL,/Users/yufeizhou/Desktop/heat-exposure-compare/outputs/pilot/alphaearth/paper_gis_figures/three_city_lstadaptive_heat_index_mismatch_GIS_READY.gpkg,las_vegas,0.1734492577352335,-0.11690282921654548,0.17347633710020038,0.07987259245242716,0.007148897427280451,-0.08289052061028154,0.00048732923800505685,-0.05541390860632208,-0.3109852297404973,-0.12520371589456128,0.10571101011144524,0.05075617391812953,-0.16639447008648467,-0.10386649266104765,-0.018451942536469708,-0.06292580157554944,0.11213591864721509,0.08490715392014779,0.22366771805988808,-0.0327853628366047,-0.02281032525510085,-0.11500603328573764,-0.1311447629264671,-0.14144086793001448,-0.14361782170100817,0.24304091256352106,-0.08630356141593347,-0.06514909002246531,0.12468556299153466,0.14232077742118407,0.061191708056275704,-0.12123630704364641,-0.03708709279673294,-0.17719244100892717,0.09535736540876424,0.07732521631535942,-0.1126686994631236,-0.046514206841666156,-0.2595987464870631,-0.024972816459558695,0.03098266432192685,-0.14641047230688564,0.07009542920989244,-0.06881250444751943,0.11410759380643483,0.1805427531198022,-0.04258800503872109,0.1073106350005176,0.055635811013072294,-0.043198171720162014,-0.037638301381318115,0.013914541134272504,-0.10051845819771263,-0.042582978471438576,0.12454693400259406,0.019076977035792822,0.00655272818834915,-0.016035568069990604,-0.04729204340377173,-0.08448898219094896,0.1242850639339655,0.003401806956852366,-0.1619552954540968,0.06412303477110866
32003005845,las_vegas,44.541725589225614,28.484741921582422,-16.05698366764319,False,False,Neither hotspot,False,-1.8585470823675607,-2.277964387040169,-0.4194173046726084,Low LST,Low HI,Low LST / Low HI,369,las_vegas,Las Vegas,2024,GOOGLE/SATELLITE_EMBEDDING/V1/ANNUAL,/Users/yufeizhou/Desktop/heat-exposure-compare/outputs/pilot/alphaearth/paper_gis_figures/three_city_lstadaptive_heat_index_mismatch_GIS_READY.gpkg,las_vegas,0.17431279198380897,-0.12454937026785769,0.16262708367067455,0.05848871344534705,0.03332434699747189,-0.0784360999220595,-0.012303796366511648,-0.055565490159446104,-0.3033941071784204,-0.1372480064354414,0.10593007852200931,0.07472670562049917,-0.14370558233831576,-0.11213864833585648,-0.01473121489346152,-0.05258126386760309,0.10628530750369412,0.08702954848131891,0.2530034177292242,-0.0397631199491597,-0.0163878658299503,-0.07479589680926846,-0.09671119080137948,-0.13067111278030855,-0.13985375235571287,0.22873048688539765,-0.09538071226446639,-0.058757450555649876,0.12848059379123436,0.11161452553673576,0.006907821759223619,-0.09635311383746396,-0.05688734982285329,-0.1725708880872547,0.1315423665999179,0.04555237806050997,-0.10688452061675977,-0.04616285448178365,-0.28805169558561616,0.003175284459186172,-0.0052017940815019805,-0.1316421736368628,0.07939619612177941,-0.04417291507396211,0.14342361270462972,0.18075814371287208,-0.06489687192884556,0.11988975550163868,0.0851584735326269,-0.03148397341409626,-0.025658343628113013,0.0034208883877123925,-0.09857154371938043,-0.03738196088584704,0.1312892919543959,0.02499161489774511,0.014154658209326692,-0.025467456881869754,-0.08273536440061179,-0.11393659904945591,0.1488110751362055,0.031002336733984462,-0.19194002563356766,0.06666524682072837
32003005849,las_vegas,45.57903487429038,30.68612509371,-14.892909780580379,False,False,Neither hotspot,True,-1.075234553800445,-0.3579773999890631,0.717257153811382,Low LST,Low HI,Low LST / Low HI,370,las_vegas,Las Vegas,2024,GOOGLE/SATELLITE_EMBEDDING/V1/ANNUAL,/Users/yufeizhou/Desktop/heat-exposure-compare/outputs/pilot/alphaearth/paper_gis_figures/three_city_lstadaptive_heat_index_mismatch_GIS_READY.gpkg,las_vegas,0.16422622061730943,-0.10116507725740678,0.15660666191035383,0.04729558459473348,0.018787360544627974,-0.09902243812213708,0.01366408059955788,-0.06511223065338319,-0.3031424722773201,-0.090080789554389,0.10164738733741446,0.05338844254640833,-0.1480961467226916,-0.11869789334687117,-0.02339402611789946,-0.08562300473788695,0.12884291059918712,0.10263103246811554,0.22858601865821407,-0.027450590966754944,0.00010481836912701221,-0.10891350296049239,-0.1370379144499258,-0.12737181921371005,-0.14853086193577006,0.2010261573513215,-0.12009767523383533,-0.05084403453353371,0.1143930708050538,0.13394378171302604,0.07386389373963159,-0.11575563512992243,-0.006146827025307419,-0.19751402608505186,0.09454812289931525,0.06126722020339428,-0.13491118704099317,-0.023741207270480333,-0.2781229499038872,-0.028798040630637362,0.030386777189864878,-0.15667807444833795,0.04535545197273003,-0.06954921683934061,0.11701378026171108,0.19252278060950093,-0.052843371325832715,0.10753650101553612,0.03306121252586393,-0.027838070342603615,-0.06111558127165632,0.0624536458519794,-0.08854617626340774,-0.062459731299424094,0.1321843786207017,0.023539863400347517,-0.01491774139161584,-0.024974538563933942,-0.01473559970517726,-0.12150763315053491,0.0990568374898896,-0.04048006610155158,-0.17182342034713521,0.06781129576638546
32003005826,las_vegas,45.36694319880421,30.68612509371,-14.680818105094207,False,False,Neither hotspot,True,-1.2353932152576557,-0.3579773999890631,0.8774158152685926,Low LST,Low HI,Low LST / Low HI,371,las_vegas,Las Vegas,2024,GOOGLE/SATELLITE_EMBEDDING/V1/ANNUAL,/Users/yufeizhou/Desktop/heat-exposure-compare/outputs/pilot/alphaearth/paper_gis_figures/three_city_lstadaptive_heat_index_mismatch_GIS_READY.gpkg,las_vegas,0.16513886496974856,-0.06945896891669899,0.17440411451935167,0.04471429142997854,0.03167480514515933,-0.0768924579432989,0.03289387325582552,-0.045873092877388666,-0.3126185483588767,-0.10725950690831958,0.07834308631156434,0.04827192905906896,-0.1654609395668726,-0.10226817189716447,-0.014156750383895234,-0.0779776070462594,0.1018468679098094,0.10248069969392051,0.260504875296643,-0.035167702311996354,0.00983679509081679,-0.1110562376146147,-0.11486201361127128,-0.11836193334689019,-0.14899505297957677,0.21067692949037461,-0.13653985611410108,-0.07005412124516845,0.1109557541086486,0.1336142020347264,0.07809477361755507,-0.10679863577269283,0.0001502711757571036,-0.19088656533363368,0.10680110334893726,0.05599055840596303,-0.1178504342409665,-0.029581688879000853,-0.29970598066730175,-0.04365939216610919,0.043831329828628585,-0.15328589414935875,0.0482834361094402,-0.07791809792630995,0.11312450471255059,0.21093572952225298,-0.03353099204836894,0.10693646960660987,0.01863803828853308,-0.03072889348966624,-0.06536086261678785,0.046760078659023874,-0.08935735012969587,-0.06587699592132805,0.14150215515585443,0.027033192694373116,-0.026328794227132305,-0.02770560321672702,-0.02853305180555573,-0.10536416372010653,0.08517201242147637,-0.038206353654045115,-0.15463667287949615,0.04777552145854089
32003005809,las_vegas,45.03352248394007,30.68612509371,-14.347397390230068,False,False,Neither hotspot,True,-1.4871721465728014,-0.3579773999890631,1.1291947465837384,Low LST,Low HI,Low LST / Low HI,372,las_vegas,Las Vegas,2024,GOOGLE/SATELLITE_EMBEDDING/V1/ANNUAL,/Users/yufeizhou/Desktop/heat-exposure-compare/outputs/pilot/alphaearth/paper_gis_figures/three_city_lstadaptive_heat_index_mismatch_GIS_READY.gpkg,las_vegas,0.1677832763675414,-0.16996802525468574,0.14420637808366502,0.054794480608357954,0.0161098545694552,-0.09974168370324339,-0.026356601179111972,-0.04980589143909441,-0.31288003492072775,-0.10899228798664924,0.09498809076585106,0.05812766046102647,-0.12396466874126703,-0.12300239424722109,-0.03601817431847441,-0.07608488753843566,0.11751328434573054,0.08701180748868538,0.17808517014492592,-0.01867067409898573,-0.018059535479560067,-0.11293842423149332,-0.11436924717934713,-0.12326787284595798,-0.1447300735997714,0.2042987882864012,-0.0937254798392221,-0.03182850189973409,0.12659765186684574,0.10883835101395002,0.017924776238673255,-0.12630822012029583,-0.02239201126989775,-0.16976474884890513,0.09731186416008113,0.07045116911784982,-0.0970011975431489,-0.045096933420513526,-0.25139534812810577,-0.02041343105195892,-0.037769244696943725,-0.14819065265888073,0.07748344210748741,-0.05342059184175616,0.11028455518274234,0.1987633302799933,-0.08183871712657838,0.12847476530461613,0.05823359078183726,-0.04148667150567176,-0.030018737817384858,0.03409531218533358,-0.1031903569386171,-0.01718343647660761,0.10650223291691617,0.001620888885360617,0.013205758569335833,-0.0043593426565979275,-0.060914677739484696,-0.09061271225976007,0.12663347446501538,-0.04330926608628386,-0.17977867608111672,0.08757256702899273
32003000527,las_vegas,48.685502544529285,32.08101575859078,-16.604486785938505,True,True,Both LST and HI hotspot,False,1.2705798341763364,0.8586085896011912,-0.4119712445751451,High LST,High HI,High LST / High HI,373,las_vegas,Las Vegas,2024,GOOGLE/SATELLITE_EMBEDDING/V1/ANNUAL,/Users/yufeizhou/Desktop/heat-exposure-compare/outputs/pilot/alphaearth/paper_gis_figures/three_city_lstadaptive_heat_index_mismatch_GIS_READY.gpkg,las_vegas,0.1881951270898063,-0.10508151932026062,0.16611846194296756,0.040056822543676734,0.015409641357409217,-0.08418184403540376,-0.007639907186532808,-0.0934021667424394,-0.29841473965772014,-0.09875458237268689,0.11478172363683892,0.08346600646943621,-0.14931079529537783,-0.13009674260387524,-0.03611516284388426,-0.08125317221334022,0.14607035306792357,0.09270781979973801,0.2347052735955932,-0.010187960381622362,-0.04345648848830365,-0.05669835443841358,-0.1542978923966322,-0.1364418586980806,-0.11539152668563804,0.24867864097774228,-0.10688083628289785,-0.04595078420671567,0.14375996717777886,0.11143858763871548,0.05686490837933086,-0.11375062205116523,-0.05175892422205247,-0.1877530679515004,0.12064758889465929,0.06373039708315319,-0.16483801544231783,-0.029952736425409254,-0.2573758030826712,-0.03865159265681663,-0.004287844691854951,-0.16501769831177368,0.06846290382591919,-0.03778011315267373,0.16860480110315104,0.15210438913490423,-0.06313064605098431,0.1136956213408639,0.08657370971627612,0.0007818818919383066,-0.023463556551471452,0.00855279895588059,-0.09202429702482663,-0.07950712178503415,0.1276119227626335,-0.0016601453335946962,0.03479086050102271,-0.03166676838831761,-0.018906869918624027,-0.11761394720230392,0.13273838981274044,0.016928680156618803,-0.22877665633874433,0.08203831990164985
32003002995,las_vegas,47.623385012919925,31.627775852444717,-15.995609160475208,False,False,Neither hotspot,False,0.46853363513123053,0.46330497647705426,-0.005228658654176266,Mid LST,Mid HI,Mid LST / Mid HI,374,las_vegas,Las Vegas,2024,GOOGLE/SATELLITE_EMBEDDING/V1/ANNUAL,/Users/yufeizhou/Desktop/heat-exposure-compare/outputs/pilot/alphaearth/paper_gis_figures/three_city_lstadaptive_heat_index_mismatch_GIS_READY.gpkg,las_vegas,0.1697673686281784,-0.2113491146962476,0.12302966917435834,0.06099682061192765,-0.0028102997037478673,-0.1470344349147978,-0.04003582843776223,-0.1036497749239848,-0.2544788600592007,-0.03975243784549479,0.13938146342342056,0.07859505166924885,-0.10506097534626355,-0.169573423576594,-0.05212623167088098,-0.10840526451373064,0.19047484319971716,0.07522278407807893,0.13807211988594417,-0.039438525501440704,-0.02898877846391388,-0.07647074737985235,-0.17517609099525977,-0.12305947697618388,-0.15966764754831222,0.1511031400906596,-0.0634390153145255,0.023084666123554382,0.1132418575485716,0.11005805492160074,0.05932781374150161,-0.1514219158166124,0.012466218509395261,-0.19991043760176763,0.06748727296783877,0.049592532399688465,-0.16774390325479233,-0.04408047361101292,-0.20574078946382787,0.020843606677761712,-0.013352531324060812,-0.11927898475153255,0.03139701543129757,-0.06976290499181348,0.11418953862396228,0.14849312167126066,-0.0827087870906648,0.10076761648332663,0.06666567960538851,-0.004255726086452015,-0.03333536748450682,0.103164419088239,-0.11925184444507893,-0.05163783107417465,0.11187038823441164,-0.022373270881874015,0.03315817704127714,-0.03276477988016075,-0.015153883425298791,-0.14130016269635223,0.11896033110350993,-0.029511638276459955,-0.220948751634676,0.09365536820283224
32003002302,las_vegas,47.36701444892475,31.627775852444717,-15.739238596480032,False,False,Neither hotspot,False,0.27493826524046466,0.46330497647705426,0.1883667112365896,Mid LST,Mid HI,Mid LST / Mid HI,375,las_vegas,Las Vegas,2024,GOOGLE/SATELLITE_EMBEDDING/V1/ANNUAL,/Users/yufeizhou/Desktop/heat-exposure-compare/outputs/pilot/alphaearth/paper_gis_figures/three_city_lstadaptive_heat_index_mismatch_GIS_READY.gpkg,las_vegas,0.16696499278884738,-0.21671350156922212,0.12156886977285791,0.04734916703019497,-0.008712622676520844,-0.1310898733846652,0.015446374242181338,-0.060636872194872175,-0.2438037649570412,-0.0830964081732012,0.13633043821241383,0.06395283271686586,-0.10430694040025298,-0.14013131299503195,-0.015242388866440094,-0.08205192496345731,0.1484699538743295,0.037196186067397455,0.11834126845043853,-0.009622172594145374,-0.021236794369789532,-0.10215544157984487,-0.1610109581582774,-0.11060593089962173,-0.10456190625481837,0.14226534775843816,-0.02256527833273389,0.009637445596679626,0.12186466389579334,0.07494373577401275,0.03497406931736569,-0.14745530765206047,-0.025761237301847185,-0.11050706231709377,0.02526704584894617,0.08894130555009284,-0.1255416264969327,-0.022527970139121882,-0.23206335469340292,0.012510213291791408,-0.014297998420553014,-0.11243784638019641,0.031130497944873936,-0.04523818905232376,0.10509643327132111,0.14188114040180677,-0.089463932198968,0.09916044667365545,0.06146052929507193,0.021069355394823592,-0.0607757705085164,0.0693667353785913,-0.12702128200390755,-0.05053872534977294,0.09546326895233193,-0.035114156868054414,0.03621870657699862,-0.021444986804612046,-0.013842366593795712,-0.10599219356121888,0.13364186917794513,-0.04935225314191087,-0.20851619911971847,0.11935522726268134
32003003248,las_vegas,45.21064741907265,30.8977331107037,-14.31291430836895,False,False,Neither hotspot,True,-1.3534182288082202,-0.1734185989008675,1.1799996299073527,Low LST,Mid HI,Low LST / Mid HI,376,las_vegas,Las Vegas,2024,GOOGLE/SATELLITE_EMBEDDING/V1/ANNUAL,/Users/yufeizhou/Desktop/heat-exposure-compare/outputs/pilot/alphaearth/paper_gis_figures/three_city_lstadaptive_heat_index_mismatch_GIS_READY.gpkg,las_vegas,0.1613640066490442,-0.13600407445055904,0.16106014784833286,0.0693997978914431,0.020863951793199793,-0.06445859648090986,-0.019695525150749453,-0.016218418480360545,-0.33990405891497566,-0.11190402690557417,0.07229136799365653,0.03643684584878933,-0.14563448940977333,-0.10500338501364218,-0.03546954423537757,-0.07760465016379361,0.09152035286138384,0.08106484318511231,0.18261390284782594,-0.00807628451040979,-0.0110225230481974,-0.1659467853199083,-0.0932675661665016,-0.12709250519271198,-0.10975735565484995,0.2475801969798292,-0.09075806205782518,-0.040518848744523335,0.11985753766928105,0.11913812123811093,0.02893668836373579,-0.10657658342701033,-0.019747585497856934,-0.16019108574120733,0.09926045116699846,0.062102482765077495,-0.07800174733826486,-0.043728348627463776,-0.25424399787887614,-0.03401201287167948,-0.014245759063266882,-0.1554930865062133,0.0743492022862743,-0.06671161559942736,0.10645204376233551,0.23408557354377818,-0.057782576130916356,0.12098399618395946,0.06192660108619112,-0.05347985250439403,-0.04778263345440241,0.033046084191537275,-0.0891652506025153,0.006807391578490837,0.12382851180517412,-0.011262708632234117,0.01502570029511222,0.009719503106101684,-0.053595193620272166,-0.07866864524110478,0.1322595831293624,-0.05616842254326823,-0.14035170120310633,0.05328412944935293
32003003246,las_vegas,45.62503212851408,30.8977331107037,-14.727299017810378,False,False,Neither hotspot,True,-1.040500240677179,-0.1734185989008675,0.8670816417763115,Low LST,Mid HI,Low LST / Mid HI,377,las_vegas,Las Vegas,2024,GOOGLE/SATELLITE_EMBEDDING/V1/ANNUAL,/Users/yufeizhou/Desktop/heat-exposure-compare/outputs/pilot/alphaearth/paper_gis_figures/three_city_lstadaptive_heat_index_mismatch_GIS_READY.gpkg,las_vegas,0.16319914474752023,-0.1440532565066265,0.15119871282846148,0.06744645231253919,0.02202472482320079,-0.0923470832089377,-0.015789437376111153,-0.06774901605214262,-0.31809000420240297,-0.10500026480058357,0.09161051786664075,0.06904755297570045,-0.1297101579213378,-0.12296700325326093,-0.053963123257667785,-0.07551960009388263,0.12693918595050327,0.09287330605540414,0.20857277203570404,-0.02476563224639252,-0.02163326410298816,-0.11871064375793978,-0.12400165500280073,-0.1375023241162576,-0.12915660297932088,0.23914928539934113,-0.08163363376586286,-0.033037097925499005,0.1177850383483509,0.11472535008133423,0.03152947490695338,-0.12167046542672712,-0.03827012930823194,-0.1799305501100734,0.11679687880019876,0.05640472101181755,-0.12479253875958182,-0.04206757312509142,-0.2502392812539233,-0.0038882231800476726,-0.015384359292137016,-0.1491443306191952,0.07472933150801449,-0.06449347632265438,0.12739133481957818,0.1807854801386408,-0.06689667150506057,0.1177773289910209,0.0790635866404666,-0.04001624468240647,-0.01878684133694456,0.027490001646563702,-0.09808520160925195,-0.03071755047062382,0.12870891781956612,0.0029688808663570383,0.028943769547202295,-0.005625585338154543,-0.0501567539158363,-0.10724486181037597,0.13189760777054277,-0.013391579134536858,-0.19562019385038723,0.07397725317788963
32003003252,las_vegas,44.649368327402165,28.484741921582422,-16.164626405819742,False,False,Neither hotspot,False,-1.7772618701006158,-2.277964387040169,-0.5007025169395534,Low LST,Low HI,Low LST / Low HI,378,las_vegas,Las Vegas,2024,GOOGLE/SATELLITE_EMBEDDING/V1/ANNUAL,/Users/yufeizhou/Desktop/heat-exposure-compare/outputs/pilot/alphaearth/paper_gis_figures/three_city_lstadaptive_heat_index_mismatch_GIS_READY.gpkg,las_vegas,0.17494392684012341,-0.15482432503808177,0.16716761892058737,0.07246377852922885,0.041928792693776445,-0.08779650414246332,-0.00716320459248778,-0.03968857906284998,-0.3247754108936826,-0.12059557377560598,0.07766782374765444,0.03859339030840178,-0.1217597698894656,-0.11419110572367261,-0.05682136095808626,-0.06566235185219035,0.09601738827888712,0.08322962098768044,0.1974651598056316,-0.01688450130304369,-0.021281713664388094,-0.1346665022358245,-0.0830821117946471,-0.1391620085833715,-0.0883778109895356,0.25157343476283567,-0.09026371903135993,-0.04344468649561451,0.11331318096917495,0.11271262410918564,0.010190462288741388,-0.11930285274504734,-0.04300728113354925,-0.157934887980436,0.13018433069471388,0.05565773692277738,-0.11060455600635472,-0.061911868225837684,-0.2596479927276838,-0.025855259407043193,-0.03466400062767762,-0.13614676119788463,0.06477889146610499,-0.0599048266253194,0.10955658416721598,0.20316317374507492,-0.07119352690657602,0.11812959519653447,0.08615653446217877,-0.04509235811822295,-0.036082792169863376,0.02570331650331726,-0.10397885956923598,0.016357343122680848,0.12904778727364744,-0.033226150848968454,0.035682563770447394,-0.015562204537596321,-0.08735406577398182,-0.08812858726166055,0.14886087860706584,-0.010614914237415894,-0.17615670623753707,0.0569459752407139
32003003250,las_vegas,44.71675809822366,28.484741921582422,-16.232016176641235,False,False,Neither hotspot,False,-1.726373236843616,-2.277964387040169,-0.5515911501965531,Low LST,Low HI,Low LST / Low HI,379,las_vegas,Las Vegas,2024,GOOGLE/SATELLITE_EMBEDDING/V1/ANNUAL,/Users/yufeizhou/Desktop/heat-exposure-compare/outputs/pilot/alphaearth/paper_gis_figures/three_city_lstadaptive_heat_index_mismatch_GIS_READY.gpkg,las_vegas,0.17031729922642017,-0.12828080983381224,0.16769694450325717,0.07270021353606045,0.04814189184781313,-0.09522905390636527,0.01699042638576004,-0.0441598383890468,-0.3193426722752093,-0.13059538702703957,0.07069073753357889,0.04043050015761448,-0.12934603035531045,-0.10646734332482038,-0.029101369877760783,-0.05106624619640124,0.09685641027309976,0.08841246847736195,0.24909504983782998,-0.021256217355619843,-0.0006401647570944644,-0.12454022376942236,-0.08487060393051254,-0.13019837889746624,-0.10285029188511291,0.23531605358099325,-0.09348412219196912,-0.06134571854440705,0.12057941098174027,0.11158412135899526,0.008669027719861963,-0.08943021098136753,-0.05556880414633518,-0.15273115412999463,0.131274222694098,0.05466932098761114,-0.11180093474696391,-0.06474420289494782,-0.3052381836901638,-0.0037818290243217863,0.022924698479569395,-0.1263442973838251,0.056341968157554885,-0.06310347211981691,0.1073616364137502,0.20613682332500638,-0.057053311996882836,0.10464293855425456,0.0532389344678704,-0.05262456326517956,-0.041082184080134816,0.026240433197536786,-0.10395244756238219,-0.009254325987524821,0.11989779260977665,-0.012676582011138738,0.03251453439758883,-0.019405944950892658,-0.07652311572962325,-0.10104535636950407,0.1332782942683368,0.0015395843663906768,-0.15904161073749964,0.04059635517191997
32003005850,las_vegas,45.81427872860638,28.611279124944655,-17.202999603661727,False,False,Neither hotspot,False,-0.8975927829156527,-2.16760205352668,-1.2700092706110273,Low LST,Low HI,Low LST / Low HI,380,las_vegas,Las Vegas,2024,GOOGLE/SATELLITE_EMBEDDING/V1/ANNUAL,/Users/yufeizhou/Desktop/heat-exposure-compare/outputs/pilot/alphaearth/paper_gis_figures/three_city_lstadaptive_heat_index_mismatch_GIS_READY.gpkg,las_vegas,0.17170646117073696,-0.042353629137808144,0.1847052627438838,0.02332080534187345,0.015125130367069351,-0.05925637272908983,0.03999476700271879,-0.05503273816249501,-0.3031577732513927,-0.14054348038242787,0.07254813949651946,0.04570458568948901,-0.1626947827102021,-0.08570848256507918,-0.025049235309361022,-0.0973591975653335,0.1051675983135846,0.10148953919281371,0.23422800421758863,-0.02311047570868242,-0.0021333515360787182,-0.12757043741974955,-0.09308798258578567,-0.10978382115143433,-0.14165978580312322,0.24711524373234664,-0.13490866164367113,-0.10075244060476729,0.15333603272635934,0.15853991637578893,0.08982208325005847,-0.1008625003876827,-0.00542481992387686,-0.19729735455121744,0.12702500843162087,0.06121115130634636,-0.1209579798477787,-0.053556938098831074,-0.2774517772915366,-0.06937878565508028,0.021091055747437373,-0.16150847394194776,0.046582789208262046,-0.09313458628315406,0.11963010532756425,0.2160200254640252,-0.04288849531540432,0.1096547512296645,0.02059950904353619,-0.03915796537071914,-0.06696471037025647,0.03194904604914426,-0.07876303857989345,-0.028647727647616198,0.14505656819550883,0.025422249935154993,-0.025531499521278988,-0.02881662886491113,-0.03547480975281652,-0.08937750366477223,0.09438150884145774,-0.015037664476105207,-0.14914018161248557,0.0587465755653664
32003005319,las_vegas,47.352615493958815,31.968054492595165,-15.38456100136365,False,False,Neither hotspot,False,0.2640650551135685,0.760086822242178,0.49602176712860957,Mid LST,High HI,Mid LST / High HI,381,las_vegas,Las Vegas,2024,GOOGLE/SATELLITE_EMBEDDING/V1/ANNUAL,/Users/yufeizhou/Desktop/heat-exposure-compare/outputs/pilot/alphaearth/paper_gis_figures/three_city_lstadaptive_heat_index_mismatch_GIS_READY.gpkg,las_vegas,0.1646668380720445,-0.14848998439426644,0.15106971323914248,0.07296965358205913,0.026141345254341877,-0.07719870037610899,-0.031574669183651545,-0.08686497448690299,-0.2661790539742815,-0.1081197717411812,0.10537904269383129,0.04665184954567941,-0.155955789994252,-0.12508330808869939,-0.03676870070214692,-0.07122089214216196,0.13095537729320172,0.09676887582864836,0.20409004111016016,-0.03188196256174558,-0.026906401412408406,-0.08576004253070932,-0.10341193262969516,-0.12460521151633705,-0.16275361678856176,0.22911083817082528,-0.09721249593849042,-0.06263451330800081,0.154401164012796,0.14531515734034872,0.046143442607403336,-0.12044649923743327,-0.01066838514741378,-0.20083857317040135,0.10149595983536511,0.06953892840184954,-0.11558644452048832,-0.03930979474045675,-0.2575872437688376,-0.007949535650463102,-0.01886804530568171,-0.1566996475712066,0.06001615192560088,-0.04803069042103445,0.14084912710205968,0.17423149315332823,-0.07960495982105083,0.11960982065314744,0.05494569343321362,-0.038154650149171396,-0.021409979943102588,0.024401313643802793,-0.09889377044371873,-0.028083421407689612,0.12130109536775853,0.008042166814593032,0.011306613432828934,-0.02288524626691027,-0.05568006637310481,-0.1091937842286832,0.14267953166646707,0.00661751251782974,-0.1885319562360043,0.07738819564317787
32003005320,las_vegas,47.36470817120625,31.968054492595165,-15.396653678611088,False,False,Neither hotspot,False,0.27319670536313223,0.760086822242178,0.4868901168790458,Mid LST,High HI,Mid LST / High HI,382,las_vegas,Las Vegas,2024,GOOGLE/SATELLITE_EMBEDDING/V1/ANNUAL,/Users/yufeizhou/Desktop/heat-exposure-compare/outputs/pilot/alphaearth/paper_gis_figures/three_city_lstadaptive_heat_index_mismatch_GIS_READY.gpkg,las_vegas,0.18180673432196587,-0.10020908351742161,0.19734417243082247,0.049415245394115945,0.028833571697960032,-0.05382553174638564,0.0013161094610176307,-0.06628486038746258,-0.2794002117274898,-0.15605235839531817,0.07538252276682751,0.05557316782224526,-0.1723042478025326,-0.09391134553443022,-0.03451007224366676,-0.06547665098073925,0.10371181077711665,0.1201314976848668,0.2207327575466437,-0.02267208910492438,-0.014151396538249695,-0.09152096008696882,-0.049590430363366425,-0.11554448702799648,-0.128155067122273,0.2718622247645231,-0.14637322092931154,-0.08513611589015714,0.18880954429328206,0.1432710775273625,0.0664578261230554,-0.09576488686994789,-0.041098790708186075,-0.1916647521568143,0.1514353205543699,0.056512601546722385,-0.12806635424060867,-0.05796518756732532,-0.24708332396518112,-0.060518389487838435,-0.025076670513574113,-0.1827377813266005,0.05779686409325414,-0.058593388057272044,0.13820193965109465,0.188301896303124,-0.0767551507084859,0.1302302570158181,0.0688516985088636,-0.041858511664953676,-0.029683018175139186,0.0041635236478161555,-0.0997463355471279,0.01013606707998215,0.13011618806837782,-0.029784693998415837,0.008678500952159978,-0.03625625296903899,-0.06904787051252856,-0.07741728480694146,0.14755271191320046,0.021128822507270575,-0.1610773427156534,0.03236808651524138
32003005321,las_vegas,46.80810774410778,32.104452955425614,-14.703654788682165,False,True,HI-only hotspot,True,-0.14711389459917346,0.8790498801068993,1.0261637747060728,Mid LST,High HI,Mid LST / High HI,383,las_vegas,Las Vegas,2024,GOOGLE/SATELLITE_EMBEDDING/V1/ANNUAL,/Users/yufeizhou/Desktop/heat-exposure-compare/outputs/pilot/alphaearth/paper_gis_figures/three_city_lstadaptive_heat_index_mismatch_GIS_READY.gpkg,las_vegas,0.16592523559472203,-0.14847860923922113,0.1520854410880289,0.07283265065436083,0.04772691317269189,-0.08837883992220907,-0.02642354258604882,-0.053681545443730494,-0.30981502757076185,-0.1081598598332348,0.09275077890303443,0.06644644040635567,-0.12389233770766107,-0.12244655363449544,-0.05613712342393038,-0.06614196029808202,0.12391536153435406,0.10609634886909082,0.20863152455815503,-0.02956496629124574,-0.03506907130850593,-0.10286589007073026,-0.08486270255380174,-0.12762887783213755,-0.11492845092688304,0.2418081673547076,-0.09126717562368199,-0.049531887389418994,0.13757865281057183,0.11291438442963228,0.020328101811867012,-0.08614930066453708,-0.03965294491735708,-0.18176790236240134,0.14770703397707266,0.044456413342255204,-0.11606999632122346,-0.0737419368006219,-0.24673162414783836,0.002604052895412192,-0.009870783088553487,-0.15882258967693486,0.0730002639889406,-0.049581887141592354,0.14471151611072228,0.18996499896276045,-0.07073193051402446,0.13356102675366616,0.07392253013498307,-0.06370150457602018,-0.024152241096572886,0.023134661505649336,-0.08787853218858492,-0.0029628719928270738,0.11756925822729272,-0.017371554832768154,0.034654220097688586,-0.03709416288000136,-0.07082030804699525,-0.11056419518384318,0.13910487837744487,0.02684213223597348,-0.16090483112245532,0.04606663150913035
32003005322,las_vegas,47.07472303207001,31.968054492595165,-15.106668539474846,False,False,Neither hotspot,True,0.05421766424762325,0.760086822242178,0.7058691579945549,Mid LST,High HI,Mid LST / High HI,384,las_vegas,Las Vegas,2024,GOOGLE/SATELLITE_EMBEDDING/V1/ANNUAL,/Users/yufeizhou/Desktop/heat-exposure-compare/outputs/pilot/alphaearth/paper_gis_figures/three_city_lstadaptive_heat_index_mismatch_GIS_READY.gpkg,las_vegas,0.15898210320185505,-0.12092428430985341,0.14887102744274938,0.09409232514978627,0.022736842865919073,-0.05802099526362947,-0.03492718016641545,-0.07970431307385084,-0.26405294154554687,-0.09846164710043592,0.14210774118789107,0.04350600243553045,-0.1623735463174029,-0.11866532067083974,-0.02092379893260305,-0.06153534007660175,0.1271877913152751,0.0894643551061957,0.21221018675283695,-0.0549052858535133,-0.028934597659605557,-0.08804546604489849,-0.1394051143142799,-0.1405374318863623,-0.18814026561294464,0.21271009760175116,-0.07943066136848335,-0.07735876991731,0.12547627790618415,0.16361264194484068,0.05249785326403018,-0.11994725168391834,0.007165038320748278,-0.213113460295655,0.06609151751786109,0.08238287526960338,-0.08871895006115423,-0.045742654568376874,-0.27226073288418673,0.009889986138912954,0.026922999247113905,-0.13054632630798635,0.0843894406521881,-0.08185636111536074,0.13175843275914678,0.15440876355652658,-0.04928432777448615,0.11125871438409723,0.04880279527296276,-0.05611321544217268,-0.03227863997603939,0.021198479510635117,-0.0774724164665083,-0.05084979695469811,0.12025318701967548,0.05593540111842852,0.00211865258293198,-0.03814097830223952,-0.051510766203706176,-0.10854313908882665,0.12593845893055017,0.00612850249496162,-0.16462516552819254,0.07378842577399965
32003003322,las_vegas,45.75358109343575,30.627601307444433,-15.125979785991316,False,False,Neither hotspot,True,-0.9434279246309655,-0.40902026680368125,0.5344076578272843,Low LST,Low HI,Low LST / Low HI,385,las_vegas,Las Vegas,2024,GOOGLE/SATELLITE_EMBEDDING/V1/ANNUAL,/Users/yufeizhou/Desktop/heat-exposure-compare/outputs/pilot/alphaearth/paper_gis_figures/three_city_lstadaptive_heat_index_mismatch_GIS_READY.gpkg,las_vegas,0.15972860378333473,-0.09428414337261505,0.16578200590674402,0.07241197426752856,-0.01329575133619595,-0.09158035874262085,0.02548349212581973,-0.019025227413166194,-0.33011464366247245,-0.14596907393549427,0.10780692299918863,0.047642415349924694,-0.16274246852040353,-0.06972956686518997,0.022619404341601767,-0.04890788299420148,0.06437838843639404,0.047720458474137806,0.25646976274456995,-0.015205561026015198,0.007570911373027368,-0.13414685454994973,-0.13363222417176346,-0.17094718487127147,-0.1363187251311857,0.185345411068198,-0.07470952378076863,-0.07925044235228547,0.09110759759207247,0.12180199641608001,0.04419806347929424,-0.11387388574483738,-0.0438593777898217,-0.13578829559932312,0.030255834316750045,0.1197388834367003,-0.09929382342430634,0.0014632739092249416,-0.31570185284577423,-0.0468655169784781,0.06890707637985119,-0.1024125088292004,0.05790851037614308,-0.06876150395368777,0.086145024862303,0.1681653858159271,-0.011947622944898505,0.09589760225558146,0.07084592549483627,-0.02311108990758599,-0.03896358225530996,-0.007646346216815441,-0.09732601500729703,-0.0705875839846219,0.09913937409490532,0.05431815939525427,-0.01902278765539961,0.0006908054243108176,-0.05454433775495749,-0.05126246661994398,0.10996585704614699,-0.04712628587410522,-0.1628040555574932,0.06904113286705911
32003003657,las_vegas,47.631516412991665,29.722723655957097,-17.90879275703457,False,False,Neither hotspot,False,0.474673971135827,-1.19823013164059,-1.6729041027764169,High LST,Low HI,High LST / Low HI,386,las_vegas,Las Vegas,2024,GOOGLE/SATELLITE_EMBEDDING/V1/ANNUAL,/Users/yufeizhou/Desktop/heat-exposure-compare/outputs/pilot/alphaearth/paper_gis_figures/three_city_lstadaptive_heat_index_mismatch_GIS_READY.gpkg,las_vegas,0.15021332721269207,0.07125544187937452,0.09551771260944825,0.06232142918613009,0.04725558047053857,-0.01286794761165918,0.00811805947678242,0.06520891345505773,-0.2305621174122736,0.07058878338819594,0.10134829853019825,0.017255672341879042,-0.25890430179679896,-0.12301324384408961,0.06441385130436177,-0.01171107506995922,0.0265408337897446,0.07183130125487693,0.30343924534912037,-0.04481571244020533,0.007100597467343091,-0.1842238432110916,-0.1929494647946833,-0.05832025755863387,-0.11943584881737537,0.11138817473185621,-0.09829314004518551,-0.07471117089332077,0.072363073807335,0.058120217780300854,0.0741967224249917,-0.10497838129590382,0.07701167545335472,-0.17137952633153467,-0.048021979852227725,-0.010577079317374501,-0.02377516100161652,0.06603188607561113,-0.2428219767014411,-0.04994659199761922,0.19573640215549687,-0.09985056500563401,0.08315877296662301,-0.1285185145993643,0.06947104266784425,0.1713925004168337,0.046872635374964014,-0.008440019346869238,-0.053122482391047866,0.021758137701380256,-0.10295556258828124,0.053854275339026224,0.02120384796237156,-0.13720102424655567,0.17875464702897995,0.07082294760555034,-0.025235267653660725,0.017594486457007907,0.029964578152852996,-0.09106882883009547,-0.056848672229749826,-0.06349586093262333,-0.1317726029355212,0.01347395843897854
32003003650,las_vegas,47.27164759725404,30.76536905919516,-16.50627853805888,False,False,Neither hotspot,False,0.20292305164965435,-0.28886295210001844,-0.4917860037496728,Mid LST,Low HI,Mid LST / Low HI,387,las_vegas,Las Vegas,2024,GOOGLE/SATELLITE_EMBEDDING/V1/ANNUAL,/Users/yufeizhou/Desktop/heat-exposure-compare/outputs/pilot/alphaearth/paper_gis_figures/three_city_lstadaptive_heat_index_mismatch_GIS_READY.gpkg,las_vegas,0.1859883137375427,-0.0957311319878571,0.15557250815377674,0.05508263108597081,0.020382481849398462,-0.07466952106374321,-0.005499138753129712,-0.08437436361297405,-0.2942241600326749,-0.09108583266023243,0.11139897014322063,0.0705966884944678,-0.17403823230512538,-0.11927604569718271,-0.026193226403554353,-0.08720999404080676,0.12308964090647757,0.09334226023327344,0.22825401417414212,-0.03257800323913932,-0.023854807537808647,-0.10702993463803429,-0.1606257569112963,-0.14575148421046416,-0.15192405815708346,0.24871332217877898,-0.10593165748537788,-0.06455089236263951,0.14754572839496213,0.13585593246089558,0.06201173697009291,-0.122013904058158,-0.018396411913065232,-0.19066188068834353,0.10677544610500085,0.07589467899347942,-0.13347226016454278,-0.040083572453508895,-0.26393653439012005,-0.016411932760746272,0.013704642199122954,-0.14759765716787834,0.06970298679949927,-0.06576191778266059,0.13117890256968778,0.1588083771993666,-0.06187779453659311,0.10843074763785898,0.04400138717541558,-0.03081896566873652,-0.03860870420502252,0.027641041045837547,-0.07057744222184076,-0.05662640302778249,0.1408962654816963,0.03138790559585526,0.015167913974132764,-0.009198894648126382,-0.029069804224639166,-0.09549168124693065,0.1099034131451949,-0.005655088636031485,-0.20726254285618353,0.08367257957760937
32003005868,las_vegas,46.95359386973183,29.704653685671804,-17.24894018406003,False,False,Neither hotspot,False,-0.03725167069466549,-1.2139902720120779,-1.1767386013174124,Mid LST,Low HI,Mid LST / Low HI,388,las_vegas,Las Vegas,2024,GOOGLE/SATELLITE_EMBEDDING/V1/ANNUAL,/Users/yufeizhou/Desktop/heat-exposure-compare/outputs/pilot/alphaearth/paper_gis_figures/three_city_lstadaptive_heat_index_mismatch_GIS_READY.gpkg,las_vegas,0.1649630237811831,-0.06547293261571609,0.15704685808883362,0.020326902354939457,0.0303602057589656,-0.02226652423426183,-0.015602143854543322,-0.020094971571522874,-0.2865115546614459,-0.06734244005404655,0.09944811640174694,0.025361552632959042,-0.1766456002144052,-0.09397642840265141,-0.014045891160106233,-0.07723780340622989,0.07081296101241584,0.09666267376630862,0.19503490481696653,-0.007843321203873209,-0.04667537446010369,-0.14958630626354028,-0.07780031426281653,-0.07366190040339492,-0.14169359027199732,0.25250371531556143,-0.12751310869964247,-0.09528429490926596,0.17520927420183274,0.1425691669846226,0.05262876991251579,-0.14895757875397966,0.03908846596033949,-0.22221859245771183,0.11791759487719379,0.06788188343281132,-0.05980072146556677,-0.02974975951431223,-0.25107258309134123,-0.04503115216548706,0.015347719986654546,-0.20400972917273805,0.06113094691254303,-0.09637984830128282,0.09664437005328916,0.20360342503557222,-0.029897771054072382,0.11974447197314063,-0.0038446106471352057,-0.03515156062427627,-0.07541225189856138,0.05987128895303397,0.0005385158511897389,-0.031166994481104986,0.1546136063729861,0.01925870583033825,-0.028545814835719725,-0.02487785926288576,-0.04701461198674457,-0.11137789969516106,0.08917190113915212,-0.015189346510048522,-0.13290547470450634,0.0658230526666634
32003005835,las_vegas,46.04653053715971,29.704653685671804,-16.341876851487907,False,False,Neither hotspot,False,-0.7222104219924733,-1.2139902720120779,-0.49177985001960456,Low LST,Low HI,Low LST / Low HI,389,las_vegas,Las Vegas,2024,GOOGLE/SATELLITE_EMBEDDING/V1/ANNUAL,/Users/yufeizhou/Desktop/heat-exposure-compare/outputs/pilot/alphaearth/paper_gis_figures/three_city_lstadaptive_heat_index_mismatch_GIS_READY.gpkg,las_vegas,0.1932147663975924,-0.13937884513037513,0.16479216598795443,0.04282224364613506,0.04353955157838027,-0.05177227972248676,-0.02044727788831381,-0.04732579682148912,-0.27534043489069454,-0.11080022388733865,0.07812245997052553,0.06560814933967993,-0.16064636856078385,-0.11890370832498391,-0.03777423444600562,-0.06465051608647782,0.12955744380665968,0.10804186203775401,0.2010253271927404,-0.00020004809283580472,-0.03358701305380803,-0.09410734365418799,-0.07423600702199258,-0.10578685458053354,-0.129762423368672,0.2909976796771578,-0.10829083178604436,-0.06971976410445459,0.16887567367829945,0.13301579926138163,0.0455757371073393,-0.12056650307893575,-0.012544812490237364,-0.18859346830229384,0.1800767092739528,0.07475393730283271,-0.12475502901853025,-0.05826553484932329,-0.2557591207338645,-0.02589243434435838,-0.03616435901544846,-0.17143483883057284,0.0745934634220579,-0.028703651192572233,0.14281516081033563,0.1874321952127565,-0.0756294766736962,0.15081195562513272,0.029650059896560492,-0.05147907430655053,-0.028291160736284116,0.013028027169219861,-0.0829905874497468,-0.032899735024904224,0.1477568180528814,-0.02680821881712127,0.024461438458573508,-0.008703566170545822,-0.05327327847359643,-0.06501080668185519,0.14689464472385433,0.03442579234530823,-0.20116416208819826,0.06375473324653902
32003002983,las_vegas,46.345740296118464,30.816047771731157,-15.529692524387308,False,False,Neither hotspot,False,-0.49626551217967374,-0.24466234685255522,0.2516031653271185,Low LST,Mid HI,Low LST / Mid HI,390,las_vegas,Las Vegas,2024,GOOGLE/SATELLITE_EMBEDDING/V1/ANNUAL,/Users/yufeizhou/Desktop/heat-exposure-compare/outputs/pilot/alphaearth/paper_gis_figures/three_city_lstadaptive_heat_index_mismatch_GIS_READY.gpkg,las_vegas,0.15229150968207072,-0.0024750667753659565,0.1519316160780141,0.034318744850487734,-0.010870381859346407,-0.045514822642564394,0.04381980921675643,0.0029612934625292235,-0.3004070209993258,-0.04609536353217833,0.09054684756122074,0.004173027127700043,-0.20143031992913527,-0.08699716461942404,0.03167927120814553,-0.06671593131589917,0.046470634855755706,0.06188572642160085,0.23158098890241993,-0.020308893304705714,-0.012658568498688497,-0.19407889750967866,-0.17058628465476602,-0.11239077433842823,-0.14137253442847736,0.18782652155864749,-0.09458105297932834,-0.1071805672878682,0.11629972122131721,0.13945580883887135,0.11549997234110651,-0.14381298859326302,0.040744813163357284,-0.20385912303151388,0.008251298133089165,0.08031999982433843,-0.07375082751987758,0.009951807665637209,-0.25299019712532733,-0.07862370159666066,0.13634505887618367,-0.15949782596920475,0.04890755281344198,-0.12956241168643876,0.0504031398104035,0.2009292873961805,0.022971366923036637,0.05421160019471391,-0.03600173938373662,-0.020226999694545226,-0.10420190525002393,0.04760428939129037,-0.014398282588564982,-0.07942244355013124,0.13417361615934456,0.04742162474708652,-0.04051683269290213,-0.009672266192722859,0.007481765839560073,-0.07665194851336715,0.03251687391171125,-0.050728197701282375,-0.10305294576440972,0.04187713256469482
32003005352,las_vegas,46.402427745664774,32.104452955425614,-14.29797479023916,False,True,HI-only hotspot,True,-0.4534586173784108,0.8790498801068993,1.33250849748531,Low LST,High HI,Low LST / High HI,391,las_vegas,Las Vegas,2024,GOOGLE/SATELLITE_EMBEDDING/V1/ANNUAL,/Users/yufeizhou/Desktop/heat-exposure-compare/outputs/pilot/alphaearth/paper_gis_figures/three_city_lstadaptive_heat_index_mismatch_GIS_READY.gpkg,las_vegas,0.1638591381214897,-0.14381821499298783,0.14017403870982298,0.07846465720848804,0.07109593661998595,-0.06699998141887685,-0.03741656951404264,-0.04948851770437541,-0.29392425974047,-0.07569142564957274,0.10228111892607492,0.06618710490106976,-0.12180987303363094,-0.14618886926304517,-0.0450504381744677,-0.0496948463157157,0.1453360749113154,0.11322305795179323,0.20079148327937155,-0.03567840102301706,-0.04609203609443023,-0.10980793303521806,-0.09931039472371146,-0.1130992889115312,-0.09956820431634521,0.260700611585269,-0.08717901379527918,-0.04467416453896293,0.1312559118476626,0.1153944379459522,0.015690501131928564,-0.07514091767453587,-0.025511306088617815,-0.2023138744167835,0.15352213215394242,0.025720135479367058,-0.11588671603197263,-0.08570083251006021,-0.2466472482215103,0.03170189988680279,0.01436852850985681,-0.16666056835930476,0.08043428238984542,-0.056806053238203084,0.15693365621073643,0.1886106676639958,-0.07118141693797388,0.1349026110599777,0.053456460417251085,-0.06587597330109816,-0.0329615196791104,0.04226971043198435,-0.07269344492208633,-0.013030424371081557,0.12911325887333164,-0.029650372348639473,0.06432825671448222,-0.04516586803052728,-0.040925089331761415,-0.12454360644530586,0.13175393681429792,0.03386273699065503,-0.14679398694918758,0.03257482487741186
32003005438,las_vegas,50.0230019212296,33.093711702871204,-16.929290218358396,True,True,Both LST and HI hotspot,False,2.280577559835036,1.7418546593795254,-0.5387229004555107,High LST,High HI,High LST / High HI,392,las_vegas,Las Vegas,2024,GOOGLE/SATELLITE_EMBEDDING/V1/ANNUAL,/Users/yufeizhou/Desktop/heat-exposure-compare/outputs/pilot/alphaearth/paper_gis_figures/three_city_lstadaptive_heat_index_mismatch_GIS_READY.gpkg,las_vegas,0.1506262274858017,-0.10968349126410824,0.1495119028585862,0.09332854988973101,0.037658852473617915,-0.03693529130273834,-0.04569576664758372,-0.045139711014522285,-0.2653178509350712,-0.051158907401114,0.15125826906291348,0.036968499741745174,-0.1479114706674778,-0.10752071867741306,-0.036350166636241715,-0.0791297577918509,0.08189333027067967,0.07059635517320871,0.175581651616378,-0.04643381232285423,-0.07469509064981274,-0.0829106740703124,-0.14447491989153385,-0.12563701553078047,-0.16308485086580932,0.20416109267811375,-0.08708228715999683,-0.1007843834602029,0.15108135142270887,0.15837913560787426,0.030264644470527256,-0.11891538550699453,0.02396122858532489,-0.2465952537367684,0.04705994303745215,0.09464612063960143,-0.04514608087866595,-0.04466597111140281,-0.22632183644363596,0.012861868901194588,0.034718941336698415,-0.15601210716508343,0.10787924408643602,-0.13320740088818075,0.13733193260701054,0.16440261348449653,-0.04506610067351206,0.11431293166562388,0.04109590852837452,-0.06585366804870307,-0.060962806570943884,0.05636702186979523,-0.0057407954679352235,-0.06379794388312379,0.10227022860849597,0.04334809559672878,0.008840012698915883,-0.06363701027538106,-0.05515582221772389,-0.13125998700802408,0.137857820952084,0.01524566864972584,-0.09317628143484818,0.07282326876142037
32003005440,las_vegas,48.59007445589923,32.453603101582885,-16.136471354316342,True,True,Both LST and HI hotspot,False,1.1985183781791788,1.1835692139678298,-0.014949164211349064,High LST,High HI,High LST / High HI,393,las_vegas,Las Vegas,2024,GOOGLE/SATELLITE_EMBEDDING/V1/ANNUAL,/Users/yufeizhou/Desktop/heat-exposure-compare/outputs/pilot/alphaearth/paper_gis_figures/three_city_lstadaptive_heat_index_mismatch_GIS_READY.gpkg,las_vegas,0.15043522761347178,-0.07779463102708717,0.15256983052466008,0.06965162746956634,-0.005617953989434609,-0.052201514016950286,-0.008532821083017441,-0.036938399735227945,-0.28522676013342985,-0.08306990136721375,0.13517634153112595,0.03592378678437668,-0.17950767101098117,-0.08020906539187972,0.018661577152359245,-0.048595598810916976,0.04911091027228781,0.024256022440617118,0.20851343475229378,-0.043765465870593746,-0.025111509839661626,-0.08992867363631839,-0.14960103764431745,-0.11610830987515756,-0.1636173468458432,0.15284407710621412,-0.08291364708388607,-0.11503738059825316,0.15103774883407564,0.13736409892704618,0.046712404254991464,-0.11079385488653709,0.03156087434821192,-0.21168154974510145,-0.016348009656755254,0.12178739027655726,-0.05693677861515846,0.007603156873309837,-0.2705161290128781,-0.038043632483043856,0.048480166803282494,-0.10727927510591188,0.0780293052897984,-0.13023258974027438,0.099131061972439,0.1596917722328564,-0.04006994292792736,0.08815142969163126,0.053406888844405365,-0.038244135082082374,-0.06873238407972578,0.027931306013958778,-0.033899549978360186,-0.0887860124238733,0.08129847286305172,0.0581803271568636,-0.003472229878676184,-0.051076594757849564,-0.05837672571399033,-0.07261707938874447,0.12446316845594424,-0.021883632634557552,-0.11516876686185575,0.07668801717559486
32003005362,las_vegas,48.86565826330536,31.38920289448963,-17.47645536881573,True,False,LST-only hotspot,False,1.4066224143808557,0.25522808167034283,-1.1513943327105127,High LST,Mid HI,High LST / Mid HI,394,las_vegas,Las Vegas,2024,GOOGLE/SATELLITE_EMBEDDING/V1/ANNUAL,/Users/yufeizhou/Desktop/heat-exposure-compare/outputs/pilot/alphaearth/paper_gis_figures/three_city_lstadaptive_heat_index_mismatch_GIS_READY.gpkg,las_vegas,0.16118293563346048,-0.08073177966010238,0.15444662614915258,0.05862876659976956,0.03828987672235538,-0.006070197164341785,-0.04281216330669975,-0.0622648697189365,-0.24424418176942045,-0.11948575745633544,0.10449160636264142,0.04413565956387954,-0.18828676250777326,-0.11192506101689245,0.00268588580991091,-0.05645674123841297,0.12568250466390773,0.09014544132699985,0.21206964385079624,-0.02386263094414979,-0.02697897489734667,-0.08724454179070033,-0.12241959450811928,-0.12412409946282495,-0.17857040094419413,0.23025045906728178,-0.11780791215719336,-0.11192365813152956,0.1621980106734918,0.18490965953442506,0.05663709338540598,-0.08850614459742205,0.039880652123852674,-0.23066786722813115,0.051928211517774714,0.1050694124208009,-0.07418576779511836,-0.0468634737255126,-0.27939715046559066,0.009371350213596783,0.01113962766048351,-0.14020755705150295,0.08795084992620675,-0.08074209060180458,0.17245899609866744,0.1632763328447459,-0.022701620955875697,0.12513658656098467,0.01627554279725913,-0.06358564827962811,-0.018733143430891615,-0.010591496485337054,-0.0742524696103199,-0.05783925799134468,0.12496006509593077,0.056253681800717346,0.004064217888156601,-0.052873802345734515,-0.04146982300793055,-0.09471743703323716,0.1376896586053033,-0.007606345547215885,-0.14531402879389915,0.06632853736341683
32003005860,las_vegas,46.147516962136166,30.816047771731157,-15.33146919040501,False,False,Neither hotspot,False,-0.6459516503433589,-0.24466234685255522,0.40128930349080366,Low LST,Mid HI,Low LST / Mid HI,395,las_vegas,Las Vegas,2024,GOOGLE/SATELLITE_EMBEDDING/V1/ANNUAL,/Users/yufeizhou/Desktop/heat-exposure-compare/outputs/pilot/alphaearth/paper_gis_figures/three_city_lstadaptive_heat_index_mismatch_GIS_READY.gpkg,las_vegas,0.15809972571347236,-0.13765878256512862,0.13970438093069015,0.05165522274750174,0.015898381408864806,-0.09904585603914501,-0.013421351301775403,-0.07761399001038202,-0.27827568601709296,-0.06251253168877635,0.11809121203833585,0.05191426122528113,-0.13346155030590598,-0.1360426240828787,-0.04043166491698393,-0.09791331853471966,0.14275944198774676,0.09366696517687888,0.18930764691235696,-0.03451716018606008,-0.013289508077686344,-0.11993967289165686,-0.14556505623288252,-0.1313794123290688,-0.16920313872095405,0.19414383176525585,-0.08643911217734053,-0.03843207249622984,0.10918199541130966,0.14444115898507787,0.060609715923602564,-0.1365444009321732,0.028109096426979927,-0.20289594192270363,0.08342063287484648,0.06828903072407569,-0.12857360518370586,-0.022688987867129962,-0.26175657405518604,-0.016330837606893116,0.010689733834342519,-0.15355246323165347,0.044561825542214266,-0.07792831754180511,0.11595753658965283,0.1828047812370247,-0.052954981308221336,0.11230185068974602,0.03611396064867462,-0.035173772900261774,-0.04180924769841828,0.0639989629945914,-0.09553785303747933,-0.060717889812944396,0.14046287061183466,0.028025281748983295,-0.0015274965919198345,-0.01774217410724007,-0.01579363821571993,-0.11369914604483523,0.1002362997142651,-0.030909833112818627,-0.18622145491022393,0.08818465956333435
32003005112,las_vegas,48.77945030895985,32.240902437831906,-16.538547871127946,True,True,Both LST and HI hotspot,False,1.3415234398770608,0.9980574358686438,-0.343466004008417,High LST,High HI,High LST / High HI,396,las_vegas,Las Vegas,2024,GOOGLE/SATELLITE_EMBEDDING/V1/ANNUAL,/Users/yufeizhou/Desktop/heat-exposure-compare/outputs/pilot/alphaearth/paper_gis_figures/three_city_lstadaptive_heat_index_mismatch_GIS_READY.gpkg,las_vegas,0.14045490270666083,-0.12920649697308226,0.12222831794565284,0.06859997887723865,0.014478039051010486,-0.08128589596342568,-0.038762805019146,-0.07889126672971553,-0.2596734515773701,-0.07023658745395307,0.14795202984266767,0.05338986337468162,-0.13604771736350718,-0.13537921343206347,-0.03393514971826443,-0.09929890720502649,0.1056773501450131,0.07385590345148153,0.16595547898899018,-0.042507633694108087,-0.06008614217962839,-0.056339345330139984,-0.1802077554689888,-0.13016747041200702,-0.18537933060684075,0.15036877728139425,-0.07190929721189256,-0.07604332308599149,0.1497381348755595,0.14120371102938467,0.04405016030770383,-0.13025858163898302,0.02661576001313186,-0.22061689917849567,0.023487206081372097,0.09113791715324812,-0.08834979246575027,-0.03895204661807392,-0.2184953833024242,-0.005680804290277885,0.029171473488903456,-0.13653408806294,0.0811332223558627,-0.10949801894252714,0.13425673613768582,0.1550428087180132,-0.046883094370003875,0.10006008038991705,0.03733246088677406,-0.054264753820630555,-0.047891566575757,0.05228284706337019,-0.04147966620889785,-0.06472839714475505,0.08308264647612838,0.0573333087171721,-0.009777515238765671,-0.06300719094313914,-0.03339222909458258,-0.156305168347233,0.12097136608113752,0.0017546203278364766,-0.1252159057714324,0.10536739008996265
32003005876,las_vegas,45.635675667692006,29.72106636417205,-15.914609303519956,False,False,Neither hotspot,False,-1.0324628908660813,-1.199675576804942,-0.16721268593886074,Low LST,Low HI,Low LST / Low HI,397,las_vegas,Las Vegas,2024,GOOGLE/SATELLITE_EMBEDDING/V1/ANNUAL,/Users/yufeizhou/Desktop/heat-exposure-compare/outputs/pilot/alphaearth/paper_gis_figures/three_city_lstadaptive_heat_index_mismatch_GIS_READY.gpkg,las_vegas,0.13472753842443821,0.18977402278799022,0.03596099011366642,0.020045999700789272,0.10988344343419493,0.060141534649804804,0.01441320612936197,0.1173716617940745,-0.16273362963933,-0.010951501304071989,0.040873686445145885,-0.044497942447477706,-0.22084748942106247,-0.11881754698459983,0.04688247547550964,0.000287513914479825,-0.034288067884554546,0.14832542709901525,0.2668145696048852,-0.10897046054593143,-0.025014021460823408,-0.1176942021564283,-0.11950351901150257,0.008858539803362878,-0.08633575681134499,0.1250020164813126,-0.08577193867619935,-0.04908226230158435,0.10266421599586016,0.09592291020952934,0.11690117276827103,0.01823962452454166,0.13046908358714698,-0.09424261880759355,0.027436641096561378,-0.04128294127471845,0.04800106074148137,0.013339610425687744,-0.24277014260766913,-0.021037987238220108,0.1788124965915888,-0.10840444701879838,0.12253121888130977,-0.18490985657430947,0.14671372102349464,0.16581305995298848,0.06270234113152195,-0.005036331836610446,-0.10934760574533584,-0.07187326592978055,-0.08701242821589682,-0.026007688690087155,0.07295515146611666,-0.0908441134717708,0.15795127754929672,0.12527031217279586,-0.12973221147537273,-0.08830812622851016,0.007959520033433072,-0.09614682360564605,-0.03564287099135037,-0.010713753545125713,-0.020195264959926056,0.0350254616407952
32003003661,las_vegas,48.02294161123432,30.76536905919516,-17.257572552039164,True,False,LST-only hotspot,False,0.7702543406504,-0.28886295210001844,-1.0591172927504184,High LST,Low HI,High LST / Low HI,398,las_vegas,Las Vegas,2024,GOOGLE/SATELLITE_EMBEDDING/V1/ANNUAL,/Users/yufeizhou/Desktop/heat-exposure-compare/outputs/pilot/alphaearth/paper_gis_figures/three_city_lstadaptive_heat_index_mismatch_GIS_READY.gpkg,las_vegas,0.18204297018680604,-0.1176233778985854,0.1540158662930832,0.05056105828306785,0.00037871569914067836,-0.10853260927799091,0.004208432869112256,-0.06821072164432922,-0.3029394246348206,-0.09229532276827515,0.11992817916899651,0.07828411240539676,-0.14864503028181528,-0.11381652526892397,-0.004465042347568965,-0.07754560229515234,0.13951538471881977,0.08795576946848503,0.22184745805497302,-0.01786742454695764,-0.005454130412889344,-0.11381312572350921,-0.14815828936458572,-0.1378643089273127,-0.14943361370424424,0.1936657016579471,-0.0953303433966349,-0.056032915969304126,0.12311901162050864,0.12254732726239143,0.06379240781746583,-0.12749777270026327,-0.017606378539098435,-0.17726089250549532,0.08219604680251565,0.08483581815490587,-0.14931629031063295,-0.010894023081727475,-0.2658600934817388,-0.03112112427309335,0.023626823592007757,-0.1275729698973714,0.044408309342206534,-0.05182771818132936,0.10637203584473803,0.1596835729902942,-0.059987015336117985,0.10895132402810193,0.05459936324317441,-0.02316240433257477,-0.034512796804040576,0.03995321767624817,-0.09767725197590271,-0.0716072941896501,0.13606288445664258,0.02178401894357805,0.01213038314168466,-0.012096744542645844,-0.025451817491202608,-0.08867098960353045,0.10122034098897943,-0.029774403665973382,-0.2106133238062822,0.07337228930268495
32003005720,las_vegas,46.81919858550542,30.436018057631596,-16.383180527873822,False,False,Neither hotspot,False,-0.1387387695094766,-0.5761140064283476,-0.43737523691887104,Mid LST,Low HI,Mid LST / Low HI,399,las_vegas,Las Vegas,2024,GOOGLE/SATELLITE_EMBEDDING/V1/ANNUAL,/Users/yufeizhou/Desktop/heat-exposure-compare/outputs/pilot/alphaearth/paper_gis_figures/three_city_lstadaptive_heat_index_mismatch_GIS_READY.gpkg,las_vegas,0.13751492174204846,0.08517730596470524,0.08787763448491294,0.05514536073163711,0.04705790753269838,0.04507711415466493,-0.008687562951304644,0.03711629768815364,-0.18948897395292558,-0.000236405117497366,0.10994884600997486,-0.022010958084286093,-0.2326502597041024,-0.12563655273058622,0.0562060884905589,-0.018096335209672937,0.04008205287706106,0.08508917726125657,0.23409164939727028,-0.055721094451585386,-0.02825853386439892,-0.16471226361903069,-0.14660031846703211,-0.03745632730166619,-0.1435968255501058,0.14359112251959535,-0.09723895650404384,-0.11510351102725516,0.12111056859863546,0.13253349234422035,0.111169651737486,-0.08109541397055774,0.13772611036848903,-0.19930362608467111,-0.008920409033668922,0.022312967787539675,-0.011623113238878928,0.021669818176932233,-0.24865214043965578,-0.05930444392778721,0.14894337594471177,-0.14573320513601787,0.08185711172747046,-0.14572636343076864,0.1267022972753111,0.16476473183592885,0.04784006994258924,0.03338769832007172,-0.05609930564739019,-0.02553625602481112,-0.09084802227455176,0.020333249583268383,0.018988032999672354,-0.09605676500326195,0.1790004388510867,0.10842838600860194,-0.07337141193946588,-0.05956813012913829,0.02242047017012488,-0.08910498850850304,-0.00117823581591058,-0.03286958539139603,-0.07753789668197644,0.041014599513291616
32003007802,las_vegas,48.12877072089813,31.368328722598125,-16.760441998300006,True,False,LST-only hotspot,False,0.8501700115889752,0.23702219234375832,-0.6131478192452169,High LST,Mid HI,High LST / Mid HI,400,las_vegas,Las Vegas,2024,GOOGLE/SATELLITE_EMBEDDING/V1/ANNUAL,/Users/yufeizhou/Desktop/heat-exposure-compare/outputs/pilot/alphaearth/paper_gis_figures/three_city_lstadaptive_heat_index_mismatch_GIS_READY.gpkg,las_vegas,0.11830377290952403,0.13858315859396417,0.09107351500334882,-0.005761663551027445,0.03478047035052128,0.04240689177473992,-0.009482490290793278,0.10835653307040649,-0.18470197935180538,0.046732857696894864,0.03924296084673777,-0.053628340015224485,-0.27086648258525936,-0.1396356242000737,0.07717734318335473,0.024673253516238877,-0.00884848785374638,0.09983600910659532,0.19771452222253447,-0.053250383741379415,-0.02354181077922151,-0.2627496661914491,-0.1808934070708674,0.023804425624568436,-0.035886018406507667,0.12493477634700065,-0.0833978837421763,-0.07292373659988367,0.10010998549352049,0.061896244321598286,0.14124643682583557,-0.10706517557314112,0.1460180520605549,-0.12498912041433202,-0.09321595908395498,-0.03263532544668697,-0.009541224391517446,0.07932020381152069,-0.17088167445411792,-0.04020133478174882,0.1834139630078451,-0.1559985332374651,0.0717867024089078,-0.13281867878094203,0.07030858990780943,0.17440122367022196,0.049080367391195076,-0.035299491947601624,-0.12392492577988798,-0.005538688035095886,-0.12209184248608689,0.04177336060443565,0.07642572667430754,-0.09986627898777911,0.16191525185912714,0.01459194020251089,-0.03630442511474846,0.018937701064377116,0.08611542525637908,-0.030231285084761465,-0.08819322143656244,-0.04438412113756068,-0.07826263783363598,-0.012452842962392347
32003005361,las_vegas,48.39541266794628,31.815330096585026,-16.580082571361256,True,False,LST-only hotspot,False,1.0515217017469447,0.6268847260976392,-0.42463697564930547,High LST,High HI,High LST / High HI,401,las_vegas,Las Vegas,2024,GOOGLE/SATELLITE_EMBEDDING/V1/ANNUAL,/Users/yufeizhou/Desktop/heat-exposure-compare/outputs/pilot/alphaearth/paper_gis_figures/three_city_lstadaptive_heat_index_mismatch_GIS_READY.gpkg,las_vegas,0.1708808517749586,-0.11805472450480918,0.16543265021609424,0.061263407831114065,0.06718605652580865,-0.04294804802591774,-0.0279793146098478,-0.07080587809415335,-0.26116099098848017,-0.10194316275886561,0.07611143441466749,0.04868642177490834,-0.1491375723022083,-0.14281193784696902,-0.04427296649489344,-0.06084298063103267,0.13062677523013616,0.12694120571046028,0.20266858415394698,-0.02147477080591193,-0.047533092661803535,-0.07002853718904606,-0.09297567793471449,-0.09656179433465752,-0.12241985860037453,0.2726916276714817,-0.1175426333421971,-0.07231063127836916,0.172928749809266,0.13414630980397219,0.03141946255967121,-0.08915127735819624,-0.023006009209733974,-0.22311020633690884,0.14906931671087484,0.03627241548186833,-0.10887634546007774,-0.07348268538031089,-0.2477032532573464,0.007962758886636905,-0.012639828646558588,-0.1862639952163505,0.08108473514885371,-0.06112549332092633,0.1768540425081993,0.20007202216232842,-0.07003563826719988,0.1232004449905617,0.044462258710308754,-0.06399471759848471,-0.027133757791259018,0.02696795972566657,-0.0762257552778841,-0.021887954215579708,0.13198607791723427,-0.01613530124682398,0.03974318335069238,-0.047484000295906555,-0.049474717570980396,-0.12328306893136602,0.1466489321957517,0.04269196063160523,-0.15575604027232878,0.05316236301007052
32003003267,las_vegas,45.70727952999384,29.050008864660136,-16.657270665333705,False,False,Neither hotspot,False,-0.9783920334637782,-1.7849538159316194,-0.8065617824678412,Low LST,Low HI,Low LST / Low HI,402,las_vegas,Las Vegas,2024,GOOGLE/SATELLITE_EMBEDDING/V1/ANNUAL,/Users/yufeizhou/Desktop/heat-exposure-compare/outputs/pilot/alphaearth/paper_gis_figures/three_city_lstadaptive_heat_index_mismatch_GIS_READY.gpkg,las_vegas,0.1597921354550184,-0.012394398103643773,0.14675379543849928,0.06630357434345968,0.052233587419784434,-0.03810408783931535,0.03916081020880296,-0.01214900245482939,-0.2954199183993348,-0.07308618968065876,0.08105556667543644,-0.013363224508904814,-0.19812403798170874,-0.10650348290866146,0.01856197123166687,-0.08465335252263166,0.05539047231783266,0.07359443766413817,0.2818751570962662,-0.04025239076818747,-0.0033727570506942393,-0.10053739391653374,-0.1447901923982961,-0.12225836011076711,-0.15876549283606378,0.20372802099060547,-0.12259991291970201,-0.07938543202748224,0.10917656953309166,0.143393924388458,0.0801720325741444,-0.09300857032100297,0.029892490500312296,-0.1935378898501814,0.04635444364333469,0.05704456948220046,-0.06837814604595563,-0.02559770950056562,-0.32180894304627494,-0.03755886218743769,0.11625503797966956,-0.14218304071725082,0.06624758699002288,-0.12318143163239278,0.10137727544547755,0.21224001094907316,0.029933027258248163,0.06487942025640596,-0.01859602029169243,-0.02047098909968268,-0.09304869070711533,0.03233517490490945,-0.054645366701939396,-0.09489133758215963,0.14499737742304442,0.06887588232223459,-0.058486416433976555,-0.031308250522017876,-0.0281629165382952,-0.12788849495848603,0.08833309079464731,-0.05931029632603507,-0.11456758817546181,0.06322352982948376
32003005110,las_vegas,47.91561605061608,32.104452955425614,-15.811163095190466,False,True,HI-only hotspot,True,0.689208641476397,0.8790498801068993,0.18984123863050228,High LST,High HI,High LST / High HI,403,las_vegas,Las Vegas,2024,GOOGLE/SATELLITE_EMBEDDING/V1/ANNUAL,/Users/yufeizhou/Desktop/heat-exposure-compare/outputs/pilot/alphaearth/paper_gis_figures/three_city_lstadaptive_heat_index_mismatch_GIS_READY.gpkg,las_vegas,0.15558851896893666,-0.04814277537913446,0.1357741386135339,0.06830113741323758,0.003598204367141179,-0.05072870919709833,0.006517940258038809,-0.018847393989862272,-0.2777370279006958,-0.0964870198625775,0.10999137345803663,0.04990185888698255,-0.1940210265323787,-0.12362784956954834,0.007420022781643592,-0.05197722790393564,0.12011790620471847,0.07058397670065211,0.20059299444943465,-0.028691822988443926,-0.014095532666809598,-0.14280012210924334,-0.16675540097410932,-0.1276590192448511,-0.14709684723462113,0.18065656435865834,-0.0832069361995368,-0.0751082929721454,0.0861906287039063,0.16350580894891895,0.09265012651909009,-0.09343785552637028,0.04617851821567485,-0.17674626438476096,0.030641712714628257,0.08325705640716155,-0.08434239719639258,-0.031080083973529446,-0.27945340608363006,-0.015213649777782839,0.07231479456895168,-0.10810582385956456,0.05883098940537069,-0.08967015939628037,0.1302465058182761,0.18821052931925447,0.011871996611243664,0.085995933489051,-0.01666836245730905,-0.034216891487891844,-0.04545811351992047,0.016041082476260664,-0.07732941572079641,-0.08736876892086715,0.13705213752826328,0.055119109479724704,-0.003449638258596994,-0.015455114726754458,-0.009580532751448758,-0.05899500939519138,0.08135391218012615,-0.035533078564828256,-0.14934098416923852,0.048820645521515306
32003005858,las_vegas,45.57537168023491,27.90024585173525,-17.67512582849966,False,False,Neither hotspot,False,-1.078000773904262,-2.787746083519881,-1.709745309615619,Low LST,Low HI,Low LST / Low HI,404,las_vegas,Las Vegas,2024,GOOGLE/SATELLITE_EMBEDDING/V1/ANNUAL,/Users/yufeizhou/Desktop/heat-exposure-compare/outputs/pilot/alphaearth/paper_gis_figures/three_city_lstadaptive_heat_index_mismatch_GIS_READY.gpkg,las_vegas,0.10748380168973515,0.19267757182622394,0.046268374485447177,-0.032344110113635034,0.08376454122379809,0.05128986295829754,0.017271613253218018,0.11489577512033532,-0.21238626687202156,-0.05333742337449652,-0.0007579996201894743,-0.0623915301118905,-0.2128632659340185,-0.13085069778865657,0.062503042310507,-0.022137323408670605,-0.024173914265856085,0.1436708371295631,0.18749330780436801,-0.08845332578283618,-0.01593625463787581,-0.2207870755378811,-0.1169971381677358,0.034326402783138484,-0.053555989271478345,0.12476714175771977,-0.10827844548456501,-0.06501894883161775,0.1061308747053431,0.10707929075503775,0.13404376102659155,0.00010639029545048912,0.14853429264323448,-0.08495708774832651,0.011019240231370322,-0.02833308058850726,0.02880606618378499,0.006906059268484996,-0.24247545029184508,-0.017256577934470045,0.17122153952761776,-0.14655117484122834,0.05376253137125496,-0.15673070042072035,0.14685735985315185,0.21365065251873888,0.08144119921044135,0.005317123094898176,-0.1453127700209704,-0.05286756682315981,-0.11178671227509386,0.020581503736413258,0.059420347242118636,-0.06520090898564333,0.17488157688224107,0.06327124201587923,-0.11768942939079194,-0.061328491239147916,0.04426214616290374,-0.0938776780963893,-0.044745964438350196,-0.06306581103883342,-0.02163753241684592,0.030067096507775986
32003005866,las_vegas,46.24454340836016,30.816047771731157,-15.428495636629002,False,False,Neither hotspot,False,-0.5726832124493979,-0.24466234685255522,0.3280208655968427,Low LST,Mid HI,Low LST / Mid HI,405,las_vegas,Las Vegas,2024,GOOGLE/SATELLITE_EMBEDDING/V1/ANNUAL,/Users/yufeizhou/Desktop/heat-exposure-compare/outputs/pilot/alphaearth/paper_gis_figures/three_city_lstadaptive_heat_index_mismatch_GIS_READY.gpkg,las_vegas,0.1574851156756011,-0.013115941809009683,0.15648786905479162,0.028929875330288988,-0.008910496464554055,-0.04755239547842308,0.04737243860721066,-0.00566164603871748,-0.3100694602888734,-0.06137343651129296,0.09679664213514705,0.01758697502966776,-0.2036088977529909,-0.08119102773640757,0.03277201072103176,-0.08073863585621577,0.06086600061285296,0.06871145126542054,0.21579718788026275,-0.02500064909635255,-0.004555041177156551,-0.20228761672910262,-0.1565059147240127,-0.12234870484047074,-0.14135195145594137,0.19735759508544032,-0.0985777090860659,-0.10036470392085278,0.11346777484308403,0.14268470223320479,0.11021159361415628,-0.13821719659490111,0.042843518274437976,-0.1936765637782387,0.02176333386073422,0.07732785624098801,-0.08561095984877078,0.007437983717436735,-0.25991099253001265,-0.06517511437995048,0.11733225816543635,-0.16235743262671018,0.042481698404233055,-0.11600299139426257,0.05123368770277538,0.20501690166360564,0.012785494653364612,0.07199914794105673,-0.03060903057305351,-0.02862266530175617,-0.09834750148013752,0.051927306540609855,-0.011060075561557157,-0.07084168353025766,0.1362571401564763,0.039664908450315485,-0.048814512652992276,-0.0012257376735314593,0.0011928655743385361,-0.06049813273130964,0.040116227720712064,-0.05978384497376606,-0.11560497322853894,0.04702826417974109
32003005865,las_vegas,46.15601466992669,30.816047771731157,-15.339966898195534,False,False,Neither hotspot,False,-0.6395347011535085,-0.24466234685255522,0.3948723543009533,Low LST,Mid HI,Low LST / Mid HI,406,las_vegas,Las Vegas,2024,GOOGLE/SATELLITE_EMBEDDING/V1/ANNUAL,/Users/yufeizhou/Desktop/heat-exposure-compare/outputs/pilot/alphaearth/paper_gis_figures/three_city_lstadaptive_heat_index_mismatch_GIS_READY.gpkg,las_vegas,0.17520615042664867,-0.05431069053150181,0.14564297236746476,0.02030828328245415,-0.005214987958637926,-0.06608531177683158,0.022873771910083412,-0.03806466947900992,-0.30700107466965826,-0.07445754961127334,0.11375432343797898,0.05766137966513639,-0.15825762229266482,-0.08117099737370567,-0.01658109658338491,-0.10008401626727796,0.10456835362277239,0.10592585207451595,0.18846538161605597,0.004860588841099777,-0.02383417238745394,-0.15163757548877202,-0.1438062941714406,-0.12845911272827945,-0.15123677512033548,0.21298276536711322,-0.1225037144530883,-0.1104844441249056,0.16313871336966349,0.15741621910848,0.07385802928607649,-0.14609642542777157,0.01410956940673494,-0.21380968260531,0.08091095358218098,0.11512144359100998,-0.11254533381061202,-0.02131575955231311,-0.2436256451716905,-0.07721764360281566,0.02123992923825373,-0.17160972427944876,0.05019953064638387,-0.09088472204425486,0.1019638066794951,0.1876383481563387,-0.04094218265230647,0.13163526669369524,0.0038875205531731364,-0.02412916928312399,-0.06252627362737792,0.045881887352995775,-0.008533996759854836,-0.05608046353705434,0.12816927863611136,0.06015751353035373,-0.030806170016553745,-0.01513333563019072,-0.02408093503246812,-0.0863164979961633,0.06968191314905632,-0.03740928915874431,-0.16716566049915893,0.08385629224746655
32003003649,las_vegas,48.82208384146343,30.894111814136732,-17.9279720273267,True,False,LST-only hotspot,False,1.3737176760879535,-0.1765769960272132,-1.5502946721151667,High LST,Mid HI,High LST / Mid HI,407,las_vegas,Las Vegas,2024,GOOGLE/SATELLITE_EMBEDDING/V1/ANNUAL,/Users/yufeizhou/Desktop/heat-exposure-compare/outputs/pilot/alphaearth/paper_gis_figures/three_city_lstadaptive_heat_index_mismatch_GIS_READY.gpkg,las_vegas,0.13768077520578945,-0.08006994789188034,0.12422230976151653,0.07043486636474541,0.011674277823869355,-0.08368043359398133,0.013913131551623947,-0.02576978645317465,-0.2708660475789177,-0.005747036262576939,0.11588498327981872,0.037045453716896264,-0.17397622544710023,-0.13730440434197336,-0.003712756582028056,-0.06523432282974069,0.08828533627527062,0.06322303578533199,0.23125168439081115,-0.03982370469291534,-0.0024446806340575,-0.13314064532541878,-0.2007348230340521,-0.1281342401805646,-0.1623108730567445,0.12296610101573704,-0.05144879795222772,-0.03413813717456445,0.07132712018398389,0.09886656876898293,0.08136421127268303,-0.13058009137694213,0.05031536995784701,-0.17877529613399426,-0.005084337938412044,0.04581937995964749,-0.0935256986143183,0.02011940196865866,-0.25108203222867076,-0.03014605396822746,0.1076188758488174,-0.11583067003408858,0.057424854301468556,-0.10720068072751082,0.0713512193235911,0.1766517686754075,0.00028392516688891483,0.04621605611104757,-0.010096875403948918,-0.016157243211975095,-0.05958389967961173,0.07127444561652356,-0.07546805147345069,-0.11143682547469286,0.14547801843236052,0.04489334076348067,-0.01512710567287723,-0.004525207536795333,0.019523429564872824,-0.11279330005512364,0.03130725227486897,-0.055716550528560706,-0.16294840388011522,0.05909301707842746
32003005364,las_vegas,46.474277907884506,32.104452955425614,-14.369824952458892,False,True,HI-only hotspot,True,-0.399201769342213,0.8790498801068993,1.2782516494491123,Mid LST,High HI,Mid LST / High HI,408,las_vegas,Las Vegas,2024,GOOGLE/SATELLITE_EMBEDDING/V1/ANNUAL,/Users/yufeizhou/Desktop/heat-exposure-compare/outputs/pilot/alphaearth/paper_gis_figures/three_city_lstadaptive_heat_index_mismatch_GIS_READY.gpkg,las_vegas,0.15948168738666618,-0.12437278014957953,0.14740110479767995,0.06420607720798524,0.021520829846609614,-0.07192346673220949,-0.015068065091570673,-0.06057041755255428,-0.29155147793869557,-0.11865828170576984,0.09716797857592578,0.042482085888077996,-0.15253317718188833,-0.11861742718355636,-0.03222987611967762,-0.0753481525646764,0.11058676642890995,0.07951810664142901,0.18252763603593083,-0.036465114797699205,-0.025605994170114506,-0.09356717334346513,-0.11464336329473086,-0.12971431795933805,-0.15272889972279927,0.22006087673467684,-0.09550755501870019,-0.06816479573700995,0.13506013830181743,0.14247334985164908,0.037068690706506334,-0.09391352465318863,-0.009642337101906807,-0.19545712348278788,0.10557284354873896,0.0698993697542825,-0.09937756038371466,-0.05284973637522053,-0.2637119768361176,-0.013545036991277444,-0.006174387124401912,-0.14517660395663493,0.06763419705497445,-0.0684890829901594,0.13616289466350698,0.19306032342460022,-0.05789943763483536,0.11693671323510106,0.04441256934613451,-0.048642830692965516,-0.023574695038124555,0.02687388700261338,-0.09558993105753283,-0.03138158177492136,0.1172652957503708,0.024286037773452493,0.011759768714790075,-0.02348016552847906,-0.05678715342079407,-0.08338201263378965,0.13764228002023887,0.00039322695922031916,-0.16243976403770818,0.07475335299754703
32003005717,las_vegas,46.82465452847809,30.458873194255343,-16.36578133422275,False,False,Neither hotspot,False,-0.13461877507081102,-0.5561803731288532,-0.42156159805804216,Mid LST,Low HI,Mid LST / Low HI,409,las_vegas,Las Vegas,2024,GOOGLE/SATELLITE_EMBEDDING/V1/ANNUAL,/Users/yufeizhou/Desktop/heat-exposure-compare/outputs/pilot/alphaearth/paper_gis_figures/three_city_lstadaptive_heat_index_mismatch_GIS_READY.gpkg,las_vegas,0.15053554615798526,-0.043575391659688024,0.15541761108253518,0.04300192071169564,0.04287667815257139,-0.02062986082249961,-0.013543485451262034,-0.025787217691942328,-0.2706517185832903,-0.09432121978078899,0.0866246159029913,0.03112150738068032,-0.1692898314348947,-0.11546853493272345,-0.012022330271768711,-0.05878110857906844,0.10439796733479906,0.0987153440154177,0.23101096998980034,-0.03610763513097147,-0.030285912566815846,-0.10555141363046878,-0.09108719161148528,-0.09601218491930066,-0.14604808373444195,0.23115944318145967,-0.1422111224992679,-0.1022905246071054,0.15650213365723908,0.14888254613808666,0.05798434165175468,-0.0754191386067828,0.02613844709703304,-0.20925719699019069,0.11386699513282966,0.0544547401283512,-0.07199105404933577,-0.03198373031589028,-0.2814474591766652,-0.016399395653798218,0.030380708617131248,-0.15840829903705614,0.07164012924915378,-0.08022798314827836,0.15513815129358424,0.19676392433774506,-0.04217119573309397,0.12567894122569387,0.016125242430081604,-0.046351711941782434,-0.05537350329442887,0.03347533165749986,-0.041094726357411265,-0.039882137433047846,0.14871403252636076,0.05100068449410477,-0.007989471533865094,-0.04365721938271807,-0.048731664117101295,-0.09393064279835239,0.10630147589033558,9.535831362008707e-05,-0.13865117231512225,0.05565788210522896
32003001615,las_vegas,48.521702767749744,32.08101575859078,-16.440687009158964,True,True,Both LST and HI hotspot,False,1.1468882610117324,0.8586085896011912,-0.2882796714105411,High LST,High HI,High LST / High HI,410,las_vegas,Las Vegas,2024,GOOGLE/SATELLITE_EMBEDDING/V1/ANNUAL,/Users/yufeizhou/Desktop/heat-exposure-compare/outputs/pilot/alphaearth/paper_gis_figures/three_city_lstadaptive_heat_index_mismatch_GIS_READY.gpkg,las_vegas,0.17199533356934604,-0.17461449361808648,0.12536881628539648,0.054063432836910987,-0.005300652592182377,-0.14426292448846845,-0.033362819417457334,-0.1052186804003366,-0.28910137749128134,-0.0702887842433829,0.12187183507960417,0.08511098916139725,-0.1358591539070445,-0.14491025750327718,-0.063365784182012,-0.09739915518150619,0.16114230444605934,0.09130418870181466,0.16123873894897986,-0.04273808481098795,-0.007092831490769303,-0.09073473554657789,-0.16268728000149907,-0.14448230824182637,-0.1616692235459689,0.15774802419830553,-0.088423296082299,0.004576387460253128,0.1213713264042669,0.11644963019783806,0.05727810039080303,-0.14969112874495,0.015560138283771095,-0.19253168311914381,0.061522899915127806,0.05636497023788646,-0.17000426500579047,-0.016211737335632997,-0.22606394740482652,-0.024826605563151985,-0.02498439306255156,-0.14700485111265715,0.04127601570401793,-0.052768426549498246,0.11892787003893117,0.1403626442341238,-0.08055248334678883,0.10891479545610414,0.08540512125537722,0.0072533268466625075,-0.007457975777597818,0.050059772475822675,-0.12986995124255454,-0.055651867148278564,0.10146120319481233,0.007701145528095759,-0.001611143663518406,-0.012404175402774822,-0.009467444526014173,-0.10758728927675527,0.12128530847642419,-0.03478406896321614,-0.2303073248273032,0.10383722163632984
32003005114,las_vegas,48.43438172043013,32.104452955425614,-16.329928765004517,True,True,Both LST and HI hotspot,False,1.080948746772463,0.8790498801068993,-0.20189886666556367,High LST,High HI,High LST / High HI,411,las_vegas,Las Vegas,2024,GOOGLE/SATELLITE_EMBEDDING/V1/ANNUAL,/Users/yufeizhou/Desktop/heat-exposure-compare/outputs/pilot/alphaearth/paper_gis_figures/three_city_lstadaptive_heat_index_mismatch_GIS_READY.gpkg,las_vegas,0.15378242261203917,-0.14231595488503648,0.1353177309370856,0.08232197827066184,0.008102082156909248,-0.09455678221860409,-0.037166979402779646,-0.08111779419027206,-0.27439914074281063,-0.06855877648511514,0.1453971184420284,0.07105323855302757,-0.13965832025549832,-0.12455741883621024,-0.036541874868528855,-0.08523122165578814,0.12881312764970398,0.07872333468882699,0.1953654549555424,-0.04618404452231149,-0.030523562378640054,-0.0778512854887341,-0.15852767052221275,-0.14778171098961737,-0.187255441257105,0.17064934014045224,-0.06898639946247308,-0.0578845017109764,0.11461333051827548,0.14230558414384867,0.03308309069153287,-0.12531135915091107,-0.0028227526992057814,-0.2191474173224283,0.05691767497675822,0.07555859281292282,-0.11062637932012986,-0.02831240605473165,-0.24925026557223412,0.008519980357538563,0.014337102874797577,-0.1290246386211929,0.06550676779303538,-0.0837750445472018,0.13113390339046996,0.16302995639039725,-0.05403070622096384,0.11222667325049913,0.06187588868036083,-0.043109105181069335,-0.02366225515112017,0.04973645008735497,-0.06561366969726938,-0.06711097347553713,0.11035542839280453,0.05428761397689304,-0.0032284007720023143,-0.031370998727086846,-0.0450409142398329,-0.1296238356214959,0.12999539294198414,0.004046207151740575,-0.17353037555007642,0.08738739058766735
32003002998,las_vegas,45.11744744744748,30.68612509371,-14.431322353737482,False,False,Neither hotspot,True,-1.4237971471185251,-0.3579773999890631,1.0658197471294621,Low LST,Low HI,Low LST / Low HI,412,las_vegas,Las Vegas,2024,GOOGLE/SATELLITE_EMBEDDING/V1/ANNUAL,/Users/yufeizhou/Desktop/heat-exposure-compare/outputs/pilot/alphaearth/paper_gis_figures/three_city_lstadaptive_heat_index_mismatch_GIS_READY.gpkg,las_vegas,0.17704980652904204,-0.09303771900941159,0.17442018540365448,0.03033908986844896,0.032983521772858446,-0.07433748715290749,0.02656696943057984,-0.08440487472661189,-0.2861511719146474,-0.12206375379448213,0.08010485192921916,0.07078451260643222,-0.1561800393522275,-0.11771608294578924,-0.023958460537556674,-0.08245259401074238,0.13364288563929094,0.11429473341078031,0.257222277290795,-0.014162113643157758,-0.001970664158432298,-0.08673970699204138,-0.11275406504454703,-0.10530526354165756,-0.12728756833318774,0.24299185946586066,-0.13348799928187904,-0.0760399567150061,0.15615533458093564,0.12674882762406128,0.06652316173984758,-0.11811597797236391,-0.03137396691652596,-0.18483670194033475,0.13830830524311255,0.05411256404568159,-0.15256221336224632,-0.03757619877824872,-0.28285481577311283,-0.05304877583867145,-0.002138187894134765,-0.1670133415508246,0.051096498637260596,-0.05408830179701267,0.13796980718698074,0.19069248022407576,-0.06936119790458038,0.11384918528889322,0.04151774526071026,-0.029412315159757164,-0.0440281194158232,0.02890104967674544,-0.1008129596699501,-0.056117572490995526,0.14096646500982693,-0.002937747428741763,0.011170686336008994,-0.03405863115619881,-0.01902101509947229,-0.1036190668479402,0.11588784817034668,-0.004774419700318733,-0.1935208103826606,0.048684480900113354
32003002849,las_vegas,46.57695454545458,31.968054492595165,-14.608900052859418,False,False,Neither hotspot,True,-0.321666652518531,0.760086822242178,1.081753474760709,Mid LST,High HI,Mid LST / High HI,413,las_vegas,Las Vegas,2024,GOOGLE/SATELLITE_EMBEDDING/V1/ANNUAL,/Users/yufeizhou/Desktop/heat-exposure-compare/outputs/pilot/alphaearth/paper_gis_figures/three_city_lstadaptive_heat_index_mismatch_GIS_READY.gpkg,las_vegas,0.1667006329131713,-0.08741363254090423,0.1585752612125954,0.062529521596155,0.02887724121001627,-0.09200726217614787,0.018739204875221897,-0.07640175316972143,-0.3205591368191463,-0.09024427839442248,0.09151754101518114,0.05455056453500856,-0.15206546585561673,-0.101552731984664,-0.058972463445749544,-0.09846191808833571,0.12912402319052307,0.07157584593408294,0.22038891684498604,-0.022702787069034707,-0.015667025587155527,-0.0962285438602743,-0.13877427190421754,-0.14240414211066912,-0.1331652969441336,0.2347977101474211,-0.08742319674771509,-0.0564420468366363,0.10914991094490599,0.1401639215767224,0.0804197436016642,-0.11240570495558157,-0.004361977169850247,-0.1972080797582822,0.11547855301684795,0.05956089504506471,-0.1350625696672896,-0.033444355776929155,-0.27773042945629833,-0.048272893155359216,0.025210694756659012,-0.15213495577581723,0.06579309847386036,-0.0737020366498572,0.1264005087028297,0.18270841811627023,-0.03958210029015477,0.10819998618919169,0.04122886816369408,-0.0437141551662312,-0.04747945812706911,0.026678633909382396,-0.08747463337858757,-0.07331079736030921,0.14228846017752056,0.013516091745203648,-0.0007979917516583245,-0.027998196482407943,-0.012594744941069236,-0.1002830697822103,0.12547026391557065,-0.003568970815725698,-0.18093137717186847,0.07136361148936296
32003005857,las_vegas,46.38479638009053,30.816047771731157,-15.568748608359371,False,False,Neither hotspot,False,-0.466772746297243,-0.24466234685255522,0.2221103994446878,Low LST,Mid HI,Low LST / Mid HI,414,las_vegas,Las Vegas,2024,GOOGLE/SATELLITE_EMBEDDING/V1/ANNUAL,/Users/yufeizhou/Desktop/heat-exposure-compare/outputs/pilot/alphaearth/paper_gis_figures/three_city_lstadaptive_heat_index_mismatch_GIS_READY.gpkg,las_vegas,0.1570661955075036,-0.017515416904838155,0.1544864958793849,0.01617808901656467,0.021504882277736583,-0.028840030829795252,0.019061646010250354,-0.027904875273155456,-0.25835751042358024,-0.07079250920168406,0.06962394878685454,-0.009157744693312387,-0.2048144029239357,-0.11485642033833422,0.0015927744500317223,-0.07877980086473366,0.06289142279371533,0.08736291266338685,0.20167252834773802,-0.018458314633823865,-0.018333863313847024,-0.15795435524366272,-0.12968321385656342,-0.08517301496347567,-0.1592272665797567,0.20500574093309762,-0.12502318287827982,-0.11437433881626229,0.15755462313767932,0.1627544435725532,0.10424012583909083,-0.1400849471300974,0.056236868381579645,-0.22146400201937153,0.04817156505197085,0.0667636244786584,-0.06739057042058359,-0.009762847168499043,-0.24799357916143255,-0.07298000065886277,0.07558855048828507,-0.19841335460557857,0.048328769079988905,-0.11365411309751486,0.09954818077111478,0.21934166451740703,-0.0034331671943969573,0.0710842606269231,-0.035192431131517994,-0.04201773027012596,-0.08921170154913484,0.04781198212961886,-0.01768741647930802,-0.03638812284567965,0.13825907852957584,0.04236222319634469,-0.055492164541883195,-0.02647746188027976,-0.008869043926261472,-0.08521541112899185,0.06042620449493593,-0.03708514256502594,-0.10340883708345508,0.06326425156990337
32003002850,las_vegas,46.65638480392161,31.968054492595165,-14.688330311326446,False,False,Neither hotspot,True,-0.26168577940732357,0.760086822242178,1.0217726016495017,Mid LST,High HI,Mid LST / High HI,415,las_vegas,Las Vegas,2024,GOOGLE/SATELLITE_EMBEDDING/V1/ANNUAL,/Users/yufeizhou/Desktop/heat-exposure-compare/outputs/pilot/alphaearth/paper_gis_figures/three_city_lstadaptive_heat_index_mismatch_GIS_READY.gpkg,las_vegas,0.16166649490747442,-0.07465922434081741,0.148708218800912,0.06895370905007923,0.009678133707216409,-0.07357572816055491,0.0010354838148805006,-0.06818472275881204,-0.2959187703569674,-0.0537260012241608,0.12026857056471943,0.04449522922007979,-0.17971151033804716,-0.09821373535819361,-0.024259009302849615,-0.08050236517756332,0.10490643822334497,0.052156219512481526,0.21839507594473517,-0.050347973538862716,-0.02155273997829477,-0.11175890675927377,-0.15616071086694522,-0.14650728845078084,-0.17681648952975665,0.19575471234420758,-0.09190016655238473,-0.07248598228414692,0.11172725461949094,0.1576724044418531,0.0721160786318882,-0.1252427116844734,0.03663625709691564,-0.2155166683527492,0.056647287437132675,0.08332427839913925,-0.08545533731152218,-0.011610047286847941,-0.2696972036040054,-0.04532338027745147,0.0366590996499964,-0.12951451568995337,0.07066315772503151,-0.10114756271818516,0.1083658716054258,0.17081025749322476,-0.02557693213355091,0.0925687241828569,0.025902605308627168,-0.034337500557058975,-0.04276715777187104,0.03267102639933323,-0.05909847411852797,-0.08054329306756834,0.14711869411518408,0.04893832581338861,-0.01985433720774292,-0.01871030841496494,-0.024830722227409677,-0.08341602495952646,0.09997748232414311,-0.027740798174602867,-0.16299557212078022,0.07018106269558197
32003002997,las_vegas,45.03881326352533,30.68612509371,-14.352688169815327,False,False,Neither hotspot,True,-1.4831768734226516,-0.3579773999890631,1.1251994734335886,Low LST,Low HI,Low LST / Low HI,416,las_vegas,Las Vegas,2024,GOOGLE/SATELLITE_EMBEDDING/V1/ANNUAL,/Users/yufeizhou/Desktop/heat-exposure-compare/outputs/pilot/alphaearth/paper_gis_figures/three_city_lstadaptive_heat_index_mismatch_GIS_READY.gpkg,las_vegas,0.16646306049107962,-0.14222536997106372,0.15795230427720383,0.05256968710057821,0.014789461649846233,-0.09902779481965077,-0.010395098745953823,-0.074425754889003,-0.3023588573170007,-0.11726205089461339,0.09355819587158379,0.06016665059977001,-0.1373291351121802,-0.12476660664206296,-0.04966241692809036,-0.0853556198905821,0.11238304542251987,0.10300230446984578,0.20053801940692983,-0.02733142611374819,-0.01632886747831361,-0.11412070104377367,-0.10958581610149606,-0.13261347904350193,-0.14562012496537002,0.2242646375294469,-0.1027231584319499,-0.040030312759085765,0.1225406004188014,0.13231805135352848,0.05038667189223613,-0.14859317040182599,-0.007050938744428283,-0.18055508319337926,0.10444756171839542,0.06222985641691254,-0.11325792433761822,-0.05249931258075617,-0.2587732920083516,-0.025229149761590654,-0.026625988594685006,-0.1579433418414582,0.05597399330215293,-0.06267553064818956,0.11610065226221584,0.1891405826319958,-0.06197240757956333,0.11197608730784593,0.0641536969010608,-0.03920032677421145,-0.031346392233441156,0.037462973885668834,-0.11013514679604589,-0.010995585505426751,0.12762148271350518,0.00724083600769318,-0.008784079336737211,-0.022253013148385153,-0.04116977839716552,-0.10170867103824038,0.11968274428003214,-0.02114708058986903,-0.1826615805748722,0.0765242406290284
32003005363,las_vegas,46.81153846153848,32.104452955425614,-14.707085506112868,False,True,HI-only hotspot,True,-0.14452322662373396,0.8790498801068993,1.0235731067306333,Mid LST,High HI,Mid LST / High HI,417,las_vegas,Las Vegas,2024,GOOGLE/SATELLITE_EMBEDDING/V1/ANNUAL,/Users/yufeizhou/Desktop/heat-exposure-compare/outputs/pilot/alphaearth/paper_gis_figures/three_city_lstadaptive_heat_index_mismatch_GIS_READY.gpkg,las_vegas,0.15681313232161373,-0.19461993310411663,0.10775109811070922,0.05443456411473671,0.027443939160618706,-0.11371285673854817,-0.05393550096221309,-0.10754002335598556,-0.24009961447644296,-0.06919524669532252,0.12242305605530146,0.07260311392002873,-0.13546594248689886,-0.17315685170803646,-0.04772295946410918,-0.08127204037897477,0.16255760781912126,0.09194533405687524,0.14999312498751147,-0.041989630053694195,-0.0374314867830979,-0.07094922950942553,-0.14612541630959092,-0.12064966416281525,-0.18028908893379164,0.17474745647243536,-0.08353740718459386,-0.018102030775544044,0.14289084900238885,0.13281718518108354,0.03405387084707476,-0.13529830125238124,0.02756167778795963,-0.20438052456685538,0.090276890921214,0.051302553171700196,-0.13365658593992388,-0.03905893675720143,-0.2252237268329092,0.03636771749930299,-0.03201811593267486,-0.14132942703880672,0.05157117664432391,-0.051506754743771754,0.14768027493343514,0.15799357696029204,-0.09510076168814441,0.11229755763260091,0.044308206749167675,-0.033059989196317606,-0.006203760086913545,0.06740679083469765,-0.10757486351618196,-0.03195311271118807,0.11836536959816008,0.01528139479163019,0.03164588675095161,-0.02360244442973399,-0.03306464624354323,-0.12517123881836573,0.12980299170899204,0.0055251785462927475,-0.20540019986957375,0.10292708990580718
32003005862,las_vegas,45.2959041394336,30.458873194255343,-14.83703094517826,False,False,Neither hotspot,True,-1.2890375680305548,-0.5561803731288532,0.7328571949017016,Low LST,Low HI,Low LST / Low HI,418,las_vegas,Las Vegas,2024,GOOGLE/SATELLITE_EMBEDDING/V1/ANNUAL,/Users/yufeizhou/Desktop/heat-exposure-compare/outputs/pilot/alphaearth/paper_gis_figures/three_city_lstadaptive_heat_index_mismatch_GIS_READY.gpkg,las_vegas,0.15186756154648093,-0.13780736349845105,0.14777054140576035,0.03552960010553902,0.03575395238652471,-0.05988221375048694,-0.03143234715475679,-0.052581432751158674,-0.2970628732300903,-0.07867317041814555,0.09724865441864669,0.03667781152695705,-0.13402859978911436,-0.12143606300364303,-0.025579889488278277,-0.09579824825701026,0.13406729068725365,0.08928608844882621,0.20848625759330913,-0.017137582483399066,-0.03637983365859107,-0.09894858479280616,-0.10875888886234375,-0.11543087387056616,-0.14013622668757766,0.2390600345391036,-0.10396411230468375,-0.061549005397343357,0.14138172402472957,0.13326362035659572,0.03880949826425221,-0.1269553958884874,0.019168319088986457,-0.20810108759587265,0.10401046653898402,0.06372206744984966,-0.11417795087596995,-0.022186373064988357,-0.28020169456780886,-0.014297097729160359,-0.0031080840272815755,-0.1801346420472451,0.07086812657948684,-0.06674801966706974,0.12678020811597374,0.1829554488235181,-0.055634885807068685,0.12769436639450726,0.04037231405510536,-0.03766308257855282,-0.042549497406360416,0.04258075121801827,-0.054675372803801844,-0.05336222663586266,0.1296452915598347,0.012496767056337272,-0.0018508551481131372,-0.0390909367234685,-0.04285480718849922,-0.10943396094343626,0.14299614400040644,-0.005149111722865023,-0.17030407983352316,0.07493824227657128
32003005441,las_vegas,48.4985486891386,33.093711702871204,-15.404836986267398,True,True,Both LST and HI hotspot,False,1.129403716985499,1.7418546593795254,0.6124509423940265,High LST,High HI,High LST / High HI,419,las_vegas,Las Vegas,2024,GOOGLE/SATELLITE_EMBEDDING/V1/ANNUAL,/Users/yufeizhou/Desktop/heat-exposure-compare/outputs/pilot/alphaearth/paper_gis_figures/three_city_lstadaptive_heat_index_mismatch_GIS_READY.gpkg,las_vegas,0.15221998479507978,-0.04633468900133034,0.13676475652066325,0.05388325189639123,0.011355031884530888,-0.009433753106875059,-0.02028038616568348,0.010452092660981094,-0.2748277015412473,-0.07234194356233989,0.13884546988584612,0.0298604738932795,-0.19862708712053356,-0.08116543863081854,0.04186147871410972,-0.013585535085973289,0.06204749500554357,0.04739734505422181,0.1945794304802254,-0.01487944620787537,-0.038326251586108244,-0.13460423343687977,-0.1422433203078942,-0.1145945419709143,-0.11363562875684467,0.186917607720262,-0.08812730947604441,-0.11524249469719818,0.14041213888993742,0.13005638497891095,0.040063156831211734,-0.108322335981315,0.032925720235403785,-0.19738043897346072,-0.026966640209673598,0.1046433237440207,-0.04423829495921843,0.02432856194797675,-0.26644526259434764,-0.01096400445845179,0.07252926439564918,-0.12975037074327042,0.10599265453840792,-0.11426232165434684,0.12210500841434867,0.14616398762384825,-0.026855647374565757,0.09565922184672192,0.0436969184598093,-0.021982259553355168,-0.0629625188371662,0.005898005684624608,0.003559847862627347,-0.09568553734245122,0.09832036625677151,0.06659248789303159,0.020411895959412663,-0.038419077820538335,-0.03674059724054415,-0.04516031846636288,0.11882355510215027,-0.021787899557749534,-0.12437437047624121,0.06637994741408769
32003002851,las_vegas,46.60614783226727,30.458873194255343,-16.147274638011925,False,False,Neither hotspot,False,-0.299621667826235,-0.5561803731288532,-0.25655870530261815,Mid LST,Low HI,Mid LST / Low HI,420,las_vegas,Las Vegas,2024,GOOGLE/SATELLITE_EMBEDDING/V1/ANNUAL,/Users/yufeizhou/Desktop/heat-exposure-compare/outputs/pilot/alphaearth/paper_gis_figures/three_city_lstadaptive_heat_index_mismatch_GIS_READY.gpkg,las_vegas,0.1692152057942091,-0.10623074749300487,0.1547169222880205,0.05039577002213391,0.047754805134984174,-0.07533776119552688,-0.01315497782866813,-0.0765975657976337,-0.2788821972802624,-0.08328956174679443,0.0917276520674968,0.07744225294231608,-0.13434484531472243,-0.13754124491325656,-0.0558299094409141,-0.08021131028224729,0.15702515610030296,0.11878271577921197,0.20278849446883493,-0.03917119796865689,-0.032184359323878683,-0.08228522550499966,-0.11389578239948155,-0.1027604498678564,-0.13266337451307816,0.23594036428545434,-0.12145666913412863,-0.0584902215641991,0.15046255158603714,0.13601368727132943,0.04997782652840252,-0.09406366734165607,-0.011320934612457147,-0.2097996581294031,0.13013044463265924,0.04038856227184829,-0.13036815907486884,-0.03913492387050093,-0.24698617722322017,-0.004338799496310645,-0.006885951213624155,-0.16638625374180877,0.06784946442022453,-0.06562974945716658,0.15858277410579216,0.19410920131971116,-0.09195748904076602,0.12969451594972173,0.04729245534349464,-0.03915986668812812,-0.04327501198416102,0.05909772168020778,-0.07059296940799178,-0.047157554675846744,0.13635159110364098,0.0032393011725931264,0.031235913059686236,-0.03745230589643307,-0.020453286539078314,-0.11299224366471239,0.11433190268554148,0.012582061631148691,-0.18923770346404842,0.06761406327869043
32003002853,las_vegas,46.60693243243246,30.458873194255343,-16.148059238177115,False,False,Neither hotspot,False,-0.2990291857688988,-0.5561803731288532,-0.25715118735995435,Mid LST,Low HI,Mid LST / Low HI,421,las_vegas,Las Vegas,2024,GOOGLE/SATELLITE_EMBEDDING/V1/ANNUAL,/Users/yufeizhou/Desktop/heat-exposure-compare/outputs/pilot/alphaearth/paper_gis_figures/three_city_lstadaptive_heat_index_mismatch_GIS_READY.gpkg,las_vegas,0.16347414587961867,-0.1425088635297645,0.13821541456326983,0.06522637581649594,0.02405623015374509,-0.08982953247075788,-0.02377320745348623,-0.07319963665540678,-0.2927939740491654,-0.0931702689395636,0.13130848085107133,0.06773052570182773,-0.12290847792526687,-0.11933138936566905,-0.03563968948959029,-0.08134378875424916,0.13818212955230363,0.09961232926453477,0.1994602202662144,-0.026401614889544518,-0.03986037636862906,-0.09007546640642222,-0.12968572263631215,-0.14187055987672542,-0.14290121983337195,0.21770381735807837,-0.08079706785980716,-0.06366595107348141,0.13661591859701325,0.13855915721307252,0.017409233769765435,-0.12045120779498208,-0.027900324186425164,-0.19415740540676613,0.09243989701907498,0.0794793363792711,-0.10881423132138668,-0.04605003135197917,-0.25705472580383737,0.01027373617118404,-0.006666650279874482,-0.1587331069563211,0.07359082276921705,-0.06309606594530119,0.13935759312812712,0.15539364252931365,-0.07122363581791051,0.13351629557657274,0.07405680099755182,-0.04070949489921032,-0.021767892112766283,0.02999245750443502,-0.06014102924433683,-0.04851443656363569,0.10800865716586146,0.03250970926479126,0.015710788737342943,-0.040068673278900055,-0.049979412092099613,-0.12822688773463875,0.13478098772067004,0.015561482310521678,-0.18599494020971422,0.09576238859974012
32003003666,las_vegas,46.23469818913484,30.76536905919516,-15.46932912993968,False,False,Neither hotspot,False,-0.5801177198588258,-0.28886295210001844,0.2912547677588073,Low LST,Low HI,Low LST / Low HI,422,las_vegas,Las Vegas,2024,GOOGLE/SATELLITE_EMBEDDING/V1/ANNUAL,/Users/yufeizhou/Desktop/heat-exposure-compare/outputs/pilot/alphaearth/paper_gis_figures/three_city_lstadaptive_heat_index_mismatch_GIS_READY.gpkg,las_vegas,0.18422858243349277,-0.08948900986159056,0.170126173924855,0.06416970135717998,0.019414542472238283,-0.0770249953604998,0.008719646611079176,-0.05514258684205281,-0.3144694377222506,-0.10749211666641108,0.0986359594215115,0.0700893471229562,-0.15887148315830907,-0.11181832517318299,-0.023363711653103036,-0.06313888479569572,0.1253756305264783,0.11546383500570827,0.2406411851120173,-0.01750643264186615,-0.028362119160798647,-0.10852457022999625,-0.12472264590723169,-0.1308577028742611,-0.11724242594867701,0.25910043079549866,-0.11121059273664288,-0.06876166904725786,0.13845484632056734,0.12456898863753407,0.05578381901719575,-0.09280124266691983,-0.04980771370113652,-0.1871402210522261,0.12842250703327351,0.06121415784458781,-0.13127712534156408,-0.058032305291827034,-0.2614646577821585,-0.01887916846234271,0.0342188361772283,-0.1499107778999342,0.0694727490086938,-0.05747650548324758,0.1355965519667717,0.1816008849859697,-0.051420909464867104,0.12188961269069486,0.052872313189813405,-0.04182801696456218,-0.039497420234160585,0.013748265184151447,-0.07466130639701898,-0.04536373849436347,0.13386907357990407,0.01830338241242363,0.022460036460076407,-0.01728492355125162,-0.03840053428501785,-0.09544077650204355,0.1186161796039219,0.014819360810945065,-0.17638578452204362,0.051779041223979916
32003002902,las_vegas,46.37138960481104,30.816047771731157,-15.555341833079886,False,False,Neither hotspot,False,-0.47689672300824754,-0.24466234685255522,0.2322343761556923,Low LST,Mid HI,Low LST / Mid HI,423,las_vegas,Las Vegas,2024,GOOGLE/SATELLITE_EMBEDDING/V1/ANNUAL,/Users/yufeizhou/Desktop/heat-exposure-compare/outputs/pilot/alphaearth/paper_gis_figures/three_city_lstadaptive_heat_index_mismatch_GIS_READY.gpkg,las_vegas,0.15622857490417036,-0.07086542832985905,0.15200649867847676,0.04867023008280616,0.007129605261717772,-0.07625444972843053,0.015074789669415077,-0.049844773563051295,-0.29928633495557977,-0.08069138402078785,0.09284521639158921,0.025766989823438176,-0.168975010762825,-0.1101368371251493,-0.026005391311759773,-0.09842945200324629,0.09601833141084183,0.09339002183467755,0.2069203517679914,-0.01707684940871035,-0.021377472129558362,-0.1337996648649921,-0.14175798442045698,-0.12314021135543014,-0.1672885414588356,0.21391906946455108,-0.1066524250028166,-0.0851103275266125,0.12814659722284596,0.15456690605380988,0.08587544146383488,-0.14377615632858642,0.021290587934699075,-0.20894673511977171,0.08536924169620824,0.07606830265443888,-0.10502330385534668,-0.029314438586204937,-0.2624235442783443,-0.051058592800646466,0.05963706205152828,-0.17610999592779447,0.05385081573110157,-0.0976785791973756,0.09707438558721024,0.2056069075548912,-0.018819716804760633,0.09818701476916274,-0.0024401362581615554,-0.044936968777991255,-0.06781918850495552,0.04856237723462092,-0.04248074430542384,-0.052915158215356126,0.12798872578797985,0.04790328713602865,-0.04148149843778229,-0.014513169156701528,-0.022964565829990777,-0.09894326689097524,0.07818977564633926,-0.02030612469067727,-0.14253981403874325,0.07916732400857512
32003005113,las_vegas,48.08821696696699,32.104452955425614,-15.983764011541375,True,True,Both LST and HI hotspot,False,0.8195462969533654,0.8790498801068993,0.05950358315353388,High LST,High HI,High LST / High HI,424,las_vegas,Las Vegas,2024,GOOGLE/SATELLITE_EMBEDDING/V1/ANNUAL,/Users/yufeizhou/Desktop/heat-exposure-compare/outputs/pilot/alphaearth/paper_gis_figures/three_city_lstadaptive_heat_index_mismatch_GIS_READY.gpkg,las_vegas,0.15163307371114917,-0.17809182342158766,0.12112953067405263,0.0795491765442843,0.008115755417209323,-0.10059439788362678,-0.0486383248867097,-0.08760502278584321,-0.25460916459537875,-0.06488177728327225,0.14188092131069077,0.07193963044885039,-0.13293085409846836,-0.15254989147922052,-0.038806845297232814,-0.08034250906119696,0.13402345429357015,0.07831248579024402,0.16498740751025848,-0.05088185726626218,-0.03992863237986728,-0.06624660159089768,-0.16932363270859524,-0.12437720327890642,-0.18776206594766884,0.16259574094705206,-0.058086045681442565,-0.034501225923850035,0.1271764432370821,0.1227864993823149,0.030348244777343325,-0.13241883660922985,0.0037235410736031474,-0.20324878403602178,0.05873342887784253,0.07050163742112986,-0.10148230695013497,-0.04420288496195354,-0.21769173875524547,0.03298297325432331,-0.0007621304381451649,-0.12999093599214276,0.06984783542359943,-0.07892812904312332,0.13377436166073517,0.1551481751592183,-0.07547692955589447,0.11249971948117399,0.05309295759846892,-0.032847716503099186,-0.017851838998263002,0.06538489287321093,-0.08551605929869863,-0.06221278953997389,0.10322595321287466,0.028265206033650035,0.016795407153482097,-0.028220907675116286,-0.039847673385549065,-0.14245638763796142,0.12405663932201219,0.004789104937623765,-0.18309975907072495,0.09907216825661759
32003006001,las_vegas,48.17383277962352,30.894111814136732,-17.279720965486785,True,False,LST-only hotspot,False,0.8841981222699834,-0.1765769960272132,-1.0607751182971965,High LST,Mid HI,High LST / Mid HI,425,las_vegas,Las Vegas,2024,GOOGLE/SATELLITE_EMBEDDING/V1/ANNUAL,/Users/yufeizhou/Desktop/heat-exposure-compare/outputs/pilot/alphaearth/paper_gis_figures/three_city_lstadaptive_heat_index_mismatch_GIS_READY.gpkg,las_vegas,0.14694428540803325,-0.08629857124943291,0.14346719124032134,0.056665258402279414,0.006519765882258896,-0.08883462152021972,0.0019081971915507177,-0.04307282732264521,-0.2919791684506049,-0.015069159605715346,0.12283964034740547,0.049861456275788564,-0.17254542062809086,-0.13454762489856484,-0.004494840840851953,-0.06627650124348088,0.10367770828067663,0.06118247876295652,0.23780384517936373,-0.046378059935101794,-0.0037202144586975794,-0.15033084806665858,-0.18605875463082386,-0.1262382922799194,-0.1509749241301514,0.15264880664566577,-0.06679303553244523,-0.03976340648767415,0.07242774659423767,0.09906206052929585,0.08075988325439398,-0.12360833551056156,0.033559370866373804,-0.17704990405087126,0.014217663950332976,0.0370099252592204,-0.12141985454919324,0.018256056220137352,-0.256514085354607,-0.030239198389902855,0.09165316711000228,-0.11737439716023451,0.05037488640313506,-0.09116352207434505,0.07666732431483539,0.1811901725882168,-0.018781404568499,0.05796212403139825,0.0133977317358947,-0.01826353440462049,-0.06267683645492184,0.07192949262135295,-0.06849922582774112,-0.0910846434915446,0.14182373262364484,0.01962188471660248,0.011695419316959657,0.0073797355218468376,0.0076850313202087165,-0.0825990838932058,0.033233599124618346,-0.05988525132852589,-0.18062855511860756,0.04282652649021623
32003004914,las_vegas,48.96898391812869,32.08101575859078,-16.887968159537913,True,True,Both LST and HI hotspot,False,1.4846476293392488,0.8586085896011912,-0.6260390397380575,High LST,High HI,High LST / High HI,426,las_vegas,Las Vegas,2024,GOOGLE/SATELLITE_EMBEDDING/V1/ANNUAL,/Users/yufeizhou/Desktop/heat-exposure-compare/outputs/pilot/alphaearth/paper_gis_figures/three_city_lstadaptive_heat_index_mismatch_GIS_READY.gpkg,las_vegas,0.17228887724504025,-0.11948936098279102,0.18302282786299856,0.05274162091943319,-0.004451048567966637,-0.09455896472313545,-0.000470168861458246,-0.08098652980268156,-0.30022834695020123,-0.13030047026613018,0.10254319989944068,0.07581495915455334,-0.15281213279444475,-0.1249268049998019,-0.009272811093481787,-0.05755577802585694,0.12525357305355242,0.09579707704842025,0.2327339888883805,-0.03000544888047184,-0.010769414542302045,-0.08986726846470686,-0.15698707012451274,-0.13184559062873596,-0.1358432970991999,0.21690323659627486,-0.09601903766701773,-0.04884271609672738,0.13361967248114712,0.1136818421882736,0.06723465784252401,-0.1124032161959695,-0.04865188013366978,-0.16809136189331533,0.07569934995071137,0.07473742843465896,-0.16006150023300822,-0.02157020519657563,-0.277906146985757,-0.02611309220302164,0.019224541419456065,-0.14971965780939506,0.051008552559148296,-0.05297210383227482,0.13707229217904626,0.1612945708756796,-0.05190643618493561,0.1060007964805629,0.07558328473020921,-0.008457710517335463,-0.017079559952715456,0.011541017838089107,-0.1288002945297626,-0.06407019147245921,0.10441040488538865,0.008754964289155783,0.011712073504104283,-0.020521727871123083,-0.020813593319822448,-0.08551778862349602,0.11679165609891534,-0.003689384556615603,-0.20695286062107926,0.06614008482458941
32003005502,las_vegas,49.256297514033704,32.576804841796466,-16.679492672237238,True,True,Both LST and HI hotspot,False,1.7016092844024382,1.2910224465477407,-0.4105868378546975,High LST,High HI,High LST / High HI,427,las_vegas,Las Vegas,2024,GOOGLE/SATELLITE_EMBEDDING/V1/ANNUAL,/Users/yufeizhou/Desktop/heat-exposure-compare/outputs/pilot/alphaearth/paper_gis_figures/three_city_lstadaptive_heat_index_mismatch_GIS_READY.gpkg,las_vegas,0.15907302607279825,0.11833674646918256,0.0905990821793532,0.027183343263851106,0.035255182091064825,0.08095230978358625,-0.05677710608877628,0.0600566127922437,-0.11324127984935167,0.003698626346993181,0.13438349724590504,0.013553601452829946,-0.2808021741555445,-0.10154460799652197,0.06053951980691973,0.046336027481320735,0.018692697584597257,0.10877568049079,0.21192508008364302,-0.039377001915237936,-0.0682516957387993,-0.12779475115788963,-0.16722077326789234,-0.004765451299385105,-0.13572201027229674,0.14854125815532668,-0.13376367278629295,-0.15583951231259224,0.18299199961300652,0.1404954640938814,0.12536005916988358,-0.08602867334360415,0.10996014932197176,-0.2335795822364751,-0.05803295524952421,0.040801337175320446,0.008004345804446138,0.032225203994386796,-0.16174392457078912,-0.017999238246643207,0.14542597734778026,-0.10807671091929075,0.16013167682628798,-0.1788933548405465,0.13918708398893928,0.0860574269695265,-0.018856819850542578,0.022495451771766005,-0.08707358000613531,-0.05894308897682995,-0.07425432364993316,0.0022642697480393494,0.12748611972911475,-0.10412337307026055,0.14436609460773467,0.1246560415851801,-0.02726832712341157,-0.04458403200716137,0.0018784519525070985,0.014633948050122988,0.009988449672194696,0.046631242513628206,-0.08193338263975014,-0.009734834474813065
32003005613,las_vegas,47.40568457565621,32.65889608934392,-14.74678848631229,False,True,HI-only hotspot,True,0.3041395798205612,1.3626202170029271,1.0584806371823658,Mid LST,High HI,Mid LST / High HI,428,las_vegas,Las Vegas,2024,GOOGLE/SATELLITE_EMBEDDING/V1/ANNUAL,/Users/yufeizhou/Desktop/heat-exposure-compare/outputs/pilot/alphaearth/paper_gis_figures/three_city_lstadaptive_heat_index_mismatch_GIS_READY.gpkg,las_vegas,0.11319221601606301,0.15811944027865818,0.03187498246252536,-0.04858420384476028,0.02080704140991369,0.06437829667952093,-0.018754324107669702,0.12119557025315171,-0.1753906159234215,-0.009674541194426253,0.04581733586933417,-0.040966538063173186,-0.2227951063704193,-0.13054533520439376,0.07255542112222826,0.024137249563283954,-0.0028149866280321035,0.13049019368512257,0.11669259616659235,-0.028192432238958152,-0.04344394368627835,-0.2149535593035684,-0.1423014379235594,0.06390185522818313,-0.019716140826577886,0.102406536429943,-0.11486330012411528,-0.10183802218969538,0.16106606490409414,0.08316145155066519,0.11305870855901945,-0.03723220462780681,0.15799953170449546,-0.13487826652848486,-0.07375699523927712,0.007818006875334018,0.015090336819619127,0.03737781930746859,-0.1471038361451824,-0.029104946556279626,0.13828989307872486,-0.169601015904327,0.07730464939180245,-0.13401062379667666,0.12676353210896926,0.1514788986724912,0.028099912239903716,0.021079351839266135,-0.1415221184005914,-0.020643953714635996,-0.09761763818023023,0.01703787356025503,0.11450973140545284,-0.07767186433758541,0.1304010119164706,0.06067381702374189,-0.06189443146738726,-0.02674435133848066,0.05896934678271027,-0.04459980440241454,-0.04521549444213539,-0.022267814933472223,-0.03571163159609917,0.03344644861172086
32003005721,las_vegas,46.22597652081114,30.458873194255343,-15.767103326555794,False,False,Neither hotspot,False,-0.5867037903455427,-0.5561803731288532,0.030523417216689497,Low LST,Low HI,Low LST / Low HI,429,las_vegas,Las Vegas,2024,GOOGLE/SATELLITE_EMBEDDING/V1/ANNUAL,/Users/yufeizhou/Desktop/heat-exposure-compare/outputs/pilot/alphaearth/paper_gis_figures/three_city_lstadaptive_heat_index_mismatch_GIS_READY.gpkg,las_vegas,0.15182501652769367,-0.06180406210580866,0.17038300966739495,0.05446613570945865,0.0492290635419532,-0.027296455037707543,0.012093704318472238,-0.006636471299011719,-0.2892741933596433,-0.16440489020492607,0.07901003595816966,0.03614084393366363,-0.16293524176617588,-0.10246177181740103,0.005228891567552669,-0.02016070183470794,0.07524211235554301,0.10560058314023268,0.2394979060957663,-0.041896296033287254,-0.023150098810264877,-0.1140033227338544,-0.08239141832569868,-0.12953132593428118,-0.12467354270833647,0.23858480665905632,-0.10062399038163854,-0.10375466564437255,0.12490072996240534,0.14594540506668272,0.03530839385720759,-0.034877448259635124,-0.04207378060127232,-0.13758829155143304,0.11397150480057404,0.0673739558730908,-0.05967079395955273,-0.060387903964225206,-0.31074306268629925,0.026096805936877663,0.05024063095757282,-0.13261504212817024,0.08649886796117506,-0.08440779840681797,0.15606493264171767,0.20050076363101219,-0.027202669919021934,0.1311101678207217,0.020584892316598147,-0.08280473527953232,-0.03452132490624115,-0.006045084968823535,-0.07187951608701405,-0.020252199858249133,0.10896645619216068,0.045883746713727795,0.00414183802694438,-0.03509026239199665,-0.06492137223931878,-0.04894620860997056,0.10945725302845322,0.015333654118456655,-0.12208060401510316,0.051002898343992686
32003005365,las_vegas,46.459037494284445,32.104452955425614,-14.35458453885883,False,True,HI-only hotspot,True,-0.41071039756463107,0.8790498801068993,1.2897602776715305,Mid LST,High HI,Mid LST / High HI,430,las_vegas,Las Vegas,2024,GOOGLE/SATELLITE_EMBEDDING/V1/ANNUAL,/Users/yufeizhou/Desktop/heat-exposure-compare/outputs/pilot/alphaearth/paper_gis_figures/three_city_lstadaptive_heat_index_mismatch_GIS_READY.gpkg,las_vegas,0.141640866227308,0.002091597082304598,0.08491362880054418,0.005824674712269911,0.03198954550529484,-0.004375155611718825,-0.03872255214124542,0.02716001542446554,-0.18321720313278114,-0.14111255271932227,0.1457471074394078,0.07587112585158187,-0.16369978046794387,-0.11649087994029092,0.054705025296264774,-0.018246593562280772,0.13736544121590383,0.1538095565457557,0.11646212467966766,-0.0021557686595524536,-0.06287067868582025,-0.12055180403332483,-0.0959900615873132,-0.05750649784776238,-0.11121507382791941,0.16892578871234573,-0.19056446672075467,-0.09412084574370663,0.20673123809066385,0.16881974642707076,0.06789496586066689,-0.019176757783730732,0.10506141967386484,-0.1275197544703135,0.020685631881195852,0.09162131621230109,-0.04161553419400765,-0.0025179610647494263,-0.24957114776798833,0.05839038796348135,0.02415294133974714,-0.12246533118335606,0.09696882039260706,-0.08903801641195555,0.218781316754318,0.11653530024208994,-0.05742613496356737,0.19191922295062308,-0.026851174192292694,-0.022295506575199856,-0.02085535710429685,0.004985702072613349,0.014021766774237514,-0.05015994227266263,0.12608714546666888,0.11962795554721226,0.0009295200632556948,-0.0930821244063966,-0.008563847327671436,-0.07798999159599189,0.08694921191217424,-0.005285581019344668,-0.1074870816274198,0.06963480132003227
32003005869,las_vegas,46.44122053872057,29.346202007206823,-17.095018531513748,False,False,Neither hotspot,False,-0.42416467269264563,-1.5266221513019707,-1.102457478609325,Low LST,Low HI,Low LST / Low HI,431,las_vegas,Las Vegas,2024,GOOGLE/SATELLITE_EMBEDDING/V1/ANNUAL,/Users/yufeizhou/Desktop/heat-exposure-compare/outputs/pilot/alphaearth/paper_gis_figures/three_city_lstadaptive_heat_index_mismatch_GIS_READY.gpkg,las_vegas,0.1696902919305991,-0.14340750503825508,0.154906934908182,0.04440589660351627,0.045331371605881944,-0.07614149773665818,-0.04476779300545808,-0.06899114976087463,-0.26904664470538514,-0.07760853481140399,0.11135331177795688,0.06463571294410125,-0.14573381023190002,-0.12758965881003112,-0.0405791702105527,-0.07929442623152588,0.15856884989286377,0.11409660621064507,0.19442913672600443,-0.022915245783798856,-0.0365405499680704,-0.11146925960772248,-0.10273887258154184,-0.09834136213804419,-0.14720217367925156,0.25122880842824674,-0.14040174846784767,-0.05377418260192089,0.1652174652174965,0.14273160391932052,0.04144769562959318,-0.13097165818402515,0.012962669802893944,-0.21372917256489118,0.13850708199388354,0.05648210433059052,-0.13313359734872934,-0.03451825200723861,-0.26569033976948164,0.004623059747069505,-0.02575014930627635,-0.1791050987121821,0.06013006086994077,-0.061875910881142665,0.15077634387513864,0.18178746760140815,-0.09041719016848525,0.14492838725640889,0.040625130271283644,-0.025831835643689807,-0.03905139298920666,0.06414155405157673,-0.07441999471048841,-0.04376415303656759,0.14787202842201502,0.004789651269311712,0.028189915450485763,-0.02481334535974505,-0.03487509290190873,-0.11421589644674808,0.13407067396694455,0.0015563325777548822,-0.17999737270628918,0.06673766197014347
32003003268,las_vegas,46.00843383584593,30.8977331107037,-15.110700725142227,False,False,Neither hotspot,True,-0.7509787207687662,-0.1734185989008675,0.5775601218678986,Low LST,Mid HI,Low LST / Mid HI,432,las_vegas,Las Vegas,2024,GOOGLE/SATELLITE_EMBEDDING/V1/ANNUAL,/Users/yufeizhou/Desktop/heat-exposure-compare/outputs/pilot/alphaearth/paper_gis_figures/three_city_lstadaptive_heat_index_mismatch_GIS_READY.gpkg,las_vegas,0.16978770643162905,-0.05271685062783404,0.16897105113011626,0.0772504823408852,0.034826214525302795,-0.06273333138223128,0.047825927856911005,-0.026457100288377368,-0.309238967054631,-0.1311092923072178,0.07170927449991892,0.0041149337233945815,-0.20073080262511295,-0.09202120402928007,0.009648708610398191,-0.07291556836352255,0.05203357929301783,0.07674569991514517,0.271417085879958,-0.02722467068348256,0.001498844313420827,-0.09632036772704827,-0.12754143648038865,-0.14932591045008473,-0.1526944546855014,0.23305117410910223,-0.10655635969685796,-0.06998430092303666,0.1092257432768171,0.1410021801275452,0.08795400213349634,-0.10550242532908823,-0.0033645622516197135,-0.16893013688971997,0.06775691967398027,0.06935602727624939,-0.08497860836029414,-0.03311316217319303,-0.32128316799033935,-0.036228154107381796,0.08841996480085094,-0.1420078337539861,0.07966691500058218,-0.08965387177269167,0.09604592628261825,0.2071066479418974,0.004369800246182053,0.07564345028194153,0.015772232578656526,-0.03814585522330329,-0.06874522022813095,0.003507536095168605,-0.09082279293899483,-0.0645146048283217,0.127807786249346,0.05002147043892499,-0.044134758310690025,-0.025948928049463332,-0.03500989304557805,-0.08919564730014877,0.11830688862292331,-0.02965645121466902,-0.1270616058240089,0.05631828510926176
32003003656,las_vegas,48.001456140350896,30.76536905919516,-17.236087081155738,False,False,Neither hotspot,False,0.7540298271253896,-0.28886295210001844,-1.042892779225408,High LST,Low HI,High LST / Low HI,433,las_vegas,Las Vegas,2024,GOOGLE/SATELLITE_EMBEDDING/V1/ANNUAL,/Users/yufeizhou/Desktop/heat-exposure-compare/outputs/pilot/alphaearth/paper_gis_figures/three_city_lstadaptive_heat_index_mismatch_GIS_READY.gpkg,las_vegas,0.17972644816313726,-0.08210751353915093,0.12488638989021601,0.0609442285568362,0.0038667800537597703,-0.07471159644134365,-0.01719117459198778,-0.05989860021380333,-0.30614445676028673,-0.05664882894687261,0.14703725893101724,0.08781916215643215,-0.1856086436920671,-0.10206049920588478,0.010266911531082265,-0.07033118260329639,0.1373078527901497,0.10014907714517729,0.24529978563017193,-0.01043226865939676,-0.008568102886911799,-0.12056571695828742,-0.16260974434257428,-0.1419168695578372,-0.17097702616726435,0.19819052127526904,-0.1277438524794123,-0.08099261710441569,0.14566958091518048,0.13036586213514822,0.04504262075073114,-0.10807576043050363,-0.004796397981304802,-0.20270561230876052,0.06568766355223794,0.09883142560646567,-0.11146448846940203,-0.0021557950663521597,-0.2785573594553243,0.0054145564751935105,0.05081145790554926,-0.130220646494102,0.06909738545003599,-0.058532254959948425,0.1310954592003682,0.14472213008567086,-0.049512472135130575,0.12003040939952188,0.03674222073266877,-0.019281970752301213,-0.041448954629946994,0.03788447289628115,-0.025663348020872185,-0.1004491347372687,0.13757663424684347,0.07285551837582252,0.009548228901599752,0.00481389457504741,-0.028971487683846255,-0.10217752743358388,0.0970500550896234,-0.024818310051717328,-0.20240833444549258,0.06997979044919946
32003005102,las_vegas,46.45192794279432,32.104452955425614,-14.347474987368706,False,True,HI-only hotspot,True,-0.41607909601830373,0.8790498801068993,1.295128976125203,Low LST,High HI,Low LST / High HI,434,las_vegas,Las Vegas,2024,GOOGLE/SATELLITE_EMBEDDING/V1/ANNUAL,/Users/yufeizhou/Desktop/heat-exposure-compare/outputs/pilot/alphaearth/paper_gis_figures/three_city_lstadaptive_heat_index_mismatch_GIS_READY.gpkg,las_vegas,0.1900974339543609,-0.17890566286149429,0.17232819739242955,0.05822606717385376,0.04070423654676884,-0.07615415748619152,-0.022456935597372135,-0.06126668165169163,-0.288045275758891,-0.1287827242433739,0.10048577991368846,0.05955845292732473,-0.14384639868635063,-0.11353395173441518,-0.039418034676177334,-0.04930738393558087,0.11691213458577272,0.09832722732461273,0.2141224561605174,-0.025294962589881086,-0.032438426639485735,-0.09496931181849749,-0.08683647499157435,-0.1352260768484405,-0.1013490520992844,0.25916344593632545,-0.08796666609629553,-0.046842945871182505,0.14729820611404326,0.11793736278127162,0.03951384355984915,-0.12438005430536649,-0.05770927729359319,-0.1572409947434645,0.13189628380299406,0.060739539792296016,-0.1443674663864349,-0.06678535214477045,-0.2371156049483714,-0.02843267165989264,-0.040159990145248,-0.15277203672390766,0.07138579514838762,-0.03989697763296659,0.12727172091435124,0.1574321919377008,-0.08574185442478653,0.12459018201667928,0.07781719889343273,-0.03634270150327453,-0.021014751646906492,-0.010248809736995407,-0.11722144310884948,0.0025465924629816993,0.12145054507581338,-0.05042094038292123,0.03521509151223542,-0.019216356827416122,-0.06584674859619084,-0.06980844140636784,0.16094952943961732,0.033442467416620304,-0.20127654167351725,0.06288172781681724
32003005103,las_vegas,46.90208004212746,32.104452955425614,-14.797627086701844,False,True,HI-only hotspot,True,-0.07615176263246545,0.8790498801068993,0.9552016427393648,Mid LST,High HI,Mid LST / High HI,435,las_vegas,Las Vegas,2024,GOOGLE/SATELLITE_EMBEDDING/V1/ANNUAL,/Users/yufeizhou/Desktop/heat-exposure-compare/outputs/pilot/alphaearth/paper_gis_figures/three_city_lstadaptive_heat_index_mismatch_GIS_READY.gpkg,las_vegas,0.17367713413117564,-0.18457287093999655,0.16101094501121024,0.05662186397894972,0.01970907354988608,-0.08356954238065314,0.0024676697214198956,-0.039320485097182806,-0.29192576311342777,-0.1597645597606758,0.10087634306498774,0.035359987155128475,-0.13263306486189688,-0.11324401763614121,-0.011564764101752247,-0.019282639440004537,0.07469548139416647,0.08627899953323734,0.19706664566147936,-0.013747977023917517,-0.03554795628024821,-0.1307503307970269,-0.09398325271420381,-0.13319079980609655,-0.08639797903598223,0.22103083315339364,-0.046945856892447055,-0.07532046115846813,0.117236809112288,0.1031872023258658,0.013180609154509693,-0.12488498188003191,-0.09206380855792212,-0.10349283671119522,0.08741000583573758,0.09414072286602101,-0.10013984418521567,-0.06694419283783704,-0.2565573333483805,-0.012185712849323361,-0.001133116652051761,-0.13410304551762817,0.05244199283567259,-0.04772511387894166,0.11791101543467258,0.15984723393392947,-0.06290090962578875,0.12180010862897687,0.06430600741788488,-0.03186362713854542,-0.013930028657010289,-0.0173450995207582,-0.11807471750898417,0.01708803705430676,0.08226049653361743,-0.03259736994153282,0.026349013272841896,-0.010521086270406974,-0.06867255070092602,-0.03555282568701176,0.12863529787567848,0.024948320810150564,-0.1723734085761931,0.07437263112739732
32003003318,las_vegas,46.11521718602459,30.35746950418516,-15.757747681839426,False,False,Neither hotspot,False,-0.670342465756269,-0.6446219347064981,0.0257205310497709,Low LST,Low HI,Low LST / Low HI,436,las_vegas,Las Vegas,2024,GOOGLE/SATELLITE_EMBEDDING/V1/ANNUAL,/Users/yufeizhou/Desktop/heat-exposure-compare/outputs/pilot/alphaearth/paper_gis_figures/three_city_lstadaptive_heat_index_mismatch_GIS_READY.gpkg,las_vegas,0.17828606135753358,-0.12857516655011098,0.15974218129591058,0.04665298588392975,0.022468774698135584,-0.08672833167118817,-0.01014908395714841,-0.06790597890953419,-0.3079674483682872,-0.10257622994492603,0.10329490112586039,0.05510583645974213,-0.14223419158546258,-0.11268615630525787,-0.03716226945548503,-0.09772374576001251,0.11259530895772885,0.09706500422371012,0.21883643131032957,-0.021461577390941153,-0.028100750650947245,-0.08551054250488598,-0.11934969015424474,-0.1398949956836344,-0.1492667379663671,0.23054842279411025,-0.1247280885338352,-0.06317736235826533,0.1491639263650653,0.142288185187477,0.049649056084371056,-0.13008834936730082,-0.021019953559124026,-0.18925818025386074,0.11112946474750716,0.09129067723297118,-0.12127722685270796,-0.04993063934510235,-0.27043140403296595,-0.03639385933960699,-0.0270147532766296,-0.1387637407706806,0.04979027163223323,-0.060948191337119415,0.13634973316491328,0.17497741455099808,-0.07071893156273615,0.12588047745662145,0.05931316447529803,-0.024976667413050643,-0.03777711218284669,0.030010773373303972,-0.08446872771724334,-0.03050400566107307,0.12176110185933052,0.008825193452942061,-0.0032069887809091325,-0.024042545850003472,-0.0555675771733987,-0.10502398553477793,0.12541213875333948,-0.018049572460010203,-0.1946670072581013,0.08629266797315856
32003003308,las_vegas,45.85543137254904,30.8977331107037,-14.95769826184534,False,False,Neither hotspot,True,-0.8665168231724271,-0.1734185989008675,0.6930982242715595,Low LST,Mid HI,Low LST / Mid HI,437,las_vegas,Las Vegas,2024,GOOGLE/SATELLITE_EMBEDDING/V1/ANNUAL,/Users/yufeizhou/Desktop/heat-exposure-compare/outputs/pilot/alphaearth/paper_gis_figures/three_city_lstadaptive_heat_index_mismatch_GIS_READY.gpkg,las_vegas,0.1795136345888591,-0.0945437812872785,0.1842145890766324,0.06306658681589002,-0.0016646965372252595,-0.09601149103780893,0.020752675968610624,-0.06691903756183651,-0.30706101791553203,-0.12470489941484326,0.11686633058786416,0.06942407384267392,-0.1552337545442292,-0.1068181650905169,-0.010178400770798363,-0.06851577566639688,0.11168630988748207,0.08195100710852135,0.2416138487067794,-0.03376913781656585,-0.005562987831006074,-0.1193657366273192,-0.15551062930524653,-0.15170502682918124,-0.14578246158474636,0.2138015583944466,-0.08413699000525672,-0.05515377373720228,0.10491973230339656,0.13129925922182537,0.08238632147082703,-0.1248264001497492,-0.025562871164551648,-0.1561811545611306,0.06624061738012178,0.09117076710610479,-0.1397484916752354,-0.012195021369541627,-0.2900333081509861,-0.058977010224295474,0.032620540426464666,-0.12924171384385166,0.058928049209937855,-0.06961480291787762,0.1117893593076452,0.17127274551146923,-0.03396836346221746,0.0929320470101289,0.07162631808495785,-0.01604300100824808,-0.039493147497518234,0.0060246167448683285,-0.12344806903050284,-0.06975392730112687,0.12264668587130763,0.0192528032647069,-0.004294189256101367,-0.02036553694911493,-0.00595005688615988,-0.07228053844929194,0.10085987339718999,-0.03274192069925677,-0.19391753841587206,0.06515983496126769
32003003427,las_vegas,47.79608815427001,30.8977331107037,-16.89835504356631,False,False,Neither hotspot,False,0.5989484846753296,-0.1734185989008675,-0.7723670835761971,High LST,Mid HI,High LST / Mid HI,438,las_vegas,Las Vegas,2024,GOOGLE/SATELLITE_EMBEDDING/V1/ANNUAL,/Users/yufeizhou/Desktop/heat-exposure-compare/outputs/pilot/alphaearth/paper_gis_figures/three_city_lstadaptive_heat_index_mismatch_GIS_READY.gpkg,las_vegas,0.18083538733226937,-0.11497374290243087,0.16526768585690196,0.07959536588449269,0.008771940274631435,-0.08328864446543534,0.0055914531851221135,-0.07268136475972016,-0.29310741723772205,-0.08450062368312489,0.11758813023638506,0.05798850766270854,-0.17226075200768481,-0.11051618338121766,-0.011393849343224299,-0.0711698675521639,0.1274492203302811,0.08000053340484374,0.2330235382190553,-0.019339001427966327,-0.014482297988726044,-0.10880924426653567,-0.16222566737190475,-0.1511397072291408,-0.1359258805905017,0.2245069103501599,-0.0901869074286041,-0.045159459633039044,0.12636197567951912,0.1221728100510349,0.07058003986530535,-0.12676577661505908,-0.023954629695315626,-0.18093651945590342,0.06503218348748391,0.06750436262246033,-0.13357882849970282,-0.012673756113807473,-0.2682909748016366,-0.017751622495306225,0.028872105075316182,-0.14566053425699785,0.07450889268324168,-0.06066599628643011,0.12756834962596197,0.16153376072963332,-0.04702957929634239,0.10076389189471187,0.062186596432515596,-0.014689987677721731,-0.03312127391333684,0.017592216023693596,-0.0939554315527637,-0.06461690933456861,0.13446991095572305,0.017279347990207646,0.0188794124908196,-0.01841510542417648,-0.01695074656191592,-0.10770770605290197,0.12000754851355028,-0.014207898155066944,-0.19036299174137894,0.05581657679125596
32003003426,las_vegas,47.63853018372707,30.8977331107037,-16.74079707302337,False,False,Neither hotspot,False,0.4799703418216414,-0.1734185989008675,-0.6533889407225089,High LST,Mid HI,High LST / Mid HI,439,las_vegas,Las Vegas,2024,GOOGLE/SATELLITE_EMBEDDING/V1/ANNUAL,/Users/yufeizhou/Desktop/heat-exposure-compare/outputs/pilot/alphaearth/paper_gis_figures/three_city_lstadaptive_heat_index_mismatch_GIS_READY.gpkg,las_vegas,0.18898021271026869,-0.11983138333020926,0.17354860697877084,0.07363122714133408,0.02624069165884531,-0.07544017529308442,-0.0004327211052223777,-0.06871268633155807,-0.306436283993881,-0.12942017907534828,0.11463686103002747,0.06967080258721099,-0.15819214305535545,-0.12078674396301273,-0.018846105732500056,-0.04937240726444351,0.1219817351534277,0.09520237554260155,0.24207166674793865,-0.017642059538873357,-0.028965646834920165,-0.08319256758353318,-0.13177050483752442,-0.1316088499732937,-0.101640939667841,0.2603052082109778,-0.08871830021306767,-0.043342965670980955,0.13409819730987557,0.10830560517268124,0.03805100874881252,-0.1106064498567222,-0.06662091470181981,-0.16429474530235005,0.10931074576898973,0.049417616952828945,-0.14605776082058122,-0.03688155395252515,-0.28273285148482763,-0.014692595160277879,0.013217893696931242,-0.15791691105090733,0.08162104237493767,-0.04222121582474145,0.14074705779942515,0.1663950740628201,-0.05875633386935025,0.1047058365111167,0.08911186834685098,-0.015088276489257877,-0.030329674075568514,-0.004546270818948215,-0.10541356412592755,-0.055226005733111025,0.1283196619198729,-0.006835383030420991,0.039570478530193916,-0.024152692285583897,-0.040306646826399076,-0.09421706390936618,0.1422180459521763,0.026329011475644128,-0.20330841125686222,0.059584457248408516
32003000301,las_vegas,47.5826785714286,31.627775852444717,-15.954902718983885,False,False,Neither hotspot,False,0.43779462018879006,0.46330497647705426,0.025510356288264202,Mid LST,Mid HI,Mid LST / Mid HI,440,las_vegas,Las Vegas,2024,GOOGLE/SATELLITE_EMBEDDING/V1/ANNUAL,/Users/yufeizhou/Desktop/heat-exposure-compare/outputs/pilot/alphaearth/paper_gis_figures/three_city_lstadaptive_heat_index_mismatch_GIS_READY.gpkg,las_vegas,0.15523640309164774,-0.16269823536654426,0.13087150846895285,0.07404258275946494,0.0033967357544366743,-0.1149613207230621,-0.02678291687036187,-0.0904667980437438,-0.27677844058412354,-0.06980824592420747,0.13675962348856419,0.06499919484508347,-0.121864452894354,-0.1499165548248138,-0.04472901809832475,-0.1091322426456533,0.15382163778369076,0.0790772171315905,0.17417388798960204,-0.03854328149905168,-0.03117101911507935,-0.07886488871809029,-0.1860310336768607,-0.14341960662100964,-0.16062121364623025,0.1774272761690111,-0.05656656811205595,-0.010061161792092975,0.10338776129947576,0.12697091449179648,0.05500059757681355,-0.13414765122235672,-0.005781725661812037,-0.19515344551986366,0.059684889299077004,0.06431573627734717,-0.1366163517104826,-0.04712927396461808,-0.24103332852288864,0.008812747943689525,0.02179961611339888,-0.1320626798030465,0.05446367624121366,-0.08082735300838947,0.12497217782335579,0.15592352369769055,-0.054746809317365426,0.0966546578236905,0.06209168118010444,-0.023791939347307403,-0.03638881668195458,0.06585758420041593,-0.10119260463316043,-0.05978760256871453,0.11849897059006058,0.02586100031578128,0.011654784365041426,-0.03676798876754088,-0.02842448985451942,-0.1459967425168802,0.12125867387969382,-0.01742211333627323,-0.1958163365031582,0.10206947197588084
32003005702,las_vegas,49.201462646718085,32.66853447054617,-16.532928176171914,True,True,Both LST and HI hotspot,False,1.6602013463948664,1.3710265529461034,-0.28917479344876296,High LST,High HI,High LST / High HI,441,las_vegas,Las Vegas,2024,GOOGLE/SATELLITE_EMBEDDING/V1/ANNUAL,/Users/yufeizhou/Desktop/heat-exposure-compare/outputs/pilot/alphaearth/paper_gis_figures/three_city_lstadaptive_heat_index_mismatch_GIS_READY.gpkg,las_vegas,0.16915770271339559,-0.007941410858772638,0.11788020849919253,0.07286412859466458,-0.0009521351111417019,-0.015429982115240336,-0.016025867846036334,0.0480520612377815,-0.2145787728112726,0.006042590063633905,0.13981328878926108,0.027444437287191575,-0.2609436752489562,-0.12217731910886016,0.1077617126543452,0.018312144162240192,0.03591815744648302,0.00621367435052074,0.25143273491589496,-0.03333929501696297,-0.010743685846860586,-0.13098376080963167,-0.23105602852506693,-0.0990378759159898,-0.14111057761422863,0.10239944801677757,-0.0368838846511779,-0.08880607517799284,0.08953205547306348,0.09423840979651599,0.07883101020365806,-0.10088328301366062,0.07861562871843092,-0.1844729678626051,-0.12056960015207545,0.0703871501238245,-0.010813008565534257,0.05243486978765298,-0.2505041276518703,-0.014941626720598369,0.15100558424246552,-0.06662685151029958,0.1314269211361578,-0.13712858140468775,0.056390156836696986,0.14641548173691057,0.020869806417185766,0.008657431914436919,-0.02038112386910364,-0.050991301758141684,-0.06839057653219191,-0.00957294274789637,0.003326509549692375,-0.1481996335402402,0.09777240074559568,0.05779724982241551,0.018864919452900756,-0.013352100792937718,0.011417512489264673,-0.016374378066710063,0.04047815821728128,-0.028398636987427166,-0.1078071301223639,0.02272597273672028
32003005501,las_vegas,49.41439275437888,32.40724132123948,-17.0071514331394,True,True,Both LST and HI hotspot,False,1.8209931405504856,1.1431337204640677,-0.6778594200864179,High LST,High HI,High LST / High HI,442,las_vegas,Las Vegas,2024,GOOGLE/SATELLITE_EMBEDDING/V1/ANNUAL,/Users/yufeizhou/Desktop/heat-exposure-compare/outputs/pilot/alphaearth/paper_gis_figures/three_city_lstadaptive_heat_index_mismatch_GIS_READY.gpkg,las_vegas,0.15993611483228767,0.08953913656331793,0.11146922487368349,0.03703238690437822,0.039296453663762436,0.056290176139553054,-0.030945558184544437,0.06676104965877093,-0.1521100288029785,-0.0085718670743514,0.11029723308107557,0.011916874590543004,-0.2491938754309629,-0.10658957047453882,0.05824753720555321,0.015674739985879645,-0.007396074574987313,0.06804585334168504,0.2286532546750667,-0.02576831105157853,-0.057342969597384386,-0.1071053727613512,-0.18326365057013277,-0.030237127662459642,-0.126221598329589,0.12902422239391134,-0.08947581129321247,-0.14128810967507313,0.15804856951329063,0.12558754311094183,0.10767414027997342,-0.09430419296908985,0.09965326775562423,-0.20848687619707607,-0.07482095304508171,0.04326224207473997,0.027517003846545502,0.0076830041638984315,-0.17696462600051555,-0.0213404859828017,0.13602496835466235,-0.08963478411838374,0.15524719247999036,-0.20622344255855726,0.11113843619777013,0.12463231082544374,0.009452946772196652,0.005701197654273078,-0.07327372585336023,-0.07522107812461234,-0.08558376462406919,-0.015504502773935528,0.09450352981803549,-0.11141322046449502,0.11174477450970308,0.09843967973392244,-0.02296494549667999,-0.07380868933160462,-0.0198553761454283,-0.015832580158130456,0.020108638455191227,0.03881030984388895,-0.06255576645019094,-0.00601322118520888
32003005902,las_vegas,45.42845684674513,28.95253780895426,-16.475919037790867,False,False,Neither hotspot,False,-1.1889418706068833,-1.8699654399591363,-0.681023569352253,Low LST,Low HI,Low LST / Low HI,443,las_vegas,Las Vegas,2024,GOOGLE/SATELLITE_EMBEDDING/V1/ANNUAL,/Users/yufeizhou/Desktop/heat-exposure-compare/outputs/pilot/alphaearth/paper_gis_figures/three_city_lstadaptive_heat_index_mismatch_GIS_READY.gpkg,las_vegas,0.1445760020805747,0.1684362696461342,0.025792065054240587,0.009739161993788614,0.09479724060675476,0.06880670261333206,-0.0010859687732209802,0.1123989782180584,-0.18106882354454712,0.015531656145315102,0.06503603918959402,0.0017712896259057492,-0.20850035365065464,-0.10800691292769904,0.042246541701525135,0.005734322218160949,-0.0008543127551072711,0.1590485676473585,0.24827253364701246,-0.07445179311725382,-0.038399078511481374,-0.12786653967805442,-0.11025068099221032,0.008832668588233105,-0.07344236290154758,0.12382512289277756,-0.10275842341495268,-0.0599728495141716,0.12061730873802914,0.09021234973949589,0.09615217802201403,0.0349278371554829,0.1571320098545434,-0.09648076632674495,0.031654913367858965,-0.015305273548627447,0.040138973313127,0.004954753628172766,-0.21243989262154409,0.00822051568386295,0.12293064921819333,-0.09004045900419061,0.11505016015056685,-0.16305679193306713,0.15378393238134583,0.13279820469216114,0.039673763965304976,0.02074607519943429,-0.10722283759927972,-0.05649620092520655,-0.06817332341770142,-0.03105167255207175,0.09052552684031567,-0.08637357848498624,0.17131496494624804,0.12171680775097232,-0.09399935642280263,-0.079464947244085,0.003483060541685405,-0.09489745956103321,-0.03171313171876253,0.0008595303242718547,-0.04607695025962328,0.03963205859352413
32003002708,las_vegas,47.30230971128613,31.968054492595165,-15.334255218690963,False,False,Neither hotspot,False,0.22607720482219637,0.760086822242178,0.5340096174199817,Mid LST,High HI,Mid LST / High HI,444,las_vegas,Las Vegas,2024,GOOGLE/SATELLITE_EMBEDDING/V1/ANNUAL,/Users/yufeizhou/Desktop/heat-exposure-compare/outputs/pilot/alphaearth/paper_gis_figures/three_city_lstadaptive_heat_index_mismatch_GIS_READY.gpkg,las_vegas,0.18380728200853563,-0.11304950343825794,0.15176965692988917,0.05945242685733411,0.00875218722247508,-0.10920815609785763,-0.01475300143273828,-0.1002113150332213,-0.29739163492045456,-0.09654991471701369,0.12498317532060157,0.07762726868289174,-0.1506077992663207,-0.13087836484620327,-0.04911824645776638,-0.09810386996792701,0.16172433588785398,0.09378739450172358,0.21076476518567283,-0.034395399985406486,-0.025357868702773526,-0.07917399220522402,-0.14839264006178104,-0.13202239034011076,-0.1536943693778013,0.20524197028641583,-0.10720464873805953,-0.049424225940039535,0.13872030215407202,0.13859607525192624,0.05968618244011141,-0.13135588990555339,-0.01954777403173468,-0.2061258874326689,0.09865531473557754,0.06150637530975715,-0.1574731945070891,-0.04066893229708919,-0.24642053862649463,-0.03895920129633731,0.003663564718789526,-0.1474805289126131,0.04656244855542177,-0.050685998632486955,0.14915109545583788,0.1552108982064093,-0.06618608907356595,0.1057721984213931,0.06947201291010562,-0.013480321028006434,-0.032443479025428996,0.028840142319572135,-0.09668225464892713,-0.05599677967207431,0.11963492625555469,0.027212823523320644,0.008659739621426698,-0.03354977565614963,-0.030431129308230293,-0.13031903932005598,0.1268409897993704,0.009150754281438533,-0.21209974238619517,0.09124347702551544
32003003410,las_vegas,46.58741017964075,30.8977331107037,-15.689677068937048,False,False,Neither hotspot,False,-0.3137711970646386,-0.1734185989008675,0.14035259816377108,Mid LST,Mid HI,Mid LST / Mid HI,445,las_vegas,Las Vegas,2024,GOOGLE/SATELLITE_EMBEDDING/V1/ANNUAL,/Users/yufeizhou/Desktop/heat-exposure-compare/outputs/pilot/alphaearth/paper_gis_figures/three_city_lstadaptive_heat_index_mismatch_GIS_READY.gpkg,las_vegas,0.1779240669340855,-0.11545585568826987,0.17951412451387425,0.04720767139884925,0.0005882701549969043,-0.09468185503289309,0.0014294556428739494,-0.08950261557484483,-0.3028095537352119,-0.12275007345330882,0.10306569292001769,0.09546187406431435,-0.15367928924469346,-0.12682405107086617,-0.029237174126902712,-0.07311479527686657,0.12780347577854045,0.10657590578772234,0.21874436998740504,-0.030755686802601646,-0.004750402655855052,-0.1113607244450898,-0.1420582339311285,-0.13142892223765554,-0.13815940833983775,0.2129445401278656,-0.10307753301191569,-0.04383353414606068,0.13638784476596388,0.11517594749245674,0.0762895889587371,-0.129257278032255,-0.03011941803786284,-0.1774903449240156,0.09864143796507713,0.0679762774122851,-0.1438370569561246,-0.025808982563514393,-0.2580865588135768,-0.04502522671627131,-0.00922639466629103,-0.15435123110189664,0.05635465332851191,-0.06111054433098505,0.1283225777819968,0.17889700300483488,-0.06617490161706459,0.10787968769845137,0.08544787782432153,-0.022419779415469184,-0.03085890785001391,0.030335411028906217,-0.11261567201252547,-0.03806065786088409,0.1220679714043772,-0.00022843350625787574,0.015205410208825019,-0.021907804282125406,-0.011293032963397297,-0.0902488177375677,0.09930615384351633,-0.028130437029161508,-0.202780161389205,0.055608103931513914
32003003223,las_vegas,44.45657988587735,29.145156873220696,-15.311423012656658,False,False,Neither hotspot,False,-1.9228439098872212,-1.7019682909248373,0.22087561896238395,Low LST,Low HI,Low LST / Low HI,446,las_vegas,Las Vegas,2024,GOOGLE/SATELLITE_EMBEDDING/V1/ANNUAL,/Users/yufeizhou/Desktop/heat-exposure-compare/outputs/pilot/alphaearth/paper_gis_figures/three_city_lstadaptive_heat_index_mismatch_GIS_READY.gpkg,las_vegas,0.1511866302782077,-0.1403656676917247,0.141503259586048,0.06900435936429798,0.03910871576446626,-0.07643276414082681,0.0029802484955508807,-0.0005534416624549523,-0.31172884796232936,-0.12623986951892366,0.08064429005847519,0.01887342195645556,-0.13090173447091485,-0.10356018282217236,0.022965329483043678,-0.02862246138812869,0.054700204389543934,0.06380777402148007,0.20750742501651673,-0.00710224494653361,-0.02591329526314444,-0.16280350951807146,-0.09551742289738331,-0.13043626489080665,-0.08837789026542164,0.1967538453750419,-0.052052611267351584,-0.06926136726660566,0.11130325279197707,0.09961597849677983,-0.005778989110122486,-0.1129394802066152,-0.013817955365338115,-0.1053299800521817,0.033725939079661836,0.0945985742185864,-0.04986312590140099,-0.02929392549868338,-0.32095853289420406,0.012375416683940193,0.04265498080207572,-0.12449169579589872,0.05703625868897662,-0.07004671012730755,0.10453141100435119,0.1773913293380805,-0.02817030389618863,0.10439239110068725,0.05278027601960634,-0.025474116485869495,-0.03922035722321541,-0.00398029402185133,-0.09676423434415433,-0.036218687354133194,0.08862296435163998,0.015805207887360832,0.005759628106125711,-0.025451139726957728,-0.0691746733000474,-0.06933905550065243,0.14561127264746485,-0.037580814202007116,-0.13357706596761104,0.07709763249384513
32003005007,las_vegas,48.552066014669954,32.08101575859078,-16.471050256079174,True,True,Both LST and HI hotspot,False,1.1698167280205787,0.8586085896011912,-0.31120813841938744,High LST,High HI,High LST / High HI,447,las_vegas,Las Vegas,2024,GOOGLE/SATELLITE_EMBEDDING/V1/ANNUAL,/Users/yufeizhou/Desktop/heat-exposure-compare/outputs/pilot/alphaearth/paper_gis_figures/three_city_lstadaptive_heat_index_mismatch_GIS_READY.gpkg,las_vegas,0.1546740536360581,-0.16270608713606605,0.16677120422774247,0.060765024172599026,-0.025343434072411464,-0.08651543832091789,0.005252151513748626,-0.042986345823722835,-0.32374793002810986,-0.1670466266081875,0.11838242505102539,0.03553441155546059,-0.1316055475115445,-0.08434435114072729,0.0057822149101826766,-0.0415996074425771,0.05035506425086077,0.05684907620125114,0.21521870875264285,-0.005400754941809214,-0.026037321747531674,-0.1286537777419356,-0.12086631894378001,-0.15714129629631313,-0.12024108828477877,0.1946574551158281,-0.06389136438058415,-0.10741558723369778,0.11646182306698456,0.12706489047667985,0.0060541510623255065,-0.1413612387854108,-0.08064317472765348,-0.11496102773533413,0.046937305010442,0.13662800928342783,-0.09084848985711494,-0.041106045143845235,-0.30270981156628046,-0.02143082205296318,0.00800722487595669,-0.11269198879210159,0.03804174130313995,-0.06796575988862592,0.09743936533139032,0.15497228231433294,-0.02580943731591529,0.1238654139103381,0.08014824301236016,-0.02491322276877647,-0.01169893431361075,-0.010363392721320643,-0.09464710898720695,-0.020828108208485307,0.07542566711212971,0.0257826596647567,-0.008431444695208849,-0.010573766153966,-0.08610300049782804,-0.034143582835176996,0.11665889444806436,-0.01724129552059715,-0.1654090022485147,0.07981382010167588
32003006204,las_vegas,47.49002765923823,30.894111814136732,-16.595915845101498,False,False,Neither hotspot,False,0.36783031798228,-0.1765769960272132,-0.5444073140094932,Mid LST,Mid HI,Mid LST / Mid HI,448,las_vegas,Las Vegas,2024,GOOGLE/SATELLITE_EMBEDDING/V1/ANNUAL,/Users/yufeizhou/Desktop/heat-exposure-compare/outputs/pilot/alphaearth/paper_gis_figures/three_city_lstadaptive_heat_index_mismatch_GIS_READY.gpkg,las_vegas,0.13486470373299939,0.04417633949072869,0.1368096643013578,0.014975208657088556,-0.007603810642695401,-0.022237693478336356,0.03166486705543703,0.042587002830311416,-0.2603055313473026,0.015603679498429347,0.0796323548789729,-0.01961963642331189,-0.24954167411975814,-0.0951677346066383,0.07731097307954937,-0.03355492825831636,0.036124066768037734,0.023472630199381058,0.23548694044818547,-0.05690755003008438,0.010589777048352527,-0.2633921696119567,-0.17913575587654482,-0.06986665850991192,-0.10283311587750364,0.13514428441227924,-0.08342079639940869,-0.09953302339454456,0.08728827040409369,0.08677073192174695,0.1249963683277443,-0.11873306558960496,0.0952415291742419,-0.1720708257083092,-0.06402026182669217,0.034529335784981616,-0.08378057695425567,0.09747413751489194,-0.2257721833569778,-0.09450842693786865,0.1775000131653948,-0.13565537450826295,0.03847821491848109,-0.11045707305240786,0.03084340830210579,0.18462047467789686,0.021676084109298787,0.008824641224458819,-0.05709020923485972,0.0066661483668146735,-0.1093236683264815,0.06289545206033303,-0.0027244662325550473,-0.08596554213762596,0.15945626116701248,0.01680924821769463,-0.022915607108172795,0.027519808303793594,0.024895791162442078,-0.024197912693636327,-0.03194232953814909,-0.0823037606650708,-0.1245523268162024,0.017436117322030674
32003005818,las_vegas,42.88135434661755,28.0092616578992,-14.87209268871835,False,False,Neither hotspot,True,-3.112357893794207,-2.6926654397374645,0.4196924540567424,Low LST,Low HI,Low LST / Low HI,449,las_vegas,Las Vegas,2024,GOOGLE/SATELLITE_EMBEDDING/V1/ANNUAL,/Users/yufeizhou/Desktop/heat-exposure-compare/outputs/pilot/alphaearth/paper_gis_figures/three_city_lstadaptive_heat_index_mismatch_GIS_READY.gpkg,las_vegas,0.1551889997033239,0.13490538786887582,-0.010658112856958097,0.02581400742432301,0.11261511891384304,0.08524479839991006,-0.006533493809959751,0.09696991615327694,-0.1563098478328719,-0.009784028256126532,0.08661317259200198,0.03273371161863218,-0.16644227350943078,-0.08073372048806997,0.06429010699990072,0.03194178136435439,0.023730640138012557,0.16762798315776253,0.2892133421220713,-0.08939267457202918,-0.025538765641923714,-0.06992724474941303,-0.026597414932898876,-0.02519115339600554,-0.10922858294217497,0.13931034031662679,-0.09670921869542803,-0.03483135856891658,0.13766310110461416,0.09852358097714992,0.06849262628517676,0.12492996428391681,0.1935753518608623,-0.04525014970345766,0.13741744974250805,-0.0063251455000986915,0.05918409402187981,-0.04073876820744598,-0.23929614066372384,0.057112842746234196,0.07012501307330724,-0.028948018974522427,0.14192350335677262,-0.1525379436274378,0.14571550354014243,0.08640546259771506,0.012882601490017116,0.05074390991132743,-0.06120748999544822,-0.11073209876719682,-0.00020464581162885184,-0.08707186349731874,0.05892196136812785,-0.009544145947420533,0.18288744782030633,0.14781338621387521,-0.10711079565038399,-0.12783951608021143,-0.048391261194664276,-0.14502952575188882,0.009885596053793456,0.03207462865076794,-0.0069677617393522845,0.072666531870699
32003004917,las_vegas,48.509115479115515,32.08101575859078,-16.428099720524735,True,True,Both LST and HI hotspot,False,1.1373831104940961,0.8586085896011912,-0.2787745208929049,High LST,High HI,High LST / High HI,450,las_vegas,Las Vegas,2024,GOOGLE/SATELLITE_EMBEDDING/V1/ANNUAL,/Users/yufeizhou/Desktop/heat-exposure-compare/outputs/pilot/alphaearth/paper_gis_figures/three_city_lstadaptive_heat_index_mismatch_GIS_READY.gpkg,las_vegas,0.1754486555989082,-0.09592633939502122,0.1735109090654544,0.051817835947185066,0.011072680748041712,-0.08400387945350266,-0.0073678311592631955,-0.08581527279546008,-0.2984542782322613,-0.0930668566436482,0.11244493190748085,0.08412674502196472,-0.16918105836317882,-0.13233328707304878,-0.025251439637966687,-0.0770925549027569,0.14000895542172304,0.11429239574147668,0.22408380152166715,-0.03529690830354331,-0.021446036111655267,-0.08578107047908864,-0.15402695096906507,-0.12723554437811194,-0.14910668623830012,0.23180395374042406,-0.12420552554807772,-0.05484377499666401,0.15250907803473013,0.13064427884607652,0.07574640637462386,-0.10361152824631402,-0.022425760013954486,-0.20889045064709602,0.10778652452884721,0.0550061563876214,-0.15445092022959125,-0.03764053990987739,-0.2555183983434619,-0.016536268871168863,0.016251989767534742,-0.1650459935110791,0.06206167681476345,-0.061668585514437775,0.14825567347299512,0.16849906809127455,-0.05722330005349509,0.11210964617672846,0.062476067906571134,-0.026116632975610492,-0.031041173668512907,0.036059782192404355,-0.08189381418865621,-0.06415028889107065,0.12060413758429328,0.021829040456375546,0.010345023766861135,-0.023601942006491933,-0.011868604384559231,-0.10265858610472998,0.10675657357562361,0.0038627543469454606,-0.199356079693412,0.055751468865636034
32003004918,las_vegas,48.49491942324006,32.08101575859078,-16.413903664649283,True,True,Both LST and HI hotspot,False,1.1266631173506954,0.8586085896011912,-0.2680545277495041,High LST,High HI,High LST / High HI,451,las_vegas,Las Vegas,2024,GOOGLE/SATELLITE_EMBEDDING/V1/ANNUAL,/Users/yufeizhou/Desktop/heat-exposure-compare/outputs/pilot/alphaearth/paper_gis_figures/three_city_lstadaptive_heat_index_mismatch_GIS_READY.gpkg,las_vegas,0.18963034391388556,-0.05618955785262734,0.19231802650404636,0.05324646487516309,0.008670582030064052,-0.06676757746155466,0.022615894788746548,-0.06514362928570432,-0.30268084113573196,-0.11659285684513365,0.09194465265313366,0.07533468852023786,-0.20058458723382583,-0.10993776425497674,-0.005721004567476145,-0.06710226287971037,0.12837635189200441,0.1035966677443684,0.24692510678335175,-0.032710478581677103,0.004496301433845235,-0.1208642698288869,-0.14826239800025257,-0.12801151518600126,-0.1331871289315608,0.2518871575498004,-0.1365104431936319,-0.0732260458986574,0.1452701430558375,0.14394937436549962,0.09461004018137226,-0.10291838473321015,-0.03285389466641312,-0.20178568212178596,0.11028146591246957,0.061246722089026054,-0.15369290337141053,-0.020868028392664367,-0.2729022954133907,-0.043921104694340025,0.04157653480954518,-0.1596459193077974,0.061153885479598026,-0.06442183981739318,0.12999897325644322,0.18958032214678064,-0.046230321396310226,0.09685875982078777,0.04739286299914666,-0.025196707555209558,-0.04876848632075975,0.024653907275778687,-0.08931859619851042,-0.06586724620507806,0.13998342756918009,0.01977632386834146,0.009266019778959049,-0.007206103761623735,-0.012208262147357082,-0.06602395306370878,0.103295450613684,-0.00511477008076171,-0.1885323962860753,0.04029698973296259
32003004919,las_vegas,48.541337121212145,32.08101575859078,-16.460321362621364,True,True,Both LST and HI hotspot,False,1.1617149238777196,0.8586085896011912,-0.30310633427652833,High LST,High HI,High LST / High HI,452,las_vegas,Las Vegas,2024,GOOGLE/SATELLITE_EMBEDDING/V1/ANNUAL,/Users/yufeizhou/Desktop/heat-exposure-compare/outputs/pilot/alphaearth/paper_gis_figures/three_city_lstadaptive_heat_index_mismatch_GIS_READY.gpkg,las_vegas,0.18465388389185847,-0.062263048559077314,0.18862737783196434,0.03458186719110284,0.005524372594075047,-0.07090883075772814,0.01932554024606804,-0.06295464097054078,-0.31499959744062195,-0.1137609397428717,0.09068972520091718,0.08978451326117302,-0.17952389861273008,-0.11421204436561992,-0.017812012405568952,-0.07519386649401665,0.13196451675275428,0.11977386159393924,0.23754647693893893,-0.02207573687357644,-0.008868367639199232,-0.12245009834739011,-0.1494135691060228,-0.11198267665811845,-0.11913438756906311,0.24676225849600333,-0.142980528623205,-0.07592821639642419,0.1636657678231468,0.12962538982208308,0.08038673050164673,-0.10474270592263343,-0.038855517671596,-0.1899956550023566,0.11083577796715272,0.0638522901473469,-0.15193827156763146,-0.032125559909029655,-0.2494567648672817,-0.05378562681663907,0.02305940807029355,-0.1735162065216593,0.05368733812337106,-0.06918017504303985,0.13791756522095783,0.18540226186596007,-0.06182088717104696,0.1099402592358104,0.049162569578589284,-0.008717604517365515,-0.05000521292865526,0.03231914437740405,-0.06950051968346825,-0.059491835604746544,0.12560668998587818,0.007138672015908875,0.018853954966591903,-0.01017578562726308,-0.008503070880896111,-0.08002652275737067,0.09329858505755358,-0.0135931311409851,-0.1899036629359763,0.05193477853802273
32003004920,las_vegas,49.194632414369295,32.08101575859078,-17.113616655778515,True,True,Both LST and HI hotspot,False,1.655043572673119,0.8586085896011912,-0.7964349830719277,High LST,High HI,High LST / High HI,453,las_vegas,Las Vegas,2024,GOOGLE/SATELLITE_EMBEDDING/V1/ANNUAL,/Users/yufeizhou/Desktop/heat-exposure-compare/outputs/pilot/alphaearth/paper_gis_figures/three_city_lstadaptive_heat_index_mismatch_GIS_READY.gpkg,las_vegas,0.1746329388249302,-0.10433423533813359,0.17123359899425777,0.05257701358547681,0.014723409418030839,-0.08240836604592798,-0.0035215867697319207,-0.06852420375981315,-0.2995224169157362,-0.10272612326738687,0.10417377105045003,0.06960176473027026,-0.1660195180762372,-0.12917068729442938,-0.024591930890153803,-0.0647020923482735,0.1281415745172913,0.10533861434798217,0.2145986459835123,-0.027884738575049615,-0.02590102931779613,-0.09986584591162688,-0.15115310018390568,-0.12269111540394642,-0.11836593000207862,0.2470465451601087,-0.11563666117051997,-0.04992999460601892,0.14707831281166073,0.12885715560933028,0.06806217269778941,-0.11125562564526362,-0.031188592999379892,-0.19317600710994762,0.10904935799018341,0.059496239573935496,-0.1523142443259474,-0.046233003793251015,-0.2536561910876603,-0.022326542145029,0.01688391537886366,-0.16817953394988927,0.05952150307386019,-0.06684542115046284,0.1392963924944434,0.16749894359605824,-0.058802594530486064,0.1125217346441153,0.05638864136956142,-0.019881042465125526,-0.029662009954332057,0.029786872954868395,-0.09591605019697078,-0.055548216553856666,0.11845751600675566,-0.00022839918539269496,0.02877398007292429,-0.02262623085252849,-0.016401912894082476,-0.0946808963702522,0.1183817171621505,0.008163372199355598,-0.19198167238147917,0.06615800286571687
32003005716,las_vegas,45.61947740112996,30.657025551711687,-14.962451849418276,False,False,Neither hotspot,True,-1.0446948310615514,-0.3833572351187698,0.6613375959427816,Low LST,Low HI,Low LST / Low HI,454,las_vegas,Las Vegas,2024,GOOGLE/SATELLITE_EMBEDDING/V1/ANNUAL,/Users/yufeizhou/Desktop/heat-exposure-compare/outputs/pilot/alphaearth/paper_gis_figures/three_city_lstadaptive_heat_index_mismatch_GIS_READY.gpkg,las_vegas,0.1527159417491317,-0.03455060223401273,0.16843694923264876,0.0591099926349956,0.08655896331291169,-0.00241622437033913,0.001881200740443504,-0.02013479604407911,-0.2516393940030657,-0.12302367068102393,0.06215445921920366,0.02849272600921539,-0.1598872915261304,-0.129247259549707,-0.01672088211838308,-0.03011639774154244,0.1155891585879149,0.12489234975097163,0.22950036712630079,-0.04784570485394837,-0.03178933770610993,-0.09130745977422758,-0.05029965582545314,-0.08882165764137366,-0.11872072049691713,0.28614183465210863,-0.14609651627978587,-0.08284633778046298,0.15551780322125391,0.14546359839834935,0.05581040398783435,-0.0005800803119688288,0.005539018303051809,-0.19369182118948752,0.20045720644092563,0.010495587148874568,-0.084015038827486,-0.07823526696529609,-0.29364318413021995,0.03711163633739255,0.04069297009562596,-0.1609085982619447,0.09001202309645187,-0.07303350132835001,0.1763341441596765,0.2205521565622858,-0.05417261739565757,0.136751320573587,0.014261366423483824,-0.0933597491051271,-0.04352116908225801,0.03671882521100486,-0.06640266818504034,-0.001216172580293092,0.16595595525119083,0.005760128220122651,0.03655541302499617,-0.05940177617777826,-0.050552368090898324,-0.10309018115531078,0.10564523895059973,0.029267488733759766,-0.11369007289032615,0.023608833276140214
32003005104,las_vegas,46.975191021967554,32.104452955425614,-14.87073806654194,False,True,HI-only hotspot,True,-0.020942822243014796,0.8790498801068993,0.8999927023499141,Mid LST,High HI,Mid LST / High HI,455,las_vegas,Las Vegas,2024,GOOGLE/SATELLITE_EMBEDDING/V1/ANNUAL,/Users/yufeizhou/Desktop/heat-exposure-compare/outputs/pilot/alphaearth/paper_gis_figures/three_city_lstadaptive_heat_index_mismatch_GIS_READY.gpkg,las_vegas,0.1802629952528972,-0.11732112444194503,0.17286314356864216,0.07127215207029468,0.03545335577274097,-0.06812983658118978,0.0005133872650861247,-0.03512674512428774,-0.3100920072954375,-0.13859435583260452,0.07793415816712462,0.04895221153905247,-0.1576074503339805,-0.11782268659853747,-0.04291725568784465,-0.05586184462510064,0.10338378553944438,0.10999349050607987,0.20704759013327548,-0.020242663762679365,-0.028459044063244458,-0.10402626986507434,-0.08622416660993579,-0.12839965230499456,-0.094321769775893,0.2637346912566302,-0.10649714567277914,-0.05755900693328665,0.14102298967360316,0.12668315974674518,0.040823925817937284,-0.0997810768830121,-0.05357952311850828,-0.16761486904499176,0.13883788043602183,0.054620576806501585,-0.10789501356168775,-0.06248322114289114,-0.255534127183639,-0.03721140087513128,-0.002838535948600609,-0.1705942494576304,0.069987525093014,-0.05192878712539079,0.13848917106973516,0.20150250229925518,-0.06499046892978845,0.11448201635865893,0.06743620882654816,-0.03778169178640093,-0.03519677667580118,0.007751313859739475,-0.09382572022081695,0.00031127091179193736,0.11353435711593275,-0.018994871681177097,0.022450260991286327,-0.021950828364993416,-0.05813786789378646,-0.06547134080285695,0.152499097220195,0.013103264792796708,-0.15307938188166695,0.050236340256621534
32003005012,las_vegas,48.95355376344089,32.08101575859078,-16.872538004850107,True,True,Both LST and HI hotspot,False,1.4729957202522377,0.8586085896011912,-0.6143871306510464,High LST,High HI,High LST / High HI,456,las_vegas,Las Vegas,2024,GOOGLE/SATELLITE_EMBEDDING/V1/ANNUAL,/Users/yufeizhou/Desktop/heat-exposure-compare/outputs/pilot/alphaearth/paper_gis_figures/three_city_lstadaptive_heat_index_mismatch_GIS_READY.gpkg,las_vegas,0.17747429415179608,-0.11464921759028456,0.16812160867669737,0.06990393992958831,0.018607001003139004,-0.08556192345528313,-0.006198232450809285,-0.07755964585405745,-0.33561364632381513,-0.0808766354822157,0.07725749357192309,0.0848013906072641,-0.15242686899904154,-0.11866192025481298,-0.053791304016644156,-0.07468839900557682,0.1264792464160382,0.08764844849944672,0.22277386442307479,-0.028119804914217214,-0.022265255500349492,-0.09333260201428098,-0.14569248090378425,-0.14723819696251433,-0.12560452907324715,0.25189370653650495,-0.10011632549602201,-0.03852904354055546,0.11772441945556135,0.10907597597607371,0.054845022110341694,-0.11397631918826087,-0.03780721181664597,-0.20230166475802008,0.1380668912331427,0.049857181765834896,-0.1461885814372332,-0.03902279360649778,-0.2663453963034344,-0.03069163729157655,0.014854111910922506,-0.15363243154791312,0.06262386420037755,-0.052895340729764595,0.14492434415489722,0.18748960751056037,-0.04988120723069438,0.11353859480795905,0.07230100877669374,-0.026042973874730962,-0.025599161969882205,0.026509249394917694,-0.08577127913713917,-0.06767776196779464,0.12188329483836476,-0.0026822893380588388,0.02837813656338071,-0.001629283761792924,-0.0247453923235426,-0.09167038756728157,0.12074494259421835,-0.0032831238417945787,-0.1999419528206127,0.049473352380400105
32003004916,las_vegas,48.84875000000003,32.08101575859078,-16.76773424140925,True,True,Both LST and HI hotspot,False,1.393854328069403,0.8586085896011912,-0.5352457384682117,High LST,High HI,High LST / High HI,457,las_vegas,Las Vegas,2024,GOOGLE/SATELLITE_EMBEDDING/V1/ANNUAL,/Users/yufeizhou/Desktop/heat-exposure-compare/outputs/pilot/alphaearth/paper_gis_figures/three_city_lstadaptive_heat_index_mismatch_GIS_READY.gpkg,las_vegas,0.17114513312168841,-0.07741311628440262,0.18327113294302247,0.05698692532788721,-0.006049339998396927,-0.09033274338519254,0.01625092821002013,-0.07077365367975898,-0.3236002489778383,-0.11249810033104035,0.11159404312756836,0.06654219278196098,-0.17112301396929588,-0.12244729737842627,-0.0095600263045622,-0.07326926958125857,0.11242565459786637,0.08961819959081399,0.23497960403562193,-0.038243764497642246,-0.014316038580262565,-0.10113847736739831,-0.1712972573690715,-0.13657385813670603,-0.1405791965861239,0.22231843408091842,-0.10023842847350546,-0.05347797544508395,0.11679456028387086,0.12808214766621065,0.08652997974994127,-0.11008133346599383,-0.021470523095475057,-0.17510643614596716,0.07348065735355308,0.06618142405167439,-0.14047963966882093,-0.02156923617632663,-0.28310969612099757,-0.05008752694790903,0.0536445481018723,-0.15158896393549656,0.0565050052181267,-0.06923097369573121,0.1283344194386522,0.1819034019657348,-0.02169853128617294,0.09240836532615918,0.06564539102812778,-0.009596525327689547,-0.039498857205905936,0.017021430493589267,-0.10694484576794919,-0.07963467087748431,0.1163174716246061,0.03099545130787987,-0.009778247536255872,-0.017008690380625576,-0.0038847654360762403,-0.08561446725631375,0.09191001516238358,-0.022732089949993903,-0.18372002941111687,0.06331849366735766
