ALAND,AWATER,COUNTYFP,FUNCSTAT,GEOID,GEOIDFQ,INTPTLAT,INTPTLON,MTFCC,NAME,NAMELSAD,STATEFP,TRACTCE,centroid_in_city,city,city_context,city_label,hi_c,intersects_city,lst_c,state_fips,state_name,analysis_ready,lst_pct,hi_pct,hi_minus_lst_pct,lst_hot,hi_hot,mismatch_class,priority_flag,q75_lst_c,q75_hi_c,q75_hi_minus_lst_pct,_ae_rowid,city_slug,alphaearth_year,alphaearth_collection,source_vector_path,source_vector_layer,A00,A01,A02,A03,A04,A05,A06,A07,A08,A09,A10,A11,A12,A13,A14,A15,A16,A17,A18,A19,A20,A21,A22,A23,A24,A25,A26,A27,A28,A29,A30,A31,A32,A33,A34,A35,A36,A37,A38,A39,A40,A41,A42,A43,A44,A45,A46,A47,A48,A49,A50,A51,A52,A53,A54,A55,A56,A57,A58,A59,A60,A61,A62,A63
246264,0,075,S,06075020602,1400000US06075020602,+37.7578121,-122.4306825,G5020,206.02,Census Tract 206.02,06,020602,True,san_francisco,Coastal / compact / bay-influenced,San Francisco,16.363990885969546,True,28.38164772727277,06,California,True,0.5531914893617021,0.5877659574468085,0.034574468085106336,False,True,HI-only hotspot,True,29.713333333333367,16.363990885969546,0.16888297872340421,0,san_francisco,2024,GOOGLE/SATELLITE_EMBEDDING/V1/ANNUAL,/Users/yufeizhou/Desktop/heat-exposure-compare/data/processed/san_francisco/san_francisco_master_lst_hi_hotcompare.gpkg,san_francisco_master_lst_hi_hotcompare,0.13355264303687336,-0.22296367933303896,0.12016211229779614,0.015055703812556038,0.07007304990021417,-0.07310249807598257,-0.09442385247351759,-0.05972674344953188,0.06400876499463475,-0.13508749282125843,0.15411622330410352,0.13984910201656117,-0.17573321686471335,-0.20575740538037748,-0.020819569755303906,-0.01675409694669722,0.18262457128287024,0.1399898343621228,-0.04779229256699152,0.05613027085333732,0.09313561776332528,0.06871244085493051,-0.04868294539351792,0.07693333032339089,-0.02169048658704369,0.26449149188930365,-0.03770475949733482,0.0346384582976126,0.13862227277538583,0.044582047230089746,0.02654858322021282,-0.048697834395927835,0.031416106304816525,-0.07815344958149947,0.11434511555240133,-0.09544115379477092,-0.20428047408522026,0.018906056558982056,-0.1175035735523824,0.0462921489676613,-0.10584581436552329,-0.22582265210786587,0.04021371696203997,-0.07269071287934795,0.14960891604928073,0.09867768219255867,-0.08193250779133228,0.11420509387121436,0.15606446070145125,0.026885127763800788,-0.045410444512074856,0.11140107421847358,-0.1667722721677583,0.1245706976702898,0.08132519385827491,-0.31602225654719157,0.18040544820411578,-0.0709073431216868,-0.010136524374108013,0.03364157533575247,0.16091812061154814,0.010907318871646829,-0.07233168888730779,-0.01920312091688957
127658592,8932931,041,S,06041131100,1400000US06041131100,+37.9207111,-122.5974613,G5020,1311,Census Tract 1311,06,131100,False,san_francisco,Coastal / compact / bay-influenced,San Francisco,15.497950415092708,True,23.4952925983691,06,California,True,0.06382978723404255,0.005319148936170213,-0.058510638297872335,False,False,Neither hotspot,False,29.713333333333367,16.363990885969546,0.16888297872340421,1,san_francisco,2024,GOOGLE/SATELLITE_EMBEDDING/V1/ANNUAL,/Users/yufeizhou/Desktop/heat-exposure-compare/data/processed/san_francisco/san_francisco_master_lst_hi_hotcompare.gpkg,san_francisco_master_lst_hi_hotcompare,0.1490537199814183,0.025259500456593132,-0.1293429762676937,-0.02745340932412824,0.03472407930558147,0.0010728701269278936,0.0031128881406348985,0.18766240512995438,0.139769085043867,-0.08139259927002965,0.018836519031527544,0.034865515079317407,-0.19482541018315608,-0.07493600633444195,0.11886387469978081,0.1000525200885016,-0.02311711739253407,0.0069051859400043195,-0.013515124794535425,0.07524606471344097,0.08349421509697548,0.08406383803227642,-0.017390370053842717,0.06880053914429442,0.11084832156336874,0.14646019073840638,-0.10040850779437245,0.016548837870769856,0.07913588503799492,0.06290631805028794,0.014907774287364494,0.07635622762640053,0.07772625830094229,0.10082714740275064,-0.04701472410638642,-0.03327377651056067,-0.04548738540849868,0.021610081772206535,-0.16947181235979175,0.08928455192645646,0.0028495416901813493,-0.0759569291954124,0.16724337302250739,-0.08091046991473409,0.0494639186254602,0.1469313997401415,-0.05369763309179418,0.007291036661306684,0.0920807785176453,-0.026537909623563994,-0.03531270340904732,-0.10209954635176033,0.08820147190565422,0.08237606327366266,-0.07305064723559551,-0.17272915638822237,0.08586188950220763,0.03855560308630311,-0.12316993360085,0.030015939628073092,0.20480885948083588,-0.08981411464272823,0.020662497247303093,0.00829143132353993
0,655490076,041,S,06041990100,1400000US06041990100,+37.9956135,-123.0361398,G5020,9901,Census Tract 9901,06,990100,False,san_francisco,Coastal / compact / bay-influenced,San Francisco,16.44582005338145,True,25.657783408312838,06,California,True,0.14361702127659576,0.9787234042553191,0.8351063829787233,False,True,HI-only hotspot,True,29.713333333333367,16.363990885969546,0.16888297872340421,2,san_francisco,2024,GOOGLE/SATELLITE_EMBEDDING/V1/ANNUAL,/Users/yufeizhou/Desktop/heat-exposure-compare/data/processed/san_francisco/san_francisco_master_lst_hi_hotcompare.gpkg,san_francisco_master_lst_hi_hotcompare,0.029483985363630213,-0.09469822481068361,-0.15220567044427916,-0.0986365743101601,0.0036159316226185745,0.053058252098506405,0.08922798156213517,0.17234976294261736,0.06033336772901625,0.03586594314289131,0.15426847268715563,-0.08482444376644147,-0.07349735878293817,-0.19510316502362418,0.09484200012932223,-0.04134468638701732,0.09364465782970513,-0.10224225132662716,0.005539190795209907,-0.0460696092286203,0.10655785670807878,0.14355223225003477,-0.058932359584932294,0.17306157597247546,-0.08719418459273312,-0.1353256433327551,0.03846908211026665,-0.22762494627970462,0.11662487987821947,-0.05539206641736683,-0.201904076491381,0.30928843277102114,0.1261845925249929,-0.08535590491485665,-0.10893872208817693,0.020777222396285086,0.18077802078451827,-0.0038294255141699757,-0.05711882056711349,0.06542678245643924,-0.0417591879447846,-0.27112137891480226,0.19102583888417995,0.052507286099735886,0.005928557154489786,0.1697514377493639,-0.19707648827906138,0.07694200242802798,-0.06826032241028632,-0.012038816463241947,0.012898871135569026,0.12414831247741244,-0.10599848521622256,-0.03965706159438061,-0.031838988604783174,-0.08335401280595214,-0.07922564211312279,0.08680621093308868,0.014100509991161442,-0.048984672035378124,0.09737305565737031,-0.21669863523754102,0.013199988159354576,0.3106759709881236
403597,0,081,S,06081600402,1400000US06081600402,+37.7051376,-122.4529104,G5020,6004.02,Census Tract 6004.02,06,600402,False,san_francisco,Coastal / compact / bay-influenced,San Francisco,15.636442977794673,True,28.606264614650463,06,California,True,0.6117021276595744,0.09840425531914894,-0.5132978723404255,False,False,Neither hotspot,False,29.713333333333367,16.363990885969546,0.16888297872340421,3,san_francisco,2024,GOOGLE/SATELLITE_EMBEDDING/V1/ANNUAL,/Users/yufeizhou/Desktop/heat-exposure-compare/data/processed/san_francisco/san_francisco_master_lst_hi_hotcompare.gpkg,san_francisco_master_lst_hi_hotcompare,0.07417932372423743,-0.25974376228126667,0.034805309959925756,0.07600596943873912,0.10460354659834017,-0.08437537453708839,-0.1095483085241751,-0.017497622679766373,-0.020207671659525143,0.006283039300129394,0.12935561800008713,0.04242766669591059,-0.13872081122327903,-0.238603675671261,-0.057034148682698516,-0.06569137549714195,0.19110627442357472,0.12121476399768093,-0.08557061091871415,0.008759394379330999,0.07651271835298167,0.0286258832162443,-0.12858024252491052,0.021847508343752837,0.0069213964613827035,0.28504766050811237,-0.015131925995729927,0.10918672737033097,0.07859315504494561,0.029616299515199552,-0.05790993910336934,-0.05237769762765044,0.046860882677323634,-0.14183363426249265,0.1154786860835309,-0.09547774778559512,-0.12219749030903533,0.01170150984421511,-0.143190694213745,0.15262430304500937,0.013652161961336463,-0.26011542348700445,0.03151841890417998,-0.06369131625423534,0.17072426219757136,0.09271836580155043,-0.04210008035301795,0.09985431940851758,0.16733593851285578,-0.0067019836021690584,-0.041353834627353904,0.17844964087856063,-0.05912317945571731,0.11028493814188181,0.04002557300336752,-0.28752217633546856,0.24380989793088356,-0.0534577752115694,-0.044852875201844465,-0.024128021200750603,0.19006031019779496,-0.01788984566172227,-0.012780923356146456,0.008784986739268212
519966,0,081,S,06081600401,1400000US06081600401,+37.7054527,-122.4443647,G5020,6004.01,Census Tract 6004.01,06,600401,False,san_francisco,Coastal / compact / bay-influenced,San Francisco,15.636442977794673,True,27.73745492903725,06,California,True,0.3829787234042553,0.09840425531914894,-0.2845744680851064,False,False,Neither hotspot,False,29.713333333333367,16.363990885969546,0.16888297872340421,4,san_francisco,2024,GOOGLE/SATELLITE_EMBEDDING/V1/ANNUAL,/Users/yufeizhou/Desktop/heat-exposure-compare/data/processed/san_francisco/san_francisco_master_lst_hi_hotcompare.gpkg,san_francisco_master_lst_hi_hotcompare,0.10139867041183577,-0.22665699988242638,0.03270870012480494,0.08054906792495226,0.08667551689550862,-0.07011337370597104,-0.05271500925974268,0.02350688044806825,0.03739067406988521,-0.062303735171695476,0.11674050889361554,0.023144572613848637,-0.203655408754213,-0.22156476404735315,0.0028528646760215886,-0.04767056117994847,0.13688638009311976,0.09070871160560318,-0.11755849312799556,0.029250730945217823,0.0837882978282145,0.02377842423567718,-0.11242289247848859,0.01820911570849837,0.03313320870475453,0.2939119375526491,-0.05007569131217753,0.06526276266778927,0.1311464663882116,0.06473057884209629,-0.03118073213688599,-0.024901011205468577,0.05453576132430536,-0.03247611986869729,0.09494195664866922,-0.04120855695024434,-0.059863939631823404,0.011275230491693716,-0.1616783195391321,0.12542245559865423,0.01703746426617039,-0.24179040986510697,0.0531472848203543,-0.054423804885253974,0.1562287286049195,0.08553773435548279,-0.06584398729256692,0.10722885922964098,0.12419428119090936,-0.006572415408081316,-0.05613745620668481,0.14101106649694062,-0.04836049256794578,0.1350412604986726,0.006163098257344497,-0.2906505397715232,0.22566161054644981,-0.04728184458538466,-0.06227168480084509,0.016335270140651198,0.19372296969734362,-0.04470571741751879,-0.005874524720119299,0.03743619870191112
294894,0,075,S,06075017102,1400000US06075017102,+37.7654353,-122.4504754,G5020,171.02,Census Tract 171.02,06,017102,True,san_francisco,Coastal / compact / bay-influenced,San Francisco,16.363990885969546,True,26.69611111111116,06,California,True,0.22872340425531915,0.5877659574468085,0.35904255319148937,False,True,HI-only hotspot,True,29.713333333333367,16.363990885969546,0.16888297872340421,5,san_francisco,2024,GOOGLE/SATELLITE_EMBEDDING/V1/ANNUAL,/Users/yufeizhou/Desktop/heat-exposure-compare/data/processed/san_francisco/san_francisco_master_lst_hi_hotcompare.gpkg,san_francisco_master_lst_hi_hotcompare,0.09214212215989376,-0.2157399992031097,0.2163433462261813,-0.016943293513253015,0.015900459669508028,-0.13968613076216468,-0.07354857638003975,-0.04206929555795375,0.021201116031202005,-0.10574586970807388,0.11299365188830099,0.18659311821540916,-0.06524743647747987,-0.14275640561432115,-0.04485451567445499,0.03189425776569854,0.1252310741211472,0.17233310874691538,0.010387786879816353,-0.06264681403135215,0.11771850252489219,0.14631881702464608,-0.012035015537616057,0.16489745362140487,-0.048910225064590335,0.13342937917211084,-0.07350333936506866,0.026839833575957223,0.17711769935193195,-0.00937079084244903,0.011973373030239872,-0.0656729788781748,0.01083747231128584,-0.126743800351149,0.058247146220121664,-0.14050536895448687,-0.18794255685119465,0.07656869000635896,-0.09607699249999112,-0.053265647934065706,-0.12715364609530055,-0.2318041222873613,-0.01588147043520324,-0.12212780247221029,0.1483999237965939,0.1706716140168722,-0.08768897749611548,0.1428997020228994,0.22425092036675837,0.027626481330267735,-0.07295785140003264,0.17916970214596,-0.20172071307881886,0.06273537299714443,0.03792470858421233,-0.31656372683179207,0.12455143101204448,-0.12270767113936032,0.037160109892784884,0.010693853475687076,0.10816789347296028,0.030528661688094812,0.023752215455560194,-0.07500926363739654
92653,0,075,S,06075012302,1400000US06075012302,+37.7870222,-122.4120970,G5020,123.02,Census Tract 123.02,06,012302,True,san_francisco,Coastal / compact / bay-influenced,San Francisco,16.363990885969546,True,29.77448275862074,06,California,True,0.776595744680851,0.5877659574468085,-0.18882978723404253,True,True,Both LST and HI hotspot,False,29.713333333333367,16.363990885969546,0.16888297872340421,6,san_francisco,2024,GOOGLE/SATELLITE_EMBEDDING/V1/ANNUAL,/Users/yufeizhou/Desktop/heat-exposure-compare/data/processed/san_francisco/san_francisco_master_lst_hi_hotcompare.gpkg,san_francisco_master_lst_hi_hotcompare,0.07716023306051123,-0.19090333341626034,0.1562593304729267,-0.062099985062567954,0.021028131971969642,-0.20930271012601337,-0.005472276912721369,-0.0052848222204558105,-0.08654325321922848,-0.014189483361086717,0.1264399668205792,0.23283574901347023,-0.002231067366005478,-0.08178401390590852,-0.12948357809978556,-0.07395711426091295,0.21840938334847748,0.11540737606507302,0.0016495484075257335,-0.01634219632868723,0.1432627215753654,0.0925812587585469,-0.03477990314196456,0.08615465799008921,0.032024157492221664,-0.02727357281347606,-0.04494265751146914,0.12210990361197117,0.10466666000475087,-0.022517566558024782,0.08989263604168707,-0.03381283566349245,-0.0021073609894714422,-0.18387000771331127,0.008201601313366067,-0.14540930290982945,-0.34737413702095554,-0.0003691633925753543,-0.026008735692159418,-0.09355460785314011,-0.06582992156072254,-0.2056271708126905,0.014658344963499334,-0.184320145275573,0.04703191781472815,0.21596955425542405,-0.09929657389579558,0.08435879481203588,0.16661977885250354,0.07870096162181187,-0.14503977113438948,0.21542325027442535,-0.1885093070721139,0.03063158294484205,0.08687442366181039,-0.23288888325939006,0.04082366124783548,-0.1326583347061014,0.10279048402033641,-0.12817670917161328,0.06562494063762071,-0.026534706705949568,-0.02806195549515347,0.009345774247260498
226534,0,075,S,06075016801,1400000US06075016801,+37.7713309,-122.4290133,G5020,168.01,Census Tract 168.01,06,016801,True,san_francisco,Coastal / compact / bay-influenced,San Francisco,16.363990885969546,True,28.535000000000025,06,California,True,0.5851063829787234,0.5877659574468085,0.0026595744680850686,False,True,HI-only hotspot,True,29.713333333333367,16.363990885969546,0.16888297872340421,7,san_francisco,2024,GOOGLE/SATELLITE_EMBEDDING/V1/ANNUAL,/Users/yufeizhou/Desktop/heat-exposure-compare/data/processed/san_francisco/san_francisco_master_lst_hi_hotcompare.gpkg,san_francisco_master_lst_hi_hotcompare,0.08022714082758528,-0.22006063525013933,0.21973659559566117,-0.0466895802500998,0.015441143282280979,-0.17826970920259558,-0.07318944364516784,-0.0476204173609202,-0.03472071828529274,-0.04750475058696356,0.11068501953113771,0.2190051013304084,-0.030779760689975615,-0.13155651654732445,-0.08909504712157143,-0.036128479623572976,0.1648162495868949,0.16788301419449647,0.011168542929288528,-0.04544582765283287,0.13865072809357645,0.14608635039628576,-0.03335920662989241,0.11706263080630058,-0.028229497811426318,0.0589711562551303,-0.05417235979420358,0.09888511211887326,0.12043982564056109,0.0042148610078680555,0.07326524322828269,-0.07144107582258859,0.012194985980604613,-0.18134828551746648,0.021643058321725063,-0.13854246684248037,-0.27728519896430026,0.038049180866195936,-0.058696724392911924,-0.030087792409196488,-0.09879997810438354,-0.19302188404678985,-0.017739624350550202,-0.17567484216350698,0.09001273181940754,0.17444344199315992,-0.07342388746561856,0.1045780000338073,0.21483533813978267,0.06203394858188777,-0.09408565938195358,0.22216408242184024,-0.20809212726592752,0.015452259382379707,0.06765792037401293,-0.2742806888873813,0.07910074994270991,-0.12487474088866428,0.050609933771077066,-0.036603745722546516,0.09032353569225252,-0.004498423418049525,-0.024860095004480116,-0.04944180981757727
93053,0,075,S,06075011902,1400000US06075011902,+37.7909959,-122.4098067,G5020,119.02,Census Tract 119.02,06,011902,True,san_francisco,Coastal / compact / bay-influenced,San Francisco,16.363990885969546,True,29.80666666666673,06,California,True,0.7978723404255319,0.5877659574468085,-0.21010638297872342,True,True,Both LST and HI hotspot,False,29.713333333333367,16.363990885969546,0.16888297872340421,8,san_francisco,2024,GOOGLE/SATELLITE_EMBEDDING/V1/ANNUAL,/Users/yufeizhou/Desktop/heat-exposure-compare/data/processed/san_francisco/san_francisco_master_lst_hi_hotcompare.gpkg,san_francisco_master_lst_hi_hotcompare,0.07915321695787117,-0.1952746400461297,0.18979617826932854,-0.04175994611886059,0.01519977436308934,-0.1970814349052988,-0.03440893546179873,-0.010874706226016048,-0.0795526295330146,-0.030365656041692956,0.12082051553153636,0.23534667435013498,-0.004560956901079094,-0.09593297312908576,-0.12746270114260433,-0.06297425723467406,0.20373850022651788,0.1207810084641484,0.00273936578659072,-0.015493401188861621,0.14624457452506123,0.09842532324985201,-0.03828533365015492,0.09121282327263974,0.010530511294899398,-0.010040617318356948,-0.052394410429569174,0.12001634477199698,0.10799544452186768,-0.022919895309492958,0.09854065537289118,-0.05476192480377534,0.006266865914054925,-0.18936338703419067,0.008772077283500416,-0.12991633517596946,-0.3284878667400399,0.0015244941631718694,-0.05754477014865858,-0.06411898282192985,-0.07945434285483119,-0.18708153638576008,0.007905782378961744,-0.18791063252628679,0.05833712427673973,0.21638456532646622,-0.08665003691073721,0.08351973391899588,0.18067141452557264,0.07440180753961159,-0.13953626589163526,0.22923297259803185,-0.18488419807279177,0.01909599859675197,0.07372478737548464,-0.2476981027799369,0.05813437935374081,-0.13421405446919465,0.0789266430212841,-0.1003545974838589,0.07075319542836554,-0.024008446385802202,-0.03448692543396941,-0.02942609004481298
94685,0,075,S,06075012202,1400000US06075012202,+37.7854270,-122.4196803,G5020,122.02,Census Tract 122.02,06,012202,True,san_francisco,Coastal / compact / bay-influenced,San Francisco,16.363990885969546,True,29.713333333333367,06,California,True,0.7526595744680851,0.5877659574468085,-0.16489361702127658,True,True,Both LST and HI hotspot,False,29.713333333333367,16.363990885969546,0.16888297872340421,9,san_francisco,2024,GOOGLE/SATELLITE_EMBEDDING/V1/ANNUAL,/Users/yufeizhou/Desktop/heat-exposure-compare/data/processed/san_francisco/san_francisco_master_lst_hi_hotcompare.gpkg,san_francisco_master_lst_hi_hotcompare,0.07800996087362407,-0.19556618509783064,0.16715058439903768,-0.06417661999518283,0.027098670491766105,-0.20711482011251353,-0.01681525115363184,-0.025221873363093443,-0.07734736710744558,-0.02147268218164404,0.12005820626298268,0.23503937954263474,0.003191434929781323,-0.10467885420765623,-0.11262796341946031,-0.07266655004104311,0.209170997049441,0.12100880887833473,0.004328803391576657,-0.01445735013390647,0.13247630040303038,0.10370737125832376,-0.049053892358821446,0.09127787680652794,0.014665113316895895,-0.013929137632923793,-0.04717674723798499,0.10891114857655963,0.12068335558983018,-0.027515872889328462,0.09255875474391598,-0.030794289174175708,0.0042562543631735235,-0.19109473929605889,0.023602844745474846,-0.12514046154119374,-0.3384965207128789,-0.005040885020868538,-0.02726135733102179,-0.07853987875734933,-0.07561557616243116,-0.20582597594896038,0.006887761256568338,-0.19076016664271228,0.054140076068503566,0.20315826781874355,-0.10134441279268834,0.08349162129330623,0.16587695881134126,0.07847739074329575,-0.13664973524463173,0.22091195734170802,-0.19353305243922458,0.038378839302141456,0.07330847737483648,-0.2409670973635085,0.04868385244865865,-0.13922952238062994,0.08898334875839825,-0.128304660605929,0.06299861163741532,-0.02445649706559414,-0.041883459138104456,0.0076949356146019075
170458,0,075,S,06075012601,1400000US06075012601,+37.8022683,-122.4391509,G5020,126.01,Census Tract 126.01,06,012601,True,san_francisco,Coastal / compact / bay-influenced,San Francisco,16.363990885969546,True,23.43169590643277,06,California,True,0.05851063829787234,0.5877659574468085,0.5292553191489362,False,True,HI-only hotspot,True,29.713333333333367,16.363990885969546,0.16888297872340421,10,san_francisco,2024,GOOGLE/SATELLITE_EMBEDDING/V1/ANNUAL,/Users/yufeizhou/Desktop/heat-exposure-compare/data/processed/san_francisco/san_francisco_master_lst_hi_hotcompare.gpkg,san_francisco_master_lst_hi_hotcompare,0.06317696937236417,-0.23631860620893871,0.20543842099913376,-0.043756423171436014,0.03359399199367817,-0.13721750781835274,-0.09646312465739723,-0.06039680109129897,-0.0372832425174583,-0.01620068636162712,0.10938864289848262,0.15790301891253744,-0.03517279737059082,-0.14767243524237275,-0.07043302717092394,-0.04662828634367767,0.1723095545490419,0.16517775164886342,0.008005558817308734,-0.04726704374891951,0.11952775719862478,0.1359747672532041,-0.03615670875992474,0.12462235841690308,-0.032434077979479045,0.10631605395423356,-0.049008902482399606,0.08666969520920859,0.11580458059000197,-0.01213325450420064,0.047751583984311084,-0.09494294462062292,0.05926467329273205,-0.22217026951710453,0.02433621715018732,-0.14007733932544217,-0.22958038740221676,0.0804473484479538,-0.08584665062605616,0.013081454507328007,-0.10066118528852232,-0.2124598280572848,-0.022465892971414974,-0.15862444009157972,0.12222671520088538,0.16232292235724735,-0.048590710011971815,0.09175047678151282,0.2536774620335082,0.06305289600734663,-0.0896264437618945,0.2476159089515267,-0.17083511288153638,0.019171293189158636,0.06586476262618234,-0.26208449796133754,0.10961582085035114,-0.1292995209859546,0.05255789459089669,-0.03965909937834528,0.10581780750330842,-0.01399656944088321,0.0006752912737918252,-0.0796242314077577
609462,537823,075,S,06075012602,1400000US06075012602,+37.8062885,-122.4348613,G5020,126.02,Census Tract 126.02,06,012602,True,san_francisco,Coastal / compact / bay-influenced,San Francisco,16.363990885969546,True,23.568279569892496,06,California,True,0.07446808510638298,0.5877659574468085,0.5132978723404256,False,True,HI-only hotspot,True,29.713333333333367,16.363990885969546,0.16888297872340421,11,san_francisco,2024,GOOGLE/SATELLITE_EMBEDDING/V1/ANNUAL,/Users/yufeizhou/Desktop/heat-exposure-compare/data/processed/san_francisco/san_francisco_master_lst_hi_hotcompare.gpkg,san_francisco_master_lst_hi_hotcompare,0.029733955853483315,-0.22987266236034348,0.03248104430568996,-0.028029349731076902,0.026314891362578773,-0.02039489676010817,-0.0035922214630827527,0.06215187264795136,0.0355439851152692,-0.02096568189995733,0.13438294897617575,-0.018329380045285705,-0.08626520950459857,-0.21305700748651374,0.041250090803911996,-0.025368503000883683,0.1004772744401017,0.0343500685844954,-0.06446089541994283,-0.026833504915214853,0.11279926011510155,0.11255472212968484,-0.08212529180270071,0.13753964734479185,-0.07233662339128956,0.03969494533505527,-0.021768387165659393,-0.04487217577412707,0.15639766327502053,-0.014488904125910118,-0.06874781585957528,0.05660950520206492,0.08679236221452562,-0.1234060772556755,-0.04507120764460997,0.005318648892256356,-0.0061246898048906255,-0.008141025481049197,-0.14542611199396066,0.10081193491622495,-0.0701722276730494,-0.2223691182227739,0.06539918721339302,-0.05859135636663257,0.08890046407268447,0.16092276468838804,-0.08774638491797114,0.08744780260571824,0.047051381498699904,0.0004970919326390178,-0.08408879793746234,0.1971814053250634,-0.16804894934575448,0.03952132877350356,-0.014316053856248607,-0.20002129510514008,0.06103770484146261,0.003886830873153957,0.03619393423444125,0.020782005721476156,0.08574123272143891,-0.15528505614844984,0.03624798834683082,0.10124945025019057
352884,0,075,S,06075012902,1400000US06075012902,+37.8006183,-122.4321105,G5020,129.02,Census Tract 129.02,06,012902,True,san_francisco,Coastal / compact / bay-influenced,San Francisco,16.363990885969546,True,25.752701149425317,06,California,True,0.14893617021276595,0.5877659574468085,0.43882978723404253,False,True,HI-only hotspot,True,29.713333333333367,16.363990885969546,0.16888297872340421,12,san_francisco,2024,GOOGLE/SATELLITE_EMBEDDING/V1/ANNUAL,/Users/yufeizhou/Desktop/heat-exposure-compare/data/processed/san_francisco/san_francisco_master_lst_hi_hotcompare.gpkg,san_francisco_master_lst_hi_hotcompare,0.05735249734543212,-0.23609563114234877,0.2046648004629668,-0.03684511745676903,0.008618045546825026,-0.14104552843597148,-0.07722666536935466,-0.046532679516442965,-0.008287301169574535,-0.053613851726234035,0.11651006642966637,0.16236031020285158,-0.03471864596950591,-0.14846774877634691,-0.04420944458685384,-0.014038842506743834,0.13932016169920244,0.15434388543372435,-0.011202899504942824,-0.06834602139221345,0.12537062174957742,0.12291282113457846,-0.03035867720770966,0.14584672457887296,-0.04026916742225518,0.07185255660750459,-0.04775455645450418,0.06217561847672785,0.1319639803057156,-0.002029788066379816,0.0419754854656761,-0.07729121291398415,0.04670308361701482,-0.19641860688046256,-0.005793161787572552,-0.10334076482954271,-0.2060558715539946,0.06443771012014349,-0.10632250641019032,0.0034535520647183808,-0.09352263445237126,-0.20229281628264112,-0.035597609432100816,-0.16528599312471942,0.12577431551614987,0.16423823819586042,-0.04990240479736266,0.09280875258281153,0.22384970955807446,0.06063149537695681,-0.10112330178760708,0.23930684724665602,-0.19667461639212983,0.02835386396779914,0.04245850732557316,-0.26408078255971645,0.09833096894101367,-0.1307636996057988,0.04985336260512952,-0.014889079312995221,0.09374037276466969,-0.02536204853249315,0.017495262237892384,-0.05906339756118094
173031,0,075,S,06075013101,1400000US06075013101,+37.7937795,-122.4247496,G5020,131.01,Census Tract 131.01,06,013101,True,san_francisco,Coastal / compact / bay-influenced,San Francisco,16.363990885969546,True,28.336461988304123,06,California,True,0.526595744680851,0.5877659574468085,0.061170212765957466,False,True,HI-only hotspot,True,29.713333333333367,16.363990885969546,0.16888297872340421,13,san_francisco,2024,GOOGLE/SATELLITE_EMBEDDING/V1/ANNUAL,/Users/yufeizhou/Desktop/heat-exposure-compare/data/processed/san_francisco/san_francisco_master_lst_hi_hotcompare.gpkg,san_francisco_master_lst_hi_hotcompare,0.06442103301686904,-0.2161991507657529,0.17043068185479784,-0.03632223947830321,0.018326006172487967,-0.1836611118879152,-0.07262501655501823,-0.06203217394246324,-0.03311967802742716,-0.03789021152420136,0.14041407811959333,0.2180195549087404,-0.007027835166455015,-0.11690653000186553,-0.10820628849668354,-0.04254045231204414,0.19258873215381123,0.1408599699357193,-0.010278017073573278,-0.009361874503248513,0.13705074184769545,0.10099816880977763,-0.0030001505604397845,0.12039985702000229,-0.0231369098064635,0.04453297450826297,-0.03432604421975116,0.08646656604202327,0.08872605496186131,0.005627448060712924,0.07498993478226573,-0.05804398908338059,0.048511235620340085,-0.20386802263169476,0.007255006476638398,-0.1563776175229307,-0.3052512272155291,0.03808685141806951,-0.048058215249615836,-0.010564053846691792,-0.09821153401286399,-0.2025461290429148,-0.007650736732516809,-0.19591747533479903,0.07299428476882423,0.18444728131119892,-0.05892793876323249,0.09828796743386409,0.22572363238638335,0.05709839766732406,-0.11977504275125082,0.2169931707506756,-0.2041500675770296,0.039602174257275524,0.10526073889384326,-0.2529102450437837,0.06774464537206669,-0.12930428220469722,0.06970209038947309,-0.09741234140405812,0.08783690394943787,-0.0058008220366135375,0.005117661151242752,-0.04402285805383543
237884,0,075,S,06075013102,1400000US06075013102,+37.7926200,-122.4274313,G5020,131.02,Census Tract 131.02,06,013102,True,san_francisco,Coastal / compact / bay-influenced,San Francisco,16.363990885969546,True,28.580151515151545,06,California,True,0.5957446808510638,0.5877659574468085,-0.007978723404255317,False,True,HI-only hotspot,True,29.713333333333367,16.363990885969546,0.16888297872340421,14,san_francisco,2024,GOOGLE/SATELLITE_EMBEDDING/V1/ANNUAL,/Users/yufeizhou/Desktop/heat-exposure-compare/data/processed/san_francisco/san_francisco_master_lst_hi_hotcompare.gpkg,san_francisco_master_lst_hi_hotcompare,0.07067522975234812,-0.23515951139263946,0.2132971397688107,0.011297785089203304,0.03230160523942471,-0.1284931502021349,-0.07181235412285693,-0.030975534901870574,0.019142433002933987,-0.09147627093800138,0.12601189927661252,0.1705625061283499,-0.06813158688099245,-0.1314047856757177,-0.0455115293238182,-0.013352074111829216,0.12712437896973341,0.15719941711259852,-0.021546714256940182,0.012428261792774538,0.11563375273238134,0.0833731484265645,0.009333733388691142,0.1217400266208712,-0.023001888997615846,0.1255036993569199,-0.0467995506772096,0.03649819234301312,0.12169860291721457,0.010618937768615189,0.043146372301260213,-0.05799518135357844,0.018696915143420936,-0.11771735138462242,0.014492245883083192,-0.10976474829137374,-0.2150389454002792,0.04139129221839041,-0.09763874827974449,-0.01432148590885894,-0.09123470026134785,-0.19759773194431185,-0.017675736178297315,-0.1548661790685459,0.10848906223820899,0.17276319288124645,-0.059555994839557334,0.1066933633469664,0.20245184736478783,0.05699204036375443,-0.11787247454779144,0.1957235597635573,-0.20706241035401232,0.07827797663031802,0.10295563848257266,-0.2811787881825883,0.08260668529419224,-0.09591858737053593,0.0511524159606968,-0.02650625119700418,0.10769935763455744,-0.02613472137604703,0.024034506116764973,-0.07024440179179584
343934,0,075,S,06075015801,1400000US06075015801,+37.7813045,-122.4373585,G5020,158.01,Census Tract 158.01,06,015801,True,san_francisco,Coastal / compact / bay-influenced,San Francisco,16.363990885969546,True,28.3133639143731,06,California,True,0.5212765957446809,0.5877659574468085,0.0664893617021276,False,True,HI-only hotspot,True,29.713333333333367,16.363990885969546,0.16888297872340421,15,san_francisco,2024,GOOGLE/SATELLITE_EMBEDDING/V1/ANNUAL,/Users/yufeizhou/Desktop/heat-exposure-compare/data/processed/san_francisco/san_francisco_master_lst_hi_hotcompare.gpkg,san_francisco_master_lst_hi_hotcompare,0.06836976498267604,-0.24641495396356913,0.2070185385172618,-0.00796805569966862,0.013697092974330218,-0.14370367212385995,-0.09903286895195017,-0.05404884514483978,-0.010040333831304257,-0.07401337916724303,0.13412105182886783,0.19286784010730063,-0.04929845674434631,-0.140330018318506,-0.07138509793195448,0.0017988889432773067,0.13561496871606288,0.15454896449855052,-0.005681683451314128,-0.036818614175841334,0.12253582341365991,0.11749016078667639,-0.011334556567009999,0.12408901423009687,-0.052111162006798266,0.11661170700761467,-0.035470434602498484,0.06627888469592501,0.1145421295682096,0.0018167097705740535,0.04248812193070587,-0.08452402430440747,0.025258081464672136,-0.17400421242277864,0.027432818145579727,-0.13425708323252578,-0.23680142923936232,0.04889605670129829,-0.08957757304568899,0.001045125165928758,-0.11414079173692633,-0.1981008428626081,-0.01845838476384989,-0.14535894347235556,0.11478697015497559,0.17136784499526916,-0.054507427179850486,0.11049887964888892,0.22191739105088848,0.02946008743356176,-0.08971765869779555,0.20879854807434914,-0.21880336378465057,0.039532273393753134,0.0717757735746523,-0.29564030915253847,0.1019076042931587,-0.09778189365465499,0.04964566256603347,-0.011258157461767533,0.09346755154117549,0.0019839707093224543,0.004898827513508411,-0.08252403994466204
522957,0,081,S,06081600701,1400000US06081600701,+37.7063622,-122.4625596,G5020,6007.01,Census Tract 6007.01,06,600701,False,san_francisco,Coastal / compact / bay-influenced,San Francisco,15.636442977794673,True,27.67475869809206,06,California,True,0.3617021276595745,0.09840425531914894,-0.26329787234042556,False,False,Neither hotspot,False,29.713333333333367,16.363990885969546,0.16888297872340421,16,san_francisco,2024,GOOGLE/SATELLITE_EMBEDDING/V1/ANNUAL,/Users/yufeizhou/Desktop/heat-exposure-compare/data/processed/san_francisco/san_francisco_master_lst_hi_hotcompare.gpkg,san_francisco_master_lst_hi_hotcompare,0.10731524383162225,-0.268510197073202,0.0356272292769897,0.034148347570697866,0.07363754949128137,-0.11105282881926218,-0.050780511442806625,-0.05807467699040823,-0.006250566837500039,0.0028141367662136065,0.12149314982321421,0.045243372112258574,-0.1527360133887781,-0.2209653622990593,-0.07350524102544706,-0.12208952664527029,0.1793480455629983,0.11256843724496049,-0.06061501885239294,0.018399613419378315,0.10823331624703263,0.07477831652180249,-0.17513727622297487,0.012449682732806723,-0.03127897660565112,0.23148806218150264,0.010379088793934881,0.09939735529524359,0.0738925498425616,0.032524748564554624,0.01234595391344922,-0.09721829128772314,0.0005384859452427554,-0.15517014843200735,0.10854777750750323,-0.04946374094452516,-0.17935854930586267,-0.0028178409947446624,-0.09090261931635935,0.13887639866074722,-0.02527133612557857,-0.21174538955806985,0.0005592844746775049,-0.08909551948332584,0.13156223379143595,0.05216968433155942,-0.08145317711260532,0.055003806355464806,0.09984100506906211,0.007489488709910088,-0.07114725231566804,0.19044999440970242,-0.08258224426666422,0.07788742149490459,0.046079843833754026,-0.2813810941592912,0.19122707430328947,-0.02772738130200729,-0.05569846900421599,-0.017787607868867746,0.19867732787094372,-0.010803953123623913,-0.1005414162202451,0.07470879583355872
215267,0,075,S,06075016802,1400000US06075016802,+37.7735446,-122.4249292,G5020,168.02,Census Tract 168.02,06,016802,True,san_francisco,Coastal / compact / bay-influenced,San Francisco,16.363990885969546,True,29.090761904761926,06,California,True,0.6861702127659575,0.5877659574468085,-0.09840425531914898,False,True,HI-only hotspot,True,29.713333333333367,16.363990885969546,0.16888297872340421,17,san_francisco,2024,GOOGLE/SATELLITE_EMBEDDING/V1/ANNUAL,/Users/yufeizhou/Desktop/heat-exposure-compare/data/processed/san_francisco/san_francisco_master_lst_hi_hotcompare.gpkg,san_francisco_master_lst_hi_hotcompare,0.08647796884720163,-0.2216103950934196,0.1893129041612999,-0.04071330914680677,0.017468130609764362,-0.17993803346075077,-0.06491186310759292,-0.061092817012803224,-0.041102153409755364,-0.04269751992060189,0.12661933808584366,0.21799359488937647,-0.02910477062914002,-0.1307866617266322,-0.09986734753691852,-0.044966472372443625,0.1760978392261597,0.1481162988184792,0.0026485825219289562,-0.021955693884306928,0.1249454386759887,0.12756630247117062,-0.023886039695096933,0.11105256728137036,-0.024673966566829124,0.06925454092917335,-0.04004584229872061,0.09357281527704997,0.11764221673794122,0.008183106780005353,0.07022107371160714,-0.06474631488197191,0.024201495791557642,-0.18769749830217292,0.03593464489409875,-0.13799150775759814,-0.28745325676671196,0.03053534172871001,-0.052987421775272936,-0.03188651054898396,-0.10572864053661338,-0.204835003765635,-0.016084082233863362,-0.16730300702511794,0.09132893502746693,0.17447777692022676,-0.07482699139373558,0.09927808821143495,0.2156170452622684,0.06259999793864891,-0.10200583024064692,0.2099000607229619,-0.21034585328614497,0.03096850448695573,0.07868087531661593,-0.2814121036669086,0.0812026841506122,-0.12208461424728367,0.055574763487077176,-0.06738366868975929,0.08836559545096848,-0.0031753728496942894,-0.03205414979781194,-0.036953482884629844
313368,0,075,S,06075017101,1400000US06075017101,+37.7657245,-122.4460838,G5020,171.01,Census Tract 171.01,06,017101,True,san_francisco,Coastal / compact / bay-influenced,San Francisco,16.363990885969546,True,27.297491749174956,06,California,True,0.31382978723404253,0.5877659574468085,0.27393617021276595,False,True,HI-only hotspot,True,29.713333333333367,16.363990885969546,0.16888297872340421,18,san_francisco,2024,GOOGLE/SATELLITE_EMBEDDING/V1/ANNUAL,/Users/yufeizhou/Desktop/heat-exposure-compare/data/processed/san_francisco/san_francisco_master_lst_hi_hotcompare.gpkg,san_francisco_master_lst_hi_hotcompare,0.10685646356178836,-0.21524866516689986,0.1717927108743039,-0.01583092268559026,0.03996429706050737,-0.13674677022447024,-0.06583357021072589,-0.026665124014943233,0.03314255406860235,-0.10444639773073608,0.1103096000694705,0.14670900361615272,-0.10708835248992815,-0.14616544514730653,-0.05965110956630249,-0.00292325502253846,0.15334568928099496,0.17398032851412476,-0.012293596279079073,-0.043193362159807215,0.11367048764455984,0.12460687752932523,-0.04806625785758028,0.12053046713382261,-0.0262222359961153,0.18483872881773505,-0.06857934731441513,0.03857278698897766,0.1610757446963225,-0.010214485747881077,0.02226588133177744,-0.05498858587341771,0.0030147507959834598,-0.08162862475516774,0.08414762184811855,-0.14970515667930256,-0.1996946423290965,0.08297079822412773,-0.08618892058205832,-0.03620974669930586,-0.09918387693571604,-0.23641745615658288,0.015268652562209254,-0.11004155853010053,0.14242376587250768,0.14629415497844073,-0.1208258623368076,0.16619547038112975,0.1973616986945593,0.02313810803879327,-0.06732452013487311,0.15613877171776144,-0.16188124646070934,0.09103204662554587,0.050802228885061924,-0.2954689543140612,0.1500038591963444,-0.08716642054035159,0.020367533735211756,0.024432582035969833,0.139220606750229,0.02977401721332283,-0.01437707374804698,-0.030877218497719308
214051,0,075,S,06075017801,1400000US06075017801,+37.7820284,-122.4011589,G5020,178.01,Census Tract 178.01,06,017801,True,san_francisco,Coastal / compact / bay-influenced,San Francisco,16.363990885969546,True,30.313357487922705,06,California,True,0.8563829787234043,0.5877659574468085,-0.2686170212765958,True,True,Both LST and HI hotspot,False,29.713333333333367,16.363990885969546,0.16888297872340421,19,san_francisco,2024,GOOGLE/SATELLITE_EMBEDDING/V1/ANNUAL,/Users/yufeizhou/Desktop/heat-exposure-compare/data/processed/san_francisco/san_francisco_master_lst_hi_hotcompare.gpkg,san_francisco_master_lst_hi_hotcompare,0.11264198551902135,-0.2410436644955723,0.09169013740553786,0.0005483081003611489,0.08647582366164507,-0.16621014400081743,0.006365445080468872,0.00896622426143192,-0.1834866090863526,0.06517013322025567,0.07143557405004584,0.11194605133820874,-0.03807823149944337,-0.15696031756278506,-0.1655058371663649,-0.17605777038524115,0.23631302047903688,0.08158575239966188,-0.009992340457914193,0.06773406388558133,0.06169121688571795,0.013572592945047385,-0.1456995948240114,0.0026893797829413368,0.09426749211614786,0.16392480129311132,0.001706142077483296,0.12405207309408996,0.07586686686347736,-0.04942222821075648,0.013799938917774895,-0.06753076364693017,-0.03845418302566137,-0.1430903850960967,0.1145160797434437,-0.11973953013706125,-0.25298239414163926,-0.05473618639527577,-0.03827622591823327,0.0058971689271229135,-0.014725163788622318,-0.1712063254349315,0.03701118846577024,-0.10205232506895401,0.09067989144690408,0.1737152779068298,-0.1146985007721251,0.08027934532843363,0.13178663375276242,0.04661120435041497,-0.16084423096996692,0.21215977318467144,-0.08410094747814695,0.047109946881923666,0.09795748284528683,-0.24930951448813,0.13561334678817116,-0.06222672416097389,0.03197875576869044,-0.12182961604156102,0.13021895006949893,-0.02614377493123538,-0.09924526987969706,0.04303325141057175
544609,0,075,S,06075022704,1400000US06075022704,+37.7609519,-122.4019893,G5020,227.04,Census Tract 227.04,06,022704,True,san_francisco,Coastal / compact / bay-influenced,San Francisco,16.363990885969546,True,32.26051851851856,06,California,True,0.9893617021276596,0.5877659574468085,-0.40159574468085113,True,True,Both LST and HI hotspot,False,29.713333333333367,16.363990885969546,0.16888297872340421,20,san_francisco,2024,GOOGLE/SATELLITE_EMBEDDING/V1/ANNUAL,/Users/yufeizhou/Desktop/heat-exposure-compare/data/processed/san_francisco/san_francisco_master_lst_hi_hotcompare.gpkg,san_francisco_master_lst_hi_hotcompare,0.13283708007426287,-0.23071380146195172,0.12169591800255324,0.006198367369604255,0.06012203389588705,-0.09438714534168456,-0.07968259281084367,-0.04024005859870126,0.008092499093204248,-0.07454405218315291,0.15338392076279397,0.14803899084303992,-0.14242100273176905,-0.20533066556768167,-0.039686137651287895,-0.061635789598371585,0.17886661351870822,0.1317334438186356,-0.04705046588126029,0.0036369488874756855,0.09660846009747782,0.08092565826851474,-0.09841064517535404,0.039743441569930815,-0.0244279520073377,0.2190537195556135,-0.05144129539190267,0.08024682513462224,0.12207207600825917,0.03980216696980057,0.03750544137456679,-0.07049080294540234,0.010444012180810047,-0.13779002410827287,0.08698721610232,-0.07177600272324063,-0.2259261315143654,0.01579621022263444,-0.11584273115786198,0.06941584841842817,-0.07883497015232366,-0.21749833276227662,0.008749560479544451,-0.08865974631786633,0.15077395379697325,0.10226482005595477,-0.07945313101049979,0.10630454188554975,0.144739396764661,0.023508030322286343,-0.055942822766208815,0.16507099441571588,-0.13551611769357402,0.09410784142896907,0.022681740999783748,-0.2938287636443119,0.17661212978382632,-0.06060208631046869,-0.027686059034380404,0.01937190204095259,0.14962770418490576,-0.006699023622988301,-0.0949179107832879,0.0036286888505682635
612500,0,075,S,06075025701,1400000US06075025701,+37.7315824,-122.4119407,G5020,257.01,Census Tract 257.01,06,025701,True,san_francisco,Coastal / compact / bay-influenced,San Francisco,,True,29.28453936348412,06,California,False,,,,False,False,Missing,False,29.713333333333367,16.363990885969546,0.16888297872340421,21,san_francisco,2024,GOOGLE/SATELLITE_EMBEDDING/V1/ANNUAL,/Users/yufeizhou/Desktop/heat-exposure-compare/data/processed/san_francisco/san_francisco_master_lst_hi_hotcompare.gpkg,san_francisco_master_lst_hi_hotcompare,0.09100464373238946,-0.2634148173209599,0.07580457250259091,0.04058929852896612,0.06479614769200055,-0.11613895872733088,-0.079083247684292,-0.0487491418768966,-0.01728491684824921,-0.011882498023021987,0.15325723875748465,0.08519102793367274,-0.12796296219586112,-0.22439339346685377,-0.06208787870973634,-0.08941654181455237,0.17735666453540727,0.1161256029688195,-0.07275082375277533,0.006137133884320831,0.10429264377821595,0.0601158228129096,-0.12242542512631684,0.032038898877182406,-0.04122009148577823,0.19010535451028232,-0.03231221799739608,0.11840763634182402,0.07845335335669318,0.07134730971697463,0.023622258423644366,-0.09342891204774832,0.052340582567984094,-0.18984580724973055,0.06621229711508066,-0.04319272190074247,-0.19389836495509324,0.0012790877562553213,-0.13174545986684363,0.12163790347241941,-0.03127655843347053,-0.2316868269851545,-0.008485662460462468,-0.10470577123714042,0.13665317021745102,0.09340438490627812,-0.039898366733940704,0.06203891427105934,0.14325424086997154,0.013704380681825492,-0.06358813414857337,0.22230413870003582,-0.13128880679691937,0.07645801927492472,0.032801248650516986,-0.2919196970616936,0.1647044046029774,-0.06505428969375214,-0.014405345863588262,-0.017480588103808585,0.15943680538085858,-0.0403305016810301,-0.05291919342380577,0.024714028077212024
533458,0,075,S,06075025702,1400000US06075025702,+37.7281305,-122.4057589,G5020,257.02,Census Tract 257.02,06,025702,True,san_francisco,Coastal / compact / bay-influenced,San Francisco,,True,28.714224806201596,06,California,False,,,,False,False,Missing,False,29.713333333333367,16.363990885969546,0.16888297872340421,22,san_francisco,2024,GOOGLE/SATELLITE_EMBEDDING/V1/ANNUAL,/Users/yufeizhou/Desktop/heat-exposure-compare/data/processed/san_francisco/san_francisco_master_lst_hi_hotcompare.gpkg,san_francisco_master_lst_hi_hotcompare,0.07903763614386494,-0.28606926434453855,0.0976159334967034,0.03438171918839549,0.06106168224777364,-0.12479952110697289,-0.1058973731830382,-0.060553529909166,-0.04460156568433839,0.012989980082306039,0.1475680561940177,0.09976604493971036,-0.09520595812624635,-0.2224354208766636,-0.08895648625747245,-0.09766639248227406,0.17733092017038551,0.11506115942655627,-0.045362869380744804,0.0014197690603433204,0.08637018515900045,0.09105731098553316,-0.12013555934657706,0.04780690908803385,-0.06351576622431508,0.16902401472672848,-0.027436242442947678,0.13465377842706572,0.07712595663317219,0.04273769973909845,0.019733377604234076,-0.1033712355026735,0.03268500916459916,-0.2231789027672452,0.06117282060192771,-0.062330538881807104,-0.20010916315367733,-0.003350902392966518,-0.11976879290092744,0.15525862213594327,-0.0392225316972136,-0.22273538817900906,-0.0011123428116512875,-0.10447521083949303,0.13647701487004377,0.11347740724205124,-0.029233560953297426,0.03810329938085541,0.16950861213519658,0.0024870699200980535,-0.07081831183888815,0.24379111286633331,-0.1386256964064155,0.05852510439927598,0.01423449466623475,-0.2972542739663137,0.15992476167942596,-0.0761809585689132,-0.024711116349888654,-0.0340850620892042,0.14084517096201576,-0.019832938942348496,-0.06108329835534936,-0.006442748153690672
512854,0,075,S,06075031201,1400000US06075031201,+37.7217838,-122.4573318,G5020,312.01,Census Tract 312.01,06,031201,True,san_francisco,Coastal / compact / bay-influenced,San Francisco,15.636442977794673,True,28.126306460834783,06,California,True,0.4521276595744681,0.09840425531914894,-0.3537234042553192,False,False,Neither hotspot,False,29.713333333333367,16.363990885969546,0.16888297872340421,23,san_francisco,2024,GOOGLE/SATELLITE_EMBEDDING/V1/ANNUAL,/Users/yufeizhou/Desktop/heat-exposure-compare/data/processed/san_francisco/san_francisco_master_lst_hi_hotcompare.gpkg,san_francisco_master_lst_hi_hotcompare,0.13990409566862136,-0.24272070450639377,0.05765984957418149,0.012606040609486007,0.056893561650957915,-0.11757591077265361,-0.04335086704938289,-0.07954887409607257,0.010979180224935763,-0.022473351783059266,0.13281269609755475,0.062287947422729,-0.19049792839065183,-0.2267935291033351,-0.051198636258864685,-0.14552129553183343,0.18102772389124716,0.1191983730620714,-0.06503467895922857,0.033049158368580155,0.11225027147084463,0.08356607179561143,-0.1490574904739266,0.010875399069511002,-0.06032192046262043,0.23858972725945518,-0.026985883512415394,0.10025561365883101,0.09851846472069524,0.07814387880971944,0.04805116990289161,-0.11988976910352052,0.03427060043121098,-0.1777939661103049,0.11364809629304136,-0.03554762658014769,-0.22387975522118742,0.017807154342170974,-0.11054028528708822,0.07643505490407408,-0.04252061658042296,-0.2356148366600174,-0.050162026794912266,-0.08011078702293689,0.12648929165710152,0.05971935339012259,-0.0660666121626905,0.033133787486281686,0.10432340031532512,0.04466133361375675,-0.07080378938112586,0.19032263422694412,-0.12543814729185118,0.07783341867629485,0.04186477114875701,-0.30981769036390744,0.1604998595462236,-0.035489022041427856,-0.04809707684292993,0.002980046574471919,0.1984820336098512,-0.048170393060932876,-0.12634415574329547,0.06936991937930956
309420,0,075,S,06075031202,1400000US06075031202,+37.7193286,-122.4523956,G5020,312.02,Census Tract 312.02,06,031202,True,san_francisco,Coastal / compact / bay-influenced,San Francisco,15.636442977794673,True,27.646340548340582,06,California,True,0.35106382978723405,0.09840425531914894,-0.2526595744680851,False,False,Neither hotspot,False,29.713333333333367,16.363990885969546,0.16888297872340421,24,san_francisco,2024,GOOGLE/SATELLITE_EMBEDDING/V1/ANNUAL,/Users/yufeizhou/Desktop/heat-exposure-compare/data/processed/san_francisco/san_francisco_master_lst_hi_hotcompare.gpkg,san_francisco_master_lst_hi_hotcompare,0.1616221254948502,-0.22708098630038115,0.020706217438266884,0.061983468261126114,0.09874382999156621,-0.05999579642036863,-0.054930683430732756,-0.05576295367200953,0.006455826971882419,-0.02276477463215611,0.13096510288800137,0.05750792547295347,-0.21203927512105164,-0.2468068506542361,-0.05302063794534313,-0.13622871377516282,0.1676200643188256,0.11269937832299089,-0.08248242922922928,0.08826551094072299,0.10477969867100517,0.05653357015964885,-0.15967970175237958,0.0015812698943775834,-0.007657175000179956,0.2816807028801508,0.012227254361051803,0.08845782302664575,0.0838864958110757,0.07057894702994882,0.011351115128821351,-0.07380549745328376,0.0072489395820005175,-0.1283245478026287,0.13500854266559667,-0.029779312531270464,-0.16762290870075117,-0.054507697766417014,-0.10099018463655485,0.1267733640176227,-0.03491540018249399,-0.19619972993230855,-0.011774475087954065,-0.07103870363393446,0.14936410203031134,0.05842092273599634,-0.04108787790900947,0.014837348426314534,0.07054416471242313,0.02342666238642029,-0.05304477543405389,0.14949045144518067,-0.09648352173186832,0.07159928067674642,0.05041595061398876,-0.32423962409337803,0.20608734702798337,-0.014949321581905031,-0.07307137184631636,-0.004730525389103218,0.20483360850384993,-0.022318273989862365,-0.13012352682882478,0.04907576686324227
472116,0,075,S,06075032602,1400000US06075032602,+37.7588987,-122.4825797,G5020,326.02,Census Tract 326.02,06,032602,True,san_francisco,Coastal / compact / bay-influenced,San Francisco,,True,25.816692456479736,06,California,False,,,,False,False,Missing,False,29.713333333333367,16.363990885969546,0.16888297872340421,25,san_francisco,2024,GOOGLE/SATELLITE_EMBEDDING/V1/ANNUAL,/Users/yufeizhou/Desktop/heat-exposure-compare/data/processed/san_francisco/san_francisco_master_lst_hi_hotcompare.gpkg,san_francisco_master_lst_hi_hotcompare,0.09992164772246619,-0.2541371065342762,0.11030644455974821,0.011272094753384402,0.03179517130249273,-0.1335601405887149,-0.10264575024720543,-0.07747237493840232,-0.001399305170702318,-0.020939587565770607,0.1397357169909246,0.0851714844281116,-0.13448091406981175,-0.1799601933903818,-0.10369956798793248,-0.09455464486056364,0.1523900897983724,0.15362887711383352,-0.023158899331130498,-0.025356093570305546,0.118860825975102,0.10767755297189781,-0.08353617495531858,0.057987351210385896,-0.07969637412658565,0.19213212010847205,-0.030992363351950113,0.12401077313838675,0.07021835726618192,0.056795538789168785,0.05957667401788538,-0.12201077435385903,0.013951112331918501,-0.2140011742871581,0.05095152624656062,-0.10655676792847522,-0.265801061470992,0.06639067467409164,-0.09894284375001094,0.0929045207053407,-0.0697783766286705,-0.23363830574078503,-0.04507239594386449,-0.10115261325600539,0.13859751579864202,0.08391195398413709,-0.07383241995217522,0.026751837438608428,0.17832333984766435,0.029129997156762004,-0.09477404959427808,0.2169084583952029,-0.18334100161823147,0.05740113878247218,0.048101477465120515,-0.3106437912808331,0.12062665406325743,-0.04501147973363212,-0.00385575562641948,0.005874577020570295,0.1561493655152999,-0.0071338139359863,-0.1086531981850371,0.011460828656456461
585365,0,075,S,06075032801,1400000US06075032801,+37.7460190,-122.4804356,G5020,328.01,Census Tract 328.01,06,032801,True,san_francisco,Coastal / compact / bay-influenced,San Francisco,15.636442977794673,True,25.986145833333346,06,California,True,0.1595744680851064,0.09840425531914894,-0.06117021276595745,False,False,Neither hotspot,False,29.713333333333367,16.363990885969546,0.16888297872340421,26,san_francisco,2024,GOOGLE/SATELLITE_EMBEDDING/V1/ANNUAL,/Users/yufeizhou/Desktop/heat-exposure-compare/data/processed/san_francisco/san_francisco_master_lst_hi_hotcompare.gpkg,san_francisco_master_lst_hi_hotcompare,0.09237813890426247,-0.2558290794173586,0.16965320375969706,0.01937242633244709,0.03789642833845517,-0.15023766226711469,-0.05219257173926195,-0.019615267822688038,-0.008061607199226876,-0.029363997289539794,0.0932031923700874,0.09005691861250557,-0.13183066476945235,-0.18595200382967791,-0.06346698361248423,-0.1083345939885205,0.1282376662760052,0.18766224697365683,-0.020255770343364062,-0.024236541467207294,0.12057197516242231,0.13194743923631946,-0.12255070930738078,0.03784199641298346,-0.05883121276779315,0.17906445480062905,-0.05847779605596566,0.1223579027003595,0.09533250068225267,0.03349278645574172,0.06944687128482695,-0.11224479231743562,-0.018780353089420828,-0.15905178598449174,0.07013093320497686,-0.05336135196872157,-0.2133455741360126,0.04081656745341113,-0.1407749357777581,0.08351665644308212,-0.019378407215632047,-0.23766749030323475,-0.06997383833303131,-0.1180689521907895,0.12645244890287866,0.12196123262783216,-0.06246680328929521,0.05143357238488964,0.12084234410346532,0.03319785438141863,-0.08362418969066301,0.24524110015052258,-0.13828799560401867,0.039558838471249864,0.0013683159156600705,-0.3083314246312025,0.12290575534139946,-0.0451935474281709,-0.033626456397077974,0.03739708949603116,0.14305158303657156,-0.04423476721823524,-0.07799657942135078,-0.014533191658722909
548900,97204,075,S,06075032802,1400000US06075032802,+37.7530955,-122.4812305,G5020,328.02,Census Tract 328.02,06,032802,True,san_francisco,Coastal / compact / bay-influenced,San Francisco,,True,26.468181818181847,06,California,False,,,,False,False,Missing,False,29.713333333333367,16.363990885969546,0.16888297872340421,27,san_francisco,2024,GOOGLE/SATELLITE_EMBEDDING/V1/ANNUAL,/Users/yufeizhou/Desktop/heat-exposure-compare/data/processed/san_francisco/san_francisco_master_lst_hi_hotcompare.gpkg,san_francisco_master_lst_hi_hotcompare,0.08385216499879143,-0.2591845603877646,0.12392819195449387,0.01998616792874027,0.03566363010972209,-0.11434688575558417,-0.08933165192102151,-0.02637630977030051,0.025413100830151324,-0.03452531797395512,0.14925780771158875,0.07173064155551538,-0.14520380595019142,-0.2040051549970669,-0.02784348481526352,-0.12978688726477747,0.13367563803321805,0.15607784798160435,-0.04583121693214889,-0.02488983665565994,0.1251034221904188,0.12775243609163897,-0.1296504719854943,-0.0022867423739723614,-0.0854985788621089,0.17936305986209497,-0.021809500692339463,0.08847878876474573,0.09914914587980445,0.06672731396401653,0.07699965902045122,-0.08549584087838429,-0.001176869666309714,-0.18280750796148268,0.047788170669597035,-0.02360693985166742,-0.21603473025664688,0.05847304511076061,-0.11421120604785827,0.0893267416168845,-0.0016531435266938733,-0.2620808844814488,-0.06036604556076949,-0.10024542200785874,0.1386163439581692,0.08186964760032082,-0.05423942056489616,0.06276649548517618,0.14353422842036986,0.046839521878914686,-0.06320123469243433,0.20942730541603508,-0.15407582031234884,0.05985503175617049,0.007283987692305132,-0.2982118401666584,0.1091646415082696,-0.06846805310551224,-0.05475636450625711,0.015716215673351956,0.1660688346180219,-0.06023816167961984,-0.06605603589246976,0.03934555821477842
671900,0,075,S,06075032901,1400000US06075032901,+37.7461540,-122.4901873,G5020,329.01,Census Tract 329.01,06,032901,True,san_francisco,Coastal / compact / bay-influenced,San Francisco,15.636442977794673,True,25.19815454545459,06,California,True,0.1276595744680851,0.09840425531914894,-0.029255319148936157,False,False,Neither hotspot,False,29.713333333333367,16.363990885969546,0.16888297872340421,28,san_francisco,2024,GOOGLE/SATELLITE_EMBEDDING/V1/ANNUAL,/Users/yufeizhou/Desktop/heat-exposure-compare/data/processed/san_francisco/san_francisco_master_lst_hi_hotcompare.gpkg,san_francisco_master_lst_hi_hotcompare,0.09208083460875355,-0.2570530433443513,0.17768841299192292,-0.001072277804892773,0.031128835670400843,-0.1416969903146455,-0.06819636749235135,-0.04625062071534986,-0.008802147807506752,-0.036838298390780934,0.11288936441512894,0.07873564985181129,-0.13512068930750623,-0.18597504189853029,-0.06767461836327239,-0.1010913209336906,0.15785171208061266,0.16890490488003557,-0.0033644205751109002,-0.052876440636992435,0.12398370618017514,0.13055892414750075,-0.11492548637488402,0.028378702283994698,-0.07789447140614687,0.20581568142758677,-0.0525151582598658,0.12793618628076084,0.08514174119852966,0.04423911294119112,0.08658462501213897,-0.11375450286336075,-0.010197072361031054,-0.1869388912401478,0.07497386570544654,-0.05994511089499941,-0.242903658701189,0.07095851680469617,-0.13126180176503516,0.0899216624963806,-0.023364636009676157,-0.2491687870822977,-0.05821369404613122,-0.0959689047626815,0.13383303532378488,0.09970066695023819,-0.07491761004636503,0.05864989972408083,0.15289706547100906,0.03228051872771688,-0.0724543471559836,0.24109031311600146,-0.15632780015543893,0.050575589730121474,0.022267955854200945,-0.28859981572253146,0.13826526232410052,-0.04428467691242711,-0.040371970550449325,0.04022033055028663,0.15096751469106295,-0.01912282003216711,-0.11061216145523206,0.009408966522368466
436409,0,075,S,06075033203,1400000US06075033203,+37.7159219,-122.4782648,G5020,332.03,Census Tract 332.03,06,033203,True,san_francisco,Coastal / compact / bay-influenced,San Francisco,15.636442977794673,True,24.80760154738882,06,California,True,0.11170212765957446,0.09840425531914894,-0.013297872340425523,False,False,Neither hotspot,False,29.713333333333367,16.363990885969546,0.16888297872340421,29,san_francisco,2024,GOOGLE/SATELLITE_EMBEDDING/V1/ANNUAL,/Users/yufeizhou/Desktop/heat-exposure-compare/data/processed/san_francisco/san_francisco_master_lst_hi_hotcompare.gpkg,san_francisco_master_lst_hi_hotcompare,0.0798226286567818,-0.2764694021470654,0.1056095214349638,0.08591066257684789,0.09537558269361794,-0.05982334270202055,-0.0832715131745682,-0.007877575569695943,0.0654580577126737,-0.04388890275485165,0.07443243994766406,0.008170012684993027,-0.1956737125041901,-0.21156589458487077,-0.017755929124126633,-0.03859501269293292,0.03887530586603018,0.17231561440866108,-0.055952619255637034,0.012459745203063623,0.10182793103802791,0.1235274699187526,-0.10914892361216177,0.09841760064129808,-0.03025492666850019,0.29069625453782905,-0.001420977659683637,0.058582847949060914,0.1375746306957972,-0.0060315713706633805,-0.013155064222233523,-0.07754613098566332,-0.06018645691569784,-0.0558341173441144,0.07563346421459757,-0.03779287780571441,-0.08871469533401681,0.005502994323816183,-0.14363610343389088,0.1439222209879813,0.006976414855250538,-0.190638793966525,0.016903891264650486,-0.08672912775923061,0.14787412587533252,0.11367084068814369,-0.062302603639158134,0.011517827267445152,0.09127584793753368,-0.040166876692073895,-0.10865049537005654,0.20158216499610115,-0.06196898488745122,0.08872562273852933,-0.006292379903058002,-0.34563530503164513,0.19554901998873495,-0.004032676362928593,-0.0678561679420613,0.052442944087253585,0.1934754419999892,-0.017906604129068394,-0.015115111702738585,-0.026940166707637672
387903,0,075,S,06075033204,1400000US06075033204,+37.7196514,-122.4803901,G5020,332.04,Census Tract 332.04,06,033204,True,san_francisco,Coastal / compact / bay-influenced,San Francisco,15.636442977794673,True,24.20350439882702,06,California,True,0.0797872340425532,0.09840425531914894,0.018617021276595744,False,False,Neither hotspot,False,29.713333333333367,16.363990885969546,0.16888297872340421,30,san_francisco,2024,GOOGLE/SATELLITE_EMBEDDING/V1/ANNUAL,/Users/yufeizhou/Desktop/heat-exposure-compare/data/processed/san_francisco/san_francisco_master_lst_hi_hotcompare.gpkg,san_francisco_master_lst_hi_hotcompare,0.10046564660356569,-0.25986359842600665,0.0864405613229979,0.10383449707771282,0.08493481944156106,-0.04639847072929398,-0.04800468933142787,-0.0108060588148897,0.04397349665156884,-0.03466651099049753,0.07455058445244754,-0.033321242031524326,-0.20684931912122587,-0.22140222573787777,-0.0295167697357944,-0.048139257792375996,0.05027747589489659,0.13147845209626022,-0.06308194527878924,0.026256152385276135,0.11645410811988124,0.07531178650181121,-0.11402662987430374,0.0843331922188074,-0.020829362507750766,0.29005856117489215,0.027615836455576,0.043473904384618706,0.11228085102688501,0.009607539140943264,-0.011963664933095695,-0.08593122236347236,-0.04197784043636801,-0.07066286815978874,0.0800618083063653,-0.017404506823257376,-0.09882246614603393,0.01058412226705747,-0.1648097101115975,0.1054174064432593,0.014319858207677555,-0.18108420847813192,-0.014805278673312026,-0.06370294703117937,0.15048798302371338,0.12806506734426318,-0.05117597045576532,-0.01757280903360766,0.07027868400964886,-0.027834090987213952,-0.11961451342423861,0.20432657690249942,-0.10974351207381493,0.08741844164410947,0.028262559769505986,-0.3521560181096678,0.19904053911604747,-0.001106705457595492,-0.035337846482331674,0.0510795684164912,0.19613570268882435,-0.04123466783564014,-0.02118474929240248,-0.01312484884790691
293133,0,075,S,06075042601,1400000US06075042601,+37.7831223,-122.4811910,G5020,426.01,Census Tract 426.01,06,042601,True,san_francisco,Coastal / compact / bay-influenced,San Francisco,,True,23.455281385281435,06,California,False,,,,False,False,Missing,False,29.713333333333367,16.363990885969546,0.16888297872340421,31,san_francisco,2024,GOOGLE/SATELLITE_EMBEDDING/V1/ANNUAL,/Users/yufeizhou/Desktop/heat-exposure-compare/data/processed/san_francisco/san_francisco_master_lst_hi_hotcompare.gpkg,san_francisco_master_lst_hi_hotcompare,0.11243841183887068,-0.2645141280173148,0.12601448392324452,0.0011818430634992641,0.04439756064028587,-0.14041488154949822,-0.09614827390812802,-0.0686251039589861,-0.011782611167833738,-0.009243215662706085,0.1246999971287854,0.10739060069948418,-0.12342917124748876,-0.204121222153194,-0.10637938631139505,-0.10855408934940843,0.1755789837724258,0.1322467082180614,-0.022076677154447385,-0.014471518827861332,0.1026617447935395,0.10700577029356692,-0.09550558449494322,0.0612636994915063,-0.06970906521510832,0.17654110245000498,-0.06037078387850214,0.1276704741750053,0.09255294906470347,0.04801014774295617,0.04589491481013986,-0.131888497052793,0.026203676283908104,-0.21455269023243786,0.07149662697877451,-0.092887601735759,-0.2400764898294277,0.05753663709547131,-0.10171829377957818,0.054238456736906575,-0.07973208854947951,-0.24424250813498213,-0.03282286730578394,-0.09447265526837088,0.14774230143922393,0.11127296096054261,-0.07794517172765239,0.03896739951064687,0.16935314454467798,0.044290340098450676,-0.08648851984410406,0.22092805096583285,-0.1664336833590072,0.06499904275374427,0.03290414802969118,-0.29345942783965545,0.1297658380030116,-0.06995189309046204,-0.009965595588289392,-0.008945515003173459,0.15031879642495527,-0.03290992692156192,-0.09880412531183998,0.013380709837472424
332057,0,075,S,06075042602,1400000US06075042602,+37.7833847,-122.4754789,G5020,426.02,Census Tract 426.02,06,042602,True,san_francisco,Coastal / compact / bay-influenced,San Francisco,,True,23.585230812800937,06,California,False,,,,False,False,Missing,False,29.713333333333367,16.363990885969546,0.16888297872340421,32,san_francisco,2024,GOOGLE/SATELLITE_EMBEDDING/V1/ANNUAL,/Users/yufeizhou/Desktop/heat-exposure-compare/data/processed/san_francisco/san_francisco_master_lst_hi_hotcompare.gpkg,san_francisco_master_lst_hi_hotcompare,0.11484301789333995,-0.26653062609640954,0.11277293548281181,0.021534398342331777,0.05093256331189791,-0.12918718225942907,-0.08426710690951637,-0.055742464922799675,0.013834508887028387,-0.024734443880742488,0.11445058051411224,0.09348423592467293,-0.1435440216226135,-0.1824755789000406,-0.09980689995233105,-0.09201093036642591,0.14616705579721317,0.1305272480987012,-0.017329755529705976,-0.0036480531118354607,0.1098523821256171,0.09841086030874398,-0.0799924151277908,0.07243653228318102,-0.0706042384839681,0.2046198015182422,-0.06203211019207968,0.10945500219915452,0.10043965347885918,0.030767477838987558,0.032909517839897706,-0.11977265109596219,0.008756721536945428,-0.18486576540552216,0.07409063935258477,-0.092252853272932,-0.21420962392022294,0.0575056877378874,-0.10496865528888415,0.05535286909407455,-0.0754416180848514,-0.24168094267098256,-0.02992231682163933,-0.09011554550175795,0.14417262342780657,0.10843687243547699,-0.08515938684278673,0.034972798780811054,0.15699550938137943,0.03165384830335644,-0.10321062643900886,0.2103492592760006,-0.15869679406529416,0.07858262499598426,0.04234039352206393,-0.3252105769127881,0.1362503668675185,-0.054533822585636535,-0.019195933318244766,0.010279219664852195,0.17798246984362218,-0.04526091890571224,-0.08238334963901117,-0.008081479633512568
476606,0,075,S,06075047801,1400000US06075047801,+37.7758427,-122.4921123,G5020,478.01,Census Tract 478.01,06,047801,True,san_francisco,Coastal / compact / bay-influenced,San Francisco,,True,22.976361111111125,06,California,False,,,,False,False,Missing,False,29.713333333333367,16.363990885969546,0.16888297872340421,33,san_francisco,2024,GOOGLE/SATELLITE_EMBEDDING/V1/ANNUAL,/Users/yufeizhou/Desktop/heat-exposure-compare/data/processed/san_francisco/san_francisco_master_lst_hi_hotcompare.gpkg,san_francisco_master_lst_hi_hotcompare,0.08639352310828444,-0.25916779942875606,0.15181216619684962,0.014778858517426469,0.05664181515239283,-0.14473923673077677,-0.0844324666706926,-0.05689133226314969,-0.020206390438105834,-0.032528830283608055,0.1136138425441238,0.1054581113390398,-0.12467664432226098,-0.1747935720284707,-0.10717512124178515,-0.08004197969838836,0.1440158848124473,0.1800312163794262,-0.012881017175457674,-0.02586455902091404,0.10815733976892411,0.11831888207944793,-0.10060042733452303,0.07647629685530791,-0.0597522773889995,0.18696007969114778,-0.03267714745160648,0.11547397527176598,0.071705763503386,0.022758040570833638,0.033168194127435956,-0.11493943882352535,-0.0007640598713775368,-0.17255931079776116,0.059470494480746705,-0.09542693142336296,-0.23106785203862912,0.04073293725873085,-0.11475831217945912,0.08670367336068223,-0.06609707841773368,-0.2231742669281163,-0.03547914646898652,-0.10009658683786336,0.14419450223531718,0.13014493500109553,-0.062916953350009,0.05003697979616514,0.1617853239221241,-0.00471768006212389,-0.09821288589176,0.23597805434674277,-0.15717647327627288,0.05382569630882607,0.03279420386059785,-0.31496597034382984,0.12566754940468472,-0.05814162011352144,0.008011113224171303,-0.0015908174011243805,0.13980329424585325,-0.008441219331532582,-0.05942742273213291,-0.02807729366362785
434957,0,075,S,06075061200,1400000US06075061200,+37.7370495,-122.3901596,G5020,612,Census Tract 612,06,061200,True,san_francisco,Coastal / compact / bay-influenced,San Francisco,,True,30.58863095238098,06,California,False,,,,False,False,Missing,False,29.713333333333367,16.363990885969546,0.16888297872340421,34,san_francisco,2024,GOOGLE/SATELLITE_EMBEDDING/V1/ANNUAL,/Users/yufeizhou/Desktop/heat-exposure-compare/data/processed/san_francisco/san_francisco_master_lst_hi_hotcompare.gpkg,san_francisco_master_lst_hi_hotcompare,0.125731492280583,-0.254637730486571,0.022065048415638337,0.0533098695039835,0.11866986729729054,-0.07907336568234428,-0.06522519594357913,-0.036556641836004246,-0.06373002155014082,0.01000363894732403,0.12829013918755539,0.04823501591655753,-0.1560372869071293,-0.24921873059054447,-0.0820194983187009,-0.14114654805324717,0.19704868515127896,0.10617046977803109,-0.0698838487898566,0.05262181287382002,0.07254250305494682,0.028214844476460464,-0.173424178929202,-0.005071643568115848,0.01373896536703842,0.2735412718979857,0.0138645539130919,0.10667074894908035,0.09407508154766653,0.038603421246322885,-0.034872300116556905,-0.1035294277920306,0.020425951617086373,-0.15408816089623523,0.13926182995176759,-0.05046744290332087,-0.15907820015429353,-0.038131932975984814,-0.11292968470305163,0.1421030744276974,-0.024463362206122222,-0.22512747282966533,0.031257749972732445,-0.0713752436684439,0.13786608115956328,0.0714190308471589,-0.06965130214991247,0.060634969617730856,0.10894658511490442,0.01521817501162428,-0.05765063304848462,0.17910986248611635,-0.05585893627420269,0.07398684227518229,0.04150549848711024,-0.2676833231435021,0.21410962398112127,-0.02850740740726133,-0.06234561528742743,-0.038676543510376866,0.20439313948668464,-0.026043298511691567,-0.10305419350657803,0.0629800919116323
4337505,409466,075,S,06075980300,1400000US06075980300,+37.7684025,-122.4920873,G5020,9803,Census Tract 9803,06,980300,True,san_francisco,Coastal / compact / bay-influenced,San Francisco,16.363990885969546,True,24.502153703095964,06,California,True,0.10638297872340426,0.5877659574468085,0.48138297872340424,False,True,HI-only hotspot,True,29.713333333333367,16.363990885969546,0.16888297872340421,35,san_francisco,2024,GOOGLE/SATELLITE_EMBEDDING/V1/ANNUAL,/Users/yufeizhou/Desktop/heat-exposure-compare/data/processed/san_francisco/san_francisco_master_lst_hi_hotcompare.gpkg,san_francisco_master_lst_hi_hotcompare,0.10281030433908492,-0.2514028707009085,-0.010441432357054812,0.10751098309688374,0.016882621048597002,0.019817256800838276,0.007993736591258916,0.17917522417827705,0.0978817905946235,-0.012778892157402383,0.11686026991448736,-0.0018740884855174725,-0.19430276543687897,-0.08260985996991886,0.07199305291967195,0.004410064617611467,-0.07315784307091193,0.010621661302828834,-0.09103728043986545,0.034352612166106966,0.12857965575038544,0.01918135708766957,-0.059095091821719486,0.07284974234002037,-0.004954833021514335,0.20610660169634787,-0.07937255265388003,0.028822354411131814,0.14634141326343023,0.022726965982106752,-0.01590552342491734,-0.05176828364376877,-0.0438696103585031,-0.04052461620530632,-0.036604411176066505,0.03708938700695058,-0.007928290514413015,-0.012927381173220153,-0.1460591857349,0.057528186062319214,-0.024312413177660457,-0.17615442420345545,0.05408753840076882,-0.05984096729411013,0.13750794896644125,0.13653611236759397,-0.05911925553631093,0.037135938699686684,0.03435278289110039,-0.008792913216817886,-0.23295738703132898,0.11619264979424893,-0.02451500287060096,0.12907574352047874,-0.04035451060196951,-0.27806775573977127,0.08209546583237678,0.04006070151416869,-0.03532997613601668,0.09953597634885922,0.184413780226329,-0.14510466799356347,0.11061080779321572,0.007326180369571868
419323,247501289,075,S,06075980401,1400000US06075980401,+37.7272391,-123.0322294,G5020,9804.01,Census Tract 9804.01,06,980401,True,san_francisco,Coastal / compact / bay-influenced,San Francisco,,True,,06,California,False,,,,False,False,Missing,False,29.713333333333367,16.363990885969546,0.16888297872340421,36,san_francisco,2024,GOOGLE/SATELLITE_EMBEDDING/V1/ANNUAL,/Users/yufeizhou/Desktop/heat-exposure-compare/data/processed/san_francisco/san_francisco_master_lst_hi_hotcompare.gpkg,san_francisco_master_lst_hi_hotcompare,0.009832243042606608,-0.046064898835958254,-0.1549520606729785,-0.12595559054089542,-0.013722759720392927,0.04711902686674632,0.0930884325621256,0.1784916735277854,0.11537360105583942,0.03373704761717068,0.1431144631736806,-0.07842019825439792,-0.07330756709209904,-0.1884885716009027,0.11654588527938889,-0.05818301782129729,0.08650899606082854,-0.05900756876365054,0.0038251069567910713,-0.03266093252198218,0.14026398694308145,0.17973198920281888,-0.04911312885067975,0.18441841107692925,-0.10630512607803994,-0.16941162631734863,0.035054831919945316,-0.2341585380070513,0.11463235533228838,-0.06782134971537528,-0.17496643792485914,0.35697858202872695,0.09950274076255936,-0.07893379752255279,-0.09418470213003409,0.016546830041354425,0.18656637012830377,0.009425727240457262,-0.014155499794846586,0.03729309918764093,-0.023725001119445675,-0.29358257962294226,0.15464599280572244,0.05511955997974346,0.014669706047838278,0.13829083782278404,-0.17381308850073093,0.039091380503206076,-0.04612982479903919,0.003415911554956765,-0.0030941709976963815,0.11092161293506793,-0.11726412086629351,-0.010815051343805037,-0.020983876852599632,-0.11770597827258339,-0.08831630564048647,0.07970925242712246,-0.02114224206703255,-0.03182803813680534,0.1216561875231171,-0.23818664055017302,0.04301813551318145,0.2827190149515671
61275,0,075,S,06075012502,1400000US06075012502,+37.7839330,-122.4125954,G5020,125.02,Census Tract 125.02,06,012502,True,san_francisco,Coastal / compact / bay-influenced,San Francisco,16.363990885969546,True,29.791929824561457,06,California,True,0.7872340425531915,0.5877659574468085,-0.19946808510638303,True,True,Both LST and HI hotspot,False,29.713333333333367,16.363990885969546,0.16888297872340421,37,san_francisco,2024,GOOGLE/SATELLITE_EMBEDDING/V1/ANNUAL,/Users/yufeizhou/Desktop/heat-exposure-compare/data/processed/san_francisco/san_francisco_master_lst_hi_hotcompare.gpkg,san_francisco_master_lst_hi_hotcompare,0.079829201111428,-0.19922801918333044,0.18872805965563882,-0.05399182081909532,0.02284299209515466,-0.21093613373436268,-0.015528661935779245,-0.01730501399475105,-0.08831157218631114,-0.024712941046611238,0.1141062912016989,0.2310644291654683,0.0005736045274680544,-0.1043012953422078,-0.11330415133110998,-0.062324308435741785,0.21070713052483317,0.12356722972338494,0.010285512058425643,-0.03058043814197952,0.1332475407383568,0.09942926728998193,-0.0420234868005054,0.08019779999956804,0.012961359966488848,-0.003380351266705585,-0.0460738796164509,0.12699120844534276,0.10274420704262886,-0.017935745445630407,0.08539199073288967,-0.05136586685587609,0.011508986444627075,-0.18376167636969068,0.020565202193547846,-0.13040639028468237,-0.33908720351043914,0.007795146774523226,-0.04679390737900971,-0.0835067423013413,-0.06394168315499661,-0.1872919263173783,-0.010340340658005645,-0.18045128107243782,0.0545083043258491,0.20519472508273934,-0.080295307273516,0.0852292813352944,0.17624474576470198,0.074406453598875,-0.12566665596414464,0.22974031752253973,-0.2143561983468379,0.01738741284959054,0.0825377713972729,-0.2461706198504504,0.05460686072653111,-0.13262757332155498,0.10155688046250899,-0.10397692474174623,0.05888003624131729,-0.036794790764223956,-0.04530006554634414,-0.015350427512930746
998273,763677,075,S,06075980200,1400000US06075980200,+37.7850460,-122.5019092,G5020,9802,Census Tract 9802,06,980200,True,san_francisco,Coastal / compact / bay-influenced,San Francisco,,True,19.16120903003673,06,California,False,,,,False,False,Missing,False,29.713333333333367,16.363990885969546,0.16888297872340421,38,san_francisco,2024,GOOGLE/SATELLITE_EMBEDDING/V1/ANNUAL,/Users/yufeizhou/Desktop/heat-exposure-compare/data/processed/san_francisco/san_francisco_master_lst_hi_hotcompare.gpkg,san_francisco_master_lst_hi_hotcompare,0.06163400096597495,-0.16495942288712911,-0.09610032066347587,0.02520302254569755,0.01984147515158828,0.022026387371398337,0.02234678198111357,0.1428219623101084,0.10899317554299227,-0.03269797214091673,0.119090899716782,-0.05479246701466674,-0.1657539315094012,-0.17512084145430665,0.08331865019068349,0.006722145065516219,0.06501292969703613,-0.020896893763368674,-0.09718244719081294,0.019565622494371174,0.12724696106854258,0.07037231130536738,-0.06364371716975634,0.11585742656048327,-0.023217547459564974,0.07037346748792633,-0.02175488842009996,-0.06268683309876179,0.1320677974528438,0.03080651521455031,-0.08500720613477102,0.11405879202009264,0.06764042238918497,-0.016750976156327237,-0.04605018571333043,0.027129225475520057,0.05762791360951601,-0.003642976246738811,-0.16641252998479983,0.10962840791539799,-0.0019898795206702686,-0.20872210452259807,0.11261070600782261,-0.0026249069801349326,0.0674603415615093,0.15407056266919822,-0.09051000556350791,0.05405409700865439,0.0076388770567567595,-0.014062378023550785,-0.10110393923922628,0.11089831065927687,-0.07948400528895394,0.06224224170552551,-0.016816065446304672,-0.19147092558439185,0.049956081757817156,0.050987729787968186,-0.02248859226819883,0.062185455748443134,0.11754693998564066,-0.17859511983094767,0.058911097864091606,0.14334499979756304
487258,0,075,S,06075023102,1400000US06075023102,+37.7345195,-122.3845849,G5020,231.02,Census Tract 231.02,06,023102,True,san_francisco,Coastal / compact / bay-influenced,San Francisco,,True,30.75050314465414,06,California,False,,,,False,False,Missing,False,29.713333333333367,16.363990885969546,0.16888297872340421,39,san_francisco,2024,GOOGLE/SATELLITE_EMBEDDING/V1/ANNUAL,/Users/yufeizhou/Desktop/heat-exposure-compare/data/processed/san_francisco/san_francisco_master_lst_hi_hotcompare.gpkg,san_francisco_master_lst_hi_hotcompare,0.12626352291807583,-0.2418500242957456,0.05691426792261983,0.0803126992206014,0.12641875795104446,-0.044184216320669094,-0.06828852380490538,0.00043087213362455945,0.03364518075955333,-0.06830676496218833,0.09782722233117688,0.055012786563999994,-0.20230882163041927,-0.24563291148627014,-0.024844538038331688,-0.034597957090517426,0.1081888272432769,0.15267213885846095,-0.05869118396699751,0.038867793625747625,0.0760971053706541,0.07316361898816812,-0.13097695865119818,0.01875746513902187,0.02699669371034926,0.3094265357580683,-0.02701614521918019,0.08453853661165307,0.14225191391028552,0.006300823437639487,-0.01765986521425752,-0.03649058551056681,-0.03077233247361582,-0.03836688325394942,0.12194378613963346,-0.043459935183675386,-0.08749388422134873,-0.04864367180989639,-0.13142809465446903,0.1549790057762134,-0.0237208157546416,-0.19925344191705832,0.08689753406093315,-0.07702130822639686,0.16182210876984474,0.06977158578899395,-0.08078567029885786,0.07804959760157437,0.07838771987295381,-0.020085194165891187,-0.03559065954232582,0.1222226638879528,-0.05497732445984254,0.10391285568537408,0.010227462606209345,-0.295335432894733,0.23541926780948721,3.7146440348085184e-05,-0.07110780428150933,0.030218671344279493,0.21137881029810712,-0.011029465809949658,-0.08086915723070183,-0.004406362250909212
856567,0,075,S,06075023200,1400000US06075023200,+37.7277635,-122.3861501,G5020,232,Census Tract 232,06,023200,True,san_francisco,Coastal / compact / bay-influenced,San Francisco,,True,30.177415458937222,06,California,False,,,,False,False,Missing,False,29.713333333333367,16.363990885969546,0.16888297872340421,40,san_francisco,2024,GOOGLE/SATELLITE_EMBEDDING/V1/ANNUAL,/Users/yufeizhou/Desktop/heat-exposure-compare/data/processed/san_francisco/san_francisco_master_lst_hi_hotcompare.gpkg,san_francisco_master_lst_hi_hotcompare,0.09771585340014509,-0.2604643911491545,0.056372424091950736,0.07024284070212819,0.11266432115566616,-0.07651535289777625,-0.05303998591376635,-0.010502291168078267,-0.100632763216382,0.05406175797578564,0.09297368351342222,0.05143825615650449,-0.13142618690161922,-0.23764875431765592,-0.10904956729162339,-0.13959295211919565,0.1611927265405911,0.1282351961880999,-0.051621327758103186,0.011682294233565895,0.07712185558618889,0.04039023496230623,-0.16764450583776475,0.021890013558308958,0.017400499232195027,0.2262660500434081,-0.019067484956584318,0.14854441670381666,0.09559541166506606,0.010324144214491916,-0.03249095600176414,-0.109582079416417,0.00454599175367821,-0.1825443059785735,0.10365807337557288,-0.03570482515314321,-0.12464759489240514,-0.04422772574037241,-0.13732012834529328,0.1571201491341009,-0.011355190598842956,-0.22387882080389432,0.0079123867373387,-0.07755100692182397,0.15159055276375918,0.09283113393616135,-0.04643495218779154,0.013614960613010133,0.09755355826334686,0.012837434217906216,-0.08233396335858714,0.2273215563712932,-0.06225564685179436,0.038927019825747144,0.001071526511552244,-0.277967089659155,0.1945449792354007,-0.03662023139621428,-0.04816446402741334,-0.030592871415638753,0.16108443890181337,-0.04746454193505543,-0.08214006795227238,0.025114469408639463
633256,0,075,S,06075023300,1400000US06075023300,+37.7254423,-122.3977657,G5020,233,Census Tract 233,06,023300,True,san_francisco,Coastal / compact / bay-influenced,San Francisco,,True,29.27834154351398,06,California,False,,,,False,False,Missing,False,29.713333333333367,16.363990885969546,0.16888297872340421,41,san_francisco,2024,GOOGLE/SATELLITE_EMBEDDING/V1/ANNUAL,/Users/yufeizhou/Desktop/heat-exposure-compare/data/processed/san_francisco/san_francisco_master_lst_hi_hotcompare.gpkg,san_francisco_master_lst_hi_hotcompare,0.17766944308836669,-0.21837874064677604,0.041052241207832824,-0.006030390080025789,0.06847922339463566,-0.09189112466517949,0.03470757724317116,-0.04975018458700121,-0.09325041107773654,0.006285658212665012,0.08345680721317318,0.022031168869798504,-0.17411907464354354,-0.22381208972243652,-0.08883144903701992,-0.21103341190178349,0.19024271352723293,0.056804092594822296,-0.06894059238126603,0.07255408237909385,0.09558909316252275,0.04656321287486779,-0.22617746993063056,-0.030074203391063318,0.01091626954681363,0.22019378302122636,0.00353582905235403,0.09153110733477947,0.12856345576611886,0.04743050261185693,0.04408403039728747,-0.10543818072962041,-0.003974425089190855,-0.1269473876026967,0.13485688704625864,-0.004203141836697764,-0.20014827024153428,-0.040436939711278055,-0.08449181323166914,0.02699196060165802,-0.03517628040604803,-0.18528736380594693,-0.022559107939350568,-0.06346911181001544,0.11550543381633442,0.07496498237600435,-0.0868255659272253,0.012897805744805164,0.026571546453667435,0.06199060692754702,-0.08967222622428259,0.1661226632456403,-0.09979343901713825,0.03976230728012454,0.033225321780970506,-0.25295292467729175,0.1698688445008939,-0.018698391776197434,-0.05900162359070949,-0.017888376081038077,0.18634026154572467,-0.09052943782744421,-0.17526568269961118,0.11897793053358607
248905,0,075,S,06075022901,1400000US06075022901,+37.7512010,-122.4139445,G5020,229.01,Census Tract 229.01,06,022901,True,san_francisco,Coastal / compact / bay-influenced,San Francisco,16.363990885969546,True,29.898203463203497,06,California,True,0.8031914893617021,0.5877659574468085,-0.21542553191489366,True,True,Both LST and HI hotspot,False,29.713333333333367,16.363990885969546,0.16888297872340421,42,san_francisco,2024,GOOGLE/SATELLITE_EMBEDDING/V1/ANNUAL,/Users/yufeizhou/Desktop/heat-exposure-compare/data/processed/san_francisco/san_francisco_master_lst_hi_hotcompare.gpkg,san_francisco_master_lst_hi_hotcompare,0.13004127187064796,-0.25852080854363096,0.1411873003265733,-0.03913490629919414,0.05635966736655994,-0.13867527791112028,-0.08918723357076887,-0.08399477972512209,-0.014194723398129588,-0.03958224704583352,0.13294477453407272,0.16309811745832437,-0.10906133375023602,-0.21345484661023592,-0.07195028243932916,-0.09411885268384952,0.17562667602269252,0.13368450758113526,-0.01995246068004117,0.015611703641085732,0.07137881831947172,0.11189947123184919,-0.09830883368176498,0.07636853611845866,-0.047953895523396295,0.1809192721830966,-0.06220446740831946,0.10456717458359595,0.13196409972038026,0.01886588137091297,0.03650596090285835,-0.12277710734347473,0.0028297492142864812,-0.18109278502064854,0.10011496455748686,-0.09920603636818043,-0.2610139759109701,0.024435782151432498,-0.0707084631856136,0.041834552598197336,-0.10135937225553891,-0.2167320401640226,-0.001386334200455394,-0.1024761563811538,0.12217589317519387,0.11986347346668344,-0.09096406572323688,0.057794451197753526,0.16874976769490005,0.05134766317812421,-0.08253554759647425,0.19749402845190442,-0.14228821309266235,0.07088614865786882,0.04019884590142424,-0.28866873962080775,0.1399729929340421,-0.06845568274338233,-0.02399224167136561,-0.021501666956345398,0.1429595515936001,-0.014467867624944742,-0.12096708331954657,0.011482174202943679
282080,0,075,S,06075022803,1400000US06075022803,+37.7558368,-122.4120842,G5020,228.03,Census Tract 228.03,06,022803,True,san_francisco,Coastal / compact / bay-influenced,San Francisco,16.363990885969546,True,31.09612280701757,06,California,True,0.9308510638297872,0.5877659574468085,-0.34308510638297873,True,True,Both LST and HI hotspot,False,29.713333333333367,16.363990885969546,0.16888297872340421,43,san_francisco,2024,GOOGLE/SATELLITE_EMBEDDING/V1/ANNUAL,/Users/yufeizhou/Desktop/heat-exposure-compare/data/processed/san_francisco/san_francisco_master_lst_hi_hotcompare.gpkg,san_francisco_master_lst_hi_hotcompare,0.1224083992346734,-0.2590720053633448,0.1536855520586663,-0.03830659969800739,0.0567253360688485,-0.12583939989909693,-0.10342127901110001,-0.08257592929599648,-0.009475156414633918,-0.04539517649275689,0.13753797843587853,0.16670834852362773,-0.10843559876194445,-0.206439501275282,-0.07041008859926025,-0.06843062965739202,0.1805644997547344,0.14532218355945573,-0.007209759059149922,-0.0020561291380970653,0.07365076130629399,0.11154480624785633,-0.07452967379179719,0.08347723262290747,-0.040812736603895346,0.1933620465503923,-0.07701615070024793,0.11001471850239798,0.12738992995649226,0.011391763889612876,0.029092040958150284,-0.11702937417121752,-0.008179409900895098,-0.19162748627196308,0.0998069457889741,-0.11323690140975588,-0.25333824566624674,0.030325922521877997,-0.07352654759852122,0.05373104612088578,-0.10939865585826607,-0.22519347193145955,0.007574416240754496,-0.09455258624371037,0.13113955653615994,0.11180808467795442,-0.08927426859534726,0.06679532017292523,0.1890841592188824,0.042580593548336286,-0.06869703113503686,0.19427026170590278,-0.1419850287051847,0.07613145142311617,0.046088083900837025,-0.29511856840645323,0.15266649085685763,-0.07008751094609104,-0.021582053031674948,-0.01458746441495099,0.1411481802894906,0.004346526940126119,-0.11483289170940703,-0.011143394528297037
352786,0,075,S,06075047702,1400000US06075047702,+37.7744602,-122.4837889,G5020,477.02,Census Tract 477.02,06,047702,True,san_francisco,Coastal / compact / bay-influenced,San Francisco,,True,24.58333333333337,06,California,False,,,,False,False,Missing,False,29.713333333333367,16.363990885969546,0.16888297872340421,44,san_francisco,2024,GOOGLE/SATELLITE_EMBEDDING/V1/ANNUAL,/Users/yufeizhou/Desktop/heat-exposure-compare/data/processed/san_francisco/san_francisco_master_lst_hi_hotcompare.gpkg,san_francisco_master_lst_hi_hotcompare,0.11543097164103265,-0.2588361898563014,0.14508135296687316,0.005394164933716802,0.04605759917262209,-0.13970163659985496,-0.07914368018002031,-0.06243736479124162,-0.024232148146367965,-0.013073378291412363,0.13003432040809754,0.08093198980443989,-0.13476643458739337,-0.1923132477816576,-0.09076621998980322,-0.10404691695576257,0.16122048917131968,0.1509870465681751,-0.03404997698183928,-0.019751449798203993,0.105097993537965,0.10312766141407337,-0.1096501451669004,0.055669789129636875,-0.06347698838015374,0.19961113431403762,-0.052619612256177103,0.1269793084954729,0.0796996257752032,0.04766910521304204,0.04827242062633232,-0.13008320501052417,0.01655639329078992,-0.18141647032169703,0.0791012234821883,-0.0865147742010467,-0.23966565871178144,0.057612688127445674,-0.11256051989092627,0.061183653699583736,-0.059635585188254396,-0.2382649209445159,-0.044083008417590754,-0.08817919764957097,0.13695570743794858,0.1054344854022641,-0.07045818715885754,0.05060639120937488,0.1599345265343034,0.03116904099460045,-0.09430765007364966,0.22640050091190386,-0.16692343893882047,0.05894555452414145,0.0404466913309015,-0.3094227313582723,0.13705203837473356,-0.05061053641515658,-0.0033277379510326163,0.008432197415642587,0.15048091445463113,-0.022614416553917244,-0.09131360537000328,0.010001075540980345
372758,0,075,S,06075035202,1400000US06075035202,+37.7613995,-122.5061469,G5020,352.02,Census Tract 352.02,06,035202,True,san_francisco,Coastal / compact / bay-influenced,San Francisco,,True,23.31222222222226,06,California,False,,,,False,False,Missing,False,29.713333333333367,16.363990885969546,0.16888297872340421,45,san_francisco,2024,GOOGLE/SATELLITE_EMBEDDING/V1/ANNUAL,/Users/yufeizhou/Desktop/heat-exposure-compare/data/processed/san_francisco/san_francisco_master_lst_hi_hotcompare.gpkg,san_francisco_master_lst_hi_hotcompare,0.10140478610446278,-0.26910314380415323,0.11790595799307121,0.027860977653357606,0.037972667756344246,-0.1380619022353276,-0.07143056371115229,-0.04624667418873108,-0.037922401424902295,0.018028598433418617,0.11682287704066956,0.06632113150759676,-0.12692441617206826,-0.18010947752723622,-0.09707613875805784,-0.11696705819690541,0.1619527774774455,0.1463496747557578,-0.02244857239495426,-0.0464205546805443,0.10554462679937848,0.10297251685087211,-0.12891391450624598,0.05031047658344379,-0.06814438030331474,0.19527257643314025,-0.06236837382993025,0.13083983957658743,0.08691022088663937,0.039587472249223814,0.04594843801217923,-0.14732265816245527,0.012471496368954652,-0.23773196893130794,0.062136048580828725,-0.056781933870023914,-0.21310415617876355,0.06046886836818429,-0.13011779997874792,0.08677715942897399,-0.05815816728934944,-0.24482030609595587,-0.043379340235053486,-0.0939689345180222,0.1476244724226629,0.1073932021486564,-0.0815476281674007,0.046155476856385,0.15111679490535124,0.038334283655654326,-0.10459856250990833,0.25124110261345756,-0.1327805937040459,0.06271568786596303,0.031968886113599604,-0.2926920058305339,0.12624557188826263,-0.05803595715737903,-0.006627707253757361,-0.006894134348851958,0.18333717286217696,-0.02380121357062275,-0.09227138327141811,0.02383828498750694
581305,0,075,S,06075013300,1400000US06075013300,+37.7887307,-122.4524293,G5020,133,Census Tract 133,06,013300,True,san_francisco,Coastal / compact / bay-influenced,San Francisco,16.363990885969546,True,26.425709219858152,06,California,True,0.19148936170212766,0.5877659574468085,0.3962765957446808,False,True,HI-only hotspot,True,29.713333333333367,16.363990885969546,0.16888297872340421,46,san_francisco,2024,GOOGLE/SATELLITE_EMBEDDING/V1/ANNUAL,/Users/yufeizhou/Desktop/heat-exposure-compare/data/processed/san_francisco/san_francisco_master_lst_hi_hotcompare.gpkg,san_francisco_master_lst_hi_hotcompare,0.08430225532909277,-0.198884636995117,0.2107686090896343,-0.008862059443599031,0.025541107741104088,-0.14678715099858924,-0.0668410916384986,-0.03880610770935267,0.018140895435695685,-0.11037001923964855,0.09165155096222297,0.19702354610619288,-0.05149629401479817,-0.12903835221215285,-0.07811089107977744,0.015907886945265372,0.1320792137745729,0.1861180099833996,0.02939583167461836,-0.05997922582430656,0.13739851812587311,0.16498882649426558,-0.003144110889740577,0.16762048206859312,-0.046052435338843595,0.10832733355411228,-0.05443803311637841,0.03173411707255894,0.1629393178581453,-0.006292454797195186,0.020818916963974005,-0.059468718753972576,0.025688187867731953,-0.14038865521457317,0.04022190531725098,-0.14390764405475098,-0.20369508115906182,0.0743522716640879,-0.10655951629798072,-0.036811681411873395,-0.11488708271685584,-0.22083268797428704,-0.008422919135830858,-0.14580481680135612,0.13152384837935296,0.18383044100451998,-0.08699037929817109,0.1209384761234128,0.22564425753118333,0.022494283341206504,-0.07169550939185201,0.1912601284485915,-0.20023131836441543,0.039855225797673866,0.03719399400854262,-0.2963478987277904,0.1170477524177016,-0.13169840559820087,0.03837708935692285,-0.0013713481060452493,0.10661349989607259,0.03476911756123278,0.02859025568077594,-0.08470037378510151
515731,0,075,S,06075025403,1400000US06075025403,+37.7337691,-122.4206236,G5020,254.03,Census Tract 254.03,06,025403,True,san_francisco,Coastal / compact / bay-influenced,San Francisco,,True,29.00769980506827,06,California,False,,,,False,False,Missing,False,29.713333333333367,16.363990885969546,0.16888297872340421,47,san_francisco,2024,GOOGLE/SATELLITE_EMBEDDING/V1/ANNUAL,/Users/yufeizhou/Desktop/heat-exposure-compare/data/processed/san_francisco/san_francisco_master_lst_hi_hotcompare.gpkg,san_francisco_master_lst_hi_hotcompare,0.17706662090970404,-0.2573371832397168,0.0783664457345325,0.03794210883709102,0.09680861393320567,-0.09108796467689005,-0.028175967552448535,-0.0559512696742819,0.008692362661117073,-0.03376000969901511,0.06441032460118515,0.05804551906919209,-0.2127485425514365,-0.2361406941554527,-0.046390992582873804,-0.10520859348397475,0.10789925369422051,0.13855292247454593,-0.05563716955005662,0.0640516807630661,0.11077317857955812,0.10819969213979666,-0.1584245372037297,0.021230393920063744,-0.01769852288201127,0.2321436050151025,-0.03800617977682716,0.09715026843775668,0.13102305042924162,0.05387393980742221,0.024431924339944434,-0.10584945213218455,-0.046868166339109375,-0.09238809452690415,0.09412835160581323,-0.015463233542256451,-0.12467598964471803,-0.05833964990289223,-0.1121363449180065,0.12477459318977603,-0.056944723974110746,-0.16530280886116022,-0.005523573984134842,-0.07799952780029377,0.1215161215959178,0.07777574434579475,-0.06477298890476159,0.0013500815710146912,0.03095146661979499,0.002665396485083072,-0.0493880592781181,0.15692398950522185,-0.09529716043359852,0.04040725186752358,0.015223015726527494,-0.3156019334833152,0.17661878711463344,0.009758305596725728,-0.0776738087875888,0.03312308579213162,0.19794650839452752,-0.0462423215652306,-0.14763042777647892,0.03608717322104389
295531,0,075,S,06075022702,1400000US06075022702,+37.7626143,-122.3955143,G5020,227.02,Census Tract 227.02,06,022702,True,san_francisco,Coastal / compact / bay-influenced,San Francisco,16.363990885969546,True,32.19500000000005,06,California,True,0.9840425531914894,0.5877659574468085,-0.3962765957446809,True,True,Both LST and HI hotspot,False,29.713333333333367,16.363990885969546,0.16888297872340421,48,san_francisco,2024,GOOGLE/SATELLITE_EMBEDDING/V1/ANNUAL,/Users/yufeizhou/Desktop/heat-exposure-compare/data/processed/san_francisco/san_francisco_master_lst_hi_hotcompare.gpkg,san_francisco_master_lst_hi_hotcompare,0.12169386448610632,-0.23488866803061514,0.09850063402479943,-0.003455794119256721,0.0447193179483799,-0.11476855004005175,-0.08761636433103852,-0.06848848326812366,0.003957580513756664,-0.06136266402426036,0.16226976556892136,0.1722669646362892,-0.12149739904036072,-0.19968483749148302,-0.05525358835556447,-0.08660312717141919,0.21112249429377616,0.1336147371134273,-0.035536322165627236,0.0026588083174954673,0.09651517829262116,0.08090257471708791,-0.10444699268402544,0.03267199988525635,-0.04703686818173368,0.19533897472027179,-0.05084094114069791,0.09566483757044267,0.12852276110550054,0.0478009803954792,0.043703252011773275,-0.08878014329759543,0.03342621959393287,-0.1887326645224187,0.07762516943254194,-0.0723885531550363,-0.26539792059773243,0.012933751188702774,-0.10758834891639484,0.08470660702289222,-0.0776517023517638,-0.2348209593235258,-0.0006237485792458132,-0.11312669474847106,0.13614461042397183,0.08588655080673126,-0.07470516005469267,0.08694415583257957,0.14661203627752512,0.03793455055923772,-0.038038041455838334,0.17651453483235166,-0.11961496505057241,0.0673017879028876,0.014313675402572027,-0.2747379751272865,0.16362161004628234,-0.07581547567092894,-0.03166631435606111,-0.025043173814559117,0.16519829413528042,-0.006865560872941283,-0.10488901390862744,0.014188328955035153
356618,0,075,S,06075030202,1400000US06075030202,+37.7630946,-122.4673205,G5020,302.02,Census Tract 302.02,06,030202,True,san_francisco,Coastal / compact / bay-influenced,San Francisco,,True,26.421228070175474,06,California,False,,,,False,False,Missing,False,29.713333333333367,16.363990885969546,0.16888297872340421,49,san_francisco,2024,GOOGLE/SATELLITE_EMBEDDING/V1/ANNUAL,/Users/yufeizhou/Desktop/heat-exposure-compare/data/processed/san_francisco/san_francisco_master_lst_hi_hotcompare.gpkg,san_francisco_master_lst_hi_hotcompare,0.1100126576814038,-0.26615356269557716,0.10737840377687669,-0.010670408581135755,0.0467167039037234,-0.15212162534896345,-0.10059716098100431,-0.0872429413988673,-0.0021815731136928264,-0.02224842658990995,0.13250851155695811,0.11428346571515867,-0.12153559081040731,-0.1996802497572471,-0.0954431793276665,-0.08521625769679371,0.17619330958508878,0.14309298800114745,-0.023254444601919562,0.008110243470437139,0.1003268749886807,0.10656910154508975,-0.0862849362171026,0.07083300138470096,-0.08041901360870193,0.19102536594762312,-0.053397897372398535,0.10753293872910254,0.09587767249148432,0.04317866108748993,0.04318962119190541,-0.10861661693089711,0.018651872613273748,-0.18769082190508238,0.0713830698805486,-0.11021740824827878,-0.24230772792941105,0.05993477658851313,-0.08459673534142548,0.06358149503171856,-0.07760829082176482,-0.2325827253912949,-0.024382114850337297,-0.08750129008082944,0.13604137576363162,0.10224953065163381,-0.08699741283884642,0.05503505444031026,0.18508157449944276,0.024935278338891708,-0.08787260885298277,0.19800229878582573,-0.16706694208572842,0.08815853964395554,0.05586724404946561,-0.3104483505293006,0.14537629042686553,-0.05626119317721714,-0.016846789032893904,-0.002656912129956857,0.14628837189445837,-0.01711242604921391,-0.10080599453140861,0.008659444264211535
407294,0,075,S,06075026001,1400000US06075026001,+37.7235502,-122.4322434,G5020,260.01,Census Tract 260.01,06,026001,True,san_francisco,Coastal / compact / bay-influenced,San Francisco,,True,29.33041666666667,06,California,False,,,,False,False,Missing,False,29.713333333333367,16.363990885969546,0.16888297872340421,50,san_francisco,2024,GOOGLE/SATELLITE_EMBEDDING/V1/ANNUAL,/Users/yufeizhou/Desktop/heat-exposure-compare/data/processed/san_francisco/san_francisco_master_lst_hi_hotcompare.gpkg,san_francisco_master_lst_hi_hotcompare,0.10572345783467237,-0.2876746128888835,0.02786408998919435,0.07045319198729486,0.12976833694446943,-0.09546937459258795,-0.09092767257371565,-0.026783771691433617,-0.04229710530646391,0.04584846008843433,0.11288618507142889,0.012879915699732784,-0.1359751860882034,-0.23943216657554192,-0.10428560947521116,-0.10764205987064178,0.17699660954834637,0.11853141531038104,-0.039492091756463225,0.010956148476873616,0.06926332203673523,0.03803606760605617,-0.1618676392608873,0.003916906872406614,0.005361795700634402,0.2881316448156242,6.125806976481358e-05,0.13840625396121528,0.06012669542833625,-0.017042426546972245,-0.03494987683438862,-0.08691543628465252,-0.013076746677175169,-0.14279642689977742,0.13354688193371989,-0.08826592440368315,-0.1405819898639038,-0.005224041574565106,-0.11105780685292416,0.16435776644572117,0.011868994430801898,-0.22322876253260712,0.04439440780435487,-0.04855797724526555,0.15411320413889396,0.05669969315335535,-0.08691443615614726,0.06187904577958182,0.12614891065590003,-0.0054314965144638475,-0.07814308006994836,0.1926093681350302,-0.05960720170423222,0.10883853128673203,0.044506722193466554,-0.29528314327948263,0.23629564543479198,-0.019597083371912228,-0.04580155502969315,-0.028873700890065718,0.20082829566627805,-0.0029064982728183,-0.09195985093489781,0.04478964116256969
407434,0,075,S,06075026003,1400000US06075026003,+37.7195817,-122.4287703,G5020,260.03,Census Tract 260.03,06,026003,True,san_francisco,Coastal / compact / bay-influenced,San Francisco,,True,29.140088383838417,06,California,False,,,,False,False,Missing,False,29.713333333333367,16.363990885969546,0.16888297872340421,51,san_francisco,2024,GOOGLE/SATELLITE_EMBEDDING/V1/ANNUAL,/Users/yufeizhou/Desktop/heat-exposure-compare/data/processed/san_francisco/san_francisco_master_lst_hi_hotcompare.gpkg,san_francisco_master_lst_hi_hotcompare,0.11548688323888977,-0.27106153104498293,0.03954894645933558,0.08811799882615798,0.14248936379896135,-0.08407999795574622,-0.09029932025402855,-0.007735618689290289,-0.04513982176775845,0.041128271828755635,0.10420344699988976,-0.008151804873119669,-0.1633780856821378,-0.2413675400726703,-0.11845635081376027,-0.0957426473168327,0.15397141628298536,0.11348123867849315,-0.04411967216690828,-0.014665222238550595,0.07783723166354535,0.036842431425270314,-0.17035696587075055,-0.010195361683952868,-0.0025980439770038233,0.29175406685608596,-0.030977528714975347,0.16094632444127746,0.0541733273626519,-0.006454740095335117,-0.021171576237303258,-0.09097335301101976,-0.004365317668504323,-0.1296781392699484,0.11591202425912815,-0.05912238245904835,-0.1087945006766045,0.012997610045970446,-0.14156898052930417,0.15733806196791278,0.01430451154518302,-0.22590286172495058,0.04704072668282628,-0.03112326642960819,0.16699628445017092,0.06745366775954363,-0.08452662879719298,0.05469150445405874,0.10454606154804685,-0.021792476565935696,-0.08004203940166219,0.2024382324478052,-0.062099246554008065,0.1088519959417722,0.015065185698167335,-0.29658819005714765,0.2347115637671207,-0.01270849540023077,-0.0308611942087046,-0.0068269028963293754,0.20095110336916505,-0.03714610747020777,-0.09367019944210465,0.04117772694482126
186639,0,075,S,06075026404,1400000US06075026404,+37.7096685,-122.4152901,G5020,264.04,Census Tract 264.04,06,026404,True,san_francisco,Coastal / compact / bay-influenced,San Francisco,,True,28.15451690821257,06,California,False,,,,False,False,Missing,False,29.713333333333367,16.363990885969546,0.16888297872340421,52,san_francisco,2024,GOOGLE/SATELLITE_EMBEDDING/V1/ANNUAL,/Users/yufeizhou/Desktop/heat-exposure-compare/data/processed/san_francisco/san_francisco_master_lst_hi_hotcompare.gpkg,san_francisco_master_lst_hi_hotcompare,0.194515894636526,-0.22739390700659967,0.018624686797426997,0.05328140141002091,0.10174895731479362,-0.05612080974314194,0.02840164611273064,-0.0539477902916324,-0.04526155756686514,0.04195349567512363,0.06355082717342243,-0.04794333737195805,-0.21911039418437342,-0.22810499335832482,-0.10919543434610159,-0.2075548783120329,0.1568467960598015,0.0503436312819559,-0.06411014620894812,0.0790747957017288,0.09515516363455187,0.042059014639516376,-0.20491312189262467,-0.02095990932155746,-0.0007022176075554154,0.2948850031778295,-0.012628507220564193,0.08974139255779073,0.13463657655520597,0.054706399921804594,0.008661394115562979,-0.14126452628377573,-0.010194006318260482,-0.12551855574344026,0.12241973597974809,-0.016222439864797832,-0.13676387057084768,-0.036443640479053976,-0.10932467697144183,0.05515194982504166,-0.028553375450654336,-0.18315402978903886,-0.032279398172094666,-0.03591081568096123,0.13287606345665123,0.05949489768434868,-0.07949086588709375,-0.025943060755857974,-0.006024453586565825,0.040245063758589425,-0.0980857663839537,0.17046106567519595,-0.09399814412569706,0.05982950936823709,0.03459170917824833,-0.29502715739606866,0.1741220005739338,0.012837645929276081,-0.03850174226170393,-0.023238696638096072,0.23182629544132075,-0.09532953251699242,-0.1758548446608051,0.09647104331100709
363722,12207,075,S,06075025401,1400000US06075025401,+37.7396295,-122.4224695,G5020,254.01,Census Tract 254.01,06,025401,True,san_francisco,Coastal / compact / bay-influenced,San Francisco,,True,28.724736111111138,06,California,False,,,,False,False,Missing,False,29.713333333333367,16.363990885969546,0.16888297872340421,53,san_francisco,2024,GOOGLE/SATELLITE_EMBEDDING/V1/ANNUAL,/Users/yufeizhou/Desktop/heat-exposure-compare/data/processed/san_francisco/san_francisco_master_lst_hi_hotcompare.gpkg,san_francisco_master_lst_hi_hotcompare,0.19777934315371987,-0.22619681234059374,0.028085557657629615,0.027368734818060306,0.08953268726449183,-0.08293884821659404,0.013564406644593343,-0.04412359044498597,0.04100681357404534,-0.05953539675802304,0.07806763783521187,0.01805843492638947,-0.2465490510085875,-0.2305643076526498,-0.04626336627073087,-0.11217506190125004,0.12273379697666778,0.08952508659021123,-0.06535814296947054,0.07766279658507169,0.10568148757176268,0.07293894253534829,-0.15839543944039766,-0.006357896120069637,0.011313258412551304,0.27205151663148386,-0.026118817741205187,0.06750246104153963,0.1335838860988344,0.05073618786115352,0.03458059599556883,-0.07599954107114666,-0.031707835023486265,-0.04111505109928656,0.129754252627171,-0.023067616603517464,-0.14461318184285787,-0.038496702634259576,-0.08968735978789175,0.05372489971114945,-0.053580566646115886,-0.1686240916798503,0.01421553990722991,-0.050528968651485484,0.11447440284342528,0.052202431692783526,-0.09831752789319032,0.02356975990047954,0.009747678952590402,0.02177636702557123,-0.057771984948237105,0.10703051618678469,-0.10156320438540874,0.08992191151250793,0.03996822598557303,-0.3030854664262592,0.19112283277970077,0.021416980410787698,-0.061201436299650545,0.04494919271990173,0.2164422624887011,-0.05695483841649243,-0.1682979826317811,0.07861906891009258
328175,0,075,S,06075060502,1400000US06075060502,+37.7114639,-122.4204799,G5020,605.02,Census Tract 605.02,06,060502,True,san_francisco,Coastal / compact / bay-influenced,San Francisco,,True,28.40295532646051,06,California,False,,,,False,False,Missing,False,29.713333333333367,16.363990885969546,0.16888297872340421,54,san_francisco,2024,GOOGLE/SATELLITE_EMBEDDING/V1/ANNUAL,/Users/yufeizhou/Desktop/heat-exposure-compare/data/processed/san_francisco/san_francisco_master_lst_hi_hotcompare.gpkg,san_francisco_master_lst_hi_hotcompare,0.16637952328673694,-0.19146994423864788,0.073823676967908,0.08373221343433385,0.09040501703006439,-0.016808050859988155,0.05420710478900939,0.00684986327456524,-0.02248758869078639,0.0011745800363782957,0.05638427638096059,-0.030102652464779386,-0.22865426746193188,-0.21702973790883354,-0.053241319059205754,-0.13618508094739878,0.0775393610370679,0.08991087164440269,-0.10569146445744307,0.05458498454848061,0.1382472470343124,0.06316420449918154,-0.16527002719572698,0.03518025322689485,0.03247581922729959,0.25720892733698497,-0.0635340858219457,0.0979121123301719,0.15543548139258545,0.052775159928555596,0.03361940437071479,-0.08945851543867354,0.01528328562873907,-0.09040926349435988,0.03831904478691535,0.026090475486013547,-0.08983717853552879,-0.07278941737872338,-0.1619463965782704,0.05443734948815751,0.006050237152406635,-0.19263691442986403,-0.050536291808692416,-0.05529178484226029,0.16115571787366287,0.1189350396322416,0.007031654678135927,-0.03279407465679693,-0.024789434593334173,-5.1118686374655274e-05,-0.12596461677097479,0.19149036634124242,-0.09448366969600394,0.061994747740112224,-0.032089400788432025,-0.3386610634848939,0.1616307559698351,-0.015275483316674884,-0.02598563937465506,0.015633158754351135,0.18422037638698618,-0.10956341481300103,-0.05712638509060256,0.01971386788413293
384459,0,075,S,06075045100,1400000US06075045100,+37.7775849,-122.4613475,G5020,451,Census Tract 451,06,045100,True,san_francisco,Coastal / compact / bay-influenced,San Francisco,,True,25.99000000000001,06,California,False,,,,False,False,Missing,False,29.713333333333367,16.363990885969546,0.16888297872340421,55,san_francisco,2024,GOOGLE/SATELLITE_EMBEDDING/V1/ANNUAL,/Users/yufeizhou/Desktop/heat-exposure-compare/data/processed/san_francisco/san_francisco_master_lst_hi_hotcompare.gpkg,san_francisco_master_lst_hi_hotcompare,0.09685575696450917,-0.2744552093113561,0.11482767653069877,-0.005986256576235157,0.04765606795621915,-0.14386711374437983,-0.08362093165695997,-0.07309477693752992,-0.014586293963876291,-0.02177664360930837,0.1292400453762075,0.13082005765244537,-0.11457583859181224,-0.17589899241376913,-0.100457839005896,-0.07846192483119271,0.17242018022660507,0.12907284870003868,-0.015351340495433572,-0.012947495052691273,0.08571410919962348,0.09709259466384396,-0.0787827211696723,0.09122658718645063,-0.07186254711102219,0.19194110349959717,-0.06298815887293338,0.11080540150374958,0.10821237643991671,0.016818553261824746,0.025330556223715852,-0.12971950831956186,0.02317302524245357,-0.19544333612224724,0.06248287591328961,-0.11447804110408424,-0.23288831361042336,0.053362252290308936,-0.0877323880420431,0.07072351258412962,-0.08893632221532702,-0.23276574103642564,-0.015872037744993663,-0.07956515167655775,0.14426871897819976,0.11395958478699295,-0.07509248031907426,0.04979807259351471,0.19315970620669395,0.002618298624750465,-0.10894279881443762,0.2145255260939783,-0.1513737935103152,0.09612415859188597,0.032689993451234765,-0.31911761143691025,0.12751089138650928,-0.0759552871520623,0.010516229840113283,-0.0187674718351526,0.14788832205439906,0.00015838040407324734,-0.08761500501150515,-0.018328664458390344
370446,0,075,S,06075016500,1400000US06075016500,+37.7741957,-122.4477882,G5020,165,Census Tract 165,06,016500,True,san_francisco,Coastal / compact / bay-influenced,San Francisco,16.363990885969546,True,27.501220472441002,06,California,True,0.3404255319148936,0.5877659574468085,0.24734042553191488,False,True,HI-only hotspot,True,29.713333333333367,16.363990885969546,0.16888297872340421,56,san_francisco,2024,GOOGLE/SATELLITE_EMBEDDING/V1/ANNUAL,/Users/yufeizhou/Desktop/heat-exposure-compare/data/processed/san_francisco/san_francisco_master_lst_hi_hotcompare.gpkg,san_francisco_master_lst_hi_hotcompare,0.07977671473236334,-0.22215211152134898,0.1977490928063519,-0.01505277143199371,0.011021650914347736,-0.1633339575751674,-0.07898746214923899,-0.04818566470931282,-0.027809868645157783,-0.054980455837848795,0.12408993507985441,0.19759525695532595,-0.04747432691151842,-0.13309382887176727,-0.10291276418963197,0.001984624252487966,0.12596299752187007,0.16592199117835593,0.0032403508041197026,-0.0663731866115562,0.12940047568470808,0.14887857373700902,-0.016014006641003664,0.1377700817789683,-0.05689610451360369,0.08800437118507672,-0.0638359577598038,0.07474648264939222,0.13404973397956021,0.014098066944672109,0.03747295071449917,-0.07903111991221028,0.03648534661564494,-0.1705271134765301,0.018395782044220776,-0.13540151633572117,-0.23669515643063194,0.05801703761093109,-0.09238614600823078,-0.0346476664275874,-0.11919449573172922,-0.21618277016973342,-0.025050599521354033,-0.13680120428636458,0.13074930348568298,0.18026954364480136,-0.062013033080690685,0.11204042914071267,0.22688059535039837,0.017483684141008593,-0.08478577939797617,0.21420485228935535,-0.21399445150423452,0.03157855258299819,0.02741120457799266,-0.3100293309190357,0.09968786132095325,-0.11732314600978748,0.06482046192165901,-0.014232086159879333,0.08344158824392403,0.014875443544893556,0.006842378260274963,-0.08067534176946649
233721,0,075,S,06075015300,1400000US06075015300,+37.7867618,-122.4393346,G5020,153,Census Tract 153,06,015300,True,san_francisco,Coastal / compact / bay-influenced,San Francisco,16.363990885969546,True,27.693333333333328,06,California,True,0.3723404255319149,0.5877659574468085,0.2154255319148936,False,True,HI-only hotspot,True,29.713333333333367,16.363990885969546,0.16888297872340421,57,san_francisco,2024,GOOGLE/SATELLITE_EMBEDDING/V1/ANNUAL,/Users/yufeizhou/Desktop/heat-exposure-compare/data/processed/san_francisco/san_francisco_master_lst_hi_hotcompare.gpkg,san_francisco_master_lst_hi_hotcompare,0.07243965673280238,-0.23448433762846113,0.22776250760058303,-0.04810517244113589,0.011725328816463218,-0.16170359027162845,-0.08435298453998309,-0.05679409385932699,-0.028738779623186626,-0.07809055409600393,0.12309062690551376,0.23014627350821076,-0.014305129844886414,-0.1289935542995355,-0.06982923719855007,-0.010771550054370322,0.14964445486687442,0.16898124440455745,0.02487827822626976,-0.04967482835160709,0.12010170284303044,0.14710686070511308,-0.00847257030317533,0.13256114113311662,-0.037359550706862026,0.0837228772128679,-0.03744679967704497,0.06925416664502801,0.13738865595367472,-0.019062305968497232,0.043247346874847936,-0.07117709580483196,0.009609263132702928,-0.17670649752905662,0.02606351522330337,-0.14604036380898253,-0.25464845512973844,0.03907224193082485,-0.06602853279898156,-0.027080452237727853,-0.12263221461340892,-0.19661111463006042,-0.011680674446688721,-0.16399376225290915,0.11036553993553246,0.16789374408287877,-0.07199417329669608,0.11875740167963464,0.23532180408439182,0.04519713871082655,-0.09146960228470945,0.20477411931878886,-0.20877287007053988,0.020320438701800992,0.06374337643591863,-0.2724842068803007,0.09361707782250839,-0.1300113518043566,0.04448161578091582,-0.04397496504541556,0.08892025916330192,0.017281074640282133,-0.0004292537532781795,-0.06739644101068025
235184,0,075,S,06075013500,1400000US06075013500,+37.7908976,-122.4325551,G5020,135,Census Tract 135,06,013500,True,san_francisco,Coastal / compact / bay-influenced,San Francisco,16.363990885969546,True,27.97039473684212,06,California,True,0.4148936170212766,0.5877659574468085,0.1728723404255319,False,True,HI-only hotspot,True,29.713333333333367,16.363990885969546,0.16888297872340421,58,san_francisco,2024,GOOGLE/SATELLITE_EMBEDDING/V1/ANNUAL,/Users/yufeizhou/Desktop/heat-exposure-compare/data/processed/san_francisco/san_francisco_master_lst_hi_hotcompare.gpkg,san_francisco_master_lst_hi_hotcompare,0.0695512416152439,-0.23842599007263157,0.2327960152663805,-0.042943695677520405,0.014795449823115241,-0.17411657404342104,-0.08022181847984447,-0.04798576381528927,-0.022666195030309214,-0.06905670007328453,0.1076183831768074,0.20987375056075208,-0.013268275371190333,-0.1153018647389559,-0.0816927683490063,-0.03123639939675085,0.16061816871332632,0.17718317429222308,0.018776806668086298,-0.04275865599629357,0.12450610200224582,0.1447863005236907,-0.01294324533718859,0.12482432459152201,-0.041838935318008016,0.07570136846751123,-0.04557920877156054,0.06809242776959577,0.12941514415004804,-0.009107571192106695,0.058534502002406084,-0.07444527336280285,0.008829390714901705,-0.17308156251751924,0.014355725133100227,-0.15014141813333876,-0.2635232053672228,0.05498195647396271,-0.06391947685841765,-0.02211498307695323,-0.11162350505911488,-0.19680915130075669,-0.016067474581551673,-0.18071265011090623,0.09245351225410005,0.17789582128742737,-0.08547541923444826,0.13402487812390437,0.22953003784681586,0.0522661659822551,-0.09763114725705874,0.21156401744614176,-0.20194066161296945,0.020971825210468576,0.08508104735035381,-0.2591490128815671,0.07997310793082532,-0.12349208351001593,0.048461139743502156,-0.042172804234447775,0.1008316789916663,0.0051941401308951965,0.0057614447256122735,-0.060433573120794996
1246230,454763,075,S,06075023103,1400000US06075023103,+37.7326764,-122.3732109,G5020,231.03,Census Tract 231.03,06,023103,True,san_francisco,Coastal / compact / bay-influenced,San Francisco,,True,30.44027184466022,06,California,False,,,,False,False,Missing,False,29.713333333333367,16.363990885969546,0.16888297872340421,59,san_francisco,2024,GOOGLE/SATELLITE_EMBEDDING/V1/ANNUAL,/Users/yufeizhou/Desktop/heat-exposure-compare/data/processed/san_francisco/san_francisco_master_lst_hi_hotcompare.gpkg,san_francisco_master_lst_hi_hotcompare,0.06458026365857923,-0.21580879131875444,0.016854476979250514,0.03926607673738637,0.0617089370060423,-0.009297603118199677,-0.014208179899388078,0.033777286324473674,-0.01646194820377621,-0.007818299833405146,0.12685985719542817,-0.0009068246447572968,-0.1404304933558416,-0.23886558268073407,-0.012856174016526863,-0.07771739577839556,0.1265445044036873,0.057340292820948956,-0.09651322836834211,0.0005308531462729677,0.10551726499869889,0.07990866395559389,-0.1427566919860449,0.08675849866563688,-0.02995782153029026,0.12688975369375585,-0.024208874854964105,0.0371217964834816,0.15100091031841406,0.03142143015392334,-0.03411546483863538,0.0025979025057064294,0.08409783639364599,-0.1365225515368666,0.013949673299189547,0.04272272857751278,-0.02617504486585764,-0.049129773902338816,-0.1688386169140666,0.13911166187562823,-0.05213759953567781,-0.22634484285097936,0.046644462564203036,-0.076642725133274,0.12894380791970209,0.1306438968963137,-0.06028130693872802,0.052323603666943164,0.019679333911748257,-0.014039675227755696,-0.08498830930715989,0.1958830258719978,-0.11351247824730158,0.03136821646866005,-0.018024440466383115,-0.24053203574253074,0.1314807691740864,-0.016977350047348138,-0.013718932080844851,0.0018727793711996446,0.13739768796307017,-0.11629292298869608,-0.010426412275673213,0.09534043546681248
578057,0,075,S,06075022801,1400000US06075022801,+37.7607269,-122.4125113,G5020,228.01,Census Tract 228.01,06,022801,True,san_francisco,Coastal / compact / bay-influenced,San Francisco,16.363990885969546,True,32.15417975567194,06,California,True,0.9787234042553191,0.5877659574468085,-0.39095744680851063,True,True,Both LST and HI hotspot,False,29.713333333333367,16.363990885969546,0.16888297872340421,60,san_francisco,2024,GOOGLE/SATELLITE_EMBEDDING/V1/ANNUAL,/Users/yufeizhou/Desktop/heat-exposure-compare/data/processed/san_francisco/san_francisco_master_lst_hi_hotcompare.gpkg,san_francisco_master_lst_hi_hotcompare,0.10633548187567399,-0.25131167721084247,0.15037217507534442,-0.043121855483517775,0.03900337101340747,-0.16980185452969415,-0.067186537566648,-0.060040857015525785,-0.06883336683849305,-0.011424430665484552,0.13582924846932898,0.16048029509080752,-0.06734107333261492,-0.1854177635584098,-0.09673099474264181,-0.09906213109885059,0.203538862790674,0.12587620077833533,-0.015455233208709025,-0.01264641660330846,0.08862862408864897,0.09352577444605589,-0.10764886609148344,0.04835943300859188,-0.04021988570139145,0.12631568320039158,-0.06335445774907618,0.1353561497512366,0.09434533982642601,0.02564785381038016,0.06198033863502902,-0.1156498414833673,0.029505081028178566,-0.2040945134225262,0.057340792320803656,-0.0899312961395595,-0.2889800354306837,0.03372375137926926,-0.08640705518569326,0.028183271954542313,-0.07961555614515609,-0.2061862003193306,-0.015013127644685037,-0.12116179691127885,0.10611470544270107,0.1424150538055974,-0.07652108485042015,0.07376629102365181,0.16825254267430223,0.05604511278990195,-0.09701106313002832,0.23240767462956005,-0.17098289492725086,0.046919019835191436,0.04791609121904597,-0.25828631911650113,0.11405740214900038,-0.08214419181434156,0.029910330885959884,-0.04084887469099615,0.11344635084705645,-0.040550258144783045,-0.10895820533469516,0.011719390741714217
933506,0,075,S,06075018000,1400000US06075018000,+37.7753353,-122.4022844,G5020,180,Census Tract 180,06,018000,True,san_francisco,Coastal / compact / bay-influenced,San Francisco,16.363990885969546,True,30.892419175027875,06,California,True,0.9042553191489362,0.5877659574468085,-0.3164893617021277,True,True,Both LST and HI hotspot,False,29.713333333333367,16.363990885969546,0.16888297872340421,61,san_francisco,2024,GOOGLE/SATELLITE_EMBEDDING/V1/ANNUAL,/Users/yufeizhou/Desktop/heat-exposure-compare/data/processed/san_francisco/san_francisco_master_lst_hi_hotcompare.gpkg,san_francisco_master_lst_hi_hotcompare,0.08068835130590238,-0.2729511787286995,0.06897703911227684,0.014552999319193122,0.06974873071751951,-0.1608909357432069,-0.0304116492876137,-0.004388038949959764,-0.1761335942269581,0.08679402171387478,0.1176614645194863,0.09176674160426303,-0.04074159661695641,-0.17800768192805488,-0.14050889441012032,-0.16288122553405096,0.2338708400867943,0.0957701691861465,-0.029787425900940554,0.032949364742297184,0.06579969843993973,0.006256053994968004,-0.15814152142222546,-0.015289534694354791,0.034595643750503106,0.1489426626908952,0.006490064552436472,0.15734890103999413,0.031274307561975585,0.01171950067946,0.0025008345482631744,-0.10889785279133017,0.007610811149066005,-0.19905786066822637,0.0726435712898812,-0.09324498458903897,-0.23030834847451834,-0.0490216392647243,-0.07808688216960402,0.12277095312169747,0.011408312522945812,-0.16941889766279927,0.024695514893753715,-0.12095832787440342,0.0816714300130298,0.13973342149895987,-0.07317632092122786,0.07007696144478015,0.1442202454957881,0.027316814188234166,-0.12731113587956666,0.25195586371438256,-0.08167105600993113,0.02126528696895594,0.07994552209484813,-0.2234354027975636,0.1392107806574673,-0.04984943965498755,0.019827885020572728,-0.10940971282016859,0.13079388403577027,-0.0400861996437747,-0.09158587935461607,0.047905909713694274
268261,0,075,S,06075010300,1400000US06075010300,+37.8016200,-122.4156810,G5020,103,Census Tract 103,06,010300,True,san_francisco,Coastal / compact / bay-influenced,San Francisco,16.363990885969546,True,26.896137254901998,06,California,True,0.26595744680851063,0.5877659574468085,0.32180851063829785,False,True,HI-only hotspot,True,29.713333333333367,16.363990885969546,0.16888297872340421,62,san_francisco,2024,GOOGLE/SATELLITE_EMBEDDING/V1/ANNUAL,/Users/yufeizhou/Desktop/heat-exposure-compare/data/processed/san_francisco/san_francisco_master_lst_hi_hotcompare.gpkg,san_francisco_master_lst_hi_hotcompare,0.08308224461994422,-0.19906620362224622,0.1507358424713098,-0.014003641762023506,0.03439106363103441,-0.13443010196830762,-0.09062749964608892,-0.06679733542202959,0.008428665254199857,-0.0585507642368269,0.15851767941116734,0.18515943157532294,-0.07023606399440029,-0.16286428909109363,-0.06366986420401957,-0.039142320349968875,0.19069524766707677,0.12585064816367544,-0.06290395955657482,0.0018016010393313592,0.1288917401962528,0.07885780865345435,-0.03595431968594052,0.12139046581426673,-0.025953793431182596,0.0894662968526007,-0.060659872035076695,0.060832225622556454,0.12348484498803335,0.03658302213227426,0.06201626540649227,-0.04680086102253585,0.09963380590175369,-0.18369534950714703,0.02814434625720587,-0.10126854807879244,-0.25016154012583436,0.05780831595658031,-0.08253510013779311,-0.020280241457031563,-0.11463901406277337,-0.24207040987522058,-0.00809802015190339,-0.1643652320566822,0.11915539986877904,0.18661797585775844,-0.040616306274378934,0.10388242920074252,0.2240824953221882,0.06648603628403442,-0.09216979734244696,0.21669673899608272,-0.18456330404711535,0.0749812854966279,0.09158577245439453,-0.27899172010964873,0.09402443663944528,-0.13668643493208887,0.06632083096116252,-0.06462131663219184,0.10596912571921754,-0.022727308621680986,0.01291750691995659,-0.04773452993892452
676089,501830,075,S,06075010500,1400000US06075010500,+37.8026835,-122.3990500,G5020,105,Census Tract 105,06,010500,True,san_francisco,Coastal / compact / bay-influenced,San Francisco,16.363990885969546,True,27.97954545454551,06,California,True,0.42021276595744683,0.5877659574468085,0.16755319148936165,False,True,HI-only hotspot,True,29.713333333333367,16.363990885969546,0.16888297872340421,63,san_francisco,2024,GOOGLE/SATELLITE_EMBEDDING/V1/ANNUAL,/Users/yufeizhou/Desktop/heat-exposure-compare/data/processed/san_francisco/san_francisco_master_lst_hi_hotcompare.gpkg,san_francisco_master_lst_hi_hotcompare,0.04124713820850891,-0.2699030353814495,0.014748852854553579,-0.04602012458461767,0.009901271039897998,-0.09306582283990512,0.004230826631757965,0.020123940702163626,-0.05431124400403666,0.02013714786839853,0.13779719072681426,0.014144645775248722,-0.0446561046456018,-0.20520400674080286,-0.021039804571044048,-0.09571842724310882,0.17923913864384472,0.0177789257859006,-0.0736492673598934,0.03871844045778245,0.0764519371684148,0.06678966319636773,-0.12413816781610426,0.09929169034737918,-0.07218107936739313,0.046710222494299285,-0.030354388256784614,0.024771945004225544,0.1517719818341744,0.011932761092742893,-0.04030300710330835,-0.0193974855884762,0.06794703849059996,-0.13312295994815354,0.005947711488350974,-0.02845168927071422,-0.08068067812822448,-0.03584779677487474,-0.10241224260354385,0.07789429841926283,-0.09915444991820195,-0.19955130905840443,0.06722339686921071,-0.059943776049741625,0.05367930881279791,0.2050607537927472,-0.11079542443902912,0.08169672943823868,0.046999191341184236,0.017136803936994745,-0.12320802538213639,0.22622084581808055,-0.17187333651853903,0.028919743604417396,0.05470641990318019,-0.17319813807029344,0.05436377421271242,-0.0019150384578458285,0.06115869215737219,-0.05464962317869666,0.06570528060437293,-0.1601728866629996,-0.010390386524483314,0.11594521973134818
187223,0,075,S,06075010600,1400000US06075010600,+37.7993784,-122.4063879,G5020,106,Census Tract 106,06,010600,True,san_francisco,Coastal / compact / bay-influenced,San Francisco,16.363990885969546,True,28.697852564102618,06,California,True,0.6170212765957447,0.5877659574468085,-0.0292553191489362,False,True,HI-only hotspot,True,29.713333333333367,16.363990885969546,0.16888297872340421,64,san_francisco,2024,GOOGLE/SATELLITE_EMBEDDING/V1/ANNUAL,/Users/yufeizhou/Desktop/heat-exposure-compare/data/processed/san_francisco/san_francisco_master_lst_hi_hotcompare.gpkg,san_francisco_master_lst_hi_hotcompare,0.06498272973712821,-0.21269912614406708,0.2131077431083564,-0.050617892793380054,0.0033781380838435325,-0.18466688027596434,-0.059970786263223594,-0.026337786873104403,-0.05621639573667084,-0.02570560185017091,0.11625439389695673,0.1839892337660622,-0.012093516501623297,-0.12915169076601007,-0.07906370212131915,-0.04633623446679602,0.18297199454521715,0.15851606272103128,-0.006019350389993266,-0.06795420461111405,0.13625268586119846,0.11794442126457692,-0.05520879161540016,0.10285833381379916,-0.02295315098016663,0.027228545399266276,-0.06546086162971995,0.11363698029183877,0.12000304524445328,0.01152486895528241,0.07708672098513174,-0.07267933388486027,0.03162735407412134,-0.19125971278882264,-0.005390123546441669,-0.12413917295742619,-0.27717375500172586,0.05703003148389702,-0.08279426690736674,-0.02751349723028042,-0.07040596657492913,-0.19064301650484552,-0.03108264306913517,-0.18784934273780773,0.07662063385646445,0.19536700280175384,-0.0688381230653733,0.1006295726895984,0.214282974277272,0.07116367869367406,-0.11049367576513859,0.2564457930890071,-0.18984116315733213,0.0007585471912032331,0.06059810346937872,-0.24466949393077925,0.07130500375430046,-0.12623385051726457,0.07526281732189652,-0.0474389862255929,0.08302908359025182,-0.04138404467129402,-0.012225230655888696,-0.051195264635980564
226072,0,075,S,06075010800,1400000US06075010800,+37.7964984,-122.4142913,G5020,108,Census Tract 108,06,010800,True,san_francisco,Coastal / compact / bay-influenced,San Francisco,16.363990885969546,True,28.432018779342762,06,California,True,0.5691489361702128,0.5877659574468085,0.018617021276595702,False,True,HI-only hotspot,True,29.713333333333367,16.363990885969546,0.16888297872340421,65,san_francisco,2024,GOOGLE/SATELLITE_EMBEDDING/V1/ANNUAL,/Users/yufeizhou/Desktop/heat-exposure-compare/data/processed/san_francisco/san_francisco_master_lst_hi_hotcompare.gpkg,san_francisco_master_lst_hi_hotcompare,0.09123256635112374,-0.18580551167509488,0.1991906261367951,-0.0274968998030171,0.0358537277678578,-0.15498775366149778,-0.07116538959067291,-0.032461842760208685,-0.014302205818261004,-0.06328550344701868,0.14127870496236755,0.23659128438459587,-0.048584935797151015,-0.13755919827231008,-0.07032316653360457,-0.03759361326439649,0.1871367810069384,0.16273978449893786,-0.01084589322846039,-0.019855560420098294,0.14674386916799598,0.1034980604848738,-0.031711679887734115,0.10183541408883169,-0.010326894734353635,0.05876537400919323,-0.07266002009276402,0.08289447252954406,0.12380689655578826,0.024540645396473503,0.07693511972940512,-0.047063866848295714,0.0405332746736452,-0.17588967394785443,0.031240953905719814,-0.11036975243233846,-0.29961829366208265,0.02053209368230211,-0.07523520490060144,-0.03837771835990409,-0.09597417323706807,-0.21394953189042062,-0.016418911200937546,-0.19445223349532648,0.0780007141309824,0.16783739322718555,-0.07367087039087808,0.11190108581640916,0.19923604143043408,0.06674456448902813,-0.0825249577444972,0.2134465977155935,-0.1886320464277584,0.045891503648382306,0.06540838459709378,-0.2725594738052125,0.07986047888299778,-0.12716513962614892,0.05996152696217285,-0.0496531801551923,0.08514312887355653,-0.0139501241907963,-0.024224034696515167,-0.047185976148461165
177415,0,075,S,06075011200,1400000US06075011200,+37.7929713,-122.4127333,G5020,112,Census Tract 112,06,011200,True,san_francisco,Coastal / compact / bay-influenced,San Francisco,16.363990885969546,True,28.833511904761945,06,California,True,0.6276595744680851,0.5877659574468085,-0.039893617021276584,False,True,HI-only hotspot,True,29.713333333333367,16.363990885969546,0.16888297872340421,66,san_francisco,2024,GOOGLE/SATELLITE_EMBEDDING/V1/ANNUAL,/Users/yufeizhou/Desktop/heat-exposure-compare/data/processed/san_francisco/san_francisco_master_lst_hi_hotcompare.gpkg,san_francisco_master_lst_hi_hotcompare,0.09181304710192746,-0.1871104610813523,0.1884421586526265,-0.03516913958978731,0.028654319976699594,-0.16746823596407412,-0.04909085362039616,-0.018472655164717675,-0.026428536872309217,-0.0611095251130585,0.145943562641945,0.23766977389983096,-0.039024149214348595,-0.11362921868881093,-0.08700817634958467,-0.053635002068236626,0.20234217187542203,0.14852762030741826,-0.018878281136476112,-0.022675351565237235,0.14645252781673546,0.08875567143555688,-0.03194240613502376,0.10473511969219114,0.0035116534837979075,0.03859523095209069,-0.06450043499923323,0.08002840981652767,0.12999639643423477,0.019033696849944416,0.06677954419884899,-0.05031322410878204,0.025498877544076728,-0.17766443653248992,0.02213723302376736,-0.11747715509274431,-0.30466756846662585,0.019369997578379677,-0.0639305618992594,-0.06489863254988013,-0.09452921381499564,-0.2225793278722588,-0.002399859984925568,-0.19699569065296335,0.06774268752895565,0.1858885691642009,-0.09692475056697145,0.11989511185037059,0.1885200330598742,0.07370732229745759,-0.11068578749706053,0.21553165861427653,-0.1789409755774119,0.05147843928839169,0.07730026251619584,-0.25694195070250725,0.06513377859580642,-0.13438213662330453,0.06870957392764611,-0.07608191949279398,0.09348634229800937,-0.01580645017285682,-0.008276452665281235,-0.01669017696132893
102298,0,075,S,06075011300,1400000US06075011300,+37.7946971,-122.4093492,G5020,113,Census Tract 113,06,011300,True,san_francisco,Coastal / compact / bay-influenced,San Francisco,16.363990885969546,True,29.006666666666717,06,California,True,0.6409574468085106,0.5877659574468085,-0.05319148936170215,False,True,HI-only hotspot,True,29.713333333333367,16.363990885969546,0.16888297872340421,67,san_francisco,2024,GOOGLE/SATELLITE_EMBEDDING/V1/ANNUAL,/Users/yufeizhou/Desktop/heat-exposure-compare/data/processed/san_francisco/san_francisco_master_lst_hi_hotcompare.gpkg,san_francisco_master_lst_hi_hotcompare,0.07391121893509241,-0.18467989254119788,0.17006209665408406,-0.05203109001614995,0.01432650075815604,-0.18226311771291934,-0.03519004644149912,-0.03800886097803609,-0.0608493787589699,-0.022821590593219015,0.15683053972410793,0.220617343445573,-0.013190172533289109,-0.11074244357411966,-0.10046607111326084,-0.055495931932722536,0.2221986664515809,0.11158162765942005,-0.018624390294466334,-0.026468317259758217,0.14297900236797723,0.07497323121672875,-0.037038391098714644,0.08974527208319083,0.00014223550208292672,0.005166842791549625,-0.05611457239086533,0.12362114908287672,0.09944774919381419,0.009821385224562097,0.09322733673774732,-0.05339914079597932,0.04445055700194111,-0.2136556334094484,0.011890505333448143,-0.12509925157323593,-0.3391677584867487,0.021214948480438284,-0.05507164972294719,-0.05003595616105866,-0.08036282610812476,-0.204134725871646,-0.01232151882657786,-0.19005409417329158,0.05810579909124146,0.19062426265609375,-0.06738827679182169,0.07063047452044022,0.2018469812927863,0.0785621751582417,-0.1294366898877369,0.2397117817553783,-0.1947024121367332,0.03421924966356651,0.08278073308099704,-0.2527004035266356,0.05390047805049597,-0.13778996135599655,0.09254301793911911,-0.107342826954141,0.069672175800166,-0.03457842193083999,-0.038305739617137236,-0.023086071291477696
551749,0,075,S,06075011700,1400000US06075011700,+37.7904975,-122.4034750,G5020,117,Census Tract 117,06,011700,True,san_francisco,Coastal / compact / bay-influenced,San Francisco,16.363990885969546,True,29.207839147286865,06,California,True,0.6914893617021277,0.5877659574468085,-0.10372340425531923,False,True,HI-only hotspot,True,29.713333333333367,16.363990885969546,0.16888297872340421,68,san_francisco,2024,GOOGLE/SATELLITE_EMBEDDING/V1/ANNUAL,/Users/yufeizhou/Desktop/heat-exposure-compare/data/processed/san_francisco/san_francisco_master_lst_hi_hotcompare.gpkg,san_francisco_master_lst_hi_hotcompare,0.0822487441549361,-0.18488922649830553,0.1275131068891555,-0.07299188073415348,0.009227203224513182,-0.18835044390338798,0.040653047445217826,0.011751151176486863,-0.10129727625445357,-0.013141953949335707,0.13119238051389046,0.19296158295386037,-0.011109832959186513,-0.07558477286153305,-0.13922816693950743,-0.11242166219056952,0.22910695443962792,0.0737572452127229,-0.03256899556753106,0.01568625050079672,0.13636096852421298,0.061486457986395966,-0.07202320601630245,0.09449914131794386,0.05467187570709493,-0.022338007418757303,-0.032837395363708076,0.0917914030014785,0.13253099381081093,-0.03246695394081969,0.07853892703703672,-0.020242493542717656,-0.01877564065273918,-0.14195525403208986,0.010708864290608935,-0.1218375001142115,-0.3131672157196306,-0.010659611571604999,-0.018304512801209802,-0.11904727492097976,-0.08789977674512366,-0.2092979089228395,0.03829515820553771,-0.15325965391593854,0.042600610333282656,0.23936007068306978,-0.13667177654058055,0.08577316189091165,0.12669617865216,0.08631878124035737,-0.20203341212970444,0.20799669869251786,-0.15396860043567262,0.04874821683857345,0.0924448636361914,-0.22171139727105335,0.03488476541951655,-0.11736129399545332,0.09083745028948652,-0.1354848718137408,0.07036026842535796,-0.04930718471308594,-0.02222371640346827,0.05909852606212469
56564,0,075,S,06075011800,1400000US06075011800,+37.7933506,-122.4061645,G5020,118,Census Tract 118,06,011800,True,san_francisco,Coastal / compact / bay-influenced,San Francisco,16.363990885969546,True,29.006666666666717,06,California,True,0.6409574468085106,0.5877659574468085,-0.05319148936170215,False,True,HI-only hotspot,True,29.713333333333367,16.363990885969546,0.16888297872340421,69,san_francisco,2024,GOOGLE/SATELLITE_EMBEDDING/V1/ANNUAL,/Users/yufeizhou/Desktop/heat-exposure-compare/data/processed/san_francisco/san_francisco_master_lst_hi_hotcompare.gpkg,san_francisco_master_lst_hi_hotcompare,0.0699441001776675,-0.18260858925365697,0.1590579954131835,-0.0735283214761666,0.007341657861517299,-0.1840585699587755,-0.004616572995692575,8.170320559174022e-05,-0.06167066282800628,-0.03813118445416207,0.16753362469245103,0.21031077303375373,-0.02009045739688383,-0.09185785549821822,-0.09150530680206719,-0.07400966394982003,0.22750887517205587,0.10799472113760157,-0.04272417683183756,-0.04770708475768347,0.14507299568206494,0.06469207601331332,-0.039467579983638416,0.11947214354003398,0.0047499313390781915,-0.027191356869155327,-0.061564583191768336,0.10979689385329601,0.128467641709592,0.018444480996303535,0.049222070399511514,-0.03418159733348937,0.030711946133916385,-0.1677776975655855,-0.009250287425270837,-0.12499310088916715,-0.2727923016316612,0.008140919236353846,-0.048509254465946415,-0.103185746221872,-0.0746688437946623,-0.2372624671440728,0.001240237136179922,-0.1801124470626345,0.043365532492762676,0.21149017542599963,-0.08398602255224429,0.08777495680707978,0.17400215428834176,0.08722256458569408,-0.16744463601572482,0.23279128221755452,-0.18917635348768738,0.029180821815764747,0.08343630547267725,-0.24590695406690896,0.023296169346235487,-0.14522207107250368,0.1122369687732503,-0.13252090184835297,0.07112143413006887,-0.06108534852797039,0.01054019437386971,0.01626934875712427
429259,250510,075,S,06075012700,1400000US06075012700,+37.8049771,-122.4447185,G5020,127,Census Tract 127,06,012700,True,san_francisco,Coastal / compact / bay-influenced,San Francisco,16.363990885969546,True,22.226975308641997,06,California,True,0.03723404255319149,0.5877659574468085,0.550531914893617,False,True,HI-only hotspot,True,29.713333333333367,16.363990885969546,0.16888297872340421,70,san_francisco,2024,GOOGLE/SATELLITE_EMBEDDING/V1/ANNUAL,/Users/yufeizhou/Desktop/heat-exposure-compare/data/processed/san_francisco/san_francisco_master_lst_hi_hotcompare.gpkg,san_francisco_master_lst_hi_hotcompare,0.030828283789474012,-0.2506082924038681,0.09361872034252972,-0.02853741806661142,0.006014451437662046,-0.09113962390414758,-0.05006929001497436,0.0012861431603405891,-0.0005698080225024308,-0.01145957519139561,0.12875666233664282,0.050141246715241596,-0.0592392707473127,-0.17979421934669795,-0.018137949911342575,-0.05569707435954572,0.12280087017927913,0.07715040111143864,-0.05401601369835294,-0.00952523985805278,0.1135997766978481,0.13754257468623765,-0.0650747648676508,0.13745176359821196,-0.1058430299268474,0.04520926152983798,-0.04060885762539548,0.0057607600559138866,0.1511921623878019,0.008947104026065385,-0.008688904056967112,-0.03005857203190045,0.0854534206305214,-0.16544269611099652,-0.021600620802124958,-0.038082515371560495,-0.09151702658492207,0.03279038229486893,-0.12551797727822778,0.053667098574577125,-0.10051292124164914,-0.231515630736536,0.02026509472698203,-0.09938812528905322,0.08913900632658221,0.18524530812785506,-0.06977008942969178,0.10148196538921048,0.12661798967516705,0.02083563220123272,-0.10418101851539495,0.23089395199869558,-0.18163473312689846,0.02883119253920702,0.017883371699008863,-0.23665039527796808,0.05656601876449129,-0.05659925450426033,0.05134676505019093,-0.016360169401409573,0.08240275219418218,-0.1215386838458116,0.03826595736987912,0.04471176799111731
546674,0,075,S,06075013200,1400000US06075013200,+37.7936676,-122.4387455,G5020,132,Census Tract 132,06,013200,True,san_francisco,Coastal / compact / bay-influenced,San Francisco,16.363990885969546,True,25.928181818181848,06,California,True,0.15425531914893617,0.5877659574468085,0.4335106382978723,False,True,HI-only hotspot,True,29.713333333333367,16.363990885969546,0.16888297872340421,71,san_francisco,2024,GOOGLE/SATELLITE_EMBEDDING/V1/ANNUAL,/Users/yufeizhou/Desktop/heat-exposure-compare/data/processed/san_francisco/san_francisco_master_lst_hi_hotcompare.gpkg,san_francisco_master_lst_hi_hotcompare,0.08383007506958322,-0.2001913257285855,0.21459320620823807,-0.01770180008826168,0.038651213819808,-0.12425817078356068,-0.0782297062532627,-0.038155425815702165,0.017951030484641313,-0.11656863107491963,0.12962614920288812,0.20688999079538695,-0.057568329269312095,-0.13805523062452674,-0.054737269805648754,-0.0007092124393108647,0.1593076462552854,0.17068884511341662,0.0009056574095486116,-0.023076678085222103,0.1277175614552933,0.11484632548286497,0.0071896548768722235,0.1409702627137313,-0.012253881499655344,0.13049831690795152,-0.04506685917495504,0.019460374739644303,0.14488147676130464,-0.004265313477285327,0.03228449891720911,-0.0347375156764067,0.0382916946934105,-0.12040225574555904,0.04829196482747284,-0.14667045456205116,-0.23306831211930917,0.05427706679714819,-0.08564441621528203,-0.04608768765441688,-0.11983065618518304,-0.22767737183681722,0.009189794261078984,-0.1561121726877831,0.126757439462318,0.17294492821580407,-0.07255980127496198,0.14491888313010173,0.23241650679230605,0.04746401833114138,-0.07136392047430506,0.1693036782509464,-0.20454908720304618,0.0679815608993949,0.0849131997900164,-0.28184799579104386,0.10918460364601491,-0.13257302574829816,0.05394267988439706,-0.02810132186143271,0.10608726135048961,0.03223817681227682,0.035583074211266316,-0.07059324534981344
123394,0,075,S,06075012100,1400000US06075012100,+37.7888066,-122.4118881,G5020,121,Census Tract 121,06,012100,True,san_francisco,Coastal / compact / bay-influenced,San Francisco,16.363990885969546,True,29.77970370370376,06,California,True,0.7819148936170213,0.5877659574468085,-0.19414893617021278,True,True,Both LST and HI hotspot,False,29.713333333333367,16.363990885969546,0.16888297872340421,72,san_francisco,2024,GOOGLE/SATELLITE_EMBEDDING/V1/ANNUAL,/Users/yufeizhou/Desktop/heat-exposure-compare/data/processed/san_francisco/san_francisco_master_lst_hi_hotcompare.gpkg,san_francisco_master_lst_hi_hotcompare,0.07883181564490867,-0.19638251054411696,0.17295058967786997,-0.06449399623318003,0.015924089962141258,-0.20489129408631757,-0.01757511926009359,-0.01885166628167473,-0.08192855269527304,-0.023927393518844556,0.13125913766400554,0.23553434037538612,0.0010199188446541414,-0.093066168002206,-0.11548990206212424,-0.0692979537958359,0.2132332148081353,0.119283176846849,0.001396888917205921,-0.025515633574566807,0.133386626669266,0.10546522585390962,-0.03824957982792516,0.09657244245645978,0.014450566957814917,-0.015565609453650946,-0.048286014760274255,0.11023984244589988,0.12152671889077722,-0.016784163583103494,0.08211011662025632,-0.041197973084335614,0.0003196443256663555,-0.18694514134369036,0.011252700869307868,-0.1380006579305409,-0.3338333951353729,0.006832662487458693,-0.03209581822265023,-0.08709795422022533,-0.07790616326620727,-0.20249215109646954,0.0070579294390960695,-0.1834814256655907,0.05502827544233986,0.20765258665211406,-0.0980127948450452,0.09352448382695365,0.17841014986828788,0.07848525474667754,-0.1390083758070347,0.2180268337019409,-0.19095650799080757,0.026193960634715092,0.07712360343856695,-0.24104258689748073,0.04661400208620363,-0.14053047947957148,0.09457140516322449,-0.12400501353480127,0.0659178052707752,-0.02508781253468559,-0.029417409005300654,0.0036691795993760296
171998,0,075,S,06075015100,1400000US06075015100,+37.7874563,-122.4234259,G5020,151,Census Tract 151,06,015100,True,san_francisco,Coastal / compact / bay-influenced,San Francisco,16.363990885969546,True,29.21564814814818,06,California,True,0.6968085106382979,0.5877659574468085,-0.10904255319148937,False,True,HI-only hotspot,True,29.713333333333367,16.363990885969546,0.16888297872340421,73,san_francisco,2024,GOOGLE/SATELLITE_EMBEDDING/V1/ANNUAL,/Users/yufeizhou/Desktop/heat-exposure-compare/data/processed/san_francisco/san_francisco_master_lst_hi_hotcompare.gpkg,san_francisco_master_lst_hi_hotcompare,0.07935936841142509,-0.2105995393376923,0.1724054145764918,-0.04544692981446776,0.01485828093905509,-0.2075318461038203,-0.028690704530832393,-0.04519491043217361,-0.06063287204929931,-0.031314623292078764,0.11850170424909706,0.2172420241143592,-0.009545327698980526,-0.09734626975729925,-0.1298814463988659,-0.06385456725416484,0.19391660379136022,0.12584418304510347,0.003817847202747407,-0.0014828189462316153,0.13925383453565432,0.11465888436091616,-0.02557540526517867,0.10191514938455708,-0.008465275017344266,0.01646836871830971,-0.02954182224545278,0.10156283909731635,0.09497426159504037,-0.01691803984374938,0.09786844390536462,-0.05163729135937742,0.001337266217831623,-0.1808808266929847,0.014852661611741345,-0.14727475442319013,-0.3176312195922765,0.018037509155066713,-0.02997469215989353,-0.052299343686891264,-0.0941881823541081,-0.1902623230800894,-0.003431779452397446,-0.1793552384221987,0.05932727405749886,0.19871747527401848,-0.08704241277080582,0.08432294408695695,0.18935333275695032,0.06477149189749005,-0.1455428091994336,0.2094784012041311,-0.20706627413460788,0.03531532859357248,0.10385854169045661,-0.2563076434852326,0.051827231550186675,-0.1232178683951586,0.07768646275444728,-0.10674484224628196,0.08321181711622469,-0.018490507965179412,-0.03278485203686164,-0.012770447198719123
295577,0,075,S,06075015900,1400000US06075015900,+37.7833409,-122.4293428,G5020,159,Census Tract 159,06,015900,True,san_francisco,Coastal / compact / bay-influenced,San Francisco,16.363990885969546,True,29.0689347079038,06,California,True,0.6702127659574468,0.5877659574468085,-0.08244680851063835,False,True,HI-only hotspot,True,29.713333333333367,16.363990885969546,0.16888297872340421,74,san_francisco,2024,GOOGLE/SATELLITE_EMBEDDING/V1/ANNUAL,/Users/yufeizhou/Desktop/heat-exposure-compare/data/processed/san_francisco/san_francisco_master_lst_hi_hotcompare.gpkg,san_francisco_master_lst_hi_hotcompare,0.05568320081755575,-0.25859778704244424,0.23403410870665328,-0.01315129624068406,0.013909915152154182,-0.16527535379823757,-0.08148192743107688,-0.042573701922981905,-0.02291293634447612,-0.06778257475993923,0.09843741416813367,0.18651687548252255,-0.0356710278168025,-0.12769881078997417,-0.07580383747069892,-0.0280088877101187,0.1363854437127333,0.1712740393958985,0.008653410598282665,-0.013402486796441807,0.11391851520039109,0.13595989526386937,-0.01943208399570066,0.11263998840684165,-0.053353449154188506,0.10394494010466719,-0.04269780014454443,0.07401204684782178,0.12159130690108193,-0.003762778184878674,0.05869825588153642,-0.0736050242374287,-0.00958429923887671,-0.14636805034629763,0.025006638991482425,-0.12951783789478266,-0.22922267435253435,0.04512526668997217,-0.07047543879483924,-0.00023719516890980657,-0.09784030108196581,-0.18628934295016927,-0.019005729092831138,-0.15580625641412751,0.09606382812654712,0.18362519732003021,-0.07440964226011804,0.11270859469770328,0.2179805749915565,0.03357434747860983,-0.10812316329871789,0.22147109976535795,-0.2070350658181688,0.03630159757114358,0.08744731110854195,-0.2897350437845741,0.08181578940739015,-0.10555037629178322,0.047483287068062145,-0.03193818895511079,0.09907044276035619,-0.020491140736213092,0.0028445882164601544,-0.08524117223590734
157523,0,075,S,06075016000,1400000US06075016000,+37.7823391,-122.4224915,G5020,160,Census Tract 160,06,016000,True,san_francisco,Coastal / compact / bay-influenced,San Francisco,16.363990885969546,True,30.035266666666683,06,California,True,0.8138297872340425,0.5877659574468085,-0.22606382978723405,True,True,Both LST and HI hotspot,False,29.713333333333367,16.363990885969546,0.16888297872340421,75,san_francisco,2024,GOOGLE/SATELLITE_EMBEDDING/V1/ANNUAL,/Users/yufeizhou/Desktop/heat-exposure-compare/data/processed/san_francisco/san_francisco_master_lst_hi_hotcompare.gpkg,san_francisco_master_lst_hi_hotcompare,0.0694860664714587,-0.23280948812630758,0.2092733520509566,-0.03727876891919121,0.016413036128869185,-0.19477483377254656,-0.05843140164250285,-0.03872206490668814,-0.06262409404256147,-0.03767442724157048,0.1045538685398634,0.20664878474835685,-0.012561798988383333,-0.11594318516413556,-0.10862260384896624,-0.055668639266771396,0.1743397261066662,0.15306254475511696,0.011746626774878645,-0.020858730898238125,0.1281114001381013,0.12989378584026223,-0.032133803848372645,0.09827157799650486,-0.026707900501114785,0.04816659038539612,-0.043799803305998176,0.10805486195316652,0.10650491801695844,-0.003362198102032684,0.08272346895275777,-0.06976703604680637,0.008037159912946096,-0.18214526878050083,0.019269093420578403,-0.13384345828925562,-0.2906838372357127,0.019762015698882987,-0.05640572722953924,-0.020692774055919134,-0.0849077640581162,-0.18624506662474866,-0.018006126516601502,-0.17809633842968234,0.07855085474199462,0.19134918625761074,-0.0704415391232753,0.09759773183457594,0.20350843016686046,0.04822919400270188,-0.11051029478875402,0.2300952458258778,-0.20757308102884392,0.01659293270739685,0.07807937620381399,-0.2701906594604312,0.06976080248854236,-0.1179718527920078,0.0678098789321522,-0.07404826157834328,0.08010526777561279,-0.01752116020328281,-0.02865634963106616,-0.05250851356364842
273260,0,075,S,06075016200,1400000US06075016200,+37.7771541,-122.4228807,G5020,162,Census Tract 162,06,016200,True,san_francisco,Coastal / compact / bay-influenced,San Francisco,16.363990885969546,True,30.28573643410854,06,California,True,0.851063829787234,0.5877659574468085,-0.26329787234042556,True,True,Both LST and HI hotspot,False,29.713333333333367,16.363990885969546,0.16888297872340421,76,san_francisco,2024,GOOGLE/SATELLITE_EMBEDDING/V1/ANNUAL,/Users/yufeizhou/Desktop/heat-exposure-compare/data/processed/san_francisco/san_francisco_master_lst_hi_hotcompare.gpkg,san_francisco_master_lst_hi_hotcompare,0.06995670758178388,-0.21788956319992317,0.2054965484013956,-0.04606564762692864,0.008600213918357046,-0.1950381997796974,-0.052668418663631804,-0.049740860745831235,-0.06573512160983086,-0.04211854356261742,0.11890474349809434,0.20635636665850388,-0.0031144344127340957,-0.11573559535022852,-0.10840251139404941,-0.03801062519096375,0.17201145206943982,0.14576662184343644,0.003665282931508825,-0.03808732135133899,0.13263985569450898,0.12744556891444292,-0.023959072713464615,0.11174739382641473,-0.025129053156221944,0.03811734988746563,-0.03128300317180537,0.09896088499852779,0.11147573103225611,0.0009199351711704753,0.07849189003398,-0.05462166917052864,0.02426780489583986,-0.17991840803598524,0.02272653849229549,-0.13905149854193433,-0.28819025982123675,0.037031485571404676,-0.056437723099893825,-0.041249107563415786,-0.09020218224363663,-0.19586943232222145,-0.01795028506312291,-0.17666616567003185,0.08161114690233916,0.19343806979618242,-0.07468815795715741,0.10443421413366044,0.218789549383057,0.062412301438230594,-0.11357762559697582,0.22398453852065225,-0.22506400470933677,0.011317649410871346,0.08288939845425798,-0.2695328342032727,0.07254743643844988,-0.1265859409807598,0.07451628057825738,-0.07542185900978565,0.07586645306746077,-0.008457785466910287,-0.015841156605972656,-0.04545881747904956
245866,0,075,S,06075016300,1400000US06075016300,+37.7760456,-122.4295509,G5020,163,Census Tract 163,06,016300,True,san_francisco,Coastal / compact / bay-influenced,San Francisco,16.363990885969546,True,29.709620253164577,06,California,True,0.7340425531914894,0.5877659574468085,-0.14627659574468088,False,True,HI-only hotspot,True,29.713333333333367,16.363990885969546,0.16888297872340421,77,san_francisco,2024,GOOGLE/SATELLITE_EMBEDDING/V1/ANNUAL,/Users/yufeizhou/Desktop/heat-exposure-compare/data/processed/san_francisco/san_francisco_master_lst_hi_hotcompare.gpkg,san_francisco_master_lst_hi_hotcompare,0.08589242525433524,-0.2276733009497097,0.18905913080396705,-0.03207133660837179,0.01300756102052064,-0.1560884336999021,-0.09169534970866543,-0.07417112824352248,0.001480905573775548,-0.08273870801882487,0.13203386545787302,0.22433596519977228,-0.038988257285591,-0.1372402708337174,-0.07014036722467028,-0.009637189106255634,0.15661436357310687,0.15859200192214962,0.004687575243540704,-0.020606529913312126,0.12177481712759199,0.15059947158220902,0.0035557441097580633,0.13915892931671492,-0.047213735069134184,0.10604503446338921,-0.02824913781489188,0.05394284129697769,0.1438512680470699,0.014671741325600729,0.0454186412994055,-0.05696840981197123,0.0192663058131446,-0.17327632152887673,0.052492741710667666,-0.14860861206211612,-0.2543282388434765,0.04968767267053569,-0.05934453863739106,-0.022900620161765802,-0.12512083115593545,-0.2252918756187798,-0.013921628310407814,-0.15578911489827094,0.11731539192709928,0.16445433984285993,-0.07336230907249564,0.11741568794299762,0.2299835966235143,0.04575716306869121,-0.07418094456794759,0.1789803261063683,-0.21205434025923112,0.04632706698437209,0.06979340279230378,-0.304825612752002,0.0972370720827506,-0.12407316873818931,0.031977238134964864,-0.051972786540354636,0.09933752904277085,0.033905902410247164,-0.00444774369777387,-0.057623347553784114
309099,0,075,S,06075016400,1400000US06075016400,+37.7750995,-122.4369730,G5020,164,Census Tract 164,06,016400,True,san_francisco,Coastal / compact / bay-influenced,San Francisco,16.363990885969546,True,28.426733333333345,06,California,True,0.5585106382978723,0.5877659574468085,0.0292553191489362,False,True,HI-only hotspot,True,29.713333333333367,16.363990885969546,0.16888297872340421,78,san_francisco,2024,GOOGLE/SATELLITE_EMBEDDING/V1/ANNUAL,/Users/yufeizhou/Desktop/heat-exposure-compare/data/processed/san_francisco/san_francisco_master_lst_hi_hotcompare.gpkg,san_francisco_master_lst_hi_hotcompare,0.07054272773240688,-0.2421344705570767,0.20567926488694982,-0.006158869507184807,0.006908258364370162,-0.15231375146199772,-0.074121818298415,-0.0261260025362247,0.0047302033414517546,-0.07750897028568464,0.12005436282539875,0.16951558656999474,-0.057835188117341944,-0.13368673522598806,-0.04367510576948396,0.01358070723679752,0.10909975899921169,0.1667888715874155,-0.013209951844362995,-0.052469205894275665,0.11245121986686293,0.13233377664850293,-0.01673016599120401,0.12723209930188276,-0.04371334917143684,0.10427470431991055,-0.06204607858876949,0.05074567970719926,0.14331358082149748,0.008641717025969059,0.0423617887108228,-0.06677658765473374,0.017298765729741546,-0.13986637121231757,0.009444542204383953,-0.1138811965092631,-0.20336694334450295,0.05485957815330886,-0.10170549892627173,-0.002305909395764718,-0.09221870958522713,-0.2002375397239295,-0.020112475964891102,-0.15141395507512337,0.12138990656112075,0.1667441082591865,-0.0648060726452793,0.12294615826660286,0.21179313542892333,0.0325017587647094,-0.09059849943724069,0.20977414232901778,-0.1959133663725968,0.05203390333640826,0.02934040631673002,-0.2905785607977484,0.09925764614776292,-0.09746061483301059,0.04728019055598233,0.011534323216060636,0.08775914819072182,-0.0014408611494580927,0.014351270595868848,-0.07543015858820909
312148,0,075,S,06075015500,1400000US06075015500,+37.7850941,-122.4341319,G5020,155,Census Tract 155,06,015500,True,san_francisco,Coastal / compact / bay-influenced,San Francisco,16.363990885969546,True,28.125783333333338,06,California,True,0.44680851063829785,0.5877659574468085,0.14095744680851063,False,True,HI-only hotspot,True,29.713333333333367,16.363990885969546,0.16888297872340421,79,san_francisco,2024,GOOGLE/SATELLITE_EMBEDDING/V1/ANNUAL,/Users/yufeizhou/Desktop/heat-exposure-compare/data/processed/san_francisco/san_francisco_master_lst_hi_hotcompare.gpkg,san_francisco_master_lst_hi_hotcompare,0.05468144281043032,-0.24040662333928756,0.21826153519403932,-0.03734263954072808,0.004255160340134425,-0.17958419132750786,-0.060411659479323504,-0.04818234048157595,-0.05343864317886094,-0.04964846177063197,0.11915709672397665,0.20175221576400526,-0.010968516345744568,-0.11925326699576057,-0.08785048901574136,-0.02880081677626288,0.1633484992329031,0.1598012191953878,0.010130820531408657,-0.036800979735741327,0.12256639909750167,0.12451114559307187,-0.022618035245292833,0.11024341491260743,-0.04102384272381144,0.05945672077661926,-0.0372289275782727,0.09287012997217163,0.1058001618606574,-0.0006972497769469424,0.057914692233696365,-0.07418128653135336,0.016489831311956152,-0.1771502917936462,0.010631336795581972,-0.13259314107343131,-0.2604540857333612,0.03698524081879498,-0.07267480367524902,-0.004709162672818786,-0.09484690927935616,-0.18409659243577653,-0.026229676852280132,-0.17312943410093307,0.08947592854082086,0.17925561787947586,-0.06692936349011414,0.10422454619376538,0.22705508704038452,0.042928225944834114,-0.10757367293271561,0.23756241620067683,-0.2139621983062138,0.011799503699658676,0.08072892373925808,-0.2677742175232763,0.07651642088212665,-0.11856399874203845,0.06621618963429443,-0.05627115083616234,0.08081417022233962,-0.017109646171869147,-0.006139106195349783,-0.06708129752280938
293931,0,075,S,06075015600,1400000US06075015600,+37.7782473,-122.4564269,G5020,156,Census Tract 156,06,015600,True,san_francisco,Coastal / compact / bay-influenced,San Francisco,,True,27.30835051546397,06,California,False,,,,False,False,Missing,False,29.713333333333367,16.363990885969546,0.16888297872340421,80,san_francisco,2024,GOOGLE/SATELLITE_EMBEDDING/V1/ANNUAL,/Users/yufeizhou/Desktop/heat-exposure-compare/data/processed/san_francisco/san_francisco_master_lst_hi_hotcompare.gpkg,san_francisco_master_lst_hi_hotcompare,0.0616840090082826,-0.23437135604596773,0.20518942781246732,-0.01835829033150333,0.012410493351017796,-0.15245409966249326,-0.06809101640173182,-0.03661558989677261,-0.006832596746349501,-0.07640786597224253,0.11682596642908283,0.16139493352569417,-0.05775711908748303,-0.1345207539533938,-0.0640512759765601,-0.0021265245363064336,0.13978571320637329,0.17300056702160949,-0.004268627587754908,-0.08354027949705685,0.11985282151496522,0.13454978036149245,-0.031934661657957476,0.14021805781938096,-0.061204548487998674,0.11982332983877322,-0.06826114947822261,0.06728724899404312,0.1311707100094927,0.010090971088446546,0.03157287212778553,-0.07914189392245831,0.02629468537541003,-0.15402316754438655,0.022638961653311192,-0.1246811316478849,-0.20654209123953912,0.08856373442860548,-0.10821916248137763,-0.0038823676370488215,-0.08431680773750742,-0.23146530940114196,-0.026253222760450137,-0.12608576929043688,0.14638971753333307,0.15741577393381434,-0.07829413847329508,0.1254662617135775,0.22566426894884536,0.016170275474174656,-0.0964246079247731,0.22065559858455783,-0.19074137904201227,0.05877685592691164,0.029284302239710413,-0.2937530683973257,0.10160444293434451,-0.12056892979711663,0.05160491857690386,0.009182631438237818,0.10290002676121074,0.021488136175830338,0.007227647181256817,-0.059645632957998095
490697,0,075,S,06075016700,1400000US06075016700,+37.7703481,-122.4377358,G5020,167,Census Tract 167,06,016700,True,san_francisco,Coastal / compact / bay-influenced,San Francisco,16.363990885969546,True,28.2932383966245,06,California,True,0.5159574468085106,0.5877659574468085,0.07180851063829785,False,True,HI-only hotspot,True,29.713333333333367,16.363990885969546,0.16888297872340421,81,san_francisco,2024,GOOGLE/SATELLITE_EMBEDDING/V1/ANNUAL,/Users/yufeizhou/Desktop/heat-exposure-compare/data/processed/san_francisco/san_francisco_master_lst_hi_hotcompare.gpkg,san_francisco_master_lst_hi_hotcompare,0.11267103433710332,-0.22768963037054085,0.10482811601859553,0.00969139338464116,0.020463952984428088,-0.10638912430467627,-0.05100690355754996,0.022864977333605662,0.05498079906894369,-0.09498114646508847,0.12253907493729327,0.16330617773278,-0.12850156154645082,-0.13800972301830572,0.0005351160800319269,0.02180975440190499,0.08296761260340363,0.1199414957964736,-0.034503284870329706,0.00604231404553356,0.12008235449696941,0.09315573774260336,-0.023992068667422362,0.10100736847244932,-0.003122731190166116,0.16972147190047973,-0.06847180924312406,0.04085470004889914,0.13871386617903872,0.027508015902239388,0.031921778873119276,-0.04177264066794128,0.014662522045193329,-0.06250736085836714,0.037753109004425786,-0.09949297780825778,-0.16273396487345468,0.009711708726372772,-0.08608115385802416,-0.026560749989248036,-0.10807542608938253,-0.2049983975120952,0.03511140869078897,-0.11282806088681976,0.1259063725097357,0.1472895198664415,-0.0685342954662424,0.11607589271138855,0.1625721582707201,0.02391403256759324,-0.09248775594446858,0.1198120498004051,-0.14982392544104267,0.10296810712107878,0.029144516816055035,-0.29357543694308985,0.10196091700244558,-0.06321012335802813,0.013233815821729594,0.0448239521921759,0.13033385506771727,-0.030591209073409675,0.017969608656922854,-0.029967043496818148
294789,0,075,S,06075016900,1400000US06075016900,+37.7671003,-122.4324670,G5020,169,Census Tract 169,06,016900,True,san_francisco,Coastal / compact / bay-influenced,San Francisco,16.363990885969546,True,28.35848039215689,06,California,True,0.5425531914893617,0.5877659574468085,0.04521276595744683,False,True,HI-only hotspot,True,29.713333333333367,16.363990885969546,0.16888297872340421,82,san_francisco,2024,GOOGLE/SATELLITE_EMBEDDING/V1/ANNUAL,/Users/yufeizhou/Desktop/heat-exposure-compare/data/processed/san_francisco/san_francisco_master_lst_hi_hotcompare.gpkg,san_francisco_master_lst_hi_hotcompare,0.14055905934341914,-0.2648055074612417,0.1403935583964588,0.006168079463989092,0.059363130096570974,-0.12299919003385076,-0.08920881911695105,-0.07120083865551878,-0.008791637035842384,-0.03853800082908902,0.12011106753852532,0.15914415063804455,-0.13955897767716752,-0.19659721217480217,-0.08118213676391299,-0.07381526414557205,0.16487922814917189,0.12841786836615526,-0.023322756933588703,0.04120002437461892,0.09727418232149761,0.09805203723077839,-0.08512339204685561,0.0705497054771181,-0.04039400600209701,0.19929739213300798,-0.05467025876749695,0.09549643136631289,0.12113837184283859,0.02673677164110367,0.03495167192623497,-0.1234018510043516,-0.0009644340346081618,-0.1696364509001356,0.0887506778786656,-0.09317303054721628,-0.2240313196033043,-0.018376343778182844,-0.08193367001071103,0.036272315924348764,-0.12010710266469952,-0.19257309439385262,-0.005577202757320955,-0.09554523162676717,0.12246788286154797,0.13118533879963584,-0.06324271253541781,0.05783124052227044,0.14864558333190875,0.02965177685804082,-0.08198861318079412,0.1790304114243595,-0.16599439410653247,0.06523561529646962,0.061912277160972806,-0.32119130039600324,0.1367294470769706,-0.05823347367469085,-0.005762433002722267,-0.0008624705313826109,0.1553241099615551,-0.026037432975303473,-0.10024995223789838,-0.024104779904447957
469563,0,075,S,06075017000,1400000US06075017000,+37.7648873,-122.4394974,G5020,170,Census Tract 170,06,017000,True,san_francisco,Coastal / compact / bay-influenced,San Francisco,16.363990885969546,True,27.500997807017583,06,California,True,0.3351063829787234,0.5877659574468085,0.25265957446808507,False,True,HI-only hotspot,True,29.713333333333367,16.363990885969546,0.16888297872340421,83,san_francisco,2024,GOOGLE/SATELLITE_EMBEDDING/V1/ANNUAL,/Users/yufeizhou/Desktop/heat-exposure-compare/data/processed/san_francisco/san_francisco_master_lst_hi_hotcompare.gpkg,san_francisco_master_lst_hi_hotcompare,0.19458993085076495,-0.2218366913490161,0.07972793714111039,0.04856913070041207,0.09161931736113114,-0.07902391466081644,-0.041092463986938936,-0.03582330297549613,0.017706052839662197,-0.08133891595173816,0.08197699899848972,0.11528587895830952,-0.23303289583792836,-0.2157333120077332,-0.06321732381878789,-0.06396041040612627,0.11898697376790031,0.11401377427790604,-0.06255566522710958,0.11832528667180592,0.10516723703249149,0.09409843800129374,-0.11595747699551257,0.0468010925534131,0.012881069991538882,0.24693583355993476,-0.058214301653712885,0.064384200572484,0.13555868855790731,0.020450362435762596,0.035736781731176885,-0.06697761216529177,-0.02562215296774136,-0.057888058426593954,0.1181843030155529,-0.05182214876962477,-0.13917245025413424,-0.09075638202753451,-0.10751289670907203,0.05321790771838529,-0.11693371324997102,-0.16342449330149297,0.029879233724745543,-0.06140482928326446,0.13528749449580266,0.13915480001922934,-0.049153317855445515,0.028308177194675932,0.04406125016302068,-0.006875115421917568,-0.06877282292809658,0.11116712559461789,-0.11074481863105488,0.07365023054809565,0.015835288869874453,-0.34716934631370977,0.18549690938555324,-0.01198184208845556,-0.04722638623652514,0.0428360509398156,0.1818777198888254,-0.0275995407697207,-0.1430791879686697,-0.024900326417892745
0,677709738,081,S,06081990100,1400000US06081990100,+37.6266098,-122.5248394,G5020,9901,Census Tract 9901,06,990100,False,san_francisco,Coastal / compact / bay-influenced,San Francisco,16.119885112590058,True,19.43892146969801,06,California,True,0.010638297872340425,0.19148936170212766,0.18085106382978725,False,False,Neither hotspot,True,29.713333333333367,16.363990885969546,0.16888297872340421,84,san_francisco,2024,GOOGLE/SATELLITE_EMBEDDING/V1/ANNUAL,/Users/yufeizhou/Desktop/heat-exposure-compare/data/processed/san_francisco/san_francisco_master_lst_hi_hotcompare.gpkg,san_francisco_master_lst_hi_hotcompare,0.029731633696982222,-0.11825272242377505,-0.15092643161520114,-0.0872188493956129,0.013379907345172169,0.04870331978527001,0.09063190576283393,0.16731442356158083,0.04968864089675055,0.03487203494012523,0.16058486138330927,-0.08979800765402443,-0.06029733862004812,-0.21156236954897,0.09127274099475387,-0.03918814030635164,0.09629426644920436,-0.11586206416364514,0.004097713304978934,-0.050132871648587866,0.09212211268876073,0.1387630663648117,-0.07227093651723691,0.16642771483346086,-0.08402475628575293,-0.12428685340374568,0.0360523939790898,-0.22235584328961622,0.11882581848723694,-0.056032948837583176,-0.21076827534918716,0.2923180567963968,0.12513437441128855,-0.08229763685971433,-0.10832711554371309,0.0346627094066344,0.16709302034097617,-0.014050372980392096,-0.06166487792118681,0.07822817737651226,-0.04491170372727768,-0.26333036069064747,0.19584385737982815,0.049762505235526916,0.0032519887874318987,0.17833501987334718,-0.20004504592668154,0.08727852024169135,-0.08592651236593137,-0.023135435085567417,0.016241156142537082,0.1311626879384642,-0.10602960525171284,-0.04449773017065228,-0.04308807513121913,-0.07910170109777818,-0.07054841325431277,0.09395600309339011,0.021413853018945595,-0.058355894396395346,0.09158727300954425,-0.21024749179766877,0.016323354153790492,0.3171419424738922
0,137191025,001,S,06001990000,1400000US06001990000,+37.6836727,-122.2287162,G5020,9900,Census Tract 9900,06,990000,False,san_francisco,Coastal / compact / bay-influenced,San Francisco,17.723656206947947,True,27.855478521478542,06,California,True,0.40425531914893614,0.9946808510638298,0.5904255319148937,False,True,HI-only hotspot,True,29.713333333333367,16.363990885969546,0.16888297872340421,85,san_francisco,2024,GOOGLE/SATELLITE_EMBEDDING/V1/ANNUAL,/Users/yufeizhou/Desktop/heat-exposure-compare/data/processed/san_francisco/san_francisco_master_lst_hi_hotcompare.gpkg,san_francisco_master_lst_hi_hotcompare,0.047917248603410616,-0.163665270697766,-0.11422958419768646,-0.06534331470619127,0.014123911440981374,0.04770120556528147,0.07789960129645758,0.1375786080395942,-0.02781005696431373,0.03246933081849751,0.1702821576295753,-0.09376457655605011,-0.060244218988508166,-0.23726948932816858,0.06169589662208517,-0.023131286323628483,0.08105197248808978,-0.15328340633582097,-0.007291008432972157,-0.0641398229071932,0.057954375742109356,0.11125795852141716,-0.057504443842819886,0.1614716662654673,-0.08004933617348842,-0.07280575919138485,0.027315615221372137,-0.19868492738226837,0.11745489869049881,-0.03438915052173399,-0.19670045453484575,0.2437940910903243,0.17346406640033704,-0.09835795073203372,-0.10734146889802415,0.049210038334776156,0.16574169066969638,-0.023338233011345202,-0.09534679593772893,0.08825748702722204,-0.08342188296565971,-0.22762088220927773,0.22949195342081896,0.037585735112935094,0.006235869075270161,0.19848846829248756,-0.22884452228900523,0.1378031041987814,-0.0896937702991624,-0.049866280312316554,0.04403025394546133,0.15889390642964257,-0.13338228769187152,-0.08268950755571967,-0.027776150017509486,-0.05138422826737197,-0.05726406409945146,0.1265448545309741,0.04960945084764198,-0.046985369968212946,0.06310207531854697,-0.16959561648958493,-0.0364811212904632,0.3401462239131192
657048,0,075,S,06075025200,1400000US06075025200,+37.7437123,-122.4142166,G5020,252,Census Tract 252,06,025200,True,san_francisco,Coastal / compact / bay-influenced,San Francisco,16.363990885969546,True,29.52320634920637,06,California,True,0.7180851063829787,0.5877659574468085,-0.13031914893617025,False,True,HI-only hotspot,True,29.713333333333367,16.363990885969546,0.16888297872340421,86,san_francisco,2024,GOOGLE/SATELLITE_EMBEDDING/V1/ANNUAL,/Users/yufeizhou/Desktop/heat-exposure-compare/data/processed/san_francisco/san_francisco_master_lst_hi_hotcompare.gpkg,san_francisco_master_lst_hi_hotcompare,0.16083899495123005,-0.20237689290637195,0.07008570660795438,0.016305831994595232,0.0828273187573516,-0.06364629586373005,-0.02092122978498651,-0.03421105536276132,0.02919051384233626,-0.1064878245366047,0.10051794382423783,0.10093335729141013,-0.2118918216396764,-0.23317521775662206,-0.01666518804273126,-0.06766546708728186,0.1513516802267449,0.11744747462960363,-0.08656563069585559,0.07464740840379247,0.0940218070964926,0.07883645132401046,-0.12540501998919212,0.03786305912186646,0.019975965369813362,0.2610817004348786,-0.041516933620977206,0.06825860540561068,0.15588673720908755,0.060357285606156295,0.029534364243588213,-0.04741165717536037,0.009860321099437368,-0.054106264252830966,0.11669187850374005,-0.034820655654021516,-0.13419054950728457,-0.04571593216954431,-0.12407248908903354,0.07873519957188234,-0.06976803045120647,-0.20373369325383492,0.029816895084771415,-0.07011870803031314,0.14409248594885715,0.08800919266166504,-0.06387317817511601,0.06389263622474464,0.0494485019489618,0.005397822348759112,-0.05581606948871779,0.10341756921028755,-0.08876726215149301,0.08339608852918531,0.014561301810382395,-0.2999785580426552,0.19741471260758972,-0.039452596516946783,-0.06769242000970545,0.04140777320837663,0.1745275086959083,-0.020687491948564146,-0.11718845006469712,0.03735192676207241
403918,0,075,S,06075025300,1400000US06075025300,+37.7438747,-122.4202434,G5020,253,Census Tract 253,06,025300,True,san_francisco,Coastal / compact / bay-influenced,San Francisco,16.363990885969546,True,28.43124691358026,06,California,True,0.5638297872340425,0.5877659574468085,0.02393617021276595,False,True,HI-only hotspot,True,29.713333333333367,16.363990885969546,0.16888297872340421,87,san_francisco,2024,GOOGLE/SATELLITE_EMBEDDING/V1/ANNUAL,/Users/yufeizhou/Desktop/heat-exposure-compare/data/processed/san_francisco/san_francisco_master_lst_hi_hotcompare.gpkg,san_francisco_master_lst_hi_hotcompare,0.12575113917207162,-0.26021565104404515,0.03476602859917361,0.017660934379069338,0.09978837203329256,-0.11473140263923419,-0.05604864293240654,-0.0323088888956961,-0.03014418216702235,-0.02207824168409141,0.11195952145966936,0.06085379234268386,-0.15140516527378778,-0.23407575954147666,-0.07762391834632971,-0.10933788874418428,0.2064198987945454,0.11552339561923813,-0.06390756397849913,0.033567797137060096,0.07403036604534101,0.03908937428901387,-0.15406839643144601,0.007610975178914221,-0.0011356055986717314,0.26248573236757444,-0.013595530714680533,0.11328167354378109,0.11123034406987495,0.028409076385988656,-0.015372577615354367,-0.09179265600851128,0.003414692578509032,-0.1158371703092063,0.13954020005226636,-0.07499352415816424,-0.15823435603630584,-0.00968814195879764,-0.10555041003917705,0.10753825063802971,-0.02277424654639369,-0.23152907295344083,0.03849035799477347,-0.06848957481491709,0.12212765082573317,0.07812591401132524,-0.11067519294345429,0.09352879948745758,0.09587489033244306,0.0177591338697302,-0.06701813327329564,0.16143243977239372,-0.07697954943396705,0.103761552741604,0.04308987098392802,-0.2697107750147332,0.21565985615382258,-0.03500192464785369,-0.04998746588377452,-0.009416918635372506,0.19014094818376984,-0.02130235869424346,-0.09924540953143704,0.077282642186384
300995,0,075,S,06075025402,1400000US06075025402,+37.7368768,-122.4127788,G5020,254.02,Census Tract 254.02,06,025402,True,san_francisco,Coastal / compact / bay-influenced,San Francisco,,True,29.488824561403536,06,California,False,,,,False,False,Missing,False,29.713333333333367,16.363990885969546,0.16888297872340421,88,san_francisco,2024,GOOGLE/SATELLITE_EMBEDDING/V1/ANNUAL,/Users/yufeizhou/Desktop/heat-exposure-compare/data/processed/san_francisco/san_francisco_master_lst_hi_hotcompare.gpkg,san_francisco_master_lst_hi_hotcompare,0.2229352512849169,-0.21429227780141236,0.02628663787724946,0.004667205651982946,0.10000900083322646,-0.09621993618705431,0.0079754887168218,-0.08492914949571718,-0.022008484826269416,-0.023435198590316116,0.06281179093751946,0.06238328541785708,-0.22584272467508612,-0.24394776061986043,-0.07943940942501498,-0.17364320820092505,0.17121372241335023,0.09627510064044184,-0.050516176335734075,0.12091969127526886,0.10249341624405038,0.11183591808223921,-0.21284330706339857,-0.009362180173476616,-0.0022244150380206604,0.24045517481334544,-0.01586047012689151,0.0796255322110021,0.12612492991911714,0.05982808336953855,0.04956489589820315,-0.10112110922493618,-0.03588799827336266,-0.09073594284203469,0.15028285518358112,-0.022164100956183184,-0.16644273905226245,-0.0807652386176355,-0.07103702261379906,0.0750741868514169,-0.0901442310090582,-0.13958479380932123,0.00036251002447268004,-0.07279156773034252,0.11018350926845248,0.07017311917386401,-0.07218918191522482,-0.00884757849610773,-0.004719112920863053,0.018860602072906064,-0.0461559864422026,0.11055102640808304,-0.08759963232298536,0.029012418804160476,0.04923328568519232,-0.29483024621657544,0.17869733115124598,0.004188346374594801,-0.0644095932963449,-0.0036833041379427775,0.2129922255036534,-0.04657046157299715,-0.2156102246492889,0.08346344171577602
577287,0,075,S,06075025600,1400000US06075025600,+37.7287884,-122.4223771,G5020,256,Census Tract 256,06,025600,True,san_francisco,Coastal / compact / bay-influenced,San Francisco,,True,28.774019607843186,06,California,False,,,,False,False,Missing,False,29.713333333333367,16.363990885969546,0.16888297872340421,89,san_francisco,2024,GOOGLE/SATELLITE_EMBEDDING/V1/ANNUAL,/Users/yufeizhou/Desktop/heat-exposure-compare/data/processed/san_francisco/san_francisco_master_lst_hi_hotcompare.gpkg,san_francisco_master_lst_hi_hotcompare,0.11731706039472985,-0.23605798198142564,0.06843428456576939,0.04408731418962297,0.06501068707763134,-0.0991087466112865,-0.08275010209488658,-0.06395627006208209,-0.002763483264593117,-0.023506613206890632,0.15805205623682134,0.09082648521224863,-0.15503039296686613,-0.22808929691851457,-0.0707657619952193,-0.06917774590106168,0.17536586729081718,0.11278872394642733,-0.06428921920341749,0.004638287948722805,0.11265149359084282,0.06245202246862368,-0.11564682336737978,0.02977527180529852,-0.03944394994099554,0.22963970347953977,-0.05167462119977892,0.1047104587834601,0.08811829889516835,0.07608577246896717,0.020245316918704268,-0.07420922953478855,0.06174352638562439,-0.17530865639079238,0.07494913940359854,-0.054066418522489196,-0.19946353141143958,0.003850134307747209,-0.13624014806896945,0.09534389554095554,-0.0487920688462045,-0.2288717694801559,-0.015507821683489147,-0.0788875492029698,0.1619227597763208,0.08144500530898184,-0.03262169537681656,0.06965500295720085,0.1467197844416824,-0.0021494571337052843,-0.04480252062194056,0.19384942381812537,-0.14263600202006965,0.08690138907324296,0.026458094247545808,-0.3247407406989452,0.19396230161421266,-0.060328032755420403,-0.0005224057262881631,-0.011034644161401637,0.16063407125786283,-0.031468228563574854,-0.07474239389415466,0.009033510626440977
250923,0,075,S,06075025800,1400000US06075025800,+37.7214949,-122.4018971,G5020,258,Census Tract 258,06,025800,True,san_francisco,Coastal / compact / bay-influenced,San Francisco,,True,29.043684210526344,06,California,False,,,,False,False,Missing,False,29.713333333333367,16.363990885969546,0.16888297872340421,90,san_francisco,2024,GOOGLE/SATELLITE_EMBEDDING/V1/ANNUAL,/Users/yufeizhou/Desktop/heat-exposure-compare/data/processed/san_francisco/san_francisco_master_lst_hi_hotcompare.gpkg,san_francisco_master_lst_hi_hotcompare,0.10123474768416417,-0.25346310257957466,0.09679846343430334,0.061843133892473805,0.07151221335188014,-0.08835982950674783,-0.09085633607748207,-0.047647363743470374,-0.031126656082401616,-0.025653993012087498,0.14568427192902775,0.10129708047771455,-0.1279444178612854,-0.23117967177072515,-0.05612970471950889,-0.06648664476923107,0.17159481287501122,0.11370972273321246,-0.06647899016312284,0.016267022697603245,0.10300646158139404,0.07112349669063214,-0.11401333084320087,0.048067449629081486,-0.0323836573371894,0.22195498774574043,-0.019365207608069878,0.09513157013589905,0.10623780631460089,0.06708115995072188,0.002642426651694217,-0.07272816781491159,0.0604967046901631,-0.1801467730254402,0.07847533211652094,-0.05602946309677941,-0.16384930515908727,-0.02126448255776202,-0.13575279309458532,0.1001869643577763,-0.05505014833572884,-0.22878434978309528,-0.0038751798550880527,-0.090254071917923,0.1709754345920456,0.12147709650062849,-0.011767842763031737,0.0761370443506586,0.15583543775378228,-0.0019198691435212089,-0.049116693481129736,0.19346570436630342,-0.1524744004373165,0.06245873881548818,0.020107232540755457,-0.32090870707264324,0.18352449709623495,-0.09034015372272779,-0.012134116663688604,-0.01642963036804145,0.15451611501793183,-0.024134060695346127,-0.03966385715675615,-0.02261220890000764
692401,81108,075,S,06075025900,1400000US06075025900,+37.7234533,-122.4105033,G5020,259,Census Tract 259,06,025900,True,san_francisco,Coastal / compact / bay-influenced,San Francisco,,True,28.37944669365728,06,California,False,,,,False,False,Missing,False,29.713333333333367,16.363990885969546,0.16888297872340421,91,san_francisco,2024,GOOGLE/SATELLITE_EMBEDDING/V1/ANNUAL,/Users/yufeizhou/Desktop/heat-exposure-compare/data/processed/san_francisco/san_francisco_master_lst_hi_hotcompare.gpkg,san_francisco_master_lst_hi_hotcompare,0.09582716342067359,-0.247062550294309,0.09146087011395862,0.10689748012909919,0.0810984462668812,-0.06670514925799524,-0.0774794169832965,-0.0072077223809993065,-0.009035498371498685,-0.004239279290686822,0.14049461938367072,0.06375922745557511,-0.15550688989928926,-0.2147266074962514,-0.06878397844927148,-0.04838882936778899,0.12293451714551036,0.09284996219950588,-0.08019386194009609,0.00626027336819732,0.11332644992617784,0.0467204659633468,-0.11791930280234528,0.030274972248697355,-0.024403721253983053,0.21610868842239647,-0.01992931165839449,0.11130645806560618,0.08021168703850214,0.044649915171669344,0.014263307915294537,-0.059674507803440205,0.06040523522243655,-0.14719309805845637,0.04683937166161091,-0.023455267586056844,-0.12900458316578423,-0.020123515116708037,-0.15933072541864213,0.13581660400103168,-0.0161577577336423,-0.20308483784035766,0.003049432114630425,-0.07812000558603979,0.16520976456548622,0.12449033920262989,-0.001634756652460927,0.04782508485121109,0.11167950412480991,-0.0301705122759673,-0.07406866605787522,0.21753193282216027,-0.13320021959557726,0.07480701354204802,0.0041022861552229405,-0.33141429209768747,0.1988859266087209,-0.058287219137011625,0.0005612092480803928,0.006647846376493713,0.14779804264604832,-0.04097181909713478,-0.015380850412024824,-0.03450528067078
357875,0,075,S,06075026002,1400000US06075026002,+37.7261195,-122.4262822,G5020,260.02,Census Tract 260.02,06,026002,True,san_francisco,Coastal / compact / bay-influenced,San Francisco,,True,29.292712121212126,06,California,False,,,,False,False,Missing,False,29.713333333333367,16.363990885969546,0.16888297872340421,92,san_francisco,2024,GOOGLE/SATELLITE_EMBEDDING/V1/ANNUAL,/Users/yufeizhou/Desktop/heat-exposure-compare/data/processed/san_francisco/san_francisco_master_lst_hi_hotcompare.gpkg,san_francisco_master_lst_hi_hotcompare,0.11340076352121597,-0.23845211243954767,0.041382171148786735,0.06581943170026403,0.12265194182824944,-0.07849454333143724,-0.08755147971320282,-0.010074915717737864,-0.013642256733158858,0.002327517312594755,0.14266136188031167,0.04898130123275726,-0.15602040295227385,-0.23406231493636664,-0.08734136225338647,-0.05961855793205711,0.17034043453207526,0.11169684622278625,-0.06250384899921821,-0.007928911265117947,0.09373670124605359,0.030668017287436226,-0.1383261514215129,0.0027054181654214597,0.022585303447591062,0.2882579666174324,-0.03835129827063264,0.12506727677781115,0.06499663331722205,0.017335130273029575,-0.018479504243989548,-0.0417394374529459,0.032591878753782014,-0.12433289689020537,0.10985941463816808,-0.07683437883482072,-0.15429154039279475,-0.0004411261426033115,-0.13872481782165044,0.12091691062194748,-0.005258017230696481,-0.2352064406433386,0.042442238576459755,-0.045714995579868675,0.18287787755395732,0.07136143961867215,-0.05920794787295981,0.0953292703892358,0.1330538756724414,-0.02047428995169473,-0.06225054185609878,0.17890218102944253,-0.0780000022123656,0.11864650845190299,0.017301192894589743,-0.3157836893078256,0.24430697562006232,-0.040900333597913896,-0.013189002436960317,-0.006098589377719623,0.17854072622862238,-0.00484434044065016,-0.06950647226070054,0.018897443520179674
336229,0,075,S,06075026004,1400000US06075026004,+37.7178918,-122.4357033,G5020,260.04,Census Tract 260.04,06,026004,True,san_francisco,Coastal / compact / bay-influenced,San Francisco,,True,28.886498470948034,06,California,False,,,,False,False,Missing,False,29.713333333333367,16.363990885969546,0.16888297872340421,93,san_francisco,2024,GOOGLE/SATELLITE_EMBEDDING/V1/ANNUAL,/Users/yufeizhou/Desktop/heat-exposure-compare/data/processed/san_francisco/san_francisco_master_lst_hi_hotcompare.gpkg,san_francisco_master_lst_hi_hotcompare,0.08958101879186749,-0.29925612146630265,0.022893334185845913,0.09083760957781983,0.12237494679857606,-0.1016111581060081,-0.08742306654372077,-0.031401617771095576,-0.04759655001634814,0.058486814050506056,0.12064232819989636,0.018352597607421535,-0.14423504529661663,-0.2261637113070851,-0.12417116823960543,-0.1436741230895706,0.16369834511551018,0.12298405015423951,-0.06280220126809316,0.03657258057069088,0.08004611495194595,0.037972217363083836,-0.1621784230331019,-0.006129403975422925,-0.007363616125169385,0.26469548325328407,0.03157122863716342,0.138559465077154,0.038611179299121424,0.014560807104884239,-0.011227657810209181,-0.10611959006536552,0.0007736310192398426,-0.15210457869635194,0.11950643458904277,-0.06996935880467946,-0.15016690314591324,-0.021299037692712602,-0.09617297050882717,0.18096024603455924,0.013196888495055304,-0.20829849144244464,0.03538518902853452,-0.07565817584004819,0.13537477584806334,0.07088632050647155,-0.07286666642223608,0.042536510153143775,0.12893101861608738,0.006240062124498452,-0.09159908429245464,0.21680600259442295,-0.063523921734325,0.08808100613170632,0.07129788799205586,-0.2900247007771873,0.20153914620527838,-0.003809802782885422,-0.05012452092023955,-0.038523284869622795,0.19911863696383406,-0.01400188941657487,-0.08893599020616472,0.04057427573505868
276896,0,075,S,06075020500,1400000US06075020500,+37.7591282,-122.4370296,G5020,205,Census Tract 205,06,020500,True,san_francisco,Coastal / compact / bay-influenced,San Francisco,16.363990885969546,True,27.142651515151545,06,California,True,0.2872340425531915,0.5877659574468085,0.30053191489361697,False,True,HI-only hotspot,True,29.713333333333367,16.363990885969546,0.16888297872340421,94,san_francisco,2024,GOOGLE/SATELLITE_EMBEDDING/V1/ANNUAL,/Users/yufeizhou/Desktop/heat-exposure-compare/data/processed/san_francisco/san_francisco_master_lst_hi_hotcompare.gpkg,san_francisco_master_lst_hi_hotcompare,0.14144180435075526,-0.24096616388994016,0.12195319948739419,0.0185480940313474,0.056305934799880566,-0.12296670817418087,-0.07557411515271974,-0.06691929320877739,0.003975149995219346,-0.07752251836753939,0.1328670733785179,0.14588457256161272,-0.15082276977730363,-0.2148013083073298,-0.0686562864822111,-0.06009203891523883,0.1747068352569393,0.11990742206453721,-0.0443808507167052,0.03775956142478673,0.09245587181072443,0.06851296500338591,-0.07552741647873143,0.0705619406518727,-0.0321394776667103,0.2170059585115099,-0.061663303532206136,0.08345809072803086,0.1309248059928178,0.0467931497890908,0.013596643113937826,-0.0934910762248438,0.029811711557532417,-0.15253799780124622,0.10655777660459931,-0.08011758947783443,-0.2009258302412689,-0.027825519851474027,-0.11811368646873457,0.03801658230374401,-0.10641798989091754,-0.2295629585893478,-0.01640145157661514,-0.09659554286731503,0.1379020743216988,0.12867394672669197,-0.05581462156189319,0.07490688375775874,0.1327096521731235,0.030792790598143584,-0.059544891681493316,0.18072234854230076,-0.17161919146419638,0.0879340871615578,0.03681902796884549,-0.33037152719342655,0.16458041569124657,-0.06949193527392764,-0.004759182193785101,0.001056319208512403,0.14956512257830287,-0.01745532210602382,-0.08185589390756222,-0.013205053190305648
2168909,864826,075,S,06075061000,1400000US06075061000,+37.7132283,-122.3846994,G5020,610,Census Tract 610,06,061000,True,san_francisco,Coastal / compact / bay-influenced,San Francisco,,True,29.54670483460562,06,California,False,,,,False,False,Missing,False,29.713333333333367,16.363990885969546,0.16888297872340421,95,san_francisco,2024,GOOGLE/SATELLITE_EMBEDDING/V1/ANNUAL,/Users/yufeizhou/Desktop/heat-exposure-compare/data/processed/san_francisco/san_francisco_master_lst_hi_hotcompare.gpkg,san_francisco_master_lst_hi_hotcompare,0.07311908300883438,-0.20328097642126605,0.002216215471328396,0.06297961938894334,0.06006737444250581,0.02179872531731881,0.01091976401179884,0.07140479014898837,0.007925970419248862,-0.010422333775350685,0.10624087807567187,-0.04269011311494543,-0.17730749081414676,-0.21275246842680376,0.0008551668964619284,-0.06423290357139004,0.06685533494316263,0.01794272146172218,-0.10314228370356911,-0.02831510261285077,0.10524695718226898,0.07733632272537945,-0.13470796534950297,0.09638049772163251,-0.017096506290560445,0.10423985595966716,-0.02465417617758325,0.01938474718066027,0.16000933305536988,0.02688067271268603,-0.03722804992218502,0.007635615409029933,0.08225353259358606,-0.10495600067887813,-0.05658276794912403,0.06371343719551877,0.03072670169660417,-0.0336496317484757,-0.15459606603540582,0.14040938735023065,-0.021975357028700578,-0.20588457542157892,0.0740299889822634,-0.07039769744952305,0.11725547671318418,0.11616833665099684,-0.07424860020134715,0.029545127413746878,-0.01144257673123842,-0.011544417591068388,-0.08973913546996122,0.16892243108029276,-0.0901819145378045,0.035388491094090625,-0.04271397419065723,-0.21854330493814256,0.07777625648669743,-0.003523077303480603,-0.02277519807248192,0.016749290378347725,0.16192495727923198,-0.12225341094581854,0.010566394555495472,0.12022564106297476
751208,0,075,S,06075026100,1400000US06075026100,+37.7196238,-122.4431600,G5020,261,Census Tract 261,06,026100,True,san_francisco,Coastal / compact / bay-influenced,San Francisco,,True,29.029166666666697,06,California,False,,,,False,False,Missing,False,29.713333333333367,16.363990885969546,0.16888297872340421,96,san_francisco,2024,GOOGLE/SATELLITE_EMBEDDING/V1/ANNUAL,/Users/yufeizhou/Desktop/heat-exposure-compare/data/processed/san_francisco/san_francisco_master_lst_hi_hotcompare.gpkg,san_francisco_master_lst_hi_hotcompare,0.10150474484625971,-0.27647720191502073,0.03287998687779346,0.057117669927631134,0.08373906734117936,-0.11628049939148653,-0.04846516403029792,-0.046057515268306475,-0.06424032926729363,0.05621310993398422,0.11538444854840643,0.024342480321182886,-0.1368714958921837,-0.22245608377735024,-0.09887378889158781,-0.16809583614237203,0.1826741933920305,0.11419914965496246,-0.06307646902479438,0.05277510032226984,0.09698981474296624,0.050260789483971544,-0.1751316452245107,-0.001223643097538199,-0.01824218620893565,0.2234491823319242,0.032245760306655255,0.12434298434600229,0.04534296767883597,0.04366645603037165,0.010237517080674989,-0.10756708637993896,0.011166931639164773,-0.17643599178579655,0.10705354919478721,-0.05348781980185831,-0.18328902520541318,-0.03054904749623176,-0.09551004685245203,0.1525959783752761,0.006047713510055408,-0.19260280149211162,-0.015680397033067124,-0.09811342606068164,0.1134512543772382,0.07632951936624577,-0.05132747851460382,0.022560992617461036,0.11091502676148755,0.023072373719351124,-0.09008885993134819,0.22267908155974725,-0.0939886934435521,0.05398412855772357,0.07223315742292753,-0.28458265196573557,0.1761232739978085,-0.016568723269964628,-0.04768989827965326,-0.0376114958377656,0.1849656031180425,-0.04255863703797917,-0.09672649396092077,0.05699566182643686
4422352,2420402,075,S,06075060400,1400000US06075060400,+37.7227157,-122.4916361,G5020,604,Census Tract 604,06,060400,True,san_francisco,Coastal / compact / bay-influenced,San Francisco,15.636442977794673,True,22.44746001961105,06,California,True,0.0425531914893617,0.09840425531914894,0.05585106382978724,False,False,Neither hotspot,False,29.713333333333367,16.363990885969546,0.16888297872340421,97,san_francisco,2024,GOOGLE/SATELLITE_EMBEDDING/V1/ANNUAL,/Users/yufeizhou/Desktop/heat-exposure-compare/data/processed/san_francisco/san_francisco_master_lst_hi_hotcompare.gpkg,san_francisco_master_lst_hi_hotcompare,0.044816152889273805,-0.19881029576510112,-0.023515565536086903,0.0889784614751365,-0.00582272987649012,0.02262915939160202,0.00307943549581096,0.1481788750947962,0.09233122970539215,-0.0019551430436606934,0.09592871355516998,-0.052173030204593955,-0.15254404143236253,-0.16120093718839637,0.07994303021876191,0.012502360579889547,-0.019696454825841845,-0.020357570060603482,-0.08877672471837429,-0.008094841278594283,0.12123052062817122,0.07037246880032733,-0.08959190285687128,0.0985172650476784,-0.05239257025888713,0.09288499171166632,0.004819102351043176,-0.04870816294126057,0.12375503889552981,0.004627695724832952,-0.05388552400672469,0.049185046495440844,0.03833048087575192,-0.05012936946828135,-0.050848555274465315,0.09883855576445344,0.07419001463631017,-0.002005614268322047,-0.20513486897060818,0.1365522211707619,0.025642234575827972,-0.16960518417033035,0.04427705071021226,-0.05312267822308052,0.09878617888407722,0.1390196115333606,-0.06936232270909297,0.04745464306234497,-0.004016362145362734,-0.026000917240391927,-0.13166797241191028,0.1613749041013661,-0.05477296151815027,0.025453309569749137,-0.05656691850392324,-0.2567920890932525,0.08209705665239804,0.024976567687692613,-0.0512620941177743,0.0829666939925969,0.14435866544426545,-0.17833290927940493,0.08340450327522321,0.09107362270678045
367744,0,075,S,06075026301,1400000US06075026301,+37.7138687,-122.4395362,G5020,263.01,Census Tract 263.01,06,026301,True,san_francisco,Coastal / compact / bay-influenced,San Francisco,,True,28.793389830508506,06,California,False,,,,False,False,Missing,False,29.713333333333367,16.363990885969546,0.16888297872340421,98,san_francisco,2024,GOOGLE/SATELLITE_EMBEDDING/V1/ANNUAL,/Users/yufeizhou/Desktop/heat-exposure-compare/data/processed/san_francisco/san_francisco_master_lst_hi_hotcompare.gpkg,san_francisco_master_lst_hi_hotcompare,0.07058157826518296,-0.2839253246237911,0.060560186588661476,0.055363466762861545,0.08619934734136438,-0.12090660757987148,-0.08787809611207831,-0.041140486067288984,-0.057571359081385304,0.047063815083585016,0.13464360568276018,0.05441619755391669,-0.10920539560432749,-0.21666429332238982,-0.10462842439666177,-0.12530473350084995,0.1729443465121229,0.1401968762684423,-0.05193265688342354,0.01191995876522605,0.08719183756290215,0.057123226016531824,-0.13057884863204208,0.017170161230913222,-0.02005420827365606,0.2383978223458989,-0.0007803396361994524,0.12756929967800792,0.050465197568948524,0.03652977648365445,-0.0004941009143375968,-0.09388442111463648,0.03429542707322618,-0.1885694796124694,0.09886468123835256,-0.08515823138068983,-0.19313638466083122,-4.799537046095759e-05,-0.10206338260531202,0.1420054862707937,0.0032298900319398375,-0.2362422976188019,-0.0047883029406241675,-0.10390114173181586,0.14026822465597882,0.08910309792559719,-0.049887364970544905,0.07046952449527913,0.16996157032652784,0.01853079846763809,-0.07874513833680326,0.23101769981995018,-0.09676304860323671,0.07811785290914115,0.05756079487539304,-0.30009661526805664,0.18267752473989404,-0.0383465997230372,-0.025185328775781345,-0.04731332725295949,0.1740248885699389,-0.01841104106095828,-0.054205566443591854,0.016959781760323676
750766,0,075,S,06075026302,1400000US06075026302,+37.7116465,-122.4308192,G5020,263.02,Census Tract 263.02,06,026302,True,san_francisco,Coastal / compact / bay-influenced,San Francisco,,True,28.443174603174633,06,California,False,,,,False,False,Missing,False,29.713333333333367,16.363990885969546,0.16888297872340421,99,san_francisco,2024,GOOGLE/SATELLITE_EMBEDDING/V1/ANNUAL,/Users/yufeizhou/Desktop/heat-exposure-compare/data/processed/san_francisco/san_francisco_master_lst_hi_hotcompare.gpkg,san_francisco_master_lst_hi_hotcompare,0.118084118553286,-0.23369321669758691,0.04627174185125552,0.09722855911330486,0.08503316540200144,-0.04753781946200755,-0.030590932418419235,0.024515275898021043,0.013711254995531885,-0.02254921730107458,0.12593094398397062,-0.002191079649169693,-0.1989282375693164,-0.22495445678628145,-0.032422449886243196,-0.08899253727926151,0.08599339705242309,0.07381703541228353,-0.10535269121623786,0.022349143719196937,0.10660325241594894,0.04666359519377894,-0.14962060838596608,0.011152909191031173,0.007361557089431837,0.24126817883530122,-0.028215078012460933,0.07774469711889116,0.10745220164216611,0.03730006879096992,0.0063707107352143685,-0.05501813107618992,0.0203738429724181,-0.09267513223779687,0.038352125494343824,0.02044525907721425,-0.07761708610487353,-0.02338885131588228,-0.15418814284534257,0.10876434172184943,0.015171807093067343,-0.20744366321438615,0.0023843040698915503,-0.06160055142000081,0.1809936309227522,0.08417119898328326,-0.016548070569942112,0.03835820374040186,0.05218165350356414,-0.000190587250561609,-0.09354030481369055,0.1696399417187572,-0.0858919806564126,0.11000623379374869,-0.031495346014224754,-0.29667282212033397,0.18493066065117117,-0.03145210767086687,-0.04333500166676762,0.014591575603914829,0.18501806219238023,-0.07062082375170665,-0.029414789344751637,0.03323882461245004
327721,0,075,S,06075020401,1400000US06075020401,+37.7595115,-122.4434831,G5020,204.01,Census Tract 204.01,06,020401,True,san_francisco,Coastal / compact / bay-influenced,San Francisco,16.363990885969546,True,26.79864077669907,06,California,True,0.24468085106382978,0.5877659574468085,0.34308510638297873,False,True,HI-only hotspot,True,29.713333333333367,16.363990885969546,0.16888297872340421,100,san_francisco,2024,GOOGLE/SATELLITE_EMBEDDING/V1/ANNUAL,/Users/yufeizhou/Desktop/heat-exposure-compare/data/processed/san_francisco/san_francisco_master_lst_hi_hotcompare.gpkg,san_francisco_master_lst_hi_hotcompare,0.17411025636156113,-0.21678706990595387,0.06960128406882927,0.05367678213175751,0.08970933574007088,-0.07962809470899591,-0.07352580233118951,-0.06330320565574689,0.024247938006252134,-0.0899542938517446,0.1359040136348495,0.13233043384541296,-0.2040235044889389,-0.22471992803460406,-0.0659904589743659,-0.07176474741822127,0.17601299118772698,0.10025323442568919,-0.07874103905455389,0.11397079780749597,0.09290915517793549,0.06265760971655339,-0.1038987534959271,0.05328423045675179,-0.005827200970781005,0.2409547599471565,-0.038620492814663156,0.05603341249801804,0.12546241168398278,0.04964371887347617,0.019298464833558043,-0.0692842854040783,0.023490077363125132,-0.10702262918570224,0.12054631228703923,-0.05374279410838819,-0.1618224860476848,-0.05888167647484241,-0.11412528538074249,0.0744580759694164,-0.11928831615901922,-0.2031172363857307,0.025665117185238902,-0.07615134539173654,0.15380939064480528,0.1338908374124219,-0.04636029902706302,0.05945497260858302,0.09248485101322022,0.013607806081799146,-0.05498684133136169,0.12739861208750503,-0.12022552384292594,0.08966916614725563,0.05116670166657342,-0.326943977878586,0.18565589025254833,-0.05316726574312454,-0.0329437861054769,-0.003406068764267859,0.17764908134213517,0.003067869042091401,-0.10659881162758679,-0.008841868833815868
419666,0,075,S,06075026303,1400000US06075026303,+37.7096833,-122.4432903,G5020,263.03,Census Tract 263.03,06,026303,True,san_francisco,Coastal / compact / bay-influenced,San Francisco,15.636442977794673,True,27.84852842146963,06,California,True,0.39893617021276595,0.09840425531914894,-0.300531914893617,False,False,Neither hotspot,False,29.713333333333367,16.363990885969546,0.16888297872340421,101,san_francisco,2024,GOOGLE/SATELLITE_EMBEDDING/V1/ANNUAL,/Users/yufeizhou/Desktop/heat-exposure-compare/data/processed/san_francisco/san_francisco_master_lst_hi_hotcompare.gpkg,san_francisco_master_lst_hi_hotcompare,0.08760928708672361,-0.25682600908523817,0.05755832848907097,0.06656489876199481,0.08313692248412638,-0.10823342980365824,-0.07104439222087205,-0.025224552317033508,-0.04263189422214626,0.00784857287557944,0.13686590427630854,0.04213866933581202,-0.13906152431477287,-0.23232949227711075,-0.0744990020218971,-0.10480158836541398,0.1772022136093532,0.10723697503286961,-0.08210246883399505,0.018277593268201695,0.09735387008005525,0.03707315867389726,-0.1254813785495449,0.005574689470306424,-0.006851874018432347,0.25040790426656356,-0.032183344060479964,0.11623896600780223,0.07075242393756787,0.05375147387790079,-0.00518333027528734,-0.060657924625325585,0.0646366779169235,-0.1491857585304639,0.09412016519825642,-0.059566070908013,-0.15677054996658,0.010113276390876988,-0.14829590239262902,0.1289619431844814,0.017535566017324627,-0.2577430933378323,-0.004985505364818573,-0.07158199342370196,0.15573584092475123,0.09568945478342633,-0.029926179980505792,0.0778326861470772,0.15300886359047963,0.005500707966642037,-0.05899672095306946,0.21258410712399395,-0.09703454205878963,0.10347843508248039,0.024127401253784094,-0.301232033197281,0.2109714473067051,-0.05292875188585201,-0.02816795870049967,-0.026208839773331067,0.16955359200146483,-0.03886996657467271,-0.03818215414572663,0.018650625100989162
341043,0,075,S,06075026401,1400000US06075026401,+37.7135251,-122.4112834,G5020,264.01,Census Tract 264.01,06,026401,True,san_francisco,Coastal / compact / bay-influenced,San Francisco,,True,29.035984848484887,06,California,False,,,,False,False,Missing,False,29.713333333333367,16.363990885969546,0.16888297872340421,102,san_francisco,2024,GOOGLE/SATELLITE_EMBEDDING/V1/ANNUAL,/Users/yufeizhou/Desktop/heat-exposure-compare/data/processed/san_francisco/san_francisco_master_lst_hi_hotcompare.gpkg,san_francisco_master_lst_hi_hotcompare,0.21075046685309728,-0.22172416790378824,0.042491744610957456,0.03964234702446398,0.10624744703102607,-0.09175996922477778,0.029585632131425284,-0.05211800667376198,-0.05825209869605943,0.023155303820000982,0.05564802516991616,-0.017848093010526707,-0.22943566090808276,-0.23604287795578768,-0.11773424331765464,-0.19374202865777448,0.14604075787340898,0.09338328595671967,-0.049010258293296804,0.06718928696412618,0.10582503875741213,0.07740082108007476,-0.21871651636435413,-0.03881379238565045,-0.004122537778825874,0.26856023610952034,-0.028226013234753395,0.11104251591100386,0.11479914999621715,0.07098121422584483,0.03194891008214291,-0.13077663269585937,-0.03340954571810169,-0.10934728716919902,0.12191792527992996,-0.011475421246918466,-0.1424673626492925,-0.05069195046354179,-0.1179631531215676,0.06522340830039428,-0.03380604052599237,-0.16935666103494693,-0.03214734134283284,-0.04309033021647968,0.12007685327859699,0.06908061403626246,-0.0711563464626076,-0.03380837854020521,-0.018143262584160783,0.017360082181031914,-0.07473550353699529,0.16138795948371895,-0.08928764986663672,0.02272948947588482,0.009064205904193781,-0.30027564594684547,0.17710440750550313,0.03181749787316034,-0.045361309623130494,0.019713460694653368,0.21348855513044632,-0.0833664035632169,-0.20362874824133634,0.08235129080938934
398279,0,075,S,06075026402,1400000US06075026402,+37.7164934,-122.4034909,G5020,264.02,Census Tract 264.02,06,026402,True,san_francisco,Coastal / compact / bay-influenced,San Francisco,,True,29.140000000000043,06,California,False,,,,False,False,Missing,False,29.713333333333367,16.363990885969546,0.16888297872340421,103,san_francisco,2024,GOOGLE/SATELLITE_EMBEDDING/V1/ANNUAL,/Users/yufeizhou/Desktop/heat-exposure-compare/data/processed/san_francisco/san_francisco_master_lst_hi_hotcompare.gpkg,san_francisco_master_lst_hi_hotcompare,0.16284874247074943,-0.2511658976090587,0.0652603159564235,0.07105877729012597,0.11838061524563179,-0.10383867681418148,-0.04473565837699858,-0.03776962627385304,-0.046938919645656,0.00048438106127104177,0.082682963340892,0.047403104576987196,-0.19411554091340147,-0.23716068444050287,-0.1138642898075908,-0.1232467742725322,0.14922166816521606,0.12874585818657613,-0.035424532955675166,0.04190856154643616,0.10691452129457164,0.0871340925337598,-0.1709307422810251,-0.008247998225140486,-0.01487797706080072,0.24186397464758236,-0.02420060757804711,0.14289328825366504,0.08691589926452037,0.053570250260484446,0.021277630483335908,-0.11118324602373413,-0.01671522749633626,-0.12624215474135192,0.11272071649089219,-0.04491408289437982,-0.14725713641711527,-0.04278251615052436,-0.13609806869406849,0.12933260865474927,-0.03541753965832305,-0.19553693321650112,0.0062847416691014955,-0.057693728666838855,0.13914521979836372,0.09879655802571623,-0.04570958436484821,0.003588739433169369,0.05452970401196645,-0.006711684888220995,-0.04697107278806652,0.17567080625835887,-0.10486800010726562,0.021741640044066476,0.010973023386558147,-0.3123264720434984,0.1894166589376949,-0.002544284326565517,-0.04733930024626137,0.016624791900938834,0.18613567237722597,-0.035412665876845974,-0.15784072183103598,0.018669776418904296
374482,0,075,S,06075026403,1400000US06075026403,+37.7112292,-122.4068948,G5020,264.03,Census Tract 264.03,06,026403,True,san_francisco,Coastal / compact / bay-influenced,San Francisco,,True,29.037369791666677,06,California,False,,,,False,False,Missing,False,29.713333333333367,16.363990885969546,0.16888297872340421,104,san_francisco,2024,GOOGLE/SATELLITE_EMBEDDING/V1/ANNUAL,/Users/yufeizhou/Desktop/heat-exposure-compare/data/processed/san_francisco/san_francisco_master_lst_hi_hotcompare.gpkg,san_francisco_master_lst_hi_hotcompare,0.16366395520882274,-0.25326437000510155,0.05149657979723243,0.06911831450154703,0.10565912828613085,-0.09228190255676863,0.003040294885405584,-0.03601571588464553,-0.07750619191113493,0.04387569515055529,0.08075778757214297,-0.010072801160468136,-0.19302089941994877,-0.2216064773188833,-0.12889697876455394,-0.1975134769711142,0.16246706637169953,0.09047798309951828,-0.05280569786513576,0.0408940324543241,0.09208669580555483,0.039135623826123796,-0.20751607850387457,-0.03618902675472251,-0.004346378779326619,0.2672013074248466,-0.008966396827136637,0.12229611698623549,0.10333238078493986,0.054262825298516164,0.012211617710892977,-0.14889652517493204,-0.008957092783289444,-0.1536302783985535,0.11023051957233891,-0.006671013785597646,-0.15727895976338482,-0.03437716216550988,-0.12443600855755686,0.08049493570336486,-0.026857138441787533,-0.196568627164802,-0.027216221877088522,-0.052497248829848464,0.12687546449548529,0.05762397266073785,-0.07317758989714318,-0.004415987120099901,0.02185951312250165,0.03222434571919089,-0.08643074417310191,0.18665760291263267,-0.10364480927997466,0.03356211408608416,0.02149848299886312,-0.2817716317922432,0.16819016697388253,0.006198721542972979,-0.02294837233130003,-0.003936036841724263,0.20524409306575167,-0.07225135728542709,-0.179344656602723,0.07900211574465733
349923,0,075,S,06075030101,1400000US06075030101,+37.7642568,-122.4597429,G5020,301.01,Census Tract 301.01,06,030101,True,san_francisco,Coastal / compact / bay-influenced,San Francisco,,True,26.304422979798023,06,California,False,,,,False,False,Missing,False,29.713333333333367,16.363990885969546,0.16888297872340421,105,san_francisco,2024,GOOGLE/SATELLITE_EMBEDDING/V1/ANNUAL,/Users/yufeizhou/Desktop/heat-exposure-compare/data/processed/san_francisco/san_francisco_master_lst_hi_hotcompare.gpkg,san_francisco_master_lst_hi_hotcompare,0.1092771198364175,-0.250376010598453,0.11041986408733925,0.0027280889322285427,0.04219696302878221,-0.13177578756419986,-0.08992886937472534,-0.06684318446448298,0.02607264047211846,-0.05718304496311016,0.13778951041422902,0.11309414209635477,-0.13682968489683403,-0.17754475371399378,-0.08214118063217096,-0.052074417382842,0.16810806924916266,0.1320501305130514,-0.04828025770641442,-0.010147180602046868,0.10912392844699217,0.09024244998222238,-0.06585438637948998,0.09769306863015034,-0.06176801153245859,0.1949499421187466,-0.06301206587863041,0.07734893859193688,0.12619728154653467,0.03377327063404747,0.026715865242134464,-0.0919536616308044,0.03077171683158029,-0.14577923058787307,0.06146514482262633,-0.11669575056529674,-0.20679023442506078,0.07742982825811888,-0.09595726022408517,0.031075627637120077,-0.08633947673849743,-0.2435850104596755,-0.00628507275716835,-0.07990913891509523,0.14929902489688326,0.12623221674512775,-0.09579059511365881,0.08928816941400827,0.18363110226818308,0.0185522703759946,-0.09613879254347252,0.18462248039267948,-0.15767580078462334,0.10478903678394713,0.057516718209777974,-0.3099872862792469,0.15436443639378464,-0.06841086135741085,0.0012033378240113336,-0.007977871308902842,0.16268718245081626,-0.012216516425277449,-0.04830617111929892,0.0023612254893254463
1260212,14870,075,S,06075030102,1400000US06075030102,+37.7586056,-122.4578068,G5020,301.02,Census Tract 301.02,06,030102,True,san_francisco,Coastal / compact / bay-influenced,San Francisco,16.363990885969546,True,26.743084101888513,06,California,True,0.2393617021276596,0.5877659574468085,0.34840425531914887,False,True,HI-only hotspot,True,29.713333333333367,16.363990885969546,0.16888297872340421,106,san_francisco,2024,GOOGLE/SATELLITE_EMBEDDING/V1/ANNUAL,/Users/yufeizhou/Desktop/heat-exposure-compare/data/processed/san_francisco/san_francisco_master_lst_hi_hotcompare.gpkg,san_francisco_master_lst_hi_hotcompare,0.13588223501781438,-0.18028089977212425,0.0255914469246833,0.04529661963280746,0.05576209228985937,-0.04902605573051246,-0.04349119471156386,0.08901632970603218,0.1016500433907142,-0.08644334641035983,0.09025261671230789,0.06969344275916367,-0.21077267804056168,-0.1580438871316114,0.03001721540619069,-0.004472221661071231,0.06623416847633272,0.10183305620221948,-0.0969513838202732,0.08993790894985518,0.1051205266933442,0.05883403167906509,-0.07332849648356118,0.0638788235708316,0.04635711710286329,0.23869409342643041,-0.08268017162971358,0.022817948186013678,0.14363966923849952,0.043580788397485554,0.008584518392485443,0.0029996645703158024,0.001882059315256361,0.05386779985544973,0.054129194854213254,-0.05796133394581719,-0.07089441727265067,-0.009162766729954131,-0.11130620594306595,0.036295264983098686,-0.05233361889267877,-0.17932833792399833,0.07509646299230886,-0.0760574840832772,0.11517011932242537,0.14903160154286055,-0.08424176896266836,0.1058285302109512,0.08370709950222839,-0.0012911434899841477,-0.1005650275366105,0.06896477774588888,-0.04112450319437936,0.13010054374469965,0.011561815620451525,-0.29566594574190097,0.16257270600636906,-0.007021134127111274,-0.05208796524773655,0.07417288227487187,0.17726787369181976,-0.06893419531386102,0.020043984048095702,0.0031462012714498977
360958,0,075,S,06075030201,1400000US06075030201,+37.7628136,-122.4737840,G5020,302.01,Census Tract 302.01,06,030201,True,san_francisco,Coastal / compact / bay-influenced,San Francisco,,True,26.8102773497689,06,California,False,,,,False,False,Missing,False,29.713333333333367,16.363990885969546,0.16888297872340421,107,san_francisco,2024,GOOGLE/SATELLITE_EMBEDDING/V1/ANNUAL,/Users/yufeizhou/Desktop/heat-exposure-compare/data/processed/san_francisco/san_francisco_master_lst_hi_hotcompare.gpkg,san_francisco_master_lst_hi_hotcompare,0.10520246096488164,-0.2594651164581792,0.10471255598817446,-0.002752351936087014,0.046850253743820576,-0.13658741156378418,-0.10287720337991191,-0.0803876266693276,-0.00028083217989076424,-0.03186326943785581,0.1428447253044231,0.1076012674312294,-0.12863325570672315,-0.2000990141543391,-0.08386424740988799,-0.0903141908184385,0.1703005684505201,0.14868591731202987,-0.0344664279596593,0.008442607713671921,0.10551503960952868,0.10101624303774154,-0.09271268548745475,0.056570071892273685,-0.08437002809816053,0.19360007072171062,-0.04349099587142292,0.10230902456057352,0.08309982337121043,0.0628467054100108,0.05028901212894703,-0.09970284185257294,0.028581721735903745,-0.18419292875017715,0.059126057392599365,-0.09071346668654301,-0.23923632533516637,0.05288416730750628,-0.09632195275677934,0.08484308325379086,-0.06445429362815533,-0.22583575757027838,-0.02693474203140884,-0.09723000074243453,0.1380238625029386,0.09662889752800574,-0.07485703982073633,0.05726715335145657,0.17938561924224003,0.01788585471901915,-0.08273615807097745,0.20259059913170321,-0.16686841235147076,0.08188462821771833,0.05272553689413792,-0.3096938886674984,0.14384355157189152,-0.055043899015977595,-0.015200292820209694,0.006053729547431812,0.14663539215736257,-0.020831480700653035,-0.09379587922829905,0.011532985039401486
753790,0,075,S,06075030301,1400000US06075030301,+37.7569391,-122.4692332,G5020,303.01,Census Tract 303.01,06,030301,True,san_francisco,Coastal / compact / bay-influenced,San Francisco,,True,26.93038159371496,06,California,False,,,,False,False,Missing,False,29.713333333333367,16.363990885969546,0.16888297872340421,108,san_francisco,2024,GOOGLE/SATELLITE_EMBEDDING/V1/ANNUAL,/Users/yufeizhou/Desktop/heat-exposure-compare/data/processed/san_francisco/san_francisco_master_lst_hi_hotcompare.gpkg,san_francisco_master_lst_hi_hotcompare,0.11892710764248496,-0.23567735385158328,0.0744551881145638,0.02808619871064743,0.06303245878920083,-0.09466395244780094,-0.09563604615235657,-0.06778912992791537,0.03568102660724497,-0.07016024469678504,0.1450754460298105,0.09987262216960785,-0.1749127418556905,-0.21870463856820202,-0.05258436661777639,-0.0739854157488402,0.16638457220884983,0.13734021138615507,-0.072315212721886,0.05689179523999296,0.1134242300732895,0.07758771552342705,-0.09807756555738349,0.045123672111421535,-0.04091547580485648,0.23889748285688214,-0.026840350165641024,0.07221066613815932,0.08929914649920978,0.08142708853058087,0.045620200395622625,-0.05709440114514431,0.03475336108205715,-0.1271410072899305,0.0776017500522657,-0.07542810344049414,-0.20627650900429803,0.017885021722807325,-0.10103806397618542,0.09339780993564824,-0.06866394993628092,-0.21729261466232266,-0.00255095807893884,-0.09220335814491183,0.15456506215232124,0.09001965618184911,-0.06264435759895598,0.06801353307481671,0.1529016817453918,0.0069034731678333265,-0.05583336283516979,0.15353464563192984,-0.14594407990569047,0.09818414449582487,0.06083091499184925,-0.31588298689319594,0.17646519809746225,-0.047738578912436394,-0.03501221319202549,0.019057221179538973,0.1646825765318997,-0.008186682321602757,-0.09516637556098376,0.00572940741858238
597637,0,075,S,06075030302,1400000US06075030302,+37.7519364,-122.4716313,G5020,303.02,Census Tract 303.02,06,030302,True,san_francisco,Coastal / compact / bay-influenced,San Francisco,,True,27.238071625344364,06,California,False,,,,False,False,Missing,False,29.713333333333367,16.363990885969546,0.16888297872340421,109,san_francisco,2024,GOOGLE/SATELLITE_EMBEDDING/V1/ANNUAL,/Users/yufeizhou/Desktop/heat-exposure-compare/data/processed/san_francisco/san_francisco_master_lst_hi_hotcompare.gpkg,san_francisco_master_lst_hi_hotcompare,0.10116255683995753,-0.24607362695799975,0.10172066375976978,0.014620964943980918,0.05161403228119129,-0.11075887573379775,-0.09103769650968746,-0.04531686401427592,0.06365962877610391,-0.0774175544614306,0.11167540715255579,0.07509133485434884,-0.17450319472126552,-0.20354899176569705,-0.035394867249587396,-0.06926854871489688,0.1376686589747238,0.18356718467983366,-0.04390624370383966,0.0160274243523092,0.10828153703210665,0.11582331903926117,-0.10536980944798961,0.03244731729567955,-0.06053284879313373,0.24795058505525677,-0.045396184757465756,0.08338306763321571,0.10748978427659106,0.06631342054512838,0.0696138768886063,-0.06993922201346289,-0.005243067872559496,-0.09068632789537373,0.07251525483930617,-0.0704994207116497,-0.19181897812597018,0.054519934181763936,-0.10988196820342482,0.11163264430615619,-0.03800668134186676,-0.2155853422363229,-0.0010182363795389452,-0.1087172139152207,0.1388819319808945,0.08093185874803131,-0.10224194873357025,0.09642297622067804,0.1387644557905476,0.005066825069594259,-0.05268130400643838,0.16656559024866077,-0.1090493622187382,0.09370685430567773,0.046894563724317356,-0.2977353854908626,0.16610796245377968,-0.021431863993587475,-0.0469133180377835,0.05409698554175525,0.1832270693991953,-0.017815582221408374,-0.09000268515029902,0.011801845989037846
972368,0,075,S,06075030400,1400000US06075030400,+37.7469525,-122.4675254,G5020,304,Census Tract 304,06,030400,True,san_francisco,Coastal / compact / bay-influenced,San Francisco,15.636442977794673,True,27.305478158205464,06,California,True,0.3191489361702128,0.09840425531914894,-0.22074468085106386,False,False,Neither hotspot,False,29.713333333333367,16.363990885969546,0.16888297872340421,110,san_francisco,2024,GOOGLE/SATELLITE_EMBEDDING/V1/ANNUAL,/Users/yufeizhou/Desktop/heat-exposure-compare/data/processed/san_francisco/san_francisco_master_lst_hi_hotcompare.gpkg,san_francisco_master_lst_hi_hotcompare,0.13553792971616707,-0.24187147648156332,0.09118793913985997,0.04035753292653878,0.07584862735402186,-0.08765517678631612,-0.07771151384610524,-0.036661122910407566,0.042524501984923996,-0.06459746039658831,0.08393675885559974,0.07635118077523309,-0.20031276982756574,-0.21299685467399881,-0.03989706611478215,-0.056348354627578465,0.11278147810036136,0.16334179984071667,-0.036001152939728664,0.06906287037043793,0.09823465249081395,0.1195192577220481,-0.10582133806044731,0.05663509325270169,-0.022031186115375922,0.25287868965330745,-0.05139770661935728,0.07708712863431544,0.11901993207712967,0.02598309585856894,0.030375261170108043,-0.0675430422761872,-0.04207628153800274,-0.06743276659139458,0.09179081237777119,-0.06914436823572803,-0.14505261405457656,-0.008560837040180097,-0.11533716488580263,0.11537561436175801,-0.06337544333291514,-0.18454218054140065,0.021066222679292423,-0.08379042542435673,0.12945318257485672,0.12059636713259306,-0.0706852277762311,0.03223653745595043,0.09824745846587193,-0.011316433384474306,-0.061509919344236504,0.14248266788210381,-0.08918768608216582,0.08163666772256724,0.028678032836393665,-0.32493992528572146,0.18483242402566355,-0.005152522274074262,-0.05769978062458903,0.03890043201865194,0.18850954478237,-0.019341936014359132,-0.10104455241292162,-0.022775909263578625
1087784,35670,075,S,06075030500,1400000US06075030500,+37.7523832,-122.4517871,G5020,305,Census Tract 305,06,030500,True,san_francisco,Coastal / compact / bay-influenced,San Francisco,16.16841349129888,True,27.217045454545502,06,California,True,0.30319148936170215,0.19680851063829788,-0.10638297872340427,False,False,Neither hotspot,False,29.713333333333367,16.363990885969546,0.16888297872340421,111,san_francisco,2024,GOOGLE/SATELLITE_EMBEDDING/V1/ANNUAL,/Users/yufeizhou/Desktop/heat-exposure-compare/data/processed/san_francisco/san_francisco_master_lst_hi_hotcompare.gpkg,san_francisco_master_lst_hi_hotcompare,0.1253608671620882,-0.21338448298548723,0.06175391476585688,0.06696904400331431,0.06211104652247479,-0.07204998339862398,-0.05264997408707738,0.059514734987230686,0.08206997036251089,-0.0709910517781314,0.07734373506619491,0.02278896911286307,-0.23301126118520646,-0.182777388354423,-0.0011509769520379569,-0.04832083256967504,0.054700654477246584,0.11278091594640921,-0.09666131219544631,0.0664288677399309,0.10600880128332012,0.07209659668955218,-0.11244795858954008,0.0213033259582261,0.010065138154778145,0.2497291656000895,-0.09102398983468528,0.06111111056552186,0.14585191798596997,0.04636875419694023,0.035424592849460444,-0.04730463031335796,0.0019144077784029293,0.017820827909663918,0.04443295044617214,-0.013841772887188996,-0.07955248327119951,0.015091443049341263,-0.1443898750223045,0.07849468852509973,-0.016797442280512016,-0.18588382448677554,0.036920212229033474,-0.0700710948525819,0.12345070213159431,0.11552850612011781,-0.07688434990672502,0.09277117584991648,0.06505497992639281,-0.01240448176956177,-0.09314230120802777,0.13376838022591114,-0.03366706221120847,0.11804567364719046,-0.017312610629490535,-0.3028507690911498,0.1754604313290392,0.008719641182017733,-0.06704781149419904,0.08826598676209686,0.19212070005478835,-0.10299636341273492,-0.019887041735496,0.014139958170072334
521626,0,075,S,06075030600,1400000US06075030600,+37.7437535,-122.4571389,G5020,306,Census Tract 306,06,030600,True,san_francisco,Coastal / compact / bay-influenced,San Francisco,15.636442977794673,True,27.740856844305124,06,California,True,0.3882978723404255,0.09840425531914894,-0.2898936170212766,False,False,Neither hotspot,False,29.713333333333367,16.363990885969546,0.16888297872340421,112,san_francisco,2024,GOOGLE/SATELLITE_EMBEDDING/V1/ANNUAL,/Users/yufeizhou/Desktop/heat-exposure-compare/data/processed/san_francisco/san_francisco_master_lst_hi_hotcompare.gpkg,san_francisco_master_lst_hi_hotcompare,0.12735981787598533,-0.26554793020534145,0.02471634509881034,0.0793750945853307,0.10385992903816305,-0.06572873614048755,-0.08144987734263907,-0.03378119045085339,0.0479980236877379,-0.054574752418446,0.10660541136964893,0.014880848549751973,-0.22420678472055344,-0.22395318077390353,-0.032284989351168865,-0.034921359731051045,0.12002006001268274,0.12150009064419798,-0.06153139848929577,0.05325399702295094,0.08390208457855781,0.07142866678971575,-0.1221274828964385,0.02670083563817426,-0.013229435540736427,0.2979804989598834,-0.014254856996471166,0.07550028011788541,0.11408159554441007,0.02403083910052889,-0.011782587411303693,-0.052779241892627005,-0.02882984183032535,-0.03419070030376961,0.1053877071627766,-0.07353358611484519,-0.09734474201648556,0.00872293355356644,-0.12305546778825296,0.14886017295386644,-0.02300844302457108,-0.2005536590297588,0.08012344273826892,-0.045540714301997354,0.13672869985798336,0.08763416772728563,-0.08928260705306988,0.050161465986731976,0.10465673773875685,-0.03394283916443379,-0.04463659054291727,0.11523237466467975,-0.07732762604183939,0.12190772697189904,0.035382532396831576,-0.3015792624091462,0.21635826178801496,-0.0026328312109053504,-0.04886677273367014,0.01830821176868388,0.21902766122324027,-0.011464481434638168,-0.07336975110463641,0.018105133237846672
1426986,9359,075,S,06075030700,1400000US06075030700,+37.7372232,-122.4503095,G5020,307,Census Tract 307,06,030700,True,san_francisco,Coastal / compact / bay-influenced,San Francisco,15.636442977794673,True,27.923087903831743,06,California,True,0.4095744680851064,0.09840425531914894,-0.31117021276595747,False,False,Neither hotspot,False,29.713333333333367,16.363990885969546,0.16888297872340421,113,san_francisco,2024,GOOGLE/SATELLITE_EMBEDDING/V1/ANNUAL,/Users/yufeizhou/Desktop/heat-exposure-compare/data/processed/san_francisco/san_francisco_master_lst_hi_hotcompare.gpkg,san_francisco_master_lst_hi_hotcompare,0.17567133338969199,-0.20346847435301857,0.04481235296784265,0.07329599240527386,0.0960738574268947,-0.07437576353812472,-0.03145799935752508,0.002843388453406162,0.047252372972077905,-0.09433398660143152,0.0770966433669141,0.04827783444075741,-0.25955983499855784,-0.21402365968193984,-0.018440764967226474,-0.038461696360748435,0.09235684511662966,0.11007780777964975,-0.07415842589920896,0.10554589917283855,0.09641257090402437,0.07943342428762752,-0.12099689244031203,0.017854258468657052,0.02172520446724273,0.2762414587638773,-0.05690831550743289,0.06346818284104254,0.11486488648178575,0.0546536469757532,0.027319046851933867,-0.037608936938546125,-0.007308098198262224,0.01878074137284251,0.08721761837596041,-0.031362315330283344,-0.08722570139938528,-0.0414282301073716,-0.14344338627899914,0.09241557547470154,-0.05655825357424874,-0.16830908098174704,0.04919438602547022,-0.04983016433044353,0.12755314433002396,0.12005333179193338,-0.04844592672599001,0.04490078970527584,0.03866207731478872,-0.02133972325531234,-0.04366946955382555,0.08099690091645065,-0.08237592856796627,0.09000653716269698,0.00973379204516471,-0.3200005474851375,0.19257535159953304,0.003456265437673334,-0.055737084614871125,0.061338411647850276,0.1964964474227125,-0.0571066396198631,-0.11118917654871659,0.010767911164627421
1242912,0,075,S,06075030800,1400000US06075030800,+37.7391920,-122.4678640,G5020,308,Census Tract 308,06,030800,True,san_francisco,Coastal / compact / bay-influenced,San Francisco,15.636442977794673,True,27.1029054362723,06,California,True,0.28191489361702127,0.09840425531914894,-0.18351063829787234,False,False,Neither hotspot,False,29.713333333333367,16.363990885969546,0.16888297872340421,114,san_francisco,2024,GOOGLE/SATELLITE_EMBEDDING/V1/ANNUAL,/Users/yufeizhou/Desktop/heat-exposure-compare/data/processed/san_francisco/san_francisco_master_lst_hi_hotcompare.gpkg,san_francisco_master_lst_hi_hotcompare,0.1267920537678407,-0.26058114448730174,0.08011458651876792,0.047229962030507736,0.08028198932857719,-0.08883703925910795,-0.06588418571156007,-0.030138100568519996,0.04625711371673446,-0.05747180644201569,0.09510601457333454,0.03347296630681348,-0.2038433160927545,-0.21301421404675866,-0.03654888080237173,-0.04629099661597353,0.09899236236966649,0.15286727539793896,-0.03357406936896105,0.029724045044847342,0.08759401506812983,0.10358860672677984,-0.11128150538539558,0.0420035667285991,-0.03243469918754894,0.2802022895295497,-0.046233345884690434,0.08533142726806994,0.12278754599027358,0.013416190855706294,0.020387694443969786,-0.08769119742428132,-0.045015041813671365,-0.05911802211240635,0.09467414719270867,-0.06956772538856795,-0.1290117985872944,0.024756672316093437,-0.1214740994138927,0.11511654265974829,-0.0381521228448623,-0.2042083271952132,0.038124322154867746,-0.06788739385731475,0.13355030258656958,0.09780693173837197,-0.09904976719105342,0.04559785744781081,0.10616510588066556,-0.016725925454527293,-0.07318941864991393,0.1481464566084195,-0.08395258709318759,0.110266039988556,0.020505986773396573,-0.3087102958992696,0.19249799148843555,0.001043202770551343,-0.04585802608857526,0.04184133334384033,0.19567672830079003,-0.022829681558532582,-0.08622623584317705,0.004203487192576673
1471536,9769,075,S,06075980501,1400000US06075980501,+37.7162081,-122.4193463,G5020,9805.01,Census Tract 9805.01,06,980501,True,san_francisco,Coastal / compact / bay-influenced,San Francisco,,True,28.852171189979167,06,California,False,,,,False,False,Missing,False,29.713333333333367,16.363990885969546,0.16888297872340421,115,san_francisco,2024,GOOGLE/SATELLITE_EMBEDDING/V1/ANNUAL,/Users/yufeizhou/Desktop/heat-exposure-compare/data/processed/san_francisco/san_francisco_master_lst_hi_hotcompare.gpkg,san_francisco_master_lst_hi_hotcompare,0.1385931143412126,-0.18057732040726043,0.014230481589910532,0.11450825296937295,0.065412135471349,0.03491923206216015,0.0250767508746746,0.15877085744486746,0.1363576522828404,-0.07940125128612305,0.11083510574448979,0.03205178592015658,-0.24876145491451657,-0.14023579761830582,0.06900541916541698,0.05449970256632713,-0.06258892660308046,0.05440078514135275,-0.11831066209402716,0.025082585445879532,0.13868054711396116,0.05230377727531086,-0.07269128772479198,0.056891412004685435,0.06930308236785697,0.23411035778669304,-0.10928368322176908,0.07130240469406157,0.13428161082275838,0.029564616746264084,0.025099060065659585,0.0009629116829657177,-0.009543939402790162,0.02330100323228584,-0.05492438342165039,0.04901000798738947,-0.023843412399279812,-0.0576315653520009,-0.15721194185555948,0.0740046315357272,0.012647632395731558,-0.15373865350964047,0.08158643621323491,-0.07358909509168182,0.17130533887894472,0.1137969693457284,0.003109264712254937,0.018826215547692506,-0.031561654429366315,-0.04989895861650657,-0.15968780446266448,0.07921502788440803,-0.015796375576703475,0.13141013941231,-0.10221372776426883,-0.2983899773243911,0.1402440771699551,0.028916180125088294,-0.05920722330013589,0.10735897560668559,0.1863359532277086,-0.09747195572361197,0.07271375456518116,-0.02465916331647551
10372011,7552972,041,S,06041124200,1400000US06041124200,+37.8787769,-122.4496504,G5020,1242,Census Tract 1242,06,124200,False,san_francisco,Coastal / compact / bay-influenced,San Francisco,16.840711471989906,True,24.895011338183327,06,California,True,0.11702127659574468,0.9893617021276596,0.8723404255319149,False,True,HI-only hotspot,True,29.713333333333367,16.363990885969546,0.16888297872340421,116,san_francisco,2024,GOOGLE/SATELLITE_EMBEDDING/V1/ANNUAL,/Users/yufeizhou/Desktop/heat-exposure-compare/data/processed/san_francisco/san_francisco_master_lst_hi_hotcompare.gpkg,san_francisco_master_lst_hi_hotcompare,0.08066851078397948,-0.1308249339087758,-0.07503679901282077,0.015976546885224454,0.05977756691431859,0.022358666530306145,0.022158837065558247,0.1519004330187822,0.08292709445222024,-0.03959891417370574,0.09593334815943454,-0.04381963139938128,-0.16855453557326547,-0.19534806494225296,0.07873341827007044,0.028751785637471775,0.05679153816293427,-0.030080848857559475,-0.06682598665319138,0.032530570577822195,0.09552233936924678,0.11231105264726145,-0.08693405833316721,0.09538295269354584,0.015417514492320428,0.08113378578380315,-0.044833576649330076,-0.0367033782987293,0.136667047907374,0.008817817973853039,-0.07262229082266787,0.11610468165740132,0.0913255767193742,0.022164744009841687,-0.06624086218189407,0.008375477777452565,0.059992419719539385,-0.010355673354602508,-0.1593679882461306,0.13111274991039157,-0.018947508792197927,-0.17332695111240948,0.16385812777447561,-0.02486862040593826,0.06173708708352795,0.1532435132449311,-0.08549619919488696,0.05195724979161495,-0.003032049082678149,-0.039557747049832434,-0.04464100771848688,0.07464622840201428,-0.04552649046683756,0.04010240091101112,-0.07520801401064735,-0.18946439616163732,0.0787716267241445,0.03342140601069691,-0.033216633335717026,0.035232133962352426,0.14373463892572705,-0.16614212109542487,0.025418423823313174,0.09755849492925968
443822,0,075,S,06075026201,1400000US06075026201,+37.7096856,-122.4582522,G5020,262.01,Census Tract 262.01,06,026201,True,san_francisco,Coastal / compact / bay-influenced,San Francisco,15.636442977794673,True,28.132611348383183,06,California,True,0.4574468085106383,0.09840425531914894,-0.35904255319148937,False,False,Neither hotspot,False,29.713333333333367,16.363990885969546,0.16888297872340421,117,san_francisco,2024,GOOGLE/SATELLITE_EMBEDDING/V1/ANNUAL,/Users/yufeizhou/Desktop/heat-exposure-compare/data/processed/san_francisco/san_francisco_master_lst_hi_hotcompare.gpkg,san_francisco_master_lst_hi_hotcompare,0.07961260976428125,-0.2818082601755938,0.018580354640572335,0.08547820218936605,0.08810996906194085,-0.08274290201198273,-0.0935369606804338,-0.026430278369948615,-0.009593498779207723,0.016033384147768327,0.15724656547666296,0.045288771193301394,-0.1458901137604812,-0.2258826788533842,-0.06234884628451352,-0.10409723652512211,0.17224796959514027,0.09963629037627522,-0.09058705369063248,0.022282930347502394,0.09763392519165513,0.03459780828897892,-0.15274195894190673,0.00454734757432235,-0.019323843075027384,0.24176733841179918,0.02566018908508199,0.11443338124435327,0.04898537615082247,0.037969162824893245,-0.019731705564795494,-0.07227759864158369,0.02271858218744582,-0.1653676591960716,0.0933985646443338,-0.04854502479510555,-0.14010499816554156,-0.02029932213811105,-0.1137952548896298,0.1960419062142242,0.003883567322108861,-0.21902449167201096,0.022527254033284552,-0.09160274605238218,0.1444185864868845,0.062164526595218955,-0.048678868192741795,0.064579259465969,0.13354298819936047,-0.012872455422755887,-0.07234073987043267,0.20356181972684573,-0.068709743903823,0.09819939982924743,0.04865684891832872,-0.2935696660734212,0.21485720010660284,-0.03578400236657716,-0.05552740337527649,-0.02430531146185425,0.19465103617955815,-0.013051295570856549,-0.040156495444488266,0.04867093763375619
337319,0,075,S,06075026202,1400000US06075026202,+37.7134049,-122.4483179,G5020,262.02,Census Tract 262.02,06,026202,True,san_francisco,Coastal / compact / bay-influenced,San Francisco,15.636442977794673,True,28.287101387708912,06,California,True,0.5106382978723404,0.09840425531914894,-0.41223404255319146,False,False,Neither hotspot,False,29.713333333333367,16.363990885969546,0.16888297872340421,118,san_francisco,2024,GOOGLE/SATELLITE_EMBEDDING/V1/ANNUAL,/Users/yufeizhou/Desktop/heat-exposure-compare/data/processed/san_francisco/san_francisco_master_lst_hi_hotcompare.gpkg,san_francisco_master_lst_hi_hotcompare,0.08484959293063303,-0.28135788840925713,0.012152096039722617,0.10133862809706856,0.10943969371149366,-0.08212928284526173,-0.09853792473184003,-0.010160939746019114,-0.057948338225995065,0.05169460168951779,0.1350636176390831,0.03099585947263759,-0.1328661610315505,-0.2400707810889905,-0.08193608677556306,-0.1325608734665084,0.17724188252636314,0.10040901894242088,-0.08426490455979815,0.04755709156730436,0.08203417424742422,0.014061502493576896,-0.1617341077466753,-0.009296092506699206,0.006859886367576125,0.25342366294773355,0.03268084886891186,0.13531448024543408,0.031649706251289815,0.025267425417960107,-0.0330472892343292,-0.07656993077367515,0.01503511978285611,-0.17056419210114085,0.11224090729058855,-0.04797537577295525,-0.13596918387611218,-0.04592258826512173,-0.11582300225890262,0.21189664931740104,0.02627410250973263,-0.2077959337315453,0.015990963012711103,-0.08230804635249961,0.1395502381956678,0.071239270361144,-0.03003564047967344,0.042288941531841276,0.12269118088679011,-0.002463262442077151,-0.06646790821806836,0.21829068037661872,-0.0545344653386463,0.08098274298927723,0.04434732930476426,-0.28997052716040655,0.22150465149404566,-0.022609998386628024,-0.0686701416203102,-0.032393679233770865,0.17951741230473875,-0.02261451897297963,-0.057558829619196825,0.03940378915815998
295197,0,075,S,06075012405,1400000US06075012405,+37.7795195,-122.4174620,G5020,124.05,Census Tract 124.05,06,012405,True,san_francisco,Coastal / compact / bay-influenced,San Francisco,16.363990885969546,True,30.620000000000005,06,California,True,0.8882978723404256,0.5877659574468085,-0.3005319148936171,True,True,Both LST and HI hotspot,False,29.713333333333367,16.363990885969546,0.16888297872340421,119,san_francisco,2024,GOOGLE/SATELLITE_EMBEDDING/V1/ANNUAL,/Users/yufeizhou/Desktop/heat-exposure-compare/data/processed/san_francisco/san_francisco_master_lst_hi_hotcompare.gpkg,san_francisco_master_lst_hi_hotcompare,0.0741148375953447,-0.22228118618934287,0.18909341814774933,-0.06177316485117821,0.016895887097435808,-0.19145244125964375,-0.01694760127410133,-0.03684592726662487,-0.08292230995970669,-0.029680176397294863,0.11683022421837276,0.17757549963158958,-0.021823686668189495,-0.11332649592188414,-0.10798477361671074,-0.08869645902308206,0.18340554910013857,0.1267541153032289,-0.021553630853377286,-0.012668560075469798,0.11154807749644506,0.09313590389500079,-0.06179165597778328,0.09048760263653328,0.004857281640038778,0.029781100055377447,-0.044696401948262375,0.09702771441044432,0.11697342738503733,-0.013613409976566168,0.08687041237397322,-0.04723231738067164,-0.0020061776429189863,-0.1571016305121691,0.012548934422023447,-0.10813488508896034,-0.2866325344385394,0.004048624712362671,-0.0318775034748036,-0.058876560276820665,-0.0750674913171516,-0.18693961122226085,-0.0024588989392558738,-0.1627255578969613,0.0750335035937752,0.1990623170089082,-0.08956758024254535,0.08981172370464394,0.18093671018160873,0.0747829766764961,-0.1540125462889201,0.22425157850108102,-0.195467466453499,0.04398657037330328,0.0924261859441252,-0.24486065312196365,0.052578024009131384,-0.12150442295992249,0.08877188503701018,-0.11235630249783866,0.07884655933524991,-0.04449550953869722,-0.04214950947499343,0.013258478712480551
305225,0,075,S,06075020101,1400000US06075020101,+37.7702373,-122.4201473,G5020,201.01,Census Tract 201.01,06,020101,True,san_francisco,Coastal / compact / bay-influenced,San Francisco,16.363990885969546,True,30.19044871794871,06,California,True,0.8404255319148937,0.5877659574468085,-0.2526595744680852,True,True,Both LST and HI hotspot,False,29.713333333333367,16.363990885969546,0.16888297872340421,120,san_francisco,2024,GOOGLE/SATELLITE_EMBEDDING/V1/ANNUAL,/Users/yufeizhou/Desktop/heat-exposure-compare/data/processed/san_francisco/san_francisco_master_lst_hi_hotcompare.gpkg,san_francisco_master_lst_hi_hotcompare,0.11012543715147022,-0.2534030947156134,0.11263896580351873,-0.05251266801281098,0.037039328290902535,-0.18546559858453984,-0.01613406864056921,-0.05938355516566631,-0.10960558684996043,0.02284061937326263,0.11309164984844315,0.13208970381761004,-0.06816090086795958,-0.1617595975765632,-0.11427290116281884,-0.15014287323992573,0.22717601502064314,0.10176994654859584,-0.03450025681561578,0.028078712385895276,0.08619300738813451,0.06371368764489965,-0.13907776527729224,0.016584587201089213,0.0021075846265895203,0.11786118329613275,-0.03312945372833418,0.13402793361669404,0.08272336881259336,0.032231439503013125,0.07068070547642051,-0.10744280180098832,0.006655584597354267,-0.18834008829331417,0.0572854787228228,-0.0936795114987294,-0.2916453526804303,-0.010354886650603167,-0.031502692031227596,0.01895771559240966,-0.05961978738959539,-0.1758867345431587,-0.00839331057559991,-0.13318448433387192,0.0724110005566049,0.13625534262846886,-0.08973802000308498,0.0692064108599099,0.14053954353491713,0.06071680031899295,-0.13011023088757653,0.2120852217133775,-0.1525112946639365,0.04527516161210764,0.09561954095089452,-0.2344783685007088,0.09145117328163252,-0.0666847316855939,0.036681811163388624,-0.08162144070702851,0.12950107638849337,-0.057735370411255475,-0.1277569019860415,0.06777788782345756
248651,0,075,S,06075017603,1400000US06075017603,+37.7763092,-122.4143407,G5020,176.03,Census Tract 176.03,06,017603,True,san_francisco,Coastal / compact / bay-influenced,San Francisco,16.363990885969546,True,30.563206751054857,06,California,True,0.8829787234042553,0.5877659574468085,-0.29521276595744683,True,True,Both LST and HI hotspot,False,29.713333333333367,16.363990885969546,0.16888297872340421,121,san_francisco,2024,GOOGLE/SATELLITE_EMBEDDING/V1/ANNUAL,/Users/yufeizhou/Desktop/heat-exposure-compare/data/processed/san_francisco/san_francisco_master_lst_hi_hotcompare.gpkg,san_francisco_master_lst_hi_hotcompare,0.10045465724477688,-0.23857956097250121,0.060361349352048524,0.00014107575583915843,0.0910626887403258,-0.18679604155940163,0.021249999888746256,0.00012173172839016211,-0.18975759410091142,0.08588990153256029,0.06477300287584403,0.11052878057871215,-0.0324604770937181,-0.1383509992170766,-0.1899374843917399,-0.16168830663411424,0.22171527401554203,0.08001109311554776,-0.020219820005833947,0.07217721440237763,0.08204856365984342,-0.007186080148586695,-0.13772046227558404,-0.004406929890513096,0.10463874843172397,0.12524644643364835,-0.0018518484544220496,0.15010761998210218,0.03694817692543142,-0.05907713665607197,0.045494500076496504,-0.043799924485758146,-0.03016800300931503,-0.13809731835859992,0.09760761772592241,-0.1327909782041927,-0.2766737625959861,-0.06448499109442263,0.004001436708945613,0.015692221983435527,0.000466647913428327,-0.15628609418781902,0.04935311748776545,-0.11355106974810218,0.06741355499444,0.1790369717623606,-0.09891481825502339,0.056300648987665174,0.12716596296181598,0.046422479605188506,-0.16612887793201436,0.21171559301984583,-0.11100095342120588,0.0576019750830913,0.1254447162263877,-0.23837049964113896,0.1157568983857642,-0.04736657830181435,0.06452999894297855,-0.14657798976744485,0.11203942762656005,-0.03492325807550666,-0.1011903922411482,0.04953712534867925
189846,0,075,S,06075017803,1400000US06075017803,+37.7734260,-122.4120419,G5020,178.03,Census Tract 178.03,06,017803,True,san_francisco,Coastal / compact / bay-influenced,San Francisco,16.363990885969546,True,30.83122222222223,06,California,True,0.8936170212765957,0.5877659574468085,-0.3058510638297872,True,True,Both LST and HI hotspot,False,29.713333333333367,16.363990885969546,0.16888297872340421,122,san_francisco,2024,GOOGLE/SATELLITE_EMBEDDING/V1/ANNUAL,/Users/yufeizhou/Desktop/heat-exposure-compare/data/processed/san_francisco/san_francisco_master_lst_hi_hotcompare.gpkg,san_francisco_master_lst_hi_hotcompare,0.07545774422451393,-0.28160715655884583,0.04732958912074552,0.03347216169418291,0.09376357568131691,-0.17500429212727325,-0.031211053535562756,-0.0025368864474827712,-0.19275258578497995,0.10832707754603418,0.0933621292679761,0.08867721578713088,-0.03331831672617182,-0.1730773996045922,-0.17695936680843463,-0.15577639538749358,0.23065424032427048,0.08801303888007385,-0.02513721709814267,0.04945856657977592,0.05549294815577397,-0.020867237462201326,-0.14742759773161015,-0.02394833613241161,0.06418666505002006,0.15488209569144692,0.011277395738970684,0.18443852923372017,-0.0005402402521013001,-0.03183169871556853,0.0026269708977250793,-0.08954734891800564,-0.0050842427399781145,-0.17182975848393137,0.08809099221320218,-0.12059628762770892,-0.23669925440273326,-0.05502229831722896,-0.045877866147681017,0.12053942420708587,0.02766529457158624,-0.1637477172441227,0.04223759808975466,-0.10135391166709365,0.07931048242576925,0.14825168295903052,-0.07087247407696709,0.055972334464450636,0.1455906572868927,0.026161357653916636,-0.13508419238586414,0.2473461440291685,-0.08847023026856152,0.03969691406209509,0.10592311823801974,-0.23304901480119866,0.14127493380261041,-0.03213067213758286,0.043338800371132226,-0.13338406169995293,0.11741818203875704,-0.039875287312558745,-0.10371292146072283,0.03970090669081941
108926,0,075,S,06075012503,1400000US06075012503,+37.7834657,-122.4105086,G5020,125.03,Census Tract 125.03,06,012503,True,san_francisco,Coastal / compact / bay-influenced,San Francisco,16.363990885969546,True,30.133063063063098,06,California,True,0.8191489361702128,0.5877659574468085,-0.2313829787234043,True,True,Both LST and HI hotspot,False,29.713333333333367,16.363990885969546,0.16888297872340421,123,san_francisco,2024,GOOGLE/SATELLITE_EMBEDDING/V1/ANNUAL,/Users/yufeizhou/Desktop/heat-exposure-compare/data/processed/san_francisco/san_francisco_master_lst_hi_hotcompare.gpkg,san_francisco_master_lst_hi_hotcompare,0.09236180103277326,-0.1877509935521843,0.163617467751558,-0.06263278765695224,0.02613372824209459,-0.20225056948923845,0.012076600315627005,-0.019433489708039584,-0.11404250366811902,-0.009863821968412949,0.11616810141207351,0.20785705941497465,-0.011932675980333011,-0.09150232858043372,-0.13965157010970528,-0.10332483459734199,0.2254876030467332,0.10268954528327218,0.0022684255668136677,0.003864546048494329,0.12711367921174455,0.08575281823434004,-0.05585072681972381,0.07160031050404364,0.048171910010120986,0.0072154876998479535,-0.03740681878640136,0.11119743804605996,0.10979517061642435,-0.03317601521399643,0.09973150602349946,-0.03499017441448974,-0.012830403678741529,-0.17084139880687912,0.031832283267349465,-0.13302028497539456,-0.34761244027524973,0.00339383776308999,-0.027472438497350045,-0.09829174115428495,-0.07023788891016093,-0.19702456535866505,0.008674718898042055,-0.16199265618486758,0.06348832601702065,0.2061496458922614,-0.11112210603389418,0.07735902935247728,0.1750798842580796,0.08347035227495934,-0.1603560311560273,0.21017095651705675,-0.17536898341423787,0.03711310795131058,0.08944036298756149,-0.24561068495091357,0.05550696685075243,-0.12731170386967283,0.08884569426850814,-0.12856560760915944,0.07333566307271583,-0.024455306410287345,-0.06570090844609006,0.02159144627847035
320289,0,075,S,06075017804,1400000US06075017804,+37.7776291,-122.4067243,G5020,178.04,Census Tract 178.04,06,017804,True,san_francisco,Coastal / compact / bay-influenced,San Francisco,16.363990885969546,True,30.50333333333333,06,California,True,0.8670212765957447,0.5877659574468085,-0.2792553191489362,True,True,Both LST and HI hotspot,False,29.713333333333367,16.363990885969546,0.16888297872340421,124,san_francisco,2024,GOOGLE/SATELLITE_EMBEDDING/V1/ANNUAL,/Users/yufeizhou/Desktop/heat-exposure-compare/data/processed/san_francisco/san_francisco_master_lst_hi_hotcompare.gpkg,san_francisco_master_lst_hi_hotcompare,0.09714682163738267,-0.2570435908762573,0.06705625583614566,0.015971825073821135,0.09413816934792263,-0.15446788540700235,-0.02008474921209882,0.0035090681083395385,-0.17932511634341047,0.08378646950105886,0.10145648873804479,0.10402970276949468,-0.04386266933440186,-0.17642642592002392,-0.16116752126947612,-0.16669979116686276,0.2270724363780144,0.09722978889062195,-0.02017945190201938,0.05097218093513373,0.06148878396749148,0.002489052961169151,-0.13740765253336093,-0.006190534350020775,0.07843659459219136,0.17142063807527108,0.012202956380089643,0.1445542913924005,0.04316788433880193,-0.022506505031708427,-0.009654833011698564,-0.08617574471258364,-0.01608323638807595,-0.1724432188057528,0.10303324580611309,-0.12045567127559867,-0.2433828749426725,-0.05452115478226886,-0.055899266780675486,0.059341202977534854,0.00833179326863561,-0.17753229550804978,0.03827211737935358,-0.10091328391548098,0.09352293823740862,0.1542168285240169,-0.09438236555705667,0.06743855342598792,0.14861617970353472,0.04299648963198299,-0.14605341998129415,0.2241768324881736,-0.07585188827379226,0.031239057023199197,0.09313501610867538,-0.23785382406007427,0.14355657024060725,-0.0448311842271453,0.018126032622061094,-0.11900911687721408,0.13777629688832999,-0.028042789425673616,-0.10067696567446101,0.04379878770066605
273225,0,075,S,06075017602,1400000US06075017602,+37.7821241,-122.4070181,G5020,176.02,Census Tract 176.02,06,017602,True,san_francisco,Coastal / compact / bay-influenced,San Francisco,16.363990885969546,True,30.275416666666686,06,California,True,0.8457446808510638,0.5877659574468085,-0.2579787234042553,True,True,Both LST and HI hotspot,False,29.713333333333367,16.363990885969546,0.16888297872340421,125,san_francisco,2024,GOOGLE/SATELLITE_EMBEDDING/V1/ANNUAL,/Users/yufeizhou/Desktop/heat-exposure-compare/data/processed/san_francisco/san_francisco_master_lst_hi_hotcompare.gpkg,san_francisco_master_lst_hi_hotcompare,0.10330543665655034,-0.22416771673450372,0.0688223287171598,-0.01787390886860318,0.06485821513381897,-0.18337759928018058,0.039673132247572414,0.03763604983207297,-0.20735121412421645,0.07483765534622237,0.07611577399196048,0.11808814813681369,-0.02322110468585515,-0.12930354919584272,-0.1788890693344639,-0.1676968779655086,0.25419695511818446,0.07254878948748356,-0.012083860039334095,0.05175970489248037,0.08791560175909768,-0.012517273170019886,-0.13500740091600866,0.0030818831918807206,0.1106826614181096,0.1087059925989157,-0.004120044476838247,0.14153255777407267,0.05935254177168777,-0.03234551761767494,0.011700839853619185,-0.048206357196515226,-0.032320164317780765,-0.13130060871328678,0.08958711161284612,-0.12005620301378211,-0.2661709858788199,-0.05765145876939904,-0.0261742538248052,-0.01768176491712207,0.007265172170437788,-0.17296130040200264,0.03265377369800771,-0.11006913782630706,0.06474625924480568,0.190910375581509,-0.11224736651179601,0.0827864334523967,0.11155977858115658,0.053424971399028735,-0.1718776262146423,0.21924332921276435,-0.10189672697088056,0.031078436179786378,0.1047939588828207,-0.23633717506838184,0.11684163484693404,-0.052671106296628266,0.06035645469564842,-0.13583724112957202,0.10510857654052402,-0.04440817537169597,-0.0813804585970624,0.053107943225329454
234864,0,075,S,06075061503,1400000US06075061503,+37.7857922,-122.3965353,G5020,615.03,Census Tract 615.03,06,061503,True,san_francisco,Coastal / compact / bay-influenced,San Francisco,16.363990885969546,True,29.076022222222242,06,California,True,0.675531914893617,0.5877659574468085,-0.08776595744680848,False,True,HI-only hotspot,True,29.713333333333367,16.363990885969546,0.16888297872340421,126,san_francisco,2024,GOOGLE/SATELLITE_EMBEDDING/V1/ANNUAL,/Users/yufeizhou/Desktop/heat-exposure-compare/data/processed/san_francisco/san_francisco_master_lst_hi_hotcompare.gpkg,san_francisco_master_lst_hi_hotcompare,0.11927741228181746,-0.1929355235678288,0.08158903567034771,-0.033650193457572926,0.0732664673518903,-0.16450736229075716,0.09284803781726685,0.04252887313089397,-0.204688732599493,0.07389849485790854,0.0342381446203755,0.10818474679555111,-0.003914631371925675,-0.10122200229081775,-0.17506367311448617,-0.16145762808022157,0.23353261294645333,0.06608543446257603,-0.0028294395376263653,0.054189434920205205,0.11032390101199364,0.0010847450289041328,-0.14907187827960194,0.01997285901374617,0.1590499986892613,0.10329177451017363,0.02551789980607134,0.09591825326941898,0.09026742495794966,-0.05386038345384249,0.011804459790625303,-0.015326440639818037,-0.06790307746906028,-0.09382839936415104,0.08015702478398264,-0.1587238728945773,-0.2626348614105706,-0.07106987323431246,0.004842958447139241,-0.09311889379267001,-0.02054570859183855,-0.15084198169452126,0.04497878807747428,-0.1392890250381033,0.05631754462272968,0.22028163037386056,-0.13154871044503236,0.08625988156710043,0.10636147021572696,0.054928642879220294,-0.185339856811645,0.18350485890457977,-0.12794980782862436,0.033498310744787305,0.13257225358970107,-0.22146246636143316,0.09975520898626695,-0.06973357522804492,0.08763664905510991,-0.14152592743736278,0.12249493371040934,-0.024474811093337736,-0.04180203648629143,0.060673034736653364
308511,38184,075,S,06075060703,1400000US06075060703,+37.7754833,-122.3951506,G5020,607.03,Census Tract 607.03,06,060703,True,san_francisco,Coastal / compact / bay-influenced,San Francisco,16.363990885969546,True,30.98802083333336,06,California,True,0.9148936170212766,0.5877659574468085,-0.3271276595744681,True,True,Both LST and HI hotspot,False,29.713333333333367,16.363990885969546,0.16888297872340421,127,san_francisco,2024,GOOGLE/SATELLITE_EMBEDDING/V1/ANNUAL,/Users/yufeizhou/Desktop/heat-exposure-compare/data/processed/san_francisco/san_francisco_master_lst_hi_hotcompare.gpkg,san_francisco_master_lst_hi_hotcompare,0.09722194832818389,-0.2546772030625136,0.06796104233222683,-0.005190180249362307,0.07058879440078272,-0.15269924865010717,0.014295799681872725,0.023019597639248438,-0.18410110025123166,0.07625627695916994,0.08790571953220713,0.07540947751786294,-0.034793145418458994,-0.17333822617558284,-0.13488314933252826,-0.17914783022166686,0.22392955194524541,0.07241531707658949,-0.051165099182619724,0.06312369902262246,0.057596822455483,0.006548707474274916,-0.17677222295875247,0.009531278944572875,0.06086938583775443,0.1485558629097822,-0.0033069065448411636,0.11764041845721003,0.09160251786317407,-0.004663331052064714,-0.01757380175198554,-0.08623062723394533,-0.008151813773601023,-0.154582598900952,0.0900858028784575,-0.06990370236766637,-0.18434231046363594,-0.07409070589576984,-0.07780292282028185,0.052700474393452525,-0.026786535083120504,-0.18044238706700005,0.02943604409949438,-0.10384096947832655,0.08695122473671957,0.1781028728244518,-0.10450652215571422,0.08702825785115063,0.09225236135651563,0.03366016913625954,-0.15915356824463117,0.2345187588807552,-0.0707169141707212,0.033222187752352014,0.06532356487175436,-0.22810318545496835,0.14142933599461846,-0.05215832823109746,0.014093696460235321,-0.10820192799150226,0.11832453004940183,-0.0681176230035645,-0.0660035564705205,0.07769736988464632
393751,0,075,S,06075061402,1400000US06075061402,+37.7565832,-122.3947008,G5020,614.02,Census Tract 614.02,06,061402,True,san_francisco,Coastal / compact / bay-influenced,San Francisco,16.363990885969546,True,31.94760330578515,06,California,True,0.973404255319149,0.5877659574468085,-0.3856382978723405,True,True,Both LST and HI hotspot,False,29.713333333333367,16.363990885969546,0.16888297872340421,128,san_francisco,2024,GOOGLE/SATELLITE_EMBEDDING/V1/ANNUAL,/Users/yufeizhou/Desktop/heat-exposure-compare/data/processed/san_francisco/san_francisco_master_lst_hi_hotcompare.gpkg,san_francisco_master_lst_hi_hotcompare,0.15303857909013996,-0.19429834600084306,0.11692532303600102,0.03234700123357296,0.06498645046441473,-0.07685400447791044,-0.03175302342210381,-0.0317757814978199,-0.0367062570141588,-0.06812491211642632,0.12065902524923638,0.17016077512884512,-0.15418442559704876,-0.21305086048848088,-0.04465450563685854,-0.07549265574020303,0.1610603033837972,0.1259341096802785,-0.04793914353301066,0.05860370484301094,0.11326082949053368,0.0790948994754945,-0.12476299691066559,0.044190317047973354,-0.0018142181813335452,0.1897013345880813,-0.04221554380441373,0.08204550650079086,0.13030451917004424,0.049416576702713766,0.061595499455569656,-0.06087389634090968,0.02823290784365189,-0.12854521643379335,0.07752319854519624,-0.01966777806338301,-0.21070657596885237,-0.05517249933347359,-0.1444708460491222,0.07073037547339106,-0.07791100392765607,-0.1816722181887056,-0.024007745380176297,-0.10854495619596995,0.14632241230793383,0.14292908996801987,-0.028550208827763424,0.04433825621882314,0.06253314545445433,0.02599300609121129,-0.06820175391108377,0.1692433168773951,-0.12925069685709664,0.025546991388288438,-0.006196347132014418,-0.3058757323304832,0.16452968318403122,-0.06220348565531766,-0.03307692189980062,0.010396083844858461,0.1353175898942761,-0.03388348347747144,-0.1061085524569861,-0.027298716755558824
215314,0,075,S,06075061502,1400000US06075061502,+37.7817147,-122.3929796,G5020,615.02,Census Tract 615.02,06,061502,True,san_francisco,Coastal / compact / bay-influenced,San Francisco,16.363990885969546,True,30.448955223880624,06,California,True,0.8617021276595744,0.5877659574468085,-0.27393617021276595,True,True,Both LST and HI hotspot,False,29.713333333333367,16.363990885969546,0.16888297872340421,129,san_francisco,2024,GOOGLE/SATELLITE_EMBEDDING/V1/ANNUAL,/Users/yufeizhou/Desktop/heat-exposure-compare/data/processed/san_francisco/san_francisco_master_lst_hi_hotcompare.gpkg,san_francisco_master_lst_hi_hotcompare,0.08810511576420389,-0.2695501319901397,0.06598657600238686,0.024114893575150828,0.08158653862092485,-0.16633243338991296,-0.011861584817538903,0.017764954885824108,-0.1925050658008416,0.09298490935176595,0.084804904949339,0.08830819566113947,-0.03409548260264835,-0.15970280844283805,-0.16339801606488685,-0.15997295775978718,0.23872809060529682,0.07448952215300392,-0.027850502421480468,0.04888538183510054,0.06249092796263115,-0.022384023291575683,-0.15088887122543104,-0.009812935059327189,0.06995582120051472,0.15483364466723612,0.006710099940954739,0.16054487504293022,0.03859416906646138,-0.022666617124117005,-0.007378175210869032,-0.09638320858008398,-0.00613546860307665,-0.1684732205324445,0.08242746240063976,-0.11092291484280158,-0.21142869326424385,-0.05962873030799723,-0.0631596007666156,0.08544583153858724,0.003658856792937327,-0.1652893214614729,0.03906378681943461,-0.10597894491148738,0.07886733761459189,0.16522751969459853,-0.0876196183156762,0.07316048500034383,0.13387290712896227,0.02500791049708755,-0.14945633425852417,0.24561181216382622,-0.08633555455285864,0.0402730524714568,0.10260579515752423,-0.23232395409944714,0.14088868274449595,-0.051613982841817056,0.035598978132754866,-0.11854549589842124,0.13373056432915678,-0.047735794887267265,-0.07553991473218033,0.03914047796130552
2502565,2519031,075,S,06075017903,1400000US06075017903,+37.8194586,-122.3704229,G5020,179.03,Census Tract 179.03,06,017903,True,san_francisco,Coastal / compact / bay-influenced,San Francisco,16.368669073551356,True,15.05455853499024,06,California,True,0.005319148936170213,0.973404255319149,0.9680851063829787,False,True,HI-only hotspot,True,29.713333333333367,16.363990885969546,0.16888297872340421,130,san_francisco,2024,GOOGLE/SATELLITE_EMBEDDING/V1/ANNUAL,/Users/yufeizhou/Desktop/heat-exposure-compare/data/processed/san_francisco/san_francisco_master_lst_hi_hotcompare.gpkg,san_francisco_master_lst_hi_hotcompare,0.024443377652345465,-0.21974964840266675,-0.025081983406789257,0.010382874524646877,0.041958364054986846,0.021594987547806987,0.013206248228112743,0.0947018986349641,0.010766768407696041,0.01897355586824832,0.13620128772233925,-0.05857307792332321,-0.11861797505826913,-0.22104428923274755,0.015567931877541906,-0.06784577345060844,0.10380575505970417,-0.002202623430886588,-0.08990844662583328,-0.011944326072374428,0.11439275647919456,0.0817263169456545,-0.12274152391421672,0.11148284295351217,-0.054763753194049226,0.0523668696940892,-0.012697471671090406,-0.016427661557347668,0.14041163470195664,0.0026528925464779692,-0.07810742407951732,0.05583702160229542,0.10364670862042458,-0.11259547976254815,-0.0438108141775539,0.051311512941780164,0.027889242748029223,-0.03659481383895384,-0.15678318384052198,0.158301014287854,-0.04842181839918738,-0.22170622912885163,0.08986558161168673,-0.04676747801044767,0.072718576360955,0.14562031243156276,-0.0910976934263364,0.06413057381245242,-0.015426934875439105,-0.02090353453272431,-0.08486322043669003,0.2053562408771003,-0.11530903136097781,0.022397248519659164,-0.0305037678431498,-0.1920264293060765,0.07158364781872369,0.036220292785517444,0.015350516240282911,0.023013064771277698,0.10138835630171826,-0.16954842465824363,0.016648821129964016,0.14814076226745673
353928,0,075,S,06075045201,1400000US06075045201,+37.7770419,-122.4696013,G5020,452.01,Census Tract 452.01,06,045201,True,san_francisco,Coastal / compact / bay-influenced,San Francisco,,True,25.886891996892007,06,California,False,,,,False,False,Missing,False,29.713333333333367,16.363990885969546,0.16888297872340421,131,san_francisco,2024,GOOGLE/SATELLITE_EMBEDDING/V1/ANNUAL,/Users/yufeizhou/Desktop/heat-exposure-compare/data/processed/san_francisco/san_francisco_master_lst_hi_hotcompare.gpkg,san_francisco_master_lst_hi_hotcompare,0.11337931050061821,-0.2764371582116022,0.10706401995213297,0.016941805753265267,0.0403150930236444,-0.11506574639184712,-0.1013398585106314,-0.08250527862613337,0.012834623638468575,-0.0251946321703584,0.1454810579796183,0.10586664540013882,-0.13564035672098626,-0.17449809845700254,-0.08546610912759363,-0.0769080082715176,0.13834509827049032,0.12956079137567478,-0.011786041792195457,0.007963671457269304,0.08337491700494346,0.106844714939183,-0.0777700110849223,0.08425415215971792,-0.07631097773007632,0.22986713806931233,-0.042421732368685953,0.08852587986189664,0.11053267210783764,0.023134465781295525,0.028784734484326356,-0.12185615579576113,-0.005727767123672463,-0.17425666485317529,0.07342491192698203,-0.11402509673439554,-0.21904758056072107,0.05278271324988165,-0.07703612140384987,0.076689850435509,-0.10085678686678515,-0.2228577565268485,-0.014856555672631734,-0.07154492777791331,0.15770915122097034,0.09471452248477474,-0.07084378828010275,0.04335577250479229,0.18761920061387777,0.004711239269637879,-0.10665196743010391,0.18169150188570238,-0.1524982207368465,0.09146975340038935,0.05007775527016518,-0.3337178997561563,0.13050101407962103,-0.04728890783191113,-0.005252706839938301,-0.006681285710027124,0.17225616936029853,0.004641323328760719,-0.09498023026448192,-0.016877814481900046
543295,0,075,S,06075035102,1400000US06075035102,+37.7547780,-122.4990243,G5020,351.02,Census Tract 351.02,06,035102,True,san_francisco,Coastal / compact / bay-influenced,San Francisco,,True,24.104113511659854,06,California,False,,,,False,False,Missing,False,29.713333333333367,16.363990885969546,0.16888297872340421,132,san_francisco,2024,GOOGLE/SATELLITE_EMBEDDING/V1/ANNUAL,/Users/yufeizhou/Desktop/heat-exposure-compare/data/processed/san_francisco/san_francisco_master_lst_hi_hotcompare.gpkg,san_francisco_master_lst_hi_hotcompare,0.08179114093503266,-0.26026759599880794,0.15976868410199482,0.004308733141177226,0.03877750132910658,-0.1229559384087473,-0.08250941123347658,-0.04943811877948338,-0.005407486592016877,-0.020168349851322633,0.1167313441040014,0.07182122472535653,-0.13251935750106916,-0.18819990042324652,-0.06303768813268819,-0.11306938176123044,0.14955970151983466,0.17420935638623364,-0.0055437974313922835,-0.05356462841265581,0.1207345947771456,0.13779129835795725,-0.11918327501464002,0.03849845326536086,-0.07713731307862136,0.21176166684483042,-0.044387587630744296,0.10730953620447822,0.08648774772205892,0.043209229797050816,0.07639955624444206,-0.11247274302540634,-0.0044695749120235466,-0.20599561626810528,0.0651607715953995,-0.05504949594481834,-0.22033200018212148,0.08457052125222005,-0.12583885271668704,0.09570571120686626,-0.03875011981478211,-0.24789120223923672,-0.05245326104594803,-0.09644910499827726,0.15856044293669058,0.09116949350692717,-0.07774701038801195,0.051976892597026196,0.16956727941651115,0.042964649381700394,-0.07756491042524231,0.23879785552039853,-0.14566966310825527,0.0577556146389168,0.027695054815294693,-0.29398038553449063,0.13074893809848542,-0.06124690816002764,-0.03830113098757696,0.028659592123066607,0.17342050432731868,-0.01909554962675111,-0.09604431816754457,0.008885318974860659
2069958,2078453,075,S,06075980600,1400000US06075980600,+37.7231655,-122.3685424,G5020,9806,Census Tract 9806,06,980600,True,san_francisco,Coastal / compact / bay-influenced,San Francisco,,True,30.006786492374747,06,California,False,,,,False,False,Missing,False,29.713333333333367,16.363990885969546,0.16888297872340421,133,san_francisco,2024,GOOGLE/SATELLITE_EMBEDDING/V1/ANNUAL,/Users/yufeizhou/Desktop/heat-exposure-compare/data/processed/san_francisco/san_francisco_master_lst_hi_hotcompare.gpkg,san_francisco_master_lst_hi_hotcompare,0.010785016346561151,-0.2177629630327067,-0.01985704370191101,0.037036964926066215,0.029128179748329968,0.006720537202936705,0.021978134616237537,0.07846806331082054,-0.008559090674842102,0.016900882307484603,0.1515595341715952,-0.06650654495300738,-0.11897024065130882,-0.22313958989452104,-0.00016281264986021,-0.0831211590472861,0.08140529159429813,0.0011391130678960661,-0.08116824077247276,-0.0319728628053198,0.10946685100200194,0.11103709242441341,-0.13453264773099186,0.08957143931100278,-0.08052181847919625,0.019838126749896063,0.013007732626735151,-0.021687252010991205,0.1364048642382969,0.016188158853141486,-0.06156877488286275,0.050296944997861096,0.11406760917176098,-0.14403794867101533,-0.07331378615601639,0.08540132078336662,0.02757034453266004,-0.03917185969597921,-0.17127616747211227,0.17348074673619343,-0.028490052350240307,-0.2346597453752384,0.08414527961194364,-0.09095092640276467,0.058609826107204145,0.12750998887857526,-0.09223640967994762,0.058171087626085256,-0.019730284594491075,-0.026567877303497054,-0.06639169757250121,0.2193818326906686,-0.12180590691893972,-0.00799083590606497,-0.05460091114149293,-0.18855638333576583,0.05009090958956784,0.017873058643861944,0.009040209785637375,-0.006944933726307615,0.11361401805198616,-0.16071680377510586,0.029382147221870394,0.17456342466023417
14589873,2117985,081,S,06081600100,1400000US06081600100,+37.6877413,-122.4084093,G5020,6001,Census Tract 6001,06,600100,False,san_francisco,Coastal / compact / bay-influenced,San Francisco,15.636442977794673,True,27.847412528703618,06,California,True,0.39361702127659576,0.09840425531914894,-0.29521276595744683,False,False,Neither hotspot,False,29.713333333333367,16.363990885969546,0.16888297872340421,134,san_francisco,2024,GOOGLE/SATELLITE_EMBEDDING/V1/ANNUAL,/Users/yufeizhou/Desktop/heat-exposure-compare/data/processed/san_francisco/san_francisco_master_lst_hi_hotcompare.gpkg,san_francisco_master_lst_hi_hotcompare,0.09286806576066474,-0.11342572473626261,-0.008972022321069558,0.05304190257943216,0.057955163589357296,-0.02201193307576749,0.037743007916026874,0.08218646849210338,0.04648006173749311,-0.08967349970875216,0.09740867799785449,-0.009635555193906995,-0.20188983353431345,-0.2063128117353378,0.059968911752611154,-0.014945830265306576,0.04940017458120313,0.04050287589303684,-0.13105723449943563,0.05435885848574075,0.05539802275473511,0.08448516742975686,-0.10916095695420204,0.07239112083441046,0.06705027689744322,0.1660940021897696,-0.05523799435631217,0.037007331097417925,0.1520754465591722,0.06470262084323468,-0.0061801365442663864,0.029111174411466958,0.1030932514476066,0.025163573488736594,-0.05599793501867394,0.027196614806902213,0.00324055305913923,-0.017012684539426073,-0.18027276843672596,0.13019823008277032,0.014844443946099696,-0.16891513647899153,0.08735909637382219,-0.07671418961580591,0.11382636728312456,0.11272791871391152,-0.010668417913228914,0.0198558504151635,0.02479563505114459,-0.009935157001313961,-0.05044742803685979,0.07566655928090636,-0.01639766462942645,0.06106585856631138,-0.07425969285457647,-0.22219440296150653,0.1182301665107363,-0.05902316467999502,-0.060346553941675776,0.012105564708134828,0.13700803916695273,-0.10225417490707005,0.007322961369102768,0.05767187285981396
479211,0,075,S,06075015701,1400000US06075015701,+37.7784855,-122.4507192,G5020,157.01,Census Tract 157.01,06,015701,True,san_francisco,Coastal / compact / bay-influenced,San Francisco,16.363990885969546,True,27.63324503311264,06,California,True,0.34574468085106386,0.5877659574468085,0.24202127659574463,False,True,HI-only hotspot,True,29.713333333333367,16.363990885969546,0.16888297872340421,135,san_francisco,2024,GOOGLE/SATELLITE_EMBEDDING/V1/ANNUAL,/Users/yufeizhou/Desktop/heat-exposure-compare/data/processed/san_francisco/san_francisco_master_lst_hi_hotcompare.gpkg,san_francisco_master_lst_hi_hotcompare,0.07917808671448169,-0.2118406181485368,0.19670839672830984,0.00022894624320833457,0.010013130411302985,-0.14423171138161572,-0.06346957497929674,-0.02801838094916938,-0.0032817237767148667,-0.08408072355361872,0.11954191497644433,0.18602753091032034,-0.07491785475106356,-0.14082201440029193,-0.07556795956319406,0.017535261777505005,0.09984107119672578,0.17458520390072227,-0.009610877106686396,-0.06748124042209341,0.13816947836285723,0.14085308612899566,-0.024529533486749345,0.12683072874764803,-0.04285167568818108,0.1087075669476527,-0.06239805220737475,0.05967333341212318,0.13579251056126157,0.020903785603026255,0.045168989588832476,-0.05033131116405227,0.02773868470433438,-0.13070266378698828,0.01410812125699497,-0.11064800216713346,-0.22099032995520282,0.0465662631955952,-0.10604386316024003,-0.0329654654658011,-0.09195714796560996,-0.21285135455792056,-0.02119817683693987,-0.13145455857991223,0.1441697462008103,0.1694660546182309,-0.0586538190648938,0.12115342009503198,0.2017058032715004,0.0032612980370370984,-0.08011979742697299,0.19511757431716661,-0.21095476195595608,0.051477874799792905,0.0073384674988444185,-0.3172547978270667,0.11048662370909755,-0.111583981692074,0.06249662129246051,0.007398399937117096,0.08149978118265036,0.02221430809965779,0.011109919045232942,-0.0792721763616284
327153,0,075,S,06075015402,1400000US06075015402,+37.7855854,-122.4514018,G5020,154.02,Census Tract 154.02,06,015402,True,san_francisco,Coastal / compact / bay-influenced,San Francisco,16.363990885969546,True,26.716369636963687,06,California,True,0.23404255319148937,0.5877659574468085,0.3537234042553191,False,True,HI-only hotspot,True,29.713333333333367,16.363990885969546,0.16888297872340421,136,san_francisco,2024,GOOGLE/SATELLITE_EMBEDDING/V1/ANNUAL,/Users/yufeizhou/Desktop/heat-exposure-compare/data/processed/san_francisco/san_francisco_master_lst_hi_hotcompare.gpkg,san_francisco_master_lst_hi_hotcompare,0.08450855465679177,-0.24642808659628845,0.1745004033282123,-0.007711445849052655,0.03309942000663159,-0.15014060212973895,-0.08766274264289227,-0.06665419315359751,0.01990177777736027,-0.0833759428495861,0.11180847587720148,0.1716758960640754,-0.07182827852666111,-0.15365743384232075,-0.08748365899434637,-0.028187550424799392,0.1450682984775587,0.1699989631733262,0.004875376715676312,-0.05047749984899265,0.11563762799501723,0.1507054707561159,-0.046404494330336776,0.12631549959418117,-0.07306551786714902,0.13032874817250678,-0.04182076858515301,0.0780490601814485,0.13537276836394976,0.01792047893198074,0.03308242874019725,-0.09972952667932038,0.016030580747916412,-0.1775593867527515,0.03379576345526566,-0.126310810333957,-0.2339789337554633,0.06841053312379605,-0.10550237518181721,0.04362672292533856,-0.10038967922790792,-0.21672248010197007,-0.013646601659057915,-0.13247762092852994,0.133733938127087,0.1497894714575512,-0.0746976005869305,0.07703539887574166,0.20498160052384956,0.007509947238742433,-0.07459929741090034,0.2072824257098447,-0.18717265629444943,0.042740732599825665,0.026523758470768086,-0.28866293735103116,0.12249337938850335,-0.10430449534914558,0.008855116015919295,-0.0006162852511246048,0.12815974306250624,0.025142877342918736,-0.028900328858948162,-0.054102687241754564
357460,0,075,S,06075015702,1400000US06075015702,+37.7794926,-122.4443716,G5020,157.02,Census Tract 157.02,06,015702,True,san_francisco,Coastal / compact / bay-influenced,San Francisco,16.363990885969546,True,28.176666666666733,06,California,True,0.4946808510638298,0.5877659574468085,0.09308510638297868,False,True,HI-only hotspot,True,29.713333333333367,16.363990885969546,0.16888297872340421,137,san_francisco,2024,GOOGLE/SATELLITE_EMBEDDING/V1/ANNUAL,/Users/yufeizhou/Desktop/heat-exposure-compare/data/processed/san_francisco/san_francisco_master_lst_hi_hotcompare.gpkg,san_francisco_master_lst_hi_hotcompare,0.07511921938170497,-0.22740524007803128,0.18574912418057113,-0.023257926975691113,0.010792605273901947,-0.1681039759773446,-0.07924926152876258,-0.058552398287238044,-0.025261126085653667,-0.05982943448739979,0.12180969894462126,0.19753317446529123,-0.04433135602766934,-0.13634432643210273,-0.09099963698999601,-0.0007135512328534608,0.14916413324522973,0.172087382131466,0.0018048902125899929,-0.06380171322379853,0.1320642628582729,0.1405026837847619,-0.02844355775505463,0.12547844352727752,-0.05392988652263606,0.0882076237023853,-0.04978578848543435,0.07831399539950314,0.12313947097308872,0.015515800531936456,0.04734585424571441,-0.07079583692059695,0.03526793884655382,-0.1755638679091329,0.0194837843849087,-0.13798302343828983,-0.24580865814858036,0.05392069915399338,-0.08096693154202911,-0.00033857155404193144,-0.10659840256433908,-0.20786200246285885,-0.01635259634993436,-0.1488313902523497,0.1194957920098308,0.1616438179454831,-0.07054372208193298,0.1149869229959743,0.22252002161944082,0.015836446854725617,-0.07445607688746339,0.2106887557344448,-0.2105918652710042,0.03341043832227,0.0401091453872435,-0.29117486476974214,0.10325461995645356,-0.10976569763332332,0.06019779006298275,-0.025973055241295707,0.08629128688035623,0.026950731074502576,-0.016397434110692607,-0.06594031882355623
138982,0,075,S,06075016602,1400000US06075016602,+37.7699467,-122.4511458,G5020,166.02,Census Tract 166.02,06,016602,True,san_francisco,Coastal / compact / bay-influenced,San Francisco,16.363990885969546,True,26.67977777777783,06,California,True,0.22340425531914893,0.5877659574468085,0.36436170212765956,False,True,HI-only hotspot,True,29.713333333333367,16.363990885969546,0.16888297872340421,138,san_francisco,2024,GOOGLE/SATELLITE_EMBEDDING/V1/ANNUAL,/Users/yufeizhou/Desktop/heat-exposure-compare/data/processed/san_francisco/san_francisco_master_lst_hi_hotcompare.gpkg,san_francisco_master_lst_hi_hotcompare,0.0721993337872589,-0.21805072260403188,0.19915600444740822,-0.016807695950603576,-0.0020804387026779696,-0.18484760854064605,-0.04979294437102522,-0.029090985570721914,-0.038233035691875826,-0.04700553163364056,0.11065762688791514,0.18034773146931968,-0.028475863853508473,-0.11584490215081246,-0.10491508873068699,0.0038946962975758173,0.13938476200943511,0.14891643820708308,0.008350842807218394,-0.07997530456755698,0.14366842530710483,0.13714129183396037,-0.03051200716972658,0.14347081581769114,-0.05938139045896881,0.06110083859166751,-0.0678708771312491,0.08032214533848106,0.13425139867552222,0.002309504123660104,0.03812019115400652,-0.08819070395512363,0.05157050630162457,-0.1713842468037543,0.019444470618791808,-0.13058112344055625,-0.23817974030276556,0.07557409634324704,-0.10147069148568873,-0.05527988596005595,-0.10604155153742724,-0.21266107170600154,-0.03894638582155422,-0.14260674364171522,0.11558768138602295,0.19303049563868888,-0.07106608116475552,0.12417171449271397,0.2160084162179523,0.02669421649858687,-0.09646940413077064,0.2387398016733139,-0.22574070247670416,0.01503241496410504,0.03207873917670828,-0.2951808622995128,0.10003160850823518,-0.12194476301031093,0.07585836705016549,-0.018015859298161824,0.08900855721694513,-0.005551642452107588,0.019998203431160877,-0.07445039450632168
204186,0,075,S,06075016601,1400000US06075016601,+37.7708668,-122.4449409,G5020,166.01,Census Tract 166.01,06,016601,True,san_francisco,Coastal / compact / bay-influenced,San Francisco,16.363990885969546,True,27.646666666666704,06,California,True,0.35638297872340424,0.5877659574468085,0.23138297872340424,False,True,HI-only hotspot,True,29.713333333333367,16.363990885969546,0.16888297872340421,139,san_francisco,2024,GOOGLE/SATELLITE_EMBEDDING/V1/ANNUAL,/Users/yufeizhou/Desktop/heat-exposure-compare/data/processed/san_francisco/san_francisco_master_lst_hi_hotcompare.gpkg,san_francisco_master_lst_hi_hotcompare,0.08330025668883749,-0.22154217379983773,0.1880825211144181,-0.022056954852356814,0.007904441610740743,-0.16383311727636182,-0.06865760044653814,-0.04398003088784592,-0.007446791795604,-0.07640224694027592,0.12181862984379217,0.18900823722356436,-0.04971062389514889,-0.13229666510389199,-0.07446503735183958,0.0039876904008023595,0.1425264142682453,0.1610580688416946,-0.005507718029017197,-0.06343713890901655,0.13385057512338935,0.13796620653317607,-0.020823776063616024,0.1494928242404806,-0.0590780071188708,0.09844063329897829,-0.0706782760405322,0.052342068326870606,0.1557742645949829,0.004896474312115988,0.028794900948274336,-0.06751634756170855,0.04578448857669213,-0.15706840125399157,0.032281074838332965,-0.1344773574500337,-0.21729056759655827,0.07518155058325515,-0.09598771938027392,-0.0611383556836344,-0.12036459354401116,-0.23821205697336081,-0.02006954653519163,-0.13402875103882095,0.13297432234692957,0.17788771505712933,-0.08243057529653901,0.1366670175812106,0.22217169136711992,0.028102185009709204,-0.08742709265501114,0.20624592166739808,-0.20881808517798475,0.05044070628845713,0.0354525308311668,-0.3035703488110616,0.10351667002825801,-0.12911536774601695,0.05942407263605669,-0.016004044295942443,0.10730005944567976,0.004567237587892244,0.023530784280205153,-0.05655487812311816
26295,0,075,S,06075012504,1400000US06075012504,+37.7811411,-122.4129545,G5020,125.04,Census Tract 125.04,06,012504,True,san_francisco,Coastal / compact / bay-influenced,San Francisco,16.363990885969546,True,30.517916666666665,06,California,True,0.8776595744680851,0.5877659574468085,-0.2898936170212766,True,True,Both LST and HI hotspot,False,29.713333333333367,16.363990885969546,0.16888297872340421,140,san_francisco,2024,GOOGLE/SATELLITE_EMBEDDING/V1/ANNUAL,/Users/yufeizhou/Desktop/heat-exposure-compare/data/processed/san_francisco/san_francisco_master_lst_hi_hotcompare.gpkg,san_francisco_master_lst_hi_hotcompare,0.08462417613918605,-0.2175076872346084,0.16124167914205087,-0.06252516833979073,0.029864444756971125,-0.20990782984559528,-0.023229791299945072,-0.03778508174185156,-0.10078221690972171,0.0016990856495750755,0.11926608225993705,0.19622666186554064,-0.01881331930285086,-0.1173848416348597,-0.13015500448319156,-0.10312438374585026,0.2053290365942502,0.13772101595127226,-0.021693664086086237,0.0024156780273542353,0.11480835131481598,0.08700926728398961,-0.055796045489814795,0.08282131679912595,0.03341682555587507,0.04172213478399999,-0.045324489435610474,0.11592024600526472,0.1169556427163685,-0.007807626335356192,0.0792952371133477,-0.05549117081220862,-0.0031690560496449812,-0.173106906736188,0.030319248957464986,-0.1391135304275895,-0.31192840241676917,-0.003411554282133913,-0.018261937218012406,-0.07787128062799047,-0.07826980649961933,-0.20595677112039448,0.004421449977292945,-0.15456869632359926,0.06390118850499114,0.20370453810369368,-0.09263567013254921,0.08833597612039361,0.1918782567784918,0.06901543647674818,-0.15277281122430617,0.2109261616785426,-0.1657618140469433,0.0423609005142647,0.0969679748024779,-0.25139385920978635,0.05427550822383369,-0.12097757339820232,0.08565566214904553,-0.1278805309370675,0.08774439657392415,-0.03703215915949464,-0.04562193877693475,0.01077024500310687
140244,0,075,S,06075020102,1400000US06075020102,+37.7650522,-122.4196880,G5020,201.02,Census Tract 201.02,06,020102,True,san_francisco,Coastal / compact / bay-influenced,San Francisco,16.363990885969546,True,31.02976190476194,06,California,True,0.925531914893617,0.5877659574468085,-0.3377659574468085,True,True,Both LST and HI hotspot,False,29.713333333333367,16.363990885969546,0.16888297872340421,141,san_francisco,2024,GOOGLE/SATELLITE_EMBEDDING/V1/ANNUAL,/Users/yufeizhou/Desktop/heat-exposure-compare/data/processed/san_francisco/san_francisco_master_lst_hi_hotcompare.gpkg,san_francisco_master_lst_hi_hotcompare,0.09056510262070545,-0.24239186859271938,0.14757777928948698,-0.05830127416240609,0.025346389269947252,-0.19362243591891606,-0.05000816767335656,-0.06930292758280202,-0.0968644812890704,0.0033886411353045184,0.14179177487017244,0.16244845130073335,-0.052373962922074864,-0.16625025064616064,-0.1143422369481804,-0.11628660730905423,0.22046251750272014,0.11195015901061446,-0.024507396218251227,0.003062638398012052,0.0816756013098952,0.07610114012943718,-0.09959362655860135,0.04899573852566665,-0.02946243654450707,0.09650659568464534,-0.06580705912111953,0.14803635324848005,0.0791205247868023,0.031759529620593564,0.08217252325335789,-0.111258704658331,0.044122784866025014,-0.21138208174490514,0.04330755394778162,-0.09432374746743462,-0.30941192157875796,0.023488812440685607,-0.06354203246225162,0.012876563921485413,-0.07618989447013945,-0.19502931175740007,-0.02242257297869795,-0.13829905689909147,0.08047712378590362,0.15247296368837318,-0.07336677603679158,0.06485131667505704,0.170485539496247,0.06917910282136791,-0.128735421603161,0.2433519176777047,-0.17649968010933179,0.041527833580160295,0.07631740014390885,-0.24853781269397288,0.08492595659793331,-0.08606636495689274,0.056157815494944904,-0.07987087210731368,0.09999829096135009,-0.06587568160151751,-0.1205576919556908,0.03060568979403514
138386,0,075,S,06075020802,1400000US06075020802,+37.7618332,-122.4193778,G5020,208.02,Census Tract 208.02,06,020802,True,san_francisco,Coastal / compact / bay-influenced,San Francisco,16.363990885969546,True,31.49166666666673,06,California,True,0.9521276595744681,0.5877659574468085,-0.3643617021276596,True,True,Both LST and HI hotspot,False,29.713333333333367,16.363990885969546,0.16888297872340421,142,san_francisco,2024,GOOGLE/SATELLITE_EMBEDDING/V1/ANNUAL,/Users/yufeizhou/Desktop/heat-exposure-compare/data/processed/san_francisco/san_francisco_master_lst_hi_hotcompare.gpkg,san_francisco_master_lst_hi_hotcompare,0.09532396151859691,-0.2528565541975329,0.12726056942946148,-0.058823648876617264,0.0356618980557723,-0.1878070043999102,-0.07092140560333313,-0.07468157315593639,-0.07037632267024672,0.005862877332353345,0.15353626805141804,0.1707754290645496,-0.0536933315339303,-0.18011103841831325,-0.10455291411044108,-0.10548297368337234,0.2232192014443808,0.12202069432059105,-0.027736058169421568,-0.011362595684847814,0.07887317304330266,0.08517302164172515,-0.10034755921950562,0.05755469176757016,-0.038085235126372394,0.09600401737630962,-0.07151822159894144,0.1547272523465121,0.08625586193551954,0.04089002673915263,0.06335902643760899,-0.12287098508219328,0.04848662396840441,-0.23898831129378223,0.042485529688585544,-0.09695717243253277,-0.3053699714561996,0.027052373166932153,-0.06442561442052029,0.0390202085470206,-0.08140827734349312,-0.21261236552775076,-0.007349615875050301,-0.1370186790133684,0.08958144724392084,0.13168820943795811,-0.07606396236611557,0.06259331775479665,0.18245429076477027,0.06299470259804128,-0.10968006668367859,0.241079208878738,-0.15927513336797056,0.043340122423215756,0.058620366272616506,-0.24155933595425466,0.09508687294117305,-0.0893647691660472,0.03542398529813859,-0.07906315580035034,0.11329705225661808,-0.047733849273584275,-0.11944792071944406,0.029732995220281975
207712,0,075,S,06075020801,1400000US06075020801,+37.7578341,-122.4189960,G5020,208.01,Census Tract 208.01,06,020801,True,san_francisco,Coastal / compact / bay-influenced,San Francisco,16.363990885969546,True,31.00186403508778,06,California,True,0.9202127659574468,0.5877659574468085,-0.33244680851063835,True,True,Both LST and HI hotspot,False,29.713333333333367,16.363990885969546,0.16888297872340421,143,san_francisco,2024,GOOGLE/SATELLITE_EMBEDDING/V1/ANNUAL,/Users/yufeizhou/Desktop/heat-exposure-compare/data/processed/san_francisco/san_francisco_master_lst_hi_hotcompare.gpkg,san_francisco_master_lst_hi_hotcompare,0.10761915169967401,-0.25132380088739775,0.14073343404311206,-0.04979369014387398,0.047042241765488345,-0.16942219958230695,-0.07547381743960424,-0.07697577439059278,-0.05273064647904514,-0.00962822848490931,0.14786659346233688,0.17422390811983482,-0.06027594813219019,-0.18214807297396723,-0.09807410301298843,-0.09469632535529911,0.2126766031145687,0.12570813658085433,-0.023058775966066196,-0.0109932332518061,0.08180018994525509,0.08759752384154762,-0.09197039965977229,0.0666347933352497,-0.034166692570802674,0.11777438709609239,-0.06330035300366263,0.14115820923364233,0.09645461505026857,0.0308363793460558,0.05603931780858666,-0.1211253832487933,0.03451056579680326,-0.23005490800830095,0.05420841904780672,-0.10519738537202897,-0.29550729527192415,0.029935620700437225,-0.06399482973553282,0.03441963001518708,-0.08928178861665684,-0.21774540892036062,-0.001014712116390633,-0.133635215371708,0.10399291177811029,0.1344948896821552,-0.08464656709785415,0.06739953795477852,0.1841528970061999,0.06389130875774804,-0.10715445905038908,0.22667233698108286,-0.16200269204663223,0.051031108997688965,0.06514433189075171,-0.25203812130191156,0.10719421223524181,-0.09012609304991148,0.028527533727011917,-0.07123039165826048,0.12286045999600255,-0.0283397087014707,-0.10878209553046479,0.023147934894394578
413811,0,075,S,06075061401,1400000US06075061401,+37.7537616,-122.3999432,G5020,614.01,Census Tract 614.01,06,061401,True,san_francisco,Coastal / compact / bay-influenced,San Francisco,16.363990885969546,True,32.31756038647347,06,California,True,0.9946808510638298,0.5877659574468085,-0.40691489361702127,True,True,Both LST and HI hotspot,False,29.713333333333367,16.363990885969546,0.16888297872340421,144,san_francisco,2024,GOOGLE/SATELLITE_EMBEDDING/V1/ANNUAL,/Users/yufeizhou/Desktop/heat-exposure-compare/data/processed/san_francisco/san_francisco_master_lst_hi_hotcompare.gpkg,san_francisco_master_lst_hi_hotcompare,0.13623914756231714,-0.22572721149381247,0.15631295419108648,0.004236930911135099,0.0717744541147654,-0.09277676315105386,-0.06465192672121511,-0.023196709705903124,-0.004240245139665223,-0.07761320045632053,0.09468778418972275,0.13851798175043986,-0.15722394216880367,-0.2038220574697746,-0.04273062425981903,-0.0681162648214908,0.15628476210411218,0.17718974400608525,-0.02747263745807054,-0.005265281591396274,0.10436644978453338,0.11922489288413009,-0.12079900722098605,0.05099347782150117,-0.016392924144636226,0.22560986609338016,-0.06703164602027055,0.10356081169063366,0.1498642553405065,0.02058624393505282,0.06429215583215417,-0.08521746292864465,-0.026840420997790434,-0.10643024643699536,0.09282440773432231,-0.061635173750520765,-0.1957424142569234,0.0004530242045721345,-0.13118983482951058,0.09318726833862025,-0.06141309559022875,-0.19933773683672845,0.007540681310520989,-0.09379078262177029,0.13477307533612848,0.12297718683959694,-0.08681308461753824,0.09205172956331666,0.08531893391850102,0.007080302788526866,-0.06604107850239041,0.1723641728290525,-0.09748470072786554,0.04644504256023921,0.006531650461701228,-0.29108572586596737,0.18134592325108195,-0.033880322897399145,-0.06481733508468226,0.047929470485355216,0.1622851836946615,-0.012034157981327714,-0.10999393845741347,-0.00979791312304497
138854,0,075,S,06075020702,1400000US06075020702,+37.7615686,-122.4237834,G5020,207.02,Census Tract 207.02,06,020702,True,san_francisco,Coastal / compact / bay-influenced,San Francisco,16.363990885969546,True,29.63478723404261,06,California,True,0.7287234042553191,0.5877659574468085,-0.14095744680851063,False,True,HI-only hotspot,True,29.713333333333367,16.363990885969546,0.16888297872340421,145,san_francisco,2024,GOOGLE/SATELLITE_EMBEDDING/V1/ANNUAL,/Users/yufeizhou/Desktop/heat-exposure-compare/data/processed/san_francisco/san_francisco_master_lst_hi_hotcompare.gpkg,san_francisco_master_lst_hi_hotcompare,0.11528627414744297,-0.2600512693114006,0.15531665516550108,-0.03138798678812917,0.04741480849679925,-0.16412296572620128,-0.09417750096267738,-0.0880707071779945,-0.03791182260788464,-0.028643609581039887,0.13051083625094642,0.17410141017504932,-0.08247489545450865,-0.18252401870778828,-0.09134127713031326,-0.07458701837288784,0.20085461872670682,0.14868476922744114,-0.0035697588401381354,-0.001946554251411291,0.09707946973128703,0.10231251974320987,-0.06139444077510494,0.08043939415603316,-0.05168313736707292,0.16068034334595407,-0.053667982917648085,0.12133233256746608,0.09641076268271952,0.0385344509774345,0.04522461411798747,-0.12779084278936192,0.019483240842899218,-0.21642373011893562,0.07342102289661195,-0.11812421633471615,-0.2793677855727765,0.03390861172440261,-0.08634490798382823,0.05399588277206525,-0.09522977126535206,-0.21312707794980876,-0.011823884669232105,-0.11480974790645228,0.10276305262653998,0.11475244911448342,-0.08062462927735109,0.06097785153772681,0.18303948651041008,0.036959666396567656,-0.07492874309259062,0.20765267373948895,-0.1744460536709269,0.03944716346323232,0.06859226815728481,-0.28361837675843654,0.12719955729015067,-0.08019552804117068,-0.00040918033167247294,-0.023813886030170688,0.14189916395720664,-0.005340281474189348,-0.10233064426679801,-0.012402009415584898
544134,4369,075,S,06075060702,1400000US06075060702,+37.7685210,-122.3996878,G5020,607.02,Census Tract 607.02,06,060702,True,san_francisco,Coastal / compact / bay-influenced,San Francisco,16.363990885969546,True,31.944063116370835,06,California,True,0.9680851063829787,0.5877659574468085,-0.38031914893617025,True,True,Both LST and HI hotspot,False,29.713333333333367,16.363990885969546,0.16888297872340421,146,san_francisco,2024,GOOGLE/SATELLITE_EMBEDDING/V1/ANNUAL,/Users/yufeizhou/Desktop/heat-exposure-compare/data/processed/san_francisco/san_francisco_master_lst_hi_hotcompare.gpkg,san_francisco_master_lst_hi_hotcompare,0.09081188071755629,-0.2548216156844533,0.1222621131178348,-0.008748882900328762,0.029729588432110782,-0.16446394860229832,-0.01555699606404838,-0.029337095290183635,-0.13525274631777193,0.03650452952408442,0.12319737955100264,0.10201179708380537,-0.06165316853024142,-0.17758083947117345,-0.11067540340859719,-0.15202513950031485,0.21597092018548922,0.08666007635658175,-0.02833290159513621,0.022651616904183516,0.08395551908835937,0.04562995614662379,-0.1552605649801363,0.001964603880502357,-0.01751973192163405,0.13478823769561582,-0.018057695794921225,0.13198263023830017,0.06430119858085974,0.0364435564063847,0.04440405178971044,-0.12879372358982252,0.03532125849140898,-0.19319139969875027,0.06460650502110014,-0.05184765563816022,-0.25573603584545584,-0.009237061765744538,-0.11127321732274112,0.06897150942899885,-0.03594603204633555,-0.17489435212614285,-0.03111157308388987,-0.13036049273668654,0.08057279872770387,0.13617894458922217,-0.06576362262222231,0.06445330579528517,0.12413360005800674,0.05474411555523919,-0.11465528732207815,0.25521401622009526,-0.13638246838989665,0.018710767338907263,0.05218774174391433,-0.2455806225249818,0.12419945163185524,-0.06210774158771948,0.023952458629337915,-0.06165683952952996,0.11225240895173003,-0.07250573724994472,-0.10570105261878916,0.046339777989400456
62922,0,075,S,06075012001,1400000US06075012001,+37.7884288,-122.4186288,G5020,120.01,Census Tract 120.01,06,012001,True,san_francisco,Coastal / compact / bay-influenced,San Francisco,16.363990885969546,True,29.713333333333367,06,California,True,0.7526595744680851,0.5877659574468085,-0.16489361702127658,True,True,Both LST and HI hotspot,False,29.713333333333367,16.363990885969546,0.16888297872340421,147,san_francisco,2024,GOOGLE/SATELLITE_EMBEDDING/V1/ANNUAL,/Users/yufeizhou/Desktop/heat-exposure-compare/data/processed/san_francisco/san_francisco_master_lst_hi_hotcompare.gpkg,san_francisco_master_lst_hi_hotcompare,0.0679061354398105,-0.19934707727968698,0.19433249018000112,-0.05492922235571152,0.025019642778742978,-0.21146653703053447,-0.030203475832201097,-0.013593688457395205,-0.07545202174397667,-0.02519170233833852,0.11941075084344582,0.2332941597339112,0.008286316325507803,-0.0990585890849505,-0.10756439782617319,-0.0492952156983308,0.20469305087332731,0.14194290800861528,0.013354334404869014,-0.05176264847091149,0.1421761187192209,0.10878713464517734,-0.03302303349142617,0.09015617930738595,0.00668749056423347,-0.008140892839456206,-0.051823771183324874,0.12227339418652321,0.10309044054749861,-0.01503308714414736,0.08348241732434357,-0.04309554508648403,0.01375083651119995,-0.19438810730114672,0.012147338954104712,-0.14178721788668877,-0.33344997491759204,0.017142344869947243,-0.0435171657344434,-0.07120019108165267,-0.05884833565827375,-0.20107207753017795,-0.006418529512443772,-0.19757331512249707,0.05173720379303806,0.19843307258714168,-0.08426437404987963,0.09998515425846397,0.19030048412040143,0.07291387035043136,-0.11978014945462039,0.2343477828083644,-0.2062444286515696,0.01572379984296335,0.07183956999601679,-0.23829601481343685,0.048525260363056384,-0.14018759917263335,0.10334089533388474,-0.10418519642133067,0.06302848623304085,-0.023987776743304986,-0.025185202001270255,-0.0228516215338861
667587,676264,075,S,06075010101,1400000US06075010101,+37.8083492,-122.4093204,G5020,101.01,Census Tract 101.01,06,010101,True,san_francisco,Coastal / compact / bay-influenced,San Francisco,16.363990885969546,True,26.150324858757102,06,California,True,0.17553191489361702,0.5877659574468085,0.41223404255319146,False,True,HI-only hotspot,True,29.713333333333367,16.363990885969546,0.16888297872340421,148,san_francisco,2024,GOOGLE/SATELLITE_EMBEDDING/V1/ANNUAL,/Users/yufeizhou/Desktop/heat-exposure-compare/data/processed/san_francisco/san_francisco_master_lst_hi_hotcompare.gpkg,san_francisco_master_lst_hi_hotcompare,0.040516739896757685,-0.2517476044846609,0.021003743238183117,-0.056132260038522196,0.008116078329735118,-0.08077517215083678,-0.004931525681267325,0.026786013873196148,-0.02545226189696213,0.0058374594739517335,0.1365496690037856,-0.00490101433131836,-0.05910056358981434,-0.21340117187534222,0.005399385561976901,-0.08261255507596459,0.16119867183187278,0.02542545125282086,-0.06947329644628089,0.006431946611031012,0.09991091235419264,0.10574229729677474,-0.1176778444304173,0.09753613511324112,-0.09992807957270426,0.011922975676416495,-0.04385150140975563,-0.0013044780746156634,0.1582092171079892,0.013714631280092152,-0.030513564463645126,0.013544846085812922,0.09916583826343153,-0.15475329301680146,-0.017451093061718843,-0.007308830124369505,-0.06558745828441497,-0.018592215567414475,-0.11646267180075058,0.07573377070638981,-0.09597919294205769,-0.22241620427264683,0.05984669339067013,-0.06544838641235604,0.05631169272223167,0.1899649180379481,-0.10769000041187801,0.10119733674968248,0.046179380190245686,0.015026260085087737,-0.09348729964819376,0.22394637347834,-0.18448711797244577,0.020343364841417477,0.024840358842478434,-0.17476366077229563,0.049583537572688574,-0.003551090441895514,0.05608749021630742,-0.03470587759709255,0.07099032540435123,-0.17718968002452493,0.0026899238377461145,0.12987120166734795
79556,0,075,S,06075010102,1400000US06075010102,+37.8046900,-122.4139437,G5020,101.02,Census Tract 101.02,06,010102,True,san_francisco,Coastal / compact / bay-influenced,San Francisco,16.363990885969546,True,26.010444444444488,06,California,True,0.16489361702127658,0.5877659574468085,0.4228723404255319,False,True,HI-only hotspot,True,29.713333333333367,16.363990885969546,0.16888297872340421,149,san_francisco,2024,GOOGLE/SATELLITE_EMBEDDING/V1/ANNUAL,/Users/yufeizhou/Desktop/heat-exposure-compare/data/processed/san_francisco/san_francisco_master_lst_hi_hotcompare.gpkg,san_francisco_master_lst_hi_hotcompare,0.06994938716054298,-0.19985210806186077,0.20164840706874923,-0.04032655885949684,0.025148415741747063,-0.15424370708385576,-0.0833234199818875,-0.06542669382784586,-0.01933963882539928,-0.03897829761222969,0.11847363697412969,0.1931635542236842,-0.02096910410314358,-0.1561433933659364,-0.06956718871115565,-0.030652954963860703,0.15457685281670636,0.15234035317481065,-0.007166401711895739,-0.039577523557430064,0.11981130463542652,0.13145244232376582,-0.03467389482454739,0.14491557513305764,-0.026427169334174855,0.061706036977792623,-0.0703906551678115,0.06791563849183946,0.14661878358631805,-0.030013413827722137,0.06405888617653255,-0.04113992570681209,0.055578042316615686,-0.1864026204898036,0.02862211609259934,-0.12163378392523978,-0.24390334782703146,0.05926758366251476,-0.0668361938243131,-0.03588258889575163,-0.0983575288438771,-0.2209980526885091,-0.021455225427565377,-0.17194887771275755,0.11842783565243267,0.19580285843643155,-0.05553830865458082,0.09843146171598748,0.238401972925911,0.07226465012010605,-0.10396102103378502,0.243634483165304,-0.18039709112711919,0.04789957486224331,0.05891342299170635,-0.2858271874133601,0.09549985299261504,-0.15059888892276768,0.060549103524066714,-0.07062941548238813,0.08101176269289745,-0.018614184269196386,0.017296501490958696,-0.07276081412096887
1166810,869383,075,S,06075060701,1400000US06075060701,+37.7743735,-122.3835948,G5020,607.01,Census Tract 607.01,06,060701,True,san_francisco,Coastal / compact / bay-influenced,San Francisco,16.363990885969546,True,31.333719346049058,06,California,True,0.9414893617021277,0.5877659574468085,-0.35372340425531923,True,True,Both LST and HI hotspot,False,29.713333333333367,16.363990885969546,0.16888297872340421,150,san_francisco,2024,GOOGLE/SATELLITE_EMBEDDING/V1/ANNUAL,/Users/yufeizhou/Desktop/heat-exposure-compare/data/processed/san_francisco/san_francisco_master_lst_hi_hotcompare.gpkg,san_francisco_master_lst_hi_hotcompare,0.06766658537303734,-0.2571544210780518,0.028812322088552434,-0.043891221677032514,0.014508682960953053,-0.10122788069339203,0.040778653233094875,0.027810794444413724,-0.0666880700552755,0.006965589465941471,0.13109872475102108,0.009361279045944504,-0.05774036740080645,-0.1919596113374259,-0.027831562463189935,-0.12892431041881408,0.18483275752316228,0.00043281917299028977,-0.062443230725059154,0.03756480855645738,0.07914708170475858,0.06279660809368048,-0.13531042489822012,0.06382639343610808,-0.05804836103756783,0.057367426780878035,-0.02177200632769666,0.0318868040374606,0.14566704135498465,0.015757657561905912,-0.019741152533450164,-0.02664830413932346,0.052757364909717594,-0.13604995975543982,0.014905908455982777,-0.0033458882998953247,-0.10288118179712884,-0.047052745569906476,-0.11866302910665055,0.06514023054141456,-0.07867468039885823,-0.20459598891818417,0.05592090210231299,-0.06054633188272788,0.0486694341264988,0.19007424168520878,-0.1252005457051194,0.07856363194105909,0.011110010562003692,0.024759853842918265,-0.12827974259318542,0.21873098386097806,-0.15952414291570177,0.021230721873406175,0.03199749318914199,-0.1818035176012124,0.05742774402359559,-0.007813263020331902,0.046361841849337164,-0.05834424782894431,0.08775772080836527,-0.15198812899086758,-0.03754906876649259,0.15487915491381532
575942,0,075,S,06075033001,1400000US06075033001,+37.7404650,-122.4907650,G5020,330.01,Census Tract 330.01,06,033001,True,san_francisco,Coastal / compact / bay-influenced,San Francisco,15.636442977794673,True,24.420038891589734,06,California,True,0.09042553191489362,0.09840425531914894,0.007978723404255317,False,False,Neither hotspot,False,29.713333333333367,16.363990885969546,0.16888297872340421,151,san_francisco,2024,GOOGLE/SATELLITE_EMBEDDING/V1/ANNUAL,/Users/yufeizhou/Desktop/heat-exposure-compare/data/processed/san_francisco/san_francisco_master_lst_hi_hotcompare.gpkg,san_francisco_master_lst_hi_hotcompare,0.11866305556845455,-0.2590212388140946,0.1343969505197866,0.03474316549374648,0.047116269487427136,-0.10891863692445085,-0.08044063299927039,-0.06496787789134421,0.014276533263625954,-0.0338065972513706,0.11592736437067226,0.08389260796687018,-0.16440710370202685,-0.20389087366023467,-0.07658933301509656,-0.09148331935527881,0.1359997753144413,0.1513808413204721,-0.013133887838656684,-0.03858136324605941,0.11378510260303001,0.13127362235259485,-0.11540825415731064,0.053332066932842724,-0.07908215127724906,0.22211272084160233,-0.0619963223468167,0.11608326112825394,0.10393604560126281,0.03618522958203634,0.05056034453130406,-0.12473524172332655,-0.009193669979189271,-0.18538115449384715,0.0765928773227167,-0.05212802251260355,-0.21335493280958054,0.042462963555100236,-0.12294239045299012,0.10647281013637651,-0.053799980485723105,-0.2293937611988986,-0.033583396049750046,-0.0813379315830534,0.15784582462331123,0.09102688677311312,-0.06727337076561862,0.027343744071459338,0.1379371191572609,0.008058873750494747,-0.07197468751595384,0.2192413498245744,-0.13956099561140353,0.06833397446387665,0.008456237691543427,-0.31089227865388286,0.1550250728534837,-0.0409260728028043,-0.0445458127005835,0.02130007887866035,0.1707160887923881,-0.005874132440814656,-0.11219270699472603,0.01146476045052859
931475,8871,075,S,06075033002,1400000US06075033002,+37.7381305,-122.4812569,G5020,330.02,Census Tract 330.02,06,033002,True,san_francisco,Coastal / compact / bay-influenced,San Francisco,15.636442977794673,True,25.47900000000002,06,California,True,0.13297872340425532,0.09840425531914894,-0.03457446808510638,False,False,Neither hotspot,False,29.713333333333367,16.363990885969546,0.16888297872340421,152,san_francisco,2024,GOOGLE/SATELLITE_EMBEDDING/V1/ANNUAL,/Users/yufeizhou/Desktop/heat-exposure-compare/data/processed/san_francisco/san_francisco_master_lst_hi_hotcompare.gpkg,san_francisco_master_lst_hi_hotcompare,0.1124695193744599,-0.25496367043210827,0.08299930359389109,0.05819861524258997,0.045192576136461285,-0.07907461555009625,-0.03958634432429766,0.04100887866760704,0.05375857204460892,-0.03713809238341215,0.09932315206437603,0.058238644670321,-0.19219843163688935,-0.1585564371775794,-0.01775503627602088,-0.06500048547642323,0.05551564091873319,0.11188762942502045,-0.06694941096270757,0.0016552742412189708,0.11819845054523019,0.08768909257545576,-0.10486883169782875,0.05158227585703133,-0.03146827762900467,0.21802430749178325,-0.07804938664683427,0.09676016667666143,0.11829116169813182,0.03036806078270043,0.032129033236344404,-0.10684939848017211,-0.024799863922695328,-0.10236978550419502,0.03867722680435697,-0.025409592616824767,-0.11998078295888848,0.017614427733121083,-0.13578373536312058,0.06929455439836178,-0.03759615051915154,-0.21916908376848834,-0.0014182781577161418,-0.07486669070814639,0.14513726469184865,0.12367153754263382,-0.06449740807826025,0.03466866639618861,0.07686602573813811,0.005106069424549778,-0.14825569633564534,0.17934050907756574,-0.07238635276910076,0.1032963931684451,-0.009467108688932885,-0.29853650772393864,0.12682810457936577,-0.01729989963218718,-0.04910018408304524,0.06308287424097009,0.18300251155164937,-0.07184757723152288,-0.02129597155921465,0.009175868285859694
329171,0,075,S,06075031401,1400000US06075031401,+37.7128911,-122.4571078,G5020,314.01,Census Tract 314.01,06,031401,True,san_francisco,Coastal / compact / bay-influenced,San Francisco,15.636442977794673,True,27.4188235294118,06,California,True,0.32978723404255317,0.09840425531914894,-0.23138297872340424,False,False,Neither hotspot,False,29.713333333333367,16.363990885969546,0.16888297872340421,153,san_francisco,2024,GOOGLE/SATELLITE_EMBEDDING/V1/ANNUAL,/Users/yufeizhou/Desktop/heat-exposure-compare/data/processed/san_francisco/san_francisco_master_lst_hi_hotcompare.gpkg,san_francisco_master_lst_hi_hotcompare,0.12419210358505657,-0.27136696540023103,0.08301947926377709,0.032891264895164,0.05844265069492566,-0.11678492908652631,-0.07387260239656877,-0.06778829934126171,0.012251671920241704,-0.012835219911153932,0.12601077884955084,0.08067475459383353,-0.17494194304391553,-0.22818878766961584,-0.05113814872330081,-0.12770947109939532,0.13576622924648798,0.139184717825768,-0.06811364118628978,0.024404543223470423,0.10699882287629868,0.10748617639460076,-0.1529190011182148,0.022831249857694004,-0.06727552464198176,0.22116960366429314,-0.02689721311311854,0.11001319699591325,0.09749358017051264,0.07188362480192936,0.034208479726359396,-0.1300421791878741,0.0051686492144828984,-0.16760265321511017,0.08713120040184576,-0.02607165813505009,-0.17683269672715177,-0.004414578931434373,-0.1067683325780394,0.12865997085578873,-0.04518092975033652,-0.20413547604907695,-0.04129639739680883,-0.10570451077705122,0.1267167142133322,0.06433432956145159,-0.054726636895563736,0.02690242366538181,0.10203153659320015,0.029183030514698963,-0.07008572975193704,0.20575796269860727,-0.10434374196659449,0.05755361937485904,0.02086343735315638,-0.31457804081990354,0.16415476920475047,-0.025856382897145966,-0.06677991299802873,0.02110373894026403,0.18209558923561497,-0.04450664830632338,-0.1074208399845431,0.047396218712711206
536658,0,075,S,06075025501,1400000US06075025501,+37.7256849,-122.4411925,G5020,255.01,Census Tract 255.01,06,025501,True,san_francisco,Coastal / compact / bay-influenced,San Francisco,,True,29.36833333333334,06,California,False,,,,False,False,Missing,False,29.713333333333367,16.363990885969546,0.16888297872340421,154,san_francisco,2024,GOOGLE/SATELLITE_EMBEDDING/V1/ANNUAL,/Users/yufeizhou/Desktop/heat-exposure-compare/data/processed/san_francisco/san_francisco_master_lst_hi_hotcompare.gpkg,san_francisco_master_lst_hi_hotcompare,0.11511929160005656,-0.2881197913046603,0.05943935097260355,0.08919757861009411,0.10203731058036385,-0.06684272528152743,-0.0517852356998612,-0.03220898398710954,0.010233060028502819,0.002158919046720699,0.08708572606316273,0.0039972319049043975,-0.18270077956975464,-0.2234379237472005,-0.04432107857585731,-0.12189929014445067,0.12896892672974836,0.11036678479344764,-0.0596667544711082,0.07495678924379129,0.09285497942002036,0.04564434408953859,-0.14331608035177146,0.04016504036764722,-0.022001843132307637,0.24292937313714286,0.0380582580219505,0.07525914279307855,0.09055118982872283,0.02047954188786246,-0.016605555729158856,-0.10419195165144896,-0.02295392961927237,-0.12364393675519983,0.09669399899558558,-0.016982735444143048,-0.1087861432224514,-0.04557632329721017,-0.12274089694155424,0.1693424436881133,0.0066226743184786534,-0.17456858678233017,-0.018944589739863307,-0.0744269604917383,0.13481899057638447,0.06358755396386262,-0.05466677208435531,-0.0070549499906591775,0.07980633807767123,0.0291785291039934,-0.09764721443420006,0.1938002591581077,-0.11002640253408,0.07833872872625929,0.05696835829598916,-0.30433039847036325,0.18929607993445763,-0.008717950260027257,-0.08332384710357124,0.005354947340574668,0.20025763193858878,-0.04778285223423359,-0.08815074374479727,0.03713557116964684
331839,295796,075,S,06075010202,1400000US06075010202,+37.8106454,-122.4245951,G5020,102.02,Census Tract 102.02,06,010202,True,san_francisco,Coastal / compact / bay-influenced,San Francisco,16.363990885969546,True,25.17301635991825,06,California,True,0.12234042553191489,0.5877659574468085,0.4654255319148936,False,True,HI-only hotspot,True,29.713333333333367,16.363990885969546,0.16888297872340421,155,san_francisco,2024,GOOGLE/SATELLITE_EMBEDDING/V1/ANNUAL,/Users/yufeizhou/Desktop/heat-exposure-compare/data/processed/san_francisco/san_francisco_master_lst_hi_hotcompare.gpkg,san_francisco_master_lst_hi_hotcompare,0.030594382143286154,-0.22157266051472213,0.04140510887527911,-0.03575169294162626,0.017733281008362377,-0.05647610602970472,-0.02091516547134508,0.04769838965193925,0.011622536452676727,-0.026731032289193567,0.15235661498851427,0.020826422781314864,-0.06560981454120245,-0.2064347460015325,0.013204941805892921,-0.04293826603595258,0.14595986738844496,0.045354592215930696,-0.06919942238190509,-0.027110676790848515,0.12211408103195376,0.11093900742164459,-0.08151381671507363,0.1215747360998223,-0.08146591208253352,0.02149627721394601,-0.03495772152971322,-0.020440292864951973,0.15316988920657998,0.010494996467516848,-0.046639549616424206,0.04373124132891331,0.1047021731127473,-0.13525774029988677,-0.024650207194460625,-0.020492192645137405,-0.058931663276515285,0.006446772957006145,-0.14455811519239986,0.06483354722151981,-0.08603234304229858,-0.2424340242238251,0.05993778043611114,-0.07430981772389947,0.07681761564331775,0.18957934396476528,-0.09031370077178147,0.113493428413335,0.07712694698953874,0.00024429329185990216,-0.08284129993011552,0.21475434419293124,-0.17591848531171178,0.032865602478562905,0.004867345470715628,-0.20305606580322919,0.06594668028758281,-0.02769680923855036,0.06506966318808466,-0.00780238310169739,0.07978747089992834,-0.14727416269920762,0.052083385894072506,0.0890886434819275
95344,0,075,S,06075061504,1400000US06075061504,+37.7852562,-122.3924125,G5020,615.04,Census Tract 615.04,06,061504,True,san_francisco,Coastal / compact / bay-influenced,San Francisco,16.363990885969546,True,28.06666666666672,06,California,True,0.4308510638297872,0.5877659574468085,0.15691489361702127,False,True,HI-only hotspot,True,29.713333333333367,16.363990885969546,0.16888297872340421,156,san_francisco,2024,GOOGLE/SATELLITE_EMBEDDING/V1/ANNUAL,/Users/yufeizhou/Desktop/heat-exposure-compare/data/processed/san_francisco/san_francisco_master_lst_hi_hotcompare.gpkg,san_francisco_master_lst_hi_hotcompare,0.0968869070815835,-0.27527799421771676,0.07702137623471592,0.017080412092959345,0.0822561982544246,-0.13566673361364665,-0.0010729534039997824,0.01825373198403691,-0.1557993487812984,0.06068728786139062,0.08450636869756246,0.08045713562719742,-0.06621546416237703,-0.16754717053273083,-0.12718486668964996,-0.19011039655451867,0.21226004210595498,0.06729086798382357,-0.061556561121680994,0.07880178170735043,0.0779197430360048,0.0011160041218595082,-0.18757638998381665,-0.012814429187199126,0.05847752085468798,0.15690702831218312,0.01354080834967416,0.11781209862143084,0.08021037741231711,-0.005086068922465506,0.02040686445873557,-0.07776215042669338,-0.028409013001444435,-0.13564317582382,0.061208266017451746,-0.07277639747752589,-0.20236174405107513,-0.09136364040049581,-0.05350956572688668,0.08465108788018831,-0.009603496444011515,-0.14844280347537173,0.03657020308033007,-0.11137473898161943,0.09189091141544128,0.152719520259756,-0.08337646470103392,0.061035240350420725,0.09683610818888047,0.010437688184027981,-0.15233115974212907,0.22556511103306046,-0.09207248828664605,0.06030307226889976,0.07198188620795604,-0.227854438240545,0.13142321077139363,-0.050120084543345295,0.004193134448878993,-0.08923693501808694,0.14087559774020172,-0.047145234836220504,-0.07947582879407161,0.043674538876049114
336431,299328,075,S,06075061507,1400000US06075061507,+37.7907617,-122.3891967,G5020,615.07,Census Tract 615.07,06,061507,True,san_francisco,Coastal / compact / bay-influenced,San Francisco,16.363990885969546,True,28.097015503876023,06,California,True,0.44148936170212766,0.5877659574468085,0.14627659574468083,False,True,HI-only hotspot,True,29.713333333333367,16.363990885969546,0.16888297872340421,157,san_francisco,2024,GOOGLE/SATELLITE_EMBEDDING/V1/ANNUAL,/Users/yufeizhou/Desktop/heat-exposure-compare/data/processed/san_francisco/san_francisco_master_lst_hi_hotcompare.gpkg,san_francisco_master_lst_hi_hotcompare,0.0627939248156876,-0.25386661923958675,-0.043557951514677465,-0.05226103742442046,0.03540416711717356,-0.08919246813185398,0.07044850673168868,0.051842338988545206,-0.09332088296112041,0.04677786962426488,0.11755886571953504,-0.005833352269296772,-0.03923776239173566,-0.19414968402614946,-0.0529599714019101,-0.14789602093972423,0.20641318768933475,-0.02301953025667274,-0.07187595464326024,0.08250818510090493,0.06902365972958796,0.03333179484359185,-0.1614826723625303,0.07010721579825532,0.0025464355640220965,0.06024937344413021,-0.006356866368873627,0.027389204017339183,0.14522344788247704,-0.025695775901077765,-0.051062433801611115,0.02339100155922069,0.022557043498126584,-0.08877627364014004,0.04278078315029831,-0.0287302681154956,-0.08286393461222082,-0.07902817682273383,-0.06563996027309606,0.061560557888363926,-0.07841685885748324,-0.1931248137016446,0.103603845644478,-0.03198973238298179,0.036469361477485404,0.21114816355574567,-0.1468179096870285,0.06856407309885931,-0.017649403346731065,0.022460680850075396,-0.15491940805056426,0.1946125640046103,-0.1346533594627286,0.046057445841841384,0.06599665764347801,-0.15106709646620828,0.056907474476636445,0.02112770067671989,0.05404441222286407,-0.08595780997855863,0.07853699967971098,-0.13821696803035055,-0.03599551337278857,0.1820579077457521
540288,0,075,S,06075025502,1400000US06075025502,+37.7304262,-122.4333557,G5020,255.02,Census Tract 255.02,06,025502,True,san_francisco,Coastal / compact / bay-influenced,San Francisco,,True,28.55121562445263,06,California,False,,,,False,False,Missing,False,29.713333333333367,16.363990885969546,0.16888297872340421,158,san_francisco,2024,GOOGLE/SATELLITE_EMBEDDING/V1/ANNUAL,/Users/yufeizhou/Desktop/heat-exposure-compare/data/processed/san_francisco/san_francisco_master_lst_hi_hotcompare.gpkg,san_francisco_master_lst_hi_hotcompare,0.10654043909891446,-0.29002904751924985,0.06570830776462579,0.06810273255832641,0.09850062051563122,-0.09970003577633044,-0.10248302753275185,-0.05460839709346176,-0.019857346369269974,0.00806258703316238,0.12477952407344091,0.07079261906593699,-0.147239401457502,-0.2332581194475346,-0.07616491770862538,-0.09909188772446838,0.15103322415692524,0.13590963180476193,-0.043667385314551686,0.02795778813093725,0.08679239030753969,0.0860688903101672,-0.14457780342782275,0.02458467843996127,-0.040674531977286134,0.22816081646034533,-0.008152729651856708,0.12364521468261741,0.07838262922407566,0.03700156510418928,-0.00934955881625512,-0.10948749679281995,-0.014084693351586068,-0.16618137874773706,0.08372532483453611,-0.055118080811986186,-0.1492877466521386,-0.024351058597732376,-0.11759920953723538,0.19921244186101153,-0.02134308778030217,-0.1944217586455915,0.015282403562807566,-0.09353919712455294,0.1297005960136104,0.07436477362825113,-0.05103264613961756,0.032204897821567775,0.1281184184749873,-0.018099583567326973,-0.050858092078319574,0.20657408253201986,-0.08218498527976395,0.061630776177451004,0.025714850401057792,-0.3061804663098722,0.2006929770926808,-0.02778660623316554,-0.06526178343358091,-0.012804798852976744,0.17700852617175886,-0.015496389458154437,-0.0817939710587723,0.02027794535989496
122728,0,075,S,06075016101,1400000US06075016101,+37.7795615,-122.4319544,G5020,161.01,Census Tract 161.01,06,016101,True,san_francisco,Coastal / compact / bay-influenced,San Francisco,16.363990885969546,True,29.01975609756099,06,California,True,0.6648936170212766,0.5877659574468085,-0.0771276595744681,False,True,HI-only hotspot,True,29.713333333333367,16.363990885969546,0.16888297872340421,159,san_francisco,2024,GOOGLE/SATELLITE_EMBEDDING/V1/ANNUAL,/Users/yufeizhou/Desktop/heat-exposure-compare/data/processed/san_francisco/san_francisco_master_lst_hi_hotcompare.gpkg,san_francisco_master_lst_hi_hotcompare,0.0818323145447398,-0.21923223656623447,0.1993446256028949,-0.025268443248865402,0.019513667180915493,-0.17435298298660684,-0.06532403832182501,-0.05684997516859054,-0.03692168079394215,-0.05359138121607233,0.11516643944765277,0.2142372726770848,-0.020287983932870957,-0.12565611461528936,-0.10499675367477507,-0.019619577507715435,0.15565934171646012,0.1540773736443393,0.0100912396880617,-0.02760234619393092,0.13167584860040807,0.13555489086667344,-0.011779662060825619,0.12403108776390036,-0.028079976943854057,0.07209314536865526,-0.023533099525790694,0.08055064345585258,0.11699205413320012,-0.006077307109528537,0.059448003550752006,-0.06095661100324789,0.014135144341227668,-0.17405383909762853,0.041347594529768945,-0.14977056567267277,-0.27534017045401804,0.0460312066835305,-0.07007402164401325,-0.035174992106262036,-0.10587595485019537,-0.2088800971268618,-0.0165122599355511,-0.1567160009023812,0.09807059035100744,0.1963015681401309,-0.07575524475485222,0.10023836086131721,0.21595316937403902,0.052865835201406315,-0.1048517530804784,0.2053940783665852,-0.21950755775127306,0.023186226313946352,0.07345061030148402,-0.296077976858904,0.08751727101926149,-0.11811876046020542,0.05847990383389372,-0.05353942946493148,0.0839556496667535,0.01318339889472606,-0.005855210360371942,-0.06591883052107346
0,121097323,075,S,06075990200,1400000US06075990200,+37.8046349,-122.3728662,G5020,9902,Census Tract 9902,06,990200,True,san_francisco,Coastal / compact / bay-influenced,San Francisco,16.783528152917714,True,23.506795245026716,06,California,True,0.06914893617021277,0.9840425531914894,0.9148936170212766,False,True,HI-only hotspot,True,29.713333333333367,16.363990885969546,0.16888297872340421,160,san_francisco,2024,GOOGLE/SATELLITE_EMBEDDING/V1/ANNUAL,/Users/yufeizhou/Desktop/heat-exposure-compare/data/processed/san_francisco/san_francisco_master_lst_hi_hotcompare.gpkg,san_francisco_master_lst_hi_hotcompare,0.027206106154322788,-0.1641396712640413,-0.1605473302472481,-0.08308477882622252,0.011090833819223673,0.03553749313213672,0.08148737580849395,0.14077620821437617,-0.004742972333487994,0.03951436456955455,0.1776068058846677,-0.10245367119942807,-0.055988840833504416,-0.227804198059137,0.07010596411806672,-0.02801145447365536,0.10770480581651333,-0.1277795299291904,-0.010014181301465147,-0.029429112229682218,0.0737130089861852,0.13446642438654308,-0.0712315359594026,0.1646227168407873,-0.09860549136476242,-0.1014349808108139,0.011200370927308714,-0.17793108918652198,0.12743742284592674,-0.04353353156559787,-0.20017044315101457,0.24105066317537585,0.16061181532316146,-0.0950140719071617,-0.10579752216579756,0.03789993041925014,0.13755606598204528,-0.019321266853088857,-0.10489426134338548,0.1160406758092626,-0.06332204544204459,-0.2446432100457231,0.21541031080781545,0.04688594890966801,-0.01317400419689367,0.18551559978003593,-0.20521286835967645,0.11999020822248223,-0.0934795558025969,-0.022439473831695825,0.027495268828267333,0.1439824166086274,-0.12953747979320526,-0.06520082305108216,-0.02886925840508701,-0.0553865596094465,-0.06533684505806171,0.12358307853215472,0.03786434941593349,-0.05380293908482351,0.056555932990891504,-0.21224745257897207,-0.013210532075431396,0.3348791290107628
246170,0,075,S,06075016102,1400000US06075016102,+37.7801932,-122.4270222,G5020,161.02,Census Tract 161.02,06,016102,True,san_francisco,Coastal / compact / bay-influenced,San Francisco,16.363990885969546,True,30.03333333333336,06,California,True,0.8085106382978723,0.5877659574468085,-0.2207446808510638,True,True,Both LST and HI hotspot,False,29.713333333333367,16.363990885969546,0.16888297872340421,161,san_francisco,2024,GOOGLE/SATELLITE_EMBEDDING/V1/ANNUAL,/Users/yufeizhou/Desktop/heat-exposure-compare/data/processed/san_francisco/san_francisco_master_lst_hi_hotcompare.gpkg,san_francisco_master_lst_hi_hotcompare,0.07983964218954412,-0.2493749944862705,0.2417609656557786,-0.02242879276457768,0.019291443911118002,-0.14592406740675426,-0.06430235828672744,-0.04517021134605293,-0.006666956350455422,-0.08640939570046904,0.09277150657804367,0.17324020547575372,-0.06239161538313943,-0.16082885357942087,-0.03410700840476698,-0.029018102415351618,0.10721590952724272,0.1872002452992459,0.0005157048818361599,-0.023055334433646442,0.09946178926854396,0.14973472072207802,-0.02888781349219312,0.11426063658146823,-0.04711275060729928,0.1313996242757747,-0.05400844669019103,0.06059946285588953,0.1590505566944798,0.012584452236484115,0.05363085530619464,-0.06889626011859011,-0.017679087488835375,-0.12303837419691346,0.04057884751921171,-0.09251501697514625,-0.21037675257689478,0.03114342946020586,-0.09993071024749656,0.0023450262459650427,-0.07010326971891898,-0.20269382420192508,-0.05213295755942781,-0.13856508171270654,0.12511366220941295,0.16628985328227483,-0.06500812596857732,0.09280885048174778,0.18538324480429477,0.039167967805520135,-0.09408046221539365,0.21540379587312242,-0.19664734535723677,0.04338145089321273,0.024338574888432007,-0.3200342563404048,0.10166635833273088,-0.09565497350465703,0.02064653483804073,0.0012408179892676886,0.09093403749247225,-0.0110064780418851,-0.014812040809813201,-0.07191872662553582
298228,0,075,S,06075012801,1400000US06075012801,+37.7974428,-122.4438958,G5020,128.01,Census Tract 128.01,06,012801,True,san_francisco,Coastal / compact / bay-influenced,San Francisco,16.363990885969546,True,24.488333333333344,06,California,True,0.09574468085106383,0.5877659574468085,0.4920212765957447,False,True,HI-only hotspot,True,29.713333333333367,16.363990885969546,0.16888297872340421,162,san_francisco,2024,GOOGLE/SATELLITE_EMBEDDING/V1/ANNUAL,/Users/yufeizhou/Desktop/heat-exposure-compare/data/processed/san_francisco/san_francisco_master_lst_hi_hotcompare.gpkg,san_francisco_master_lst_hi_hotcompare,0.07777145102206968,-0.2077702586282049,0.2065456032605863,-0.019548132524656075,0.026505609682952735,-0.13230252700512277,-0.08421419315183537,-0.048538072244748494,0.008511966618032284,-0.09843208345611987,0.1319745343380411,0.18832005601732765,-0.057468361672695714,-0.14691089430893373,-0.057570207486320274,-0.004906318749647954,0.1630351436847205,0.16037281760835315,-0.005100317178299343,-0.04522930783428721,0.12672838466930525,0.11761688851396065,-0.003169622847909967,0.14095929691678638,-0.03677189490068217,0.12725996507397772,-0.05351382406444291,0.03795503479971319,0.14191667903806113,0.008849088365423037,0.032832562130907,-0.054879507408720496,0.05985710780065117,-0.14794147747858705,0.04333465632313319,-0.1336400948598401,-0.2294583574145518,0.07628006827551125,-0.10028213784300058,-0.03488820681148868,-0.11241964783698566,-0.23688220545599276,-0.010420635894315593,-0.14300023974309312,0.1358700455185604,0.1669450844239596,-0.06672950347732186,0.13548151204692746,0.23951738404170309,0.044273138248259125,-0.06967864873294105,0.195280156006594,-0.20838970390221542,0.06086376597346058,0.063893917083704,-0.28950425422843257,0.11555170257659568,-0.1353995466807017,0.05410317030944207,-0.018792029850619174,0.10757437051496406,0.0179414657606887,0.02633957352576052,-0.06588310780036567
193510,0,075,S,06075010402,1400000US06075010402,+37.8018998,-122.4052575,G5020,104.02,Census Tract 104.02,06,010402,True,san_francisco,Coastal / compact / bay-influenced,San Francisco,16.363990885969546,True,27.1938690476191,06,California,True,0.2978723404255319,0.5877659574468085,0.2898936170212766,False,True,HI-only hotspot,True,29.713333333333367,16.363990885969546,0.16888297872340421,163,san_francisco,2024,GOOGLE/SATELLITE_EMBEDDING/V1/ANNUAL,/Users/yufeizhou/Desktop/heat-exposure-compare/data/processed/san_francisco/san_francisco_master_lst_hi_hotcompare.gpkg,san_francisco_master_lst_hi_hotcompare,0.10956711173813159,-0.1775378594483539,0.19987273490886062,0.00895774782447268,0.04522708920065353,-0.1049914991717687,-0.07444848851470964,-0.007873537859074646,0.014095508543467614,-0.0970052785216404,0.12206798118146059,0.19059223799788066,-0.0989379324591838,-0.15329888245084689,-0.04869712421523924,-0.010927943121648848,0.14349765188067018,0.1497632754963634,-0.029122070637537745,0.006425021221291566,0.14892364365841887,0.09284261471547538,-0.02577092616739857,0.12124421795123527,0.013676282106353037,0.11820351720757702,-0.07308202108374043,0.03551234478482114,0.1336028805511894,0.00809985385036977,0.07555702744081247,-0.023193506336104525,0.05666292208249326,-0.09999092053862875,0.04455100219052059,-0.09704489418079704,-0.21032015678987975,0.044202669453694644,-0.0991090814456118,-0.04663603394294878,-0.12193285510289927,-0.19839829424760216,0.010690202059302139,-0.14525707564809062,0.12077947169357917,0.20314271606684417,-0.07514501187937168,0.12759740411081866,0.20479635586918005,0.06651984541162881,-0.08706210487024152,0.1860706284211591,-0.18560817695323792,0.06094667917161873,0.08106754151517788,-0.2852123312066525,0.10857058567475117,-0.10540981660307538,0.04426238237271042,0.00485937412528363,0.10448468894817417,-0.018147788085437037,0.004383447381391008,-0.07993325342358047
197478,0,075,S,06075061101,1400000US06075061101,+37.7956249,-122.4033562,G5020,611.01,Census Tract 611.01,06,061101,True,san_francisco,Coastal / compact / bay-influenced,San Francisco,16.363990885969546,True,28.255416666666722,06,California,True,0.5053191489361702,0.5877659574468085,0.08244680851063824,False,True,HI-only hotspot,True,29.713333333333367,16.363990885969546,0.16888297872340421,164,san_francisco,2024,GOOGLE/SATELLITE_EMBEDDING/V1/ANNUAL,/Users/yufeizhou/Desktop/heat-exposure-compare/data/processed/san_francisco/san_francisco_master_lst_hi_hotcompare.gpkg,san_francisco_master_lst_hi_hotcompare,0.07521781075038893,-0.18217077344324764,0.16675803665028824,-0.05956501269584994,0.011483855120476975,-0.18523352701968904,0.003814740374357609,-0.000306230456891577,-0.06090727737337723,-0.03844515866541107,0.15433824524400233,0.2107910454953921,-0.017272167548189478,-0.0877581723867628,-0.10285152807400152,-0.0791050892108794,0.21960885005518305,0.10901781106613478,-0.04089974075218372,-0.027234040777445064,0.14467755323311535,0.06055441865590038,-0.0367857405724299,0.11387964720582858,0.025359090494876193,-0.007070752321692371,-0.05122796836747997,0.10076545019316109,0.12723355968934763,5.119726633346766e-05,0.05619016188142259,-0.040582034919658096,0.011187715045197099,-0.16771335176937346,0.004423327718817794,-0.1296791843699268,-0.28830706459510497,0.016605383951877377,-0.0445639679058621,-0.1114755899824048,-0.08384361057523645,-0.23323010001962505,0.009654955816871036,-0.16993676726113882,0.04656789870822465,0.22372336188570965,-0.10583394910591908,0.09326669356676227,0.17587068784685145,0.08578834225553654,-0.18170428931888502,0.22836280370170284,-0.16767737681226239,0.04246661934824605,0.09401734269040175,-0.2410847056630299,0.027691225367106508,-0.13929765618101783,0.09965872557308157,-0.12374105676006364,0.08100281079590504,-0.049621300226010225,0.008722130009253188,0.015256489113000217
774489,4096057,075,S,06075047904,1400000US06075047904,+37.7824917,-122.5098754,G5020,479.04,Census Tract 479.04,06,047904,True,san_francisco,Coastal / compact / bay-influenced,San Francisco,,True,20.273817523056675,06,California,False,,,,False,False,Missing,False,29.713333333333367,16.363990885969546,0.16888297872340421,165,san_francisco,2024,GOOGLE/SATELLITE_EMBEDDING/V1/ANNUAL,/Users/yufeizhou/Desktop/heat-exposure-compare/data/processed/san_francisco/san_francisco_master_lst_hi_hotcompare.gpkg,san_francisco_master_lst_hi_hotcompare,0.01904567611707898,-0.14353591240228358,-0.12748266135058947,-0.05806524834657552,0.006241921552467505,0.04102200229812605,0.043228629211192825,0.14818929850618304,0.049528512820424274,0.039311817594399355,0.1580644700777227,-0.07712251142702653,-0.08930605024505174,-0.21581317134773617,0.07941648521538466,-0.040108489385103877,0.11783667792925014,-0.05875822142292231,-0.019847505110660715,-0.03352634565591799,0.11611007992378226,0.15277663430475116,-0.08427655750965718,0.14423261464818873,-0.10228825379353738,-0.07730198812987414,0.00470695806704266,-0.14635877555570198,0.12147945998172223,-0.026208922563641154,-0.15970331503602495,0.2186889304569331,0.11963709348297576,-0.10401278463824178,-0.07290745198115636,0.04435727079120865,0.11547686546348346,0.0007874229568692203,-0.12270464223619235,0.11944161043564469,-0.034146971485844516,-0.260100096694754,0.1450397281387318,0.03338971252733044,0.01635736828325354,0.15958499598815482,-0.15872607895515675,0.08914477788569643,-0.03638064051209264,-0.0156617041427159,-0.009479743541959433,0.1531204629054381,-0.09754574109681435,-0.026890342735275147,-0.040633791375778966,-0.1194818905211179,-0.02976459790987937,0.08322116206529213,-0.006701218390159149,-0.0008221778410068036,0.0881095959411303,-0.2221869838367353,0.01819664995652059,0.2609277610948245
42382,0,075,S,06075061102,1400000US06075061102,+37.7954828,-122.4073658,G5020,611.02,Census Tract 611.02,06,061102,True,san_francisco,Coastal / compact / bay-influenced,San Francisco,16.363990885969546,True,29.006666666666717,06,California,True,0.6409574468085106,0.5877659574468085,-0.05319148936170215,False,True,HI-only hotspot,True,29.713333333333367,16.363990885969546,0.16888297872340421,166,san_francisco,2024,GOOGLE/SATELLITE_EMBEDDING/V1/ANNUAL,/Users/yufeizhou/Desktop/heat-exposure-compare/data/processed/san_francisco/san_francisco_master_lst_hi_hotcompare.gpkg,san_francisco_master_lst_hi_hotcompare,0.05997183543196129,-0.16736261399958569,0.1745648511811502,-0.06424103724321681,0.010332650768063464,-0.1961497174934291,-0.007913627999317469,-0.01920118906760439,-0.07170855291026071,-0.012714450277560737,0.1513260087177593,0.22101400989286024,0.0029202621901702566,-0.09211774636860352,-0.10591655839570832,-0.05573755518352301,0.21459271877421096,0.11443936751964423,-0.009031929553942192,-0.04210322305709252,0.15562170451455548,0.07905839462793048,-0.02688508800213504,0.0930780707079458,0.02298479895116744,-0.025465669313533366,-0.05609477936794144,0.13201029576883344,0.09179352334623309,-0.006937569936835565,0.09975095543559195,-0.03687828682601312,0.03350752134044509,-0.2030564765849962,-0.0022203205718581637,-0.14971853851146516,-0.3538072740736882,0.018447863810979976,-0.04027266839063731,-0.08529236403507254,-0.05762513488432327,-0.2034876609001587,-0.016004836930842765,-0.19878813527137237,0.04061748003145018,0.20303711853206088,-0.06215893342980274,0.05857185608547639,0.20312609290932424,0.08399117260121196,-0.14393398734633955,0.24087025053712963,-0.19669574051707328,0.02103002857724536,0.08269245397526398,-0.24999488344111026,0.036985853970217274,-0.1429960848985779,0.11622763429647802,-0.11474684991089472,0.057135886739918554,-0.03803751097130276,-0.019245564427472536,-0.03148723053906545
416352,0,075,S,06075061501,1400000US06075061501,+37.7878384,-122.4001079,G5020,615.01,Census Tract 615.01,06,061501,True,san_francisco,Coastal / compact / bay-influenced,San Francisco,16.363990885969546,True,29.47465174129354,06,California,True,0.7127659574468085,0.5877659574468085,-0.125,False,True,HI-only hotspot,True,29.713333333333367,16.363990885969546,0.16888297872340421,167,san_francisco,2024,GOOGLE/SATELLITE_EMBEDDING/V1/ANNUAL,/Users/yufeizhou/Desktop/heat-exposure-compare/data/processed/san_francisco/san_francisco_master_lst_hi_hotcompare.gpkg,san_francisco_master_lst_hi_hotcompare,0.12873302317330612,-0.18790353272219223,0.07191514720356955,-0.03933950424380058,0.06585565023842183,-0.15334190670874057,0.11095107905982204,0.056450101206566225,-0.18260773950173367,0.051364035143036876,0.04781925335236368,0.11402594974075536,-0.021908379668123337,-0.0978624504045092,-0.1678928719730949,-0.18225072513620694,0.2197063771413087,0.051367431353970885,-0.021970928053821694,0.09188604823833564,0.1022690548921157,0.004238919304240133,-0.1457349272600633,0.03000434916948166,0.17209386914672878,0.09060665022959319,0.01935102008008633,0.07343883252988471,0.11758270686650445,-0.0742493124171475,0.022193306725067592,0.00896435558507001,-0.08763080321236068,-0.057984191720418264,0.08249309334773801,-0.1300737864940802,-0.2555110302998981,-0.07913601353863474,0.02316594130688171,-0.1291543547977275,-0.04769056383872567,-0.1645405698085244,0.059779325182956734,-0.11436029813554605,0.05548405808090128,0.22670279827774767,-0.1616629075282606,0.07934784672120887,0.07299977523531835,0.06907954746888248,-0.21756152748664612,0.16184968024910149,-0.10017037733997793,0.06524939165997422,0.11158913977757068,-0.22148173655540815,0.08262754855688284,-0.0684109380875021,0.06814950961927398,-0.13849015697617523,0.11029648653447095,-0.03330466832330693,-0.04628183606955342,0.09386051635861434
45994,0,075,S,06075012403,1400000US06075012403,+37.7829458,-122.4166093,G5020,124.03,Census Tract 124.03,06,012403,True,san_francisco,Coastal / compact / bay-influenced,San Francisco,16.363990885969546,True,30.166666666666682,06,California,True,0.8297872340425532,0.5877659574468085,-0.24202127659574468,True,True,Both LST and HI hotspot,False,29.713333333333367,16.363990885969546,0.16888297872340421,168,san_francisco,2024,GOOGLE/SATELLITE_EMBEDDING/V1/ANNUAL,/Users/yufeizhou/Desktop/heat-exposure-compare/data/processed/san_francisco/san_francisco_master_lst_hi_hotcompare.gpkg,san_francisco_master_lst_hi_hotcompare,0.06691769427601994,-0.21262720611982572,0.1768054925917053,-0.05683790888579404,0.022735478280441368,-0.2134687719377542,-0.03242995222528638,-0.01380358482326395,-0.08221184586250813,-0.01778765746291421,0.11622258661580367,0.22209885570730217,0.00641036727056916,-0.10575480318462749,-0.12336150016251615,-0.06713748312392921,0.19490020917863757,0.1266797374859631,0.006696569787393075,-0.0344600185036115,0.1330455956781697,0.10853236139085243,-0.04864614912265153,0.08653765213400991,0.0008550840582402264,-0.013778909616360701,-0.05095440779855274,0.12534635663742888,0.10856499001332262,-0.019560887522702675,0.09232996252714461,-0.05216726104127264,0.021090971784786392,-0.18658790525386054,0.0054448029193207275,-0.12669473457482908,-0.34296712771726007,0.008116339314661106,-0.04368008172283507,-0.08651610846031738,-0.05986968169657763,-0.19603866512250587,-0.003203851098782821,-0.1873480060937003,0.05703413756122626,0.20556041634408684,-0.07761843753710812,0.08838277915004812,0.16907842156322594,0.07614476060678557,-0.12792041650798974,0.2254077530653206,-0.21654609477403575,0.017307026716001372,0.07132693028745991,-0.2360528215896491,0.05020444491462991,-0.13085286392287906,0.09515234437229808,-0.10859981517911142,0.06067235996456904,-0.03644373635205534,-0.02419742168776724,-0.014412237995365123
392133,0,075,S,06075047903,1400000US06075047903,+37.7754210,-122.5037400,G5020,479.03,Census Tract 479.03,06,047903,True,san_francisco,Coastal / compact / bay-influenced,San Francisco,,True,21.0732592592593,06,California,False,,,,False,False,Missing,False,29.713333333333367,16.363990885969546,0.16888297872340421,169,san_francisco,2024,GOOGLE/SATELLITE_EMBEDDING/V1/ANNUAL,/Users/yufeizhou/Desktop/heat-exposure-compare/data/processed/san_francisco/san_francisco_master_lst_hi_hotcompare.gpkg,san_francisco_master_lst_hi_hotcompare,0.10447414145863515,-0.24984671628141167,0.151036538103243,0.007546273587957208,0.05911280497861776,-0.16022830491239384,-0.07468520399100308,-0.03944102428116327,-0.03787472233725765,-0.028367944313221476,0.07234119407974135,0.1048541399220552,-0.12634483465008062,-0.19157401398062457,-0.11700595845528303,-0.09161314048240671,0.15729586299285336,0.19804588436696813,-0.003523096248933865,-0.035021249108501525,0.10735943310023419,0.14232434165694707,-0.11636055415733604,0.0671906382913331,-0.04669316594782257,0.19779705061943048,-0.060875375253316065,0.12745120826417525,0.0863465492093939,0.02279062927342426,0.04478292319459751,-0.10447539886605146,-0.023872460698794697,-0.15681049732218622,0.10046535325683666,-0.09616903421925559,-0.2218894072183962,0.048069430283872755,-0.13008336332084014,0.09239694693156056,-0.040709486891334065,-0.22786200923452868,-0.03528812124678323,-0.10174844016432145,0.14382968650305053,0.13549092782549138,-0.09043872253859371,0.06374510079211575,0.13992126607486666,-0.00682703557517634,-0.0857317497545249,0.24100544170385174,-0.12288552790612405,0.04552226166666863,0.005792437733838842,-0.31748033982187607,0.15953390677654541,-0.04825925355816073,-0.025194375187986277,0.023546699259763014,0.14321331515540703,-0.007623653637364601,-0.08681094291087074,-0.021359334320498975
382398,0,075,S,06075035101,1400000US06075035101,+37.7616792,-122.4993329,G5020,351.01,Census Tract 351.01,06,035101,True,san_francisco,Coastal / compact / bay-influenced,San Francisco,,True,23.31222222222226,06,California,False,,,,False,False,Missing,False,29.713333333333367,16.363990885969546,0.16888297872340421,170,san_francisco,2024,GOOGLE/SATELLITE_EMBEDDING/V1/ANNUAL,/Users/yufeizhou/Desktop/heat-exposure-compare/data/processed/san_francisco/san_francisco_master_lst_hi_hotcompare.gpkg,san_francisco_master_lst_hi_hotcompare,0.10998298428753717,-0.2560923643113165,0.12456865016095242,0.02783299851255293,0.03536096447693666,-0.1292561183442307,-0.07090808748354831,-0.04514713148800473,-0.011809001809170747,-0.010533067116823508,0.13055165574159855,0.06959136422746771,-0.13762877900857562,-0.17658314855336232,-0.08568255270012246,-0.0957635335402646,0.14178750696947873,0.14893828900632836,-0.023949804171818093,-0.05890666667704848,0.11640047379207638,0.10208443239626186,-0.11805492700912744,0.04879848353608426,-0.07321024026451964,0.202951578585387,-0.05826761943941465,0.12851926217259196,0.08489159356053802,0.04483053037508723,0.05985702946714384,-0.1337997952838644,0.013027065950428419,-0.21814003709846186,0.05955232988986513,-0.055547139705257965,-0.23189214795591914,0.06916745052824695,-0.1345375902642487,0.07521270124484475,-0.05470461011585103,-0.24870125555067463,-0.039633343912576155,-0.09177484049827576,0.15275554491609608,0.09729803348841806,-0.08244632704165573,0.045446451997385603,0.1479253719779371,0.026820174543484978,-0.09822557513496186,0.23684197377405014,-0.1503748325894151,0.06497754127091823,0.02272904902777773,-0.30230690511125374,0.12788261988861713,-0.05231396170229385,-0.00040985113588735755,0.005503548361125022,0.18416216883437075,-0.009565711514999705,-0.09390712784879558,0.02032314172324326
112895,0,075,S,06075061506,1400000US06075061506,+37.7876594,-122.3910165,G5020,615.06,Census Tract 615.06,06,061506,True,san_francisco,Coastal / compact / bay-influenced,San Francisco,16.363990885969546,True,28.06666666666672,06,California,True,0.4308510638297872,0.5877659574468085,0.15691489361702127,False,True,HI-only hotspot,True,29.713333333333367,16.363990885969546,0.16888297872340421,171,san_francisco,2024,GOOGLE/SATELLITE_EMBEDDING/V1/ANNUAL,/Users/yufeizhou/Desktop/heat-exposure-compare/data/processed/san_francisco/san_francisco_master_lst_hi_hotcompare.gpkg,san_francisco_master_lst_hi_hotcompare,0.12378816768775935,-0.22485991407148595,0.040833805928599046,-0.030832722779778,0.07965924973754022,-0.14984303632400003,0.06418355524985662,0.01583531797948358,-0.1621062141540347,0.06304369484939823,0.06954977570652468,0.09488946705230675,-0.047805826268731276,-0.13089689124106443,-0.161939373427455,-0.20321470793036037,0.22471290620711193,0.04227396844132485,-0.0465892643682209,0.10456870284302851,0.07765062661257917,0.007704274425181614,-0.16644820984426703,0.021653794699322246,0.12529611452519807,0.12470125477782776,0.014181371048144287,0.08858621125743321,0.1131204120826917,-0.0496403974682911,0.025227154559595722,-0.03817820191603066,-0.06170579229199095,-0.0987230893277196,0.07828478401293337,-0.12643906433144114,-0.2425044159324598,-0.06571796327020381,0.01233854901236401,-0.06026371000770686,-0.05509599959539956,-0.1658657508837017,0.07117469136204697,-0.11097563338359027,0.0675424434449972,0.2004574342593491,-0.13416370442035172,0.05880533984602261,0.08054570855409705,0.060650370816212315,-0.1981821552695982,0.16854138553575104,-0.09609854966715434,0.07956610018241567,0.11691515721366433,-0.2044757966947371,0.08630374214487033,-0.06752366117971437,0.053709636884919344,-0.1387367201525949,0.1332824341801312,-0.03968400507038628,-0.060216629911739386,0.09572893951898614
21283,0,075,S,06075061505,1400000US06075061505,+37.7891027,-122.3906438,G5020,615.05,Census Tract 615.05,06,061505,True,san_francisco,Coastal / compact / bay-influenced,San Francisco,16.363990885969546,True,28.06666666666672,06,California,True,0.4308510638297872,0.5877659574468085,0.15691489361702127,False,True,HI-only hotspot,True,29.713333333333367,16.363990885969546,0.16888297872340421,172,san_francisco,2024,GOOGLE/SATELLITE_EMBEDDING/V1/ANNUAL,/Users/yufeizhou/Desktop/heat-exposure-compare/data/processed/san_francisco/san_francisco_master_lst_hi_hotcompare.gpkg,san_francisco_master_lst_hi_hotcompare,0.1410612593736948,-0.16954422647217424,0.0667236805274121,-0.058443489934488876,0.07221783902645033,-0.15892481669192152,0.12570677620105059,0.02410025706869011,-0.19019761236539115,0.06566296571259389,0.040438530691589855,0.11432363858631482,-0.03011891947039848,-0.09856673736203796,-0.18295888492143633,-0.18434843726082945,0.24054024355513168,0.04709610221864353,-0.008220251097998984,0.09433755402244894,0.1199842849477339,0.021067174602561203,-0.14542926295924036,0.02951853246235669,0.1662877214508217,0.08242807241040757,0.01493708315457657,0.08190247715360255,0.09979497503656007,-0.07204728721174593,0.056264419810032176,-0.0054107522065564816,-0.06118807204051008,-0.08338573208555333,0.08615718476165928,-0.1579551091827689,-0.29720414460071043,-0.06860242341223882,0.027522385814641587,-0.1354260469309338,-0.057113643611799395,-0.14372924004863105,0.05542411022462072,-0.1302092775545365,0.043807138357303786,0.22506924580485316,-0.145337141935626,0.05455035958050087,0.08007954271993382,0.07493651131184642,-0.20256240602795153,0.16490025699712582,-0.12685977305894583,0.044177793530848546,0.1400372892002244,-0.2198050302547182,0.0741444413683018,-0.0684323591286848,0.09459442389824918,-0.13490515523153956,0.11619029248771626,-0.03540467405730346,-0.0744999490831859,0.08234230271003692
238296,0,075,S,06075045202,1400000US06075045202,+37.7772373,-122.4656240,G5020,452.02,Census Tract 452.02,06,045202,True,san_francisco,Coastal / compact / bay-influenced,San Francisco,,True,25.911911421911427,06,California,False,,,,False,False,Missing,False,29.713333333333367,16.363990885969546,0.16888297872340421,173,san_francisco,2024,GOOGLE/SATELLITE_EMBEDDING/V1/ANNUAL,/Users/yufeizhou/Desktop/heat-exposure-compare/data/processed/san_francisco/san_francisco_master_lst_hi_hotcompare.gpkg,san_francisco_master_lst_hi_hotcompare,0.1045373750852613,-0.2739248765587723,0.09952426578043479,-5.664688161328694e-05,0.04276835367868905,-0.15019267116869547,-0.08528401094759429,-0.08681387976834055,-0.027275489313929133,-0.0026028463627079993,0.1417002361185938,0.12271060443123333,-0.113838568091477,-0.17790937850687108,-0.11247202124698245,-0.10084121762542339,0.1830055939499574,0.12123316451182059,-0.017552555636808548,0.0028735724593376044,0.08416288783008084,0.09662450567167229,-0.08917035529370612,0.07421984389957031,-0.07518215084488233,0.18774756048072144,-0.044016274630873944,0.11545890073037005,0.08964055364881536,0.03270973264694056,0.033616943827532886,-0.134869416167849,0.0323443614987442,-0.20823504928170927,0.05913273108795447,-0.11394425357721238,-0.24763230462492125,0.05013209871394559,-0.0818434958772895,0.07637677303366165,-0.0912300774810477,-0.22441827194311262,-0.028305342259383224,-0.08175527233942088,0.14106303247375884,0.10436578139093491,-0.06274201977077187,0.03799146940329641,0.19232919095722034,0.009530966165849863,-0.10602965977729928,0.2144040235430591,-0.16223308907740747,0.08338041490256946,0.0447806079504985,-0.31563882495771567,0.11816685237785594,-0.07032269781410751,0.01620950792965951,-0.03344807922660061,0.1476537559536526,-0.008180398932863812,-0.10669844287434624,-0.006171621712807992
62825,0,075,S,06075012406,1400000US06075012406,+37.7830940,-122.4192115,G5020,124.06,Census Tract 124.06,06,012406,True,san_francisco,Coastal / compact / bay-influenced,San Francisco,16.363990885969546,True,30.166666666666682,06,California,True,0.8297872340425532,0.5877659574468085,-0.24202127659574468,True,True,Both LST and HI hotspot,False,29.713333333333367,16.363990885969546,0.16888297872340421,174,san_francisco,2024,GOOGLE/SATELLITE_EMBEDDING/V1/ANNUAL,/Users/yufeizhou/Desktop/heat-exposure-compare/data/processed/san_francisco/san_francisco_master_lst_hi_hotcompare.gpkg,san_francisco_master_lst_hi_hotcompare,0.07912149285128939,-0.2054270274604921,0.1672080201194981,-0.06591191255280063,0.020886755093626405,-0.21431494520975303,-0.02262396905091636,-0.022381895605997352,-0.0705404594665353,-0.031553997596096235,0.13862473197881378,0.2280794671134155,-0.009034949803955365,-0.10999622933450175,-0.09986064532675214,-0.0770550004435844,0.21952500962361904,0.1323084168107191,-0.014444011484339707,-0.03530406887391935,0.12689923695733787,0.0930974492748755,-0.04028251239594027,0.10182277491884327,-0.003378611733706685,-0.006844687847487091,-0.05557967625500029,0.11746617596238733,0.1268644156172779,0.0013346337059604383,0.06483548563289639,-0.04454238501219159,0.013426261093456935,-0.18947154940975663,0.008057584580229846,-0.12079700823241941,-0.3055779302110958,0.0024642763504013746,-0.03754923673178689,-0.07353223371314478,-0.07234436996023187,-0.2225602069924276,0.005835049578325615,-0.17456864339297193,0.05307875112519548,0.1980092123956487,-0.09807269970192012,0.10042488805579945,0.16705365709689232,0.07646659982089907,-0.14044072520692555,0.22513611743384032,-0.19093826355924226,0.035151447236474724,0.07048637683701398,-0.2374214082435907,0.03636150539323189,-0.14106594156624805,0.09351827967902411,-0.13194246200720147,0.06648557912383432,-0.03458140615238239,-0.03655433312029246,0.0251023279864484
45978,0,075,S,06075012404,1400000US06075012404,+37.7831562,-122.4149685,G5020,124.04,Census Tract 124.04,06,012404,True,san_francisco,Coastal / compact / bay-influenced,San Francisco,16.363990885969546,True,30.166666666666682,06,California,True,0.8297872340425532,0.5877659574468085,-0.24202127659574468,True,True,Both LST and HI hotspot,False,29.713333333333367,16.363990885969546,0.16888297872340421,175,san_francisco,2024,GOOGLE/SATELLITE_EMBEDDING/V1/ANNUAL,/Users/yufeizhou/Desktop/heat-exposure-compare/data/processed/san_francisco/san_francisco_master_lst_hi_hotcompare.gpkg,san_francisco_master_lst_hi_hotcompare,0.07680101416988937,-0.20601380349486453,0.17481935567215418,-0.06171545359990732,0.02355521027125861,-0.21316456240998882,-0.025260213323031255,-0.0216546300289575,-0.07288541074839527,-0.027145688748833323,0.1316303412484412,0.22561559075254733,-0.0013491380963137714,-0.10398283821735695,-0.10547690338861379,-0.07260971865783544,0.20648402195570473,0.13329839625132497,-0.002056149666986396,-0.03876747541786289,0.13754261368775036,0.10442183638632445,-0.037356400618118714,0.09050732637890474,0.0017247384331455313,-0.006661343318113067,-0.04803602673871759,0.12106390436744913,0.11114898183648576,-0.00642565526708356,0.08196508727358671,-0.04307794752634076,0.016140164267363616,-0.19416312308539016,0.00849877704738421,-0.13294785164266784,-0.3351417169339805,0.010521064052591888,-0.03469746104097123,-0.08081327400856811,-0.06915209814164264,-0.21538956704937795,-0.0033971097485123265,-0.18512955595645483,0.053032145809672984,0.19948704631926484,-0.08843472545434533,0.09396837634510218,0.17513250755857954,0.07660659793285776,-0.13042208179508433,0.22475427835972722,-0.20509358430506414,0.024997555875117882,0.07281302215121717,-0.23796684499609896,0.03779211300714717,-0.13488991030231676,0.0967106279987791,-0.11894221009804165,0.07093901962890692,-0.02891680487276687,-0.03151629154107243,0.005947900545349529
111719,0,075,S,06075017604,1400000US06075017604,+37.7798582,-122.4117434,G5020,176.04,Census Tract 176.04,06,017604,True,san_francisco,Coastal / compact / bay-influenced,San Francisco,16.363990885969546,True,30.516666666666666,06,California,True,0.8723404255319149,0.5877659574468085,-0.28457446808510645,True,True,Both LST and HI hotspot,False,29.713333333333367,16.363990885969546,0.16888297872340421,176,san_francisco,2024,GOOGLE/SATELLITE_EMBEDDING/V1/ANNUAL,/Users/yufeizhou/Desktop/heat-exposure-compare/data/processed/san_francisco/san_francisco_master_lst_hi_hotcompare.gpkg,san_francisco_master_lst_hi_hotcompare,0.10942798217720544,-0.19957739693645987,0.059746108217236686,-0.025031508914351307,0.08696354650843605,-0.18072808285164163,0.05943529516903933,0.028099118701252118,-0.1799071824617723,0.06595382955784578,0.0742069610919251,0.12368685934466665,-0.026275167861359226,-0.11602733183011961,-0.18665673194622315,-0.17960845565423805,0.22610826137137321,0.082456446322373,-0.023043675487692938,0.07084875055045016,0.10445161730033564,0.007053780339434743,-0.12230454304779369,0.014950105096314037,0.1497024176466648,0.10121359504746713,0.010289673054192532,0.11047702311855652,0.06810229204873233,-0.06090300565444822,0.03931396964709954,-0.0076385521520541165,-0.054076680161018784,-0.11174696619258365,0.08497819058474532,-0.15392800676542848,-0.29080132104040196,-0.07011570242603476,0.026345765534475832,-0.0654060267108572,-0.009029296116872991,-0.1804444495736031,0.0613503022093739,-0.12473601121898731,0.05811742053233806,0.20044674862103723,-0.1230594470118891,0.07347099053983956,0.1159610239059341,0.0627684018012236,-0.1889079381329811,0.1811620212708548,-0.0981506006514375,0.06347358751727354,0.11614917661548317,-0.22888366809539826,0.09610266353785504,-0.06933943832733709,0.0731303298773096,-0.15737028319668134,0.11044165356436127,-0.01796675575363656,-0.06397284619940344,0.07427046007746875
392339,0,075,S,06075015401,1400000US06075015401,+37.7833424,-122.4507276,G5020,154.01,Census Tract 154.01,06,015401,True,san_francisco,Coastal / compact / bay-influenced,San Francisco,16.363990885969546,True,27.175889724310796,06,California,True,0.2925531914893617,0.5877659574468085,0.2952127659574468,False,True,HI-only hotspot,True,29.713333333333367,16.363990885969546,0.16888297872340421,177,san_francisco,2024,GOOGLE/SATELLITE_EMBEDDING/V1/ANNUAL,/Users/yufeizhou/Desktop/heat-exposure-compare/data/processed/san_francisco/san_francisco_master_lst_hi_hotcompare.gpkg,san_francisco_master_lst_hi_hotcompare,0.08217558973096939,-0.23430571732941163,0.1750668660683315,-0.011041451074259922,0.03289849125760541,-0.15908900196448741,-0.0742735466691643,-0.061261553336050066,-0.01311435236803246,-0.0662255113727409,0.10762288298204976,0.17965852040053795,-0.05475347963275614,-0.1477922351361756,-0.10114350048644039,-0.030220664743045477,0.15851500902215881,0.16410581452400538,0.012307384079102495,-0.04306136617465591,0.1187704647582266,0.1417529193350416,-0.040921357638912144,0.12743375034727092,-0.05701121288938673,0.1177529481804831,-0.03952090503032057,0.08279223113508741,0.12860570800421886,0.004526930120074865,0.036738811523852444,-0.08919524809608152,0.027548279830887236,-0.18090243325486313,0.03858131432398606,-0.13381418514346297,-0.24423061247897696,0.05956711165651133,-0.1023092385800869,0.022406082000795885,-0.10176955621203192,-0.2169930488729684,-0.017513216976066153,-0.1365469340964988,0.12764012966806856,0.16017142629200642,-0.07543409253484226,0.08288269840572618,0.20793664229668724,0.016907106887109686,-0.08593126862759218,0.21363886737314355,-0.19637364492532908,0.04012480340094048,0.03696301980662752,-0.2892558324864408,0.118204500993394,-0.11186302954529916,0.025676044029842134,-0.022923313198400887,0.10961041646974375,0.022696127899175786,-0.028924722727341277,-0.05454357704906199
122908,0,075,S,06075010901,1400000US06075010901,+37.7982726,-122.4188607,G5020,109.01,Census Tract 109.01,06,010901,True,san_francisco,Coastal / compact / bay-influenced,San Francisco,16.363990885969546,True,28.156666666666695,06,California,True,0.4787234042553192,0.5877659574468085,0.10904255319148931,False,True,HI-only hotspot,True,29.713333333333367,16.363990885969546,0.16888297872340421,178,san_francisco,2024,GOOGLE/SATELLITE_EMBEDDING/V1/ANNUAL,/Users/yufeizhou/Desktop/heat-exposure-compare/data/processed/san_francisco/san_francisco_master_lst_hi_hotcompare.gpkg,san_francisco_master_lst_hi_hotcompare,0.07473646164753389,-0.2061082857767736,0.22939572568390892,-0.034193627538562685,0.029354303111765154,-0.1699660601808661,-0.08751226765460803,-0.021493903664656037,-0.01083219291618904,-0.06367043363846814,0.12342219248182033,0.201930530689466,-0.038818251562653436,-0.12380955134918689,-0.07561372036223356,-0.03716582049864929,0.17362027084568943,0.19287509461927085,0.000739999798473822,-0.07323558632286654,0.14345665423285786,0.12865571078839352,-0.03351384017043818,0.09640993450674017,-0.032912194327104675,0.06460761956551943,-0.07845078796678408,0.08924082436223461,0.1243406241642074,0.016624140500615395,0.07679046107142282,-0.06732738685550459,0.028170518199333482,-0.17517474841811953,0.012256745174352823,-0.1253470606185297,-0.2855209739185052,0.07168467505929901,-0.08656868259390103,-0.022453877147124317,-0.07416702670212989,-0.22584946492147304,-0.017095807299690936,-0.19348601438309238,0.08132706236196684,0.1664019220410413,-0.0956782283273741,0.14641138045514804,0.22033403479231226,0.06515651958929115,-0.07485618399245815,0.2329156415628708,-0.17665592914584136,0.02724966495111218,0.0548454975306093,-0.2471922879004383,0.081046307824567,-0.1215782503841555,0.052610667108986736,-0.02036527808586392,0.10404176718733378,-0.00581417291044593,-0.004971164510748803,-0.04707616143910025
46065,0,075,S,06075012204,1400000US06075012204,+37.7859515,-122.4155341,G5020,122.04,Census Tract 122.04,06,012204,True,san_francisco,Coastal / compact / bay-influenced,San Francisco,16.363990885969546,True,29.713333333333367,06,California,True,0.7526595744680851,0.5877659574468085,-0.16489361702127658,True,True,Both LST and HI hotspot,False,29.713333333333367,16.363990885969546,0.16888297872340421,179,san_francisco,2024,GOOGLE/SATELLITE_EMBEDDING/V1/ANNUAL,/Users/yufeizhou/Desktop/heat-exposure-compare/data/processed/san_francisco/san_francisco_master_lst_hi_hotcompare.gpkg,san_francisco_master_lst_hi_hotcompare,0.07121982982495742,-0.205620349927939,0.19479672877704948,-0.048196255607721956,0.034207771863806906,-0.2057329696207645,-0.03730971009558584,-0.0012762077525448699,-0.062434030917427906,-0.03126738664316576,0.11560094204096706,0.2387768815133943,0.0001285975903086715,-0.09916645604376134,-0.1035786595581238,-0.06016449920071778,0.19101323662294012,0.153954490472587,0.00826137426964474,-0.043532254231221854,0.14221269044455942,0.11793463618386302,-0.02909240779714364,0.09568389425144339,0.01621961395907883,0.002716099591290835,-0.04808762408736754,0.1154107738613537,0.11692454958078638,-0.021248272982574798,0.07387331581095387,-0.043719552877145164,-0.004689427164068347,-0.18529956858333738,0.012639467772577646,-0.15134632857286828,-0.3269244447213147,0.00855244308881294,-0.03745497569300623,-0.0931643849917063,-0.0654416233114074,-0.21402244829511224,0.0007645055129480011,-0.193160957791583,0.0614123698948352,0.20263289923061517,-0.08912010206184164,0.105121933125174,0.18309184382881058,0.07113895765449071,-0.12072004427032583,0.2168150550101571,-0.19632227768410154,0.02238684064247758,0.07136080599845751,-0.242765145723931,0.04762848506008232,-0.13912801528448196,0.0911505612073774,-0.10128888903352216,0.07516407413244396,-0.01727961532380163,-0.009744113238312072,-0.0208880630301505
186159,0,075,S,06075015202,1400000US06075015202,+37.7877048,-122.4319111,G5020,152.02,Census Tract 152.02,06,015202,True,san_francisco,Coastal / compact / bay-influenced,San Francisco,16.363990885969546,True,28.35278787878789,06,California,True,0.5372340425531915,0.5877659574468085,0.05053191489361697,False,True,HI-only hotspot,True,29.713333333333367,16.363990885969546,0.16888297872340421,180,san_francisco,2024,GOOGLE/SATELLITE_EMBEDDING/V1/ANNUAL,/Users/yufeizhou/Desktop/heat-exposure-compare/data/processed/san_francisco/san_francisco_master_lst_hi_hotcompare.gpkg,san_francisco_master_lst_hi_hotcompare,0.05938516612030253,-0.24553132623118668,0.23017903739076576,-0.0469481612808032,0.002725654865075028,-0.18392742223992284,-0.08259595177042509,-0.054696113221141644,-0.038857861524571755,-0.05961747610836311,0.10597756491657513,0.2192998189349085,-0.0004165444842215575,-0.11470040005585769,-0.08209192201945391,-0.020348290510827868,0.1632558087576309,0.17179314154130848,0.02935443088767205,-0.046663604032041214,0.12215918321544907,0.15178082611447638,-0.015135116889620817,0.1230910286188468,-0.047215541488028666,0.06030687202229515,-0.04282438811558376,0.08454057689602354,0.11993057955757654,-0.013883798819844091,0.06038137512407158,-0.06755324475902393,-0.0029414428041468163,-0.17224048703475955,0.014451412233135286,-0.15412881489392802,-0.25797733225925423,0.05364700063491566,-0.05112916418984345,-0.007382583375588897,-0.1057600846918869,-0.18487288332902868,-0.01390619944228738,-0.17422048063323325,0.09256834347283226,0.17605566893727345,-0.07965160720410071,0.12446393215981696,0.243380580901512,0.049232157206524074,-0.0954811563747992,0.2192581466444321,-0.21006321616840332,0.01111055802020977,0.08571095829532237,-0.2629354041762174,0.07660715685273474,-0.1254246892573804,0.05248137186808826,-0.05653063671694828,0.0880483938831023,0.005861156031134714,-0.0020373091272994854,-0.0710188802669142
127739,0,075,S,06075010902,1400000US06075010902,+37.7978102,-122.4221947,G5020,109.02,Census Tract 109.02,06,010902,True,san_francisco,Coastal / compact / bay-influenced,San Francisco,16.363990885969546,True,28.156666666666695,06,California,True,0.4787234042553192,0.5877659574468085,0.10904255319148931,False,True,HI-only hotspot,True,29.713333333333367,16.363990885969546,0.16888297872340421,181,san_francisco,2024,GOOGLE/SATELLITE_EMBEDDING/V1/ANNUAL,/Users/yufeizhou/Desktop/heat-exposure-compare/data/processed/san_francisco/san_francisco_master_lst_hi_hotcompare.gpkg,san_francisco_master_lst_hi_hotcompare,0.05313214594189391,-0.21870145985679887,0.22639874720733827,-0.0556756922180046,0.005649853443393388,-0.18636925140947477,-0.07170576641421683,-0.035342048248747406,-0.045232197696917456,-0.04257599205975569,0.12346088268243634,0.19369257531999665,-0.005729710899409956,-0.12162639156209312,-0.07058638551894277,-0.037892912277467515,0.1892229997157438,0.1822190269630011,0.003398478079800544,-0.0773602358404135,0.13436401001851395,0.12654642165183605,-0.039109479858367276,0.10286788236977573,-0.04104341157266442,0.043959551482262264,-0.0689089295912249,0.09852770535902687,0.10744744551209875,0.020002910187046953,0.07036383590975655,-0.06805439171492925,0.04170915348769588,-0.18847406969155606,-0.0033751018263064913,-0.13458852911568175,-0.2794966587132243,0.07392011304971345,-0.08138897465777054,-0.005389957312187926,-0.07340411583971804,-0.20354470407010233,-0.03319999354765116,-0.19738454972006791,0.07326103914547291,0.16902120863876813,-0.07453350195444673,0.13599835607572658,0.23777910327864898,0.05830390815168627,-0.09127564014293489,0.2528139139535943,-0.19060509889528846,0.008807541019601172,0.06605174261466075,-0.24003686327561163,0.0740861050249269,-0.13285989018970384,0.07371259615090167,-0.038358135017536016,0.08037418848817465,-0.021386775037374354,-7.377109898762487e-05,-0.049757013572805445
93037,0,075,S,06075015201,1400000US06075015201,+37.7883324,-122.4269759,G5020,152.01,Census Tract 152.01,06,015201,True,san_francisco,Coastal / compact / bay-influenced,San Francisco,16.363990885969546,True,29.088333333333367,06,California,True,0.6808510638297872,0.5877659574468085,-0.09308510638297873,False,True,HI-only hotspot,True,29.713333333333367,16.363990885969546,0.16888297872340421,182,san_francisco,2024,GOOGLE/SATELLITE_EMBEDDING/V1/ANNUAL,/Users/yufeizhou/Desktop/heat-exposure-compare/data/processed/san_francisco/san_francisco_master_lst_hi_hotcompare.gpkg,san_francisco_master_lst_hi_hotcompare,0.0605601827611429,-0.24986735200765298,0.21032586749452942,-0.04299331246674098,0.0016110355996579652,-0.1969032717773048,-0.07936847812213292,-0.054189028527022925,-0.038771318840187925,-0.04652022794955348,0.11619781424853617,0.21883034145222294,-0.00576557601080671,-0.10546312141442724,-0.09719107358156585,-0.039983147181719664,0.17085747017062314,0.16468342870548028,0.01486753374049469,-0.03644475854099092,0.12378502030973218,0.14040442324129093,-0.013043006808265645,0.1112980032619436,-0.05468833155370187,0.04649388799157988,-0.04709541602258412,0.09582520555835906,0.10614809371865944,0.002837557038818798,0.07465845923716004,-0.0716854345593338,0.0019837375858388446,-0.18357632430992185,0.002874323643612418,-0.1510741814429073,-0.2754243001492838,0.04991288925519849,-0.0460131604857093,-0.0025849073683720993,-0.09704133492750827,-0.18718769149912642,-0.021902777523310848,-0.1795719194700403,0.0801320746106555,0.17507796819676325,-0.07841841790784866,0.11780111282695982,0.23287453816304168,0.05254907791784567,-0.11358557237860514,0.22205472950230226,-0.2091718568962466,0.020531558483249633,0.09513823700607868,-0.26378082730906455,0.06028843298446252,-0.11902987664375785,0.05656571312728887,-0.06585499511561649,0.09370008401652957,-0.010027009704615552,-0.00870539385833839,-0.05380405832092799
208251,0,075,S,06075020701,1400000US06075020701,+37.7575672,-122.4233994,G5020,207.01,Census Tract 207.01,06,020701,True,san_francisco,Coastal / compact / bay-influenced,San Francisco,16.363990885969546,True,29.60131147540989,06,California,True,0.723404255319149,0.5877659574468085,-0.1356382978723405,False,True,HI-only hotspot,True,29.713333333333367,16.363990885969546,0.16888297872340421,183,san_francisco,2024,GOOGLE/SATELLITE_EMBEDDING/V1/ANNUAL,/Users/yufeizhou/Desktop/heat-exposure-compare/data/processed/san_francisco/san_francisco_master_lst_hi_hotcompare.gpkg,san_francisco_master_lst_hi_hotcompare,0.1292228057835613,-0.25306716539489127,0.1411165773566571,-0.007751186622987182,0.06628907379900598,-0.12176067261451912,-0.11078025005606727,-0.08252230149784988,-0.0023554797547958705,-0.05908533703100343,0.140875109839951,0.17456854060129992,-0.11329657396165763,-0.20213047373801035,-0.07324075954886675,-0.058498542492148344,0.18624715551783716,0.14223845456731268,-0.014784419764172396,0.029017051252442395,0.09512152761410916,0.09776970691045571,-0.06212776393931238,0.07847456218803038,-0.04235840719914922,0.19994816417218572,-0.04320429540975612,0.09272396895261166,0.10983521243749406,0.03807561039890058,0.02844654995328977,-0.10838080256447313,0.015410121295462018,-0.18177335573420608,0.08919588156566073,-0.11316695256188619,-0.2593324756325288,0.01226425328070988,-0.0921289383720914,0.056261130436435096,-0.10621739538036146,-0.21565371127732885,0.009430029339995604,-0.10143959059603101,0.12796225902047512,0.11471052841849964,-0.06608810275205128,0.06715458516040736,0.1803799905129095,0.027771388192568153,-0.056633835071600774,0.1708770356719817,-0.17288340973866786,0.06676259211193393,0.06754798143646876,-0.3017946956146819,0.14788537053538045,-0.0761248787588815,-0.007576617229495591,-0.01811886969869211,0.1485358383432758,0.006081384012504145,-0.09254550184693917,-0.022431834017697317
118009,0,075,S,06075011001,1400000US06075011001,+37.7934678,-122.4196321,G5020,110.01,Census Tract 110.01,06,011001,True,san_francisco,Coastal / compact / bay-influenced,San Francisco,16.363990885969546,True,28.156666666666695,06,California,True,0.4787234042553192,0.5877659574468085,0.10904255319148931,False,True,HI-only hotspot,True,29.713333333333367,16.363990885969546,0.16888297872340421,184,san_francisco,2024,GOOGLE/SATELLITE_EMBEDDING/V1/ANNUAL,/Users/yufeizhou/Desktop/heat-exposure-compare/data/processed/san_francisco/san_francisco_master_lst_hi_hotcompare.gpkg,san_francisco_master_lst_hi_hotcompare,0.06055016367541507,-0.20294861762769295,0.20507783770503032,-0.06000651786247671,0.012226524976002769,-0.19283318716954734,-0.06449402105536743,-0.024777733038493614,-0.03859885981561248,-0.04293713275706148,0.13513002556591064,0.21603337490114796,-0.010124229116830169,-0.11446557658866482,-0.07655300344048915,-0.04813336589079005,0.2026193489157898,0.17515983084074657,-0.0020522420561005627,-0.0719948629059497,0.1420874279002445,0.12118900250731603,-0.04649864962565694,0.09179869306046506,-0.029013020543033376,0.021073004168737565,-0.07100411651819309,0.10295110794649726,0.11607076468428926,0.022227879332323782,0.08035156101290125,-0.05921828208044078,0.03194618043552922,-0.19612438988792158,0.0032906506045579714,-0.12595926507328328,-0.3129087340175763,0.058658358990879296,-0.0683944817732175,-0.025196402413147082,-0.06705568448090599,-0.21594050332481,-0.019412527753628835,-0.211853862989198,0.06226556856019074,0.1640470158867203,-0.09181658974191322,0.13755102964972593,0.21473152245888857,0.07327212910543643,-0.09194297654631252,0.24033209734760017,-0.18147340652793129,0.022180022371255038,0.06250446383738166,-0.22725899962758822,0.06605836805164274,-0.13279208162655254,0.06602450958718084,-0.05397111398740936,0.08456807245401039,-0.01666485455428068,-0.013909566765054773,-0.018082406858163324
125690,0,075,S,06075011102,1400000US06075011102,+37.7898365,-122.4189044,G5020,111.02,Census Tract 111.02,06,011102,True,san_francisco,Coastal / compact / bay-influenced,San Francisco,16.363990885969546,True,29.713333333333367,06,California,True,0.7526595744680851,0.5877659574468085,-0.16489361702127658,True,True,Both LST and HI hotspot,False,29.713333333333367,16.363990885969546,0.16888297872340421,185,san_francisco,2024,GOOGLE/SATELLITE_EMBEDDING/V1/ANNUAL,/Users/yufeizhou/Desktop/heat-exposure-compare/data/processed/san_francisco/san_francisco_master_lst_hi_hotcompare.gpkg,san_francisco_master_lst_hi_hotcompare,0.0654386051827266,-0.21109303098439167,0.19849165786060566,-0.0568118933503459,0.01528031537163533,-0.20445288748034282,-0.04471848693903421,-0.016216097500361504,-0.07118380899082749,-0.030316029387743623,0.11798073137597857,0.22005572503639384,0.0032362949809934304,-0.11180668512810377,-0.0959332665495462,-0.05393938548663879,0.2026002498641311,0.14853109688133828,0.004174044688107368,-0.05122217442216681,0.13667645617553106,0.10885404777462988,-0.051476962118634124,0.0878488258627782,-0.013479410695962361,0.007643602121607662,-0.056572214802348225,0.11289889905183349,0.11357935407716428,0.00030728280294313963,0.08058028358493902,-0.05771293991411896,0.021364505390158543,-0.1941688845082139,0.013100770201768098,-0.12097066867310374,-0.3207021151967394,0.024975358817857545,-0.060556156558151185,-0.05181517571419182,-0.0675552337286031,-0.20398752392056518,-0.01304022624137927,-0.19683894259372314,0.05599811683077043,0.19202833064527122,-0.08950331335854352,0.11710450631405589,0.18401844320421684,0.07202218652475006,-0.11295466982121337,0.23859870181773402,-0.19942466330055214,0.015941542251179063,0.06410752712157183,-0.23735715076901265,0.059855263128703824,-0.13375974798762982,0.08551873452105986,-0.08245063198101404,0.06706491949400802,-0.02984989684751107,-0.025204736843886612,-0.01981187055199872
62307,0,075,S,06075012002,1400000US06075012002,+37.7874957,-122.4184249,G5020,120.02,Census Tract 120.02,06,012002,True,san_francisco,Coastal / compact / bay-influenced,San Francisco,16.363990885969546,True,29.713333333333367,06,California,True,0.7526595744680851,0.5877659574468085,-0.16489361702127658,True,True,Both LST and HI hotspot,False,29.713333333333367,16.363990885969546,0.16888297872340421,186,san_francisco,2024,GOOGLE/SATELLITE_EMBEDDING/V1/ANNUAL,/Users/yufeizhou/Desktop/heat-exposure-compare/data/processed/san_francisco/san_francisco_master_lst_hi_hotcompare.gpkg,san_francisco_master_lst_hi_hotcompare,0.0702127366470256,-0.20499589175880767,0.1983133953933892,-0.059603501577316705,0.02224619803632671,-0.21021131177669028,-0.03416263708474076,-0.01140240843416457,-0.08189794684067295,-0.019343127671809686,0.11080639631316908,0.2353458741744015,0.01088268643507841,-0.09991959043736963,-0.11044981217148711,-0.048102790876977976,0.20273542573264022,0.14199506911760182,0.01589619519615291,-0.04967651377946227,0.14103442091873086,0.11123700725984757,-0.04129176631120549,0.08562843481461385,0.0011139486497377196,-0.015065172044939233,-0.05338336484678385,0.12925691850996812,0.10388134301291131,-0.017918604416709654,0.08495847437125473,-0.049431637577804624,0.008583414012429385,-0.19335001010984232,0.009445235352697017,-0.13024277617063085,-0.3310179979791152,0.008077325611451944,-0.05211072622349696,-0.060031082903421816,-0.0602437738166506,-0.18904724648562454,-0.005496989275409366,-0.19558586184372964,0.051490017279336144,0.20563760089866187,-0.0835405636694089,0.09654532791465546,0.18418547631374166,0.06963769565832487,-0.11607897979620041,0.23892420101324,-0.20448558431481928,0.005737647045112941,0.06982703014009405,-0.23919331051314321,0.05669379971677861,-0.13345885131417318,0.09903780036561391,-0.0964010035854933,0.0594779580848473,-0.02678714923235229,-0.03085344724337001,-0.032403048671038985
142234,0,075,S,06075010401,1400000US06075010401,+37.8027796,-122.4106880,G5020,104.01,Census Tract 104.01,06,010401,True,san_francisco,Coastal / compact / bay-influenced,San Francisco,16.363990885969546,True,26.31486394557828,06,California,True,0.18617021276595744,0.5877659574468085,0.401595744680851,False,True,HI-only hotspot,True,29.713333333333367,16.363990885969546,0.16888297872340421,187,san_francisco,2024,GOOGLE/SATELLITE_EMBEDDING/V1/ANNUAL,/Users/yufeizhou/Desktop/heat-exposure-compare/data/processed/san_francisco/san_francisco_master_lst_hi_hotcompare.gpkg,san_francisco_master_lst_hi_hotcompare,0.059636296235238626,-0.22268605211418901,0.21176991417982977,-0.05413929094273429,0.0036913581592346503,-0.17038282451581194,-0.0889332780980319,-0.04783732685757528,-0.0200260191428013,-0.03835339192179613,0.12215396912013256,0.16066333179617212,-0.028419172066013777,-0.14216340870773791,-0.058182144824026186,-0.043997385040223116,0.17233765727324646,0.17576816945503382,-0.018443148417833226,-0.08049398224952194,0.12979374474320896,0.1386521902596181,-0.05626182282423882,0.11835276868155475,-0.05304852538756311,0.05632313090529064,-0.07855042320962786,0.08724641389163754,0.13561289767181336,0.027507779012952097,0.07053909163698159,-0.07356955249042632,0.05506654357337409,-0.19670830287460703,-0.0016220944526206247,-0.11814061144136022,-0.24701152738220727,0.10055713101670694,-0.08117905533598013,-0.002044113059392485,-0.08715621960211183,-0.2144624820847706,-0.030140257754529273,-0.18706223475954517,0.09822351403413519,0.17763382025348667,-0.07596938466780494,0.13017018907453862,0.2464529814308597,0.06673160888859699,-0.0833321710799285,0.25925755696689073,-0.17588722667184042,0.016269611320263888,0.061220837987983556,-0.24048211967832964,0.08432524794187424,-0.12944898370864388,0.05531508905234028,-0.022322232211058696,0.1043611466065704,-0.03216322065188567,0.0075069640373588145,-0.05008552393481003
97964,0,075,S,06075010701,1400000US06075010701,+37.7974989,-122.4092568,G5020,107.01,Census Tract 107.01,06,010701,True,san_francisco,Coastal / compact / bay-influenced,San Francisco,16.363990885969546,True,29.006666666666717,06,California,True,0.6409574468085106,0.5877659574468085,-0.05319148936170215,False,True,HI-only hotspot,True,29.713333333333367,16.363990885969546,0.16888297872340421,188,san_francisco,2024,GOOGLE/SATELLITE_EMBEDDING/V1/ANNUAL,/Users/yufeizhou/Desktop/heat-exposure-compare/data/processed/san_francisco/san_francisco_master_lst_hi_hotcompare.gpkg,san_francisco_master_lst_hi_hotcompare,0.06493738831701777,-0.18983788851189135,0.17369897625874425,-0.06278774512347786,0.00762508849160458,-0.19785234324501197,-0.0357173934214433,-0.04028212993627381,-0.06969687468854882,-0.013091317041181008,0.1480753511833868,0.2188726098602982,0.004982734709866084,-0.11884052983452087,-0.09592178574754559,-0.054574297798549574,0.21707173258719334,0.12120565940316672,-0.0057239633418302875,-0.03968153248882113,0.13541394824860353,0.09285003698149923,-0.04647514165195546,0.08933837964884263,-0.002170873188782452,-0.007685762828722698,-0.05601684794035557,0.12789127932031732,0.10253420556432898,-0.005285905896206217,0.09400448174595079,-0.05316737998719198,0.039901031374604025,-0.21537897162064407,0.00465383647775098,-0.1311067180501371,-0.3376639353913695,0.01956542443174144,-0.05127651624139969,-0.03949035451072426,-0.06625940499278032,-0.1936432879319339,-0.01443223135414221,-0.19557738083151793,0.055115087601864794,0.18717785446534094,-0.06209895928527808,0.07137289144201939,0.2073508265966508,0.0770750934267371,-0.12732447843062206,0.2494259162227412,-0.18943959733378063,0.023865810844747547,0.06573455332561566,-0.2520952080113279,0.05864503699404227,-0.14154858923144253,0.09459110583333752,-0.11146457603844627,0.057665153055180156,-0.03511389048339964,-0.039376325419103984,-0.027227911084886917
85204,0,075,S,06075010702,1400000US06075010702,+37.7996811,-122.4109547,G5020,107.02,Census Tract 107.02,06,010702,True,san_francisco,Coastal / compact / bay-influenced,San Francisco,16.363990885969546,True,28.79213333333339,06,California,True,0.6223404255319149,0.5877659574468085,-0.03457446808510645,False,True,HI-only hotspot,True,29.713333333333367,16.363990885969546,0.16888297872340421,189,san_francisco,2024,GOOGLE/SATELLITE_EMBEDDING/V1/ANNUAL,/Users/yufeizhou/Desktop/heat-exposure-compare/data/processed/san_francisco/san_francisco_master_lst_hi_hotcompare.gpkg,san_francisco_master_lst_hi_hotcompare,0.06869563685539384,-0.2141627098199314,0.163611903893336,-0.047258645556507176,0.005231117061616419,-0.17716031085110484,-0.07120236068095459,-0.06384863872194801,-0.04049065002825999,-0.011875016346870848,0.15034978261827506,0.18904563528656873,-0.01958879586875414,-0.14305920792153354,-0.07614447799414975,-0.05397703064407201,0.20081282861573252,0.1319375710939676,-0.03155677242869771,-0.03701232195048322,0.12791957595593703,0.0996128934215912,-0.043411907518233324,0.10627156727642172,-0.042429360555144485,0.031239489881743805,-0.06254673110875045,0.10877735290642734,0.11367674144333774,0.029411970941369624,0.07755699461909374,-0.07251723035926749,0.08088182876629357,-0.2360263334850544,-2.8702752733610825e-05,-0.11493826800293792,-0.2906336389887888,0.053628386006745125,-0.07178439129136607,-0.009907810140414627,-0.0930408648302265,-0.2121934699629191,-0.02928517939657447,-0.19254250054485827,0.0768885099584054,0.18073736703419996,-0.04781160751791838,0.08148815529088747,0.22736380348454194,0.07718183076749813,-0.10420686445800302,0.25457502074270644,-0.19571757142909244,0.02747199340372573,0.07263491917337765,-0.24929206390906414,0.068441782805992,-0.13699999121279377,0.07653979741359064,-0.07861559149051135,0.0823987882243869,-0.04783933946163236,-0.011753737371102498,-0.04003018901085912
121170,0,075,S,06075011002,1400000US06075011002,+37.7952617,-122.4199592,G5020,110.02,Census Tract 110.02,06,011002,True,san_francisco,Coastal / compact / bay-influenced,San Francisco,16.363990885969546,True,28.156666666666695,06,California,True,0.4787234042553192,0.5877659574468085,0.10904255319148931,False,True,HI-only hotspot,True,29.713333333333367,16.363990885969546,0.16888297872340421,190,san_francisco,2024,GOOGLE/SATELLITE_EMBEDDING/V1/ANNUAL,/Users/yufeizhou/Desktop/heat-exposure-compare/data/processed/san_francisco/san_francisco_master_lst_hi_hotcompare.gpkg,san_francisco_master_lst_hi_hotcompare,0.05889332322799422,-0.20506556779940752,0.19874622044276855,-0.05285089536524973,0.012648104047701562,-0.19079070429134384,-0.06944335382525602,-0.023347893274243844,-0.03621222901992947,-0.046128625615702336,0.14153489455589946,0.21301406280265323,-0.012257978337042777,-0.11747081589365613,-0.07647058682160822,-0.047513612319949806,0.20563402696682212,0.16670192272946738,-0.008726781087396452,-0.06825430112083339,0.1408711126089903,0.10574842884747118,-0.0404199031133701,0.0902699054926816,-0.027522364447634957,0.032871940274798346,-0.06941835106719459,0.10187649817788107,0.11234871574868482,0.024338529703965644,0.07659688439553593,-0.05954029519624985,0.040569827143868246,-0.19631978630602417,0.005983902063378617,-0.12521164597671047,-0.3130849029033196,0.06245973334449188,-0.06905409564634049,-0.021401738250562324,-0.062116951494082154,-0.21962434603197567,-0.02159730406382069,-0.20561468492014373,0.06296444455785331,0.16132347645745765,-0.08963087451071632,0.14082798200312255,0.21394879236416156,0.07370014139919175,-0.09591490721513962,0.24130124295245128,-0.18461900885825602,0.03282894365491288,0.06832020494546008,-0.23157754977070552,0.06914030533708777,-0.13149695194065023,0.07013032115882176,-0.05368800333736606,0.08774622188001578,-0.020513562299040163,-0.007337132519196488,-0.016707846307837598
45984,0,075,S,06075012203,1400000US06075012203,+37.7857412,-122.4171743,G5020,122.03,Census Tract 122.03,06,012203,True,san_francisco,Coastal / compact / bay-influenced,San Francisco,16.363990885969546,True,29.713333333333367,06,California,True,0.7526595744680851,0.5877659574468085,-0.16489361702127658,True,True,Both LST and HI hotspot,False,29.713333333333367,16.363990885969546,0.16888297872340421,191,san_francisco,2024,GOOGLE/SATELLITE_EMBEDDING/V1/ANNUAL,/Users/yufeizhou/Desktop/heat-exposure-compare/data/processed/san_francisco/san_francisco_master_lst_hi_hotcompare.gpkg,san_francisco_master_lst_hi_hotcompare,0.061287732904553,-0.20580702109294371,0.1888236605716786,-0.06150374865204332,0.025873196431828227,-0.20867965971606825,-0.03079910679917131,-0.009808536358673231,-0.06837695955570815,-0.025330968459787242,0.13165927701255156,0.2275026948135687,0.005758648985295897,-0.10237262530660202,-0.09804540072105618,-0.053015223060333815,0.20449369184851857,0.14882191794829794,-0.0018105870383725673,-0.05680054135070915,0.1445047328275001,0.10756211654241693,-0.030285100694033062,0.0936610199102066,0.0035517357565682498,-0.00891413017325759,-0.0525077548202388,0.12352425111757671,0.10924372771567074,-0.0007934923837605971,0.06699522036349548,-0.045563024011706164,0.013019123651137415,-0.19448095319087363,0.002575449766662266,-0.1502515323464037,-0.329411539490672,0.01695922150802552,-0.03847207471259952,-0.08140808171271424,-0.0535845683511562,-0.21582030664266827,-0.0057698973257988935,-0.19773309972740827,0.05069248918429454,0.19306068646594532,-0.07896362771007855,0.0992182772326617,0.1917275668490109,0.06700239123231584,-0.1162144621868951,0.23238920990724296,-0.20617279419058163,0.019695607413582682,0.06798328833803065,-0.23862678441685659,0.04386426377666919,-0.14232963455905864,0.10940628093288732,-0.10506169656029808,0.06458712619718701,-0.030402203080844112,-0.005302467299115164,-0.019980288545964033
441372,0,075,S,06075031402,1400000US06075031402,+37.7160857,-122.4571712,G5020,314.02,Census Tract 314.02,06,031402,True,san_francisco,Coastal / compact / bay-influenced,San Francisco,15.636442977794673,True,27.27000000000004,06,California,True,0.30851063829787234,0.09840425531914894,-0.21010638297872342,False,False,Neither hotspot,False,29.713333333333367,16.363990885969546,0.16888297872340421,192,san_francisco,2024,GOOGLE/SATELLITE_EMBEDDING/V1/ANNUAL,/Users/yufeizhou/Desktop/heat-exposure-compare/data/processed/san_francisco/san_francisco_master_lst_hi_hotcompare.gpkg,san_francisco_master_lst_hi_hotcompare,0.14502871199286596,-0.23965790443291252,0.1135980380917979,0.041503811085417584,0.09000228507791355,-0.09734102263177846,-0.04743547920387296,-0.037428325502273124,-0.00489276418784873,-0.02150872334797262,0.08435418951527031,0.07511687098546788,-0.1858344309214771,-0.23709850807965333,-0.06150504860650487,-0.11857339039839301,0.11040942360136767,0.17178906604190344,-0.06354628425605845,0.03583578567717065,0.10232354192266,0.11896469189719334,-0.15838602794773596,0.03190265361788723,-0.02258981604541518,0.24368045487388695,-0.043007744847486075,0.11425316002923447,0.10922383426998637,0.04343167848653188,0.03498779299196302,-0.10058797940478074,-0.02515153055244522,-0.10764145747207653,0.10356943593133561,-0.026378888828217265,-0.1602715275584973,-0.03766359179831935,-0.13006232129548503,0.113504098103667,-0.03160073574941015,-0.20106255909063508,-0.03384831268407428,-0.0907944699130284,0.14320536816339632,0.10446990948708727,-0.046807423834571066,0.019961400623326415,0.056728557449883844,0.011321850068701013,-0.07255263728475686,0.19781938002891955,-0.09234602876485153,0.04267417715852567,-0.009452324906990377,-0.339345143667702,0.18854933550858455,-0.014156786490125027,-0.06761000622005627,0.03657697013641901,0.15922903245159428,-0.03950838128063897,-0.11698688854818069,0.012822079723314707
177880,0,075,S,06075013401,1400000US06075013401,+37.7901590,-122.4383313,G5020,134.01,Census Tract 134.01,06,013401,True,san_francisco,Coastal / compact / bay-influenced,San Francisco,16.363990885969546,True,27.693333333333328,06,California,True,0.3723404255319149,0.5877659574468085,0.2154255319148936,False,True,HI-only hotspot,True,29.713333333333367,16.363990885969546,0.16888297872340421,193,san_francisco,2024,GOOGLE/SATELLITE_EMBEDDING/V1/ANNUAL,/Users/yufeizhou/Desktop/heat-exposure-compare/data/processed/san_francisco/san_francisco_master_lst_hi_hotcompare.gpkg,san_francisco_master_lst_hi_hotcompare,0.07552122449776648,-0.26214406763680287,0.2590716297539733,-0.004610072419382731,0.030195379929682305,-0.11420917723669465,-0.06806794644527148,-0.02057605288454563,0.012580944678213387,-0.102289983025452,0.08746975120561724,0.17815874402095666,-0.0657739695759359,-0.15611457190322636,-0.016135772485505726,0.006274028718790725,0.07395614724318542,0.18153754817181864,-0.005792247426940642,-0.02141401180199014,0.09281814602394235,0.11729465877554135,-0.013283898973810547,0.13418384674294256,-0.02693026777295624,0.12481590230110096,-0.05818601636358628,0.03841248238717711,0.16440635405304618,-0.029409250765891216,0.015811482158250456,-0.0717408223355953,-0.02094774004846102,-0.11227100819086032,0.008930062703196575,-0.07095406838175092,-0.16859849104120248,-0.006387783523640639,-0.12039741144178895,0.004586034106275427,-0.08783965163476515,-0.17362942263961165,-0.04057823359069144,-0.14260254516384405,0.14371948359382003,0.15831830785950482,-0.046290245626669,0.08910274835001895,0.16409886992550235,0.04746626946433547,-0.09293669776972112,0.20788800253621467,-0.19680548106731177,0.04450435650319806,0.013784475328657217,-0.28768494946053913,0.10395720858509187,-0.08960826877481,0.022018450648683876,0.029078962496926784,0.0870214387152725,-0.01827959172840374,-0.0014630850667821473,-0.09193951711544154
176296,0,075,S,06075013402,1400000US06075013402,+37.7895361,-122.4432888,G5020,134.02,Census Tract 134.02,06,013402,True,san_francisco,Coastal / compact / bay-influenced,San Francisco,16.363990885969546,True,27.693333333333328,06,California,True,0.3723404255319149,0.5877659574468085,0.2154255319148936,False,True,HI-only hotspot,True,29.713333333333367,16.363990885969546,0.16888297872340421,194,san_francisco,2024,GOOGLE/SATELLITE_EMBEDDING/V1/ANNUAL,/Users/yufeizhou/Desktop/heat-exposure-compare/data/processed/san_francisco/san_francisco_master_lst_hi_hotcompare.gpkg,san_francisco_master_lst_hi_hotcompare,0.08808378260409234,-0.2270910519545002,0.2328128832667909,-0.03384441740794461,0.021760397906368405,-0.15056462646478527,-0.08922094364613017,-0.062237289095467,-0.012897323930846848,-0.08518064036075036,0.10479248019330305,0.22937953676662992,-0.03115810147839605,-0.13506290802110002,-0.07941160693662241,-0.0013807950528990623,0.14017060671557363,0.18001708462743723,0.0366746689980377,-0.046881095219695995,0.12029596946383406,0.16086477079838793,0.0005404865398984695,0.14773940233005572,-0.04490257539008415,0.09456047458191862,-0.044543526157916374,0.06272101362810945,0.14713271329575517,-0.014331573835294079,0.03375588146389081,-0.08195731336301233,0.004610519138323215,-0.17499773995754225,0.03427750883824165,-0.14761614902448275,-0.2394692441007121,0.036445717346349604,-0.08154109725828723,-0.018554202001108723,-0.13183403436873647,-0.19110274019711748,-0.015308931412012915,-0.1541730386645128,0.11845489406240278,0.17721202807494416,-0.06764137747696575,0.0975414481307521,0.22979993831485737,0.03326862596600203,-0.07420899691118883,0.19957593806458596,-0.21019178707510824,0.012270092678950914,0.05375317174091678,-0.29027107832487675,0.1042405524838868,-0.12421298673052457,0.03954287795169978,-0.023045662238378888,0.09389833120130281,0.029246688774215095,-0.00532803470458937,-0.09546047092875164
199611,0,075,S,06075012802,1400000US06075012802,+37.7983583,-122.4385354,G5020,128.02,Census Tract 128.02,06,012802,True,san_francisco,Coastal / compact / bay-influenced,San Francisco,16.363990885969546,True,26.216915422885613,06,California,True,0.18085106382978725,0.5877659574468085,0.40691489361702127,False,True,HI-only hotspot,True,29.713333333333367,16.363990885969546,0.16888297872340421,195,san_francisco,2024,GOOGLE/SATELLITE_EMBEDDING/V1/ANNUAL,/Users/yufeizhou/Desktop/heat-exposure-compare/data/processed/san_francisco/san_francisco_master_lst_hi_hotcompare.gpkg,san_francisco_master_lst_hi_hotcompare,0.072927860174966,-0.22484777365612119,0.20026270057909037,-0.05411916503324287,0.017293060050195125,-0.15002426759854162,-0.08743686070347874,-0.07439906806310186,-0.016772282296235654,-0.06497940755434478,0.13460580758623455,0.20287847266807785,-0.02774582508365269,-0.14375261912336482,-0.06317888895853122,-0.025097787606391024,0.17798511518285112,0.153911617862385,0.0024573356512160318,-0.04302610840263162,0.12279134734821295,0.12597512327385113,-0.013706845210777363,0.13379376952446767,-0.039108809481950974,0.08553739577504074,-0.04335465389007222,0.06386114686952737,0.12729641864457297,0.005686000906147472,0.05053760958990679,-0.06850156442149322,0.054882847964469114,-0.19630867604488483,0.02473353943688503,-0.14000515266328106,-0.2570102743229177,0.05985688332904363,-0.07076539784188117,-0.012985614078248511,-0.12220738896519465,-0.211651144234117,-0.017370951289856978,-0.16959105029645793,0.11444011010130513,0.16406305716745645,-0.0603762021495297,0.10751838110212761,0.24264442174967318,0.06130248284452244,-0.08139808640369206,0.21379532270416743,-0.20737894682711633,0.03222423580569525,0.07943436194858952,-0.26636438741627927,0.0947235301552594,-0.1336419612134866,0.053428774106819024,-0.055895350655240615,0.09918556873005913,0.007478681000027836,-0.004254563018202986,-0.0549558766328281
184367,0,075,S,06075013002,1400000US06075013002,+37.7968323,-122.4337546,G5020,130.02,Census Tract 130.02,06,013002,True,san_francisco,Coastal / compact / bay-influenced,San Francisco,16.363990885969546,True,26.642183908046015,06,California,True,0.21808510638297873,0.5877659574468085,0.36968085106382975,False,True,HI-only hotspot,True,29.713333333333367,16.363990885969546,0.16888297872340421,196,san_francisco,2024,GOOGLE/SATELLITE_EMBEDDING/V1/ANNUAL,/Users/yufeizhou/Desktop/heat-exposure-compare/data/processed/san_francisco/san_francisco_master_lst_hi_hotcompare.gpkg,san_francisco_master_lst_hi_hotcompare,0.06917092718287342,-0.22154774824667428,0.20232915527823092,-0.04953902769002765,0.022560317137877622,-0.15678607260668087,-0.08483773299571844,-0.055930372076178805,-0.00334000882981315,-0.08353726483455957,0.1435557724788681,0.20501586735602853,-0.027434774422491252,-0.12748494529347165,-0.06645464049046251,-0.028903366718661123,0.18846790715647008,0.1631590636743784,-0.006833657255045034,-0.04600393952100832,0.13000042948008037,0.10930272228898823,-0.0036939705079368198,0.1250026923668044,-0.026697907174691112,0.09546142442279201,-0.04082017461542103,0.060294161596378834,0.1156790558792199,0.010233092584483185,0.0536203575395604,-0.058235714823347995,0.04387427926277165,-0.17072176752096133,0.024490671386581085,-0.15806111240894566,-0.27658094680914896,0.07912245704475364,-0.06608517758020686,-0.026784841767661924,-0.10653032911578342,-0.22871047870336914,-0.006303543503831427,-0.17272093076514278,0.10365237179303466,0.1635842723868072,-0.0769794124509146,0.13881759493745827,0.24541248222304282,0.06206186712947512,-0.09102269086081137,0.19789765304387988,-0.20472665203234244,0.05229527239156003,0.10606599358606325,-0.2518894872654575,0.08799525836648915,-0.13014500792840097,0.05770546625637069,-0.05240999957423612,0.11014799400466284,0.020500348577718965,0.016881178521418884,-0.03864705588669279
197727,0,075,S,06075020202,1400000US06075020202,+37.7687818,-122.4242369,G5020,202.02,Census Tract 202.02,06,020202,True,san_francisco,Coastal / compact / bay-influenced,San Francisco,16.363990885969546,True,28.586179487179514,06,California,True,0.6063829787234043,0.5877659574468085,-0.018617021276595813,False,True,HI-only hotspot,True,29.713333333333367,16.363990885969546,0.16888297872340421,197,san_francisco,2024,GOOGLE/SATELLITE_EMBEDDING/V1/ANNUAL,/Users/yufeizhou/Desktop/heat-exposure-compare/data/processed/san_francisco/san_francisco_master_lst_hi_hotcompare.gpkg,san_francisco_master_lst_hi_hotcompare,0.10901478198174559,-0.2643312328415065,0.13119067268486995,-0.03729638124746475,0.03943942652050947,-0.17244553407447746,-0.07650417229478544,-0.08000480099487613,-0.05960558892618575,0.006817501212193009,0.13137394569695332,0.1783152001456136,-0.08602797093455061,-0.17974595333242424,-0.09762331906390721,-0.11699481520922472,0.2134519255761377,0.130388987471204,-0.029740411138439768,0.026294129039798816,0.09219041262215633,0.08659930121635445,-0.09918883442104852,0.05371981984806076,-0.034044533447314444,0.13051581922088148,-0.058108173255602406,0.14017619478113838,0.08620679445308164,0.03768781246771728,0.06083360225369266,-0.11739776793132288,0.022410128951909008,-0.21617119152977318,0.05978252153031879,-0.10346361000421614,-0.28757970704017166,-0.0011232354093238795,-0.04720059945346914,0.05520908613784619,-0.08871581591469631,-0.19078799235102228,-0.0198209519004795,-0.13317731898176927,0.09393170069164705,0.12297441901267123,-0.0629170526219879,0.056822778022919546,0.17804223830398494,0.04899205385362339,-0.10106569377349212,0.22281469000560686,-0.15874634695938494,0.05254550981825134,0.07603341712885935,-0.27585300285139,0.10199245077485569,-0.08036920681360495,0.017079670534476954,-0.058302760075144774,0.128132774755553,-0.04209051922314134,-0.11010074775521692,0.011033239882715071
321062,0,075,S,06075020601,1400000US06075020601,+37.7609052,-122.4300824,G5020,206.01,Census Tract 206.01,06,020601,True,san_francisco,Coastal / compact / bay-influenced,San Francisco,16.363990885969546,True,28.435428571428613,06,California,True,0.574468085106383,0.5877659574468085,0.013297872340425454,False,True,HI-only hotspot,True,29.713333333333367,16.363990885969546,0.16888297872340421,198,san_francisco,2024,GOOGLE/SATELLITE_EMBEDDING/V1/ANNUAL,/Users/yufeizhou/Desktop/heat-exposure-compare/data/processed/san_francisco/san_francisco_master_lst_hi_hotcompare.gpkg,san_francisco_master_lst_hi_hotcompare,0.1126674140531238,-0.2711443143947064,0.15404788055921886,0.01994028534262329,0.048960871500250004,-0.11018339550361825,-0.07858117154177292,-0.047977329844587184,0.006951611306963565,-0.08431579663023042,0.12310525978523922,0.12232190364704879,-0.13200771626594315,-0.20008406715639668,-0.022344781817163834,-0.032729027450126846,0.1409685934743262,0.1339412087782442,-0.03979005121972307,0.031538205113612536,0.08285075065919982,0.05446052965969491,-0.06447798776219367,0.08049236984066853,-0.03279132454788607,0.2112148396458798,-0.03785969227905388,0.056453593777656665,0.1257246190002428,0.033904400646312366,0.0047163386126025395,-0.09763965115846612,0.00303640368818157,-0.11996820337800282,0.06791829998511392,-0.05347961327022931,-0.17761040082287752,0.004384494219139064,-0.13885401316344093,0.06802691431747997,-0.07324042107084187,-0.20278454814660113,-0.025979569409351585,-0.08689845602695681,0.14380428833536893,0.10612509186974149,-0.060863448826183685,0.07838361994906683,0.13766045264350443,0.03658953900844572,-0.07410381168149356,0.17341997851928417,-0.1750448492754575,0.08170064969033566,0.04306723043186315,-0.30594786886188546,0.15213736818502552,-0.05985703473077683,-0.015906472114749163,0.035610809500653484,0.14731493867911274,-0.02578703931210446,-0.06417621979701633,-0.016991183512773473
140617,0,075,S,06075020201,1400000US06075020201,+37.7647879,-122.4240946,G5020,202.01,Census Tract 202.01,06,020201,True,san_francisco,Coastal / compact / bay-influenced,San Francisco,16.363990885969546,True,29.215652173913092,06,California,True,0.7021276595744681,0.5877659574468085,-0.11436170212765961,False,True,HI-only hotspot,True,29.713333333333367,16.363990885969546,0.16888297872340421,199,san_francisco,2024,GOOGLE/SATELLITE_EMBEDDING/V1/ANNUAL,/Users/yufeizhou/Desktop/heat-exposure-compare/data/processed/san_francisco/san_francisco_master_lst_hi_hotcompare.gpkg,san_francisco_master_lst_hi_hotcompare,0.11069088972789727,-0.26859133171743604,0.1472118322902449,-0.02031400909740017,0.04513811232459994,-0.15977905786925745,-0.09774363726577745,-0.07616520759426215,-0.033859898210470044,-0.016938912893777733,0.13829270690602016,0.16540452815223788,-0.09699652814749948,-0.1833275740218438,-0.09233465927656391,-0.08594984001395443,0.19830119934737755,0.134096740692108,-0.017549650886065207,0.005236856513051455,0.0933723623967254,0.08387043199406176,-0.06840878630554327,0.05952291642177281,-0.049668132213155775,0.16308450220173876,-0.05230338936505128,0.13452219767147983,0.08121053344507737,0.04237792826426913,0.049342660686135985,-0.12747447239810186,0.028118740425866158,-0.21253567185718839,0.06568330848215923,-0.10727123977359243,-0.2789925306670614,0.026753972730818785,-0.0767435863363142,0.05803268655962343,-0.08963756275524584,-0.2060204520467951,-0.017423407157358246,-0.11524955495960194,0.09929118584320129,0.11576759530423326,-0.07301841444514634,0.06334968590536018,0.1819699741620569,0.04589819005761755,-0.08344965544754468,0.2150765331033454,-0.17703435792275143,0.051380546553193324,0.07761918610521071,-0.28303671970253375,0.11448891326191267,-0.06708752648767916,0.007640143147503421,-0.023939480700585658,0.1431713123425754,-0.027562148322878,-0.10638069595643981,-0.005767388167388157
214282,165959,075,S,06075061508,1400000US06075061508,+37.7860679,-122.3863351,G5020,615.08,Census Tract 615.08,06,061508,True,san_francisco,Coastal / compact / bay-influenced,San Francisco,16.363990885969546,True,28.248226666666717,06,California,True,0.5,0.5877659574468085,0.08776595744680848,False,True,HI-only hotspot,True,29.713333333333367,16.363990885969546,0.16888297872340421,200,san_francisco,2024,GOOGLE/SATELLITE_EMBEDDING/V1/ANNUAL,/Users/yufeizhou/Desktop/heat-exposure-compare/data/processed/san_francisco/san_francisco_master_lst_hi_hotcompare.gpkg,san_francisco_master_lst_hi_hotcompare,0.05234165728712167,-0.2907673319936682,-0.02278962125050782,-0.01339621175932432,0.04084870783574977,-0.06633817958788316,0.020469523554296435,0.036680601955333514,-0.06729757365048615,0.056481931155944846,0.13147377605226537,-0.036622616053081314,-0.061702328839141084,-0.22007253533609417,-0.019885940744569175,-0.13313922805299816,0.184161868999912,-0.020674968926834875,-0.0612008536224616,0.053475615545449696,0.061555780228681196,0.05109332677324051,-0.15827198727287276,0.04643851046613294,-0.06405102473049326,0.07347121920753186,-0.008098780915964866,0.03097906888829151,0.12396777890683083,0.009414620235168989,-0.057088953275026805,-0.013549372826655984,0.05038273706342493,-0.14618393898019846,0.007161613885632915,-0.0017385792017262178,-0.04566096442414568,-0.08161921639048984,-0.10292323387426387,0.1627680521010767,-0.0520595436990818,-0.17615639912770778,0.09831419919925695,-0.04841254410459444,0.03437109170927809,0.16913519186890635,-0.11813721191990133,0.06674826129720172,0.0007928779729989866,-0.00860116719271494,-0.09757601156306552,0.22447535440007113,-0.15384660922215235,0.022254714249257113,0.047074704779737804,-0.15809375771112508,0.0698819213190201,0.02595265771571644,0.03360132454537675,-0.06556886026965598,0.10534710315976824,-0.15409579113497354,-0.041797138940663385,0.157752048459438
181456,0,075,S,06075013001,1400000US06075013001,+37.7976627,-122.4272277,G5020,130.01,Census Tract 130.01,06,013001,True,san_francisco,Coastal / compact / bay-influenced,San Francisco,16.363990885969546,True,28.156666666666695,06,California,True,0.4787234042553192,0.5877659574468085,0.10904255319148931,False,True,HI-only hotspot,True,29.713333333333367,16.363990885969546,0.16888297872340421,201,san_francisco,2024,GOOGLE/SATELLITE_EMBEDDING/V1/ANNUAL,/Users/yufeizhou/Desktop/heat-exposure-compare/data/processed/san_francisco/san_francisco_master_lst_hi_hotcompare.gpkg,san_francisco_master_lst_hi_hotcompare,0.06541567566385335,-0.232632109516777,0.2052604576741211,-0.04561869276517462,0.00866228331198963,-0.16343473684460133,-0.08844630679864106,-0.06886781758297525,-0.012967619678769391,-0.06130314809548675,0.13377734507106784,0.19667151493209106,-0.022194102028414427,-0.1281783409252671,-0.06544227344198408,-0.02280807841081055,0.18073284507871976,0.1591949735866115,-0.0005814134365732701,-0.039982178491224006,0.12697109618112268,0.11510910352671394,-0.004190962889725561,0.12594803913905694,-0.04473351096449024,0.08381879190836018,-0.043756194670963616,0.07494325534595075,0.10686172340247205,0.01523055321344068,0.057989819482974,-0.07264256332238926,0.04454227518735252,-0.19052895023247077,0.013505119727097194,-0.152574309218144,-0.26210453525839467,0.07512898628279828,-0.0662505323207493,-0.002534681403022179,-0.1104668551179827,-0.2063299077263136,-0.021391588694288297,-0.17726221119219282,0.090889287605942,0.16312722104415514,-0.0680143907166512,0.11957412001220193,0.24729659458920486,0.05669709637675115,-0.09710560223024021,0.2150455063698904,-0.2104576212743772,0.03545996813522766,0.1087024580477726,-0.2576640019187552,0.08105294413165463,-0.12242015170412598,0.05583182937362313,-0.05234948928469527,0.1051026952453899,-0.003321449316493189,0.006191465020498517,-0.05409248422472418
186873,0,075,S,06075010201,1400000US06075010201,+37.8013029,-122.4212147,G5020,102.01,Census Tract 102.01,06,010201,True,san_francisco,Coastal / compact / bay-influenced,San Francisco,16.363990885969546,True,26.632309941520507,06,California,True,0.2127659574468085,0.5877659574468085,0.375,False,True,HI-only hotspot,True,29.713333333333367,16.363990885969546,0.16888297872340421,202,san_francisco,2024,GOOGLE/SATELLITE_EMBEDDING/V1/ANNUAL,/Users/yufeizhou/Desktop/heat-exposure-compare/data/processed/san_francisco/san_francisco_master_lst_hi_hotcompare.gpkg,san_francisco_master_lst_hi_hotcompare,0.07809097574902886,-0.19131850071950413,0.213738857252913,-0.01117265521717246,0.03369148439778727,-0.14070589572435158,-0.08622181208755955,-0.023324042889073904,0.014623640986408268,-0.07805500472002289,0.11769520649231496,0.17718793543209158,-0.05894163231806042,-0.13811431626899906,-0.06667112052766976,-0.01098210324930861,0.15469396689102605,0.17157480726013738,-0.018369889291532073,-0.05557258498366134,0.15053874233719938,0.11833493316072546,-0.020939971022152545,0.12847282166819182,-0.01968743302082103,0.09538614052366332,-0.06650315412464725,0.04973994856062701,0.13089976107527468,0.007495370190508515,0.059515437321990224,-0.04596656657801875,0.059147786573108034,-0.14475716311224374,0.026621103763824008,-0.12367289135228379,-0.22759135626965785,0.08586972584373449,-0.10715049623393112,-0.04219282133706306,-0.0953567335027279,-0.23112254219037298,-0.005170700687150066,-0.16525513080743312,0.11122908519155669,0.19338686900329707,-0.08032532539751888,0.14383284221596537,0.23332979003686574,0.05898033689922916,-0.08527062575671493,0.21726085437703818,-0.18418919646531728,0.04760775496028804,0.06945868544846755,-0.2731137580979028,0.10521597373182906,-0.12385483775331889,0.05985238128366571,-0.005958870684637768,0.10990354865839798,-0.0074735636910888146,0.039983217454162306,-0.07487459712977207
121412,0,075,S,06075011101,1400000US06075011101,+37.7916822,-122.4192656,G5020,111.01,Census Tract 111.01,06,011101,True,san_francisco,Coastal / compact / bay-influenced,San Francisco,16.363990885969546,True,29.295190476190502,06,California,True,0.7074468085106383,0.5877659574468085,-0.11968085106382986,False,True,HI-only hotspot,True,29.713333333333367,16.363990885969546,0.16888297872340421,203,san_francisco,2024,GOOGLE/SATELLITE_EMBEDDING/V1/ANNUAL,/Users/yufeizhou/Desktop/heat-exposure-compare/data/processed/san_francisco/san_francisco_master_lst_hi_hotcompare.gpkg,san_francisco_master_lst_hi_hotcompare,0.05652933445889526,-0.20326084112190476,0.21347896635760322,-0.054038334734348076,0.013467659317249149,-0.19557107683941055,-0.059914901997272695,-0.022126314888328377,-0.06542931600360008,-0.02571906098012033,0.12423301065187674,0.21036102581732052,-0.005228544334094609,-0.11976418037764111,-0.09270055976880931,-0.047531956489588,0.2020971202996672,0.17932790795828182,0.008564681617315316,-0.0700355207550267,0.1380994328935177,0.11487841975502401,-0.04981729301059596,0.07894171043702272,-0.0262465853750674,0.018939034314406925,-0.07471222596009697,0.12633909285236067,0.10010793752034229,0.022049008842564697,0.0844758221104739,-0.06586676957594832,0.03379008045598971,-0.19811656409943965,-0.0005716035806552747,-0.12652176870309628,-0.3164169437758297,0.04283682581522518,-0.08005503356937536,-0.011472858134482237,-0.054365402765752156,-0.1977401418468828,-0.026288342936908283,-0.20721329609462077,0.0583246685040362,0.17425849417361922,-0.07441817957532121,0.1166389923073832,0.21173755798016528,0.06378953154142615,-0.09525991625838108,0.25757108552844965,-0.1867829740807936,0.005029482293103985,0.05515155753316862,-0.2327948034081322,0.06876973063070603,-0.12829369070240557,0.08318896335537793,-0.05432923801446341,0.06542200545162623,-0.030550954410671308,-0.025823984457646155,-0.04248590364336405
0,70939179,075,S,06075990100,1400000US06075990100,+37.7621600,-122.5518622,G5020,9901,Census Tract 9901,06,990100,True,san_francisco,Coastal / compact / bay-influenced,San Francisco,15.636442977794673,True,21.136666666666713,06,California,True,0.02127659574468085,0.09840425531914894,0.07712765957446809,False,False,Neither hotspot,False,29.713333333333367,16.363990885969546,0.16888297872340421,204,san_francisco,2024,GOOGLE/SATELLITE_EMBEDDING/V1/ANNUAL,/Users/yufeizhou/Desktop/heat-exposure-compare/data/processed/san_francisco/san_francisco_master_lst_hi_hotcompare.gpkg,san_francisco_master_lst_hi_hotcompare,0.01896277483352916,-0.11405661830215183,-0.15559643448051816,-0.09725607925356361,0.00711352988005393,0.04965026898419622,0.07867169316935346,0.16981228773581095,0.05737903325902248,0.040396727281074164,0.17595753825107519,-0.09026367654098123,-0.0714293163406784,-0.20630728536251483,0.10196528377481162,-0.04036499315962999,0.11935983719910992,-0.09116786654693018,0.007966308288907422,-0.03743358731970775,0.11900537385170915,0.16104131432824056,-0.06925928297092093,0.1642205148567457,-0.1005334657277066,-0.14343687466958355,0.024599971925104783,-0.21184819974208557,0.11239732470427216,-0.05246067264983376,-0.20315761579094027,0.3019123800264079,0.12334428341949912,-0.087663836705108,-0.09600732814428717,0.034514415491086727,0.17186442710802263,-0.004157266782710372,-0.07695658830986177,0.07721364710103985,-0.03890841974975967,-0.29157936118784183,0.17728675760779175,0.06679373381157551,0.0021827374299945995,0.16042809843080802,-0.18459371102731623,0.08476466514055032,-0.0675062436158624,0.00818575294700263,0.019906803859336547,0.12836262800489637,-0.11278973644447224,-0.04689407431956564,-0.03489863222003366,-0.08196296452388473,-0.08468348565384319,0.08724239795551779,0.005707954327328592,-0.04009277808323634,0.09383741079455266,-0.23721115872298662,0.016193079925088397,0.31246413077899
590505,0,075,S,06075020402,1400000US06075020402,+37.7528393,-122.4444126,G5020,204.02,Census Tract 204.02,06,020402,True,san_francisco,Coastal / compact / bay-influenced,San Francisco,16.363990885969546,True,26.626405723905737,06,California,True,0.2074468085106383,0.5877659574468085,0.3803191489361702,False,True,HI-only hotspot,True,29.713333333333367,16.363990885969546,0.16888297872340421,205,san_francisco,2024,GOOGLE/SATELLITE_EMBEDDING/V1/ANNUAL,/Users/yufeizhou/Desktop/heat-exposure-compare/data/processed/san_francisco/san_francisco_master_lst_hi_hotcompare.gpkg,san_francisco_master_lst_hi_hotcompare,0.18765427141554547,-0.17999114205223016,0.04148896790542887,0.07504428524733871,0.10054294012580024,-0.07146049610090023,-0.019647458901217493,-0.02788539383949215,0.04076209444213551,-0.09581847312834843,0.09075679376860342,0.0843500047103928,-0.24942678196443924,-0.22484067708047267,-0.04044624621476018,-0.09304877545908197,0.1147325154778784,0.09235583672889647,-0.10466907335703146,0.17445686015823675,0.1112112966055081,0.08182076228256234,-0.142480333128286,0.030151215978791595,0.026994054447907354,0.23933774466200516,-0.04347911254259669,0.03906710742598284,0.13055468377428112,0.05258066459055414,0.06320187648986925,-0.03135408196687483,0.013339443067081364,-0.022517876629400548,0.10117515406177167,0.004036782022195799,-0.12606187238669708,-0.07432364516410514,-0.11984482586187371,0.08759748027431431,-0.09063236131871305,-0.16309163380665956,0.02439457769016468,-0.08328584597242122,0.13830948012910826,0.11861336399768199,-0.03047758906536551,0.030745812025922938,0.008972623248349723,0.002407514604965303,-0.06105779184778829,0.1012382871575346,-0.0813058446056661,0.08016560006898804,0.012913566600654387,-0.3179886755888624,0.17422828937752538,-0.02592139359701479,-0.07304447054468287,0.02289767101753581,0.18101028982418388,-0.04516191915952143,-0.13613893919114886,0.007848995415124516
3602295,258160,075,S,06075980900,1400000US06075980900,+37.7462860,-122.3894769,G5020,9809,Census Tract 9809,06,980900,True,san_francisco,Coastal / compact / bay-influenced,San Francisco,16.363990885969546,True,31.1019678046073,06,California,True,0.9361702127659575,0.5877659574468085,-0.348404255319149,True,True,Both LST and HI hotspot,False,29.713333333333367,16.363990885969546,0.16888297872340421,206,san_francisco,2024,GOOGLE/SATELLITE_EMBEDDING/V1/ANNUAL,/Users/yufeizhou/Desktop/heat-exposure-compare/data/processed/san_francisco/san_francisco_master_lst_hi_hotcompare.gpkg,san_francisco_master_lst_hi_hotcompare,0.08988942682964766,-0.23482183163471018,0.0772300238610092,-0.008845319630375093,0.03720430868024413,-0.11620978363702447,-0.013230220744373102,-0.033746481227785015,-0.10576375337691962,0.03257315985006549,0.11682052965499803,0.059241209203590287,-0.0964781122480983,-0.21106385672885533,-0.08475888721952746,-0.15303328328743554,0.1973077389728757,0.07453238175373986,-0.05541443858481798,0.010049640402910634,0.09373833061975893,0.06926397712218516,-0.18331746218610007,0.03521831650197979,-0.043428668519609755,0.11586119826434109,-0.029536268719602986,0.11052037970435281,0.11679316073225136,0.03541229788001047,0.032780391137509426,-0.10210685877184361,0.06046206278115392,-0.18916413442061886,0.05059253505126299,-0.0028101674585237443,-0.17538788762721655,-0.0089816678007405,-0.13996292946973588,0.0920532366108194,-0.04330311422601389,-0.19846932236915846,-0.024696073163694238,-0.11269401863291761,0.10037283035401197,0.1359240478189963,-0.061930376848369786,0.037877558036065365,0.08437594172414797,0.04719475244246266,-0.11686731341115451,0.2561811084889315,-0.11955220112497571,0.01707996701027971,0.018303542625492136,-0.23425055213379373,0.12482277775419756,-0.052605291252827494,0.00010290095135441985,-0.04903946895477531,0.11522268461209209,-0.1145972223076941,-0.08552491198233148,0.08109655711264097
1619335,3844754,041,S,06041130204,1400000US06041130204,+37.8564340,-122.4784450,G5020,1302.04,Census Tract 1302.04,06,130204,False,san_francisco,Coastal / compact / bay-influenced,San Francisco,16.23406826793297,True,23.302533333333344,06,California,True,0.05319148936170213,0.20212765957446807,0.14893617021276595,False,False,Neither hotspot,False,29.713333333333367,16.363990885969546,0.16888297872340421,207,san_francisco,2024,GOOGLE/SATELLITE_EMBEDDING/V1/ANNUAL,/Users/yufeizhou/Desktop/heat-exposure-compare/data/processed/san_francisco/san_francisco_master_lst_hi_hotcompare.gpkg,san_francisco_master_lst_hi_hotcompare,0.05945402852303515,-0.2171497456796227,-0.1002460250140107,-0.002017786282366895,0.045935128659598895,0.014606707977892234,0.0341543345607929,0.10777329857076255,0.024401113131447116,0.015196223580534697,0.1350030650327881,-0.0778200929346365,-0.10321709248311929,-0.2222942066020962,0.04290015324238397,-0.053823886904258225,0.11922574002285949,-0.07456173900372437,-0.0581547262000852,0.024015213720259065,0.0874971675823793,0.07589842531686394,-0.11540545269749741,0.10048325476555388,-0.0713141638746881,0.021231852236724125,0.010800786603674601,-0.08364113528166219,0.14068613460262336,-0.006890564686300498,-0.13434058864978862,0.1165712095494343,0.09681587674056626,-0.07312705704080781,-0.049833185972393355,0.01713959850570305,0.06874964348540093,-0.04849631837237854,-0.12400817893199446,0.15072671844871016,-0.06288875838581358,-0.21165463009815078,0.15333958246801735,-0.006385363726939642,0.027053808687735024,0.173948007902494,-0.13742125236772734,0.07863142926306846,-0.04631282675720296,-0.032631828496718224,-0.051091759089784756,0.15406138193870944,-0.13251156316172027,0.025556000266650763,-0.020900398434741937,-0.1536116567563597,0.047744560870156334,0.05834458763633694,0.021600622898889643,-0.035902553934344945,0.11027408453873244,-0.18999476479912014,0.018233863117193484,0.19937608793972722
3824795,1387910,001,S,06001981900,1400000US06001981900,+37.7998452,-122.3173831,G5020,9819,Census Tract 9819,06,981900,False,san_francisco,Coastal / compact / bay-influenced,San Francisco,,True,28.96853205646978,06,California,False,,,,False,False,Missing,False,29.713333333333367,16.363990885969546,0.16888297872340421,208,san_francisco,2024,GOOGLE/SATELLITE_EMBEDDING/V1/ANNUAL,/Users/yufeizhou/Desktop/heat-exposure-compare/data/processed/san_francisco/san_francisco_master_lst_hi_hotcompare.gpkg,san_francisco_master_lst_hi_hotcompare,0.06487110493838513,-0.24159389924162147,0.01907558430088607,-0.04944693515368068,0.02660562344827998,-0.06545737877613178,0.0316746381183206,-0.011747742633755205,-0.060469369067986764,0.02639858319325925,0.13583230406778515,0.012425014799882356,-0.0850160627427606,-0.2147818162954347,-0.03195578917989001,-0.15968715873578712,0.16849641326089168,0.03542020674937925,-0.049996328640299105,0.006757958248826875,0.06998035745045039,0.09896997500652231,-0.21616404089757407,0.04829758085268581,-0.0759063771113338,0.08208068988916414,-0.015367556785953055,0.014737119897733016,0.18072156239571488,0.007806205930099331,-0.017230494696591953,-0.054182419730650855,0.06985092837686835,-0.18811794144457653,0.0191181174568234,0.05551559650496419,-0.1213060159889229,-0.03952246483635268,-0.11471579472705833,0.09427295614648938,-0.08818369537425197,-0.20570838626591997,0.025420134701628964,-0.10661063854644455,0.08751570093903388,0.1226658448568384,-0.12258103909898609,0.06587289600750854,0.025346821360134046,0.030095109194802856,-0.10951821708142456,0.22665745744913987,-0.09534204471795883,0.0040567595908235325,-0.009458787451267768,-0.16822345696368188,0.08756179332312777,-0.019291583609627953,0.0007011427620473912,-0.07197408955156757,0.12138573653905739,-0.14795296643701775,-0.07804284500528993,0.16828005666368376
7640768,4458410,001,S,06001428700,1400000US06001428700,+37.7817406,-122.3026484,G5020,4287,Census Tract 4287,06,428700,False,san_francisco,Coastal / compact / bay-influenced,San Francisco,,True,29.486724560043054,06,California,False,,,,False,False,Missing,False,29.713333333333367,16.363990885969546,0.16888297872340421,209,san_francisco,2024,GOOGLE/SATELLITE_EMBEDDING/V1/ANNUAL,/Users/yufeizhou/Desktop/heat-exposure-compare/data/processed/san_francisco/san_francisco_master_lst_hi_hotcompare.gpkg,san_francisco_master_lst_hi_hotcompare,0.03614081600740855,-0.23664522121877696,0.016886128603722364,0.053264016579286894,0.03633474031656582,0.021053518441185224,0.025885109849745725,0.0657432044561552,0.011748897349828875,0.011356398611965687,0.1633891822827654,-0.06106650758768273,-0.12841068566072505,-0.21238866603538273,0.004858007444922279,-0.09599256935457505,0.07144996427143195,0.01705217902874382,-0.07436481339840159,-0.03195074764173366,0.09441032586033155,0.07547457155158922,-0.16687989468686446,0.07812969570017526,-0.04912803660949751,0.0849900121314938,0.012492351881589791,-0.015039062717612841,0.15264531176540994,-0.006604475626984971,-0.07106632139218412,-0.019606302713520932,0.06726803172954872,-0.14336098526595956,-0.06241494950635744,0.08005783045672098,-0.011331124735621477,-0.03487149978037926,-0.14936260676795096,0.16339334882535292,-0.038999549111705244,-0.21011660506520433,0.05972170195313045,-0.09358921203001754,0.09185134821572694,0.09259458318361653,-0.08049259990853223,0.03932901180676597,0.005103434685901302,-0.005270336852613453,-0.07536623796444247,0.20013294702725723,-0.10788017375703507,0.013672320637312087,-0.04680128414834019,-0.1928544036432544,0.09011670416706408,0.007797962587359122,0.004216247975623449,-0.0023495352731606844,0.12931047138536927,-0.11640293432163024,-0.004335400596422301,0.14245398823291655
62294,0,075,S,06075011901,1400000US06075011901,+37.7904728,-122.4139142,G5020,119.01,Census Tract 119.01,06,011901,True,san_francisco,Coastal / compact / bay-influenced,San Francisco,16.363990885969546,True,29.756410256410305,06,California,True,0.7712765957446809,0.5877659574468085,-0.1835106382978724,True,True,Both LST and HI hotspot,False,29.713333333333367,16.363990885969546,0.16888297872340421,210,san_francisco,2024,GOOGLE/SATELLITE_EMBEDDING/V1/ANNUAL,/Users/yufeizhou/Desktop/heat-exposure-compare/data/processed/san_francisco/san_francisco_master_lst_hi_hotcompare.gpkg,san_francisco_master_lst_hi_hotcompare,0.090574730147285,-0.18933786843855588,0.18573805917336983,-0.054399277928834096,0.027852583016358824,-0.20760449090733732,-0.027422668430724467,-0.021273689205137628,-0.07141181683752346,-0.03380918430154839,0.10382606123768995,0.2412113254545033,-0.006952990071893869,-0.10262967700414903,-0.1173588599549112,-0.06577601340684182,0.2055702775211246,0.14206034119649352,0.01615442054442249,-0.022004192489307756,0.14756581743367478,0.11882907841992807,-0.050932390026008134,0.09572394908331733,0.014897769093270443,-0.0033863330013985072,-0.05012800487382925,0.11221892288783633,0.11644493762680623,-0.025901069227830916,0.09733806661441771,-0.04865058445828062,-0.003861001735975249,-0.18104070473041547,0.024060056032710605,-0.13311505235715226,-0.3320306924474723,0.004237465443093617,-0.04344647394806974,-0.0732520627819953,-0.08427916143667272,-0.1916371441599398,0.00392355420551831,-0.19843293157117012,0.05218516030721267,0.20426027296931698,-0.10086180592641203,0.09525132665602597,0.16637971450396427,0.07824235175034884,-0.12194216844035033,0.2165492489962304,-0.1879701746435381,0.01599592477155514,0.07765117458395283,-0.2398288620081106,0.056391748113094005,-0.13219473566253004,0.07965835025286554,-0.09912041614883793,0.07584138980411911,-0.014310804319323989,-0.04831646528695645,-0.007230369056365767
180876,0,075,S,06075012901,1400000US06075012901,+37.8019597,-122.4272490,G5020,129.01,Census Tract 129.01,06,012901,True,san_francisco,Coastal / compact / bay-influenced,San Francisco,16.363990885969546,True,25.622442528735675,06,California,True,0.13829787234042554,0.5877659574468085,0.4494680851063829,False,True,HI-only hotspot,True,29.713333333333367,16.363990885969546,0.16888297872340421,211,san_francisco,2024,GOOGLE/SATELLITE_EMBEDDING/V1/ANNUAL,/Users/yufeizhou/Desktop/heat-exposure-compare/data/processed/san_francisco/san_francisco_master_lst_hi_hotcompare.gpkg,san_francisco_master_lst_hi_hotcompare,0.059588078349505406,-0.21052263022751289,0.19828797620099772,-0.03946838096869307,0.014258340166809573,-0.15150305090397753,-0.09341547002359338,-0.047323447978996375,-0.014417824989772612,-0.044761771329736064,0.11504072504132622,0.18776454121699612,-0.022399482470691047,-0.14329891069988676,-0.07627112237620322,-0.01061232997162583,0.16174732284632454,0.16878336528334253,0.002989860969820874,-0.0880333618555007,0.15268325587006415,0.14299712178296617,-0.021713540605185808,0.1534505259342405,-0.04025980451191842,0.057664250613169904,-0.05174907353691784,0.0829561153826504,0.12321310520647774,0.0010009041160968402,0.05054810004039552,-0.07345269560717942,0.06454945451303136,-0.21737298921048984,0.00017062668243991648,-0.13471864022893806,-0.22863858533021053,0.07809497008106062,-0.10883106196009946,-0.017880313775829864,-0.10160503638888538,-0.2161106952424447,-0.020845111480122053,-0.17191301762354988,0.11554316685617139,0.17885353248014457,-0.05557716791637266,0.09661982301995042,0.2440259938765144,0.05088734076440796,-0.09583726892167696,0.24462514461590204,-0.19758254289402027,0.016338464212255835,0.04954918815362702,-0.26641045482233355,0.10485737354642537,-0.14029174074504946,0.0610311396419186,-0.01655318381692998,0.09690964288399631,-0.006183941070103707,0.030969849978404417,-0.07042877703772006
170743,0,075,S,06075015802,1400000US06075015802,+37.7780790,-122.4385024,G5020,158.02,Census Tract 158.02,06,015802,True,san_francisco,Coastal / compact / bay-influenced,San Francisco,16.363990885969546,True,28.370416666666685,06,California,True,0.5478723404255319,0.5877659574468085,0.039893617021276584,False,True,HI-only hotspot,True,29.713333333333367,16.363990885969546,0.16888297872340421,212,san_francisco,2024,GOOGLE/SATELLITE_EMBEDDING/V1/ANNUAL,/Users/yufeizhou/Desktop/heat-exposure-compare/data/processed/san_francisco/san_francisco_master_lst_hi_hotcompare.gpkg,san_francisco_master_lst_hi_hotcompare,0.07059613296110442,-0.23079835018580033,0.19176641240157438,-0.0274727281465663,0.014844465727399059,-0.1714665121323583,-0.09068267396609027,-0.06042812255845753,-0.01779902025922495,-0.055654778251276446,0.13111333597622626,0.21007356182144873,-0.02673162441596789,-0.1309050565909453,-0.08973785461319159,-0.006248467745003796,0.15158738764346308,0.17091963759178985,0.0007728559565563541,-0.051384222324657815,0.12381700196006427,0.14979017807158443,-0.00845558065551329,0.13950229965154815,-0.04665100539295251,0.07590691588436768,-0.04910600259296547,0.06699719387237682,0.1289574225726003,-0.0008958692821077548,0.041071527300578205,-0.06773583130674884,0.033867137744297796,-0.18667802116223284,0.02190063076898792,-0.16015518399679596,-0.25092871801060185,0.05790122557619613,-0.06977024394244566,-0.017475114952961265,-0.11679034461417478,-0.2187910474152192,-0.012717653169791595,-0.16481261717568246,0.11697395880726943,0.17261766927549005,-0.062439132585080874,0.1165577116686216,0.24732861177951906,0.03321537537150159,-0.08273576066344548,0.212274933903459,-0.2030061729021056,0.03868509324715021,0.048487737250360756,-0.2886290471601752,0.09362023301870903,-0.12309911965719306,0.05670633270565641,-0.04045884546531601,0.07949042858009098,0.026624944951096883,0.0037702807821878236,-0.07110830887679623
451592,0,075,S,06075031301,1400000US06075031301,+37.7193281,-122.4678661,G5020,313.01,Census Tract 313.01,06,031301,True,san_francisco,Coastal / compact / bay-influenced,San Francisco,15.636442977794673,True,26.520019620667146,06,California,True,0.20212765957446807,0.09840425531914894,-0.10372340425531913,False,False,Neither hotspot,False,29.713333333333367,16.363990885969546,0.16888297872340421,213,san_francisco,2024,GOOGLE/SATELLITE_EMBEDDING/V1/ANNUAL,/Users/yufeizhou/Desktop/heat-exposure-compare/data/processed/san_francisco/san_francisco_master_lst_hi_hotcompare.gpkg,san_francisco_master_lst_hi_hotcompare,0.1130876896555783,-0.23891616938945437,0.07048986577887595,0.023045523925017963,0.0652116917515801,-0.12109852027270136,-0.0513185533226962,-0.08244752233080267,0.057727075115048695,-0.06594880799580656,0.14587496487909135,0.029633264071701516,-0.19837623676216798,-0.21238587388603297,-0.04098270028027786,-0.09706303627453619,0.16380295086429242,0.1476106782855666,-0.05698441905822465,-0.008590945637812515,0.10935044355221858,0.10259385041029975,-0.13237626687832918,0.019328248922853567,-0.06516828684991545,0.28251860577153803,-0.009526929114160004,0.08422715072053326,0.09001408403255198,0.06921991934316413,0.058536091179457565,-0.10580923381463722,0.025427738853128296,-0.11906387154843331,0.10674156584759979,-0.07205996306301218,-0.23160314101902607,0.07543833434693953,-0.12227327411850739,0.09608683123426609,-0.016617617555691307,-0.2448874601773956,-0.018228279847156515,-0.07808552870901059,0.13612531674471326,0.053349142361123134,-0.08290984364579193,0.06859418549543056,0.12495440078194406,0.01935443997355786,-0.056496069871390775,0.1691784707843244,-0.12108140847180936,0.093266259586986,0.05797860326168171,-0.29997813516131483,0.17439544265660356,-0.020316715960060808,-0.02962355691233838,0.01475773241976055,0.21597494772089496,0.004154950656311205,-0.10855841922483708,0.06430477621816842
686581,0,075,S,06075031302,1400000US06075031302,+37.7133925,-122.4671072,G5020,313.02,Census Tract 313.02,06,031302,True,san_francisco,Coastal / compact / bay-influenced,San Francisco,15.636442977794673,True,26.81014417300765,06,California,True,0.25,0.09840425531914894,-0.15159574468085107,False,False,Neither hotspot,False,29.713333333333367,16.363990885969546,0.16888297872340421,214,san_francisco,2024,GOOGLE/SATELLITE_EMBEDDING/V1/ANNUAL,/Users/yufeizhou/Desktop/heat-exposure-compare/data/processed/san_francisco/san_francisco_master_lst_hi_hotcompare.gpkg,san_francisco_master_lst_hi_hotcompare,0.11415617931366001,-0.258687971388711,0.10670666209002629,0.03977231152149676,0.07370525968378112,-0.12436688762667282,-0.04769415444717563,-0.0382986532089987,0.005383952494892152,-0.02191691807373025,0.09545085237540213,0.06523086221996204,-0.16332207536676188,-0.20452711513425434,-0.06501611327974433,-0.10337972690634785,0.12198521193117418,0.14952283628701923,-0.047195451935849154,0.011755374947852332,0.1140422542115735,0.10871608213596826,-0.15047722966159544,0.042790616490713064,-0.04139012965946534,0.23914414776888304,-0.028866762542992124,0.10301875925644913,0.09811465406005676,0.028619588417049608,0.03915033880853808,-0.12193276153610545,-0.012593028691411014,-0.12386267631468302,0.0919933751479088,-0.0381189482255868,-0.18094833240775526,0.004018601270085013,-0.12799249232163679,0.11569807953354871,-0.035113405780170984,-0.2129064944022043,-0.025104602112012216,-0.09721198276701232,0.12499074954854446,0.09492742868615908,-0.06762583987630387,0.041004994031398845,0.0827644179445466,-0.0040662895190548025,-0.09722199269406277,0.2084163928872291,-0.08533584351221975,0.0566617596895868,0.013763345719779286,-0.3291222369057548,0.1731841494680087,-0.021346443631841763,-0.047638345924026076,0.01934104909424432,0.18310704759994156,-0.0267597248145352,-0.08111251011032052,0.02732327037200105
417682,0,075,S,06075032601,1400000US06075032601,+37.7624894,-122.4807987,G5020,326.01,Census Tract 326.01,06,032601,True,san_francisco,Coastal / compact / bay-influenced,San Francisco,,True,26.31909090909096,06,California,False,,,,False,False,Missing,False,29.713333333333367,16.363990885969546,0.16888297872340421,215,san_francisco,2024,GOOGLE/SATELLITE_EMBEDDING/V1/ANNUAL,/Users/yufeizhou/Desktop/heat-exposure-compare/data/processed/san_francisco/san_francisco_master_lst_hi_hotcompare.gpkg,san_francisco_master_lst_hi_hotcompare,0.09590389423877159,-0.25489597981262535,0.10713736692566057,0.004870111015460772,0.027002071102304265,-0.15155645859423775,-0.09260696797629138,-0.07605662536054547,-0.021903746539569613,-0.007358838435230907,0.13772995596457419,0.0937584164694042,-0.11503210897608637,-0.17045441846853818,-0.11558108483428753,-0.09088101010689578,0.16641596513034002,0.1470779294283022,-0.025779757303839187,-0.028942759013366213,0.11629576314476248,0.09958236051416897,-0.08078639982791404,0.06884666175363385,-0.07511377489344534,0.17429155064898982,-0.03730694921004571,0.1342953019957188,0.06448444396045132,0.051243023738880185,0.05305256998000664,-0.12546730672998993,0.0268456917115625,-0.2203255010730932,0.04724272268799998,-0.11833015679754254,-0.2689173305217804,0.06634359188110404,-0.09879887403187149,0.0804524755182684,-0.07466153728024313,-0.23309369538550684,-0.041129384518901024,-0.10497975978134849,0.12896632525620047,0.09770882569595007,-0.07701176214973413,0.0326303377502954,0.18563376227100878,0.0266398669046732,-0.11117106407705214,0.22845438875319707,-0.1816993715906216,0.05418072930376307,0.05462411136920182,-0.30459104311751134,0.11502946858995278,-0.053223067137921895,0.010182342821151156,-0.005943900985611217,0.14626099328380276,-0.01225530987008277,-0.09583167553210566,0.011590152326793694
504600,0,075,S,06075032902,1400000US06075032902,+37.7526804,-122.4906464,G5020,329.02,Census Tract 329.02,06,032902,True,san_francisco,Coastal / compact / bay-influenced,San Francisco,,True,26.256134960718324,06,California,False,,,,False,False,Missing,False,29.713333333333367,16.363990885969546,0.16888297872340421,216,san_francisco,2024,GOOGLE/SATELLITE_EMBEDDING/V1/ANNUAL,/Users/yufeizhou/Desktop/heat-exposure-compare/data/processed/san_francisco/san_francisco_master_lst_hi_hotcompare.gpkg,san_francisco_master_lst_hi_hotcompare,0.09345323913540159,-0.25245854606296253,0.16004061352898058,-0.002986406872553115,0.04175752629986366,-0.1245625574847995,-0.08554089637443661,-0.05185706106899144,0.013487328938973645,-0.0442906514015282,0.1330220093421097,0.08881725340374462,-0.1385666590941017,-0.19802623205342212,-0.05498187385917816,-0.1071087435707093,0.15775286142590003,0.17275722959679543,-0.0033334483769036304,-0.04831905183225809,0.12767105012151134,0.13956537602396749,-0.11532683787151277,0.027099981513521568,-0.07720677037918246,0.20979659115375096,-0.041452568708542276,0.10539548493853396,0.08820280759364908,0.04446852873816306,0.07701458494986678,-0.10575661060427098,-0.014051085104330069,-0.19053431082522643,0.07201867823038047,-0.05887189361831997,-0.24042037056896667,0.0794600580824675,-0.12014373650321827,0.09529837156332183,-0.02812785260726738,-0.2575179000579302,-0.05094199304384512,-0.09030083837959878,0.14912132482206544,0.08097645431382847,-0.07611412034707898,0.05609801543124127,0.16699337352360918,0.04273297660222493,-0.06660584370632545,0.22053891832528558,-0.146744712713422,0.05694563013533974,0.020425248032370176,-0.28800517768851486,0.13416022456223733,-0.055646517110464096,-0.056746115880817925,0.029612976497542458,0.1667204502209243,-0.015203319502748006,-0.10600910325193058,0.017595646652241927
339447,0,075,S,06075047802,1400000US06075047802,+37.7792040,-122.4973930,G5020,478.02,Census Tract 478.02,06,047802,True,san_francisco,Coastal / compact / bay-influenced,San Francisco,,True,22.672123015873048,06,California,False,,,,False,False,Missing,False,29.713333333333367,16.363990885969546,0.16888297872340421,217,san_francisco,2024,GOOGLE/SATELLITE_EMBEDDING/V1/ANNUAL,/Users/yufeizhou/Desktop/heat-exposure-compare/data/processed/san_francisco/san_francisco_master_lst_hi_hotcompare.gpkg,san_francisco_master_lst_hi_hotcompare,0.09168341767227463,-0.25685676348282516,0.148688801323653,0.00989354025164242,0.062388968519585045,-0.1478776733372253,-0.08890342362024099,-0.06393915544937212,-0.028564382751359575,-0.024455791648620242,0.09713057951202764,0.11895273467265848,-0.11760017880211857,-0.17556656083137057,-0.11503264687485536,-0.07149425201783881,0.15604763269563068,0.19527187845151586,-0.006640570836639352,-0.01960817631691537,0.1074145211941406,0.12347801738602446,-0.0904608834677636,0.09082053501214317,-0.051308214528405276,0.18685478323419466,-0.040280905728969855,0.11747315771588224,0.07964256479296787,0.0225000149281705,0.020980875452439082,-0.1147807605278889,-0.004214455308577363,-0.1836456695944538,0.0700482535252594,-0.11699952507877986,-0.22978826627461157,0.03105792748306554,-0.10882801877074619,0.08584349578616464,-0.07559718585220108,-0.22340943024145501,-0.033612480769877044,-0.1062095857849307,0.14099507638723455,0.13329895817661586,-0.06786596533329642,0.04922989667304349,0.16872082826758608,-0.0012219602673552796,-0.09365902281666792,0.22598315232265848,-0.15369169335086758,0.044307551515742415,0.03924802500304462,-0.3187146432871564,0.13232640405584328,-0.06021072323651297,0.002660403528378211,-0.005119801410789861,0.1401795160065186,-0.0035037765313039467,-0.06454404101987324,-0.03989100409603066
92144,0,075,S,06075012301,1400000US06075012301,+37.7859203,-122.4107460,G5020,123.01,Census Tract 123.01,06,012301,True,san_francisco,Coastal / compact / bay-influenced,San Francisco,16.363990885969546,True,29.795897435897494,06,California,True,0.7925531914893617,0.5877659574468085,-0.20478723404255317,True,True,Both LST and HI hotspot,False,29.713333333333367,16.363990885969546,0.16888297872340421,218,san_francisco,2024,GOOGLE/SATELLITE_EMBEDDING/V1/ANNUAL,/Users/yufeizhou/Desktop/heat-exposure-compare/data/processed/san_francisco/san_francisco_master_lst_hi_hotcompare.gpkg,san_francisco_master_lst_hi_hotcompare,0.08142007290000722,-0.18756459796247202,0.1491091144561961,-0.0708165351879088,0.016386982490860975,-0.20898921212560492,0.012539647755473497,-0.007439233865478277,-0.098790826367525,-0.014847268438802573,0.12295908548342868,0.22488656248380126,-0.0007797127068623897,-0.08396276624926637,-0.13378587863012756,-0.09526873054574746,0.2189322477540623,0.10014027022806257,-0.0016490865544046647,0.0031237636902557557,0.1354705873133974,0.09594948380479208,-0.05566756272286874,0.08379874654082763,0.041775735472138115,-0.03072082484861405,-0.037296252612460175,0.11008520749657481,0.11806751712069413,-0.037029087575619464,0.09919215360795604,-0.02466502368994449,-0.01605550813979807,-0.16835306601227173,0.012784541602085735,-0.13091966063224297,-0.34528251358844486,-0.006549775352241571,-0.014536783401103542,-0.09808415419870407,-0.0756538810889241,-0.19741027664413283,0.024509577578887075,-0.17240261191655967,0.05059991984447719,0.2196001867893927,-0.11379115235005154,0.08266484764104616,0.15286302381587563,0.08513494151706719,-0.16349144212781921,0.20767493342187313,-0.17433405452335118,0.03551088281824128,0.08018864579220088,-0.23061495865651171,0.04084546121450559,-0.13511430280890482,0.09038942667677692,-0.13835340670126184,0.06497819343848812,-0.025563163226181882,-0.045797461033183336,0.03171474961219802
1987344,306980,081,S,06081600900,1400000US06081600900,+37.7056180,-122.4922886,G5020,6009,Census Tract 6009,06,600900,False,san_francisco,Coastal / compact / bay-influenced,San Francisco,15.636442977794673,True,22.48679035250465,06,California,True,0.047872340425531915,0.09840425531914894,0.050531914893617025,False,False,Neither hotspot,False,29.713333333333367,16.363990885969546,0.16888297872340421,219,san_francisco,2024,GOOGLE/SATELLITE_EMBEDDING/V1/ANNUAL,/Users/yufeizhou/Desktop/heat-exposure-compare/data/processed/san_francisco/san_francisco_master_lst_hi_hotcompare.gpkg,san_francisco_master_lst_hi_hotcompare,0.08659359001778151,-0.2157074583154941,0.03331643301946015,0.08524578753270277,0.02484009984379535,-0.018478560926483235,-0.005878498095247048,0.0869086673801033,0.09163879425631556,-0.044009369139823944,0.07971049071719033,-0.002879108488745342,-0.16959868646187318,-0.1673987858362119,0.05883967983515187,0.03312042921793495,0.01394502743246713,0.04515838410630484,-0.05119860719699287,-0.017208039777844235,0.12503428183075294,0.06590055653197438,-0.0773168157236662,0.09645361330922653,-0.033792262709061355,0.1534443578854753,-0.007553268255544035,-0.01085563482212453,0.12338974045124512,0.0033310321102101525,-0.02769418793376341,-0.017785953298082156,0.003783239945287594,-0.0584720298229078,-0.007153592549123094,0.05658783799033787,-0.004383350381742982,0.012162292393233165,-0.20528330331016792,0.12537343588406055,0.031757107578295876,-0.17558032699854684,0.010361210622392661,-0.06117749501465443,0.14045118187426994,0.10442262464633081,-0.06250234096136059,0.02901396081573008,0.033537805026597894,-0.011158215207001231,-0.11483541675471089,0.14786011840783583,-0.07477349778236572,0.04314339972883243,-0.038875634673931396,-0.29513037567636,0.1330379001804127,-0.01139435942865148,-0.07194683704934364,0.07192650892836452,0.17464041355394905,-0.10225735686251068,0.034303781268365856,0.039450143070749906
2190239,0,081,S,06081600300,1400000US06081600300,+37.7021433,-122.4318046,G5020,6003,Census Tract 6003,06,600300,False,san_francisco,Coastal / compact / bay-influenced,San Francisco,,True,26.922149894902812,06,California,False,,,,False,False,Missing,False,29.713333333333367,16.363990885969546,0.16888297872340421,220,san_francisco,2024,GOOGLE/SATELLITE_EMBEDDING/V1/ANNUAL,/Users/yufeizhou/Desktop/heat-exposure-compare/data/processed/san_francisco/san_francisco_master_lst_hi_hotcompare.gpkg,san_francisco_master_lst_hi_hotcompare,0.11289822703289207,-0.09536435529061321,-0.017538702395297524,0.09351407664526301,0.04977489480566299,-0.023906615258427008,0.01811483708102462,0.09186149900897005,0.1039176391337666,-0.1091519897110706,0.10077800624525529,0.026671496066904762,-0.24612644968060993,-0.1827872926694393,0.0686922562337942,0.006970188584013453,-0.0023937564727078997,0.05293149029370674,-0.12914191196919425,0.11350666353416246,0.05533571720645353,0.07884642332971299,-0.06522243866643539,0.049387874477820067,0.0995860151068631,0.2518613148930331,-0.11940695987742342,0.03828760397652176,0.1680701662891713,0.056569951037656,-0.010172829229176596,0.03441861876209418,0.06600982156360415,0.08112499893297322,-0.0188356734946317,0.02938147341277905,-0.004315146933864494,-0.01809389905451495,-0.1832068868586335,0.10423342645622966,0.0280974475350972,-0.1680771997824033,0.08966665411870064,-0.06820015210303054,0.13125283749789154,0.09230751412642885,0.01146521703097987,0.02498033593268593,0.061401038543228724,-0.018330258676914405,-0.0632190092831066,0.05043138033760355,0.06117091246716285,0.12758369284098459,-0.10712511185873475,-0.2793308694494281,0.16302008948144575,-0.03951304553446286,-0.09382988874503415,0.027028246301119153,0.1594661710378477,-0.09255504584431885,0.024972715796647872,0.0025589900288705766
1166497,0,081,S,06081600200,1400000US06081600200,+37.7045748,-122.4158780,G5020,6002,Census Tract 6002,06,600200,False,san_francisco,Coastal / compact / bay-influenced,San Francisco,,True,27.957694835680762,06,California,False,,,,False,False,Missing,False,29.713333333333367,16.363990885969546,0.16888297872340421,221,san_francisco,2024,GOOGLE/SATELLITE_EMBEDDING/V1/ANNUAL,/Users/yufeizhou/Desktop/heat-exposure-compare/data/processed/san_francisco/san_francisco_master_lst_hi_hotcompare.gpkg,san_francisco_master_lst_hi_hotcompare,0.1539422620286594,-0.2210433424145179,0.00276872855228816,0.06795019097403768,0.07061701088649137,-0.06431612463302672,0.016021664227985417,-0.013927346949558491,-0.04325797501357612,0.01190072693588564,0.09545666198730174,-0.012082138260290694,-0.2121963568870217,-0.21588575221860176,-0.07388875776138007,-0.168708954499756,0.1488097646143166,0.021669060656321577,-0.09005388006877134,0.07794285060529597,0.09467541384318834,0.022864590258646615,-0.19799645496923213,-0.03222700335105001,-0.0043262442074872365,0.22746686634682986,-0.011347987192224667,0.08727127550743322,0.10757184731439683,0.0719013152340192,0.029259023063974498,-0.10361530544437073,0.04656503598895482,-0.10197947864329115,0.055659670264899895,0.029410957853900632,-0.10651275874199224,-0.03657285541362001,-0.1296904181791606,0.08224458099186048,-0.028080554987575966,-0.16498212836480072,-0.010175690519799248,-0.059231251963552445,0.12342876320309697,0.08386911218780942,-0.04913111013237347,0.0014269183005741386,0.003042459720657827,0.030881241733318143,-0.09529879006966792,0.16494376200818836,-0.0972939435237416,0.06800848120222709,0.02168892420282572,-0.26541747794963233,0.15058375344967456,-0.015064283407847294,-0.024765170768803718,-0.017798648359386677,0.19827493151427011,-0.11829086912015216,-0.1149771161776989,0.09834087455953062
1881363,0,075,S,06075030900,1400000US06075030900,+37.7282698,-122.4683645,G5020,309,Census Tract 309,06,030900,True,san_francisco,Coastal / compact / bay-influenced,San Francisco,15.636442977794673,True,26.466559485530585,06,California,True,0.19680851063829788,0.09840425531914894,-0.09840425531914894,False,False,Neither hotspot,False,29.713333333333367,16.363990885969546,0.16888297872340421,222,san_francisco,2024,GOOGLE/SATELLITE_EMBEDDING/V1/ANNUAL,/Users/yufeizhou/Desktop/heat-exposure-compare/data/processed/san_francisco/san_francisco_master_lst_hi_hotcompare.gpkg,san_francisco_master_lst_hi_hotcompare,0.14452555817105184,-0.2505344697540353,0.09247924104518238,0.04047260471175692,0.07978810458781185,-0.06709891668980088,-0.04057320274866759,-0.04631291199982095,0.07308699402878827,-0.07806053952024862,0.09586235493322529,0.0057850304172605005,-0.22958091781397907,-0.22105159402413047,-0.0196876648143988,-0.05643515741017608,0.08692438041057944,0.1461898929328916,-0.02964870552222937,0.019670065575301075,0.09464160110363969,0.12021986838231472,-0.12602989964838507,0.05387893752696488,-0.03301354676096533,0.3086073121116738,-0.036964618228416,0.06070551656827636,0.1489616560719391,0.0027886814454402857,0.028301202877465532,-0.09791711919072052,-0.06774953585063127,-0.059895724366097455,0.12075709113833612,-0.043483265055272134,-0.13208387328394317,0.020543676073087807,-0.11903535586352403,0.10428738955019454,-0.04025296656541335,-0.2050773785206241,0.034884526992039526,-0.0495441685600504,0.14116492091420235,0.07037908611948637,-0.10862865578712,0.031109980241006117,0.0782787398978817,-0.01796819989573909,-0.0775596643214252,0.13713356537908197,-0.07933063898049778,0.10713255344009537,0.012758156450844856,-0.31677075651238534,0.2022935015405776,0.009860518847583736,-0.0700550551558619,0.04780707318848975,0.21714058276438433,0.00626161964739645,-0.11721772846541018,0.02762529518044091
1071960,0,075,S,06075031100,1400000US06075031100,+37.7296129,-122.4462246,G5020,311,Census Tract 311,06,031100,True,san_francisco,Coastal / compact / bay-influenced,San Francisco,15.636442977794673,True,28.574058050383375,06,California,True,0.5904255319148937,0.09840425531914894,-0.49202127659574474,False,False,Neither hotspot,False,29.713333333333367,16.363990885969546,0.16888297872340421,223,san_francisco,2024,GOOGLE/SATELLITE_EMBEDDING/V1/ANNUAL,/Users/yufeizhou/Desktop/heat-exposure-compare/data/processed/san_francisco/san_francisco_master_lst_hi_hotcompare.gpkg,san_francisco_master_lst_hi_hotcompare,0.1840209588444557,-0.2339194708592084,0.09001036618672462,0.05104752236209391,0.08862708797019601,-0.08203062080516944,-0.052871907432737154,-0.059469508243310945,0.03217094689655302,-0.06458248238880582,0.08654907445696815,0.07592589139630979,-0.22823083684643672,-0.22475401983940171,-0.05307839257212786,-0.09449359025319629,0.11900074784642857,0.13227826963377368,-0.04099027398718734,0.08108710611622996,0.11119189834498314,0.12337598773658887,-0.13912701235483096,0.04192281960660892,-0.03655828573462634,0.2483966605147694,-0.04178874356436656,0.07564346412411485,0.1258525585733777,0.052866841131569586,0.031168942800067913,-0.10096431477335262,-0.03491482313314162,-0.10059740833165555,0.09096272093691553,-0.03180152630883168,-0.14453522144214428,-0.038428531091875814,-0.1286132367956368,0.11484600351670983,-0.07769760785670832,-0.16831120473833774,-0.006822944035334406,-0.06972756876762658,0.1386993486458649,0.1096431832748811,-0.04193157012697578,-0.0010605361332412457,0.053640926321233226,-0.006115965999320702,-0.05033896837805394,0.13667909293126002,-0.10944622236090319,0.04746409467801166,0.01595057841522749,-0.34037998172778255,0.18658460553644649,-0.014424727829854668,-0.07096454103223182,0.03858589121180729,0.2025710406963644,-0.03145954867887261,-0.13639714177704088,-0.002644421704830995
818834,0,075,S,06075031000,1400000US06075031000,+37.7286248,-122.4571615,G5020,310,Census Tract 310,06,031000,True,san_francisco,Coastal / compact / bay-influenced,San Francisco,15.636442977794673,True,28.15463706835802,06,California,True,0.4627659574468085,0.09840425531914894,-0.36436170212765956,False,False,Neither hotspot,False,29.713333333333367,16.363990885969546,0.16888297872340421,224,san_francisco,2024,GOOGLE/SATELLITE_EMBEDDING/V1/ANNUAL,/Users/yufeizhou/Desktop/heat-exposure-compare/data/processed/san_francisco/san_francisco_master_lst_hi_hotcompare.gpkg,san_francisco_master_lst_hi_hotcompare,0.15467298549085154,-0.2488719828337521,0.10931781570448162,0.03079579490046907,0.07659819908609747,-0.07596517683242049,-0.053336346739335024,-0.06090291825233028,0.03561613346760568,-0.06945510594758048,0.07991044999804674,0.0781669688478562,-0.2113246563105223,-0.2240336708253949,-0.03061413034817647,-0.07491156433956239,0.10931705938114754,0.15790245910277675,-0.023062683464125638,0.04849078926008157,0.10423992910523758,0.14951324636156424,-0.13494837280123406,0.0735421838996616,-0.03930627138236623,0.24385889182625897,-0.040721825301426616,0.07560973140761108,0.14493374320239147,0.025041827563464025,0.022623479928993107,-0.10032221772796296,-0.06658563054220706,-0.08868113401958837,0.10511799462963835,-0.041248235764543104,-0.14234623889424391,-0.028860292741955722,-0.11728257710051358,0.1273008341440831,-0.0678973854109513,-0.17694640489063715,0.017942629349786406,-0.07481750699993711,0.12466498669608074,0.10993131219830228,-0.061976499267782016,-0.001352386311429865,0.06638674397809832,-0.017931202125829545,-0.05486864576727017,0.14897985323723398,-0.09594801248060401,0.04570764723761512,0.009226976597766605,-0.32716924142666187,0.17183223047373192,-0.015203963080192751,-0.07679128355779799,0.034240046008568704,0.19496372726470065,0.0019509083383110807,-0.11240620542389697,-0.006087836400773624
844707,0,075,S,06075032700,1400000US06075032700,+37.7601691,-122.4911696,G5020,327,Census Tract 327,06,032700,True,san_francisco,Coastal / compact / bay-influenced,San Francisco,,True,24.41398902520013,06,California,False,,,,False,False,Missing,False,29.713333333333367,16.363990885969546,0.16888297872340421,225,san_francisco,2024,GOOGLE/SATELLITE_EMBEDDING/V1/ANNUAL,/Users/yufeizhou/Desktop/heat-exposure-compare/data/processed/san_francisco/san_francisco_master_lst_hi_hotcompare.gpkg,san_francisco_master_lst_hi_hotcompare,0.11229813528078261,-0.24374765676315097,0.1235049130071696,0.024660089569679314,0.03297347360801279,-0.12164771344762805,-0.08758052537881077,-0.06067268893198796,0.011846995709190447,-0.03913004626035715,0.1461144611124707,0.09311611060320849,-0.13927297285917722,-0.18234762469149093,-0.08546102716950962,-0.07470138830120789,0.14253939825568696,0.15966397360660506,-0.014429237921500743,-0.053811341552347375,0.12190507558191338,0.11375805856641098,-0.09382114076233816,0.06179018927641933,-0.07615336493387088,0.20302884103899618,-0.04497316036815789,0.12119212505233538,0.08130608128118949,0.05512065887446892,0.056849272173281555,-0.11837542508807111,0.007326284936210359,-0.20032349571728544,0.056315407783369596,-0.07527180137556434,-0.2567546370454907,0.06546121741347888,-0.12114226932054817,0.08611062848537328,-0.06043447629600636,-0.23871048506914658,-0.03559273725201998,-0.09706512949718532,0.1548625261168676,0.08070449082648783,-0.07478782571710658,0.03776689839227633,0.15934346332214247,0.01300951393081256,-0.08013310913081367,0.21259513271777508,-0.17311562410610076,0.06192461016646263,0.021769477726348026,-0.3103215799447166,0.13254295443169248,-0.04871244486380587,-0.005847400773317591,0.0044516844898275015,0.16920178102935152,0.01435563417455269,-0.10063963361373725,0.013974879011681141
892075,0,075,S,06075033100,1400000US06075033100,+37.7322046,-122.4871887,G5020,331,Census Tract 331,06,033100,True,san_francisco,Coastal / compact / bay-influenced,San Francisco,15.636442977794673,True,24.32903754427394,06,California,True,0.0851063829787234,0.09840425531914894,0.013297872340425537,False,False,Neither hotspot,False,29.713333333333367,16.363990885969546,0.16888297872340421,226,san_francisco,2024,GOOGLE/SATELLITE_EMBEDDING/V1/ANNUAL,/Users/yufeizhou/Desktop/heat-exposure-compare/data/processed/san_francisco/san_francisco_master_lst_hi_hotcompare.gpkg,san_francisco_master_lst_hi_hotcompare,0.10558240802428333,-0.2692418280414879,0.10361157598048847,0.06680036141427773,0.059622120800376426,-0.08986127568111342,-0.1035385028028428,-0.06370633403824931,0.02841099460999266,-0.02535853257335716,0.12561267816098226,0.07667892544320835,-0.16988503009002034,-0.21168885041906546,-0.07461858548258084,-0.0818732861009102,0.1143251219786453,0.14424693600883534,-0.02745421547780139,-0.04956747293081565,0.1103520051188113,0.13523508002302814,-0.1329196067268031,0.06302662379597569,-0.09066109425290135,0.2140760715933926,-0.052879301553615685,0.10860611131710518,0.09369706968708898,0.035439415736978785,0.020152857269577756,-0.13118594838425676,-0.016435914960617106,-0.1894685034038809,0.048247051995498634,-0.03972657495252501,-0.17201739507371802,0.04238035842548609,-0.12600571088882948,0.15994259947694048,-0.049249237038678395,-0.20449009689274883,-0.004997252382164831,-0.08729274029155741,0.16689597884295707,0.0854957475984965,-0.05602946346816264,0.012567125629392918,0.13875027426966077,-0.02800259767410812,-0.06541653225159215,0.21751352819303393,-0.1125113792246049,0.06829881750002995,-0.005645300691023112,-0.30532753973258436,0.15973181371300238,-0.047234483752465896,-0.04700673699417961,0.018878112408211852,0.19196218257867195,-0.0004864103826856908,-0.08494639831998997,0.008962545085167539
933928,0,075,S,06075033201,1400000US06075033201,+37.7263801,-122.4798147,G5020,332.01,Census Tract 332.01,06,033201,True,san_francisco,Coastal / compact / bay-influenced,San Francisco,15.636442977794673,True,24.48853843905295,06,California,True,0.10106382978723404,0.09840425531914894,-0.0026595744680850963,False,False,Neither hotspot,False,29.713333333333367,16.363990885969546,0.16888297872340421,227,san_francisco,2024,GOOGLE/SATELLITE_EMBEDDING/V1/ANNUAL,/Users/yufeizhou/Desktop/heat-exposure-compare/data/processed/san_francisco/san_francisco_master_lst_hi_hotcompare.gpkg,san_francisco_master_lst_hi_hotcompare,0.11310137222948559,-0.26382561766228474,0.07010364481277889,0.06609314388188571,0.052886181071915256,-0.10524483962180349,-0.015922601442504198,0.014874979965696498,0.007854074619788374,-0.023831295069330342,0.07360520378015752,0.006039155036108554,-0.18727238894598924,-0.19279348301648103,-0.05095242514076621,-0.1049736943825741,0.08571392900499339,0.1039045930873849,-0.07051446614404167,0.016132292130135378,0.1352240278710432,0.08124227528399926,-0.15686150619154252,0.03894970533490295,-0.0413974309765758,0.2115937549375119,0.003097711161027387,0.0712014521398897,0.09862743267479814,0.03375339659464235,0.023218002431246457,-0.10449825484379303,-0.01098837374398971,-0.09240026420473545,0.05627298746150413,-0.007785584416425293,-0.113605696552559,0.021464054967643698,-0.14197550303371237,0.06943830041803922,-0.008265375465916125,-0.18817238066604552,-0.01790993062628382,-0.07841476768964774,0.12561504533018586,0.13075332412386131,-0.06931539975887008,0.02707037961328635,0.06845039190136974,-0.016084603428444345,-0.13330434995377202,0.19800033529123878,-0.10301504328790907,0.06932129518098912,0.022591074030273765,-0.30267327046542564,0.15028941293011056,-0.02393610476057331,-0.04259119440869596,0.04877486037650404,0.20934528785306908,-0.07886244097221247,-0.035273906003740266,0.03813691997072048
939755,630051,075,S,06075035201,1400000US06075035201,+37.7566323,-122.5104356,G5020,352.01,Census Tract 352.01,06,035201,True,san_francisco,Coastal / compact / bay-influenced,San Francisco,,True,24.24477182539687,06,California,False,,,,False,False,Missing,False,29.713333333333367,16.363990885969546,0.16888297872340421,228,san_francisco,2024,GOOGLE/SATELLITE_EMBEDDING/V1/ANNUAL,/Users/yufeizhou/Desktop/heat-exposure-compare/data/processed/san_francisco/san_francisco_master_lst_hi_hotcompare.gpkg,san_francisco_master_lst_hi_hotcompare,0.01702796909736423,-0.22756204227816873,0.02441785676382568,0.02358656188967667,-0.0026822569428078544,-0.012177718621686246,-0.029523427487998417,0.038278198519639844,-0.002903593022218381,0.06853333068818326,0.111905103521572,-0.03674311348580853,-0.12599720194534914,-0.2003549644155453,-0.00537578628354257,-0.07815130997086828,0.09595280593235365,0.02620776019838932,-0.045518619160758986,-0.0361208581229425,0.11259210887849565,0.15963735818636085,-0.14399895502156781,0.07334443662570095,-0.13394629491199397,0.07978458833572104,-0.017768992736983288,-0.006624696843788391,0.1026129272679688,0.003710016350675096,-0.01009041199409986,0.0018998891449485261,0.08156299850548626,-0.2087370710153399,0.006786723757535903,0.06408383708136377,-0.02313310303627211,0.025606222509598302,-0.17193957574865354,0.1669304200551395,-0.04098439276637667,-0.20318460574093783,0.007727314462105093,-0.06262230196533247,0.08659523184573559,0.13061464891274255,-0.09416883587058968,0.07240525824888228,0.048673166414135834,0.007439240586788782,-0.06578154627557291,0.24219162058125265,-0.12562749999702014,-0.0010062540654418694,-0.009940967372027336,-0.22817770792646452,0.06016859434786258,0.010022165598247857,-0.028836678707327746,0.04305367560677056,0.10968130434487777,-0.15112296641248715,-0.008287378752359967,0.13087914166820294
1122296,0,075,S,06075035300,1400000US06075035300,+37.7425282,-122.4978589,G5020,353,Census Tract 353,06,035300,True,san_francisco,Coastal / compact / bay-influenced,San Francisco,15.636442977794673,True,21.975526362224766,06,California,True,0.031914893617021274,0.09840425531914894,0.06648936170212766,False,False,Neither hotspot,False,29.713333333333367,16.363990885969546,0.16888297872340421,229,san_francisco,2024,GOOGLE/SATELLITE_EMBEDDING/V1/ANNUAL,/Users/yufeizhou/Desktop/heat-exposure-compare/data/processed/san_francisco/san_francisco_master_lst_hi_hotcompare.gpkg,san_francisco_master_lst_hi_hotcompare,0.0860977144588677,-0.2686747959530152,0.15122379754159196,0.032906387759831596,0.03179630907102668,-0.1086158514556727,-0.07528306926371792,-0.035639459250589485,0.0032570100605456226,-0.020010566688786504,0.11345742506650557,0.05946228559384557,-0.1512430069324018,-0.1919912221893302,-0.05338585934885092,-0.10408200483300191,0.1187409372520662,0.14475606891828866,-0.028432340004393132,-0.04658902887831155,0.12182123613524788,0.11869211600622886,-0.11878407461671968,0.041589634814594184,-0.08061533317193147,0.2004174448871324,-0.0425595622744762,0.10333734371783322,0.09110776121598278,0.04091469420600643,0.06728072723506061,-0.11280592515855398,0.0008334117828985267,-0.19343367745926326,0.05067960050969185,-0.020842058243617834,-0.18791572626326258,0.055924377860584774,-0.13503921264007746,0.10187714550933313,-0.028924344200085418,-0.23167398779071618,-0.05981878071396282,-0.09047542698594228,0.16053240731536123,0.09750814077423729,-0.059329305994814126,0.039012151534290405,0.14200387111837376,0.03668053350298015,-0.08962873208278667,0.2437261010799715,-0.15152977986597563,0.06338187778245098,0.013798766172268549,-0.3011430125414484,0.1353230329678249,-0.05173364181231584,-0.04769256310527357,0.039806204945898024,0.16311931289663914,-0.041527588771951965,-0.08316158713523758,0.015046059503177752
1030801,557642,075,S,06075035400,1400000US06075035400,+37.7421123,-122.5072288,G5020,354,Census Tract 354,06,035400,True,san_francisco,Coastal / compact / bay-influenced,San Francisco,15.636442977794673,True,21.602802197802227,06,California,True,0.026595744680851064,0.09840425531914894,0.07180851063829788,False,False,Neither hotspot,False,29.713333333333367,16.363990885969546,0.16888297872340421,230,san_francisco,2024,GOOGLE/SATELLITE_EMBEDDING/V1/ANNUAL,/Users/yufeizhou/Desktop/heat-exposure-compare/data/processed/san_francisco/san_francisco_master_lst_hi_hotcompare.gpkg,san_francisco_master_lst_hi_hotcompare,0.021481067378822518,-0.22709952285613857,0.0305322356737743,0.01556623672216026,-0.0026736385000072126,-0.028192229483268005,-0.04068397900896728,0.028120204880408988,0.005828095425830822,0.06747333092359883,0.10940511919011292,-0.011126354131952362,-0.11899247751487484,-0.1940893214520249,-0.019109390012525984,-0.08056568142302865,0.10041739906410746,0.03377576946825155,-0.03901463169791001,-0.03426051564139989,0.11218658785130772,0.16106527204847232,-0.12435813278281274,0.08089659519976995,-0.13616050290323015,0.09093989368351434,-0.02973221737921538,0.009045950609238542,0.10006806570438856,-0.0053935084702237445,0.0005273251338741008,-0.008006721729812342,0.0828849532846826,-0.21133217806122004,0.024658820418434133,0.04646368002695282,-0.039625889317171335,0.04417486083481905,-0.16338664983875087,0.1482375495705528,-0.04569734457710654,-0.2138207870930333,-0.0011820357561868299,-0.060182091438738566,0.09467060453714725,0.13010083478180492,-0.09466367740822458,0.07356904655896283,0.06754724039677963,0.022159851343830285,-0.07146729848913479,0.24855511684435608,-0.11839161060697716,0.002468729070884607,0.0033267179331270724,-0.24035500510335725,0.05974231415695129,0.001608878669456722,-0.03681685681490977,0.04379496048781261,0.11176306094445891,-0.15231328374645706,-0.014350493926898092,0.1241274428936999
419128,0,075,S,06075040100,1400000US06075040100,+37.7851587,-122.4618150,G5020,401,Census Tract 401,06,040100,True,san_francisco,Coastal / compact / bay-influenced,San Francisco,,True,24.81457142857147,06,California,False,,,,False,False,Missing,False,29.713333333333367,16.363990885969546,0.16888297872340421,231,san_francisco,2024,GOOGLE/SATELLITE_EMBEDDING/V1/ANNUAL,/Users/yufeizhou/Desktop/heat-exposure-compare/data/processed/san_francisco/san_francisco_master_lst_hi_hotcompare.gpkg,san_francisco_master_lst_hi_hotcompare,0.10136983667946785,-0.26367134626606914,0.12315862700749886,0.005660708799191346,0.05759981439871667,-0.14122333447624333,-0.075226057591544,-0.06026493759033831,0.010364812153771457,-0.03586259533699202,0.09421304999830737,0.11718600579375224,-0.12559208355538262,-0.1776690618117194,-0.10088291958975376,-0.060378087871423465,0.1475603012480884,0.15871725106218895,-0.0002908491230060232,-0.0016538321153014715,0.1018468795324308,0.12633086434358204,-0.07530808415450396,0.10804127085579952,-0.061000925849053866,0.18948862615307932,-0.06533640277817242,0.09679436969486042,0.12355227248627382,0.0059064260536811864,0.018504731515849766,-0.11631988197367905,-0.015974293456652973,-0.1628501543704826,0.0644176623948757,-0.11422504073086118,-0.2053395208049405,0.05036443476743289,-0.10937700660211508,0.0609098611324792,-0.07708392859617844,-0.2236896792995519,-0.01216978980811299,-0.09062092209284815,0.1316903547451431,0.13547075285122262,-0.08939459262271916,0.03229573084763864,0.15804303845287726,0.0030476301139118443,-0.1101041259128931,0.20808992919933317,-0.13436964693700004,0.08666283291032459,0.024817206151583955,-0.3170098959116797,0.1474153609617738,-0.05910375130776829,-0.013574530091885764,0.005670764366667491,0.15232838355887537,-0.014635805007312503,-0.06978797174219271,-0.029386732500073794
531470,0,075,S,06075040200,1400000US06075040200,+37.7843303,-122.4683869,G5020,402,Census Tract 402,06,040200,True,san_francisco,Coastal / compact / bay-influenced,San Francisco,,True,24.14772030651344,06,California,False,,,,False,False,Missing,False,29.713333333333367,16.363990885969546,0.16888297872340421,232,san_francisco,2024,GOOGLE/SATELLITE_EMBEDDING/V1/ANNUAL,/Users/yufeizhou/Desktop/heat-exposure-compare/data/processed/san_francisco/san_francisco_master_lst_hi_hotcompare.gpkg,san_francisco_master_lst_hi_hotcompare,0.10325784766846599,-0.26014645559421873,0.09676902628272,0.022732265064087386,0.04546987210789145,-0.13535208649705666,-0.07168166192934522,-0.0473482372151675,0.026086562045077547,-0.03417796588492448,0.10697484380860357,0.09847280009364603,-0.13925419496855646,-0.16944765066241832,-0.09536052896533508,-0.07227174297643202,0.1344596993175533,0.13168047134367458,-0.01499378652999597,-0.0013007826086869228,0.11455396199026444,0.10175593850091176,-0.06803983551268522,0.08962409881003988,-0.06799687607918317,0.19130840009974384,-0.07098570945078923,0.10432335699513469,0.1093108895008615,0.023547984432059882,0.025182640790954423,-0.11020727053125719,0.004276529593046822,-0.17038852886205602,0.057955880974605634,-0.09408540722111194,-0.2028275670470311,0.05946268131298572,-0.10890703106365568,0.06063897279717992,-0.06562165145176442,-0.2368900487807393,-0.02286364048841468,-0.09192338765762437,0.13562756615164379,0.11325040307642746,-0.08219679979006464,0.026331085451366025,0.15238366872083012,0.021363366438771927,-0.11702750120706228,0.20935378411738373,-0.14394899391251018,0.08630169117690262,0.03217237016627498,-0.3250940483285113,0.13615728106939107,-0.05693599872255268,-0.02153484623330921,0.006161704038451161,0.17111212963943412,-0.04941301049209826,-0.06195542376370374,-0.015369033448046849
409396,0,075,S,06075042700,1400000US06075042700,+37.7822707,-122.4881761,G5020,427,Census Tract 427,06,042700,True,san_francisco,Coastal / compact / bay-influenced,San Francisco,,True,22.613337959750197,06,California,False,,,,False,False,Missing,False,29.713333333333367,16.363990885969546,0.16888297872340421,233,san_francisco,2024,GOOGLE/SATELLITE_EMBEDDING/V1/ANNUAL,/Users/yufeizhou/Desktop/heat-exposure-compare/data/processed/san_francisco/san_francisco_master_lst_hi_hotcompare.gpkg,san_francisco_master_lst_hi_hotcompare,0.10902179281792386,-0.26160952691852185,0.10376080407590475,0.006747492548405633,0.05278565468453162,-0.13420479677891947,-0.09875600092217213,-0.08509046669576861,-0.017872028366618435,-0.009521237016451684,0.125954587382329,0.105165803202495,-0.12988531670037443,-0.20073815171464796,-0.10952867460785656,-0.10339343720653453,0.17946674637515045,0.1330542496277404,-0.034053238936401324,0.005703219083715897,0.10841465212172885,0.10110644116702817,-0.09949009451764132,0.07480273236435309,-0.06930294168066599,0.1766847128700524,-0.03044528819342466,0.11252659843051627,0.07842713662130807,0.057524260944839915,0.0340533897197127,-0.13233964729760347,0.03529942134425539,-0.2172551766184205,0.06720576141869905,-0.09511795270509273,-0.234839655073168,0.03742165497638161,-0.10214286813415274,0.07055790136965187,-0.08764363215015152,-0.22617860815990867,-0.03971243031612589,-0.09847492269697088,0.14331191191782452,0.12215061052358162,-0.05717249970647939,0.0266210811706767,0.16765368439414732,0.029109817422963532,-0.09198851119625126,0.22064477996863865,-0.17172959595578444,0.057789446106889734,0.05693738147131139,-0.3073666531863979,0.12769283148226826,-0.0659272111390027,-0.0003648954272156784,-0.018508411540210847,0.1499970587984364,-0.02946427588323791,-0.08377308420376992,0.0014883746260280642
566490,318183,075,S,06075042800,1400000US06075042800,+37.7880433,-122.4885865,G5020,428,Census Tract 428,06,042800,True,san_francisco,Coastal / compact / bay-influenced,San Francisco,,True,20.730872538615774,06,California,False,,,,False,False,Missing,False,29.713333333333367,16.363990885969546,0.16888297872340421,234,san_francisco,2024,GOOGLE/SATELLITE_EMBEDDING/V1/ANNUAL,/Users/yufeizhou/Desktop/heat-exposure-compare/data/processed/san_francisco/san_francisco_master_lst_hi_hotcompare.gpkg,san_francisco_master_lst_hi_hotcompare,0.07383466731966636,-0.1989984828454727,-0.011172871487388599,0.004850024072954107,0.04120463491032203,-0.0026865903146237992,-0.036782301961304886,0.032454021410965525,0.07113443977459073,-0.045629946505679524,0.11966216625637376,-0.01493716862071859,-0.16074965301768807,-0.2225116917207136,0.014187515473948812,-0.035754903220711495,0.12537595099624202,0.032859560097878916,-0.06063477448101341,0.027201059593465027,0.10670424044540915,0.1038074051595294,-0.07033415790149013,0.12118524419157108,-0.06140448431979333,0.13148923942091736,-0.02682957233111646,-0.037581524172092234,0.14699812696769224,0.021892599280204053,-0.06822851446470928,0.046195568468614875,0.06816058773113345,-0.09929444896633262,0.024105384507543313,-0.020963380724656405,-0.019927765502693776,0.0036838989398434957,-0.14079925655826955,0.08974443737728449,-0.07258977057708105,-0.23512457217221822,0.07698795452469807,-0.019725827415633616,0.10332127462946306,0.15567148350300114,-0.1011466686776033,0.06079264155379943,0.053619719884450516,-0.011164152820661221,-0.0668338418963191,0.15057080830901026,-0.12716026923165494,0.07289514809088127,0.01979578804078485,-0.24720695239721535,0.10759116594488176,0.01299168911683999,-0.005681203770490232,0.018404648949438263,0.13609412679491262,-0.12896993846898655,-0.0077598331116846,0.10097407583994138
531173,0,075,S,06075047600,1400000US06075047600,+37.7767733,-122.4755440,G5020,476,Census Tract 476,06,047600,True,san_francisco,Coastal / compact / bay-influenced,San Francisco,,True,25.740806368772496,06,California,False,,,,False,False,Missing,False,29.713333333333367,16.363990885969546,0.16888297872340421,235,san_francisco,2024,GOOGLE/SATELLITE_EMBEDDING/V1/ANNUAL,/Users/yufeizhou/Desktop/heat-exposure-compare/data/processed/san_francisco/san_francisco_master_lst_hi_hotcompare.gpkg,san_francisco_master_lst_hi_hotcompare,0.10201561476694426,-0.2765358827254951,0.12535033913043162,0.017302808777877387,0.041081335045356035,-0.12875655440461264,-0.0941812225559801,-0.06633754631323453,-0.00035177389808039856,-0.01918894437281298,0.14939046057950942,0.09101160100352307,-0.12974293356970248,-0.17561105238119964,-0.08427206697741321,-0.0866387540596143,0.146608100919016,0.13571222385504808,-0.028381718440653694,-0.013378832171458582,0.09452294803414404,0.09576096975469806,-0.08293515794323224,0.06180843477091262,-0.0729412013597694,0.2126305041159553,-0.0431170870141776,0.11184386362835282,0.0838832831362328,0.03800237447533511,0.04130430232583321,-0.12324756785476176,0.015256431081991631,-0.1838559515455124,0.06559122797396845,-0.10399112147909477,-0.2303906353032612,0.06600821396275505,-0.09588875998344973,0.07488132848663599,-0.07164772883794794,-0.23894334393029562,-0.02760019325311071,-0.08436615377908993,0.14609827570546097,0.09791492537090486,-0.0688078120239873,0.05484300410271242,0.18990092712400075,0.017856096736881266,-0.10105914798918142,0.21101494237156712,-0.16345266131676034,0.08067245520652483,0.049224969826963824,-0.31757881758154227,0.12748393278058498,-0.04895655966870095,0.0033297829830748896,0.005765980691322031,0.1646884349834284,-0.010752059170380952,-0.08201360514926027,-0.009928869135767002
904078,0,075,S,06075017700,1400000US06075017700,+37.7680440,-122.4124918,G5020,177,Census Tract 177,06,017700,True,san_francisco,Coastal / compact / bay-influenced,San Francisco,16.363990885969546,True,30.93052691867126,06,California,True,0.9095744680851063,0.5877659574468085,-0.32180851063829785,True,True,Both LST and HI hotspot,False,29.713333333333367,16.363990885969546,0.16888297872340421,236,san_francisco,2024,GOOGLE/SATELLITE_EMBEDDING/V1/ANNUAL,/Users/yufeizhou/Desktop/heat-exposure-compare/data/processed/san_francisco/san_francisco_master_lst_hi_hotcompare.gpkg,san_francisco_master_lst_hi_hotcompare,0.09264620259550585,-0.26184154187953457,0.12073354651638911,-0.03870678731913108,0.025677767076250274,-0.17944806132259666,-0.03187365174265536,-0.05419871217389724,-0.11011276211707129,0.02461394991724377,0.1287741280263631,0.12100008201891788,-0.06665629473517039,-0.17638792695411068,-0.09811199993022157,-0.1387170933272007,0.21867675793977975,0.09760704138687248,-0.0359622894136939,0.012997095804534793,0.07857855194392759,0.06463410052203432,-0.14494578113722348,0.010074311870121021,-0.03717090491154906,0.11474773204707814,-0.03940573082755967,0.13688692869826874,0.07062090482197046,0.049325956936680876,0.0658160687197798,-0.12362537720636971,0.03939451152574365,-0.20329760678949077,0.04528268418623387,-0.059333862551781504,-0.2728516321349979,0.0028883903525782615,-0.07507893877919784,0.057671201759919376,-0.04915982467752424,-0.1687093252657923,-0.023346696473216154,-0.13422254762557045,0.07452933439759875,0.13075145320290774,-0.07278982552627845,0.07138609388850957,0.1379499389612649,0.059846936847077946,-0.11284226494349965,0.24193802028358982,-0.1604776684556074,0.031730441630889374,0.07497074454704718,-0.22687308939560366,0.09566073429368158,-0.061835943873939335,0.0339057298791401,-0.06490141124868704,0.11311034158645182,-0.07399622228648181,-0.127813423404595,0.05998538389909468
858134,0,075,S,06075023400,1400000US06075023400,+37.7215886,-122.3900583,G5020,234,Census Tract 234,06,023400,True,san_francisco,Coastal / compact / bay-influenced,San Francisco,,True,29.906229086229118,06,California,False,,,,False,False,Missing,False,29.713333333333367,16.363990885969546,0.16888297872340421,237,san_francisco,2024,GOOGLE/SATELLITE_EMBEDDING/V1/ANNUAL,/Users/yufeizhou/Desktop/heat-exposure-compare/data/processed/san_francisco/san_francisco_master_lst_hi_hotcompare.gpkg,san_francisco_master_lst_hi_hotcompare,0.08919739449129953,-0.24691321591247894,0.06335781057716663,0.0977600264413733,0.09489593750046242,-0.059545670437655594,-0.03552905961544769,0.013030473560563392,-0.11400231708333926,0.05243476437677078,0.0957660420631454,0.01414017601137271,-0.13984972422042674,-0.22580797128621377,-0.09773920661071407,-0.1272690771555497,0.15705765449914405,0.08579405726032441,-0.07609087171091757,0.01485821512253347,0.09251918163405769,-0.005266251451387642,-0.16408602011792667,0.012273393967545782,0.027995513018932855,0.21300878334088516,0.005274676496583854,0.13767275864227874,0.07541832723111704,0.024975422629127997,-0.01657121178190881,-0.09534628512404279,0.03709969168281436,-0.1713733242070607,0.0721294767030125,-0.009438731603528712,-0.10696554162586447,-0.04417579774442099,-0.1624552284474668,0.13670797556440198,0.013716965043268962,-0.2097631732635452,-0.009554573771698688,-0.07811918215618395,0.15022721955787754,0.11890980253921993,-0.02796425879824453,0.017040360678618215,0.07865234702457649,0.018979679018596,-0.10206887358623351,0.23905811638051006,-0.08970731543521762,0.04400196977019062,0.015818228309611004,-0.2803906705216459,0.18600477956857764,-0.04051333379326872,-0.01880288488874777,-0.02890361531930339,0.15865159287094288,-0.07917293070022384,-0.051022911974887605,0.024872903952932544
552278,0,075,S,06075025100,1400000US06075025100,+37.7439404,-122.4076933,G5020,251,Census Tract 251,06,025100,True,san_francisco,Coastal / compact / bay-influenced,San Francisco,16.363990885969546,True,30.864526515151535,06,California,True,0.898936170212766,0.5877659574468085,-0.31117021276595747,True,True,Both LST and HI hotspot,False,29.713333333333367,16.363990885969546,0.16888297872340421,238,san_francisco,2024,GOOGLE/SATELLITE_EMBEDDING/V1/ANNUAL,/Users/yufeizhou/Desktop/heat-exposure-compare/data/processed/san_francisco/san_francisco_master_lst_hi_hotcompare.gpkg,san_francisco_master_lst_hi_hotcompare,0.1880814533013315,-0.21338602297575113,0.04338440977632201,0.027501520125009293,0.09110257260757575,-0.06354599638356377,-0.02556194829399746,-0.0443545103526903,0.0008916669167089114,-0.07740286453718641,0.10315351834690749,0.08331450857267579,-0.20857260783351667,-0.24646637832511703,-0.024023633546320082,-0.11724788024329669,0.1631245250510828,0.09162758410111856,-0.09330816749033992,0.11527077525083074,0.0833869828487122,0.08227697132860515,-0.17714111788603618,0.020003310296927593,0.009592630941921114,0.2472970136209771,-0.012966966544697003,0.06029696583972553,0.14884735791807532,0.06042586582573726,0.03060254123383994,-0.07359453894883689,0.0041626810649632116,-0.06927084248954711,0.12448393867584182,-0.01855976312495831,-0.13661121179536706,-0.059665011205482364,-0.11751308696994361,0.08542379678293596,-0.09925594583440184,-0.16802999723725376,0.02660137115837166,-0.07234061699887706,0.13966581882353363,0.09361995088679813,-0.06657896067554742,0.046203749481291724,0.025512927855859114,0.02320783107039878,-0.060843684277509205,0.09449605434966596,-0.08196596163579364,0.06569676158521298,0.029554141758869903,-0.27280128935486725,0.19271054359326195,-0.028633690632014087,-0.08118783522046125,0.025905343124138745,0.18987039982244708,-0.03361082190706687,-0.15243480389167008,0.06923858400967996
364728,0,075,S,06075047701,1400000US06075047701,+37.7782559,-122.4840627,G5020,477.01,Census Tract 477.01,06,047701,True,san_francisco,Coastal / compact / bay-influenced,San Francisco,,True,24.555521885521916,06,California,False,,,,False,False,Missing,False,29.713333333333367,16.363990885969546,0.16888297872340421,239,san_francisco,2024,GOOGLE/SATELLITE_EMBEDDING/V1/ANNUAL,/Users/yufeizhou/Desktop/heat-exposure-compare/data/processed/san_francisco/san_francisco_master_lst_hi_hotcompare.gpkg,san_francisco_master_lst_hi_hotcompare,0.11994823281743247,-0.2613108408255101,0.12984306234718504,0.005439837618643048,0.05248067249255187,-0.14103622086057258,-0.08745000339116324,-0.08030703564626648,-0.012379606328098676,-0.01708933259285223,0.14988532949760924,0.11687576705455038,-0.1298475943624771,-0.19896666577894148,-0.0945454243023797,-0.10137089789614732,0.17235049736917796,0.1367549568635107,-0.03218240151480247,0.0010033254405309104,0.10381110725912127,0.10213167291363905,-0.09823383824563779,0.052804991728337164,-0.05821565974058962,0.178870920660154,-0.03005071527907431,0.128186542724479,0.06414495459346592,0.0494212987021719,0.052889589729905394,-0.12618949215004213,0.01474627097798912,-0.20367663051038143,0.08157769054210678,-0.0970194009971627,-0.26267516787881656,0.032400440182417244,-0.08904281952713779,0.06630102215602364,-0.07496368721310308,-0.23673507470996313,-0.03544740483235143,-0.09470336498057964,0.13557737036443412,0.10342965627976332,-0.05346608824455227,0.0345326557004127,0.17004746104908594,0.041303210191613836,-0.09105846032569999,0.2087599766107716,-0.1838626403852505,0.06266535319225636,0.05009864305141368,-0.31295787464500574,0.1227790547899824,-0.06266686489046985,-0.004615588499644923,-0.015200422720695468,0.1369125112663864,-0.008221637593919438,-0.10682844473263861,0.01293132565389831
6126570,20328116,075,S,06075060100,1400000US06075060100,+37.8073470,-122.4749184,G5020,601,Census Tract 601,06,060100,True,san_francisco,Coastal / compact / bay-influenced,San Francisco,16.363990885969546,True,20.858484788739155,06,California,True,0.015957446808510637,0.5877659574468085,0.5718085106382979,False,True,HI-only hotspot,True,29.713333333333367,16.363990885969546,0.16888297872340421,240,san_francisco,2024,GOOGLE/SATELLITE_EMBEDDING/V1/ANNUAL,/Users/yufeizhou/Desktop/heat-exposure-compare/data/processed/san_francisco/san_francisco_master_lst_hi_hotcompare.gpkg,san_francisco_master_lst_hi_hotcompare,0.033127129099885945,-0.14819966171934307,-0.12315780179976069,-0.04434528155481271,0.017186415885342553,0.03908547608296334,0.05675041580338057,0.14789137403921412,0.061794869646911624,0.011849420872953558,0.14030767254287027,-0.07438305036875058,-0.10390852126825496,-0.1994463978847839,0.07628635810828284,-0.026945104257425502,0.0912241756288737,-0.063038717193544,-0.028240531176258483,-0.0029335963944435235,0.1136258767440212,0.13281453094366213,-0.07303375995700939,0.14621350570006617,-0.07635407777871762,-0.046440841574914585,-0.007661769948561467,-0.14389871867898135,0.1405137005227519,-0.024109250725423026,-0.155524987663396,0.2020484894864903,0.10961053520030989,-0.06859994171241861,-0.07624100422895724,0.03856867045193524,0.10451768532636548,-0.015825945148199603,-0.12441478444794946,0.10176145226490317,-0.03461943909584164,-0.24925751814960714,0.15127817660706283,0.021121741887738837,0.026318814873791337,0.1598871706524341,-0.1439921656785167,0.08530898676027558,-0.04913171277395448,-0.015078434553925456,-0.027877664703345253,0.1298523897702203,-0.1005189869150403,-0.002214828476319126,-0.04565788136140563,-0.13508614780180916,-0.011230486862497668,0.07417673121349959,-0.006496047261384574,-0.005784775100191058,0.09616099101218115,-0.21624941026285083,0.028663762600912832,0.23572267371015074
410921,0,075,S,06075047902,1400000US06075047902,+37.7792384,-122.5041008,G5020,479.02,Census Tract 479.02,06,047902,True,san_francisco,Coastal / compact / bay-influenced,San Francisco,,True,20.915487922705353,06,California,False,,,,False,False,Missing,False,29.713333333333367,16.363990885969546,0.16888297872340421,241,san_francisco,2024,GOOGLE/SATELLITE_EMBEDDING/V1/ANNUAL,/Users/yufeizhou/Desktop/heat-exposure-compare/data/processed/san_francisco/san_francisco_master_lst_hi_hotcompare.gpkg,san_francisco_master_lst_hi_hotcompare,0.1125858063411924,-0.24719713258697862,0.14719746731087138,0.013065069760324484,0.05687428682750154,-0.14563885328499368,-0.08086203365269766,-0.04612625666672246,-0.01655640645760493,-0.03740134133998481,0.07166849361657551,0.10636568191196917,-0.13800386200570097,-0.1937306988998852,-0.10763134149931834,-0.07370405306661718,0.14651254783875128,0.20191069556118615,-0.005004160851018522,-0.0296929572187766,0.11016543458530684,0.15564862132870744,-0.1041976736868768,0.0812746546022448,-0.05379227714696179,0.1961472877378319,-0.06473043302782458,0.11713409213549897,0.09756524098806545,0.029503823226872613,0.04348336295302841,-0.09977558992426246,-0.02326485193212133,-0.14911397574302587,0.0959069683089616,-0.09334879196409313,-0.20925044891179517,0.03780036325912625,-0.1293970387190034,0.09873881215874582,-0.04869431096520711,-0.2142550244459235,-0.028420922480832195,-0.10360872528268801,0.14200680185161976,0.13733642273291424,-0.08727494162796906,0.05504678147148542,0.13665623084279185,-0.016709083819335998,-0.07878843207664216,0.22931800986138132,-0.12394954187978308,0.04245072822011396,0.004526129246165071,-0.3279377410776003,0.16533613932327745,-0.04332170445012434,-0.030825452017131997,0.029342162268851384,0.1484282897186139,-0.007072476560804676,-0.08297072333981466,-0.030219187396873945
286010,0,075,S,06075020300,1400000US06075020300,+37.7649354,-122.4294366,G5020,203,Census Tract 203,06,020300,True,san_francisco,Coastal / compact / bay-influenced,San Francisco,16.363990885969546,True,28.585813953488408,06,California,True,0.601063829787234,0.5877659574468085,-0.013297872340425565,False,True,HI-only hotspot,True,29.713333333333367,16.363990885969546,0.16888297872340421,242,san_francisco,2024,GOOGLE/SATELLITE_EMBEDDING/V1/ANNUAL,/Users/yufeizhou/Desktop/heat-exposure-compare/data/processed/san_francisco/san_francisco_master_lst_hi_hotcompare.gpkg,san_francisco_master_lst_hi_hotcompare,0.10219663914029256,-0.2760660336167858,0.14435573248471092,-0.017008744595649623,0.045495575748624194,-0.1541481736041535,-0.09871430727843647,-0.0683416224127948,-0.03607844265612639,-0.020521433208295976,0.12269952188108357,0.1636768731180002,-0.09450779095965497,-0.18817265129075741,-0.08859823498596234,-0.0939968681790228,0.18189449725747395,0.14537736735262813,-0.022385846925670208,0.016133769406153912,0.09836496419431147,0.09366313044884979,-0.08435023577652835,0.06722570237164405,-0.051089414031656476,0.1611733865352342,-0.053352642829447953,0.11633327006916082,0.10384506548180959,0.033179628583617254,0.047549811723713115,-0.12014881049802438,0.022144943413847533,-0.20210318584796896,0.06124348348806275,-0.09737961677871568,-0.260656669213232,0.008020431446512231,-0.07436572100947601,0.06565529933825723,-0.08872331387400999,-0.20515400448638219,-0.014253777362157714,-0.12717186164213007,0.10694749633488153,0.1181720980917414,-0.06793508304131547,0.07184265246049314,0.17134415655158064,0.031396262572532134,-0.0837917464263624,0.21663242342660954,-0.16370096625179895,0.05717413965577665,0.05211477321237899,-0.2925806378060017,0.122659137857758,-0.07763452158743833,0.002259617720178436,-0.023328275407360027,0.13723521459796653,-0.029694762144029725,-0.08008712635915213,-0.01576364962800505
312680,0,075,S,06075020900,1400000US06075020900,+37.7518211,-122.4184134,G5020,209,Census Tract 209,06,020900,True,san_francisco,Coastal / compact / bay-influenced,San Francisco,16.363990885969546,True,29.010000000000048,06,California,True,0.6569148936170213,0.5877659574468085,-0.06914893617021278,False,True,HI-only hotspot,True,29.713333333333367,16.363990885969546,0.16888297872340421,243,san_francisco,2024,GOOGLE/SATELLITE_EMBEDDING/V1/ANNUAL,/Users/yufeizhou/Desktop/heat-exposure-compare/data/processed/san_francisco/san_francisco_master_lst_hi_hotcompare.gpkg,san_francisco_master_lst_hi_hotcompare,0.10230140319072412,-0.2548502586718602,0.12643170829048905,-0.05106673297495206,0.035855006104390276,-0.17871939870217507,-0.0830589863710588,-0.07745193873179114,-0.05766915397495678,-0.008681981075388421,0.13695053339658733,0.16931435771754932,-0.07302610433276156,-0.19064848286650507,-0.1000673669593647,-0.10491938028875718,0.2054403338690577,0.12973178157414042,-0.031820931334125745,-0.0002876476773838081,0.08453018323368808,0.09547786664870848,-0.09979090307166973,0.06396100336680857,-0.05448481128173855,0.11814166894464954,-0.05888435507801253,0.13794868961054296,0.09998094582508527,0.042545517110140395,0.0600306728748707,-0.12378208542587578,0.03928685933058265,-0.21779892697196657,0.062285634739732795,-0.09940113497990714,-0.2935023017579071,0.03381416297001038,-0.07515382080821753,0.05508182772764829,-0.07826485947031864,-0.2129437771240544,-0.008804479054723468,-0.1336513676325957,0.09387179528737244,0.13515229741183066,-0.08504979052431852,0.058602376764435395,0.17431382365485162,0.05166986185597385,-0.098013620248695,0.23393457572788334,-0.15163082531743635,0.050110699230274405,0.045853845832344184,-0.2559299029159462,0.11105718331902643,-0.0780267245697832,0.007875765117198693,-0.04840818887721405,0.12254711767858723,-0.036474207358956796,-0.10965421895022791,0.02256161360899392
311804,0,075,S,06075021000,1400000US06075021000,+37.7515888,-122.4228445,G5020,210,Census Tract 210,06,021000,True,san_francisco,Coastal / compact / bay-influenced,San Francisco,16.363990885969546,True,29.010000000000048,06,California,True,0.6569148936170213,0.5877659574468085,-0.06914893617021278,False,True,HI-only hotspot,True,29.713333333333367,16.363990885969546,0.16888297872340421,244,san_francisco,2024,GOOGLE/SATELLITE_EMBEDDING/V1/ANNUAL,/Users/yufeizhou/Desktop/heat-exposure-compare/data/processed/san_francisco/san_francisco_master_lst_hi_hotcompare.gpkg,san_francisco_master_lst_hi_hotcompare,0.14786198216846433,-0.25104751779664075,0.12114870490371113,-0.023390972205758608,0.06633079256992752,-0.13017818552649582,-0.10894492135973977,-0.08787652427424134,-0.008561553669471719,-0.04766604882903887,0.13028204752657915,0.18041311218450046,-0.13040067689502396,-0.21997990135093495,-0.06930648869009279,-0.08162388794304744,0.18416396920979702,0.1374431989313656,-0.02645768964861387,0.04310186004001772,0.08480313874735997,0.10047932938402171,-0.09797782875726617,0.07069441873481715,-0.04985510072892669,0.18235504298854596,-0.05957114726879098,0.10313483636184959,0.1231523478998471,0.04671562695957381,0.03522046853042986,-0.11772925417685803,0.009853078137031422,-0.18550519976371282,0.0974081477614841,-0.08863317833145935,-0.2494252223189223,-0.007616144482291369,-0.07393937692621408,0.07195262104327206,-0.11412798195237195,-0.2050537835342187,0.010747708295675491,-0.11429799827663388,0.11900330504080088,0.11667749558128848,-0.08085550578742672,0.056284332056560527,0.1546040689125132,0.035801209417625275,-0.06031619848969714,0.1799700351290723,-0.14577389401779586,0.06972353492721348,0.0474810135129065,-0.29132109583703414,0.1422117030770558,-0.06391798739740574,-0.024261772824271315,-0.022110620371601164,0.15204187315344242,-0.007089583083258146,-0.12661594212347538,0.0024488241615356664
424228,0,075,S,06075021100,1400000US06075021100,+37.7539709,-122.4298155,G5020,211,Census Tract 211,06,021100,True,san_francisco,Coastal / compact / bay-influenced,San Francisco,16.363990885969546,True,28.346640625000035,06,California,True,0.5319148936170213,0.5877659574468085,0.05585106382978722,False,True,HI-only hotspot,True,29.713333333333367,16.363990885969546,0.16888297872340421,245,san_francisco,2024,GOOGLE/SATELLITE_EMBEDDING/V1/ANNUAL,/Users/yufeizhou/Desktop/heat-exposure-compare/data/processed/san_francisco/san_francisco_master_lst_hi_hotcompare.gpkg,san_francisco_master_lst_hi_hotcompare,0.17088619250350318,-0.23007414232363416,0.16460181801034396,-0.013574723531738768,0.083666581961427,-0.09909188568026872,-0.10034895582408676,-0.07422146699145912,0.01707079050284205,-0.07997778032298375,0.09598672558055987,0.18072733323576218,-0.15835446554705157,-0.22574500613481985,-0.04878250359146269,-0.04403536890375118,0.14647568350772935,0.1692515559260802,-0.0045699439575129725,0.04966602644032554,0.08692464330796071,0.12404946412232251,-0.08658861241743696,0.09052057663468652,-0.032109116312932826,0.21405349272350513,-0.08092483762008011,0.0809314522925321,0.15482066137720815,0.020848083617703538,0.03214264212622217,-0.08855735746225774,-0.03335232614913789,-0.1219261930467141,0.11989328470059286,-0.08583462683676579,-0.20786592012796692,-0.034646745272554014,-0.08984066137206492,0.05839686837209887,-0.12467679407206479,-0.19078733615615331,0.018961394023187653,-0.09933645301179227,0.12751098407841502,0.13075625340448624,-0.08125555714847657,0.05470646627791268,0.12300128177597856,0.01739625616809627,-0.05172190417212514,0.15051367841166682,-0.1430112432226315,0.06904262651366043,0.028351117586176817,-0.3339795285945418,0.16840687137478472,-0.05514508675857472,-0.02910003499714876,0.019975564036728784,0.14300430640325104,0.00018368753197578748,-0.12633961601451243,-0.044065938613880216
345793,0,075,S,06075021200,1400000US06075021200,+37.7531762,-122.4381261,G5020,212,Census Tract 212,06,021200,True,san_francisco,Coastal / compact / bay-influenced,San Francisco,16.363990885969546,True,26.877452978056432,06,California,True,0.26063829787234044,0.5877659574468085,0.32712765957446804,False,True,HI-only hotspot,True,29.713333333333367,16.363990885969546,0.16888297872340421,246,san_francisco,2024,GOOGLE/SATELLITE_EMBEDDING/V1/ANNUAL,/Users/yufeizhou/Desktop/heat-exposure-compare/data/processed/san_francisco/san_francisco_master_lst_hi_hotcompare.gpkg,san_francisco_master_lst_hi_hotcompare,0.18773152884348482,-0.21893190849170907,0.1516637245351451,0.00962797247936203,0.08059934855157522,-0.10216415020574722,-0.07386237313255073,-0.07344219191909228,0.03222747271761287,-0.09364932034748949,0.09187233963188089,0.14926274561692554,-0.1783549625999009,-0.2186063540359044,-0.05283456209511888,-0.04976087997609591,0.1391909119543022,0.1437674694711127,-0.018704846178041728,0.0678543213344436,0.09509606349051808,0.12523315805344065,-0.0847057081148506,0.08419042820301886,-0.032056431433235576,0.22444919062202748,-0.0829758960293894,0.05782275599998029,0.16206806466528423,0.025184030174061397,0.03180620240594897,-0.09306490458953082,-0.021045396528883147,-0.11862194360221541,0.12185017832201904,-0.07841956588082044,-0.1715665678902509,-0.04081208663835836,-0.11219346200950515,0.04205661590382188,-0.12513092853454366,-0.20115650523107204,-0.001135702213550425,-0.08733587559938122,0.13500218127854816,0.15125311677961603,-0.05991388711213316,0.05699085287642476,0.11199373438393859,0.01627971298133504,-0.0456712132920041,0.14069245429852986,-0.14318835161945023,0.07095688644580163,0.025387130716449616,-0.3538373295872296,0.1790669230082631,-0.062388208702089464,-0.03959037501834179,0.023892603217580247,0.15632245453080904,-0.006039203685378205,-0.10222145113331353,-0.05676231643636939
312668,0,075,S,06075021300,1400000US06075021300,+37.7492624,-122.4384746,G5020,213,Census Tract 213,06,021300,True,san_francisco,Coastal / compact / bay-influenced,San Francisco,16.363990885969546,True,26.84699134199135,06,California,True,0.2553191489361702,0.5877659574468085,0.3324468085106383,False,True,HI-only hotspot,True,29.713333333333367,16.363990885969546,0.16888297872340421,247,san_francisco,2024,GOOGLE/SATELLITE_EMBEDDING/V1/ANNUAL,/Users/yufeizhou/Desktop/heat-exposure-compare/data/processed/san_francisco/san_francisco_master_lst_hi_hotcompare.gpkg,san_francisco_master_lst_hi_hotcompare,0.1891662759180447,-0.20615501875712577,0.08711237078350732,0.031246525863279667,0.080380904286171,-0.06857411266767292,-0.07386552760678788,-0.08247201004625918,0.05548635012416712,-0.1114874658933478,0.14357221656008504,0.12258300772737452,-0.20894799376126919,-0.23426359185638082,-0.02282667368025051,-0.055268368641353975,0.1634390540226622,0.08782404353683458,-0.07013560513840619,0.11012987023745363,0.08910055105619241,0.07604138928417953,-0.08823386764848148,0.05957388959256427,-0.03145739782681626,0.24912290974784979,-0.0612800960086922,0.03413539023380204,0.15146509109062362,0.0642710680699797,0.023242316050117937,-0.06886336214893184,0.04092686793489563,-0.11865096979844321,0.11019900176806767,-0.04395401364007401,-0.16784566824595634,-0.03418691282296729,-0.12723141279136113,0.054742909144932475,-0.12509505441937088,-0.21886113523526918,0.0008988400047918225,-0.07112651834860848,0.1626964902896064,0.12704796083156514,-0.027006359021375083,0.06170200397020181,0.11230772798186615,0.019478801302638956,-0.03426298240723131,0.11401223801512746,-0.1497650511632699,0.11124281751551043,0.04251451083277647,-0.34329094583442843,0.19063232324933665,-0.0721931376846704,-0.03466426357130628,0.0006429543239174527,0.17507605994883993,-0.01811407078831962,-0.08648604088986389,-0.020437378958028628
354535,0,075,S,06075021400,1400000US06075021400,+37.7495712,-122.4293939,G5020,214,Census Tract 214,06,021400,True,san_francisco,Coastal / compact / bay-influenced,San Francisco,16.363990885969546,True,28.43936827956993,06,California,True,0.5797872340425532,0.5877659574468085,0.007978723404255317,False,True,HI-only hotspot,True,29.713333333333367,16.363990885969546,0.16888297872340421,248,san_francisco,2024,GOOGLE/SATELLITE_EMBEDDING/V1/ANNUAL,/Users/yufeizhou/Desktop/heat-exposure-compare/data/processed/san_francisco/san_francisco_master_lst_hi_hotcompare.gpkg,san_francisco_master_lst_hi_hotcompare,0.1547710503454275,-0.24839180159429117,0.1333334949270299,-0.008911476797955528,0.07356431086358084,-0.11037935438593545,-0.11496215758520555,-0.0846614260121453,0.02809339906054215,-0.07217850996239003,0.12988269599140698,0.16026154384273844,-0.1522886602238025,-0.22720387408815915,-0.04850095383939123,-0.05225451394086932,0.1677221668492895,0.14394174093634435,-0.026459861835986104,0.030158463053776067,0.08298312891813027,0.10173949008500027,-0.08852741171204333,0.06560336186702564,-0.05668148006786151,0.21698109932802173,-0.06427385304451805,0.09227775873892104,0.13402637840451262,0.04787463520191935,0.030249566448519602,-0.10947917544203163,0.0016319314929418298,-0.15565558212092606,0.10408723191646876,-0.08825758960980036,-0.23040987825893272,0.0039773446778674885,-0.08899623775424466,0.06948873499694383,-0.10853682368547482,-0.21325094869332553,0.01405800491211336,-0.10150473808506648,0.13150085396491054,0.10225375035559671,-0.08396794949626835,0.07465530212600884,0.15041406081514436,0.026887760977911426,-0.0422902785677567,0.15995251369010785,-0.1546683002803776,0.08899004224600646,0.043109048879318,-0.3073451564212858,0.16046235869560485,-0.056690484303899225,-0.02218718769093735,0.007578413128971106,0.16028650038721592,-0.0014603636220800501,-0.11841762428782834,-0.0028868970384421174
474360,0,075,S,06075021500,1400000US06075021500,+37.7449640,-122.4269056,G5020,215,Census Tract 215,06,021500,True,san_francisco,Coastal / compact / bay-influenced,San Francisco,16.363990885969546,True,27.057886710239686,06,California,True,0.2765957446808511,0.5877659574468085,0.3111702127659574,False,True,HI-only hotspot,True,29.713333333333367,16.363990885969546,0.16888297872340421,249,san_francisco,2024,GOOGLE/SATELLITE_EMBEDDING/V1/ANNUAL,/Users/yufeizhou/Desktop/heat-exposure-compare/data/processed/san_francisco/san_francisco_master_lst_hi_hotcompare.gpkg,san_francisco_master_lst_hi_hotcompare,0.15503093570489523,-0.24807875998235915,0.1064579531547363,-0.0011417113543678529,0.05497717105569915,-0.10700820278783016,-0.09821996183956415,-0.10557959872301417,0.02310017087869064,-0.06320571474983983,0.12425410615114277,0.15724930409597915,-0.16109685950360175,-0.2330849077788259,-0.06152513791166483,-0.05838980082948095,0.1587382975635069,0.13721634136784466,-0.025185848422827114,0.056717381369674365,0.10044363448575741,0.12075087555208823,-0.07912024791244981,0.07433768827844223,-0.057860735095597714,0.22143980773850988,-0.04220905790199642,0.08349996743492502,0.12063674496105507,0.06463549415674728,0.031455221063242,-0.09034760637755693,-0.0048761872180934805,-0.15832255952181376,0.109831240162596,-0.08752797912482561,-0.2142544537409224,-0.022461066250571142,-0.08991295819928717,0.06954359940407621,-0.11146656083007316,-0.1979296419998359,-0.013321779693664352,-0.08629252813623559,0.13895523979995356,0.10609101188336192,-0.053798894020343914,0.033386143679502545,0.15024046306700423,0.012998415808148827,-0.038725356104013106,0.14634256932649733,-0.16810151489192116,0.0754616282243064,0.048128202084777395,-0.3536860897289394,0.17540466321085602,-0.05193736376021425,-0.03715947729385456,0.012043616405682685,0.15375585594351668,0.003559942059430731,-0.12035283508865972,-0.022614373559743356
597918,0,075,S,06075021600,1400000US06075021600,+37.7454960,-122.4381399,G5020,216,Census Tract 216,06,021600,True,san_francisco,Coastal / compact / bay-influenced,San Francisco,16.363990885969546,True,27.002486402486426,06,California,True,0.2712765957446808,0.5877659574468085,0.31648936170212766,False,True,HI-only hotspot,True,29.713333333333367,16.363990885969546,0.16888297872340421,250,san_francisco,2024,GOOGLE/SATELLITE_EMBEDDING/V1/ANNUAL,/Users/yufeizhou/Desktop/heat-exposure-compare/data/processed/san_francisco/san_francisco_master_lst_hi_hotcompare.gpkg,san_francisco_master_lst_hi_hotcompare,0.16811124122045004,-0.20448789870111006,0.08773928802833769,0.0609424316673568,0.08582124732268324,-0.08282901209494412,-0.08046409716495038,-0.03092066136565907,0.04921515691902487,-0.10305354924412195,0.12036942155427975,0.11166771486697057,-0.2252520904843737,-0.22164024695484705,-0.03473869175493176,-0.03207017294922775,0.12229013034534891,0.10689815859776837,-0.06949600338201434,0.0858962246029202,0.1052856424173114,0.08151747142236758,-0.09896311134387266,0.04023365582293795,-0.010033530847904265,0.24775329492735187,-0.07033038623744486,0.05977133489725752,0.11140592351335628,0.05110247758432739,0.04121751777441657,-0.05288652841570421,0.015236652096013699,-0.07079527616160249,0.08901795298616019,-0.03376921358955551,-0.13920046507478703,-0.025947847782970768,-0.14153853945216108,0.07359210019431653,-0.09155475986610111,-0.19274012340353133,0.025298467216476602,-0.0600692723441922,0.14474896096468595,0.14052331191418618,-0.03940726884706999,0.0643853003714949,0.09033287213793958,-0.01033508517511298,-0.046104370460167694,0.11614164020765098,-0.11347942926815505,0.10130672723232363,0.015626605062683232,-0.3428986010332023,0.19822643604476592,-0.04141083760122211,-0.04727207072367661,0.04724489860724438,0.1818354693400484,-0.03383636653707665,-0.09127103230148025,-0.02417517105555569
1236558,0,075,S,06075021700,1400000US06075021700,+37.7402533,-122.4392771,G5020,217,Census Tract 217,06,021700,True,san_francisco,Coastal / compact / bay-influenced,San Francisco,15.636442977794673,True,27.40636902015077,06,California,True,0.324468085106383,0.09840425531914894,-0.22606382978723405,False,False,Neither hotspot,False,29.713333333333367,16.363990885969546,0.16888297872340421,251,san_francisco,2024,GOOGLE/SATELLITE_EMBEDDING/V1/ANNUAL,/Users/yufeizhou/Desktop/heat-exposure-compare/data/processed/san_francisco/san_francisco_master_lst_hi_hotcompare.gpkg,san_francisco_master_lst_hi_hotcompare,0.1668186741069566,-0.19175113433167434,0.06044849641159159,0.06837275799035923,0.09093778282503985,-0.05376818630123432,-0.024952062900365383,0.04494941520186808,0.05077379326216397,-0.08919005611552394,0.07867040083560187,0.03989770335635363,-0.24567863795881295,-0.2066398666829792,0.01230170573187994,-0.03457207803018123,0.049707226840480616,0.08936649587565275,-0.10389058414411664,0.09770669495620175,0.09584568003565776,0.08425081537045997,-0.1336704652465766,0.024535950169240976,0.0425078316319187,0.2531017881305651,-0.07017167851363419,0.04964070057478417,0.134047161833686,0.03940634514029393,0.01921147964401827,-0.03670545983259459,-0.026507043417160543,0.0026018911256926124,0.056241353616303655,-0.00292077242623894,-0.05914530160755617,-0.05112098107092844,-0.15217107342582403,0.07681553660821283,-0.04592272808540734,-0.15793571793343533,0.041177568045355065,-0.052019526934815624,0.14307733417370458,0.13685823547034082,-0.029095101143516502,0.04691244261713215,0.024514293920293886,-0.022594537309522243,-0.08332013405932931,0.08760817174155792,-0.04072715465948988,0.09149585051440941,-0.03360643964352109,-0.3122880615681413,0.18946759661600396,-0.00965365044596813,-0.08670485177526381,0.08885662257026358,0.19201919562668238,-0.0730261997243299,-0.06239386264365235,0.0020691451621311927
504786,0,075,S,06075021800,1400000US06075021800,+37.7379203,-122.4291348,G5020,218,Census Tract 218,06,021800,True,san_francisco,Coastal / compact / bay-influenced,San Francisco,,True,27.630897435897463,06,California,False,,,,False,False,Missing,False,29.713333333333367,16.363990885969546,0.16888297872340421,252,san_francisco,2024,GOOGLE/SATELLITE_EMBEDDING/V1/ANNUAL,/Users/yufeizhou/Desktop/heat-exposure-compare/data/processed/san_francisco/san_francisco_master_lst_hi_hotcompare.gpkg,san_francisco_master_lst_hi_hotcompare,0.17910320658072287,-0.2261237002102819,0.055224748256792744,0.04427151850575963,0.10194459268594747,-0.05715411783500717,-0.06813323640360155,-0.05213690526677738,0.024154510080978454,-0.0553041105003592,0.09598710684264307,0.0943302131988987,-0.20662490866515656,-0.24411705114499244,-0.04222964727842792,-0.06310470037598075,0.1292993592262914,0.13076076364562372,-0.05034047817752782,0.10958376781801922,0.08603796919998423,0.09376326902426418,-0.11892029763679554,0.03731109258859644,0.007394338366568342,0.28652240289261877,-0.026795618068417033,0.06561001801132436,0.12538541036649958,0.03785678415636606,-0.001765805466980373,-0.044450836798414356,-0.03801185018304596,-0.06899380645070304,0.14113675607360004,-0.06390845129746729,-0.12274529658047112,-0.07469862779129657,-0.10004150071619149,0.11015586747162576,-0.08318049579605793,-0.17158234062404865,0.035704796472825095,-0.060405401703427744,0.1397578953498913,0.09710140034203768,-0.05954104456736277,0.030064107443281002,0.0723502801411578,-0.009631270672900373,-0.04260938927793137,0.1035751256730244,-0.08687190499542624,0.0813333674534702,0.0355029887171732,-0.3495260683474071,0.22716417732072403,-0.007770612867450867,-0.07390365654854851,0.020728210013422607,0.1841710904430542,-0.006739429119680716,-0.12578136729331094,-0.006942985981581617
1280042,556866,075,S,06075022600,1400000US06075022600,+37.7601234,-122.3852679,G5020,226,Census Tract 226,06,022600,True,san_francisco,Coastal / compact / bay-influenced,San Francisco,16.363990885969546,True,31.521800731261457,06,California,True,0.9574468085106383,0.5877659574468085,-0.36968085106382986,True,True,Both LST and HI hotspot,False,29.713333333333367,16.363990885969546,0.16888297872340421,253,san_francisco,2024,GOOGLE/SATELLITE_EMBEDDING/V1/ANNUAL,/Users/yufeizhou/Desktop/heat-exposure-compare/data/processed/san_francisco/san_francisco_master_lst_hi_hotcompare.gpkg,san_francisco_master_lst_hi_hotcompare,0.07423900870587682,-0.24148160354354448,0.058475959303985206,-0.03834286336311767,0.017592457993669403,-0.09457061362236266,0.00459590516999599,-0.008297859403838247,-0.05922142548221473,0.00392202478465836,0.13375959567986945,0.02452371567986398,-0.07369429078653911,-0.20793937877605775,-0.03419233456110366,-0.12056789680650605,0.18591064189193934,0.026585922974691433,-0.05003446012300349,0.014789075340037898,0.08842926677112452,0.08228987777423814,-0.14157754276001028,0.06462415972860837,-0.0788059403576087,0.06352316699866035,-0.038228549079568915,0.055527171264543755,0.1431987327101197,0.029094100104161146,0.014656606563508178,-0.05420556749428871,0.07710199309572546,-0.17380623462399603,0.012312374923635525,0.004899596598874348,-0.13327267688387007,-0.017578574335770276,-0.1415507718628728,0.0772828302500719,-0.07699658964337995,-0.2064435348105063,0.025792682082245014,-0.08020667645756993,0.06668788280705364,0.17394256818438128,-0.09989905758644353,0.06126061274884014,0.03924860609990901,0.03785398740725188,-0.11167924699382804,0.2345325274496568,-0.1619681345209248,0.004451205082335959,0.017109244200049112,-0.19669700415799957,0.07753908911374353,-0.028073597240117838,0.0361335518990568,-0.047036192967919235,0.08913367340035791,-0.14693945121620125,-0.05888855147684209,0.1160365631727461
291253,0,075,S,06075022802,1400000US06075022802,+37.7589131,-122.4062337,G5020,228.02,Census Tract 228.02,06,022802,True,san_francisco,Coastal / compact / bay-influenced,San Francisco,16.363990885969546,True,32.32134057971017,06,California,True,1.0,0.5877659574468085,-0.4122340425531915,True,True,Both LST and HI hotspot,False,29.713333333333367,16.363990885969546,0.16888297872340421,254,san_francisco,2024,GOOGLE/SATELLITE_EMBEDDING/V1/ANNUAL,/Users/yufeizhou/Desktop/heat-exposure-compare/data/processed/san_francisco/san_francisco_master_lst_hi_hotcompare.gpkg,san_francisco_master_lst_hi_hotcompare,0.1224864668432573,-0.24869775523634152,0.14336394798301447,-0.0288227844702058,0.05164096941906909,-0.15140337297468928,-0.07301339118177712,-0.039398802252045124,-0.03310994893167195,-0.043792482797968,0.13101254732437365,0.1466722614592195,-0.1122253115934865,-0.18938749946615413,-0.07549069585514372,-0.09929335410565952,0.18465609577956252,0.15667495876286375,-0.02185540814773983,-0.022677216861856142,0.10969518670961839,0.11970139072047337,-0.10907468925805058,0.03476369232184408,-0.03829301170843571,0.17508246879627676,-0.0594605958228196,0.10883274071269264,0.11428719247563425,0.03360539060619515,0.062308203560634226,-0.09887707452568383,-0.001056245604705051,-0.1651390390809587,0.06996915031895268,-0.09405281207102774,-0.2625949183570839,0.04855745975091969,-0.09840300148457098,0.04540806193217085,-0.0672290826047488,-0.22142914355926832,0.0026725550032645224,-0.10714784072777349,0.11966519281732903,0.12036912849600949,-0.10154944248451349,0.11112294531632318,0.1592809026080513,0.03152522362997519,-0.07200044757294478,0.1984925218919541,-0.13350044848005244,0.06954761636598308,0.020401455540425627,-0.2682250413891386,0.14065917138890807,-0.06261672109571473,-0.01902670667299314,0.018494092842914058,0.14569886124034062,-0.00927319106221153,-0.10089254511396786,0.012706894851069146
161833,0,075,S,06075022902,1400000US06075022902,+37.7513440,-122.4103787,G5020,229.02,Census Tract 229.02,06,022902,True,san_francisco,Coastal / compact / bay-influenced,San Francisco,16.363990885969546,True,31.36833333333334,06,California,True,0.9468085106382979,0.5877659574468085,-0.35904255319148937,True,True,Both LST and HI hotspot,False,29.713333333333367,16.363990885969546,0.16888297872340421,255,san_francisco,2024,GOOGLE/SATELLITE_EMBEDDING/V1/ANNUAL,/Users/yufeizhou/Desktop/heat-exposure-compare/data/processed/san_francisco/san_francisco_master_lst_hi_hotcompare.gpkg,san_francisco_master_lst_hi_hotcompare,0.12015525892994065,-0.2760628522304536,0.12212295741972685,-0.03830998689556456,0.04494175892786057,-0.15816859755917928,-0.10500175159156373,-0.09312384727421817,-0.02271973750022759,-0.027909031208628525,0.13698336290192561,0.1839135570527754,-0.09436917578670484,-0.2075426908350804,-0.06608978628303172,-0.08379977008901944,0.19722240797780816,0.14739558956038146,-0.008788006227968053,0.0029265305997400316,0.07614429535122633,0.11734887797617742,-0.08998527182278568,0.06490501101767637,-0.06338551982057566,0.16823368596654942,-0.06846363780677889,0.12093676206067318,0.12163043141366156,0.03541670912702997,0.02643692235732282,-0.13039686984356713,0.0051606559169697945,-0.2186348771591214,0.08371914761979177,-0.10472636131248782,-0.26253992238630175,0.022590116915326468,-0.07810410243127988,0.0843879569200419,-0.0988301241579343,-0.21963765098517085,-0.006025440147894707,-0.10569359220180125,0.1203979741108508,0.10787645047744913,-0.07419353114639037,0.060422731471834815,0.18415278383217148,0.038918535698134124,-0.052305566140586596,0.20168963269487927,-0.13485485930384813,0.054585018556562996,0.03841345382344179,-0.2838518748435097,0.1360423915677492,-0.07610158640683258,-0.031231616751245406,-0.03244858974960478,0.15427020832257715,-0.0013676116524512286,-0.11530432569568443,3.074692885288039e-05
311266,0,075,S,06075022903,1400000US06075022903,+37.7517619,-122.4062182,G5020,229.03,Census Tract 229.03,06,022903,True,san_francisco,Coastal / compact / bay-influenced,San Francisco,16.363990885969546,True,31.545645161290334,06,California,True,0.9627659574468085,0.5877659574468085,-0.375,True,True,Both LST and HI hotspot,False,29.713333333333367,16.363990885969546,0.16888297872340421,256,san_francisco,2024,GOOGLE/SATELLITE_EMBEDDING/V1/ANNUAL,/Users/yufeizhou/Desktop/heat-exposure-compare/data/processed/san_francisco/san_francisco_master_lst_hi_hotcompare.gpkg,san_francisco_master_lst_hi_hotcompare,0.12665705987691483,-0.28223130208623837,0.14774841482887482,-0.006257772616316041,0.04654304294824136,-0.14289805522641655,-0.07951041153720599,-0.06505894757230637,-0.026615561232732222,-0.03918077752093816,0.12235831933059858,0.14759008866424095,-0.12243739685554346,-0.2096707242953739,-0.04914182636508724,-0.09203123789572668,0.16770372107416442,0.14311997765065287,-0.022579722185746717,0.007344955063426194,0.08690816660277494,0.1026267263718558,-0.10570394734542467,0.049797145421729354,-0.0536922078125882,0.18232538070604265,-0.06309463327521522,0.10478345672020947,0.1222860920237611,0.036518405675268484,0.02943267409244852,-0.13782485277737105,-0.005731500505085567,-0.18726060624694785,0.07537655378062057,-0.06064175261544367,-0.2272821010300825,0.014529658202513724,-0.11201998749900373,0.07856470348081253,-0.0823094984344922,-0.20326668791086436,-0.026075173103428394,-0.09859563461191356,0.12195250227143668,0.10840056190025714,-0.06658883536727776,0.060389835740499095,0.14723465562855473,0.03972480396447346,-0.06354392118762667,0.20659824020859566,-0.1380223787786008,0.054306784797537686,0.02487015714084938,-0.2870705430845866,0.13993391142693629,-0.057908270572416626,-0.04494662853074528,0.012353894535503328,0.1621896195564143,-0.029985182186649795,-0.10900778193008687,0.0016567925942475121
666244,0,075,S,06075023001,1400000US06075023001,+37.7351925,-122.4017617,G5020,230.01,Census Tract 230.01,06,023001,True,san_francisco,Coastal / compact / bay-influenced,San Francisco,,True,29.975899843505527,06,California,False,,,,False,False,Missing,False,29.713333333333367,16.363990885969546,0.16888297872340421,257,san_francisco,2024,GOOGLE/SATELLITE_EMBEDDING/V1/ANNUAL,/Users/yufeizhou/Desktop/heat-exposure-compare/data/processed/san_francisco/san_francisco_master_lst_hi_hotcompare.gpkg,san_francisco_master_lst_hi_hotcompare,0.09077301874614445,-0.2573613183500162,0.08028904861282389,0.049084351508630684,0.09738017584509932,-0.10674121780897416,-0.0762376620287792,-0.022612192313925607,-0.0631455465397084,0.00940518795796252,0.1323573081235562,0.0648628130992767,-0.1250872816798412,-0.23520323602991275,-0.07703496831848995,-0.12053958086506368,0.19150754947180476,0.12910182845242243,-0.06060783896065731,0.008879287724311938,0.08603788100159626,0.04692280138263439,-0.15140206760378414,0.005061464987491339,-0.005006112972430232,0.2205689131346284,-0.011007212868974228,0.13578255107774423,0.0692260894366707,0.05076731588329241,0.0038806210751594194,-0.10247098057446331,0.02870168663111384,-0.17006609724894012,0.1027646331738464,-0.05007720964983158,-0.18384388893143472,-0.005182613241746481,-0.1367881109598485,0.15558998072090036,0.004937594939781579,-0.22484319775256523,0.0078302764334789,-0.09438086686494049,0.1250779410562466,0.08633003976788789,-0.05359925800853116,0.06484312102111967,0.132976747844007,0.016762589929407316,-0.06316864684896778,0.22984751751349514,-0.0852579203917296,0.05553606394329071,0.025557015509529716,-0.26474904070487953,0.19016386888999093,-0.0461672560085039,-0.045964831604239496,-0.015192063904133182,0.15731371018912066,-0.03204760617042964,-0.07920097827370585,0.03568255120879633
409147,0,075,S,06075023003,1400000US06075023003,+37.7326749,-122.3958349,G5020,230.03,Census Tract 230.03,06,023003,True,san_francisco,Coastal / compact / bay-influenced,San Francisco,,True,30.142083333333378,06,California,False,,,,False,False,Missing,False,29.713333333333367,16.363990885969546,0.16888297872340421,258,san_francisco,2024,GOOGLE/SATELLITE_EMBEDDING/V1/ANNUAL,/Users/yufeizhou/Desktop/heat-exposure-compare/data/processed/san_francisco/san_francisco_master_lst_hi_hotcompare.gpkg,san_francisco_master_lst_hi_hotcompare,0.21221156401417524,-0.18774486411451743,0.04683994294077502,-0.002805186451944906,0.09647931430884556,-0.06558865122587751,0.054172220243253466,-0.05574739431527935,-0.042603008403888934,-0.05250166269264116,0.07062776297271173,0.03700633824111647,-0.21671254873458676,-0.2306105498393587,-0.06471722771969894,-0.1779563909276929,0.16620006153684475,0.06605968596622938,-0.06417198842808229,0.08882949257552678,0.09712361553510214,0.06646673946332322,-0.21342086879033986,-0.028010319516393163,0.04999522792452586,0.24521599891394488,0.015212521930793236,0.07095124764475964,0.128340267161656,0.05064248898271436,0.0474184473224457,-0.06446114143333341,-0.04058205138947281,-0.04030367290430236,0.14854277345789993,-0.023186479874418717,-0.17961366673472248,-0.06022026559044674,-0.07161369138330907,0.048385252724338045,-0.047486749202446527,-0.14193873920597638,0.01302956978630221,-0.05331210044868028,0.10879938514155282,0.04946667108497618,-0.09099796329873536,-0.0016768002135796323,-0.0047634101784127525,0.04739637220995068,-0.0656188112787242,0.1038799994041184,-0.09582439931717966,0.030051945261077132,0.044892190521190714,-0.24582475454985253,0.17707901097914527,0.0008591848755796409,-0.08308038578423017,0.02720038925721484,0.19329583246479667,-0.03587296502323626,-0.2320968853778605,0.11972358872275315
0,86174895,013,S,06013990000,1400000US06013990000,+38.0258765,-122.3116710,G5020,9900,Census Tract 9900,06,990000,False,san_francisco,Coastal / compact / bay-influenced,San Francisco,17.99939707958209,True,26.03307064147976,06,California,True,0.1702127659574468,1.0,0.8297872340425532,False,True,HI-only hotspot,True,29.713333333333367,16.363990885969546,0.16888297872340421,259,san_francisco,2024,GOOGLE/SATELLITE_EMBEDDING/V1/ANNUAL,/Users/yufeizhou/Desktop/heat-exposure-compare/data/processed/san_francisco/san_francisco_master_lst_hi_hotcompare.gpkg,san_francisco_master_lst_hi_hotcompare,0.04241452869569407,-0.16053879371241686,-0.13589797860298797,-0.06197085286612943,0.0063371676472364176,0.04901252661668849,0.0923825895674879,0.13615758340268605,-0.03221934212931417,0.061127099539665455,0.1809099310517231,-0.10806577274901069,-0.05034590679106246,-0.2192786451607162,0.05363324158873835,-0.0180392033909795,0.08330624659864676,-0.1636996960216123,0.001685629986126994,-0.03163428470550289,0.05557306185369945,0.11562481793164721,-0.07121301110022583,0.15406943162701603,-0.09780898489748631,-0.07368706424085293,0.026964691361863587,-0.20018946780260816,0.11380449175471885,-0.04663818145736338,-0.1879526528245992,0.22456428505738432,0.1860438702823149,-0.10416310211928483,-0.1117145909426853,0.04726370449103442,0.1536956916230892,-0.021608476492024523,-0.09627396542261134,0.10487404836775774,-0.0903890026874236,-0.2037765506285412,0.22991811300319379,0.021093203187893025,-0.012581106644939817,0.18432306716126212,-0.22966186811010392,0.1442736493683544,-0.09927222249935641,-0.04632327652407906,0.04001765485026898,0.15355368236935263,-0.12474229528090437,-0.08939616604772703,-0.019294982097814835,-0.04919839149134537,-0.05695938841191249,0.1367626689041341,0.05412318278654385,-0.045277747615137615,0.04561302782851022,-0.19999003118092834,-0.04479677068756189,0.3439608246756435
