ALAND,AWATER,COUNTYFP,FUNCSTAT,GEOID,GEOIDFQ,INTPTLAT,INTPTLON,MTFCC,NAME,NAMELSAD,STATEFP,TRACTCE,centroid_in_city,city,city_context,city_label,hi_c,intersects_city,lst_c,state_fips,state_name,analysis_ready,lst_pct,hi_pct,hi_minus_lst_pct,lst_hot,hi_hot,mismatch_class,priority_flag,q75_lst_c,q75_hi_c,q75_hi_minus_lst_pct,_ae_rowid,city_slug,alphaearth_year,alphaearth_collection,source_vector_path,source_vector_layer,A00,A01,A02,A03,A04,A05,A06,A07,A08,A09,A10,A11,A12,A13,A14,A15,A16,A17,A18,A19,A20,A21,A22,A23,A24,A25,A26,A27,A28,A29,A30,A31,A32,A33,A34,A35,A36,A37,A38,A39,A40,A41,A42,A43,A44,A45,A46,A47,A48,A49,A50,A51,A52,A53,A54,A55,A56,A57,A58,A59,A60,A61,A62,A63
73030,0,033,S,53033005304,1400000US53033005304,+47.6561001,-122.3150258,G5020,53.04,Census Tract 53.04,53,005304,True,seattle,Coastal / Pacific Northwest / water-constrained,Seattle,18.604142996193676,True,30.230916666666705,53,Washington,True,0.824468085106383,0.1622340425531915,-0.6622340425531915,True,False,LST-only hotspot,False,29.788480731225317,19.2244379817576,0.3603723404255319,0,seattle,2024,GOOGLE/SATELLITE_EMBEDDING/V1/ANNUAL,/Users/yufeizhou/Desktop/heat-exposure-compare/data/processed/seattle/seattle_master_lst_hi_hotcompare.gpkg,seattle_master_lst_hi_hotcompare,0.020575577346209153,-0.28599484119278745,0.009158304420683681,-0.09255018672819283,0.04977294692603875,-0.15326653656859823,0.0073177875836539725,-0.14245067587121968,-0.00041771173822735373,-0.03664421219467614,0.07067356244633359,0.04997377779899264,-0.12883619395624762,-0.16516944801518862,-0.15342687193928942,-0.11789493133774917,0.17152183212354732,0.1547338427650003,0.04692660882298315,0.08455804428828491,0.05391250603480368,0.10117586832385335,-0.18192959927662405,0.09585065989832726,0.009700911062377523,0.21589475646174677,0.06261122222092934,-0.05509430629264072,0.10966929580064548,-0.024207837347022056,0.011653280402761097,-0.10083023436675453,-0.030026542065241198,-0.02590857251190462,0.12332668160740604,-0.15593535659067914,-0.2508403069866623,0.05853902208866951,0.01804561558731148,-0.002104597772667514,-0.17752234375323542,-0.050560146499377734,-0.016619946295234975,-0.007830564575360962,0.1092419019624458,0.11334544121885885,-0.10875763396999844,-0.017235794832372617,0.1684674092546439,-0.0724247348456809,-0.17111910980447817,0.10483759769596866,-0.10041426189725662,0.04485282779264375,0.22232360248412408,-0.2243241471857487,0.11548866140090207,0.05007857458499617,0.045938883210756044,-0.01717595472504919,0.16237878632902414,-0.020875987198978933,-0.17787523828330193,-0.038800974891741905
806786,157022,033,S,53033005901,1400000US53033005901,+47.6530716,-122.3696366,G5020,59.01,Census Tract 59.01,53,005901,True,seattle,Coastal / Pacific Northwest / water-constrained,Seattle,18.844775426560606,True,27.34556145004424,53,Washington,True,0.2978723404255319,0.44148936170212766,0.14361702127659576,False,False,Neither hotspot,False,29.788480731225317,19.2244379817576,0.3603723404255319,1,seattle,2024,GOOGLE/SATELLITE_EMBEDDING/V1/ANNUAL,/Users/yufeizhou/Desktop/heat-exposure-compare/data/processed/seattle/seattle_master_lst_hi_hotcompare.gpkg,seattle_master_lst_hi_hotcompare,-0.022137399941052956,-0.28127235181519217,-0.09144842111185211,-0.07180921542873586,0.05350077889813268,-0.07569275849699708,-0.05737663719271402,-0.10954153042600545,0.07921818983961205,-0.06796152786629303,0.1425950496657914,0.005955437712550988,-0.15385306952637712,-0.19987529486526154,-0.06243169957847039,-0.07207178416757878,0.16178386856886715,0.10220900727334856,-0.013864770626074689,0.1087372062582126,0.027305478412777712,0.04501403095234078,-0.15793037965364506,0.11683121318956888,-0.030549519073589822,0.2027999988288216,0.049485039436541686,-0.09212316405223284,0.11295894525412843,0.009354166924665584,-0.028127127019245808,-0.052223337118934995,0.05372818756731419,-0.020497607646706346,0.06779826985028169,-0.08685645898949576,-0.1721954188531731,0.05374825852157203,-0.03639667063787009,0.09663014319465625,-0.17235027209350295,-0.07988259752699095,0.044595988449343135,0.03597746915335028,0.10633152702721684,0.1241456167023871,-0.07285467281247825,-0.02700436913463787,0.1622551285400119,-0.10063614391800554,-0.13996725131868254,0.08806966018698005,-0.07515431750009899,0.09022004250701722,0.19797837800149903,-0.19339136113918254,0.13675717779925115,0.05662555220752465,0.037332584560946076,-0.0010529013412681903,0.14763798797977626,-0.06117483471547566,-0.12489282244353421,-0.0052506996379007905
755186,621334,033,S,53033005401,1400000US53033005401,+47.6475292,-122.3381077,G5020,54.01,Census Tract 54.01,53,005401,True,seattle,Coastal / Pacific Northwest / water-constrained,Seattle,18.838124601750206,True,29.479171578258047,53,Washington,True,0.6808510638297872,0.3670212765957447,-0.31382978723404253,False,False,Neither hotspot,False,29.788480731225317,19.2244379817576,0.3603723404255319,2,seattle,2024,GOOGLE/SATELLITE_EMBEDDING/V1/ANNUAL,/Users/yufeizhou/Desktop/heat-exposure-compare/data/processed/seattle/seattle_master_lst_hi_hotcompare.gpkg,seattle_master_lst_hi_hotcompare,-0.019037565219185395,-0.274820688791101,-0.11015836168600808,-0.13548150551662894,0.028682489123549613,-0.07151377368467925,-0.007315173930847976,-0.07907931198523332,0.06354637136395497,-0.02661321386706535,0.11200315604199058,-0.018681153662397774,-0.10354946068006521,-0.17533306655830044,-0.055966633114285125,-0.06485630354521056,0.13360473939663894,0.0679320535094,0.02965348881394824,0.08358853760769021,0.02882937818751576,0.09966958750401261,-0.16325079994041347,0.1418366111387865,-0.08300701408801159,0.10050093978364252,0.04894759099839052,-0.1259895040385205,0.13529634676427182,-0.02402916615485468,-0.051205039939989885,-0.011034083611666226,0.02058666032128777,-0.03820753028922145,0.003587760436626517,-0.059116783831987214,-0.13589871781176832,0.007922357704693737,-0.016759726875133826,0.13029403733114556,-0.15572139894247977,-0.06930916829972701,0.06537486829377191,0.03136210357211906,0.0486716244612227,0.15914783557381984,-0.11165039155536799,-0.012674058064425156,0.05246254507120639,-0.12911360880491204,-0.15007757981193903,0.08830878102150143,-0.08281727385748014,0.03887041316548336,0.1334666159556286,-0.16166538259621296,0.07710482093073863,0.10118170843909581,0.04254132860223403,-0.022565937391929004,0.11962660411842721,-0.10556761566609459,-0.09684729233019891,0.053163100418992595
1623225,2170065,033,S,53033010102,1400000US53033010102,+47.5660585,-122.2688521,G5020,101.02,Census Tract 101.02,53,010102,True,seattle,Coastal / Pacific Northwest / water-constrained,Seattle,19.201777543178064,True,29.064091954023016,53,Washington,True,0.5797872340425532,0.5691489361702128,-0.010638297872340385,False,False,Neither hotspot,False,29.788480731225317,19.2244379817576,0.3603723404255319,3,seattle,2024,GOOGLE/SATELLITE_EMBEDDING/V1/ANNUAL,/Users/yufeizhou/Desktop/heat-exposure-compare/data/processed/seattle/seattle_master_lst_hi_hotcompare.gpkg,seattle_master_lst_hi_hotcompare,-0.03501252861935237,-0.21900744660182347,-0.15673213832108365,-0.07727800023869982,0.044478409923631425,-0.0015254012445503433,0.006759247537996563,0.015583882941919123,0.1292684194190496,-0.04051631611569574,0.11079916456837079,-0.04476552653272538,-0.0951879141002189,-0.14037454065054075,0.010988681405281727,0.0356875282123611,0.09294025350752841,-0.019006945453100953,0.07028519007264354,0.029855478328880202,0.02008894806834408,0.08405790036769954,-0.1017811053306915,0.19624389465843797,-0.055134670725490165,0.03759190683573241,0.04404124782017087,-0.23909478753975924,0.1343174505855249,-0.06936025591397688,-0.1551890954200929,0.09708710361745647,0.05337878456391685,-0.013389706200582274,-0.08022346598424267,-0.047410468734517035,-0.039004416103482493,0.009535975226716197,-0.03763928599250389,0.16699572876075672,-0.10325854031969772,-0.07130167029769333,0.14374045933068802,0.040189314538429596,0.016828138109372403,0.17389469887229186,-0.12725134278960323,0.029297562461025915,0.044738547969853645,-0.1474830535187693,-0.09616558132263725,0.04133829171835329,-0.07647823754564372,0.05717611712325188,0.08441920653806488,-0.097533139695976,0.04484363287084966,0.11244222096993207,0.01924112998285529,-0.04837333900875284,0.11130851333849305,-0.08491929967731,-0.032869563333157964,0.09482549412866036
2355577,55191,033,S,53033000602,1400000US53033000602,+47.7188129,-122.3363779,G5020,6.02,Census Tract 6.02,53,000602,True,seattle,Coastal / Pacific Northwest / water-constrained,Seattle,18.604142996193676,True,28.119363295880174,53,Washington,True,0.35638297872340424,0.1622340425531915,-0.19414893617021275,False,False,Neither hotspot,False,29.788480731225317,19.2244379817576,0.3603723404255319,4,seattle,2024,GOOGLE/SATELLITE_EMBEDDING/V1/ANNUAL,/Users/yufeizhou/Desktop/heat-exposure-compare/data/processed/seattle/seattle_master_lst_hi_hotcompare.gpkg,seattle_master_lst_hi_hotcompare,-0.0294044683348082,-0.2772126811233273,-0.06084718611243154,-0.04637616793330277,0.06933610170704874,-0.08092644071349993,-0.04893100844329399,-0.12312354301144883,0.106557290195613,-0.10813479404200058,0.12201315498667091,0.035668383741088924,-0.17444203585376075,-0.12453369082097221,-0.09851849488502329,0.0015565765027755068,0.09621150331773845,0.1467764081528268,0.09256932781422761,0.07749574623865033,0.017877491504348666,0.04783680761839354,-0.10602640517279953,0.13207205180086665,-0.035900798944385116,0.22392008307872296,0.04535592327109657,-0.10180011248657037,0.12922086417464287,-0.005840099006271091,-0.047192073508975134,-0.10373072872321851,-0.004260484771304151,0.0012417149030053436,0.031731056456019945,-0.06640578694839579,-0.1923682780032731,0.0723223825370146,-0.05803778144769103,0.11779991992178843,-0.137784039373532,-0.033854086079891356,0.045646838605907014,0.040981981752374046,0.08366217755342469,0.1053784799315413,-0.08713901929923855,-0.04036818916494455,0.19418878684942062,-0.15947721360608302,-0.18114056136996082,0.07830355809648942,-0.03948153024660835,0.05653485727335246,0.1986651151803764,-0.19156861390514096,0.12805478886377566,0.07232262822478903,0.037972191748592954,-0.010929498935125133,0.18061361919464394,0.0037796281789104188,-0.11095991873606655,-0.09898605292441268
197152,0,033,S,53033008003,1400000US53033008003,+47.6161316,-122.3495916,G5020,80.03,Census Tract 80.03,53,008003,True,seattle,Coastal / Pacific Northwest / water-constrained,Seattle,19.2244379817576,True,27.123041666666694,53,Washington,True,0.2925531914893617,0.776595744680851,0.4840425531914893,False,True,HI-only hotspot,True,29.788480731225317,19.2244379817576,0.3603723404255319,5,seattle,2024,GOOGLE/SATELLITE_EMBEDDING/V1/ANNUAL,/Users/yufeizhou/Desktop/heat-exposure-compare/data/processed/seattle/seattle_master_lst_hi_hotcompare.gpkg,seattle_master_lst_hi_hotcompare,0.008744223155487363,-0.27731459753781823,-0.003466254580322036,-0.06093265042317461,0.0737071033143391,-0.16268072087010213,0.004829299239920619,-0.05272169021812756,-0.1346585396243228,0.04078289221575319,0.07109254439435635,0.04738665000821531,-0.031635262014909266,-0.12691872346735422,-0.18754933155111567,-0.15478514398066404,0.21838962192269248,0.13470128760854455,0.03401266151703816,0.09484060817228329,0.04120840761736828,0.015456479370907737,-0.1696840108143638,0.07466098513494475,0.09520755679488008,0.19902214660937845,0.07344329504661101,-0.011889955522166607,0.06668636834172605,-0.07932314405245512,-0.02533866944520631,-0.0624555962719143,-0.01516826381401319,-0.06777160046873804,0.09556737533266162,-0.18910041363430952,-0.23333768958583387,0.025420651510922217,0.026373892496447025,0.03105691235827464,-0.12432435601178278,-0.07150738807165245,0.04810119474390226,-0.03906376159585729,0.08399126877061633,0.18759869632471005,-0.10851985349701539,0.02369423602509828,0.19340025209086154,-0.049674106329701644,-0.1863037096219483,0.15538253295238416,-0.05554418943157241,0.044489843973586005,0.2247888237210366,-0.18931567907806415,0.12355497534101328,0.012444167084945883,0.0625333294929047,-0.10212977156691953,0.15731720398984014,-0.0030229708022926514,-0.09055546294227733,-0.03732252451835109
1689910,2027249,033,S,53033004102,1400000US53033004102,+47.6737465,-122.2517500,G5020,41.02,Census Tract 41.02,53,004102,True,seattle,Coastal / Pacific Northwest / water-constrained,Seattle,18.508207799178617,True,28.873019457509223,53,Washington,True,0.5,0.02127659574468085,-0.4787234042553192,False,False,Neither hotspot,False,29.788480731225317,19.2244379817576,0.3603723404255319,6,seattle,2024,GOOGLE/SATELLITE_EMBEDDING/V1/ANNUAL,/Users/yufeizhou/Desktop/heat-exposure-compare/data/processed/seattle/seattle_master_lst_hi_hotcompare.gpkg,seattle_master_lst_hi_hotcompare,-0.02798922602313876,-0.20991649750071276,-0.15115050256258325,-0.06974161658652482,0.051268881318805325,-0.007404150883653898,-0.005090894087724756,0.01758999753146989,0.1282423110209499,-0.03563049520852766,0.10299803704043582,-0.040344687363609744,-0.10070611116486554,-0.1411321205246471,0.0012800065154577945,0.01356701107043949,0.09066732107426292,-0.007394946395242217,0.06924464506386599,0.04077327974841823,0.02338000774280335,0.10014190643574816,-0.09632564914525389,0.1919579423843218,-0.05575175552757547,0.06449633086116145,0.0323286468970313,-0.2410390927768596,0.13111294971698012,-0.07520441098689234,-0.154444030396755,0.09784228503813372,0.051286616241497544,0.0005696140955294059,-0.05534629838355385,-0.05094845239284513,-0.035429222609621794,0.006424194297593103,-0.03405749016670991,0.15811717473374423,-0.10001593552331389,-0.06634751749674223,0.14789838720961412,0.037673622504009546,0.013999102282937922,0.17587403347133915,-0.11389054409702853,0.016699452308381282,0.04208840039515095,-0.14879963147314168,-0.08658293120313186,0.04873261169929107,-0.06049736743925896,0.05774615867162665,0.08520071461416952,-0.09965079812133677,0.0602809715286563,0.12542448921339225,0.008935052535512278,-0.04986200582409705,0.12148766147286506,-0.09091988972618731,-0.03690243489270689,0.09305813297390615
632167,0,033,S,53033010302,1400000US53033010302,+47.5573770,-122.2858807,G5020,103.02,Census Tract 103.02,53,010302,True,seattle,Coastal / Pacific Northwest / water-constrained,Seattle,19.2244379817576,True,31.752376811594218,53,Washington,True,0.9574468085106383,0.776595744680851,-0.18085106382978733,True,True,Both LST and HI hotspot,False,29.788480731225317,19.2244379817576,0.3603723404255319,7,seattle,2024,GOOGLE/SATELLITE_EMBEDDING/V1/ANNUAL,/Users/yufeizhou/Desktop/heat-exposure-compare/data/processed/seattle/seattle_master_lst_hi_hotcompare.gpkg,seattle_master_lst_hi_hotcompare,-0.022141373894151373,-0.26591375971381825,-0.015133287287882624,-0.06522115681635653,0.07289766050544853,-0.13058864831159137,-0.039903158489246755,-0.15978114624531828,0.0923764877397266,-0.11123424821792621,0.1295874830069572,0.03594484708945453,-0.1719427990371179,-0.16353867456761642,-0.11514867592182976,-0.014516502014424018,0.13473826349869475,0.16556650429354763,0.04605088240367534,0.07080641367755884,0.025392163881220623,0.05509730664660663,-0.11214054664168392,0.11918219543660409,-0.013951366046593782,0.24973821187634437,0.03972792518769769,-0.07956494164141388,0.10490933971760563,-0.0027195005286181216,-0.03361139515322648,-0.11062887550738032,0.028653383522538774,0.0008540128622443582,0.10945163543140213,-0.12735094908576464,-0.22311026067931639,0.08757006324875449,-0.04631652456901522,0.0706810058958409,-0.1681646642646968,-0.07857673856876625,0.03851119248845059,0.02709066604662898,0.08619207604121357,0.10286319787119733,-0.09675960620782871,-0.024261172640401323,0.21914742158659684,-0.1195004433528117,-0.1351362799993221,0.0769196580992219,-0.07086925644340157,0.0926247795379765,0.2036958189226792,-0.201284391060459,0.16064533069836437,0.053780588314202064,0.04745334943523014,-0.021529885633874785,0.1589254777314757,0.004705702417138813,-0.13554010930504953,-0.07565496741948546
358281,0,033,S,53033007001,1400000US53033007001,+47.6278767,-122.3603612,G5020,70.01,Census Tract 70.01,53,007001,True,seattle,Coastal / Pacific Northwest / water-constrained,Seattle,,True,27.58965721040191,53,Washington,False,,,,False,False,Missing,False,29.788480731225317,19.2244379817576,0.3603723404255319,8,seattle,2024,GOOGLE/SATELLITE_EMBEDDING/V1/ANNUAL,/Users/yufeizhou/Desktop/heat-exposure-compare/data/processed/seattle/seattle_master_lst_hi_hotcompare.gpkg,seattle_master_lst_hi_hotcompare,0.021075822920085283,-0.2881771687037358,0.022187553019498426,-0.06903267660757609,0.09133898674165492,-0.1057361645355333,-0.049214347250408234,-0.1327127993374793,0.05418221079115155,-0.07248421386556271,0.06450780616449618,0.0497384117973977,-0.16848920179079818,-0.16656348798628798,-0.124959746137805,-0.07486327981084115,0.16386742555893102,0.1728459492668213,0.06365413959333525,0.103391988256119,0.035158038486841334,0.09406769410687078,-0.13431038483786492,0.11654334686188335,-0.0019485106015872313,0.24311598622551642,0.019341335348452834,-0.05462818792896271,0.1111105100709173,-0.023528523418578796,-0.007034787098284012,-0.13241134135194374,-0.01965894122607838,-0.02276134056471093,0.11243093498531062,-0.14336243071045024,-0.23277718726691626,0.05757030320698983,-0.03782252328133106,0.08596346142195212,-0.17157340740295676,-0.04616090094644773,0.031907829259997404,0.017109017980457202,0.08333052460792548,0.15179782382831056,-0.09684791723752466,-0.05739551448801725,0.15576017768294328,-0.09482863092887,-0.12437661095537189,0.1017054360013551,-0.06061352460751802,0.05323259629927982,0.20257320892142033,-0.21296572441707642,0.14613487601043612,0.07419937129247359,0.024753451237816658,-0.010757463187931238,0.19720755040579893,0.00037465197574304717,-0.18389942661271946,-0.0966990212447969
674139,0,033,S,53033003601,1400000US53033003601,+47.6749093,-122.3260430,G5020,36.01,Census Tract 36.01,53,003601,True,seattle,Coastal / Pacific Northwest / water-constrained,Seattle,18.604142996193676,True,28.78241735537193,53,Washington,True,0.4787234042553192,0.1622340425531915,-0.3164893617021277,False,False,Neither hotspot,False,29.788480731225317,19.2244379817576,0.3603723404255319,9,seattle,2024,GOOGLE/SATELLITE_EMBEDDING/V1/ANNUAL,/Users/yufeizhou/Desktop/heat-exposure-compare/data/processed/seattle/seattle_master_lst_hi_hotcompare.gpkg,seattle_master_lst_hi_hotcompare,-0.004197821039117911,-0.27340154053986615,-0.07859226805581465,-0.05552955383902361,0.06535181331570081,-0.09375926738156692,-0.05492961049795945,-0.17433524169993012,0.11870573485171396,-0.10626705828898024,0.12730664747321996,0.018848366559259092,-0.20033414654513348,-0.1774760849024531,-0.09916676315465478,-0.037161494555001735,0.11829287248100893,0.14101603614126132,0.049304177465431115,0.09755414094571416,0.02411903625528559,0.07452727045899013,-0.11616763049842567,0.12293460809959947,-0.021114105762197896,0.2770195372797462,0.06813242667057948,-0.09784463288594906,0.11762392307428639,-0.0010531746416036203,-0.045005978281540536,-0.08460681021079551,-0.00494172028453166,0.0032703457748624776,0.1282601470724107,-0.12530366301292048,-0.2027605903018891,0.08135467262193426,-0.02849064856450304,0.07476433780708064,-0.17116878418094406,-0.07665920399320882,0.060926468309781066,0.04391571317017374,0.10446151433552874,0.08938332342946279,-0.08898109272734554,-0.05335975654781775,0.20270564117204007,-0.1285004728690841,-0.11650212885391649,0.0371943887125688,-0.06205391543743396,0.08101213548369818,0.21034094273664525,-0.21293504754610446,0.1714659478059889,0.06033158418583999,0.022006251157593127,-0.025297480196057463,0.18191893634218967,0.019431053103767845,-0.1429735012697354,-0.05496081812123154
871622,0,033,S,53033010101,1400000US53033010101,+47.5657253,-122.2906975,G5020,101.01,Census Tract 101.01,53,010101,True,seattle,Coastal / Pacific Northwest / water-constrained,Seattle,19.2244379817576,True,31.54731292517008,53,Washington,True,0.9521276595744681,0.776595744680851,-0.17553191489361708,True,True,Both LST and HI hotspot,False,29.788480731225317,19.2244379817576,0.3603723404255319,10,seattle,2024,GOOGLE/SATELLITE_EMBEDDING/V1/ANNUAL,/Users/yufeizhou/Desktop/heat-exposure-compare/data/processed/seattle/seattle_master_lst_hi_hotcompare.gpkg,seattle_master_lst_hi_hotcompare,-0.036166325631361025,-0.2658480279129053,-0.015250276400246652,-0.04139176872832342,0.07793170043039606,-0.10674940116817394,-0.05996833577930468,-0.15596328222317418,0.10138846538479064,-0.12990390205901237,0.12893268052265133,0.06362335360265566,-0.17116951152051732,-0.17181378817975232,-0.10749620616587278,0.024127140386040188,0.10526412599717887,0.16623738692843137,0.049413637557684215,0.07965783725255458,0.018395487084957855,0.05807251557746287,-0.10343376916277881,0.14796391954791724,-0.004948457072079077,0.2358771378228845,0.04050626396988729,-0.1097338287210262,0.13026294832250668,0.0036741209360243473,-0.06389576160556219,-0.10722623599909435,0.010849507556403912,0.00811963102638968,0.09512325876832237,-0.09708677426625727,-0.1892901287937291,0.052543271510102324,-0.06515245526407144,0.07191150666815165,-0.16114107145446252,-0.059445409083359095,0.0374775770537948,0.03577163642899182,0.10178255612885508,0.11828574255368442,-0.06869384930697053,-0.04155087063125775,0.2364250630689345,-0.14081576473292126,-0.14037569156122334,0.07136212962492534,-0.06649565670658854,0.08771142951035259,0.1846085366467584,-0.21642255915836786,0.16395485021679607,0.03134913094950748,0.04276439333998452,-0.025209807979062374,0.15796811466280014,0.0036688132130851306,-0.10690984257210225,-0.11764505656953125
1211535,121121,033,S,53033004703,1400000US53033004703,+47.6643472,-122.3721352,G5020,47.03,Census Tract 47.03,53,004703,True,seattle,Coastal / Pacific Northwest / water-constrained,Seattle,18.844775426560606,True,27.007396238651122,53,Washington,True,0.28191489361702127,0.44148936170212766,0.1595744680851064,False,False,Neither hotspot,False,29.788480731225317,19.2244379817576,0.3603723404255319,11,seattle,2024,GOOGLE/SATELLITE_EMBEDDING/V1/ANNUAL,/Users/yufeizhou/Desktop/heat-exposure-compare/data/processed/seattle/seattle_master_lst_hi_hotcompare.gpkg,seattle_master_lst_hi_hotcompare,0.002352289125668981,-0.29517645693420796,-0.03393844249751737,-0.12259332304097163,0.03762143355640801,-0.11644102736886902,-0.045541383664457515,-0.14892042592672458,0.005696963778661738,-0.016329625184775678,0.11287434608214374,0.021506070130152828,-0.12202244874583223,-0.1893930601132242,-0.09735029426041915,-0.11081733373972756,0.1741315179665675,0.13617434578249926,0.0358381474315678,0.06439713518216958,0.030251048528110766,0.09381338717479921,-0.16756986377651448,0.08777922244238112,-0.07012115770278173,0.17494162565063898,0.027208674495927947,-0.02940496240090685,0.09193117570851711,-0.00701891681262887,0.026719110069597745,-0.10116191069031577,0.02875735352312052,-0.1021410194629819,0.047839295913226616,-0.12936655038097486,-0.21323304996952716,0.07541805175348462,-0.004841938614433938,0.12407409886400404,-0.14582284025842762,-0.057039148231954474,0.009842186538604874,0.011778661733588307,0.10743980810858905,0.12344708214091113,-0.07847542585752708,-0.032833153684645136,0.1790236470599716,-0.0736027852511627,-0.14058411146928365,0.14851543218437674,-0.10824775553432724,0.0479512092404863,0.1853123044632017,-0.19189100000400736,0.1054744663135383,0.05817780443012492,0.05488023604970997,-0.009015048714912146,0.12347315826852535,-0.0414468819539886,-0.178885074016575,-0.021090003308669853
922319,0,033,S,53033009802,1400000US53033009802,+47.5672342,-122.3830567,G5020,98.02,Census Tract 98.02,53,009802,True,seattle,Coastal / Pacific Northwest / water-constrained,Seattle,,True,25.29082670203361,53,Washington,False,,,,False,False,Missing,False,29.788480731225317,19.2244379817576,0.3603723404255319,12,seattle,2024,GOOGLE/SATELLITE_EMBEDDING/V1/ANNUAL,/Users/yufeizhou/Desktop/heat-exposure-compare/data/processed/seattle/seattle_master_lst_hi_hotcompare.gpkg,seattle_master_lst_hi_hotcompare,0.019643152652182035,-0.2645628681102414,-0.045243176435965954,-0.05778482532762567,0.0965432522603745,-0.07575810995561261,-0.033511524946545974,-0.19695537418232054,0.13993522531451313,-0.13110870324089774,0.08974176004762748,0.05052727741792032,-0.20799447205381033,-0.18311050445576743,-0.117287979085707,-0.017522730030643544,0.12006657830050955,0.18209113470612373,0.08064469701653303,0.08514068491723602,0.0274074250029662,0.09396228695748801,-0.1038016685816388,0.12305362387613346,-0.02542159179703987,0.27024425562720944,0.04671448883563104,-0.09145153183994698,0.14008579234778748,0.019682073370860594,-0.039551433785377295,-0.10874060365243021,-0.03194534806358611,0.01449070276373122,0.12045708417505221,-0.1159890315011442,-0.20993061672164168,0.0346766376485909,-0.04334588721157527,0.10915556254191924,-0.15224159608105475,-0.05874811198462132,0.04816909746584381,0.04970752979071932,0.10776032240144974,0.07948123836025693,-0.10114700743765376,-0.07541656976999894,0.16387361417943044,-0.1531118660245938,-0.096960086312,0.031232680539115446,-0.06378093954508134,0.056223739278059875,0.18162248872818523,-0.24321798075106027,0.17117123520907887,0.05557253800535894,0.03268141738190248,-0.02809028205020038,0.17959673326301392,0.050934841607522874,-0.1834676577526043,-0.09019982373549165
2432848,749176,033,S,53033005303,1400000US53033005303,+47.6540399,-122.3012544,G5020,53.03,Census Tract 53.03,53,005303,True,seattle,Coastal / Pacific Northwest / water-constrained,Seattle,18.604142996193676,True,29.85358501118572,53,Washington,True,0.7606382978723404,0.1622340425531915,-0.5984042553191489,True,False,LST-only hotspot,False,29.788480731225317,19.2244379817576,0.3603723404255319,13,seattle,2024,GOOGLE/SATELLITE_EMBEDDING/V1/ANNUAL,/Users/yufeizhou/Desktop/heat-exposure-compare/data/processed/seattle/seattle_master_lst_hi_hotcompare.gpkg,seattle_master_lst_hi_hotcompare,-0.05936677425845164,-0.2548571078726528,-0.1102595940103966,-0.075645866091321,0.03129517047247325,-0.08560305350624403,0.005162165878003037,-0.052624564495016665,0.07145390876522698,-0.027975545819088166,0.10484364143014431,-0.015457719857953774,-0.1077579913129657,-0.1435182563257554,-0.07114922607272006,-0.04199931630308953,0.08485782222427035,0.04128479891839352,0.023803332196632093,0.07895253830214934,0.007925914266999732,0.08436697358955736,-0.17545870957206458,0.1572826625253564,-0.027872284390367562,0.11863962025219132,0.07218325239763092,-0.16004517077599745,0.12065343728136758,-0.03909970457211527,-0.08915113001423278,-0.020246331194395187,-0.00648137443141356,-0.010220509063631533,0.010406537430144401,-0.04195632122409772,-0.10391181142225858,0.019259800497370173,-0.02650362407209869,0.09780549015853238,-0.12179093958726132,-0.012142539441604296,0.06268155182018184,0.030855227669818682,0.05420935826516605,0.15166089224804166,-0.07651528202955225,-0.02502197594899636,0.1252405447718141,-0.1351851151472109,-0.20023269550620526,0.09238766225035894,-0.0433176396412554,0.052819191973395636,0.15038620402268774,-0.16046541941616635,0.08533911305052369,0.06847387565394081,0.025575853030034946,-0.027591076997164003,0.13250515370711966,-0.09324688441384289,-0.07732119457028871,0.0010784914806326715
250787,0,033,S,53033007301,1400000US53033007301,+47.6219263,-122.3308665,G5020,73.01,Census Tract 73.01,53,007301,True,seattle,Coastal / Pacific Northwest / water-constrained,Seattle,19.2244379817576,True,29.172535460992968,53,Washington,True,0.5957446808510638,0.776595744680851,0.18085106382978722,False,True,HI-only hotspot,True,29.788480731225317,19.2244379817576,0.3603723404255319,14,seattle,2024,GOOGLE/SATELLITE_EMBEDDING/V1/ANNUAL,/Users/yufeizhou/Desktop/heat-exposure-compare/data/processed/seattle/seattle_master_lst_hi_hotcompare.gpkg,seattle_master_lst_hi_hotcompare,0.030531324906479126,-0.2887079063834436,0.008048691784851254,-0.14844274894851275,0.022115588337327668,-0.16850616993867848,-0.005615945073534932,-0.14821648835573295,-0.033582975541921356,-0.014719005676668518,0.1010222876939709,0.04108961892183312,-0.0975977629547984,-0.16143411073310657,-0.1214728348014628,-0.13312173293690438,0.19835506160868524,0.13418112917585004,0.013782108962049514,0.0616275415313446,0.060087611884078546,0.06905466329437474,-0.18100785954938675,0.06878893443926597,-0.016760872961457576,0.1821184611213322,0.041706511254909984,-0.026222658089655074,0.09477278920405306,8.058683634210441e-05,0.04855348855055104,-0.10568533687178258,0.030198480219056602,-0.08614540598381461,0.06988907467383484,-0.15548975519142694,-0.2537622618216091,0.09354294922331355,0.03139311430739387,0.029129654387575563,-0.17330126987077582,-0.061701344502633204,-0.019019019758633016,-0.02610117675165176,0.08604198621375263,0.13217601877413626,-0.10605862350477925,0.007098625013406979,0.19456883504957023,-0.04175992052827059,-0.1568965174853006,0.14120833758202755,-0.12840670714751962,0.0539857548873015,0.2263311529298131,-0.18882969741032604,0.09732366752092278,0.04125460078652458,0.07173230687890933,-0.022340179934915272,0.14151451740009793,-0.03321376275706434,-0.16622028494352953,-0.009700326364964618
250921,0,033,S,53033008401,1400000US53033008401,+47.6123725,-122.3226009,G5020,84.01,Census Tract 84.01,53,008401,True,seattle,Coastal / Pacific Northwest / water-constrained,Seattle,19.2244379817576,True,28.740036231884115,53,Washington,True,0.4734042553191489,0.776595744680851,0.3031914893617021,False,True,HI-only hotspot,True,29.788480731225317,19.2244379817576,0.3603723404255319,15,seattle,2024,GOOGLE/SATELLITE_EMBEDDING/V1/ANNUAL,/Users/yufeizhou/Desktop/heat-exposure-compare/data/processed/seattle/seattle_master_lst_hi_hotcompare.gpkg,seattle_master_lst_hi_hotcompare,0.016961679493314848,-0.2746421472850274,0.0034548520045580454,-0.07128319859976513,0.07529333236027089,-0.17307742590125572,-0.0020683966242086007,-0.09008368674887299,-0.06038639106622457,-0.010340910235211111,0.10764178082326395,0.08107375518009455,-0.06241037231852889,-0.13662915441772058,-0.1769256459406238,-0.11716317323824886,0.19941446054152706,0.15871650105576662,0.017588489284806434,0.0911120316356091,0.03650829160074361,0.02617369070738137,-0.14427926834868007,0.08795776551615994,0.056370594899562185,0.19716266141054584,0.06705571721326624,-0.013647919661821087,0.07357583238429384,-0.05319771968205738,-0.009616685056562945,-0.07531047459942501,0.001930435090619589,-0.08004694947362495,0.11841436502867485,-0.1762502382672769,-0.29108159167026854,0.01944641361252325,0.026020310712757202,0.021349222460516213,-0.15681858612645477,-0.10032263773959739,0.03330863834374563,-0.0496987356237331,0.07958239548657058,0.14668632990537156,-0.11565637393860886,0.021731631895056846,0.199496071018596,-0.04714118057052854,-0.16844088890559716,0.13424530101415175,-0.0841619038101904,0.06648342222910213,0.22635718363207755,-0.21420016476363749,0.12231488502545179,0.01632397570431507,0.06070401145435542,-0.08099985163093545,0.13944543652817604,0.023822037110660842,-0.12360627478196497,-0.03970336162905146
1139612,1037832,033,S,53033011802,1400000US53033011802,+47.5187835,-122.2586613,G5020,118.02,Census Tract 118.02,53,011802,True,seattle,Coastal / Pacific Northwest / water-constrained,Seattle,19.11091586370829,True,30.015291005291033,53,Washington,True,0.776595744680851,0.5478723404255319,-0.22872340425531912,True,False,LST-only hotspot,False,29.788480731225317,19.2244379817576,0.3603723404255319,16,seattle,2024,GOOGLE/SATELLITE_EMBEDDING/V1/ANNUAL,/Users/yufeizhou/Desktop/heat-exposure-compare/data/processed/seattle/seattle_master_lst_hi_hotcompare.gpkg,seattle_master_lst_hi_hotcompare,-0.027247524482894504,-0.22720277213659626,-0.13380230476236238,-0.06082502687112773,0.05928363843780023,-0.008012566021226809,-0.013391468638100893,-0.013912535356956478,0.1291651754382239,-0.0510762725688545,0.1302916263881517,-0.04381198198048645,-0.1182146240759277,-0.15637324126125252,-0.00030896656957923657,0.012361187641516986,0.11462400472297332,-0.002324891893735856,0.04082205350216957,0.050499652811759804,0.02083055505656134,0.06599845530168698,-0.10747797218339834,0.1712083573738218,-0.04071410902197948,0.09717684222969077,0.030063411545279407,-0.20722007635744363,0.13059361662382796,-0.055530000379496666,-0.13374971019825427,0.05773919363401203,0.06390798453454519,-0.010990210538935044,-0.04202293071401287,-0.06333827698011946,-0.06186277311427739,0.020742300586056864,-0.04123592465974477,0.1629808157643797,-0.12005676287697707,-0.07742092669216032,0.141385242404513,0.04131498796299171,0.031208864999534184,0.17259469730505675,-0.10503771680087985,0.014124204563231732,0.07853357113749114,-0.1321195338657329,-0.0907425336906516,0.05602835053780386,-0.0814833331990125,0.08886123525676515,0.11657589258036732,-0.11612859195956331,0.08396739549753326,0.09611710095100413,0.027217756713776048,-0.06102265087376456,0.1397853893331653,-0.083967546616945,-0.05285347322096071,0.07025306915539617
441021,0,033,S,53033007002,1400000US53033007002,+47.6285230,-122.3541023,G5020,70.02,Census Tract 70.02,53,007002,True,seattle,Coastal / Pacific Northwest / water-constrained,Seattle,19.2244379817576,True,28.199367469879554,53,Washington,True,0.3617021276595745,0.776595744680851,0.41489361702127653,False,True,HI-only hotspot,True,29.788480731225317,19.2244379817576,0.3603723404255319,17,seattle,2024,GOOGLE/SATELLITE_EMBEDDING/V1/ANNUAL,/Users/yufeizhou/Desktop/heat-exposure-compare/data/processed/seattle/seattle_master_lst_hi_hotcompare.gpkg,seattle_master_lst_hi_hotcompare,0.030653132821997116,-0.26987855326377275,0.025769104784088743,-0.07017621505179979,0.09493432025352286,-0.10688510320268096,-0.04033249637619348,-0.11988850893451605,0.040503618968522975,-0.08121472488329792,0.044711569906228085,0.058211746231047766,-0.16334516588984135,-0.16982194915553117,-0.1383583697796554,-0.07848500695522728,0.1597346850683611,0.2063749943006627,0.06916000611546726,0.1123830024519914,0.037115204299412896,0.08020252531254801,-0.12766247776427928,0.1100146927169113,0.004446244961777178,0.24346791830677572,0.023220884417080728,-0.048841147418454224,0.1067585009244286,-0.018584836866748205,-0.0005328089681337436,-0.11643777803284429,-0.01430264950943822,-0.0030460540144273407,0.11900790218932865,-0.1334806177274708,-0.24500168797232322,0.03957924893678285,-0.03799486851269403,0.08947571127486643,-0.16569886186261992,-0.05054652180332594,0.022900377469378164,0.0021726459825270037,0.08930174224134137,0.14957735852081963,-0.11132917418586825,-0.035558808963123044,0.12717831914585412,-0.09866276401220145,-0.11290640870825325,0.10036382311521844,-0.06428338383291345,0.03347520593216472,0.19715994268255801,-0.22253605481077499,0.14623459802905042,0.08614328415164471,0.03087015096864299,-0.00289292899822777,0.18877003155688196,0.016032253237526824,-0.19941043471230213,-0.09331490708718548
1431268,0,033,S,53033000601,1400000US53033000601,+47.7167031,-122.3232436,G5020,6.01,Census Tract 6.01,53,000601,True,seattle,Coastal / Pacific Northwest / water-constrained,Seattle,18.604142996193676,True,29.434606164383567,53,Washington,True,0.6648936170212766,0.1622340425531915,-0.5026595744680851,False,False,Neither hotspot,False,29.788480731225317,19.2244379817576,0.3603723404255319,18,seattle,2024,GOOGLE/SATELLITE_EMBEDDING/V1/ANNUAL,/Users/yufeizhou/Desktop/heat-exposure-compare/data/processed/seattle/seattle_master_lst_hi_hotcompare.gpkg,seattle_master_lst_hi_hotcompare,-0.004688185473710873,-0.26777159924237376,-0.07868455463715474,-0.027596054190967625,0.07944764812951696,-0.05710161152276672,-0.05885101137925462,-0.13888272347061761,0.1512915302848231,-0.13072015176431973,0.13236248063927783,0.051635459693663704,-0.2114022333527691,-0.13253813710678972,-0.1018248827635893,-0.00014801075160555556,0.07861560257530954,0.1555797857366702,0.10055938241449199,0.08048820957080365,0.02257620226726522,0.07104475263079502,-0.09699375562454832,0.12473402206006655,-0.02580539653096454,0.2612603729336143,0.027229678376223233,-0.11095128849457364,0.13131118999476846,0.0010501473104409175,-0.03747122451464372,-0.09235283452894859,-0.02277682367888071,0.02339034021728893,0.05026899013888082,-0.09426420431773412,-0.1950075473696169,0.048609154117713285,-0.033710405927277705,0.11300150784960528,-0.1657219374273862,-0.04047447149756055,0.07898125038986457,0.056861724112890255,0.09580748133331503,0.10962010180411534,-0.07238252409307677,-0.05789014022389375,0.2081168439943172,-0.17481790846576484,-0.15602089042265305,0.027627086938029368,-0.034105629024749465,0.07713782859046288,0.2044740723546957,-0.19432053216659506,0.1425131981501287,0.09460314589042812,0.0345463838262922,-0.009720736767181637,0.1973485492317534,0.03406050696971434,-0.10584936033064096,-0.09752934523333415
571393,176916,033,S,53033004701,1400000US53033004701,+47.6654796,-122.3828943,G5020,47.01,Census Tract 47.01,53,004701,True,seattle,Coastal / Pacific Northwest / water-constrained,Seattle,18.844775426560606,True,23.14440393518521,53,Washington,True,0.10106382978723404,0.44148936170212766,0.3404255319148936,False,False,Neither hotspot,False,29.788480731225317,19.2244379817576,0.3603723404255319,19,seattle,2024,GOOGLE/SATELLITE_EMBEDDING/V1/ANNUAL,/Users/yufeizhou/Desktop/heat-exposure-compare/data/processed/seattle/seattle_master_lst_hi_hotcompare.gpkg,seattle_master_lst_hi_hotcompare,-0.02713186688097522,-0.2990469692922378,-0.05551039263859646,-0.11314686175957461,0.04344839916246155,-0.11518879046431665,-0.05275965097302262,-0.10543441366170901,-0.04101486704427636,0.027619399508229277,0.11392037658833609,0.013821403635535483,-0.07119557343084519,-0.17484490148667306,-0.11149558795407336,-0.11790920020470358,0.17520573008731344,0.12036825113918187,0.026380299830507343,0.07365898617940873,0.017315914492558794,0.07855229298955432,-0.16936364956237918,0.09080897983458981,-0.06536461445322789,0.15959212181907664,0.026804639953078208,-0.03927416372166735,0.08488398756363404,-0.040312697050065335,-0.003003718301471898,-0.07235665076620187,0.04516304697683881,-0.10553189188510706,0.026449256217582307,-0.12627348821554718,-0.18378653889427668,0.05564508087288048,-0.0005912537259789453,0.1491245073287895,-0.1335157751256625,-0.06362493259407936,0.0412138466928398,0.005809902405557121,0.08959265199244426,0.16256564047292976,-0.0742911995474508,0.00201791627550374,0.16477592655950232,-0.09080149981972188,-0.14846195971109255,0.1772341448434934,-0.07723639944112357,0.04444122517265259,0.17621856485486528,-0.1769231460633254,0.0991472414473914,0.067163609645544,0.06850567977017291,-0.0391694017164831,0.11860851674877085,-0.06639913233532718,-0.12505433051554848,-0.015645589959016392
624606,0,033,S,53033003800,1400000US53033003800,+47.6794093,-122.2955292,G5020,38,Census Tract 38,53,003800,True,seattle,Coastal / Pacific Northwest / water-constrained,Seattle,18.604142996193676,True,30.522070015220716,53,Washington,True,0.8882978723404256,0.1622340425531915,-0.726063829787234,True,False,LST-only hotspot,False,29.788480731225317,19.2244379817576,0.3603723404255319,20,seattle,2024,GOOGLE/SATELLITE_EMBEDDING/V1/ANNUAL,/Users/yufeizhou/Desktop/heat-exposure-compare/data/processed/seattle/seattle_master_lst_hi_hotcompare.gpkg,seattle_master_lst_hi_hotcompare,0.002341837092400155,-0.27050960955330694,-0.03424401685722519,-0.05043009916578863,0.08003786891143745,-0.07576897605841332,-0.05293561108403331,-0.15237049456219554,0.15389563682782204,-0.16288077583518135,0.11561135167160226,0.04541265349381331,-0.20286072374342426,-0.16278873761649906,-0.08739565976891871,0.01355749352122826,0.09149755155101036,0.20300613691926034,0.1010933890524773,0.05613464169546381,0.021503616391330846,0.09045505491330179,-0.08060028030014012,0.12500782889054873,-0.03468506896999392,0.27781387580252076,0.03683436118764491,-0.08965061758711772,0.13444349558211208,-0.005343947855620885,-0.03859808369530484,-0.08096657240776263,-0.046169882929858796,0.03572967120642522,0.10702499974378281,-0.11912776342245261,-0.21278855413910838,0.07372361343115565,-0.05316550622882954,0.10622855224715257,-0.15136777460799455,-0.0771165108571899,0.0804654914429777,0.04011089185291397,0.10690836336129024,0.08505922848160767,-0.11287862160244817,-0.03973759704601571,0.19763094225953523,-0.15906237921699634,-0.10786680263548533,0.023758944812594014,-0.0677641812892547,0.06619360980448709,0.18239799135792625,-0.20228447494624419,0.16624411418767657,0.0812237802205816,0.02353823410499539,0.012441586365686246,0.17350643715485722,0.07096559456077078,-0.13782793513192143,-0.09610573378506038
984334,0,033,S,53033002500,1400000US53033002500,+47.6838969,-122.3022793,G5020,25,Census Tract 25,53,002500,True,seattle,Coastal / Pacific Northwest / water-constrained,Seattle,18.604142996193676,True,30.471582892416244,53,Washington,True,0.8829787234042553,0.1622340425531915,-0.7207446808510638,True,False,LST-only hotspot,False,29.788480731225317,19.2244379817576,0.3603723404255319,21,seattle,2024,GOOGLE/SATELLITE_EMBEDDING/V1/ANNUAL,/Users/yufeizhou/Desktop/heat-exposure-compare/data/processed/seattle/seattle_master_lst_hi_hotcompare.gpkg,seattle_master_lst_hi_hotcompare,0.0004425774964354786,-0.2635915812127215,-0.0594158258477326,-0.027690763703694735,0.07781463008714816,-0.0692680491715405,-0.046818829583082984,-0.1372759452900944,0.1498002654944873,-0.16064675892238497,0.1240627203681696,0.04776566521456968,-0.212535485284561,-0.15929563643724506,-0.07866801770183374,0.016629928835329367,0.07771938984622201,0.18143343280668356,0.09700762266086552,0.08968131136452506,0.017558526549897764,0.07419704520188708,-0.0881203199591688,0.14239859278990005,-0.008434982762207261,0.27983037845430264,0.044916029893528095,-0.12037860470523193,0.13912421712439804,0.008305952547230343,-0.07732749373658665,-0.0839938312353162,-0.061177713512622425,0.04454380945226475,0.10804976245136551,-0.09626727397224576,-0.18997206578165765,0.04246153239586869,-0.07374152700131897,0.08775802552863288,-0.15039049508121996,-0.051746375694568005,0.07291069509799337,0.0477671045013957,0.09927983395360623,0.09698700382872641,-0.08623281471454669,-0.06779434508064948,0.19649503499173562,-0.1643888002008763,-0.13751731968385747,0.011279640722987002,-0.04608413886999106,0.06103870536494905,0.18666424891904423,-0.21012095947971096,0.17053493651602664,0.08441882380992426,0.017618218321287023,0.010526304476645466,0.1850002344753529,0.054932533428959276,-0.11621437249212452,-0.11078300595849844
2629269,5753,033,S,53033021000,1400000US53033021000,+47.7396007,-122.3357847,G5020,210,Census Tract 210,53,021000,False,seattle,Coastal / Pacific Northwest / water-constrained,Seattle,18.604142996193676,True,26.907300000000035,53,Washington,True,0.2712765957446808,0.1622340425531915,-0.10904255319148934,False,False,Neither hotspot,False,29.788480731225317,19.2244379817576,0.3603723404255319,22,seattle,2024,GOOGLE/SATELLITE_EMBEDDING/V1/ANNUAL,/Users/yufeizhou/Desktop/heat-exposure-compare/data/processed/seattle/seattle_master_lst_hi_hotcompare.gpkg,seattle_master_lst_hi_hotcompare,-0.01894633359852056,-0.2677777053485793,-0.07053044161690307,-0.027693474483113673,0.08041356479146336,-0.06126802298011296,-0.06499955996084125,-0.13545744635766066,0.13131056803554067,-0.12904200320126877,0.14073629242738395,0.04510489777877488,-0.20144635635548086,-0.1367241801782467,-0.10000009021510554,-0.001987083707894713,0.08368443323203983,0.1465335748135452,0.08754476210663462,0.07519770602343442,0.01800814086875799,0.05592741979963799,-0.11620272301618724,0.12097401257038494,-0.026534669744592725,0.2545948835445293,0.020141518075412913,-0.11087562885967431,0.12465881630983794,-0.0012704742116670276,-0.040244228310470045,-0.10224264909973672,-0.007534254408648958,0.021550982173546288,0.03689675854829163,-0.08994363694523402,-0.19104889103472686,0.06317369214276548,-0.04304505835807366,0.11223607110193988,-0.1577307144675275,-0.03647475989501785,0.07423559228103721,0.0515728495261121,0.09599390610309315,0.11500753865017982,-0.06296871087805256,-0.04704840647082282,0.2168098018641435,-0.17237498911247548,-0.15856758568895235,0.03923301952798817,-0.03307560265894095,0.08650140239526143,0.2077340274474533,-0.1810361394300577,0.1407952271654278,0.08921397166204091,0.0420348724482193,-0.01306651320315375,0.2021850098123988,0.010516677369914105,-0.11007778610314498,-0.09467351508746305
1004853,1849039,033,S,53033000900,1400000US53033000900,+47.7080031,-122.2748976,G5020,9,Census Tract 9,53,000900,True,seattle,Coastal / Pacific Northwest / water-constrained,Seattle,18.604142996193676,True,29.43703200356837,53,Washington,True,0.6702127659574468,0.1622340425531915,-0.5079787234042553,False,False,Neither hotspot,False,29.788480731225317,19.2244379817576,0.3603723404255319,23,seattle,2024,GOOGLE/SATELLITE_EMBEDDING/V1/ANNUAL,/Users/yufeizhou/Desktop/heat-exposure-compare/data/processed/seattle/seattle_master_lst_hi_hotcompare.gpkg,seattle_master_lst_hi_hotcompare,-0.009922100847446312,-0.1953708316802031,-0.18388434141380938,-0.06998778054776957,0.038215871070899944,0.022773977854911375,0.004122582341454169,0.05825409684363468,0.13948306528219054,-0.03708704056358425,0.11926791859273331,-0.049376680501501714,-0.09445376381241025,-0.14725859751614473,0.02527055097808314,0.015200833719034038,0.0864432030170909,-0.043235255424000064,0.05695416300800277,0.05911728347111071,0.03112339044042107,0.10157682018602002,-0.09401051385508623,0.2029722242346783,-0.07512402418183024,0.013702812236906042,0.029944635496077496,-0.27044414545607376,0.13881163961197437,-0.07776514184837696,-0.15860221042420486,0.1443088605846636,0.06024761803539806,-0.007863099173267695,-0.0939347004600772,-0.03067164149797124,-0.003041941558125352,-0.025062092249521793,-0.029787604094685474,0.16406258751649258,-0.11780739250162471,-0.08440227818978813,0.16661560680814994,0.03768171897312813,0.012479679614885407,0.2087687016937506,-0.11873788008348804,0.02939586640953175,0.005334755100546816,-0.14305162531725357,-0.0879894336608294,0.034325208915125804,-0.0829751426039902,0.06669739416701612,0.06174177685938717,-0.09282888282468651,0.034168242116104273,0.1402020591845222,0.017935077748574613,-0.044855267271455675,0.10492103785336178,-0.1082821394037479,-0.007419911922927026,0.12979491554812198
711350,0,033,S,53033008600,1400000US53033008600,+47.6071013,-122.3166895,G5020,86,Census Tract 86,53,008600,True,seattle,Coastal / Pacific Northwest / water-constrained,Seattle,19.2244379817576,True,28.281797263681625,53,Washington,True,0.3776595744680851,0.776595744680851,0.3989361702127659,False,True,HI-only hotspot,True,29.788480731225317,19.2244379817576,0.3603723404255319,24,seattle,2024,GOOGLE/SATELLITE_EMBEDDING/V1/ANNUAL,/Users/yufeizhou/Desktop/heat-exposure-compare/data/processed/seattle/seattle_master_lst_hi_hotcompare.gpkg,seattle_master_lst_hi_hotcompare,0.01668236059176337,-0.29913644487716534,0.007704009498401029,-0.09431535657112051,0.0662599641975099,-0.13072913374696085,-0.019253628618361187,-0.15375036165827305,0.02159052825890265,-0.07917850397626909,0.0990886821944987,0.0590666078678477,-0.14016204837767182,-0.16682808827559364,-0.12964863425875242,-0.082042951230509,0.15391587200585383,0.16606114728185467,0.03770456854202248,0.09835725888938474,0.029054672341801775,0.057373725266237775,-0.1484473670870166,0.09452044539801695,-0.016581219404556206,0.22236201118983737,0.06206252140194841,-0.05206939287606686,0.09920313822251364,-0.013779495489380574,0.0017742815513808444,-0.12067924573080731,-0.004569834711899207,-0.05203197537797324,0.11686671018561547,-0.12931756407913936,-0.25753877991875096,0.036767189116629934,-0.007299510934741025,0.05486331320980597,-0.17379659965416203,-0.062157537155210815,0.004060496141215405,-0.009992526979795031,0.09940153996807581,0.10764193239985743,-0.10023708325054978,-0.018116882237493897,0.17821802090815542,-0.08166936519005262,-0.14812598982032457,0.09978294258449935,-0.10232097959374596,0.053952129338906224,0.21819793498484125,-0.21820032357624206,0.12970271358141325,0.045732099702011725,0.04409322305429757,-0.012389435452370352,0.1558738049324465,0.00566658827553311,-0.17196749042787163,-0.06275821553703329
200489,0,033,S,53033005306,1400000US53033005306,+47.6630891,-122.3141376,G5020,53.06,Census Tract 53.06,53,005306,True,seattle,Coastal / Pacific Northwest / water-constrained,Seattle,18.604142996193676,True,30.267142857142886,53,Washington,True,0.8351063829787234,0.1622340425531915,-0.6728723404255319,True,False,LST-only hotspot,False,29.788480731225317,19.2244379817576,0.3603723404255319,25,seattle,2024,GOOGLE/SATELLITE_EMBEDDING/V1/ANNUAL,/Users/yufeizhou/Desktop/heat-exposure-compare/data/processed/seattle/seattle_master_lst_hi_hotcompare.gpkg,seattle_master_lst_hi_hotcompare,0.03562467509649786,-0.26228438883639915,-0.0032699101039028603,-0.12679315797496332,0.04306839309758025,-0.19514473933005358,0.03199344562117366,-0.16327899464360937,-0.04583045022485683,-0.00010927640965618077,0.08335835459559904,0.0469912808585842,-0.0961769755267595,-0.1482541752619749,-0.18726626449291814,-0.11770357820318067,0.1909356504947015,0.15649262274479292,0.037758798053724965,0.06458330536418805,0.05508684404100738,0.08179760066916195,-0.18180312795572623,0.07762048933248764,0.0030639451601593318,0.1637660454231756,0.046165781933410276,-0.008495640310185381,0.08773322036593721,-0.02709479995893996,0.04514964456082049,-0.09825724591647707,0.0220846654843516,-0.05826570049880426,0.09540690960733925,-0.15746177498343822,-0.2913452025581544,0.06532608830850906,0.02772234650033704,-0.0002599805099117372,-0.16824220083105035,-0.07229968006196456,-0.02004611188484532,-0.029900201268017877,0.08059476398342326,0.12790433832502687,-0.11423050048824845,-0.01611627884017041,0.163149952984085,-0.04917466079425306,-0.17761855306451912,0.12859339626248117,-0.11572611763650681,0.040980951253414964,0.21154128106555045,-0.22733757456149095,0.10085694307966511,0.03425570450059806,0.08937072314369933,-0.063952560480938,0.13513411036791084,-0.04415381722665246,-0.17940507821806032,-0.016631337817228736
1022976,0,033,S,53033005902,1400000US53033005902,+47.6444414,-122.3684358,G5020,59.02,Census Tract 59.02,53,005902,True,seattle,Coastal / Pacific Northwest / water-constrained,Seattle,18.844775426560606,True,28.019953574744715,53,Washington,True,0.35106382978723405,0.44148936170212766,0.09042553191489361,False,False,Neither hotspot,False,29.788480731225317,19.2244379817576,0.3603723404255319,26,seattle,2024,GOOGLE/SATELLITE_EMBEDDING/V1/ANNUAL,/Users/yufeizhou/Desktop/heat-exposure-compare/data/processed/seattle/seattle_master_lst_hi_hotcompare.gpkg,seattle_master_lst_hi_hotcompare,-0.023008980491583952,-0.2705388365060182,-0.045122185540229016,-0.03700212310762671,0.07745345747624592,-0.06561350894114917,-0.05972974559406208,-0.13046023261140782,0.16315338013546188,-0.1659872253491481,0.12232273067919418,0.042875899135096256,-0.196793934417958,-0.17939268536415745,-0.05985047588390107,0.013127250470497122,0.11077333149435645,0.17958303161685873,0.07489599247526345,0.07317313188963298,0.022983581056238104,0.06716325836513673,-0.09319142580166037,0.1397051738123399,-0.00442841360072562,0.2878558060204823,0.044505309558415924,-0.10577233346170722,0.13528149591745814,0.010721023199663943,-0.053684226971306995,-0.053320873692020834,-0.030677595151962823,0.04922658359894251,0.12097539516089818,-0.11522106604965215,-0.20316916939315402,0.06584557688183515,-0.06965841177916474,0.08373221479234176,-0.14603986603617455,-0.07860245764574908,0.06899600980286363,0.054707915591738474,0.11852308679993681,0.0808680809920025,-0.10360396294747552,-0.04187606837611837,0.19503234676222617,-0.1431405999308274,-0.11338688473730338,0.019231074746113668,-0.059107036523440425,0.07434330305175241,0.1975998260184158,-0.20205123031349614,0.17116145213834705,0.05737743159970351,0.014646881486733826,0.02510338736852234,0.17802502720515573,0.0529001633693906,-0.12812360333048603,-0.08679288901412348
150744,0,033,S,53033007201,1400000US53033007201,+47.6171374,-122.3460833,G5020,72.01,Census Tract 72.01,53,007201,True,seattle,Coastal / Pacific Northwest / water-constrained,Seattle,19.2244379817576,True,27.6516666666667,53,Washington,True,0.3191489361702128,0.776595744680851,0.45744680851063824,False,True,HI-only hotspot,True,29.788480731225317,19.2244379817576,0.3603723404255319,27,seattle,2024,GOOGLE/SATELLITE_EMBEDDING/V1/ANNUAL,/Users/yufeizhou/Desktop/heat-exposure-compare/data/processed/seattle/seattle_master_lst_hi_hotcompare.gpkg,seattle_master_lst_hi_hotcompare,0.021669407401047752,-0.26296183108224064,-0.00936558675853387,-0.06807505707446501,0.05257041914310253,-0.18388779214293038,0.02498549385969597,-0.05972520319564784,-0.1264492829611838,0.026894622226466634,0.08485337671414225,0.05429511184908844,-0.03443382449439725,-0.13033488807805982,-0.20216702206683637,-0.14993236159793435,0.20639392268468298,0.11358411013436553,0.015826022043456556,0.10027241520859667,0.032237736948728876,0.02374375635465489,-0.19072263989576518,0.08732151260179882,0.09589060006959761,0.18961454809765146,0.06861035921882108,-0.02302298941160037,0.09542289414399077,-0.07441810627557663,-0.023409391066236906,-0.05702414035333226,-0.02885233335403886,-0.039710316521340897,0.12243244148638532,-0.17331656340683604,-0.2402697606969122,0.01313818583711607,0.032973662564108976,-0.025228050327149327,-0.16331885757176595,-0.07106956633617272,0.04643641614551694,-0.028368835506922034,0.0799010192864566,0.189671834147123,-0.11600409532636179,0.01939109756747256,0.17887466093573823,-0.046589192586758595,-0.2084501470401706,0.13426556209229482,-0.06156946855254708,0.05238155052204848,0.22577702094565238,-0.19249363311694123,0.12552061342116225,0.01696083881456927,0.053292577204164124,-0.09456629244315355,0.14635160084582582,-0.01048199394779704,-0.1016508987930217,-0.010965454322630956
269234,19268,033,S,53033005202,1400000US53033005202,+47.6567013,-122.3203201,G5020,52.02,Census Tract 52.02,53,005202,True,seattle,Coastal / Pacific Northwest / water-constrained,Seattle,18.604142996193676,True,30.118380952380985,53,Washington,True,0.8031914893617021,0.1622340425531915,-0.6409574468085106,True,False,LST-only hotspot,False,29.788480731225317,19.2244379817576,0.3603723404255319,28,seattle,2024,GOOGLE/SATELLITE_EMBEDDING/V1/ANNUAL,/Users/yufeizhou/Desktop/heat-exposure-compare/data/processed/seattle/seattle_master_lst_hi_hotcompare.gpkg,seattle_master_lst_hi_hotcompare,0.002968783898226052,-0.30913032669221036,-0.0418197233277772,-0.11504417274476036,0.049287542999012786,-0.13740831128642317,-0.04450966367437947,-0.16375528723406102,0.02474100807610677,-0.025757438378318565,0.09006728326066112,0.046538426264029126,-0.13552756423139647,-0.17245709432598338,-0.13964182627644678,-0.10479636466857731,0.17033960057496794,0.1476281370207495,0.03708141178084169,0.08689349058251909,0.016208672144291766,0.10201684303332759,-0.19126006873769227,0.10170053876171782,-0.046210329378913055,0.1846467019982579,0.046849742096514393,-0.035513153231221437,0.09972552164258766,-0.022339331778012166,0.018774627423636853,-0.1267225139041444,0.00048246013821662194,-0.059182371115613114,0.07949925347405627,-0.12016962450032144,-0.22573904551333293,0.060349296433991284,0.018450242377735935,0.10833869479334789,-0.18435675155963369,-0.03989685140642537,0.0004346032813733141,0.005896418062864303,0.09777312109907606,0.11218596586682919,-0.09495296575817659,-0.039432717417590885,0.15484259030072575,-0.10189949458354326,-0.16191661544896627,0.11674858680948935,-0.06546925268365919,0.05757125857631611,0.19885616841118597,-0.21040942115262753,0.12054921895575672,0.06884092122214809,0.030550351778962412,-0.01680860156714366,0.151702432375289,-0.03419180294604764,-0.18047133928109663,-0.03015988173607416
522326,0,033,S,53033003602,1400000US53033003602,+47.6801362,-122.3218336,G5020,36.02,Census Tract 36.02,53,003602,True,seattle,Coastal / Pacific Northwest / water-constrained,Seattle,18.604142996193676,True,29.025311986863738,53,Washington,True,0.5585106382978723,0.1622340425531915,-0.39627659574468077,False,False,Neither hotspot,False,29.788480731225317,19.2244379817576,0.3603723404255319,29,seattle,2024,GOOGLE/SATELLITE_EMBEDDING/V1/ANNUAL,/Users/yufeizhou/Desktop/heat-exposure-compare/data/processed/seattle/seattle_master_lst_hi_hotcompare.gpkg,seattle_master_lst_hi_hotcompare,-0.049461393727279326,-0.31155460009085895,-0.03177776500495952,-0.0555701357400089,0.08089792469155119,-0.1434078537322111,-0.07097646912137652,-0.15359110914694918,0.037326396274432495,-0.051634105687038745,0.10805797528634224,0.03064891919197786,-0.13283475872224354,-0.14588957583987835,-0.14638246932973656,-0.02819481002037723,0.13047257936634157,0.18560698185941116,0.0531182036145777,0.05734895985350295,0.01193856382012579,0.06267968568202467,-0.12667847448947414,0.10720819458692081,-0.025589600931430003,0.21947617598239533,0.06266514510462609,-0.04853021458937584,0.08973910767353817,-0.026049431417467902,-0.04155072729445657,-0.12333510797096299,0.015679182408125335,-0.029906923047987748,0.06922896096054813,-0.13898671179532723,-0.21303940453157394,0.08479654075998327,-0.01937983352141723,0.1461146316320666,-0.14493679629041575,-0.06944216601677565,0.04831648914552325,0.008955650771998357,0.06420176907455462,0.1065817585988795,-0.10144424089595425,-0.004630509927847388,0.22973345771909268,-0.1501877203780481,-0.12718380021517403,0.11598207963115877,-0.03618399521020119,0.058682359013972986,0.1859890650839476,-0.20468532683175256,0.14136055665234742,0.05058594768035897,0.03958193888993961,-0.02980560798983426,0.15796811220009935,-0.0036802258679254707,-0.1254094610999436,-0.08907036053727445
699701,73218,033,S,53033005201,1400000US53033005201,+47.6595743,-122.3245993,G5020,52.01,Census Tract 52.01,53,005201,True,seattle,Coastal / Pacific Northwest / water-constrained,Seattle,18.604142996193676,True,30.12259523809527,53,Washington,True,0.8085106382978723,0.1622340425531915,-0.6462765957446808,True,False,LST-only hotspot,False,29.788480731225317,19.2244379817576,0.3603723404255319,30,seattle,2024,GOOGLE/SATELLITE_EMBEDDING/V1/ANNUAL,/Users/yufeizhou/Desktop/heat-exposure-compare/data/processed/seattle/seattle_master_lst_hi_hotcompare.gpkg,seattle_master_lst_hi_hotcompare,0.01844050483409701,-0.29184510020565213,-0.05824023961773969,-0.09249232651459333,0.06117819139135658,-0.07984627018508485,-0.04533430332573227,-0.15592270934350766,0.086823366261753,-0.07947504138285517,0.093782361287941,0.0471990476611204,-0.17353268201497868,-0.18501435167748556,-0.10092684623900154,-0.05500057418756784,0.1251433446596242,0.1593236245587098,0.06107487356213889,0.08942056431199694,0.026909029100529495,0.10855496700631834,-0.1489011612176853,0.12397556190286355,-0.05296196728752164,0.20726055312424913,0.04753301644050983,-0.0674965220081034,0.11956200809085855,-0.004333658235028863,-0.026856730273270065,-0.09787007599921806,-0.03148303298290314,-0.03224017914196246,0.09371169472647584,-0.11382205721342838,-0.19478551659790075,0.022465996839937004,-0.008984591024539246,0.11672668435286139,-0.1810397328062847,-0.05222342902315997,0.04402130865851813,0.032069497767798515,0.10604494572036717,0.11579749601536643,-0.08753948475145845,-0.06040258312078106,0.14633848528077362,-0.12735390428263837,-0.12065556493438208,0.05868828845771768,-0.07637237731066811,0.03389333289450105,0.1839791087581046,-0.21190433950909757,0.13865584496939623,0.0890341113371231,0.012366464360861784,-0.002500536271728945,0.15947079494030414,0.00831079353298917,-0.16836542043203992,-0.04567141838000816
145446,0,033,S,53033008402,1400000US53033008402,+47.6148658,-122.3260059,G5020,84.02,Census Tract 84.02,53,008402,True,seattle,Coastal / Pacific Northwest / water-constrained,Seattle,19.2244379817576,True,28.43733333333337,53,Washington,True,0.39361702127659576,0.776595744680851,0.38297872340425526,False,True,HI-only hotspot,True,29.788480731225317,19.2244379817576,0.3603723404255319,31,seattle,2024,GOOGLE/SATELLITE_EMBEDDING/V1/ANNUAL,/Users/yufeizhou/Desktop/heat-exposure-compare/data/processed/seattle/seattle_master_lst_hi_hotcompare.gpkg,seattle_master_lst_hi_hotcompare,0.03808865401488167,-0.2847790928688634,0.03242011429461924,-0.12181879201563801,0.03991001626879862,-0.17038765525449148,-0.006342943712424853,-0.12673638692473158,-0.03207471344200555,-0.02184537817650808,0.13346895439797427,0.06088858689875503,-0.08396691233762167,-0.12957798556573816,-0.14064111762792586,-0.13488321128868158,0.21934528677577853,0.14190464354462354,0.01609188904980013,0.04742833370478092,0.051681243272287125,0.04471960300478533,-0.14140692481006611,0.07091074348694883,0.01015148337664728,0.19546136825770147,0.04236416105291127,0.0007038596074062284,0.07280006157475799,-0.008689288823915951,0.03479060888534336,-0.11010586237425528,0.007005827717201076,-0.11656171905473553,0.08886614499822924,-0.19170138168987566,-0.3196641600803192,0.06785267279641337,0.04460424776226793,0.01823925333381117,-0.1696803312280787,-0.09775369216859822,0.001236783492318597,-0.0441281640850499,0.07362114420424408,0.12143537628965764,-0.10945707284569106,0.02233409145742919,0.2154739371233341,-0.025918137619973573,-0.15091153241072638,0.1305667586255596,-0.1165375759513223,0.05484161018459591,0.24819021002637726,-0.19844373671728513,0.09413345182066998,0.02482436476716972,0.07219624450469422,-0.04550252456448069,0.16162988431192876,0.006664087032442603,-0.16003391947193318,-0.013107001022922055
312981,0,033,S,53033007302,1400000US53033007302,+47.6163784,-122.3341111,G5020,73.02,Census Tract 73.02,53,007302,True,seattle,Coastal / Pacific Northwest / water-constrained,Seattle,19.2244379817576,True,27.869930555555587,53,Washington,True,0.3351063829787234,0.776595744680851,0.4414893617021276,False,True,HI-only hotspot,True,29.788480731225317,19.2244379817576,0.3603723404255319,32,seattle,2024,GOOGLE/SATELLITE_EMBEDDING/V1/ANNUAL,/Users/yufeizhou/Desktop/heat-exposure-compare/data/processed/seattle/seattle_master_lst_hi_hotcompare.gpkg,seattle_master_lst_hi_hotcompare,0.0767146816129422,-0.21623338235099843,0.011531642511591972,-0.11161592880297563,0.04384681431553673,-0.17954681569361405,0.12964912468094777,-0.03363706844254646,-0.13562417691845685,0.013715650515995633,0.06901365805481927,0.07324271588060283,-0.007706397017078542,-0.0985864546248482,-0.19033483610143034,-0.17252794867352197,0.19589364564650283,0.07780000510774103,0.01594667108706337,0.0927340564024047,0.07015909865542176,0.022729852307804676,-0.1990443966380273,0.08529688339435743,0.1563281847165952,0.126607740518066,0.08008494213574571,-0.02326418366526572,0.1134593243331117,-0.0991132451921981,0.0043244650057678875,0.0052469254648917696,-0.07344469491277883,-0.010694890469707417,0.11967405664181979,-0.16442780151076336,-0.2736545338218902,-0.03595258680124094,0.08710505669964397,-0.1271647218015335,-0.1537693984869291,-0.08015881404242918,0.0481947764540757,-0.0730347155193583,0.06340702055531175,0.20458273487048445,-0.1477808965885558,0.025270962357278697,0.11859829335155514,0.019225181690732302,-0.23947324678877982,0.10402413528300929,-0.10381444924286064,0.05474729558542343,0.22636141693814896,-0.18589099797263342,0.09369828168546648,-0.009681928363141941,0.06893527928889598,-0.11954339058275387,0.11984583242784715,0.004232574396758499,-0.09064658109698268,0.06108411280669477
1160801,630417,033,S,53033011801,1400000US53033011801,+47.5278065,-122.2655724,G5020,118.01,Census Tract 118.01,53,011801,True,seattle,Coastal / Pacific Northwest / water-constrained,Seattle,19.215305275395764,True,31.995195110484293,53,Washington,True,0.9680851063829787,0.574468085106383,-0.3936170212765957,True,False,LST-only hotspot,False,29.788480731225317,19.2244379817576,0.3603723404255319,33,seattle,2024,GOOGLE/SATELLITE_EMBEDDING/V1/ANNUAL,/Users/yufeizhou/Desktop/heat-exposure-compare/data/processed/seattle/seattle_master_lst_hi_hotcompare.gpkg,seattle_master_lst_hi_hotcompare,-0.03488948956517051,-0.24264731722322871,-0.09463065522214899,-0.06530900395933555,0.061093967730037814,-0.03224439328530156,-0.012160064406983737,-0.06356348424445571,0.11222452896178862,-0.06360065843494742,0.10536061011000282,-0.012798294357427423,-0.1354209527504871,-0.1452854268269685,-0.040111184681946715,0.014332273050356526,0.09333287934743827,0.050511441378821686,0.0702765222669669,0.05571611311184733,0.021225682178717058,0.07764442434603458,-0.11105203849064002,0.16700638143037683,-0.044046658341314465,0.12830274205771738,0.03610700125793751,-0.17885124712622036,0.1447426269823612,-0.04246415865836746,-0.11065777723126911,-0.004340035622742533,0.027027585206524877,-0.012458999756087323,-0.01665137688769674,-0.06223292011953009,-0.09966640968314897,0.021021403675474722,-0.04713884294456214,0.14176183082108887,-0.12097691915840779,-0.05592979742179604,0.10057565190687716,0.03933034655934723,0.05040098141656368,0.15418962625068783,-0.09950080320449148,-0.011917331041215354,0.11570245936576666,-0.14224100059895928,-0.1213887325403741,0.0660654585802893,-0.07181566644718997,0.06321027373853397,0.1262317294694889,-0.14801533153317012,0.08996761448177516,0.08763093078063022,0.034736255155182943,-0.05110228913897986,0.14137144425948991,-0.0638249386757565,-0.08315889986702225,0.002021730821319527
579631,0,033,S,53033007203,1400000US53033007203,+47.6220291,-122.3435701,G5020,72.03,Census Tract 72.03,53,007203,True,seattle,Coastal / Pacific Northwest / water-constrained,Seattle,19.2244379817576,True,28.363625192012332,53,Washington,True,0.3829787234042553,0.776595744680851,0.3936170212765957,False,True,HI-only hotspot,True,29.788480731225317,19.2244379817576,0.3603723404255319,34,seattle,2024,GOOGLE/SATELLITE_EMBEDDING/V1/ANNUAL,/Users/yufeizhou/Desktop/heat-exposure-compare/data/processed/seattle/seattle_master_lst_hi_hotcompare.gpkg,seattle_master_lst_hi_hotcompare,0.046092116340608,-0.25452995518888033,0.013149728212872075,-0.13845673892209312,0.03291502615713703,-0.1433643939117963,0.046405913476959895,-0.13983734846757503,-0.06150353627147332,-0.006906496916285061,0.09820226572622856,0.020223550764758617,-0.09482785533966408,-0.15553309527738765,-0.13434258652578457,-0.1496282203200085,0.2110868437831044,0.09676296258999867,0.022443323614561892,0.09452880262394958,0.040854752968249794,0.038670887216720316,-0.19381591724809208,0.07134696496680622,0.02732446641063593,0.17400372046356546,0.038468112117681405,-0.04220026788432241,0.12299309042595029,-0.016374844259241017,0.05024333572699312,-0.10340320473988478,0.026670781393928027,-0.053231883308883086,0.07949351046897912,-0.12097597376087099,-0.24902178748274412,0.06125225679240872,0.01612339269690143,-0.005120339250077499,-0.1755087148319977,-0.04418113320036123,-0.013840100625849453,-0.009123536533464708,0.0791613718943136,0.1503897355521106,-0.09856159576026716,-0.0253649393364752,0.1628859598427631,-0.03008131278978651,-0.19368705205601197,0.1378418413913443,-0.10973694622463767,0.05098266953724204,0.2385625863549743,-0.19428797878290688,0.09724942263841659,0.015736493827393776,0.08126563492658387,-0.05290929330669954,0.15076763064850499,-0.05405330185189159,-0.18164693925793648,-0.011117780776721863
1682373,0,033,S,53033011901,1400000US53033011901,+47.5049971,-122.2650093,G5020,119.01,Census Tract 119.01,53,011901,True,seattle,Coastal / Pacific Northwest / water-constrained,Seattle,19.220338896046595,True,30.623775193798494,53,Washington,True,0.9042553191489362,0.5957446808510638,-0.3085106382978724,True,False,LST-only hotspot,False,29.788480731225317,19.2244379817576,0.3603723404255319,35,seattle,2024,GOOGLE/SATELLITE_EMBEDDING/V1/ANNUAL,/Users/yufeizhou/Desktop/heat-exposure-compare/data/processed/seattle/seattle_master_lst_hi_hotcompare.gpkg,seattle_master_lst_hi_hotcompare,-0.05667298003243953,-0.22834513442208693,-0.04692893599367461,0.0020939283892731845,0.09612719378493609,-0.06991051521512201,-0.038104845824041375,-0.11199788556935117,0.17578423018163486,-0.14258471376253495,0.10814261941917143,0.022715957957627174,-0.21293290277734622,-0.1370802868105747,-0.08752752917339175,0.06973595943358898,0.08806378804026282,0.14303584900786095,0.04797004302850906,0.057993081029009325,0.024099593522624557,0.04845341016044949,-0.0911191280892946,0.14852193126745786,0.028985888269251324,0.2532598336068197,-0.015265457657040108,-0.14076570271730668,0.14890929319014393,0.002785779282538167,-0.07168204903712126,-0.07584088351186552,0.014100758106103154,0.06576058910671277,0.0672063501618561,-0.08475259104000916,-0.17543611639057702,0.05475651364077502,-0.0955396181932681,0.09011929733682612,-0.10454161979845264,-0.015943216139097226,0.0923134162970974,0.058370935460778484,0.07520786034041367,0.10313838290221843,-0.0680491727629473,-0.060980683962451626,0.21950506434341457,-0.1621746074526546,-0.1405056687692661,0.04509145632333322,-0.03443900218939167,0.11878355945865701,0.18817486773515973,-0.17196043469999855,0.1729938714552684,0.05746465474843949,0.03455542501301552,-0.014279609331042742,0.2064108990883373,-0.007053363345014834,-0.1129817312077207,-0.12336038277198104
1008240,0,033,S,53033001201,1400000US53033001201,+47.7079921,-122.3273315,G5020,12.01,Census Tract 12.01,53,001201,True,seattle,Coastal / Pacific Northwest / water-constrained,Seattle,18.604142996193676,True,29.8291123188406,53,Washington,True,0.7553191489361702,0.1622340425531915,-0.5930851063829787,True,False,LST-only hotspot,False,29.788480731225317,19.2244379817576,0.3603723404255319,36,seattle,2024,GOOGLE/SATELLITE_EMBEDDING/V1/ANNUAL,/Users/yufeizhou/Desktop/heat-exposure-compare/data/processed/seattle/seattle_master_lst_hi_hotcompare.gpkg,seattle_master_lst_hi_hotcompare,-0.020732211168360378,-0.30637991581597596,-0.04732055324703223,-0.07543234502434361,0.058752555706287804,-0.1271192743886881,-0.0423470140410229,-0.1959618285935477,0.051525978969151114,-0.05823631526732803,0.11279222300656712,0.04315251081474272,-0.16300215045544725,-0.1472073630511004,-0.14118620451349317,-0.0357808387723554,0.14352341102349364,0.15657632787180614,0.057191273035897536,0.06873286867673253,0.025539945373463997,0.06302243185814449,-0.14346621936736317,0.09887831795525935,-0.07119705334666077,0.17715204120811268,0.06958454139774525,-0.05142579237556994,0.08851885481365619,-0.0002030102352529062,-0.005591826251357129,-0.14966915602282227,0.04099222741410763,-0.0635412872413137,0.03802012598013997,-0.09139468181589416,-0.205104462840689,0.06361145320047835,-0.010100353894162242,0.1643907033745183,-0.17075931922241053,-0.027644963361869935,0.0010331724459289422,0.005096493266924636,0.08126095155690297,0.07093546213274812,-0.08292576074669035,-0.035970198763948566,0.207366249047071,-0.14372267642264988,-0.14296322281181875,0.11753586129793876,-0.07710672907841178,0.037793897548432806,0.19724922540919274,-0.21256961857061382,0.11248492506956483,0.05295061143557469,0.045770510610898665,-0.027277057816519037,0.1518401571809622,-0.03057069005858761,-0.17932018959586346,-0.06966709948360435
1505061,817134,033,S,53033010602,1400000US53033010602,+47.5476919,-122.3967392,G5020,106.02,Census Tract 106.02,53,010602,True,seattle,Coastal / Pacific Northwest / water-constrained,Seattle,19.444926156859484,True,22.78600000000001,53,Washington,True,0.0797872340425532,0.9707446808510638,0.8909574468085106,False,True,HI-only hotspot,True,29.788480731225317,19.2244379817576,0.3603723404255319,37,seattle,2024,GOOGLE/SATELLITE_EMBEDDING/V1/ANNUAL,/Users/yufeizhou/Desktop/heat-exposure-compare/data/processed/seattle/seattle_master_lst_hi_hotcompare.gpkg,seattle_master_lst_hi_hotcompare,-0.04081436473475036,-0.22632105071385206,-0.08565247662453442,-0.06939027769711557,0.05516598057014415,-0.03315649334802434,-0.032228523318360146,-0.005601510585961735,0.1511065142168345,-0.06156739710804459,0.10622580594223525,-0.03485030832777104,-0.13331500681324493,-0.15330862565147152,-0.004862620694303303,0.0031168977910983183,0.10818512901537322,0.031847227977134,0.05354052734598403,0.02445983167030052,0.03236123538462318,0.13514765771945653,-0.11985773624858422,0.17635945062300729,-0.03507175620420443,0.1278544342063299,-0.004153441555354903,-0.18557561004870002,0.14242353326316942,-0.06305855495777624,-0.10297805158002109,0.027285746475038487,0.02081345400017228,0.011231286734095536,-0.026072480746550428,-0.09906851665763056,-0.05964768102840203,0.0624842164933682,-0.053388504469856365,0.13555553582033575,-0.10137554403911549,-0.05061286521729172,0.13499956794019594,0.05232642268236751,0.039198436287518616,0.18884341251461614,-0.08370090167934097,-0.0036467395500952952,0.1339809042553001,-0.13461708234300793,-0.11760523631065344,0.0723810450291714,-0.052260897887772204,0.09314351685039471,0.1233762073789754,-0.11838326597010318,0.09656353008882057,0.09398197001001607,0.021598199167842277,-0.006516997423160235,0.15788413420300848,-0.0803893595028725,-0.0517841577109778,0.019282682786376175
1089233,0,033,S,53033010601,1400000US53033010601,+47.5459808,-122.3816984,G5020,106.01,Census Tract 106.01,53,010601,True,seattle,Coastal / Pacific Northwest / water-constrained,Seattle,19.444926156859484,True,23.674724872487285,53,Washington,True,0.1276595744680851,0.9707446808510638,0.8430851063829787,False,True,HI-only hotspot,True,29.788480731225317,19.2244379817576,0.3603723404255319,38,seattle,2024,GOOGLE/SATELLITE_EMBEDDING/V1/ANNUAL,/Users/yufeizhou/Desktop/heat-exposure-compare/data/processed/seattle/seattle_master_lst_hi_hotcompare.gpkg,seattle_master_lst_hi_hotcompare,-0.010343685364435983,-0.27108447257135304,-0.03672963293600029,-0.06996915786266737,0.0817585389178371,-0.06957485815305481,-0.04656725783111114,-0.1622052251508495,0.15546250537435846,-0.16383217025730298,0.11401133542995595,0.01854547493950727,-0.20514268360016552,-0.18387276351277448,-0.07035226494170423,-0.0035030184326613123,0.11912534536737805,0.1811601894994289,0.08028091044462907,0.05783451193818969,0.015443910642184191,0.07631742064060468,-0.08748470145946682,0.12034125342528398,-0.027050565470796928,0.30323711817768056,0.0554840184409953,-0.08818018664506283,0.1301323531774413,0.010904877337229621,-0.03772022403200867,-0.07754802523019466,-0.02427944475695971,0.03824838038971553,0.12327993881815846,-0.12964011977522544,-0.20538707277800403,0.10274736599176497,-0.06021761782877066,0.1147977193562084,-0.13068301829392728,-0.08543505419374971,0.0714300204111906,0.04865532834075094,0.1197303292903804,0.06370957272297172,-0.13279016885777226,-0.031280048205389044,0.19231888554292664,-0.14369170477344775,-0.1066549219317051,0.03921265219092412,-0.06447413723935702,0.07856867286022284,0.19596925453440214,-0.20056142101779076,0.1728033502997379,0.06272771998155255,0.03138180800584299,0.011248386119954396,0.1746655430073007,0.07083386366652583,-0.15459519069809954,-0.06086035355214221
1580685,1217487,033,S,53033011902,1400000US53033011902,+47.5100217,-122.2442425,G5020,119.02,Census Tract 119.02,53,011902,True,seattle,Coastal / Pacific Northwest / water-constrained,Seattle,18.917104376185602,True,28.911195756991336,53,Washington,True,0.526595744680851,0.5053191489361702,-0.02127659574468077,False,False,Neither hotspot,False,29.788480731225317,19.2244379817576,0.3603723404255319,39,seattle,2024,GOOGLE/SATELLITE_EMBEDDING/V1/ANNUAL,/Users/yufeizhou/Desktop/heat-exposure-compare/data/processed/seattle/seattle_master_lst_hi_hotcompare.gpkg,seattle_master_lst_hi_hotcompare,-0.02328088586133691,-0.20618759106717338,-0.13455717011578244,-0.04265949230844047,0.07025580260977746,0.004445262944684666,-0.005451815419330083,-0.006884252640852262,0.1480000957427652,-0.06114113337561489,0.11958168677256754,-0.040168560888376094,-0.1369348965509459,-0.1538305882833142,-0.004750043882389087,0.03146037095430533,0.09402982936600696,0.007113874247865515,0.042552590910579294,0.047036630388443613,0.02455340361968278,0.07024809374354402,-0.09645714303259974,0.1699731007652445,-0.028537262177924957,0.10294367337367355,0.01077136746596479,-0.21634063592245992,0.14387834362862992,-0.04584258391722793,-0.13281825374310077,0.06288790467378308,0.05710721091080698,0.01177861345842191,-0.03912749349311076,-0.05838152052436994,-0.06391606517253152,-0.0022030635290363866,-0.044369874673523185,0.15193450264066202,-0.10833925694042082,-0.06675445817551008,0.15244341786540602,0.04977600262669436,0.02902435800138829,0.16714341732115742,-0.0974110078888345,0.0010658386071125134,0.08291029802422589,-0.1403426500215983,-0.08098599828029056,0.03409785853134176,-0.07638907668382643,0.09260855029794016,0.10842807438196063,-0.1134869395552588,0.08225280847032167,0.10095270667732989,0.025108749431555454,-0.053483441724619704,0.14390122369735747,-0.08899137104301501,-0.05622684779593937,0.05833583564529762
1806749,0,033,S,53033000201,1400000US53033000201,+47.7263725,-122.3160435,G5020,2.01,Census Tract 2.01,53,000201,True,seattle,Coastal / Pacific Northwest / water-constrained,Seattle,18.604142996193676,True,28.8807282502444,53,Washington,True,0.5053191489361702,0.1622340425531915,-0.34308510638297873,False,False,Neither hotspot,False,29.788480731225317,19.2244379817576,0.3603723404255319,40,seattle,2024,GOOGLE/SATELLITE_EMBEDDING/V1/ANNUAL,/Users/yufeizhou/Desktop/heat-exposure-compare/data/processed/seattle/seattle_master_lst_hi_hotcompare.gpkg,seattle_master_lst_hi_hotcompare,-0.03156942952389285,-0.222444533314463,-0.10365312184038974,0.018996882078452005,0.06835319321319643,-0.08123938967249979,-0.03022114505931729,-0.0669608394377518,0.16454921808017925,-0.14170716440161532,0.1322874064114986,0.04750317421723323,-0.2103667931704659,-0.10423471353370939,-0.09536191289533738,0.03866962217722092,0.051013801357317694,0.11790719916244609,0.06725840988937687,0.09583649674729981,0.03210391990462195,0.0453262278905189,-0.1022932924185415,0.14887292719496442,0.01295937130065819,0.22393550740214568,0.027263998254656405,-0.163483259820888,0.12414022282361216,0.02630055860194894,-0.07775591448949501,-0.0461107499725475,-0.027468625036851536,0.05928335604242378,0.03726028100114466,-0.03555998400038554,-0.16231393063760782,0.03070192930563413,-0.08907793929991956,0.0609494115085306,-0.1259051471451039,0.001907736063722796,0.0753696570679766,0.05362836319856397,0.08360209674329003,0.12063755424092175,-0.05347794032909637,-0.0661072978088852,0.1946651943107265,-0.17471915883609648,-0.22826765447590652,0.014651516580476963,-0.006086406831641316,0.08322527614087682,0.1965909375614046,-0.1633163236476329,0.1289671322534468,0.09029670447468068,0.021624514440295027,0.019016589846966206,0.19719827880113833,-0.005808042092270057,-0.05917019637396042,-0.10322237094289854
380256,105441,033,S,53033006701,1400000US53033006701,+47.6324360,-122.3407805,G5020,67.01,Census Tract 67.01,53,006701,True,seattle,Coastal / Pacific Northwest / water-constrained,Seattle,19.2244379817576,True,28.980231213872873,53,Washington,True,0.5478723404255319,0.776595744680851,0.22872340425531912,False,True,HI-only hotspot,True,29.788480731225317,19.2244379817576,0.3603723404255319,41,seattle,2024,GOOGLE/SATELLITE_EMBEDDING/V1/ANNUAL,/Users/yufeizhou/Desktop/heat-exposure-compare/data/processed/seattle/seattle_master_lst_hi_hotcompare.gpkg,seattle_master_lst_hi_hotcompare,0.03292429575956123,-0.2820530239411351,-0.06603608895392837,-0.11558058397349157,0.05237704996515287,-0.11201873202597808,-0.02413951526997106,-0.13528493737228042,-0.0023581935201872125,-0.005267806374311183,0.09927844644699588,0.0240550500385001,-0.1288077821373825,-0.19849125590894012,-0.12226932327034593,-0.13501230167533645,0.17765195959287156,0.08425391149731375,-0.014623669578355487,0.16403019123048732,0.042773047538354564,0.0924386288633176,-0.20289855364066423,0.0910077990909651,-0.051647863990680394,0.13576648302744823,0.05975223050452497,-0.08049298096365676,0.11196047774691718,0.004052459083946594,0.034132588737351345,-0.09737463768336979,0.0693348084176103,-0.05788578068686568,0.060885446417409804,-0.05885272399670474,-0.19397237967339404,0.004737303339738416,0.0014436444839030671,0.07022898249290635,-0.21304947505515912,-0.03277147861201705,0.00902502467243405,-0.013894714936195793,0.07832524460557282,0.16395183729833104,-0.07270314829019808,-0.036864670436315305,0.10769995157559868,-0.0732767748562692,-0.1524365316041376,0.11539227716027843,-0.10246714108785149,0.057161514049110254,0.1869846537957525,-0.19763566000505814,0.1128414218043548,0.046916318504492946,0.04445283545721463,-0.03870381279243221,0.1357523721248135,-0.10168112332540934,-0.16913243011818122,0.0028573486317298425
1495019,918878,033,S,53033000102,1400000US53033000102,+47.7247297,-122.2845705,G5020,1.02,Census Tract 1.02,53,000102,True,seattle,Coastal / Pacific Northwest / water-constrained,Seattle,18.604142996193676,True,28.72565738554378,53,Washington,True,0.4627659574468085,0.1622340425531915,-0.30053191489361697,False,False,Neither hotspot,False,29.788480731225317,19.2244379817576,0.3603723404255319,42,seattle,2024,GOOGLE/SATELLITE_EMBEDDING/V1/ANNUAL,/Users/yufeizhou/Desktop/heat-exposure-compare/data/processed/seattle/seattle_master_lst_hi_hotcompare.gpkg,seattle_master_lst_hi_hotcompare,-0.005603185895739839,-0.1958408222455688,-0.14558241200605815,-0.042543619404616574,0.05375800991610833,-0.021461588866513667,-0.012148339174640418,0.004679584414023549,0.14929995376201322,-0.06428284855259205,0.12040771401216739,-0.02396157452081857,-0.14956691922276832,-0.1516955737009702,-0.033445833180050386,8.186336974107417e-05,0.08594629643674323,0.010228226859740664,0.037871703993722125,0.08257904001471207,0.03419707092827095,0.09131290681033676,-0.10976295930674149,0.16495200447741656,-0.03520763835143969,0.10321581117916492,0.020585748117924067,-0.2071442801211017,0.12396417093561309,-0.04912551543103502,-0.09880058535249413,0.062123056140688596,0.035544529726406156,0.023593556324944483,-0.019582224676830896,-0.04361050766672219,-0.07367155848153632,-0.0007125298377413808,-0.044727638092556296,0.12199009620469449,-0.13673793313901378,-0.05010670964942503,0.13264398727385027,0.03622471192267666,0.03172171186646042,0.1752582668178477,-0.09461304219046365,-0.008610687538792001,0.07241381808805768,-0.1340827437523061,-0.12793339692763772,0.03275930391289986,-0.056600587099212535,0.09113549444123029,0.1093363299855423,-0.1305671876138137,0.08598839262812366,0.11937499083227175,0.010604118871968373,-0.018743819436462316,0.1374170247268775,-0.07606461065715403,-0.05845920857325084,0.05268283966420476
1002658,0,033,S,53033010301,1400000US53033010301,+47.5521545,-122.2805848,G5020,103.01,Census Tract 103.01,53,010301,True,seattle,Coastal / Pacific Northwest / water-constrained,Seattle,19.22372976276041,True,31.45131326352535,53,Washington,True,0.9468085106382979,0.6276595744680851,-0.3191489361702128,True,False,LST-only hotspot,False,29.788480731225317,19.2244379817576,0.3603723404255319,43,seattle,2024,GOOGLE/SATELLITE_EMBEDDING/V1/ANNUAL,/Users/yufeizhou/Desktop/heat-exposure-compare/data/processed/seattle/seattle_master_lst_hi_hotcompare.gpkg,seattle_master_lst_hi_hotcompare,-0.017692813521322882,-0.2709506116478805,-0.014226779119045036,-0.06727759457944738,0.07407791446750621,-0.0975499895329681,-0.057560090036460954,-0.16893641279485136,0.1398784112869455,-0.15007813949114468,0.11679573291214652,0.05364800406514724,-0.1857137244539785,-0.16552353759028596,-0.0827277788953629,0.010806492638600132,0.10947614474797347,0.18810462602372907,0.08539424166898918,0.05844467670064655,0.023215524866905247,0.08476306754365541,-0.09400599866360199,0.13405418999355365,-0.03638363329263463,0.26458663508360747,0.03920166578848566,-0.09819600286559953,0.12643823826420872,0.00311245199407665,-0.040154205343376055,-0.1022439851287288,-0.014242937672478419,0.004500687110426888,0.10074045384299725,-0.11770221390722574,-0.20781773703878906,0.07954215076872616,-0.055844379865315166,0.1022852131111608,-0.14966312650109675,-0.06725432060124416,0.052606945718155274,0.03585042402210104,0.10993528487284854,0.0861546110024193,-0.099961357607107,-0.038705027774324906,0.21301914184229573,-0.14720658439810835,-0.12344022179503077,0.049736794305150586,-0.06880694661332949,0.07159428074190928,0.18721804743838696,-0.1990418180361641,0.16523508704705747,0.06280988816503756,0.02668196553432721,-0.004822922641561807,0.166706704566192,0.0468781503905275,-0.1398784388295202,-0.09469437634136768
669207,0,033,S,53033003301,1400000US53033003301,+47.6759370,-122.3820154,G5020,33.01,Census Tract 33.01,53,003301,True,seattle,Coastal / Pacific Northwest / water-constrained,Seattle,18.844775426560606,True,24.78306473829204,53,Washington,True,0.15425531914893617,0.44148936170212766,0.2872340425531915,False,False,Neither hotspot,False,29.788480731225317,19.2244379817576,0.3603723404255319,44,seattle,2024,GOOGLE/SATELLITE_EMBEDDING/V1/ANNUAL,/Users/yufeizhou/Desktop/heat-exposure-compare/data/processed/seattle/seattle_master_lst_hi_hotcompare.gpkg,seattle_master_lst_hi_hotcompare,0.005615660831495889,-0.29216249924959686,-0.016738919563560554,-0.05835080253634579,0.0816372366504845,-0.08492663699237722,-0.05734797679372238,-0.1581218942409867,0.07896178390187644,-0.12138311755168163,0.1164255638768946,0.07277352737474853,-0.17205408310807777,-0.18592769718894753,-0.11184894550539777,-0.06487294508056882,0.11143126775164708,0.19696297990852468,0.09442875355122532,0.08052294507611563,0.009299407223639047,0.10371990031308545,-0.10758338899156296,0.12455157733123474,-0.035750532153387145,0.28559646004492323,0.035423534650609496,-0.0697094388594495,0.12486669842432843,-0.016781215541743284,-0.044783974120835776,-0.10809435654987554,-0.05220233977088097,-0.013327565125397955,0.13371443118429613,-0.1563429586337764,-0.2193549007575106,0.04948497121645131,-0.019429283811071504,0.07478342656669562,-0.1594267784709753,-0.09261881185856548,0.06109141199488492,0.045839272804379445,0.13297252986249916,0.10820875610773523,-0.0898657901792309,-0.04595635093210882,0.20901407074077896,-0.12185555659011993,-0.11263330874071939,0.057722326020673946,-0.07114527363495009,0.05275337140056793,0.19629581153606832,-0.21535140706883596,0.1469510767844802,0.06619811341836916,0.02043339179456271,-0.00956131518714981,0.16062053391247708,0.07113587025193444,-0.173285676032429,-0.07509898014075933
463900,0,033,S,53033005402,1400000US53033005402,+47.6541050,-122.3411359,G5020,54.02,Census Tract 54.02,53,005402,True,seattle,Coastal / Pacific Northwest / water-constrained,Seattle,18.604142996193676,True,29.660069808027945,53,Washington,True,0.723404255319149,0.1622340425531915,-0.5611702127659575,False,False,Neither hotspot,False,29.788480731225317,19.2244379817576,0.3603723404255319,45,seattle,2024,GOOGLE/SATELLITE_EMBEDDING/V1/ANNUAL,/Users/yufeizhou/Desktop/heat-exposure-compare/data/processed/seattle/seattle_master_lst_hi_hotcompare.gpkg,seattle_master_lst_hi_hotcompare,0.015120324668511945,-0.2854280092426641,-0.012669063072739222,-0.09468513788445142,0.07377096472654639,-0.10115007835730036,-0.05881715304753718,-0.17094889787765133,0.09987639272841928,-0.11312951017543431,0.09254653301629671,0.05346992345227188,-0.18344377724903305,-0.17619898576782933,-0.11492758470500866,-0.05526679706279202,0.1285490867884366,0.19118281747891167,0.08229397642594177,0.07236789950535391,0.01888686795491522,0.11057416042255283,-0.12241702490493094,0.12003424902881067,-0.03181924064466335,0.26729157391529174,0.048291068302589536,-0.05416932413536496,0.11963801794599929,-0.012124168817433053,-0.015347806119307136,-0.10954056831306211,-0.049575623752603826,-0.007671541267368569,0.13910020043622776,-0.13929434956583225,-0.22310937087207497,0.06737851571242781,-0.011423829502287973,0.09086802196254815,-0.18055233034419813,-0.0753747620149308,0.051265299126402736,0.03705444743656434,0.10664011405965478,0.0996621851100311,-0.12423948658768581,-0.047522294862937346,0.17683472733087394,-0.11833087598531518,-0.11850442967910983,0.058454599083089295,-0.05481688484216475,0.0465342895874755,0.19390133312648516,-0.21640193146651995,0.15917232428831532,0.07939896374280173,0.0065369473157705065,-0.0016453475033614935,0.17215043425119703,0.048943374360661325,-0.18501830666581348,-0.06441530066231811
1456825,1049556,033,S,53033003201,1400000US53033003201,+47.6752462,-122.4040825,G5020,32.01,Census Tract 32.01,53,003201,True,seattle,Coastal / Pacific Northwest / water-constrained,Seattle,18.844775426560606,True,20.05041362530415,53,Washington,True,0.005319148936170213,0.44148936170212766,0.43617021276595747,False,False,Neither hotspot,True,29.788480731225317,19.2244379817576,0.3603723404255319,46,seattle,2024,GOOGLE/SATELLITE_EMBEDDING/V1/ANNUAL,/Users/yufeizhou/Desktop/heat-exposure-compare/data/processed/seattle/seattle_master_lst_hi_hotcompare.gpkg,seattle_master_lst_hi_hotcompare,-0.04082656428732852,-0.25095042157456865,-0.10520504455914108,-0.13710686993680118,0.023811089784294415,-0.051073782833354946,-0.01820681085392477,-0.04311943002429307,0.09365192553353222,-0.023528496469791993,0.11913736641082576,-0.026267290809008643,-0.08747076886605971,-0.16826311027475524,-0.013770419125862483,-0.04912499816629697,0.13696756966678367,0.02971521898499584,0.04584776389188592,0.040451589555645595,0.024228247282996468,0.14639484459544252,-0.15984277760679397,0.16805498450892797,-0.08908647782232865,0.0708091220844278,0.0011402515047392074,-0.16673130584126092,0.13959447649850618,-0.07012710590332029,-0.06012904455188306,0.01975960019966583,0.04373770560640561,-0.0332345751024756,-0.03866251898622532,-0.08080190060151889,-0.09623121862685897,0.055694782216644374,-0.015742661643620762,0.13337045208667736,-0.135193516483246,-0.06460868380497796,0.10096260121185881,0.0441833671145804,0.04477697025851156,0.19334542168876662,-0.08738595389548509,0.004531777580818574,0.08862966869290931,-0.12100804693854647,-0.1357130740988229,0.09921833814217029,-0.07072046468761317,0.07814386456073627,0.118628340018596,-0.1218440129586673,0.0637448430708355,0.08465588803396984,0.04685804563268786,-0.026175280172109457,0.11589720956766167,-0.12577932197988356,-0.06242722099980049,0.06090248826311419
1244114,0,033,S,53033004201,1400000US53033004201,+47.6716240,-122.2775990,G5020,42.01,Census Tract 42.01,53,004201,True,seattle,Coastal / Pacific Northwest / water-constrained,Seattle,18.604142996193676,True,30.15937500000004,53,Washington,True,0.8191489361702128,0.1622340425531915,-0.6569148936170213,True,False,LST-only hotspot,False,29.788480731225317,19.2244379817576,0.3603723404255319,47,seattle,2024,GOOGLE/SATELLITE_EMBEDDING/V1/ANNUAL,/Users/yufeizhou/Desktop/heat-exposure-compare/data/processed/seattle/seattle_master_lst_hi_hotcompare.gpkg,seattle_master_lst_hi_hotcompare,-0.014790794561097324,-0.2789702978714904,-0.041030496972232225,-0.018499212771644975,0.08999375108757729,-0.09649798578317571,-0.06551633425800345,-0.13134903573876477,0.13374222486143672,-0.14432517629710392,0.09607010853870727,0.0468776825965637,-0.2082568948208801,-0.15892421239433072,-0.0957085853191745,0.004699839867933681,0.07775227352609819,0.1804260355003976,0.0753483850031742,0.09498366095806787,0.018096978290097012,0.07912472369171601,-0.09553565833343391,0.13806484587805928,-0.014195566102481747,0.27708789608058426,0.04217155054573627,-0.11124260924743706,0.12420100641088101,0.004228795833374423,-0.06574724853384353,-0.08769519304716689,-0.05708820849697323,0.03927205989789881,0.11611407571977955,-0.0874948998368652,-0.16543843210437303,0.03245681712763389,-0.06348508778929789,0.10713277553513717,-0.14458605597897525,-0.032898326742449746,0.07664958482807963,0.04235198224145185,0.08705345399249696,0.10781291798892018,-0.07775623075671721,-0.06992281601201016,0.18638919723386885,-0.18244314777238999,-0.13435389977042925,0.041308128614576174,-0.034057636866927386,0.06567679732307329,0.18563637266218294,-0.20825190224831625,0.17642162458096391,0.09816695855351026,0.0016827301464373565,0.017544119869958835,0.17857317321258603,0.036176096921841386,-0.12904877649102545,-0.11095818462818036
414848,0,033,S,53033000101,1400000US53033000101,+47.7301150,-122.2930741,G5020,1.01,Census Tract 1.01,53,000101,True,seattle,Coastal / Pacific Northwest / water-constrained,Seattle,18.604142996193676,True,28.55961538461543,53,Washington,True,0.4308510638297872,0.1622340425531915,-0.2686170212765957,False,False,Neither hotspot,False,29.788480731225317,19.2244379817576,0.3603723404255319,48,seattle,2024,GOOGLE/SATELLITE_EMBEDDING/V1/ANNUAL,/Users/yufeizhou/Desktop/heat-exposure-compare/data/processed/seattle/seattle_master_lst_hi_hotcompare.gpkg,seattle_master_lst_hi_hotcompare,-0.005316770459421409,-0.2779552605651403,-0.039028863291007514,-0.0734180199632657,0.060840585328576585,-0.10984952861783477,-0.06845199251349496,-0.1597960975776101,0.09422532080974083,-0.08044254773586396,0.11328469883475954,0.02483329835317627,-0.18244143941148244,-0.15977179207248488,-0.12832701475851,-0.02745324475240272,0.12910587820527822,0.15054478194928475,0.047610689423709884,0.058596724589749474,0.0367682082999608,0.08103546618581417,-0.12925669351937832,0.11843028535433868,-0.041624986143340266,0.24262264556493865,0.025403841205301456,-0.06460900285292064,0.10654490892515803,-0.0039156355685771235,-0.01192364013199635,-0.11323386014733507,0.012323035287037081,-0.03246183309844493,0.07996355205544885,-0.1300006464620979,-0.20758718020250855,0.09251557026228495,-0.031403295442104746,0.09591650308850103,-0.1840480280008702,-0.06407511849385143,0.039166978023294365,0.028574418074787503,0.09144457570384228,0.12098876611020999,-0.09312433979168651,-0.03946555983710073,0.20899103905365063,-0.1306756077922709,-0.13768208851087319,0.0886483433159452,-0.060891140844991344,0.08883040544526473,0.19701622250338588,-0.20706824695962983,0.16397463169458643,0.0795513653985891,0.03384468856676909,-0.0031947450356936452,0.17243965180152887,-0.006360272537507533,-0.13940750399246757,-0.07805679945625323
130030,0,033,S,53033005307,1400000US53033005307,+47.6630600,-122.3086776,G5020,53.07,Census Tract 53.07,53,005307,True,seattle,Coastal / Pacific Northwest / water-constrained,Seattle,18.604142996193676,True,30.39500000000004,53,Washington,True,0.8723404255319149,0.1622340425531915,-0.7101063829787234,True,False,LST-only hotspot,False,29.788480731225317,19.2244379817576,0.3603723404255319,49,seattle,2024,GOOGLE/SATELLITE_EMBEDDING/V1/ANNUAL,/Users/yufeizhou/Desktop/heat-exposure-compare/data/processed/seattle/seattle_master_lst_hi_hotcompare.gpkg,seattle_master_lst_hi_hotcompare,-0.0067434819757722095,-0.27353588374410004,-0.06272919669569879,-0.08493351866011133,0.05724398631300748,-0.12740015009414032,-0.06086302060869689,-0.1937040479618587,0.09435497059962049,-0.07800286750450226,0.12904060225382688,0.07369624855354999,-0.18379955241358045,-0.18206337379604,-0.15209358638933546,-0.05124529744095989,0.12922621568816026,0.1533651809120606,0.028575748840096102,0.0954450997178907,0.02302458084611852,0.0988214348409925,-0.14828074369177383,0.14595358846594345,-0.025673885730358545,0.22294728884784332,0.03632288297685929,-0.06867815257014698,0.12163938581798023,0.011407771816320368,-0.025360968952913218,-0.12625029584351788,0.010968370680183467,-0.03974606878223582,0.12563838864759214,-0.12193026286746102,-0.226391395743936,0.048551392269686806,0.0014712337837683655,0.05322358067389167,-0.22685503814412286,-0.06975307574439632,0.020490411000924007,0.03431620132795721,0.1035048523538249,0.09996240572231166,-0.07585227377336543,-0.06704310428309464,0.20298742005285844,-0.12811808240827427,-0.14601209461858614,0.07108037770233182,-0.0479349199291448,0.07465703186603763,0.19073764528099413,-0.24622678253090777,0.16321935165465198,0.05493107671760805,0.023560433205082953,-0.03358866162930326,0.15296270792587469,-0.014113135396863907,-0.16585684861796035,-0.07938026771659185
304748,0,033,S,53033006702,1400000US53033006702,+47.6273058,-122.3456689,G5020,67.02,Census Tract 67.02,53,006702,True,seattle,Coastal / Pacific Northwest / water-constrained,Seattle,19.2244379817576,True,28.539589947089983,53,Washington,True,0.425531914893617,0.776595744680851,0.351063829787234,False,True,HI-only hotspot,True,29.788480731225317,19.2244379817576,0.3603723404255319,50,seattle,2024,GOOGLE/SATELLITE_EMBEDDING/V1/ANNUAL,/Users/yufeizhou/Desktop/heat-exposure-compare/data/processed/seattle/seattle_master_lst_hi_hotcompare.gpkg,seattle_master_lst_hi_hotcompare,0.0498255444555812,-0.27923692407538653,0.009372579318028438,-0.09943400653980017,0.06964038010837169,-0.11059300945399773,-0.026146524286884416,-0.15825082620531872,-0.00789184234964549,-0.033947564313300774,0.06849742562148999,0.05036603907838477,-0.1388839502249854,-0.17443522158947702,-0.14197351872534203,-0.12224683939866177,0.19262893701362901,0.13922473225412343,0.05036999523562935,0.1227290540226065,0.030708154448888265,0.0767561082701177,-0.16705838646238647,0.08864239269393642,-0.002595666103539509,0.21179330402543556,0.034632882423691724,-0.03936052524294568,0.1066360524368126,-0.02286605681296307,0.03577294967915275,-0.13044687664705062,0.005086294390548415,-0.05362944836670098,0.10026972316460724,-0.1264770972710192,-0.24754030913890052,0.045439008015911726,-0.0074049989523303035,0.06941674101093447,-0.18805159523282766,-0.041073651190483354,0.010595587829172085,0.009361781373583655,0.09538651838112484,0.16050125099493576,-0.09226397786447296,-0.05244878579186411,0.14279196032591343,-0.06291707439932405,-0.13970493490172115,0.10723872561629365,-0.0795259041196402,0.03651819126719488,0.21734372489752637,-0.2122208263635916,0.12249199436502743,0.05332881452735949,0.03979868041430295,-0.035180397290498704,0.18054333961553454,-0.010060279557159331,-0.20779553730582653,-0.05518241176245816
298283,0,033,S,53033007501,1400000US53033007501,+47.6221056,-122.3167948,G5020,75.01,Census Tract 75.01,53,007501,True,seattle,Coastal / Pacific Northwest / water-constrained,Seattle,19.2244379817576,True,29.44619252873569,53,Washington,True,0.675531914893617,0.776595744680851,0.10106382978723405,False,True,HI-only hotspot,True,29.788480731225317,19.2244379817576,0.3603723404255319,51,seattle,2024,GOOGLE/SATELLITE_EMBEDDING/V1/ANNUAL,/Users/yufeizhou/Desktop/heat-exposure-compare/data/processed/seattle/seattle_master_lst_hi_hotcompare.gpkg,seattle_master_lst_hi_hotcompare,0.004767572930530846,-0.2927451595436267,0.0090477811043172,-0.09197245933457948,0.05513473874870319,-0.14370545974594365,-0.06441976753567054,-0.17073421526513088,0.058929054753368335,-0.08394838119601285,0.11714825038038208,0.06406467171523975,-0.14745676355908527,-0.17903375129056126,-0.14426912556371901,-0.050824480285435056,0.1523970777760821,0.20172007636789388,0.060014364649891606,0.03734094616460961,0.03855649810988594,0.10408193365550666,-0.12486445930414347,0.09782105945551027,-0.03794010986969194,0.24319259737614782,0.03156574998479193,-0.027521702875955973,0.07389734529538347,-0.019063745724588216,-0.003176546596518826,-0.11321534030001092,-0.009737685596544456,-0.06329249704657046,0.11903991701144849,-0.18278992156478918,-0.2535532811932827,0.09782528985169076,-0.0018713270088505326,0.07040947370049692,-0.1874981036733722,-0.09450918523649171,0.028234342993063544,0.01011264894059232,0.11325134906836727,0.10424290018654102,-0.11113512430680221,-0.009256605505805699,0.22307684458840688,-0.09941617000150343,-0.10098222021959492,0.08710215780345508,-0.09823823103253172,0.06488305340929108,0.20095699921104723,-0.20166419211215475,0.14670870911966824,0.07419835776213671,0.034663762229357194,0.002192581950782899,0.16328811955935782,0.04147462704255856,-0.17419027505093362,-0.06926707331040441
315931,0,033,S,53033007502,1400000US53033007502,+47.6176046,-122.3167930,G5020,75.02,Census Tract 75.02,53,007502,True,seattle,Coastal / Pacific Northwest / water-constrained,Seattle,19.2244379817576,True,29.426666666666733,53,Washington,True,0.648936170212766,0.776595744680851,0.12765957446808507,False,True,HI-only hotspot,True,29.788480731225317,19.2244379817576,0.3603723404255319,52,seattle,2024,GOOGLE/SATELLITE_EMBEDDING/V1/ANNUAL,/Users/yufeizhou/Desktop/heat-exposure-compare/data/processed/seattle/seattle_master_lst_hi_hotcompare.gpkg,seattle_master_lst_hi_hotcompare,-0.00526718040088677,-0.29287283751339616,0.026168954172387755,-0.10338340783298375,0.060669367843613514,-0.1419666643570008,-0.046395330006170174,-0.1549538222947846,0.03963824921369977,-0.0919540366323764,0.10407696106496211,0.07468605892205842,-0.124497325011779,-0.16008643762108776,-0.12857211804856775,-0.05930087486679764,0.15295621107580445,0.19838273999928593,0.05339887278583558,0.05318654547309177,0.022924693645366197,0.07010676791851334,-0.11805781643367408,0.10813436826459477,-0.02779105569906289,0.22444637212349358,0.04479585003423291,-0.04703437708260104,0.10545874673382291,-0.026093463740746663,0.003961674654156755,-0.10312963891304056,-0.005782589301296826,-0.061296975805408806,0.1066852411685294,-0.14327247137701055,-0.26913989213944833,0.08016725598053462,-0.008530747652588143,0.06476827360912019,-0.16374387477668392,-0.08556058841257697,0.0048494959515710005,-0.011673516834039834,0.10852588483793607,0.10053570915097382,-0.12679036635264745,-0.0005374925922219577,0.20918208584191206,-0.08900767481413638,-0.13840311621191367,0.11677231966161199,-0.09620514370119114,0.06832807999158609,0.2000042810031624,-0.21473365750576281,0.12829111618723707,0.04492153403606459,0.04357931517911627,-0.005983767957745054,0.15283139850049374,0.0307727966821433,-0.1577505353411306,-0.07417921452571015
284870,526540,033,S,53033008004,1400000US53033008004,+47.6150718,-122.3552018,G5020,80.04,Census Tract 80.04,53,008004,True,seattle,Coastal / Pacific Northwest / water-constrained,Seattle,19.2244379817576,True,26.35328947368423,53,Washington,True,0.23404255319148937,0.776595744680851,0.5425531914893617,False,True,HI-only hotspot,True,29.788480731225317,19.2244379817576,0.3603723404255319,53,seattle,2024,GOOGLE/SATELLITE_EMBEDDING/V1/ANNUAL,/Users/yufeizhou/Desktop/heat-exposure-compare/data/processed/seattle/seattle_master_lst_hi_hotcompare.gpkg,seattle_master_lst_hi_hotcompare,-0.0623722630379334,-0.2713832510897477,-0.14209905400936146,-0.13520256422436672,0.01172313866949134,-0.043951812371516415,0.004656973347242848,0.025339962657662453,0.03649839911255957,0.016782332377766076,0.10991527858977641,-0.049110276255657816,-0.02804595152280229,-0.15521247555270323,0.0014312215991900714,-0.07037364435887748,0.15693670132893414,0.007007391374156044,0.028750748093781617,0.04279419516303024,0.03251289632977604,0.09850482822033067,-0.14935860717158847,0.1743433877656196,-0.09855875982206398,0.026975134003968036,0.0035265043851436893,-0.15488833393330423,0.14488139305612752,-0.07988457835214598,-0.11634217115173957,0.07457593415105451,0.04715420954883821,-0.08093194321923816,-0.06992348053162467,-0.08218015547751557,-0.04419755475639029,-0.00998087063956676,-0.009570062304384463,0.1974210451402955,-0.11267375405122851,-0.10639050258416183,0.13147395421965863,0.026072266169580374,0.01792232733024625,0.22033756507915353,-0.11118504486719194,0.05368527224634921,0.019456096928182953,-0.10538039638912822,-0.12564766826035131,0.12548203802838642,-0.08887636145111623,0.0476980719248563,0.09877791004037646,-0.08066666636962623,0.0304316374640063,0.11483734557908401,0.03886637317926971,-0.06473852119830405,0.08302005975450556,-0.1540857439564036,-0.013837234520409435,0.1248865361703768
280585,0,033,S,53033007202,1400000US53033007202,+47.6153600,-122.3405780,G5020,72.02,Census Tract 72.02,53,007202,True,seattle,Coastal / Pacific Northwest / water-constrained,Seattle,19.2244379817576,True,27.6516666666667,53,Washington,True,0.3191489361702128,0.776595744680851,0.45744680851063824,False,True,HI-only hotspot,True,29.788480731225317,19.2244379817576,0.3603723404255319,54,seattle,2024,GOOGLE/SATELLITE_EMBEDDING/V1/ANNUAL,/Users/yufeizhou/Desktop/heat-exposure-compare/data/processed/seattle/seattle_master_lst_hi_hotcompare.gpkg,seattle_master_lst_hi_hotcompare,0.05960559798005164,-0.21113783880057946,-0.0017735788472296268,-0.10554466604218697,0.03697152029098973,-0.1827343419105296,0.10805057065234452,-0.0506943423946864,-0.12952758265650796,0.012294430739502649,0.08409060158258504,0.07245122064153617,-0.011023754694975286,-0.11328503105645686,-0.19277986717694548,-0.15975375526626484,0.19748991011419706,0.08165813547127089,0.015114299471539524,0.09201694800089544,0.04496662762815013,0.02539110167967322,-0.20743234750264886,0.10628738501611198,0.13795838730118204,0.14138612621314015,0.0689898460118726,-0.03731044820869964,0.13423746425190053,-0.09360807472473084,-0.014667237886147145,0.003189920375636517,-0.05440723471389062,0.009577342396383104,0.13158381834581664,-0.15621580026315485,-0.237012039526829,-0.001418533388282218,0.07161428933167255,-0.11511517014197165,-0.17684708040285768,-0.08622691787053179,0.05018556934653293,-0.04832288194799914,0.07422659437343739,0.20896494952639122,-0.14596858352374514,0.024818596277897117,0.13649465383485415,-0.00040289868843420646,-0.24967030357899112,0.11092216336858242,-0.0809828231189052,0.059012708930977764,0.22489343214975543,-0.18757292037316425,0.09994592872229892,-0.007626860727342601,0.06908940101350743,-0.12364308182285293,0.1201147191209426,-0.0004094272921778359,-0.07853813295507396,0.049993520572321135
313527,0,033,S,53033007303,1400000US53033007303,+47.6219789,-122.3358320,G5020,73.03,Census Tract 73.03,53,007303,True,seattle,Coastal / Pacific Northwest / water-constrained,Seattle,19.2244379817576,True,28.824459459459504,53,Washington,True,0.48404255319148937,0.776595744680851,0.29255319148936165,False,True,HI-only hotspot,True,29.788480731225317,19.2244379817576,0.3603723404255319,55,seattle,2024,GOOGLE/SATELLITE_EMBEDDING/V1/ANNUAL,/Users/yufeizhou/Desktop/heat-exposure-compare/data/processed/seattle/seattle_master_lst_hi_hotcompare.gpkg,seattle_master_lst_hi_hotcompare,0.0762891956708542,-0.23868428723180285,0.03189138279233447,-0.14923781490107055,0.019457516002904664,-0.182155717217932,0.08063313498855126,-0.11213570623380095,-0.08627744844646063,-0.011350213274956902,0.08894465851927895,0.054815035700128405,-0.06240097908793526,-0.1299159243227356,-0.15175406208887546,-0.1551455723710638,0.22123879350850065,0.10535873595776356,0.020297956301252473,0.07241704600373966,0.08208865195731517,0.05164470801263093,-0.1885501211363197,0.08491854902552219,0.06126341274442837,0.14627037287120334,0.044872352108238124,-0.030323133130870348,0.12211101604071989,-0.03465764740313707,0.050798530118701474,-0.0625639038460546,0.0006332294553888901,-0.04398007994960599,0.09015926662970294,-0.16741967837984506,-0.28355981229458693,0.059124569474106846,0.05390058497996034,-0.09570681880282414,-0.1890939512858571,-0.07759586362199501,-0.010177440404422885,-0.04421945922871709,0.07697547646752885,0.17503796455622245,-0.12680862451525515,0.014445053474692288,0.15285102274026993,0.01089529087161105,-0.1982400871259257,0.1181194055975434,-0.1462987449910273,0.04309663292917228,0.24731809259242735,-0.19032880337245234,0.08247485532714952,0.00433639214120604,0.09296940707825813,-0.06332811399836721,0.13761977939650982,-0.031123290600421686,-0.14555936708555875,0.026651730294617575
821426,0,033,S,53033001202,1400000US53033001202,+47.7060217,-122.3172561,G5020,12.02,Census Tract 12.02,53,001202,True,seattle,Coastal / Pacific Northwest / water-constrained,Seattle,18.604142996193676,True,29.998873403019765,53,Washington,True,0.7659574468085106,0.1622340425531915,-0.6037234042553191,True,False,LST-only hotspot,False,29.788480731225317,19.2244379817576,0.3603723404255319,56,seattle,2024,GOOGLE/SATELLITE_EMBEDDING/V1/ANNUAL,/Users/yufeizhou/Desktop/heat-exposure-compare/data/processed/seattle/seattle_master_lst_hi_hotcompare.gpkg,seattle_master_lst_hi_hotcompare,-0.010466688707853139,-0.24663010482356382,-0.06694120411031686,-0.019203460049609194,0.06617271463927218,-0.0880948370876469,-0.047260235902590944,-0.11699564479670328,0.14776799788747438,-0.13655687082167015,0.13756070045878113,0.04054082827327546,-0.2115854979197219,-0.15301493539400854,-0.10031403704375827,0.001249705707426805,0.08973837142937717,0.15051686121446622,0.05691826957150414,0.07947440424930291,0.029255979896399116,0.06422732284887654,-0.09290010854274319,0.1304504152806145,-0.0034407202879934077,0.2769216039982801,0.024239720702321617,-0.09870489001011959,0.12657679568125338,0.005721193126783329,-0.049257012910777845,-0.07255050254647541,-0.00689121478094054,0.03477339977373011,0.10076347170425394,-0.11401286460042008,-0.19534715272554454,0.04569778856227586,-0.04890014921627489,0.06417502498805534,-0.17286588728661129,-0.06072541561112713,0.07539525216343747,0.03893770231852765,0.09646558235336947,0.10677471224264694,-0.07490523604382825,-0.044074693046211984,0.21590946051162668,-0.1490198083038555,-0.15326701172586613,0.037847117271166096,-0.047476550711514846,0.10681789429242038,0.1983054772289061,-0.20195581246483885,0.17228712388481554,0.09037349413245062,0.03018193146575303,0.008302284224125732,0.17347178385778853,0.010175293243921763,-0.1003519563323843,-0.0758570535710624
694919,0,033,S,53033004401,1400000US53033004401,+47.6712710,-122.3107454,G5020,44.01,Census Tract 44.01,53,004401,True,seattle,Coastal / Pacific Northwest / water-constrained,Seattle,18.604142996193676,True,28.932840199750355,53,Washington,True,0.5319148936170213,0.1622340425531915,-0.36968085106382975,False,False,Neither hotspot,False,29.788480731225317,19.2244379817576,0.3603723404255319,57,seattle,2024,GOOGLE/SATELLITE_EMBEDDING/V1/ANNUAL,/Users/yufeizhou/Desktop/heat-exposure-compare/data/processed/seattle/seattle_master_lst_hi_hotcompare.gpkg,seattle_master_lst_hi_hotcompare,-0.018934361874594022,-0.25715059600742546,-0.07656380897630188,-0.016356354846065818,0.06814629596463595,-0.11388068525087673,-0.04533325133851642,-0.1276877925636025,0.14946471218644353,-0.1194551544588216,0.13724884409170923,0.04484036960559161,-0.21512390746262217,-0.1633472042741328,-0.12313909471518292,0.007924912095724518,0.06514198613769957,0.14386310232712562,0.03755638986210694,0.08408446943590238,0.03141923741009986,0.09437580960740115,-0.1204017032424838,0.14131739329828796,-6.165758474453298e-05,0.2510337302841328,0.028669330739714612,-0.09265020808335343,0.11591567359245783,0.01256705573055425,-0.06372158958562392,-0.09294822119323573,-0.021089192588361286,0.031693464421027634,0.1304167496087789,-0.10867089009852414,-0.1986192245252732,0.023561433157911968,-0.0467401165822105,0.0495919761444435,-0.1834139262545495,-0.046662906227863336,0.08084409783640728,0.04688058154069502,0.07744052995659224,0.09633166807430552,-0.05937639619003639,-0.07597377822834323,0.20564614054381394,-0.15893254707292387,-0.15238627246511516,0.021374622290450184,-0.033955587993718,0.08734849660884571,0.17874267547755526,-0.2019089305106383,0.1801021042417998,0.08225717579033105,0.009696260402034146,0.007937784624542666,0.17173201056348616,-0.00546371936448839,-0.12855632678735204,-0.08884438785333224
294988,0,033,S,53033004402,1400000US53033004402,+47.6681501,-122.3147285,G5020,44.02,Census Tract 44.02,53,004402,True,seattle,Coastal / Pacific Northwest / water-constrained,Seattle,18.604142996193676,True,28.610299145299194,53,Washington,True,0.44680851063829785,0.1622340425531915,-0.28457446808510634,False,False,Neither hotspot,False,29.788480731225317,19.2244379817576,0.3603723404255319,58,seattle,2024,GOOGLE/SATELLITE_EMBEDDING/V1/ANNUAL,/Users/yufeizhou/Desktop/heat-exposure-compare/data/processed/seattle/seattle_master_lst_hi_hotcompare.gpkg,seattle_master_lst_hi_hotcompare,-0.011094968080565152,-0.2877020392845644,-0.03925466262243472,-0.08367443774409766,0.07469676037207955,-0.12518400627616175,-0.0575971455716697,-0.1949511139563478,0.08757380161139167,-0.07913755859635413,0.1322218536827008,0.03487477967806852,-0.1715798186069217,-0.17247744557574196,-0.14586615132372507,-0.033785341240236993,0.13540932692239552,0.17574270381703924,0.05650417629645884,0.04215730864275271,0.018778606200380972,0.09819759283221784,-0.134182492944759,0.10636822447090118,-0.040892521759097585,0.25037691980064913,0.04093325630653774,-0.049695155819387084,0.09644217286384046,-0.012365524792592064,-0.013214534427056803,-0.12209967883096842,0.013168985572296498,-0.03140684549666247,0.11677632898151916,-0.15337743800198017,-0.24208123592176087,0.10045542641999733,-0.01072871882870846,0.09132233483565363,-0.1804331110439104,-0.09305590175817322,0.045579482849890704,0.036045974655143816,0.09589531822979079,0.08376993562282732,-0.10431080452147047,-0.026682828936862402,0.21865254709206125,-0.127418528710263,-0.11904100766883616,0.06537866433849739,-0.061541289809898536,0.0831935344526668,0.19421735848973598,-0.2156831337971385,0.15442990291669656,0.05885765473653259,0.041940272663414165,-0.028843804134709862,0.17097041175903815,0.017843828756019607,-0.1643545261192538,-0.05571972536533159
2706290,7108,033,S,53033026101,1400000US53033026101,+47.4871294,-122.2513766,G5020,261.01,Census Tract 261.01,53,026101,False,seattle,Coastal / Pacific Northwest / water-constrained,Seattle,19.029487707222216,True,30.861520053926544,53,Washington,True,0.9148936170212766,0.526595744680851,-0.38829787234042556,True,False,LST-only hotspot,False,29.788480731225317,19.2244379817576,0.3603723404255319,59,seattle,2024,GOOGLE/SATELLITE_EMBEDDING/V1/ANNUAL,/Users/yufeizhou/Desktop/heat-exposure-compare/data/processed/seattle/seattle_master_lst_hi_hotcompare.gpkg,seattle_master_lst_hi_hotcompare,-0.07963574210108706,-0.23737974963520878,-0.01235896027104577,0.009697819073741537,0.09336794859919643,-0.10806132867111853,-0.02644731437493375,-0.06947827923724828,0.14088906754762284,-0.10404861301305611,0.07160169444122844,0.0037524773850066188,-0.18995216371814014,-0.12101202899902104,-0.10725593300762434,0.0502331082460531,0.07928807993506891,0.14456349672980823,0.017065262837987892,0.07486845720880227,0.0199352397357003,0.082740731843939,-0.12892980080634905,0.16728920616065548,0.041052238019990465,0.20560983304784425,-0.011562997922851722,-0.12810564106050706,0.14174509810557123,-0.018060245475494854,-0.08509085201163874,-0.1061576818310254,-0.01076220866515999,0.07659755550381528,0.061515920393779074,-0.07468400120025552,-0.1578553858613937,0.04336437390899403,-0.10822788544357767,0.07697857165948971,-0.0934088972131619,0.03163595322581468,0.08569615549536644,0.042737625522708586,0.04263702675489949,0.138769577064146,-0.053959907467537746,-0.07078637685688059,0.20012651710729176,-0.16160059011708977,-0.1835591242904282,0.09414859790025364,0.007777446324163306,0.09468615116838751,0.18086285751158493,-0.15775888765317672,0.16932648167831454,0.06384753183685137,0.0123015283551587,0.005962950328354559,0.20089954132433704,-0.0592434095435269,-0.11151723171854314,-0.14375421766207705
956016,0,033,S,53033003202,1400000US53033003202,+47.6752342,-122.3942667,G5020,32.02,Census Tract 32.02,53,003202,True,seattle,Coastal / Pacific Northwest / water-constrained,Seattle,18.844775426560606,True,20.988288135593244,53,Washington,True,0.02127659574468085,0.44148936170212766,0.42021276595744683,False,False,Neither hotspot,True,29.788480731225317,19.2244379817576,0.3603723404255319,60,seattle,2024,GOOGLE/SATELLITE_EMBEDDING/V1/ANNUAL,/Users/yufeizhou/Desktop/heat-exposure-compare/data/processed/seattle/seattle_master_lst_hi_hotcompare.gpkg,seattle_master_lst_hi_hotcompare,0.014022143929689647,-0.2777512199817942,-0.01749198878188878,-0.064241843292509,0.0783750800732481,-0.05883596602118557,-0.06061569804405125,-0.16658558572962978,0.12436255269605657,-0.156240584268639,0.11446834150592848,0.07874776928696045,-0.19357670914820307,-0.1847962165201591,-0.07514836674868756,-0.035727046024905056,0.097622728087563,0.1849904032202748,0.11178759952087627,0.08234478847053421,0.005542112995984646,0.11325012214316699,-0.09404056998754849,0.13960275032048253,-0.03685112095571,0.2886992888066625,0.027538595275462062,-0.09792195061294424,0.14084031880090958,-0.002702384881393673,-0.053091126710416485,-0.10664162181997094,-0.06025792401999181,0.012399425816558353,0.13048201159399153,-0.13091472320313832,-0.20093250007820448,0.04299571726903553,-0.041362909100704406,0.07853145516720306,-0.1519227366937571,-0.06608054412132562,0.07513374376934846,0.051829975080987196,0.12807595281060577,0.11827418325784443,-0.07553222529982666,-0.071749644457891,0.2125358385295223,-0.1354568529807058,-0.10877249932636955,0.03280821451313754,-0.06125880811676248,0.05255880518874049,0.19723245493559444,-0.21500831500773684,0.16137557763347188,0.06717733230534767,0.024116079226589603,-0.006136813469803869,0.1719906167558137,0.07884417876116918,-0.15685870657640816,-0.09018383791828229
2777507,8215201,033,S,53033024302,1400000US53033024302,+47.5926899,-122.2449557,G5020,243.02,Census Tract 243.02,53,024302,False,seattle,Coastal / Pacific Northwest / water-constrained,Seattle,18.97717309543781,True,23.312846315110505,53,Washington,True,0.10638297872340426,0.5159574468085106,0.4095744680851064,False,False,Neither hotspot,True,29.788480731225317,19.2244379817576,0.3603723404255319,61,seattle,2024,GOOGLE/SATELLITE_EMBEDDING/V1/ANNUAL,/Users/yufeizhou/Desktop/heat-exposure-compare/data/processed/seattle/seattle_master_lst_hi_hotcompare.gpkg,seattle_master_lst_hi_hotcompare,-0.038055240484371866,-0.20363895030792442,-0.18720926126947487,-0.088249567419515,0.029159214305275117,0.019248680773194266,0.01227115234885328,0.07999648437775736,0.13431817688332062,-0.0055210700376116355,0.1104024722901537,-0.06264372513011182,-0.057321368122796784,-0.13031976414545918,0.04727242280946633,0.019257723609864375,0.09850268172236379,-0.07100232405442751,0.0716773341510277,0.007512430861193021,0.02604950010394853,0.11001307490016284,-0.10026097581950776,0.21505318033064447,-0.06886955539353048,-0.017609343660678182,0.017583619751639846,-0.27040841972827945,0.12387760885852496,-0.10291969898630705,-0.17959253866852098,0.15886236039519677,0.07577261314042322,-0.026694494737505133,-0.12567470163627548,-0.05786227873199555,0.006500339239427976,0.0012288554489753888,-0.016431503256260346,0.19003171117019702,-0.09127980774226205,-0.0758175177350332,0.17391057890705863,0.037671296368756414,-0.007779145190009399,0.20973293809791269,-0.12472803658173466,0.0524030097048389,0.003994711996345579,-0.13963616811742824,-0.07671434809940456,0.051330582105705874,-0.07228436561558908,0.0602512583523867,0.057330788731275215,-0.0562215804692758,0.01629066044620932,0.14121964117590785,0.007269964705942779,-0.054166413972151974,0.09772146964586044,-0.12423939792159296,0.00711051148140028,0.15847195764303035
627071,0,033,S,53033003302,1400000US53033003302,+47.6760080,-122.3712585,G5020,33.02,Census Tract 33.02,53,003302,True,seattle,Coastal / Pacific Northwest / water-constrained,Seattle,18.844775426560606,True,26.31001508295628,53,Washington,True,0.22872340425531915,0.44148936170212766,0.2127659574468085,False,False,Neither hotspot,False,29.788480731225317,19.2244379817576,0.3603723404255319,62,seattle,2024,GOOGLE/SATELLITE_EMBEDDING/V1/ANNUAL,/Users/yufeizhou/Desktop/heat-exposure-compare/data/processed/seattle/seattle_master_lst_hi_hotcompare.gpkg,seattle_master_lst_hi_hotcompare,0.029861267929362115,-0.290836809633353,-0.02790105779591601,-0.07484530744446616,0.08329962328751615,-0.0731822695407935,-0.05161451895725311,-0.1743206858628274,0.10488037016079028,-0.12161990659041615,0.09942138655087401,0.05986178112769028,-0.19029825573342882,-0.19829903001434024,-0.09204160851795318,-0.05876479008876446,0.11531777185286984,0.19334760881197216,0.09373185928807833,0.07967998632013587,0.017262439902655538,0.11807516828807324,-0.12202986032029121,0.11948686351431838,-0.04478123756290362,0.26442832933392685,0.041736484302778674,-0.06543936429548244,0.1304253991016458,0.0040297851707756255,-0.037224236742254696,-0.11286825947594291,-0.06524405881405454,-0.01069490700024812,0.11593033246528184,-0.14514719433519865,-0.20987270256018853,0.0392803537092047,-0.016741082290636963,0.10469244285383719,-0.14880832142314646,-0.07098825931443369,0.05542163228525785,0.048771852687641545,0.12967223854100599,0.10028201393518679,-0.08722300332058937,-0.07457671139157655,0.1801047113415228,-0.12638419810459622,-0.10412123589616906,0.0486594593829129,-0.08025778308675043,0.0373422498210811,0.18912441761371554,-0.21811520169752,0.14899897205919427,0.07179457921030821,0.01331726323190994,-0.00501172455590024,0.1661001905372061,0.06976930227551592,-0.18853074910711035,-0.07040697265143783
975912,0,033,S,53033010502,1400000US53033010502,+47.5573014,-122.3896847,G5020,105.02,Census Tract 105.02,53,010502,True,seattle,Coastal / Pacific Northwest / water-constrained,Seattle,,True,24.36835926993278,53,Washington,False,,,,False,False,Missing,False,29.788480731225317,19.2244379817576,0.3603723404255319,63,seattle,2024,GOOGLE/SATELLITE_EMBEDDING/V1/ANNUAL,/Users/yufeizhou/Desktop/heat-exposure-compare/data/processed/seattle/seattle_master_lst_hi_hotcompare.gpkg,seattle_master_lst_hi_hotcompare,-0.00014040626204698853,-0.26782380963981295,-0.023620596650681988,-0.06935097192895634,0.08707126809307722,-0.07879485952507816,-0.03846959782661084,-0.17121288786118358,0.1292739745896935,-0.11898176727656126,0.10371603841452208,0.01391280392625714,-0.20207299318124744,-0.17964711767411415,-0.09541921494361887,-0.017306008598351262,0.13646759784641604,0.1574401963342745,0.07405259176214395,0.04494588213879954,0.03049582862869569,0.09976775334453684,-0.12162304869454423,0.11415514541224527,-0.01406365424054121,0.28271203618629887,0.025325508908063437,-0.08253099991336571,0.12286351997876249,-0.01095347016066741,-0.025586045289867656,-0.09810171086798701,-0.03141883846218416,0.017073165733776142,0.10587017605046531,-0.14808062014139028,-0.19853846814299478,0.09583976312857416,-0.05022395163800466,0.10521681497977382,-0.12916369200008915,-0.06425278339079143,0.07018590564503897,0.05690001107374338,0.1037400894364178,0.09986650458157234,-0.10505042793345637,-0.056693193177166895,0.19656980393981063,-0.1312771165907812,-0.10556624371789707,0.05000276788658199,-0.0658817148059317,0.0932873683749378,0.19344455043720798,-0.19957852858875794,0.17627263805669596,0.05992824753819743,0.037922663626550834,-0.012019261861956879,0.18676193980790312,0.03609688833697903,-0.16724000884524096,-0.07291125254298973
742016,0,033,S,53033010501,1400000US53033010501,+47.5576235,-122.3801107,G5020,105.01,Census Tract 105.01,53,010501,True,seattle,Coastal / Pacific Northwest / water-constrained,Seattle,,True,25.534033078880448,53,Washington,False,,,,False,False,Missing,False,29.788480731225317,19.2244379817576,0.3603723404255319,64,seattle,2024,GOOGLE/SATELLITE_EMBEDDING/V1/ANNUAL,/Users/yufeizhou/Desktop/heat-exposure-compare/data/processed/seattle/seattle_master_lst_hi_hotcompare.gpkg,seattle_master_lst_hi_hotcompare,-0.004397812109974408,-0.26316940870446903,-0.04808717963847721,-0.06340632201923854,0.08023830045361138,-0.10267871983364601,-0.03095476106984435,-0.1838877478526737,0.11297411189270935,-0.11400244133320694,0.10775227561080779,0.03508759313632201,-0.19298837172043948,-0.17565557299209542,-0.12365930686862568,-0.014858315285926637,0.1297315676276478,0.16622591876716286,0.04991629634309836,0.08068759269996854,0.0326013699693348,0.06429748068668809,-0.11838087072558796,0.10983065017162205,-0.026024757163425418,0.25435627888314316,0.056411425140341115,-0.08854033757654976,0.12472479131380398,0.026586616922296705,-0.023721747212715562,-0.09399820204004539,0.009562053452813982,0.0175800646288352,0.10914042913579786,-0.10611215606365888,-0.2148104689059041,0.0550797837445755,-0.04350547822553267,0.0905203335558726,-0.15531485747667192,-0.06297883485277558,0.031217150552472973,0.03548682399672859,0.10149476870020091,0.07019415770160692,-0.10839118666671425,-0.038122962265306176,0.1754742913705523,-0.14704833667897194,-0.1190500463955849,0.054132717216025555,-0.0760208752401004,0.06719916081666523,0.19235224644373058,-0.23192426600746222,0.16068953285499918,0.05089888562806777,0.05579095598312625,-0.021996413283489943,0.16618085542266373,0.013029011484267284,-0.1637720247128718,-0.06840338210557283
1480085,0,033,S,53033000202,1400000US53033000202,+47.7269637,-122.3026174,G5020,2.02,Census Tract 2.02,53,000202,True,seattle,Coastal / Pacific Northwest / water-constrained,Seattle,18.604142996193676,True,28.47354203409762,53,Washington,True,0.4095744680851064,0.1622340425531915,-0.2473404255319149,False,False,Neither hotspot,False,29.788480731225317,19.2244379817576,0.3603723404255319,65,seattle,2024,GOOGLE/SATELLITE_EMBEDDING/V1/ANNUAL,/Users/yufeizhou/Desktop/heat-exposure-compare/data/processed/seattle/seattle_master_lst_hi_hotcompare.gpkg,seattle_master_lst_hi_hotcompare,0.005294878997073749,-0.2541363185533033,-0.0672729426055554,-0.024874424265071242,0.07551060837661577,-0.05201946134897243,-0.05258823662228218,-0.11557909537309034,0.16465841584534208,-0.16491866258498508,0.1326939590901171,0.06382151368436519,-0.214968485434037,-0.1218157891335478,-0.08305912663222907,0.013867095456844909,0.06912009536218529,0.16997231753754405,0.11309142695470181,0.08720784247173442,0.025529895783932926,0.06798566109042133,-0.08249712234972087,0.13983432275049104,-0.020500970536906478,0.27378402327315254,0.01664534499420519,-0.11910988047717318,0.14681780786491946,0.002108734633583934,-0.05450648581907146,-0.0791936504008728,-0.04210235763818395,0.04239610000174993,0.07331721498121253,-0.09082343321612134,-0.2013381171132021,0.046615431020680644,-0.05739881628868948,0.08205405677398647,-0.17089731282700624,-0.05009020575538633,0.08748401620210292,0.05294053938871071,0.09350659748404062,0.12447864309499623,-0.07918286310403813,-0.05730265962251786,0.20489293155115207,-0.17542994212357002,-0.16363892993148563,0.007979471951215799,-0.029276904135912697,0.08091859342027757,0.20668336170719176,-0.18666289859384144,0.15129055788019696,0.10376400478524432,0.023308204121577754,0.0011829868387146388,0.20224334263272048,0.050659009333632946,-0.08117401909405293,-0.10914109252142655
1904920,1387225,033,S,53033009600,1400000US53033009600,+47.5899898,-122.3882351,G5020,96,Census Tract 96,53,009600,True,seattle,Coastal / Pacific Northwest / water-constrained,Seattle,,True,22.744602177554484,53,Washington,False,,,,False,False,Missing,False,29.788480731225317,19.2244379817576,0.3603723404255319,66,seattle,2024,GOOGLE/SATELLITE_EMBEDDING/V1/ANNUAL,/Users/yufeizhou/Desktop/heat-exposure-compare/data/processed/seattle/seattle_master_lst_hi_hotcompare.gpkg,seattle_master_lst_hi_hotcompare,-0.04122327322116614,-0.20879975724702743,-0.14462753126282107,-0.05971258538070515,0.05532645312583397,-0.011290436471042447,-0.0062277839766367435,0.015122260381260156,0.1512376823830541,-0.03630410451635873,0.13490888714747148,-0.04250830751715986,-0.12896840192425887,-0.16679948292509067,-0.0057784819543794065,-0.0009401128513741089,0.12148124832516463,-0.006328940063433522,0.019997965920955887,0.04538387312207811,0.035700231968032396,0.09930549752021156,-0.1257606684457368,0.17153178363874974,-0.01636804958504751,0.09473878482264815,0.016534659385213618,-0.19681710998844043,0.12199681858030352,-0.05183669675619327,-0.12356325683700178,0.06652168640293553,0.06805651136584717,0.007922246263382206,-0.02971861443417566,-0.07358835195370259,-0.05471484268664806,0.013038235514272344,-0.04080593511608621,0.13953194580187567,-0.10685273771324003,-0.06479550636181411,0.1429310020027551,0.04893641516312833,0.02576639578515229,0.17096802984569537,-0.07124693132006597,0.004467548017797534,0.0984418368830091,-0.11355626827453881,-0.11096624297042017,0.04932759423664264,-0.06358467413968487,0.09663979897594065,0.12499484000276088,-0.11108236149660955,0.08476621853167811,0.08993358780219934,0.01860944722055041,-0.026339089314585486,0.13987909484700867,-0.11045018568094885,-0.04619388447656774,0.06667448779491535
1861358,1607123,033,S,53033009701,1400000US53033009701,+47.5731929,-122.4101745,G5020,97.01,Census Tract 97.01,53,009701,True,seattle,Coastal / Pacific Northwest / water-constrained,Seattle,,True,19.787822468793383,53,Washington,False,,,,False,False,Missing,False,29.788480731225317,19.2244379817576,0.3603723404255319,67,seattle,2024,GOOGLE/SATELLITE_EMBEDDING/V1/ANNUAL,/Users/yufeizhou/Desktop/heat-exposure-compare/data/processed/seattle/seattle_master_lst_hi_hotcompare.gpkg,seattle_master_lst_hi_hotcompare,-0.052333017499101214,-0.2221251089262088,-0.11858186574955802,-0.08618410188743837,0.04873530657158677,-0.016865824532438182,-0.02150004155684549,0.0039875539070466206,0.13528469547871344,-0.03443037649417828,0.10866924590712372,-0.047981557400313304,-0.10978212199682429,-0.15675191744235373,4.24079392935759e-05,0.00622879663946323,0.11687295249335725,0.017822343988762684,0.05950350515645495,0.017923218709049563,0.032345920907651905,0.1340226559882727,-0.126202158817514,0.1713183822049454,-0.056162519742758016,0.08439460247048014,0.015806715024434415,-0.20270759253491935,0.1358697372305528,-0.0744960890430826,-0.11201949509347434,0.06671927508546704,0.054006731086913964,0.0009651398476638942,-0.05838907634367398,-0.0782991956518238,-0.04453386542880528,0.044098256728439277,-0.03897225024663146,0.16631699786421872,-0.08976801537168493,-0.0627992686956055,0.13524087851769756,0.04596923760029912,0.030586087551076696,0.18057611335473053,-0.0944967759416385,0.03327066018884124,0.09868900084442436,-0.13421462180630192,-0.09574448859857908,0.07208319436318852,-0.0672469949017113,0.07998010424232659,0.10496302339618635,-0.10974062700977895,0.07030295689722697,0.09923649905621218,0.03736326737207118,-0.02678446978926574,0.13615530979103554,-0.10152303524858906,-0.04963482822439822,0.06175216859664108
2220442,0,033,S,53033009702,1400000US53033009702,+47.5719337,-122.3960103,G5020,97.02,Census Tract 97.02,53,009702,True,seattle,Coastal / Pacific Northwest / water-constrained,Seattle,,True,22.505962831158605,53,Washington,False,,,,False,False,Missing,False,29.788480731225317,19.2244379817576,0.3603723404255319,68,seattle,2024,GOOGLE/SATELLITE_EMBEDDING/V1/ANNUAL,/Users/yufeizhou/Desktop/heat-exposure-compare/data/processed/seattle/seattle_master_lst_hi_hotcompare.gpkg,seattle_master_lst_hi_hotcompare,-0.006259273447404925,-0.23168098456540842,-0.05433771604431876,-0.02160435486208252,0.09248445942461737,-0.04207497262837611,-0.04281821426641364,-0.10882977390714496,0.17757058359847616,-0.13355712936732608,0.11676966166947603,0.030669416102561697,-0.22299115511289666,-0.1641417489343036,-0.07212007060536521,0.020312562480755525,0.0975261117926355,0.13021848518338486,0.06374377994985614,0.06015334622932097,0.03556184177947882,0.0894863649632166,-0.10189092560670644,0.13345739655441094,0.02329905689490128,0.27625138406315997,0.00011925344260756711,-0.1146814954970447,0.1386776671129741,0.004878425648975394,-0.05234311887182926,-0.07715910810243823,-0.009431628658311356,0.054548410457977446,0.08840778727488573,-0.11786568568300838,-0.17741698448217752,0.046813713560009844,-0.07556271494029318,0.08980961966900551,-0.12763120288398633,-0.03257350340465232,0.09381620841171007,0.06062334456156073,0.08952848616714208,0.11487043915009579,-0.061351039246386754,-0.07266159677181651,0.2071121334753958,-0.14548457556122688,-0.12275914077072417,0.018642395129818298,-0.04445113624906387,0.10122298894707758,0.19225923197556016,-0.1800384590051744,0.18551553612295696,0.06821024949221689,0.019996990811226623,0.00625120730668496,0.20308863435327484,0.022843946418359656,-0.1266542517917515,-0.09120824441954477
6536636,2399271,033,S,53033009900,1400000US53033009900,+47.5794536,-122.3550326,G5020,99,Census Tract 99,53,009900,True,seattle,Coastal / Pacific Northwest / water-constrained,Seattle,19.2244379817576,True,28.016514626635896,53,Washington,True,0.34574468085106386,0.776595744680851,0.43085106382978716,False,True,HI-only hotspot,True,29.788480731225317,19.2244379817576,0.3603723404255319,69,seattle,2024,GOOGLE/SATELLITE_EMBEDDING/V1/ANNUAL,/Users/yufeizhou/Desktop/heat-exposure-compare/data/processed/seattle/seattle_master_lst_hi_hotcompare.gpkg,seattle_master_lst_hi_hotcompare,-0.030594548447582633,-0.220162411018997,-0.11375010850913131,-0.10349526571579654,0.025747945630515023,-0.09951993120217335,-0.0034388644703853195,-0.0774408092893148,0.07875022583703063,-0.022260432680428682,0.11960368482619398,0.006554648790248229,-0.11798594091123259,-0.1555341791679458,-0.06971131554667184,-0.04668234075129901,0.1195033314273604,0.04480396497982686,0.007014061313308555,0.08598597352534385,0.034019817692174915,0.1167233999293365,-0.16301902572191065,0.14702630719333393,-0.057587706115862274,0.0820913264452853,0.020925739617271056,-0.13866036981889315,0.13554938812798997,-0.02846782472214166,-0.02357703101031596,-0.004771835163587353,0.0647561694415986,-0.041101268279171446,0.024296763685274687,-0.02947078372944208,-0.10999221874171326,0.02533159368115679,-0.023363165331052343,0.09677695970149354,-0.14822765111338634,-0.03353591411841518,0.05372820035709539,0.008702900807098082,0.06385540549960603,0.1409993130157895,-0.06582921464329093,-0.018713211562489736,0.14121221942993906,-0.09309976063143321,-0.18373497774619765,0.10047306103424876,-0.06839511009311638,0.06620488299995617,0.15513660010001654,-0.16113339610451513,0.07467416636212063,0.05156281264065277,0.02550334870513554,-0.032391016886339365,0.1175184394046492,-0.11863123891112745,-0.10119034825807813,0.03014794014935818
2795533,2076618,033,S,53033010200,1400000US53033010200,+47.5564564,-122.2517138,G5020,102,Census Tract 102,53,010200,True,seattle,Coastal / Pacific Northwest / water-constrained,Seattle,19.083362702887506,True,29.324134163958142,53,Washington,True,0.6223404255319149,0.5425531914893617,-0.07978723404255328,False,False,Neither hotspot,False,29.788480731225317,19.2244379817576,0.3603723404255319,70,seattle,2024,GOOGLE/SATELLITE_EMBEDDING/V1/ANNUAL,/Users/yufeizhou/Desktop/heat-exposure-compare/data/processed/seattle/seattle_master_lst_hi_hotcompare.gpkg,seattle_master_lst_hi_hotcompare,-0.02050382776426646,-0.18964714535458677,-0.1451949744225959,-0.05123961924277801,0.04903334892562387,-0.0007490081867615912,-0.023510763666026457,0.024593765677284413,0.1528205541105412,-0.05679719558010586,0.11588255797658947,-0.004767796243425178,-0.12019283483185882,-0.11809892774123898,-0.002855944836582012,0.03039476665114525,0.08398226137030154,-0.002149225895989326,0.07086761039530998,0.0360804850496844,0.03119881066811938,0.08257058158087187,-0.10080414739010934,0.18322110132485142,-0.023681051488055535,0.08396303512569268,0.0034669565972670125,-0.2179898467299861,0.1176763437660563,-0.049998342858757316,-0.11921691104238058,0.0696058236506921,0.04207565601160624,0.006998230658574438,-0.05166212470124086,-0.05457400453042349,-0.08516380545538411,0.013843302059725452,-0.04812704059464939,0.13107833372557004,-0.11685191370523913,-0.044850646887296106,0.1459113667246614,0.040240236500133704,0.02376909634827781,0.18366494205594838,-0.07464454128439828,0.0010989244817491512,0.09268668824676163,-0.14959632136727163,-0.11628893664989945,0.021208896446117426,-0.047311047227718284,0.07535885897700184,0.11917691586330492,-0.0991751928400074,0.07416869774967211,0.11724745749255697,0.00870782014753201,-0.02966399788191712,0.1439177182994235,-0.05687715844754592,-0.021304796101158766,0.04774969073243443
4140525,322633,033,S,53033010800,1400000US53033010800,+47.5440342,-122.3498743,G5020,108,Census Tract 108,53,010800,True,seattle,Coastal / Pacific Northwest / water-constrained,Seattle,19.302739576839453,True,28.5013593099346,53,Washington,True,0.4148936170212766,0.925531914893617,0.5106382978723404,False,True,HI-only hotspot,True,29.788480731225317,19.2244379817576,0.3603723404255319,71,seattle,2024,GOOGLE/SATELLITE_EMBEDDING/V1/ANNUAL,/Users/yufeizhou/Desktop/heat-exposure-compare/data/processed/seattle/seattle_master_lst_hi_hotcompare.gpkg,seattle_master_lst_hi_hotcompare,-0.06946156231639124,-0.19371283829636446,-0.08388992292314418,-0.0231338488358005,0.05994041210382242,-0.12868806088980278,-0.010844762436028116,-0.0712874196139304,0.1352019496020946,-0.0759547465621137,0.13458122869611766,0.02372410755666074,-0.17483726771171182,-0.13737490014649933,-0.11445332500119283,0.020012912558082366,0.06792688549455897,0.08657979941715514,-0.003428106961321897,0.07747583725147449,0.036463665206284544,0.07849258981713315,-0.1294238089147104,0.15755102241183608,0.019442370462958772,0.1732743220785813,0.012302999915524044,-0.11453964874222049,0.11964582896231413,0.017637636969078177,-0.054942878500171106,-0.056798573846849366,0.04796333120839349,0.028322595434561323,0.08673494088452204,-0.05665000717498643,-0.18660743795156864,0.017779270378923063,-0.07109928063556427,0.025590324386014867,-0.14332877662403046,-0.013950486616089379,0.07174593381729366,0.01778502599343601,0.04465528465947203,0.11473118352818458,-0.03933153453469294,-0.059276455673025925,0.2130064681016579,-0.1298571577969096,-0.1984076272862492,0.07550373446400847,-0.026642944779292254,0.08375021896619508,0.16921397871127566,-0.16487012973277046,0.1265373053871525,0.040891896503230156,0.025342617025642958,-0.004968027708882051,0.14885855810846113,-0.08498801973973134,-0.10546309416144467,-0.073409478199914
5389781,414929,033,S,53033010900,1400000US53033010900,+47.5408335,-122.3175563,G5020,109,Census Tract 109,53,010900,True,seattle,Coastal / Pacific Northwest / water-constrained,Seattle,19.221297221107797,True,30.384535768645385,53,Washington,True,0.8670212765957447,0.6223404255319149,-0.24468085106382975,True,False,LST-only hotspot,False,29.788480731225317,19.2244379817576,0.3603723404255319,72,seattle,2024,GOOGLE/SATELLITE_EMBEDDING/V1/ANNUAL,/Users/yufeizhou/Desktop/heat-exposure-compare/data/processed/seattle/seattle_master_lst_hi_hotcompare.gpkg,seattle_master_lst_hi_hotcompare,-0.02439852781104401,-0.2978779577829325,-0.03511503642780005,-0.11811204414585545,0.0434439019307621,-0.11791112171153113,-0.03125582685596392,-0.16301357107636388,-0.008472706763683308,-0.012389930396620534,0.11819806956883888,0.01516930842320472,-0.10980148472068577,-0.15609150928067866,-0.10549594400581287,-0.0724228022073194,0.16026738140926075,0.11386512056967786,0.04679948236222252,0.05629256920222422,0.023659764769422064,0.07040954034275712,-0.19248842795243115,0.07161461194092815,-0.07732848813424564,0.13877654542416376,0.07763831208456425,-0.06293693432130591,0.08183929566037776,-0.024366492573521734,0.017497636603660174,-0.10066084028115573,0.04514846207676141,-0.10601476771536386,0.002334398714512428,-0.07500348419889355,-0.16825899584986145,0.07047843229173306,0.0001204604677199094,0.16635740600498622,-0.12332401033235482,-0.025079438125784125,-0.001400542007098833,-0.01453503770567619,0.1039829146842833,0.09706855640667536,-0.07382866342653303,-0.009239975957838204,0.1969622856782271,-0.10358701907953834,-0.16049116057828894,0.14459757005831061,-0.09853408883802994,0.027373211414591873,0.19598973005063122,-0.18418075181500154,0.08601908213969209,0.033401525472114134,0.052812347026043906,-0.03557471501591417,0.139700550015158,-0.05456710120588233,-0.165176407818019,-0.016671756979965653
5086241,5522889,033,S,53033022300,1400000US53033022300,+47.7138279,-122.2495245,G5020,223,Census Tract 223,53,022300,False,seattle,Coastal / Pacific Northwest / water-constrained,Seattle,18.474488691127696,True,23.972424470038415,53,Washington,True,0.13829787234042554,0.015957446808510637,-0.1223404255319149,False,False,Neither hotspot,False,29.788480731225317,19.2244379817576,0.3603723404255319,73,seattle,2024,GOOGLE/SATELLITE_EMBEDDING/V1/ANNUAL,/Users/yufeizhou/Desktop/heat-exposure-compare/data/processed/seattle/seattle_master_lst_hi_hotcompare.gpkg,seattle_master_lst_hi_hotcompare,-0.04190118067162979,-0.1399573040411369,-0.17363249338772185,-0.03735525743243183,0.02978942198470479,-0.017755032877374614,-0.013537227223052098,0.11603047547130874,0.16937679287773183,-0.020920716404502087,0.11291158735594715,-0.023802183923676504,-0.10479562805162833,-0.07750090830917701,-0.009239988830215743,0.056828106447617856,0.05648682220404688,-0.031660187257923106,0.060335451394814915,-0.001853299360322862,0.0509112807732008,0.11458101781590399,-0.09356076445650112,0.20678463544143985,-0.022067073645835534,0.011793362551597101,-0.030359887920922816,-0.23217419101037642,0.10967802803589467,-0.06166223930827436,-0.14060559599412856,0.11957512974400065,0.053704419960943606,0.015411499092881444,-0.08453774899159902,-0.05407626090020893,-0.0623553293274088,-0.009422262046632903,-0.03883556356961521,0.10953768768772756,-0.10509930187424002,-0.041066995867158236,0.17087506479964,0.02825735313752892,-0.02281123806797116,0.20380958625198628,-0.0698083521279456,0.02954356179955775,0.08129605129898711,-0.14697530414703147,-0.13870954476425973,0.021079306278583374,-0.02884654377967161,0.07095946983861325,0.08300645311924755,-0.046679976809529705,0.032792770916101485,0.1548751409544732,-0.00605055469462539,-0.008508036218202467,0.12397409148028682,-0.12362291106733066,0.033407208849008094,0.08618349263099949
1136850,0,033,S,53033011101,1400000US53033011101,+47.5394734,-122.2773089,G5020,111.01,Census Tract 111.01,53,011101,True,seattle,Coastal / Pacific Northwest / water-constrained,Seattle,19.220338896046595,True,32.41456012913644,53,Washington,True,0.9787234042553191,0.5957446808510638,-0.3829787234042553,True,False,LST-only hotspot,False,29.788480731225317,19.2244379817576,0.3603723404255319,74,seattle,2024,GOOGLE/SATELLITE_EMBEDDING/V1/ANNUAL,/Users/yufeizhou/Desktop/heat-exposure-compare/data/processed/seattle/seattle_master_lst_hi_hotcompare.gpkg,seattle_master_lst_hi_hotcompare,-0.015368648127825834,-0.2691151076022654,-0.011721752182474853,-0.06465944029483633,0.08595057614670623,-0.08062905506928136,-0.046093743472755244,-0.19276830217967772,0.1203882662385009,-0.14291153066999498,0.10222993515666338,0.05389398674524503,-0.18615684719114844,-0.1690396850110062,-0.0880811138320185,0.0038145096740032887,0.11875790791329048,0.17747217219019443,0.09708253029993812,0.07585809670367341,0.021632254973782822,0.07982745337575516,-0.09428583873357577,0.14337410047543286,-0.024458119681389903,0.2748472785687916,0.048419975906066955,-0.11112194048383268,0.13336460059571892,0.0035937983640448624,-0.05261597990095224,-0.11636662549000931,-0.03145673997492028,-0.011243550956810426,0.10493905245883452,-0.11162905254540331,-0.1985419243990808,0.07236412911467287,-0.06218978705606555,0.10366582367114657,-0.13529154786995776,-0.060850192809962074,0.038476399736777064,0.04821512493866368,0.1258024463189675,0.09139787696344852,-0.09123811737336068,-0.06476988474662312,0.20948067557603736,-0.13775014866538665,-0.12932757304464648,0.058264373637925436,-0.07440712881420151,0.06705194478866348,0.19263969164973252,-0.2243505388478161,0.16700265684305,0.04300713640656197,0.0326798491495928,-0.03487627749198938,0.17208042384607064,0.05189788424479493,-0.1490977971017724,-0.11187121306469672
1437049,0,033,S,53033012000,1400000US53033012000,+47.5128928,-122.3806115,G5020,120,Census Tract 120,53,012000,True,seattle,Coastal / Pacific Northwest / water-constrained,Seattle,19.444926156859484,True,24.698640180430285,53,Washington,True,0.14361702127659576,0.9707446808510638,0.8271276595744681,False,True,HI-only hotspot,True,29.788480731225317,19.2244379817576,0.3603723404255319,75,seattle,2024,GOOGLE/SATELLITE_EMBEDDING/V1/ANNUAL,/Users/yufeizhou/Desktop/heat-exposure-compare/data/processed/seattle/seattle_master_lst_hi_hotcompare.gpkg,seattle_master_lst_hi_hotcompare,0.0027903199368296077,-0.26137316113574993,-0.03489187226272583,-0.01385475352766941,0.09287820365643247,-0.026992503176521517,-0.06086277639385845,-0.15337487637809974,0.1685615945016004,-0.15914059232140373,0.11310441314909332,0.05323881293302311,-0.21592829908854808,-0.16740779562999436,-0.06542289051017255,0.035477143665182106,0.10833693429443031,0.16098034839493644,0.09591552541966701,0.06695399955794384,0.030795723177651273,0.07458827378113576,-0.07305359043437015,0.14525866070046595,-0.002254689484713858,0.2898099357512663,0.012923515270297802,-0.11802073224179797,0.14645137423333565,0.003951972214712679,-0.0641530968666961,-0.08291008536950845,-0.03317032810192508,0.02883407919742602,0.08560264683347016,-0.1243302146543015,-0.1685090807592126,0.04364660846778311,-0.07603890703215369,0.1185737987633415,-0.13748972517680086,-0.0494690323674668,0.0803035129558302,0.06200896070169048,0.11770103005196875,0.11077210305251348,-0.07335894899388425,-0.07777258072282021,0.21040821629852705,-0.15925562480294855,-0.10386010732337317,0.01980601775740274,-0.06761623083860471,0.09564644754917402,0.19622319774812058,-0.21752951610626628,0.18978244325474092,0.0611789768801994,0.027737187633375446,-0.01936084978826982,0.1964695463965152,0.06089989425118124,-0.12418035762542426,-0.11537179694285105
2483779,139646,033,S,53033011200,1400000US53033011200,+47.5296655,-122.3262393,G5020,112,Census Tract 112,53,011200,True,seattle,Coastal / Pacific Northwest / water-constrained,Seattle,19.220338896046595,True,30.439798387096793,53,Washington,True,0.8776595744680851,0.5957446808510638,-0.28191489361702127,True,False,LST-only hotspot,False,29.788480731225317,19.2244379817576,0.3603723404255319,76,seattle,2024,GOOGLE/SATELLITE_EMBEDDING/V1/ANNUAL,/Users/yufeizhou/Desktop/heat-exposure-compare/data/processed/seattle/seattle_master_lst_hi_hotcompare.gpkg,seattle_master_lst_hi_hotcompare,-0.019929976581899562,-0.2779309977775759,-0.02543443118328649,-0.08983358543110083,0.05293653638450858,-0.10932260572958537,-0.03247758283546531,-0.17100332364829465,0.050570356680916397,-0.05597442948618646,0.12344440290204445,0.025607896989196764,-0.1475382867569777,-0.1663086271908351,-0.10563412808414131,-0.04810645674059514,0.140024604894137,0.12038284466816776,0.04181819023867004,0.07386202794181507,0.021137590904434535,0.07167557674001132,-0.16159756662690983,0.11150606209773109,-0.0405144295915773,0.20323838929727264,0.04707421116083941,-0.07953009419631879,0.11176468153276478,-0.006658949753243702,-0.011248454412560244,-0.11764189436773537,0.034315764911057034,-0.05657580804704361,0.061992859817163515,-0.09386971215096078,-0.17824503802008324,0.07684017652224359,-0.03277018624332113,0.09569589158762669,-0.15680069266972332,-0.038973240069486444,0.01458920474555757,0.019530997231164818,0.1029898482589856,0.12279195571154039,-0.060479693061498994,-0.04129432156343944,0.21524310345879152,-0.10698258736960942,-0.16521992882170036,0.11549004672458682,-0.0826084751669808,0.07065318183387401,0.21158983894899033,-0.20201657799285958,0.12519639652268122,0.034261297508874786,0.05915631193323028,-0.03654317943027625,0.15670153512829782,-0.043897798908647735,-0.15095952377966748,-0.05952859695500104
3419308,42220,033,S,53033011300,1400000US53033011300,+47.5273623,-122.3435690,G5020,113,Census Tract 113,53,011300,True,seattle,Coastal / Pacific Northwest / water-constrained,Seattle,19.261409251611916,True,29.542317386831325,53,Washington,True,0.6968085106382979,0.9202127659574468,0.22340425531914898,False,True,HI-only hotspot,True,29.788480731225317,19.2244379817576,0.3603723404255319,77,seattle,2024,GOOGLE/SATELLITE_EMBEDDING/V1/ANNUAL,/Users/yufeizhou/Desktop/heat-exposure-compare/data/processed/seattle/seattle_master_lst_hi_hotcompare.gpkg,seattle_master_lst_hi_hotcompare,-0.03475269584756849,-0.20886716113616208,-0.08187692106044145,-0.0025522760522655517,0.09059707979955318,-0.07410283989012754,-0.033587610314181254,-0.09336926348524503,0.15686714345129452,-0.11250029236112398,0.1306869677584191,0.04422769565056561,-0.20291126100561294,-0.1344751841495164,-0.0986386388326077,0.022508596596038825,0.08062183559398026,0.10705786171938646,0.030435882755949085,0.10218543710452636,0.026169711502441885,0.049363090602294615,-0.10604219949273122,0.14803840286090972,0.03359560820444931,0.2253291844625386,0.018760164612718195,-0.12951091641781348,0.12368123848646527,0.023027293996511735,-0.06303949786248973,-0.07387386508592689,0.029045964734364393,0.04072980865699564,0.0797331663009232,-0.05971054450373271,-0.19426854961782397,0.01310702028153338,-0.06982804892480378,0.06336039583372396,-0.1412331275382576,-0.013319850387644487,0.07555029687346689,0.03692364155340176,0.06560309188442925,0.10335458895309463,-0.03160314881301021,-0.07102385836251048,0.20595170017707573,-0.13775211380262128,-0.1667528566208094,0.02948903899180083,-0.024846027599660203,0.08914283982801406,0.1886264704726813,-0.17572129699774272,0.13922954658992223,0.04824862117946871,0.01644358202924525,-0.013354710750527405,0.1871649715672198,-0.02620457281645429,-0.1197398257977798,-0.08875753616041847
1739952,1380849,033,S,53033012100,1400000US53033012100,+47.5075950,-122.3873799,G5020,121,Census Tract 121,53,012100,True,seattle,Coastal / Pacific Northwest / water-constrained,Seattle,19.444926156859484,True,23.533848428938864,53,Washington,True,0.11702127659574468,0.9707446808510638,0.8537234042553191,False,True,HI-only hotspot,True,29.788480731225317,19.2244379817576,0.3603723404255319,78,seattle,2024,GOOGLE/SATELLITE_EMBEDDING/V1/ANNUAL,/Users/yufeizhou/Desktop/heat-exposure-compare/data/processed/seattle/seattle_master_lst_hi_hotcompare.gpkg,seattle_master_lst_hi_hotcompare,-0.04495311041680142,-0.21132972415260565,-0.10530085583387139,-0.05540110216832388,0.05629457981970871,-0.0075023704594354155,-0.03827022958767153,0.03678090518893465,0.1472596975358357,-0.03593192961702508,0.07612556802865786,-0.0350668692097674,-0.12381873261104305,-0.14649540723147608,0.004911878799090006,0.010832377177794393,0.1060898782914428,0.020848746090325505,0.050721940776302266,0.031122120047510738,0.03961470347736694,0.13508560105975911,-0.11633931379718508,0.18322415041932874,-0.03394653331442753,0.08728586356474081,0.0015003189241691059,-0.20823627942076345,0.13558423797235317,-0.06669823691657183,-0.12553353702020595,0.06452068576407625,0.031208725467884245,0.015306121611011605,-0.061876962992434566,-0.07631892472172598,-0.026533369538145498,0.010814196055262121,-0.055275370402562786,0.15881044643420905,-0.07815694351607698,-0.02830213660236841,0.1369615523135058,0.038339354938058005,0.025166036547602084,0.19859646920459914,-0.07156766165256288,0.006987002288179487,0.093531561076169,-0.14905169410969096,-0.10186087904920524,0.06992138456145176,-0.04130802395755012,0.07684840589820875,0.09625373028532862,-0.11439639851179476,0.07979677169285268,0.11283175493802444,0.012041385000024456,-0.006207234731518629,0.15572985329786396,-0.11025554685296934,-0.0371224686616164,0.03713694180390898
4540884,636482,033,S,53033020900,1400000US53033020900,+47.7432786,-122.3639033,G5020,209,Census Tract 209,53,020900,False,seattle,Coastal / Pacific Northwest / water-constrained,Seattle,18.815865088556397,True,21.45130827233376,53,Washington,True,0.0425531914893617,0.3351063829787234,0.2925531914893617,False,False,Neither hotspot,False,29.788480731225317,19.2244379817576,0.3603723404255319,79,seattle,2024,GOOGLE/SATELLITE_EMBEDDING/V1/ANNUAL,/Users/yufeizhou/Desktop/heat-exposure-compare/data/processed/seattle/seattle_master_lst_hi_hotcompare.gpkg,seattle_master_lst_hi_hotcompare,-0.027911811090321995,-0.15979766258208114,-0.12255168344765938,-0.00378517751264131,0.0408221118492276,-0.03167749940051795,-0.05359004389445025,0.03600070782702553,0.17990870163985792,-0.08984823663105386,0.11388730935920256,0.04592469150531658,-0.16228436233690766,-0.0566267090036794,-0.050663069305944566,0.034471536983698974,0.0693985705527159,0.05232168162866607,0.08741632087452483,0.03101703378887847,0.052582438420564856,0.06768381663717021,-0.09141532309322954,0.1605802269260142,0.008553996659464491,0.1509053513810674,-0.041491823904750695,-0.17992658467231762,0.10724999975908402,0.002007781105351593,-0.08063157756654951,0.00796154168837605,0.020808175627009696,0.044003640584895906,-0.028380769016540425,-0.05962384854917561,-0.14572387881696275,0.04586101960586762,-0.07329461048972913,0.07461039511029219,-0.11069801039173245,0.005711420340764838,0.11288855330074125,0.04216488638795954,0.039004816066600424,0.1667059062740115,-0.038072216875188664,-0.014051421887840686,0.1909059388135275,-0.15923157253980158,-0.1910584154085957,0.014668259733711095,0.008930399383274917,0.08368675840101648,0.18158371343382845,-0.09335205955353999,0.08998501513564668,0.12575580448898346,-0.0069276009769120225,0.02039233496778308,0.193822241089475,-0.04612619740896958,0.007930917711349572,-0.032750172998328775
1538373,0,033,S,53033011500,1400000US53033011500,+47.5301833,-122.3755330,G5020,115,Census Tract 115,53,011500,True,seattle,Coastal / Pacific Northwest / water-constrained,Seattle,19.444926156859484,True,22.32685406462498,53,Washington,True,0.05851063829787234,0.9707446808510638,0.9122340425531914,False,True,HI-only hotspot,True,29.788480731225317,19.2244379817576,0.3603723404255319,80,seattle,2024,GOOGLE/SATELLITE_EMBEDDING/V1/ANNUAL,/Users/yufeizhou/Desktop/heat-exposure-compare/data/processed/seattle/seattle_master_lst_hi_hotcompare.gpkg,seattle_master_lst_hi_hotcompare,0.016851387698413677,-0.2567344078995721,-0.0530836456226056,-0.034758104332153004,0.10164085706199719,-0.0403761236205005,-0.041369220638495054,-0.17659126051015162,0.1647377678344635,-0.151578048436215,0.10028974876336788,0.05081182559416824,-0.22688587716907643,-0.18017891960676696,-0.08143913967740811,0.011101240948215955,0.10002536984986574,0.17616466865069405,0.09790643225914705,0.0884920613731647,0.02504403741826186,0.08867404990901272,-0.08924462314931028,0.1430044437283566,-0.009743596350757869,0.2890827075050345,0.041394333415294145,-0.11474717659179723,0.147795103395117,0.02371194244343085,-0.06886683692632528,-0.09470545299627021,-0.06357087162102482,0.024822286547058314,0.10852144439183883,-0.11167495831502725,-0.18531958330656037,0.023271928369811838,-0.06601442986001832,0.11109918292695892,-0.1280580945012982,-0.047209130689140066,0.07150593999043067,0.06006965306970888,0.11749471913254614,0.09033333092609849,-0.07578118452730116,-0.0989873409882334,0.17760997468622983,-0.16626964317231646,-0.11226362518919401,0.012313521472992184,-0.052585665986924685,0.051385572058159835,0.1873989505744983,-0.2323640670506281,0.17545459021617507,0.06788594345441705,0.02807169041797358,-0.012335002653671202,0.19000430405661062,0.06850377664185964,-0.1619948346549608,-0.10759929890808582
1784010,1204136,033,S,53033021300,1400000US53033021300,+47.7402939,-122.2869560,G5020,213,Census Tract 213,53,021300,False,seattle,Coastal / Pacific Northwest / water-constrained,Seattle,18.604142996193676,True,29.154327143897397,53,Washington,True,0.5904255319148937,0.1622340425531915,-0.42819148936170215,False,False,Neither hotspot,False,29.788480731225317,19.2244379817576,0.3603723404255319,81,seattle,2024,GOOGLE/SATELLITE_EMBEDDING/V1/ANNUAL,/Users/yufeizhou/Desktop/heat-exposure-compare/data/processed/seattle/seattle_master_lst_hi_hotcompare.gpkg,seattle_master_lst_hi_hotcompare,-0.012427093920057745,-0.21246252778204358,-0.161152796873477,-0.05146268774629749,0.0591661220384892,-0.00940555248258413,-0.003659765587258434,-0.028506676479063648,0.14525941293783343,-0.06222431399404872,0.11269023573640698,-0.019000033972075663,-0.14921426621594014,-0.13474436109338522,-0.03496118673189596,0.020376007190584505,0.08404878481603216,0.009623344329605274,0.06327388344511309,0.08350256661736943,0.02191363275463384,0.07225927061837006,-0.11543562101589831,0.17750425885499313,-0.042819452748333486,0.0875541135138026,0.03125013108949861,-0.22259607945517612,0.14284850888719475,-0.04632953942277048,-0.11965294758437349,0.03922128332800649,0.03685228846765543,0.020332846978551027,-0.042954276491023055,-0.01971797481809333,-0.0762527111844974,-0.005215916506028329,-0.04514652097412195,0.14012186062423398,-0.13057156444054474,-0.03179467430718035,0.12324774429619763,0.053801890857981025,0.01892765791121395,0.1653982298495565,-0.09408544597499804,-0.021708683478774984,0.061531391062100114,-0.1628243858318163,-0.13129658794670676,0.02277711744000116,-0.04445152796023306,0.0731701030632918,0.12354509801955077,-0.12974700711131595,0.07288400608548713,0.11539172561305226,0.027605176624382503,-0.048947018015987206,0.15245292776307048,-0.07888652792238283,-0.06554039303310391,0.04089914404613792
3515810,0,033,S,53033011700,1400000US53033011700,+47.5201682,-122.2828633,G5020,117,Census Tract 117,53,011700,True,seattle,Coastal / Pacific Northwest / water-constrained,Seattle,19.220338896046595,True,32.00830348258708,53,Washington,True,0.973404255319149,0.5957446808510638,-0.3776595744680852,True,False,LST-only hotspot,False,29.788480731225317,19.2244379817576,0.3603723404255319,82,seattle,2024,GOOGLE/SATELLITE_EMBEDDING/V1/ANNUAL,/Users/yufeizhou/Desktop/heat-exposure-compare/data/processed/seattle/seattle_master_lst_hi_hotcompare.gpkg,seattle_master_lst_hi_hotcompare,-0.0687871402625049,-0.2338256675315187,-0.03685397088701035,-0.012841454561750214,0.08311619827592474,-0.1004753374751412,-0.02680252768972116,-0.09668857036511685,0.1249007229792142,-0.09080020991040189,0.10609040944083693,0.008955056086904112,-0.18467858163596854,-0.1308526261566506,-0.10641714255011295,0.041070800784569976,0.09078172801026808,0.12874334962300024,0.01893085525072425,0.06325599749154691,0.02317023823194441,0.06680326400047057,-0.13762422462855733,0.14588599235977778,0.021582259733868552,0.2022383174838147,0.01145627595210292,-0.10766754286760045,0.11929391280694683,-0.005298045037507083,-0.06141819482731961,-0.10080815099438682,0.028898589518378266,0.027449589213853362,0.04545781859048198,-0.0809083191652596,-0.18338155101609588,0.04111828925242572,-0.08168021725817098,0.09094102901237494,-0.10625959845738016,0.009380713275759628,0.06654821873502915,0.01992410678894475,0.05957884923175215,0.11327303114328104,-0.04226765037604162,-0.05489959029984202,0.2205859010480476,-0.13660038466804858,-0.16787309596716088,0.0893557532973765,-0.033212258550776884,0.08516533126409621,0.18656370940643835,-0.16837025012073395,0.14978670019321186,0.03677079309359615,0.03213444462347752,-0.010083922462858698,0.18778998660871105,-0.05965972621070843,-0.12249104663675295,-0.12001656205917705
2219491,4175839,033,S,53033022402,1400000US53033022402,+47.6839644,-122.2157333,G5020,224.02,Census Tract 224.02,53,022402,False,seattle,Coastal / Pacific Northwest / water-constrained,Seattle,18.35017571103748,True,23.11700397641577,53,Washington,True,0.09574468085106383,0.005319148936170213,-0.09042553191489362,False,False,Neither hotspot,False,29.788480731225317,19.2244379817576,0.3603723404255319,83,seattle,2024,GOOGLE/SATELLITE_EMBEDDING/V1/ANNUAL,/Users/yufeizhou/Desktop/heat-exposure-compare/data/processed/seattle/seattle_master_lst_hi_hotcompare.gpkg,seattle_master_lst_hi_hotcompare,-0.03686728403297869,-0.21119818546323613,-0.15806002470285035,-0.086644622444245,0.03832507677201647,-0.00381858489963952,-0.009561280168145909,0.04164522713479786,0.11515868145522765,-0.01595381883429991,0.10902875769959441,-0.052517308856971805,-0.06570939227100397,-0.13764570492024858,0.017577918051252618,0.011651066845153506,0.09302126044199853,-0.029540122760251544,0.06628608670331902,0.014141019905991915,0.0167284675118405,0.11264116259210849,-0.0976429916541868,0.2008249855491802,-0.08211461199647788,0.024903407727710717,0.02364485621402131,-0.251064816616247,0.12947983990993658,-0.09507104754516969,-0.16939668263765095,0.11860325448663986,0.058956776995177124,-0.033997047848170446,-0.09479186405652222,-0.05998877527048329,-0.003426525345528101,0.016740651008471028,-0.018987453249046278,0.18422693243911237,-0.09202994808061422,-0.08233109735574531,0.15923473254384748,0.03467769832597995,0.010895713952735895,0.1984101363384322,-0.11528718800233058,0.04112042616735806,0.03822844329352323,-0.146661704037756,-0.07582758397619098,0.06757527831847325,-0.07067462950731045,0.054953580643436105,0.06548309291333133,-0.0766849012880285,0.03409241262445345,0.1309773008115542,0.017558542740842863,-0.05810714311765735,0.10311344047518607,-0.10757599836522404,-0.012184005399409914,0.12017745690880297
597133,0,033,S,53033006703,1400000US53033006703,+47.6345035,-122.3473591,G5020,67.03,Census Tract 67.03,53,006703,True,seattle,Coastal / Pacific Northwest / water-constrained,Seattle,19.2244379817576,True,29.060580693816007,53,Washington,True,0.574468085106383,0.776595744680851,0.202127659574468,False,True,HI-only hotspot,True,29.788480731225317,19.2244379817576,0.3603723404255319,84,seattle,2024,GOOGLE/SATELLITE_EMBEDDING/V1/ANNUAL,/Users/yufeizhou/Desktop/heat-exposure-compare/data/processed/seattle/seattle_master_lst_hi_hotcompare.gpkg,seattle_master_lst_hi_hotcompare,0.024327036451377373,-0.23758296040311672,-0.054637354421877206,-0.010074845699516864,0.08731034827686382,-0.08966283386684178,-0.05025883777296044,-0.105951402275207,0.12573303721982199,-0.12151867855750977,0.09589904348257691,0.058134649695498024,-0.22440445926462835,-0.20594533807352178,-0.1106849026180971,-0.03902324212078054,0.09612026374553757,0.13262455150011773,-0.0026870233620520235,0.17517220168530978,0.04328985607977882,0.08346755151306347,-0.13154130367013564,0.13058739546147513,0.0200770626242043,0.24249527950704494,0.0480070831684729,-0.11260868646743936,0.10190777202202064,0.02313936651892834,-0.027264754822414652,-0.06601539321513392,-0.0003356998418439336,0.04415615314229933,0.14871218711203102,-0.06417920661711493,-0.18728073424212116,-0.023464062048008633,-0.057222462742166795,0.0414436535808119,-0.19515569266878163,-0.013425015197369971,0.04908618375009268,0.020855362564395644,0.09743156070457931,0.13459292444030072,-0.048131845891929696,-0.08820437179063172,0.1350021551302177,-0.11775597429149769,-0.11669538528269173,0.03337907429078901,-0.06091092978580764,0.0751834011112583,0.18322695788538756,-0.22944235175916464,0.17957883144278117,0.07636931907089103,-0.0028594850268595356,0.026188087686219136,0.18137760930041022,-0.00879854196247851,-0.1879578133364504,-0.08112945983532019
1004708,0,033,S,53033009801,1400000US53033009801,+47.5762555,-122.3831430,G5020,98.01,Census Tract 98.01,53,009801,True,seattle,Coastal / Pacific Northwest / water-constrained,Seattle,,True,24.503132108486447,53,Washington,False,,,,False,False,Missing,False,29.788480731225317,19.2244379817576,0.3603723404255319,85,seattle,2024,GOOGLE/SATELLITE_EMBEDDING/V1/ANNUAL,/Users/yufeizhou/Desktop/heat-exposure-compare/data/processed/seattle/seattle_master_lst_hi_hotcompare.gpkg,seattle_master_lst_hi_hotcompare,0.015108447827095693,-0.2509869507933646,-0.05505566785495724,-0.05839627609584702,0.08629901556690768,-0.0615950913909141,-0.039102835529402094,-0.1761167916741154,0.16315496720102318,-0.1289331799686939,0.12227152816577891,0.03421241760343659,-0.21003907411721823,-0.1886375579721078,-0.10127905110585357,-0.010290230963650927,0.10661543628163676,0.1543629171298166,0.0748788100844855,0.07136548161195981,0.03132194203178646,0.09841698308883227,-0.10170078506964389,0.1203230696947165,-0.019980791496589677,0.2820068653225958,0.03320440911766579,-0.10431918545880965,0.14164933237732447,0.014246791138537175,-0.03782108628656512,-0.08660972338610515,-0.012713836873095685,0.021506232094754458,0.11942807245484957,-0.11852096708889599,-0.20873195968742003,0.04934148638711789,-0.04311580640924456,0.0876434061642733,-0.1521328794079019,-0.07036734584557615,0.06329246872789768,0.054791191881826753,0.11161753812506725,0.08396925531280805,-0.08719873437935995,-0.06569551883406154,0.18908762966952303,-0.13996696547069098,-0.09768906871509185,0.026478985112767698,-0.07178386444299788,0.08815958154718478,0.183816814505588,-0.2316195534448691,0.18370367081371133,0.055125783379595075,0.0310700305334062,-0.023715878258066005,0.18368898439950368,0.03934459213947358,-0.1560534946658228,-0.08038562575837724
1601973,3290570,033,S,53033004101,1400000US53033004101,+47.6606400,-122.2694346,G5020,41.01,Census Tract 41.01,53,004101,True,seattle,Coastal / Pacific Northwest / water-constrained,Seattle,18.583037681637762,True,28.939232938806377,53,Washington,True,0.5372340425531915,0.026595744680851064,-0.5106382978723405,False,False,Neither hotspot,False,29.788480731225317,19.2244379817576,0.3603723404255319,86,seattle,2024,GOOGLE/SATELLITE_EMBEDDING/V1/ANNUAL,/Users/yufeizhou/Desktop/heat-exposure-compare/data/processed/seattle/seattle_master_lst_hi_hotcompare.gpkg,seattle_master_lst_hi_hotcompare,-0.033806362351490864,-0.20373540649289434,-0.16836929422556007,-0.08761599539547983,0.032905570121245495,0.0032070605050551065,0.003781420582881047,0.05470051624607514,0.126509527743944,-0.019527777813867893,0.1076325568122504,-0.05578994434761121,-0.07339898866462594,-0.14100941953911542,0.027456742050662876,0.00966114611139568,0.08582700164422793,-0.04275454272619624,0.059749943690139626,0.02916304779587228,0.024977099085098764,0.11932017074267907,-0.1029899418263312,0.2111251111251503,-0.08013803847962875,0.011893641007641943,0.02735859376991912,-0.26413229783823255,0.1322000661143522,-0.0852956453371601,-0.16543956073200747,0.13857319805420903,0.055436384165753846,-0.016044541897541877,-0.09226707657758541,-0.045769860281975334,-0.0008005798867134945,-0.00499631159283026,-0.022450853259922438,0.169929267981498,-0.09889529666082834,-0.0719856451254551,0.1596526608767667,0.03907140344927643,0.00756812614251752,0.20259707296272128,-0.11631759076658961,0.033791245183294474,0.011929327713166052,-0.15060811423489126,-0.08699708771717637,0.0544778086659823,-0.07158002134988974,0.05037089435887519,0.059518091706898736,-0.08019677686738458,0.03382697601675393,0.13708686383406982,0.011840472218172207,-0.04350772554682126,0.09900061092229209,-0.11871830401186985,-0.010446875445333704,0.13048857697171012
266414,0,033,S,53033004702,1400000US53033004702,+47.6705130,-122.3778052,G5020,47.02,Census Tract 47.02,53,004702,True,seattle,Coastal / Pacific Northwest / water-constrained,Seattle,18.844775426560606,True,25.639743589743613,53,Washington,True,0.20212765957446807,0.44148936170212766,0.2393617021276596,False,False,Neither hotspot,False,29.788480731225317,19.2244379817576,0.3603723404255319,87,seattle,2024,GOOGLE/SATELLITE_EMBEDDING/V1/ANNUAL,/Users/yufeizhou/Desktop/heat-exposure-compare/data/processed/seattle/seattle_master_lst_hi_hotcompare.gpkg,seattle_master_lst_hi_hotcompare,0.01744392499023428,-0.29738524108996334,-0.010297638554667709,-0.0930232945989467,0.053812784942920744,-0.1104603572428151,-0.07014609828411623,-0.16603424883095097,0.013316276899824491,-0.04747137441765354,0.1204959383627062,0.06522199794890304,-0.13736399718975545,-0.1823436182023227,-0.12827158879892103,-0.11993889115135024,0.15978635145315911,0.15603903900647292,0.05081403356682296,0.08336714753314806,0.027642919886771523,0.09657768193894745,-0.14491604515854706,0.08805648205764266,-0.04646248127886421,0.23750409747003612,0.038657617886108275,-0.03533039561386294,0.09133214503524094,-0.008277129931685554,0.01771814988759095,-0.11457439635253337,0.005447949421050549,-0.09172408496080008,0.09132441320079127,-0.15476719270211317,-0.23672122210437813,0.07752135070860577,0.009951684460583267,0.08310194463505446,-0.1781238152382356,-0.07181761286979997,0.024677152056272703,0.016923971237867316,0.12894482249222042,0.12389971867323919,-0.07835242361684738,-0.022299582692368994,0.22168268948645017,-0.07365222924904002,-0.12340384675646213,0.11699892643403935,-0.09300162904553724,0.03658513399102532,0.21622332113032408,-0.20553832023297447,0.1177122660662413,0.05553860735033567,0.03664658239286768,-0.016592958521741703,0.158383490315637,0.01975183534097932,-0.1881821991973116,-0.04987925496495805
1220975,0,033,S,53033004202,1400000US53033004202,+47.6687521,-122.2907266,G5020,42.02,Census Tract 42.02,53,004202,True,seattle,Coastal / Pacific Northwest / water-constrained,Seattle,18.604142996193676,True,30.314884559884618,53,Washington,True,0.8563829787234043,0.1622340425531915,-0.6941489361702128,True,False,LST-only hotspot,False,29.788480731225317,19.2244379817576,0.3603723404255319,88,seattle,2024,GOOGLE/SATELLITE_EMBEDDING/V1/ANNUAL,/Users/yufeizhou/Desktop/heat-exposure-compare/data/processed/seattle/seattle_master_lst_hi_hotcompare.gpkg,seattle_master_lst_hi_hotcompare,0.00898222158013357,-0.26784870894710067,-0.04812418704649039,-0.037131313729551765,0.08260437459643934,-0.07045055288166706,-0.02937956464898076,-0.1395757134681414,0.15075918988954123,-0.157749283049153,0.09204748975475131,0.04668394128080952,-0.21840649982164795,-0.16956115069264976,-0.07726059304677468,0.018513279723916098,0.08692349397457015,0.19028192608750347,0.08956522704336163,0.0957436428778527,0.029609714948967657,0.08633761301504875,-0.0975121357837458,0.143643058912174,-0.005300130091283884,0.2534883714752187,0.044630299456226645,-0.10757469908252278,0.14500206724953438,0.009181669671000642,-0.051929553470607424,-0.07720489946704254,-0.07960203190857017,0.04657542364644762,0.11004654432819937,-0.089640005324211,-0.1986612564787886,0.018088677026992052,-0.06717780080224775,0.07505456884422106,-0.13833941624481108,-0.04344147848657587,0.06230381527903308,0.056425471259749796,0.10826913142659415,0.09706916346371229,-0.0929686804713486,-0.0856398690915993,0.15331329650571837,-0.15794675561553712,-0.13960045527373438,0.012034822123208182,-0.058888306442640474,0.04221039638001622,0.1852346975195345,-0.21503521080483734,0.15499798478534135,0.08306735781069535,0.017652999567737478,0.016523414643117466,0.18009999723059722,0.05430708325542714,-0.1523615539846994,-0.11015402353508924
187541,0,033,S,53033007503,1400000US53033007503,+47.6138039,-122.3171870,G5020,75.03,Census Tract 75.03,53,007503,True,seattle,Coastal / Pacific Northwest / water-constrained,Seattle,19.2244379817576,True,29.426666666666733,53,Washington,True,0.648936170212766,0.776595744680851,0.12765957446808507,False,True,HI-only hotspot,True,29.788480731225317,19.2244379817576,0.3603723404255319,89,seattle,2024,GOOGLE/SATELLITE_EMBEDDING/V1/ANNUAL,/Users/yufeizhou/Desktop/heat-exposure-compare/data/processed/seattle/seattle_master_lst_hi_hotcompare.gpkg,seattle_master_lst_hi_hotcompare,0.02708088880443187,-0.2811339722064812,0.041693336389738156,-0.12590319535918174,0.04181346579796789,-0.20250421868205035,0.0018638823763248086,-0.13845725123564628,-0.06227261103007053,-0.01496181829439523,0.09641810032408483,0.08149444235417182,-0.06268415218552324,-0.13609907644637398,-0.1626691332432904,-0.10107515491892523,0.20921338069307266,0.18959010062403128,0.037419519507751166,0.04789004771969315,0.059467156696393464,0.058906983697056194,-0.14730696253158906,0.08130006892358392,-0.013865814882666723,0.1535330579240812,0.043747580659818104,0.004304683369018123,0.07639036370361175,-0.018378778892917755,0.04262925080010905,-0.10099806815103868,0.03133280100304643,-0.10921103126460598,0.08651957777830736,-0.16848820999453223,-0.3247578415830822,0.058952130474166184,0.01830627755679291,0.028694101981454275,-0.15915249751828714,-0.08947512034550906,-0.027654405359861016,-0.06439304821798549,0.07810084005161111,0.12938739860078588,-0.11522588984516427,0.022697849642041003,0.18952821977200784,-0.0442148410855719,-0.1530974635156745,0.15539604695783907,-0.1398457175951527,0.032139079205286816,0.20692108267174414,-0.21887792055746386,0.09427167089419562,0.024269226199863887,0.08886842263110943,-0.04433313885515584,0.12366435374557162,-0.010385519038485865,-0.15637186793702232,-0.042602448874226956
1576655,0,033,S,53033026102,1400000US53033026102,+47.4949418,-122.2498458,G5020,261.02,Census Tract 261.02,53,026102,False,seattle,Coastal / Pacific Northwest / water-constrained,Seattle,18.98673515130982,True,30.746559405940612,53,Washington,True,0.9095744680851063,0.5212765957446809,-0.38829787234042545,True,False,LST-only hotspot,False,29.788480731225317,19.2244379817576,0.3603723404255319,90,seattle,2024,GOOGLE/SATELLITE_EMBEDDING/V1/ANNUAL,/Users/yufeizhou/Desktop/heat-exposure-compare/data/processed/seattle/seattle_master_lst_hi_hotcompare.gpkg,seattle_master_lst_hi_hotcompare,-0.06393046447312967,-0.23941954598309156,-0.05979997751051863,0.017939669106083307,0.08408274185315961,-0.09510326059267615,-0.026364677617531654,-0.10048224594757327,0.1522161174599043,-0.128445400232233,0.12318136199918955,0.01398139064165096,-0.20119306745596865,-0.14254798990598458,-0.095836674194963,0.048508126290440406,0.06900282723008279,0.12242516986828603,0.023000362940803314,0.08210497448702939,0.01200589684600526,0.04142928640001481,-0.11633424743122318,0.14618371038089864,0.030069216211307617,0.23540503610603036,0.002557549851295967,-0.1484672724391927,0.14268109007072433,0.010487541459355772,-0.08660374155415013,-0.08854060251550713,0.009493307932479024,0.06075625397067126,0.07245059117446385,-0.06310319880643896,-0.16036097208117442,0.03578477122849866,-0.09212578887867201,0.06899525563359814,-0.11582899423698502,-0.002615197934653933,0.08083775797445823,0.05865541231485727,0.06927529942320992,0.10624851531912469,-0.04880924426349289,-0.0725775833437624,0.21917440865399782,-0.1582763306830661,-0.16681721443393774,0.05027582289359035,-0.03094711714282975,0.12301842217090608,0.18377964586225012,-0.16740460765693402,0.18066081882015259,0.049945410887842934,0.026247821806578742,-0.02433129346349387,0.18422711034769168,-0.025924342205810358,-0.10086885697917382,-0.11695435538655521
3084838,419292,033,S,53033026700,1400000US53033026700,+47.4962149,-122.3638882,G5020,267,Census Tract 267,53,026700,False,seattle,Coastal / Pacific Northwest / water-constrained,Seattle,19.44288908419905,True,26.6015555555556,53,Washington,True,0.2393617021276596,0.9361702127659575,0.6968085106382979,False,True,HI-only hotspot,True,29.788480731225317,19.2244379817576,0.3603723404255319,91,seattle,2024,GOOGLE/SATELLITE_EMBEDDING/V1/ANNUAL,/Users/yufeizhou/Desktop/heat-exposure-compare/data/processed/seattle/seattle_master_lst_hi_hotcompare.gpkg,seattle_master_lst_hi_hotcompare,-0.03407618576783611,-0.21428948595084288,-0.07107645536680945,-0.009368004142935335,0.0778635473317269,-0.04245198066371056,-0.05610299608681783,-0.03344467127455746,0.17003089130326446,-0.09859197082505959,0.0972660008384236,0.01095837746933759,-0.1874513575528459,-0.14130474054833148,-0.06523986640899099,0.035315840043305104,0.08319394962275498,0.09521226420054305,0.05156340466704019,0.03230599255710781,0.0438921244731784,0.0951076749952541,-0.09671585704914398,0.1612243373421933,0.004092039886699031,0.2072071707612557,-0.016416057228559686,-0.13981731833950095,0.13065227351623845,-0.012209854204500005,-0.0829320880885316,-0.033490196289257465,0.0029704278617755705,0.03976728076490635,0.02507732714526936,-0.101054868522654,-0.12513745509135588,0.029675508336713126,-0.07154234497686887,0.10909771567268017,-0.10072197571202156,-0.021918177888290216,0.11772101208659926,0.04011621463073997,0.05921401766851547,0.14738164949193697,-0.06303921029642355,-0.03847930987312655,0.17909333866720192,-0.15912089299000942,-0.13850385444976326,0.05324226352464682,-0.025651355532316563,0.09981564385788701,0.14007900075252175,-0.14721441764193396,0.14180488764564048,0.09967411199954634,0.010779811177416446,0.01628297323274123,0.1869196661601518,-0.04114739799828608,-0.08307915562396548,-0.05044537504742999
2045074,1625,033,S,53033026500,1400000US53033026500,+47.5130046,-122.3382273,G5020,265,Census Tract 265,53,026500,False,seattle,Coastal / Pacific Northwest / water-constrained,Seattle,19.243395382898107,True,31.06327629911284,53,Washington,True,0.925531914893617,0.9148936170212766,-0.010638297872340385,True,True,Both LST and HI hotspot,False,29.788480731225317,19.2244379817576,0.3603723404255319,92,seattle,2024,GOOGLE/SATELLITE_EMBEDDING/V1/ANNUAL,/Users/yufeizhou/Desktop/heat-exposure-compare/data/processed/seattle/seattle_master_lst_hi_hotcompare.gpkg,seattle_master_lst_hi_hotcompare,-0.035068597531635555,-0.24319657686014073,-0.0600174581288187,-0.0025441964248962144,0.1012606562820998,-0.06842647662402246,-0.056186498269644114,-0.126616607509828,0.13689270003144302,-0.10745019158261275,0.12909887594800626,0.04190239514867408,-0.19150766439020683,-0.14614355700494056,-0.10757168124888455,0.019748695413724465,0.10129331506485517,0.1276361230889726,0.03120985510825348,0.09840108591920273,0.01732282461489853,0.043907089446680564,-0.10490412110202037,0.13878138916043514,0.00882470274025297,0.2320320769845663,0.024701377534453593,-0.11542386177360583,0.12686338455568472,0.0145542317030693,-0.07017214800856639,-0.09978124889495665,0.03725864388587124,0.01024928074355247,0.06564576713457708,-0.07605080911048716,-0.1848254194015949,0.03029468498073209,-0.07127461312673725,0.10940410256221232,-0.13928439811753987,-0.032314674879890114,0.07251018225639982,0.028063041477165977,0.0800609950890472,0.11311651790801991,-0.04062275533729016,-0.061697521553174484,0.2169634812043692,-0.14848709264510854,-0.13858620051031842,0.06539543386914157,-0.034935766318761864,0.09801858895992493,0.1820236848868299,-0.19657950412220865,0.1579810166924639,0.03704543316985793,0.032418224828849755,-0.035495431216405846,0.19310540516193164,-0.011851578487674234,-0.12547414116243824,-0.10761202194100425
3838553,1901481,033,S,53033024500,1400000US53033024500,+47.5664296,-122.2170417,G5020,245,Census Tract 245,53,024500,False,seattle,Coastal / Pacific Northwest / water-constrained,Seattle,18.823735104436533,True,23.464012543980452,53,Washington,True,0.11170212765957446,0.3404255319148936,0.22872340425531915,False,False,Neither hotspot,False,29.788480731225317,19.2244379817576,0.3603723404255319,93,seattle,2024,GOOGLE/SATELLITE_EMBEDDING/V1/ANNUAL,/Users/yufeizhou/Desktop/heat-exposure-compare/data/processed/seattle/seattle_master_lst_hi_hotcompare.gpkg,seattle_master_lst_hi_hotcompare,-0.014893272935669733,-0.1881668346723848,-0.13119573383432584,-0.030296446764489553,0.049569812457830195,-0.020689543287663988,-0.03436484734395015,0.014188407337675832,0.1709457442409166,-0.07516596116145632,0.1222955159473567,0.0040337536523498314,-0.15668104706011501,-0.12309216595782421,-0.025743951754302066,0.025935064552726025,0.07559710769527539,0.0228386174626491,0.06467836608029642,0.050294862453263894,0.037697554441938994,0.11068395726212214,-0.11487661579091335,0.17509531910330683,-0.020007349242946056,0.11647341693877039,-0.028669761594875758,-0.21644596730747948,0.11846900638711996,-0.04798313565644468,-0.09656922977491977,0.053707764119026315,0.01887996750876992,0.02776822048624137,-0.026292886410687305,-0.05803355009412561,-0.08456474691863596,0.021679786252522894,-0.059974963839342865,0.1029381708474753,-0.13200593091228519,-0.019329511447156014,0.14407953457817177,0.04859057883077831,0.03144307474605232,0.19470093111980483,-0.05918338910382159,-0.02079507363261848,0.12250073378550864,-0.15845817377192611,-0.14522596976111501,0.01752467151049253,-0.0327692839530695,0.1019902197918902,0.13497410190323675,-0.10534719860161967,0.10350006586474718,0.13486410389877898,0.0019091790665309656,-0.0030123638459912776,0.16641040595861384,-0.059185292858620495,-0.02744973603891879,0.016769092679549156
3968267,2707956,033,S,53033024601,1400000US53033024601,+47.5484570,-122.2237277,G5020,246.01,Census Tract 246.01,53,024601,False,seattle,Coastal / Pacific Northwest / water-constrained,Seattle,18.824724729097174,True,25.303844345957593,53,Washington,True,0.17553191489361702,0.35638297872340424,0.18085106382978722,False,False,Neither hotspot,False,29.788480731225317,19.2244379817576,0.3603723404255319,94,seattle,2024,GOOGLE/SATELLITE_EMBEDDING/V1/ANNUAL,/Users/yufeizhou/Desktop/heat-exposure-compare/data/processed/seattle/seattle_master_lst_hi_hotcompare.gpkg,seattle_master_lst_hi_hotcompare,-0.022485309134641564,-0.17717008226692343,-0.14549229564965538,-0.029841151326651685,0.04123280980107148,-0.01817331532491,-0.020376681117692867,0.04804138823126566,0.17324119595798698,-0.06556376113459932,0.13914906343353564,-0.014995898953669956,-0.14218357680890192,-0.11330263848676943,-0.0029627122888896923,0.040357078116610046,0.06696552146478324,-0.0021777057257561716,0.06242517606489267,0.027932046474773698,0.03924563830791631,0.1032828170774855,-0.10745630579318786,0.17874578138825228,-0.019469974603384458,0.08797155113091011,-0.03944887475208601,-0.2258162442972208,0.12129199935179048,-0.049970258464015684,-0.1133556427551555,0.08369719037187061,0.03573023968595864,0.03517222955580459,-0.047826725149647205,-0.059041820175720655,-0.0778175293876413,0.017164887211803176,-0.0524275392556225,0.09860647556943918,-0.12985035829044,-0.034013008249171334,0.1620857266007828,0.0476557678863495,0.007828610417844125,0.19815991146136627,-0.06485087958110086,0.0016830644796313257,0.1180364302892091,-0.1499472730071441,-0.13610182015808872,0.00987747641487393,-0.0434765665266912,0.10867565091749438,0.12454264053145647,-0.07863717418090228,0.07985057368843516,0.14070848303945188,0.007166781640705644,-0.011681429504052368,0.1519120553797912,-0.08082108022290728,0.002475158481601298,0.052344114976574097
2893264,3542007,033,S,53033024602,1400000US53033024602,+47.5311198,-122.2338107,G5020,246.02,Census Tract 246.02,53,024602,False,seattle,Coastal / Pacific Northwest / water-constrained,Seattle,18.838434418556194,True,26.829246417950824,53,Washington,True,0.26063829787234044,0.3723404255319149,0.11170212765957444,False,False,Neither hotspot,False,29.788480731225317,19.2244379817576,0.3603723404255319,95,seattle,2024,GOOGLE/SATELLITE_EMBEDDING/V1/ANNUAL,/Users/yufeizhou/Desktop/heat-exposure-compare/data/processed/seattle/seattle_master_lst_hi_hotcompare.gpkg,seattle_master_lst_hi_hotcompare,-0.025103021270204483,-0.18934982934166847,-0.1563685913371094,-0.048526424235325216,0.04367087252026619,-0.0008656637328728458,-0.00901862095889611,0.0594182792080318,0.15013784729176183,-0.03474475344541274,0.10188081159043105,-0.031522942193894087,-0.10230400910540112,-0.12412884705014848,0.01092555617468722,0.02804336361451648,0.07744376632392641,-0.014686956781388571,0.06932743997063762,0.03280054540479577,0.03177077540288303,0.1140170840903598,-0.10434266086150412,0.19648236501539168,-0.04933822235978093,0.03419485274159004,-0.011634350157116172,-0.24896062488160947,0.127568587088206,-0.08048142914242463,-0.14297751597360212,0.118942047598442,0.04082844318760024,0.009861045908618069,-0.08381398449018589,-0.04692227178306292,-0.03739629889164652,-0.003025360515036721,-0.041034894516672964,0.14539458919595677,-0.1057788165516295,-0.040033568250106275,0.16353314945504097,0.04031812628345171,0.0028780803486057843,0.2111537195243183,-0.09370373600992006,0.018314643353975302,0.04501122551149126,-0.1544789557529716,-0.10689590508783119,0.03737343919712483,-0.05336103583147475,0.07735633269396149,0.08835507063950547,-0.07864987645178023,0.05106629496080891,0.14558294305425598,0.01115418921848493,-0.03472362324782066,0.1304419609742074,-0.10300216497000936,-0.006991499625500835,0.0896155736576575
2660203,0,033,S,53033026001,1400000US53033026001,+47.4988699,-122.2358957,G5020,260.01,Census Tract 260.01,53,026001,False,seattle,Coastal / Pacific Northwest / water-constrained,Seattle,18.82380144699761,True,30.28407057654079,53,Washington,True,0.8404255319148937,0.3484042553191489,-0.49202127659574474,True,False,LST-only hotspot,False,29.788480731225317,19.2244379817576,0.3603723404255319,96,seattle,2024,GOOGLE/SATELLITE_EMBEDDING/V1/ANNUAL,/Users/yufeizhou/Desktop/heat-exposure-compare/data/processed/seattle/seattle_master_lst_hi_hotcompare.gpkg,seattle_master_lst_hi_hotcompare,-0.014958726303857011,-0.2410781078060952,-0.0589954263016949,0.010382843716712525,0.11815843471817773,-0.028551772249281286,-0.048461209985274374,-0.1390729202476005,0.15796155640277193,-0.1322221368185004,0.10693543661591513,0.022004220141795153,-0.221830127327837,-0.17800980138352754,-0.07815612636111006,0.03185031921368808,0.10500377665012288,0.12660962021013078,0.03329102946263322,0.10789695743451186,0.018229031798082135,0.029318881522093387,-0.09537147583452434,0.13198497039703672,0.023345012020783488,0.27977525375491613,0.014923777350251874,-0.1535693551596207,0.14721164925347086,0.0030453262066392024,-0.07621887781994459,-0.06777933533383826,0.022057843888878204,0.0501847304386833,0.07568016379690795,-0.06766462802763187,-0.1482367868834526,0.02506582148942483,-0.08360429091868618,0.12391695770042545,-0.11086453085450847,-0.02204215114186278,0.08427309069555383,0.051431631612872314,0.10731825899769344,0.0994972454401526,-0.05650723368469279,-0.06724089383153264,0.18986040105451316,-0.1521583014729729,-0.10280037839005943,0.04050097077714609,-0.05990107178210078,0.11824490220941257,0.19167726341945457,-0.21004071614387557,0.19426044174074703,0.052942046330437524,0.03043136435083797,-0.03449632699478438,0.20520449819578526,0.0031109741906559735,-0.1318909911876749,-0.10242804938052895
4224982,323989,033,S,53033026300,1400000US53033026300,+47.5036921,-122.2847033,G5020,263,Census Tract 263,53,026300,False,seattle,Coastal / Pacific Northwest / water-constrained,Seattle,19.220338896046595,True,31.413013698630163,53,Washington,True,0.9414893617021277,0.5957446808510638,-0.3457446808510639,True,False,LST-only hotspot,False,29.788480731225317,19.2244379817576,0.3603723404255319,97,seattle,2024,GOOGLE/SATELLITE_EMBEDDING/V1/ANNUAL,/Users/yufeizhou/Desktop/heat-exposure-compare/data/processed/seattle/seattle_master_lst_hi_hotcompare.gpkg,seattle_master_lst_hi_hotcompare,-0.0725251181365056,-0.2774605084301048,-0.04483237610333042,-0.054532696477809714,0.053173101409818915,-0.11049864663983335,-0.03587959432403654,-0.11588647499125183,0.06271599471544728,-0.046913336302423045,0.12066017421309065,0.005965986981599648,-0.13597066864556565,-0.12820520969889854,-0.11012427858699586,-0.0009079360486504074,0.10997641283430462,0.0924799642949124,0.026776707866946994,0.04530550270587329,0.012085323359212141,0.07204875970514887,-0.17441855049607893,0.12959135172627148,-0.04028878911167119,0.14826370670398406,0.047995677245625416,-0.09135625982194455,0.10326860141548522,-0.030382901597411527,-0.043511487013853385,-0.10894564671297532,0.03683009944194013,-0.026621750151816406,0.0024879044787166483,-0.07094210526867008,-0.14719557658280483,0.06562716980376906,-0.050172062674077,0.14268131035375722,-0.1256641493992853,-0.004199885440109141,0.04876420372373226,0.008577008967488937,0.06645318425537121,0.12553090929891336,-0.05733111612415308,-0.027891250168823035,0.21713651251817676,-0.13785504228802495,-0.18918379637011218,0.13393899416201016,-0.04475749979301298,0.07002836818759643,0.18316857481481558,-0.17366668921461625,0.12039056587228793,0.02951112080827504,0.03992846088473393,-0.032828548553445754,0.1601462003990251,-0.0806884106346339,-0.10986812977278376,-0.07211441363407425
4724321,294417,033,S,53033026400,1400000US53033026400,+47.5090918,-122.3112029,G5020,264,Census Tract 264,53,026400,False,seattle,Coastal / Pacific Northwest / water-constrained,Seattle,19.220338896046595,True,31.04018775582847,53,Washington,True,0.9202127659574468,0.5957446808510638,-0.32446808510638303,True,False,LST-only hotspot,False,29.788480731225317,19.2244379817576,0.3603723404255319,98,seattle,2024,GOOGLE/SATELLITE_EMBEDDING/V1/ANNUAL,/Users/yufeizhou/Desktop/heat-exposure-compare/data/processed/seattle/seattle_master_lst_hi_hotcompare.gpkg,seattle_master_lst_hi_hotcompare,-0.04865265718200454,-0.24109530707864132,-0.0841876804598182,-0.0051501901066779154,0.06849735073970181,-0.08713697151597621,-0.021445054029443637,-0.10078426111996922,0.11824416988801949,-0.08925138351482703,0.13328797568475326,0.0130118271660935,-0.18331018804531285,-0.13931033704266682,-0.0910776318692086,0.027422198243777854,0.09196743932618075,0.08766936673290202,0.01096243294764891,0.09572644455577861,0.031609073560722144,0.035388771989107955,-0.13256060702024847,0.14410630578176487,-0.0019041507077295473,0.18755373202222714,0.05245726244883125,-0.13977207443617043,0.12026869459807205,0.017944896473222203,-0.07576073066070432,-0.06718407866032376,0.03496471088516729,0.016957297669752562,0.040140854000621014,-0.03567751601488681,-0.1481108884438086,0.024955148569776955,-0.08964147447387324,0.0882540108995894,-0.12284394705256081,-0.00706204132899096,0.0413348979908,0.02936011460143903,0.08243342617613603,0.10952143871477883,-0.03551683034081028,-0.05505610502850828,0.18971867547695948,-0.1433427445564256,-0.19518700140035902,0.07820194203516417,-0.05966228116223926,0.08470479547073938,0.18720855405022854,-0.19546270365182963,0.1392041572347801,0.04031490527924842,0.04224546739088868,-0.014276266467385118,0.16552488890532954,-0.06972522752581317,-0.09379669571021507,-0.0788062160840251
234314,0,033,S,53033008002,1400000US53033008002,+47.6120898,-122.3453618,G5020,80.02,Census Tract 80.02,53,008002,True,seattle,Coastal / Pacific Northwest / water-constrained,Seattle,19.2244379817576,True,27.6516666666667,53,Washington,True,0.3191489361702128,0.776595744680851,0.45744680851063824,False,True,HI-only hotspot,True,29.788480731225317,19.2244379817576,0.3603723404255319,99,seattle,2024,GOOGLE/SATELLITE_EMBEDDING/V1/ANNUAL,/Users/yufeizhou/Desktop/heat-exposure-compare/data/processed/seattle/seattle_master_lst_hi_hotcompare.gpkg,seattle_master_lst_hi_hotcompare,-0.001968313987737073,-0.2809264097766751,0.01706988953463352,-0.06803248600393465,0.06108398113109407,-0.1726165671017552,-0.005369552953540459,-0.03827619931604334,-0.14237406453177145,0.04772400716481494,0.054753726956331884,0.05912033060631785,-0.005412526698046961,-0.11951457491117869,-0.1889100344349504,-0.13725676384892563,0.2189616215239725,0.15803936193171964,0.03229937234662697,0.07140333064291687,0.04131273143311933,0.028604516074204667,-0.16456648530942133,0.08547337643705391,0.08606706477628778,0.18042191654770906,0.058872956969086274,-2.939272132632132e-05,0.08471239317065953,-0.07632293846013875,-0.028388696309161642,-0.05836701291063776,-0.022187579996969506,-0.0686979798238005,0.08470427024108103,-0.19923170206514199,-0.2326852264170102,0.02187421055214129,0.02027676042886719,0.03824285719500391,-0.11588185776859658,-0.0786412903357995,0.041495159972685984,-0.05033399293067949,0.08750079716465035,0.20069823899555966,-0.11150483439323995,0.05450541839006843,0.19689750987601926,-0.050834114397527594,-0.185763525326086,0.1709427242266381,-0.057526107693315474,0.029546366817472147,0.21084471206570923,-0.18563824747509547,0.1189465749295598,0.013195672951224143,0.0647436982823405,-0.08541323864292824,0.1411774369802228,-0.003293746158449804,-0.06867681824239631,-0.04478654210324359
1340654,160753,033,S,53033006000,1400000US53033006000,+47.6432313,-122.3527936,G5020,60,Census Tract 60,53,006000,True,seattle,Coastal / Pacific Northwest / water-constrained,Seattle,19.07008879746444,True,29.264209288653774,53,Washington,True,0.6063829787234043,0.5372340425531915,-0.06914893617021278,False,False,Neither hotspot,False,29.788480731225317,19.2244379817576,0.3603723404255319,100,seattle,2024,GOOGLE/SATELLITE_EMBEDDING/V1/ANNUAL,/Users/yufeizhou/Desktop/heat-exposure-compare/data/processed/seattle/seattle_master_lst_hi_hotcompare.gpkg,seattle_master_lst_hi_hotcompare,-0.015689706070062443,-0.2620324081587816,-0.08722319688015369,-0.055312704801649605,0.056915593131648214,-0.07745475741828432,-0.06806275408824738,-0.11961907950068307,0.1294270464798757,-0.11134437557824634,0.1668715137636923,0.02851372765776119,-0.18106533788493703,-0.19860604237306279,-0.07733662886883914,-0.03634664487364094,0.12830560495588098,0.10159124276102159,-0.01148362699527396,0.10897203035917608,0.02182529714563899,0.05415205463544981,-0.14239357422492563,0.13225700224065495,-0.015031210714062495,0.22703743225369374,0.04882197251884445,-0.10567855671670734,0.10854951843549719,0.01438583474967148,-0.03683556312260299,-0.05673510702102795,0.04847340660945751,0.011188677205778362,0.09304429995207011,-0.09084655382257358,-0.17808095810002902,0.04596046624172626,-0.04007262033656619,0.07249682867673532,-0.19554806420524723,-0.07485828666250849,0.06424474691899633,0.03962559660903909,0.106307414048899,0.11894232682481612,-0.055568304561221804,-0.035823575046575594,0.1856526211849004,-0.12050121742881051,-0.13577080111858952,0.049309031845340114,-0.06426580095159215,0.10910827790594559,0.20127107217796672,-0.19679810822314014,0.16942650923308444,0.053888063156365296,0.025961613133689356,0.004203605688711845,0.15376169083464775,-0.027099679964281392,-0.11125890974680143,-0.025511560455388806
1117109,831139,033,S,53033006600,1400000US53033006600,+47.6280900,-122.3312907,G5020,66,Census Tract 66,53,006600,True,seattle,Coastal / Pacific Northwest / water-constrained,Seattle,19.2244379817576,True,28.82662650602415,53,Washington,True,0.48936170212765956,0.776595744680851,0.28723404255319146,False,True,HI-only hotspot,True,29.788480731225317,19.2244379817576,0.3603723404255319,101,seattle,2024,GOOGLE/SATELLITE_EMBEDDING/V1/ANNUAL,/Users/yufeizhou/Desktop/heat-exposure-compare/data/processed/seattle/seattle_master_lst_hi_hotcompare.gpkg,seattle_master_lst_hi_hotcompare,-0.041650899391951164,-0.2708115478980487,-0.09431498015863252,-0.11916278794170106,0.02646784446648202,-0.0868778230241745,-0.020898699736586326,-0.03593522680273846,0.07760070213791424,-0.03227851791163379,0.12572789148351962,-0.04139167264102382,-0.0933965767080082,-0.17286568901910648,-0.027581624026400863,-0.052688106555308305,0.14739048729300241,0.059127930375671905,0.005331374005850945,0.036429384282787095,0.036281640056889324,0.10367054241634634,-0.15516687213076352,0.14249410887913436,-0.07581753724925812,0.10095615455766443,0.021827310371826125,-0.13520902076181102,0.12244750397846886,-0.0424951228828863,-0.0604256866481891,0.010504111575189474,0.04740141051184131,-0.02964914926369844,-0.011622333258943138,-0.09866476238815541,-0.10514991448890006,0.05437608415668905,-0.014243039650177458,0.13858941361318697,-0.13796170173746605,-0.08477531176595574,0.092292085885553,0.020221774112284797,0.033649103537342594,0.1718619719449989,-0.11462763380786815,0.041936107093522156,0.10096049410209992,-0.11234488291328623,-0.13471436326772399,0.10531685691783145,-0.08985552062952633,0.0915327972190802,0.1421902570752831,-0.11785906622539864,0.07879306225198361,0.10135954122524904,0.042451846875141454,-0.008644845972252388,0.11353831572766661,-0.11490721310986238,-0.05848895416974995,0.08039159317178782
718106,0,033,S,53033006800,1400000US53033006800,+47.6360306,-122.3564653,G5020,68,Census Tract 68,53,006800,True,seattle,Coastal / Pacific Northwest / water-constrained,Seattle,,True,28.419224941724988,53,Washington,False,,,,False,False,Missing,False,29.788480731225317,19.2244379817576,0.3603723404255319,102,seattle,2024,GOOGLE/SATELLITE_EMBEDDING/V1/ANNUAL,/Users/yufeizhou/Desktop/heat-exposure-compare/data/processed/seattle/seattle_master_lst_hi_hotcompare.gpkg,seattle_master_lst_hi_hotcompare,0.012289988384701323,-0.27537270091448535,-0.034301581759039246,-0.0639904220509026,0.065541090026039,-0.09120295535610126,-0.046417274685484906,-0.1534064787411163,0.13611079635889076,-0.14491090184532598,0.13728287046688623,0.0490760680372215,-0.1853906220929081,-0.18957369227002988,-0.08893400028592516,-0.020784225077571532,0.11953889274540559,0.170387010211319,0.07222544690566536,0.07500858067927223,0.02525707311715533,0.07827707213261438,-0.09926286781652749,0.12564089776656634,-0.024229052109066652,0.27579912888356656,0.04595376375880778,-0.08271440223467111,0.12210635281102902,0.0016359341435547407,-0.041297780073708476,-0.09147038605873674,-0.01852758764446069,0.0021508827035496155,0.1435224772669733,-0.139266556682359,-0.2289692495496304,0.058199112810373495,-0.034392932059934773,0.06355792408679176,-0.18049813747429475,-0.097543065729918,0.05106062100968595,0.031530608071510625,0.11584112276932385,0.0844728293482451,-0.10311426885520651,-0.03754765110595429,0.19247096042854547,-0.11522465081354065,-0.09702445967155675,0.03676654856366351,-0.09142570558200094,0.08929303678305439,0.19823592179260094,-0.21745295389442545,0.1799896276384507,0.06428574691342744,0.018283592798458963,-0.004982115157818966,0.16380240186599246,0.05314817696160094,-0.14423032276888142,-0.05607037388223703
905121,0,033,S,53033006900,1400000US53033006900,+47.6343813,-122.3669907,G5020,69,Census Tract 69,53,006900,True,seattle,Coastal / Pacific Northwest / water-constrained,Seattle,,True,28.068099250936363,53,Washington,False,,,,False,False,Missing,False,29.788480731225317,19.2244379817576,0.3603723404255319,103,seattle,2024,GOOGLE/SATELLITE_EMBEDDING/V1/ANNUAL,/Users/yufeizhou/Desktop/heat-exposure-compare/data/processed/seattle/seattle_master_lst_hi_hotcompare.gpkg,seattle_master_lst_hi_hotcompare,-0.013878050123187265,-0.27544620217124244,-0.002879263014635454,-0.05740503537707257,0.08477246264789079,-0.09381289078939818,-0.06764377445265762,-0.12814161924487136,0.14723768835852885,-0.15213447992567647,0.09948469740241023,0.043186155688007356,-0.18963600583952284,-0.17158785527866083,-0.0785231209249044,0.0008302771297188223,0.12938019887472005,0.18869633685942605,0.07838773421135808,0.04764883151570598,0.024947392071988102,0.1094426912510571,-0.10890115998466313,0.13941175669062483,-0.011698794365696197,0.28231020743414625,0.016815393285872525,-0.08214600024655763,0.12709047941288984,-0.03035513093893917,-0.04697794915750257,-0.08770341199325249,-0.039942928451295955,0.039129255304313056,0.1373127248608313,-0.15295042408986373,-0.201434496952542,0.08919959397744363,-0.05099168126445279,0.08691989424747182,-0.16366324576923905,-0.07502157537416944,0.07536130521864473,0.0398832081331443,0.09392624954400446,0.10942923835750555,-0.11260511488119404,-0.02853561016773216,0.19783931291177512,-0.13497739564616795,-0.09513290215809182,0.040317450498679956,-0.05337642590051251,0.09691305852321977,0.19332877619881356,-0.19528948858081793,0.18947958621471173,0.07020877721156005,0.015060731356461533,0.00935283287469146,0.18563262958181453,0.03842708830198788,-0.1426933669138189,-0.08855988964790064
1798938,0,033,S,53033000402,1400000US53033000402,+47.7168585,-122.3523664,G5020,4.02,Census Tract 4.02,53,000402,True,seattle,Coastal / Pacific Northwest / water-constrained,Seattle,18.73790845597469,True,25.4818378650554,53,Washington,True,0.19148936170212766,0.30851063829787234,0.11702127659574468,False,False,Neither hotspot,False,29.788480731225317,19.2244379817576,0.3603723404255319,104,seattle,2024,GOOGLE/SATELLITE_EMBEDDING/V1/ANNUAL,/Users/yufeizhou/Desktop/heat-exposure-compare/data/processed/seattle/seattle_master_lst_hi_hotcompare.gpkg,seattle_master_lst_hi_hotcompare,-0.015094121746806575,-0.2828088062466205,-0.04710718366974979,-0.04141088078574783,0.08136341690828934,-0.07342532625155765,-0.047252390185810435,-0.15191457602951883,0.1442730587365,-0.15212289443414057,0.10757711466914935,0.04058657628225598,-0.19882991773205536,-0.14165813767664598,-0.08511734540155629,0.023113076665487214,0.08907633039356883,0.18578845324048962,0.11417466541083184,0.08373729437837399,0.016485875352586537,0.05431870131949142,-0.07783268003184038,0.13685229717266578,-0.035701021610030755,0.25643597259264556,0.056096322566266205,-0.10926060262389,0.1404358521837541,0.01236914033037064,-0.05986459753062134,-0.10201540881316516,-0.03434711622493502,0.017861642691979245,0.06816766394288455,-0.07108994416909346,-0.2054968616162129,0.05998114428931481,-0.06861898113268014,0.1170881342040491,-0.13060332284330048,-0.04128559259270516,0.043379350766534354,0.0444491415345616,0.1010833324770727,0.07115440035831025,-0.10550782257231046,-0.05762587461317735,0.17946594380637168,-0.17306618226214557,-0.14631849512751374,0.04460230047013707,-0.05240990111596801,0.042763889666481425,0.1928014560053194,-0.2028660304362861,0.14905781243489727,0.07685928350104954,0.028356672949000038,-0.001322979320236115,0.18673376301153916,0.05094038463750329,-0.1353647466742368,-0.1136530395804929
2898253,953717,033,S,53033000500,1400000US53033000500,+47.7224094,-122.3710555,G5020,5,Census Tract 5,53,000500,True,seattle,Coastal / Pacific Northwest / water-constrained,Seattle,18.844775426560606,True,21.290298588490792,53,Washington,True,0.026595744680851064,0.44148936170212766,0.4148936170212766,False,False,Neither hotspot,True,29.788480731225317,19.2244379817576,0.3603723404255319,105,seattle,2024,GOOGLE/SATELLITE_EMBEDDING/V1/ANNUAL,/Users/yufeizhou/Desktop/heat-exposure-compare/data/processed/seattle/seattle_master_lst_hi_hotcompare.gpkg,seattle_master_lst_hi_hotcompare,-0.04293760047842205,-0.17199052750047383,-0.10589498264115839,-0.018148384087382577,0.05005363339559353,-0.044039920144702774,-0.03792625574120719,0.038525151637675906,0.1845591854448544,-0.0805126918838114,0.11846633042513771,0.008209386180261617,-0.15464439341974634,-0.09952670109759049,-0.03296943825317137,0.049377534633283454,0.07250295376034167,0.046763513530191245,0.0638527078981799,0.004920169737802055,0.04816272839311083,0.11702020134817742,-0.10691664660379249,0.18341654950725092,0.005291898871866361,0.12985045603464154,-0.05132100547489369,-0.18266244384111235,0.11878804099337338,-0.0324848852602918,-0.11273592599426668,0.028361049002567328,0.02372021753883654,0.04470558206177199,-0.014878456011511715,-0.09383590089490751,-0.0988865211163643,0.03357210622922108,-0.06907413230152946,0.0863875858981731,-0.10908030497676283,-0.01935041495325754,0.15204587086824486,0.044392423308647545,0.011519857007110413,0.179700022185037,-0.0457307441008139,-0.008161777582618062,0.16937382883387753,-0.1600649718765965,-0.14642100939019526,0.027376046820001106,-0.010099952755362488,0.09246146625734229,0.1425419939132813,-0.08482454695704678,0.10721638869144104,0.11914976864520876,-0.002525763877351964,0.01532345728688822,0.17116464405912946,-0.07124533121238648,-0.007029642408588113,-0.006897435064508378
1060685,0,033,S,53033001100,1400000US53033001100,+47.7065465,-122.3068060,G5020,11,Census Tract 11,53,001100,True,seattle,Coastal / Pacific Northwest / water-constrained,Seattle,18.604142996193676,True,29.666322751322756,53,Washington,True,0.7287234042553191,0.1622340425531915,-0.5664893617021276,False,False,Neither hotspot,False,29.788480731225317,19.2244379817576,0.3603723404255319,106,seattle,2024,GOOGLE/SATELLITE_EMBEDDING/V1/ANNUAL,/Users/yufeizhou/Desktop/heat-exposure-compare/data/processed/seattle/seattle_master_lst_hi_hotcompare.gpkg,seattle_master_lst_hi_hotcompare,0.008982440384362396,-0.2289596845033345,-0.09649890762965724,0.01047339212440333,0.07624898265279442,-0.06847652935852208,-0.043889543925189796,-0.08532389137230376,0.18144050861446917,-0.14027044389551183,0.1310188402519603,0.054665915495253334,-0.23619892262964073,-0.13293674628006683,-0.09981412016258828,0.01382847559488604,0.05178132265648834,0.15111182998665434,0.08026674613380412,0.12065986657017648,0.03881210492872788,0.07269141105113973,-0.08219468964977668,0.13817841214122673,0.008620673762537183,0.26787993486208106,0.011118116786083558,-0.12318330057164623,0.12767561714818373,0.01958800882041266,-0.054947409810727064,-0.056646478706659224,-0.026475189302526753,0.06814553430356157,0.09287429822321203,-0.07909588278930943,-0.19536160228917981,-0.006147270502998499,-0.057196917085615404,0.05410254775512628,-0.18302489075864106,-0.0314030371007118,0.09473453529025609,0.04284637599184846,0.0730369408809316,0.11847518116060661,-0.06551080870235865,-0.08097246965370149,0.18415773802098243,-0.17595356847206997,-0.1719747466938164,-0.002095539635967911,-0.01708649987198653,0.09263375031776692,0.18762160100091704,-0.19802677083980713,0.16157740383995178,0.12361985680466085,0.006183507092150167,0.012178013595325785,0.19517129030864408,0.017659801283338633,-0.08684441589478918,-0.09724019001309782
1180877,0,033,S,53033001300,1400000US53033001300,+47.7022935,-122.3421875,G5020,13,Census Tract 13,53,001300,True,seattle,Coastal / Pacific Northwest / water-constrained,Seattle,18.604142996193676,True,29.02632024634338,53,Washington,True,0.5638297872340425,0.1622340425531915,-0.401595744680851,False,False,Neither hotspot,False,29.788480731225317,19.2244379817576,0.3603723404255319,107,seattle,2024,GOOGLE/SATELLITE_EMBEDDING/V1/ANNUAL,/Users/yufeizhou/Desktop/heat-exposure-compare/data/processed/seattle/seattle_master_lst_hi_hotcompare.gpkg,seattle_master_lst_hi_hotcompare,-0.006662030360465004,-0.27936676351014667,-0.055666902677127865,-0.04932028308156064,0.06472308422130808,-0.10525873774486165,-0.056940792992880636,-0.16711384906000895,0.09436708955781963,-0.11050688116039763,0.12699534669790277,0.06284717648284316,-0.1901051093322713,-0.1652664921237459,-0.12746373013104187,-0.021673954409744355,0.11031166247027142,0.1702800497371009,0.07023235923531396,0.09368193327016025,0.025895793824218413,0.07316105134354606,-0.10429383739044389,0.12029688651929246,-0.037820039303637816,0.24194878078768456,0.05521679707689588,-0.06401097811242602,0.11626079077800416,0.010100002651839307,-0.033577973013210236,-0.11615814677650206,-0.00039174985256966444,-0.011251125280268047,0.08980422585640387,-0.10606974145218273,-0.21112412301428712,0.03828097367743058,-0.029692649545701024,0.10121572643488472,-0.17752783053994858,-0.05702319792986173,0.040293401097432284,0.03703328376471874,0.10389854630447545,0.08874380431611797,-0.07665471641402727,-0.05456782363064611,0.21205207581149524,-0.14549063770084744,-0.13915785347976564,0.059682744537764156,-0.06241728217205376,0.06206049402031432,0.18903989124599685,-0.22031856166141647,0.14767204065164835,0.06949249840565136,0.03849786437313381,-0.022067419232553183,0.16205730338025529,0.014872721726890543,-0.15514396732049288,-0.0868457533999551
1167711,526885,033,S,53033001500,1400000US53033001500,+47.6979702,-122.3952683,G5020,15,Census Tract 15,53,001500,True,seattle,Coastal / Pacific Northwest / water-constrained,Seattle,18.844775426560606,True,20.645460144927558,53,Washington,True,0.015957446808510637,0.44148936170212766,0.425531914893617,False,False,Neither hotspot,True,29.788480731225317,19.2244379817576,0.3603723404255319,108,seattle,2024,GOOGLE/SATELLITE_EMBEDDING/V1/ANNUAL,/Users/yufeizhou/Desktop/heat-exposure-compare/data/processed/seattle/seattle_master_lst_hi_hotcompare.gpkg,seattle_master_lst_hi_hotcompare,-0.039153913415035026,-0.20573282330085194,-0.13126373095265986,-0.03108513359789296,0.050747955903609816,-0.018043711088114856,-0.03322952811585971,-0.007649386360546564,0.17333218424628732,-0.08189792492328181,0.1402481904304826,0.007246131412112959,-0.14322262675689196,-0.1557469221951205,-0.0069765515388890845,0.01253938484216118,0.10425599279945329,0.026566312692855996,0.06631508343082168,0.041879132309985155,0.030176736401490954,0.08977588993714695,-0.09938740737867312,0.17421182238954142,-0.009261051087685277,0.15845476499327002,-0.00431151521722154,-0.207503981199496,0.12023338802805753,-0.034841329668928424,-0.12404571126159873,0.04375977993282141,0.06354127160076986,0.018969238073549135,-0.005298878920938556,-0.08722607497587088,-0.0806770967656477,0.030122298781719528,-0.0505856561563381,0.1233820078614813,-0.11688235214246874,-0.0473831436961979,0.1366988850536632,0.045110676813555656,0.04364304635399734,0.16435414336266557,-0.05950606863689747,-0.009184533564058869,0.15901445500438458,-0.14309605980339205,-0.10901122484867357,0.03853668234472395,-0.04304123996914672,0.10287708571212406,0.1501936133415622,-0.12200201609960097,0.12011387354928682,0.10012229241729591,0.007792773938430312,-0.016954826200396175,0.16168048463954313,-0.05809782171252569,-0.03138141944504461,0.01769897899751366
1284745,0,033,S,53033003500,1400000US53033003500,+47.6725466,-122.3520880,G5020,35,Census Tract 35,53,003500,True,seattle,Coastal / Pacific Northwest / water-constrained,Seattle,18.7609261879379,True,30.00808591065295,53,Washington,True,0.7712765957446809,0.3191489361702128,-0.4521276595744681,True,False,LST-only hotspot,False,29.788480731225317,19.2244379817576,0.3603723404255319,109,seattle,2024,GOOGLE/SATELLITE_EMBEDDING/V1/ANNUAL,/Users/yufeizhou/Desktop/heat-exposure-compare/data/processed/seattle/seattle_master_lst_hi_hotcompare.gpkg,seattle_master_lst_hi_hotcompare,-0.007262787659642967,-0.25576013636214845,-0.07333036170707143,-0.02671804448165457,0.0636114719741518,-0.09323517214109274,-0.05649475679366135,-0.13378225707002264,0.16111091818598827,-0.13853496320830666,0.13747831091020524,0.05121035314930797,-0.20558838332704085,-0.17520751723312228,-0.09286188067301707,-0.004521814956549025,0.07601179442730231,0.14930511562218304,0.05556118625657297,0.08923885019445124,0.02292872250263521,0.09325407246154456,-0.11011261353253489,0.1390329760626425,-0.0222198575379472,0.27163693468806843,0.0379197802846629,-0.11408567768878766,0.12323205829826409,0.024576253566306376,-0.06577726050492975,-0.07835355084332529,-0.03586569106570381,0.022274530435227733,0.11875558486469254,-0.10256807159619498,-0.17753621878524076,0.033135669627756506,-0.04772942199479513,0.06059970371051122,-0.16658357880877267,-0.04878292017875545,0.06478710379493047,0.040138449512714156,0.10890041139700063,0.1020999590562495,-0.06097253322911267,-0.07292474684357605,0.2077918267804017,-0.15790849212734154,-0.1397937445807178,0.029035677083273388,-0.05260756585284814,0.08029434154278878,0.19298966379016147,-0.21630913364955218,0.1820948696360596,0.07705134204582913,0.015440961325475426,0.006601140516858187,0.18001299469454923,0.028933273661780647,-0.11895311889721671,-0.0890988545956607
2537228,3269607,033,S,53033004000,1400000US53033004000,+47.6801653,-122.2516302,G5020,40,Census Tract 40,53,004000,True,seattle,Coastal / Pacific Northwest / water-constrained,Seattle,18.45211052549058,True,28.591458143074618,53,Washington,True,0.44148936170212766,0.010638297872340425,-0.4308510638297872,False,False,Neither hotspot,False,29.788480731225317,19.2244379817576,0.3603723404255319,110,seattle,2024,GOOGLE/SATELLITE_EMBEDDING/V1/ANNUAL,/Users/yufeizhou/Desktop/heat-exposure-compare/data/processed/seattle/seattle_master_lst_hi_hotcompare.gpkg,seattle_master_lst_hi_hotcompare,-0.05877464749553477,-0.19901897111245673,-0.17331340258058864,-0.07591502551885855,0.04357847793598144,0.0019732476493044657,0.015543768835199328,0.023225393271478646,0.11937919513639936,-0.0034326287182020903,0.10548370155675028,-0.06293315583735332,-0.08339745961324609,-0.11441010944805492,0.001725463648687395,0.027733807539450327,0.08629332101283335,-0.03952973861728393,0.054986337516448006,0.04298748238640983,0.01407247899688003,0.0805871394368336,-0.10867580555993207,0.2095663268352099,-0.05365490261020666,0.009155427803493228,0.044711625676468504,-0.2587493954507039,0.13501458226737378,-0.0686618567656168,-0.17520879869072406,0.08911977951997051,0.06621104689570262,-0.03441838893291545,-0.10072204445494967,-0.015279039150004097,-0.028696498598942397,0.0007029886112183124,-0.038679502308340455,0.16153404942032298,-0.08270798592323964,-0.05425671958969259,0.12146249131866417,0.03566455411291016,-2.5689945420138048e-05,0.15836260820960216,-0.09176669297087009,0.010854024695435213,0.045274705968634456,-0.14180191335286824,-0.12080433952664112,0.05973650058797637,-0.05311730159270294,0.038934321780680466,0.08629064051633738,-0.09570701867997469,0.021959757184651815,0.10017209580326009,0.016744875965410046,-0.07018165236657509,0.10718161966858923,-0.12736667365435475,-0.02932046939432296,0.08618333469982627
787161,0,033,S,53033003400,1400000US53033003400,+47.6740646,-122.3617462,G5020,34,Census Tract 34,53,003400,True,seattle,Coastal / Pacific Northwest / water-constrained,Seattle,18.844775426560606,True,28.687121212121227,53,Washington,True,0.4574468085106383,0.44148936170212766,-0.015957446808510634,False,False,Neither hotspot,False,29.788480731225317,19.2244379817576,0.3603723404255319,111,seattle,2024,GOOGLE/SATELLITE_EMBEDDING/V1/ANNUAL,/Users/yufeizhou/Desktop/heat-exposure-compare/data/processed/seattle/seattle_master_lst_hi_hotcompare.gpkg,seattle_master_lst_hi_hotcompare,-0.009897482495313305,-0.2865384548901768,-0.00561243404967891,-0.06364323200180026,0.07311826709370896,-0.08079121641947368,-0.07501288623537629,-0.1446197595156572,0.13889415380318584,-0.15630753400402106,0.11297131525944304,0.030025460315076045,-0.18744034711051283,-0.1868909159040256,-0.07496170804633207,-0.023496536012530975,0.10653141450657039,0.2011544365312386,0.08784613119894107,0.0398182278676539,0.00874912799237548,0.12175656660420406,-0.10681583844674324,0.12859338650916266,-0.04028853965819182,0.3009279929738826,0.03658040737871166,-0.07036412093808442,0.12123913376053842,-0.018154813292423515,-0.03907325220040301,-0.08324606945625349,-0.08159154067317462,0.029266829793356743,0.12570800799539456,-0.16149846911458607,-0.19383032195198555,0.09954695396817248,-0.039872939360818094,0.10556795067797635,-0.13668398832307357,-0.08829447558846311,0.08341183787466247,0.0486236636897114,0.12771947662852354,0.10025149524315813,-0.11599288640631777,-0.03151767239842268,0.20648760855626416,-0.13487401606767765,-0.10764039721028953,0.04610969883225396,-0.058399577354796534,0.07455987772335189,0.1860818931681032,-0.19354450290286093,0.17374259154495694,0.0792175530344441,0.002594849810404904,0.033515891832855874,0.16873009368187708,0.07798453025254522,-0.14415424730712117,-0.06784405990755037
670997,0,033,S,53033004500,1400000US53033004500,+47.6685824,-122.3229111,G5020,45,Census Tract 45,53,004500,True,seattle,Coastal / Pacific Northwest / water-constrained,Seattle,18.604142996193676,True,28.409768856447737,53,Washington,True,0.3882978723404255,0.1622340425531915,-0.22606382978723402,False,False,Neither hotspot,False,29.788480731225317,19.2244379817576,0.3603723404255319,112,seattle,2024,GOOGLE/SATELLITE_EMBEDDING/V1/ANNUAL,/Users/yufeizhou/Desktop/heat-exposure-compare/data/processed/seattle/seattle_master_lst_hi_hotcompare.gpkg,seattle_master_lst_hi_hotcompare,0.015207840011799187,-0.2787327832641622,-0.0828787080702355,-0.06096313033843534,0.06233490770438801,-0.07385120017088379,-0.058495158461349964,-0.18364122970819205,0.14511174908423863,-0.1296271045543194,0.13297676921729792,0.05039134104952007,-0.2150682207052986,-0.18790906918907016,-0.09678356912123565,-0.027101693942873126,0.09279416187174622,0.15765638636661955,0.07098589247664065,0.09102685551166904,0.024620321568644115,0.09508282529883164,-0.11867232305811702,0.11644608120043094,-0.04956187758619388,0.2575971255441892,0.06431570408123521,-0.09427528274298831,0.1206615231041187,0.01743250678424416,-0.03174289542831309,-0.09036423443950695,-0.018407670272346664,0.0030942444499618108,0.1131424240007324,-0.10709017693316719,-0.19552696520822133,0.03582673313889857,-0.01685936751486013,0.10480681042530557,-0.18417358978931522,-0.05590974805432173,0.06187423947975095,0.04273125811497593,0.11873818371910054,0.0677842574768593,-0.07877202056257837,-0.06405208782779265,0.1979444076335974,-0.14972361371359683,-0.10824383965472043,0.009070799324944622,-0.07687612681676498,0.0649337825278717,0.19474885112290954,-0.22103072270878246,0.16273225322574852,0.0793553046118019,0.010561560381762872,-0.0055223786523198575,0.17181432626479112,0.039448700903016914,-0.16247996290252187,-0.05385075987150071
1278329,26886,033,S,53033004800,1400000US53033004800,+47.6608472,-122.3601847,G5020,48,Census Tract 48,53,004800,True,seattle,Coastal / Pacific Northwest / water-constrained,Seattle,18.844775426560606,True,28.73445442448439,53,Washington,True,0.46808510638297873,0.44148936170212766,-0.026595744680851074,False,False,Neither hotspot,False,29.788480731225317,19.2244379817576,0.3603723404255319,113,seattle,2024,GOOGLE/SATELLITE_EMBEDDING/V1/ANNUAL,/Users/yufeizhou/Desktop/heat-exposure-compare/data/processed/seattle/seattle_master_lst_hi_hotcompare.gpkg,seattle_master_lst_hi_hotcompare,-0.018555942595241473,-0.27697785157984833,0.004275042236016432,-0.07954686259060292,0.06531787299902737,-0.08516528896461914,-0.07357545608539363,-0.12788094389933244,0.11386929677618277,-0.13006916516950137,0.0988782295488082,0.026380183033098633,-0.1760957181056247,-0.18035556826383986,-0.07679075685464573,-0.04563608380833632,0.12995322499836148,0.19282153432545246,0.07648134927742914,0.04052379146710416,0.01612144072332934,0.11964223197055897,-0.11621045034243575,0.1297966549640978,-0.023521874549478197,0.2879160956311452,0.026935485635180872,-0.06664552974822543,0.12133578684103939,-0.02752113042845218,-0.021497277483369565,-0.07743632695890104,-0.05435276966606958,0.01824330543953837,0.1092747380352604,-0.16381960304912047,-0.1995577051482176,0.11275059131863494,-0.03849686282863138,0.09684021779535143,-0.13884286257030362,-0.07665558371517064,0.06893419027654574,0.036462263309110066,0.11752124083416766,0.12011983389972822,-0.11605581914143183,-0.022596431757993623,0.21044970378998976,-0.1186992373284205,-0.12385121592507316,0.07849543942029404,-0.04831643238811394,0.07947376288184302,0.18590185467983197,-0.1906358894263052,0.16631807348919883,0.07292244414184731,0.014871912549563255,0.03289993571318289,0.16873007640526919,0.04308822594624386,-0.13797602766372652,-0.07266887127300486
375785,0,033,S,53033008200,1400000US53033008200,+47.6102887,-122.3318896,G5020,82,Census Tract 82,53,008200,True,seattle,Coastal / Pacific Northwest / water-constrained,Seattle,19.2244379817576,True,26.233640661938583,53,Washington,True,0.22340425531914893,0.776595744680851,0.553191489361702,False,True,HI-only hotspot,True,29.788480731225317,19.2244379817576,0.3603723404255319,114,seattle,2024,GOOGLE/SATELLITE_EMBEDDING/V1/ANNUAL,/Users/yufeizhou/Desktop/heat-exposure-compare/data/processed/seattle/seattle_master_lst_hi_hotcompare.gpkg,seattle_master_lst_hi_hotcompare,0.034057102497078384,-0.24876085251388164,0.00803508136279244,-0.08876633215453442,0.0519331053779223,-0.17829615135085883,0.0627628257789057,-0.03896117318448218,-0.10739732207312744,0.011005820669036,0.10115268845841277,0.08175750853804854,-0.022609386118077918,-0.10631256941182267,-0.18283190742634864,-0.14838516406520497,0.2075992244524236,0.10496041912109522,0.007732761407045492,0.08876419317617627,0.0369596924050296,0.012133832956124238,-0.1715781465077282,0.10661785434123548,0.11149148208010737,0.155869932951063,0.06146686365331776,-0.008417610733359712,0.10184836497954762,-0.07753565649039115,-0.022517623205951826,-0.043083990936902745,-0.03917028862312263,-0.04358892044354043,0.11568422048904481,-0.17270583122031352,-0.2580504055559629,-0.011826792055876787,0.05743556789592041,-0.04315620786297086,-0.16015013583117535,-0.0961386609188312,0.05405780380057151,-0.057398918657790454,0.05724523394403788,0.19350878781753073,-0.14055761050471186,0.0328754229913639,0.15995122439894735,-0.015328196124745222,-0.24138711730992607,0.1331768746299907,-0.0658334102615351,0.0703016435050852,0.23307832285104657,-0.19493402892722536,0.10427244008110653,-0.0012266046339123808,0.058047431682696334,-0.1152842024336873,0.12188723009852473,-0.004972516392511711,-0.08682344069944334,0.019287524058208223
237955,0,033,S,53033008300,1400000US53033008300,+47.6118181,-122.3280064,G5020,83,Census Tract 83,53,008300,True,seattle,Coastal / Pacific Northwest / water-constrained,Seattle,19.2244379817576,True,27.007528089887685,53,Washington,True,0.2872340425531915,0.776595744680851,0.4893617021276595,False,True,HI-only hotspot,True,29.788480731225317,19.2244379817576,0.3603723404255319,115,seattle,2024,GOOGLE/SATELLITE_EMBEDDING/V1/ANNUAL,/Users/yufeizhou/Desktop/heat-exposure-compare/data/processed/seattle/seattle_master_lst_hi_hotcompare.gpkg,seattle_master_lst_hi_hotcompare,0.021475810657447397,-0.26508823503017087,0.009905359072248304,-0.07786027461360086,0.06473256222817046,-0.17640980178241986,0.020048297801831514,-0.06513839626123659,-0.1022485383845294,0.017089052800782743,0.10208539419886381,0.08336439077932782,-0.02865524163120936,-0.11376382481141602,-0.18083414757645566,-0.1233886165305742,0.212391389479344,0.1284822122250109,0.016444928252304356,0.07495225591679014,0.030965497554885382,0.012785095069242598,-0.15626647058569146,0.0832077367128623,0.07758606798357041,0.17092094512843845,0.0620763982775841,0.010811627001494198,0.06727828041779463,-0.07536554007625623,-0.011793959617448875,-0.06432198027319723,-0.012897011582846016,-0.07472236233547687,0.10543860496701236,-0.17957017434439362,-0.27815619717481577,0.00897143025592813,0.04191419993359165,0.02184406632790925,-0.13702564908528067,-0.08450163943631757,0.04083440015368716,-0.05764205683688292,0.0660736376413647,0.17293606582743096,-0.11349060390367462,0.03477818157007736,0.19607955014990716,-0.03246168775392676,-0.19703096057627706,0.1481444711411606,-0.07042924317207593,0.06081029719028212,0.23332322293479185,-0.20875329293290087,0.1137779663323023,0.005132102330726839,0.069684453897732,-0.10404431901584858,0.12735410042645526,0.00789227793546325,-0.10076427027532472,-0.02023419820004589
450978,0,033,S,53033008500,1400000US53033008500,+47.6049717,-122.3249555,G5020,85,Census Tract 85,53,008500,True,seattle,Coastal / Pacific Northwest / water-constrained,Seattle,19.2244379817576,True,25.774861932938897,53,Washington,True,0.2074468085106383,0.776595744680851,0.5691489361702127,False,True,HI-only hotspot,True,29.788480731225317,19.2244379817576,0.3603723404255319,116,seattle,2024,GOOGLE/SATELLITE_EMBEDDING/V1/ANNUAL,/Users/yufeizhou/Desktop/heat-exposure-compare/data/processed/seattle/seattle_master_lst_hi_hotcompare.gpkg,seattle_master_lst_hi_hotcompare,0.010164078425677205,-0.27663336074761824,0.016664694623968933,-0.07217220429730066,0.07382506082597866,-0.16065981130021284,0.019616678503919526,-0.07104219848321949,-0.09623419475812206,0.01041183748636359,0.06702119256091771,0.0652646048471269,-0.0440620261157902,-0.12022344840072813,-0.18504850823619207,-0.13264544439861453,0.19256312765519393,0.13933487944828277,0.03169255656577423,0.10034802677834853,0.030151752837930722,0.03028102873375252,-0.16985062475238238,0.0709203986981171,0.06547036335838506,0.17401139139558142,0.07403323025003312,-0.0035815179730219857,0.07415813573028009,-0.08190549077785027,0.005214039070531819,-0.07128742102889823,-0.015249168960174198,-0.05507764574086697,0.10487678231187722,-0.15269826225354158,-0.2621286597723098,-0.0038091379462271103,0.027757574768064654,0.056257531621968226,-0.12330189587801592,-0.057808985190207385,0.03298788643523837,-0.05313155633999763,0.07086656634817162,0.15225217426896828,-0.12300906955275313,0.021715145367841263,0.1693072480377437,-0.05390742336187361,-0.19770085627194145,0.15709064886727536,-0.05705892823175904,0.04967844002809384,0.217398455191737,-0.20661859470754632,0.12179463985122187,0.0181887529422478,0.04770800458750647,-0.08218027961493508,0.1326837661747601,-0.0036464154807905793,-0.13355395634299008,-0.032372338509354004
732385,0,033,S,53033008700,1400000US53033008700,+47.6059236,-122.3077909,G5020,87,Census Tract 87,53,008700,True,seattle,Coastal / Pacific Northwest / water-constrained,Seattle,19.2244379817576,True,29.43408543922989,53,Washington,True,0.6595744680851063,0.776595744680851,0.11702127659574468,False,True,HI-only hotspot,True,29.788480731225317,19.2244379817576,0.3603723404255319,117,seattle,2024,GOOGLE/SATELLITE_EMBEDDING/V1/ANNUAL,/Users/yufeizhou/Desktop/heat-exposure-compare/data/processed/seattle/seattle_master_lst_hi_hotcompare.gpkg,seattle_master_lst_hi_hotcompare,0.0048641226597359415,-0.2874664089801543,-0.02108632393887522,-0.07582375199671407,0.06953226938678649,-0.11381796237687489,-0.058405793217220316,-0.17268956878863817,0.10005063621849461,-0.12625328461839244,0.12149803216833333,0.0697188408047902,-0.17437579985917537,-0.1737339575402312,-0.11770811131266298,-0.03070176576135476,0.11980864934335432,0.19442125567783983,0.07051094275272712,0.07243144779194836,0.021050125930806067,0.09921850144457979,-0.11965027426613922,0.12348660472537028,-0.028348488892202456,0.2552703237371991,0.04762239164630144,-0.06432864471678898,0.10671075018323392,-0.012067931610143955,-0.03337500887450036,-0.10430376332943643,-0.03925393903980029,-0.024101939764450606,0.13850540402460487,-0.1508226264438538,-0.22795924773564685,0.05825389154250756,-0.013767254023037672,0.07626119511229136,-0.1893411279359661,-0.0892389712382455,0.05327574852966873,0.027725100953850303,0.11859147791331938,0.09628806201328349,-0.096294767288902,-0.0417862110715217,0.20901006293565222,-0.12381697885921,-0.11099028936305247,0.043018127578857174,-0.0749374238024698,0.06526448171201155,0.2026129882962362,-0.2111137218310287,0.1617776654391077,0.06570470877178519,0.019678394529800743,-0.01765208758857433,0.1655460099827921,0.057097541117369636,-0.1589388478704745,-0.07463443478682971
948581,0,033,S,53033008800,1400000US53033008800,+47.6073299,-122.2976324,G5020,88,Census Tract 88,53,008800,True,seattle,Coastal / Pacific Northwest / water-constrained,Seattle,19.2244379817576,True,30.050507042253557,53,Washington,True,0.7925531914893617,0.776595744680851,-0.015957446808510634,True,True,Both LST and HI hotspot,False,29.788480731225317,19.2244379817576,0.3603723404255319,118,seattle,2024,GOOGLE/SATELLITE_EMBEDDING/V1/ANNUAL,/Users/yufeizhou/Desktop/heat-exposure-compare/data/processed/seattle/seattle_master_lst_hi_hotcompare.gpkg,seattle_master_lst_hi_hotcompare,-0.002966836486942163,-0.26801023097428683,-0.040106708921451226,-0.061769496131291166,0.0702609017135082,-0.09482057385539243,-0.04898224363530313,-0.16418428861004483,0.1384800752068,-0.14170517808741798,0.12724539770593662,0.045268913866537495,-0.19913272327842557,-0.18903303063270707,-0.09968772534117254,-0.0007443015623105938,0.09218449417916819,0.17579206535001057,0.0649105332341552,0.07135604109344897,0.024141350628163485,0.09871669102804581,-0.11794832063089782,0.1299553009256965,-0.022064135823386576,0.2727082648006201,0.04496098610935326,-0.09240544107660874,0.11668015346796014,-0.005040214195757351,-0.048973429839124276,-0.07913600078361073,-0.04569927144774122,0.01689542744358066,0.14448152350677157,-0.12386521535905656,-0.2035256401117997,0.049350573300106906,-0.03862750894292566,0.0658124832999949,-0.1680661735526221,-0.07364691345241031,0.06600574296554464,0.04320009580988858,0.12011050219572933,0.08875287646635219,-0.08190010204889732,-0.06095209327286803,0.20329658953721744,-0.14418354779480155,-0.11322769505208777,0.026476230399786048,-0.07449933891205104,0.08503162733060755,0.19274995187635943,-0.2171237081792773,0.18680277032650552,0.06920768972100728,0.022295386506127092,-0.0037966792517823383,0.16351855189462317,0.04377164180007028,-0.14442039631534573,-0.07909160793901898
1270034,1798066,033,S,53033008900,1400000US53033008900,+47.6010291,-122.2852290,G5020,89,Census Tract 89,53,008900,True,seattle,Coastal / Pacific Northwest / water-constrained,Seattle,19.2244379817576,True,28.45119483763535,53,Washington,True,0.39893617021276595,0.776595744680851,0.37765957446808507,False,True,HI-only hotspot,True,29.788480731225317,19.2244379817576,0.3603723404255319,119,seattle,2024,GOOGLE/SATELLITE_EMBEDDING/V1/ANNUAL,/Users/yufeizhou/Desktop/heat-exposure-compare/data/processed/seattle/seattle_master_lst_hi_hotcompare.gpkg,seattle_master_lst_hi_hotcompare,-0.016449827550512434,-0.22016071989634214,-0.15662920394050495,-0.09236287720444368,0.044582933364223025,-0.004867463858729078,0.008160522720621424,0.015466803308542625,0.12269231879028523,-0.03071230621747513,0.10936334316220069,-0.039214440999113385,-0.10205908686099908,-0.15673401014146315,0.005775270871291346,-0.003458039737630898,0.09957217515944264,-0.015125932056068556,0.0602591730266302,0.056064481341835545,0.029766243503455563,0.10630028281543799,-0.11125066227399076,0.1863086131050024,-0.06098806144481176,0.043171907054590536,0.030889743942814584,-0.22112649365190104,0.12714535447420375,-0.06741265408901267,-0.1390755655803781,0.09846218918396885,0.05089391014998506,-0.014532848377408118,-0.05040275734539243,-0.05675445605369968,-0.0511736234446103,-0.020552706367769954,-0.017588917155901863,0.1546188101941115,-0.12511471408311844,-0.07693762213103478,0.1449743673128759,0.036087483732684555,0.014166846288888651,0.17820717656325286,-0.11620871478652489,0.016503570345806063,0.015920757182464256,-0.13127359535495897,-0.08269904895240457,0.03877020129402177,-0.07953230636593335,0.05870941104142915,0.08151307267804368,-0.09872342238840008,0.049751884398817156,0.12602501182155415,0.010484489117375165,-0.04291053718804305,0.10799559590628093,-0.10431739156088957,-0.05437486265891973,0.11914311144156305
855872,0,033,S,53033009000,1400000US53033009000,+47.5980274,-122.3089020,G5020,90,Census Tract 90,53,009000,True,seattle,Coastal / Pacific Northwest / water-constrained,Seattle,19.2244379817576,True,28.472875920084146,53,Washington,True,0.40425531914893614,0.776595744680851,0.3723404255319149,False,True,HI-only hotspot,True,29.788480731225317,19.2244379817576,0.3603723404255319,120,seattle,2024,GOOGLE/SATELLITE_EMBEDDING/V1/ANNUAL,/Users/yufeizhou/Desktop/heat-exposure-compare/data/processed/seattle/seattle_master_lst_hi_hotcompare.gpkg,seattle_master_lst_hi_hotcompare,-0.013208821946604523,-0.3116039783152155,0.008699259550800049,-0.08969378959020122,0.07602864702325077,-0.1337662647227531,-0.04097237367977064,-0.16365169319389483,0.05084196088002058,-0.08293432725822097,0.09416042009857964,0.04140574561332082,-0.14842170250684983,-0.16814283315824854,-0.12198152662385967,-0.0385292362642247,0.14247043655174538,0.19403126893072745,0.05978536492819546,0.06761854865449832,0.019956909754586038,0.07381845617146555,-0.13207796159192806,0.10961896293780947,-0.03079622313854941,0.209256406386871,0.046026291014953216,-0.04681879340161967,0.11058811570671936,-0.016146543463695595,-0.015029025391112042,-0.13548751622284713,-0.004556936978572279,-0.036419963241792294,0.08366027865096128,-0.13186565847449608,-0.23139173797237306,0.06791729824180241,-0.030706628487724884,0.1099377629692891,-0.1471232371017442,-0.05873886530480846,0.01718921838201899,0.01553985782377952,0.0924959519344169,0.10019018009908146,-0.10537936523110747,-0.033980025124465726,0.1940982556385098,-0.1132783008446672,-0.13974888572111374,0.11118686200574635,-0.07545315330012947,0.058655248788072704,0.1933303258627481,-0.20239553640876565,0.1370280096079919,0.0487306646178565,0.03506204579141808,-0.012314632974792149,0.1533513294595177,0.0010345214668264066,-0.16880746765725024,-0.08531713952729653
410621,0,033,S,53033009100,1400000US53033009100,+47.5983847,-122.3217349,G5020,91,Census Tract 91,53,009100,True,seattle,Coastal / Pacific Northwest / water-constrained,Seattle,19.2244379817576,True,26.230000000000018,53,Washington,True,0.21808510638297873,0.776595744680851,0.5585106382978723,False,True,HI-only hotspot,True,29.788480731225317,19.2244379817576,0.3603723404255319,121,seattle,2024,GOOGLE/SATELLITE_EMBEDDING/V1/ANNUAL,/Users/yufeizhou/Desktop/heat-exposure-compare/data/processed/seattle/seattle_master_lst_hi_hotcompare.gpkg,seattle_master_lst_hi_hotcompare,0.0042005955450148125,-0.3143577602052263,0.01733584503680493,-0.11255905339170122,0.046807548862789525,-0.16019307513920897,-0.029797208816344605,-0.15805182194406248,-0.016682516405081338,-0.01194367964013585,0.07361553572271709,0.032312461805581776,-0.10796016409935218,-0.1539319601623178,-0.12942179834111053,-0.10134564378475883,0.1919290958504912,0.15895789816050448,0.041913756453105085,0.07237343295328201,0.03425170053047819,0.08211151921102694,-0.17444754412907715,0.07850011908477512,-0.04237485960239972,0.17540179862365943,0.04714315112246647,-0.02580678194172095,0.09445916623841513,-0.010362010351969174,0.025524785981638123,-0.1530452999726634,0.03375022891414642,-0.09474116386317047,0.06483264798741113,-0.13530280381906448,-0.2243903402987739,0.07319894540122637,-0.0036111599377890487,0.11888224531464824,-0.15283499907971218,-0.041940081544627694,-0.018877950211839894,-0.027392775414921435,0.07581166480769476,0.11092903123295433,-0.09886068759748844,-0.009031033848110765,0.19121765223293566,-0.07035015866645171,-0.14778209378312698,0.1547510804659777,-0.09120340203176631,0.04064825488825467,0.2091545882004853,-0.1935314698201446,0.11294114480217383,0.034804240018993376,0.037630231877758984,-0.034979981161109466,0.1585006767104356,-0.0385826733061636,-0.1802268876205335,-0.04954938193422033
954203,0,033,S,53033001000,1400000US53033001000,+47.7064073,-122.2960632,G5020,10,Census Tract 10,53,001000,True,seattle,Coastal / Pacific Northwest / water-constrained,Seattle,18.604142996193676,True,29.28945273631842,53,Washington,True,0.6117021276595744,0.1622340425531915,-0.4494680851063829,False,False,Neither hotspot,False,29.788480731225317,19.2244379817576,0.3603723404255319,122,seattle,2024,GOOGLE/SATELLITE_EMBEDDING/V1/ANNUAL,/Users/yufeizhou/Desktop/heat-exposure-compare/data/processed/seattle/seattle_master_lst_hi_hotcompare.gpkg,seattle_master_lst_hi_hotcompare,-0.015027263517773629,-0.24527988613386675,-0.09787713661891284,0.0035130559402793333,0.07393936937777773,-0.07119903238123663,-0.03411713673249282,-0.108609750480642,0.16707899742145466,-0.138262538611819,0.13359462838178457,0.03498462697679111,-0.2256795997008329,-0.14341494445191877,-0.09010348438470227,0.015082078656690357,0.06898314550513725,0.13780530193173077,0.057011609032007735,0.10939418674028822,0.023244048781348097,0.05020754562302897,-0.09891859705500487,0.13720084574035285,0.0009820069418646725,0.2547387446755693,0.03557686293109482,-0.13120497445366786,0.12816702686312542,0.02093514207025944,-0.06275773351012462,-0.07141880053949903,-0.00819119921933185,0.06294454760686478,0.07709436291181875,-0.06858541859850735,-0.18132193524631354,0.033599391790702385,-0.06971955269953087,0.07732509370632798,-0.15806977049225396,-0.02468747461763574,0.06945254859442959,0.04664984475962552,0.08308781577465162,0.1000762545646713,-0.06770329314902356,-0.07166507032647751,0.19939860358762235,-0.17058345550872842,-0.17579922233437945,0.027843816316792,-0.03140890617025687,0.09133052346409332,0.2000520687429887,-0.20496691544590423,0.15403066992135508,0.09156999961903395,0.023605966349100917,0.010015789355049322,0.1881040698589624,-0.004600786128279865,-0.09659850982566538,-0.0941892432146685
0,280625457,035,S,53035990100,1400000US53035990100,+47.7237539,-122.4652339,G5020,9901,Census Tract 9901,53,990100,False,seattle,Coastal / Pacific Northwest / water-constrained,Seattle,18.972495261248913,True,21.40410689779047,53,Washington,True,0.031914893617021274,0.5106382978723404,0.4787234042553191,False,False,Neither hotspot,True,29.788480731225317,19.2244379817576,0.3603723404255319,123,seattle,2024,GOOGLE/SATELLITE_EMBEDDING/V1/ANNUAL,/Users/yufeizhou/Desktop/heat-exposure-compare/data/processed/seattle/seattle_master_lst_hi_hotcompare.gpkg,seattle_master_lst_hi_hotcompare,-0.01560530928046168,-0.1392439781623333,-0.23951509620465167,-0.14042630182626836,0.004349125788435215,0.042506455923653215,0.05349806387481498,0.1351391284757123,0.1251343498869898,0.04492706747569294,0.10159233923837897,-0.0998945010245289,-0.014079170076372122,-0.15285648552534195,0.07504570895378272,-0.008468213761442668,0.08665518968270994,-0.12148325793645136,0.07731113764008023,-0.00880496778293867,0.04539472385907031,0.17852588961034405,-0.08851897834098499,0.23651493219611186,-0.11443143263514094,-0.12487886070515836,0.0339326541797871,-0.3261583722984886,0.12242219727610923,-0.15324796997861784,-0.19689672786504742,0.28748663027598265,0.12000115520949957,-0.06544662885505252,-0.1679595552155359,-0.0430344981750821,0.08766578746684076,-0.0073297602701518465,0.017986691268418443,0.17465961576672942,-0.06543481217962697,-0.12462940670803237,0.18678733170323938,0.033525378905003025,0.0009959291095305754,0.2102565018518355,-0.14968165646057985,0.06958426493794874,-0.06815067927399263,-0.1020572690218962,-0.02151514766196389,0.061198081292055624,-0.09911169126678478,0.012868335538230885,-0.003162892878031459,-0.034024349490041905,-0.052378300480562204,0.15630221221751878,-0.011223007549756797,-0.04861154895460826,0.05441882812714165,-0.19065460573906926,0.02327220395876594,0.2617048536645611
212967,0,033,S,53033005305,1400000US53033005305,+47.6590644,-122.3148784,G5020,53.05,Census Tract 53.05,53,005305,True,seattle,Coastal / Pacific Northwest / water-constrained,Seattle,18.604142996193676,True,30.23128048780491,53,Washington,True,0.8297872340425532,0.1622340425531915,-0.6675531914893617,True,False,LST-only hotspot,False,29.788480731225317,19.2244379817576,0.3603723404255319,124,seattle,2024,GOOGLE/SATELLITE_EMBEDDING/V1/ANNUAL,/Users/yufeizhou/Desktop/heat-exposure-compare/data/processed/seattle/seattle_master_lst_hi_hotcompare.gpkg,seattle_master_lst_hi_hotcompare,0.036254112940855704,-0.2831119890446602,-0.002721865751566146,-0.13415730468741432,0.027956849721522303,-0.18825615237570087,0.01665004931360834,-0.1562985136089615,-0.05047923361130555,0.012180794714387435,0.07258099407011823,0.053202356686522075,-0.09276591366343288,-0.14657021429578762,-0.16679515883194337,-0.13933936155569687,0.20679502589643883,0.14211951936329922,0.032255499037305756,0.07720818917877281,0.05686889651907184,0.08626457523695742,-0.20022072322793308,0.0782984382670732,-0.007204414435547635,0.16868173430095157,0.043352320364329226,-0.00922592251345343,0.08871204836729597,-0.022095482314840098,0.05248366036452512,-0.10994850989485569,0.011860961779711965,-0.08013044059131263,0.0998593040310408,-0.15075814507579724,-0.28406472460941606,0.06129244749139102,0.04250433370099157,0.013793090476229574,-0.18058221271936636,-0.054360335125518085,-0.03230520817411407,-0.03439370704245093,0.08518005109770738,0.12189747745906933,-0.10785017093633002,-0.015411699577028752,0.14908248330156806,-0.044445799527699996,-0.1809643997151873,0.135865438835612,-0.11703009948334453,0.03637487365168693,0.22326977257949837,-0.21884820817702036,0.09594709725043188,0.04611772788513642,0.06805811651437016,-0.0475430370449607,0.1430062172269703,-0.045927584041053446,-0.18775891098994996,-0.01105312923473514
1211013,0,033,S,53033000300,1400000US53033000300,+47.7305259,-122.3329277,G5020,3,Census Tract 3,53,000300,True,seattle,Coastal / Pacific Northwest / water-constrained,Seattle,18.604142996193676,True,27.617736051502163,53,Washington,True,0.30851063829787234,0.1622340425531915,-0.14627659574468085,False,False,Neither hotspot,False,29.788480731225317,19.2244379817576,0.3603723404255319,125,seattle,2024,GOOGLE/SATELLITE_EMBEDDING/V1/ANNUAL,/Users/yufeizhou/Desktop/heat-exposure-compare/data/processed/seattle/seattle_master_lst_hi_hotcompare.gpkg,seattle_master_lst_hi_hotcompare,-0.004700747641452545,-0.24714720437583634,-0.08222474288646076,-0.021409497952264992,0.07128100843529853,-0.05459117465345688,-0.054453299041052554,-0.13469980490542677,0.1537940246252149,-0.13330253398037192,0.14888578849916487,0.054800672689518236,-0.21401127286802088,-0.13312191345746585,-0.09790142702129787,-0.0027256075700776883,0.07882287843228629,0.1404107814172974,0.08616870398248144,0.09447889185872671,0.029832360577148363,0.07004380764336242,-0.10107756470546538,0.13568793704919627,-0.022778342632711075,0.25481635889028775,0.03071478127463803,-0.12545445455862153,0.12924669837382377,0.007758829328979447,-0.03628225839841844,-0.07872425365048144,-0.013690121410568891,0.01874396282223211,0.05305597003484453,-0.08463176584535025,-0.19312786284020164,0.05049162055314726,-0.043332700329917914,0.082487605324979,-0.170380412822802,-0.04301702838380082,0.07325511286024777,0.049408393438381375,0.1048761133018512,0.11594220402058332,-0.059898516953921496,-0.059270726228302255,0.20913982944746112,-0.1665923359010434,-0.17292782495908,0.020091730963643854,-0.03697275047351214,0.0796939157741712,0.2117414508577654,-0.19676387694388575,0.14351867089495096,0.08374871226175983,0.02884378516909678,-0.01238029795767145,0.1975259230913652,0.027037015472242583,-0.0957745530036197,-0.08985305529161697
1294438,0,033,S,53033000700,1400000US53033000700,+47.7156896,-122.3018611,G5020,7,Census Tract 7,53,000700,True,seattle,Coastal / Pacific Northwest / water-constrained,Seattle,18.604142996193676,True,29.426333333333343,53,Washington,True,0.6382978723404256,0.1622340425531915,-0.47606382978723405,False,False,Neither hotspot,False,29.788480731225317,19.2244379817576,0.3603723404255319,126,seattle,2024,GOOGLE/SATELLITE_EMBEDDING/V1/ANNUAL,/Users/yufeizhou/Desktop/heat-exposure-compare/data/processed/seattle/seattle_master_lst_hi_hotcompare.gpkg,seattle_master_lst_hi_hotcompare,0.006560771146266266,-0.2596821863985128,-0.09425086425248883,-0.01923247093144364,0.07172877841843003,-0.07131878707545487,-0.05072083739321583,-0.12195247200809291,0.14681028652136788,-0.12057230036104936,0.13403115440472368,0.05259251529145266,-0.21438186809693896,-0.14246018533147356,-0.10626948999358575,-0.017636737487100883,0.08491778605495029,0.14707820713577685,0.07255010830860445,0.10785540067032547,0.030154332083116304,0.06385263599636898,-0.10190216192735706,0.12105103829166348,-0.016182268765003248,0.2600626866906262,0.030208058506176937,-0.10131816157612968,0.1235718986606008,0.013360830297102581,-0.042768160506466424,-0.08713035974610843,-0.014569509462840106,0.01708300297565172,0.08470976961008635,-0.0942205556518899,-0.20981127227025123,0.026859600524688283,-0.03299830471260404,0.08334336019664738,-0.1815087848316725,-0.047800527616132786,0.06586886263024949,0.04118212250085381,0.0953735847097505,0.10544807761819228,-0.06509794514941032,-0.06698224145441413,0.19801465477098842,-0.15686865777261313,-0.1595605248835336,0.029075533637849853,-0.03851442916798181,0.0847292656204433,0.20114202960233477,-0.20508983910701886,0.15175799650520094,0.10223655431150451,0.020745621802169156,-0.003364489763171888,0.18871884444729034,0.01763697907067597,-0.11320759513629432,-0.08306612334465269
1141931,0,033,S,53033000800,1400000US53033000800,+47.7112517,-122.2860818,G5020,8,Census Tract 8,53,000800,True,seattle,Coastal / Pacific Northwest / water-constrained,Seattle,18.604142996193676,True,28.990756153080117,53,Washington,True,0.5531914893617021,0.1622340425531915,-0.39095744680851063,False,False,Neither hotspot,False,29.788480731225317,19.2244379817576,0.3603723404255319,127,seattle,2024,GOOGLE/SATELLITE_EMBEDDING/V1/ANNUAL,/Users/yufeizhou/Desktop/heat-exposure-compare/data/processed/seattle/seattle_master_lst_hi_hotcompare.gpkg,seattle_master_lst_hi_hotcompare,-0.008157208034650087,-0.24468670543961688,-0.05330007333764311,0.0008057252144176816,0.06915412156274708,-0.06291087441806961,-0.05658332745451319,-0.06686637013215402,0.181995327208065,-0.15167878538783533,0.11548978842706112,0.030025990970054876,-0.21852806327607535,-0.12360511911934534,-0.07593358411728049,0.024396284307003795,0.05161311348106851,0.16257416963886798,0.10189380014190032,0.06262464546917784,0.03603468775720547,0.09860950910951484,-0.07854378139640951,0.14521789402778756,-0.009477431821058408,0.29582085536842023,-0.009164024750589675,-0.11412320848210479,0.14009871719348144,-0.007334747432537107,-0.06022455027843839,-0.06220668758471031,-0.0711239101427281,0.06467487946840646,0.09036169238725411,-0.11660498710102532,-0.17703776308900132,0.06049812176332405,-0.07650305231145829,0.07210151817428688,-0.1583142887916326,-0.047634212344612986,0.1135653828830187,0.04357871845325922,0.07616853061661717,0.14188191589831722,-0.08978062357186557,-0.054652650577852395,0.21185842870882216,-0.17731725745646537,-0.1693573434466058,0.028707663105739384,-0.008934838956215387,0.09697828559891063,0.18275949391660035,-0.17993947543695882,0.17468723490913832,0.1310770380528964,-0.007182594514276927,0.04708145899923722,0.19688697504539127,0.028558325580724745,-0.06355929118127279,-0.1133679190994298
2152767,213389,033,S,53033001400,1400000US53033001400,+47.7078795,-122.3674088,G5020,14,Census Tract 14,53,001400,True,seattle,Coastal / Pacific Northwest / water-constrained,Seattle,18.842136913069737,True,23.572976045473034,53,Washington,True,0.12234042553191489,0.3776595744680851,0.25531914893617025,False,False,Neither hotspot,False,29.788480731225317,19.2244379817576,0.3603723404255319,128,seattle,2024,GOOGLE/SATELLITE_EMBEDDING/V1/ANNUAL,/Users/yufeizhou/Desktop/heat-exposure-compare/data/processed/seattle/seattle_master_lst_hi_hotcompare.gpkg,seattle_master_lst_hi_hotcompare,-0.03589965314812212,-0.21689832943986165,-0.08367578966640837,-0.0037362733389346876,0.0808542528141603,-0.07894033165026436,-0.033256739538857806,-0.0649725156187233,0.17082136522755204,-0.12012657707946753,0.14708540506269224,0.024125878118990883,-0.18672088895158165,-0.1436331967685221,-0.08161211729668226,0.0396659149192206,0.06919136166322237,0.11151745326403925,0.04933602623562965,0.05378984025400366,0.029897584485508222,0.08251137692795424,-0.10052354752853881,0.1551108826437533,0.009390747244987896,0.20772942736989866,0.008918219780956927,-0.12678571571732158,0.11557247486771753,0.002563207500785153,-0.08926388996662497,-0.04487301150959265,0.0061000470386442926,0.04226745789526611,0.07031146530656034,-0.09625740212923925,-0.1683934676690225,0.02148839696802173,-0.06553924961892912,0.07362125746237769,-0.13283311043479593,-0.04095412418468589,0.11046840182625818,0.042473344464586546,0.059118665805657104,0.10946397140305818,-0.057100072680695196,-0.05139787333243039,0.19745664704320715,-0.16140084102541222,-0.1440801675419606,0.027337366145976098,-0.03383271670100155,0.09160924829410381,0.16228211080891933,-0.15404920348272916,0.1577436912294944,0.07484877594655782,0.012681372085384003,-0.0011674633293393783,0.16408234745121902,-0.012858306356729365,-0.08337431256117717,-0.06184679326526397
2020358,320118,033,S,53033001600,1400000US53033001600,+47.7004649,-122.3798699,G5020,16,Census Tract 16,53,001600,True,seattle,Coastal / Pacific Northwest / water-constrained,Seattle,18.844775426560606,True,22.423826009764788,53,Washington,True,0.06382978723404255,0.44148936170212766,0.3776595744680851,False,False,Neither hotspot,True,29.788480731225317,19.2244379817576,0.3603723404255319,129,seattle,2024,GOOGLE/SATELLITE_EMBEDDING/V1/ANNUAL,/Users/yufeizhou/Desktop/heat-exposure-compare/data/processed/seattle/seattle_master_lst_hi_hotcompare.gpkg,seattle_master_lst_hi_hotcompare,-0.05015750518318654,-0.2472492313218113,-0.07954629640778046,-0.03972180955692093,0.07082740794764465,-0.05703571430993689,-0.04672424439058123,-0.0764080777226201,0.15527810272582027,-0.1097355442284812,0.12560362161208152,-0.0031584230449834797,-0.16067951245539133,-0.15025474203301883,-0.04575939764720796,0.01676377911143902,0.10965523898230947,0.10410890651829657,0.06625522116516566,0.034819831080529266,0.02566590880075281,0.08051045277916566,-0.1048635958681541,0.1546861789372691,-0.026533419333722563,0.20153137066841786,0.02525336402861127,-0.15512617153673908,0.1200002859711983,-0.02182863435302275,-0.09033564387126246,-0.031816633305689665,0.026744695512870897,0.01672179749644425,0.025972040498924376,-0.09914822902833885,-0.126241273908416,0.0781111144521401,-0.060211138368166786,0.13952337648080532,-0.10797394290737203,-0.058262964941876175,0.1039406836650102,0.04496568413236742,0.06906893928461931,0.12082673486688658,-0.08596741628689031,-0.01112610756170404,0.1860114944449518,-0.1575501234461879,-0.11397953347308487,0.0615675745349592,-0.04737410361952128,0.08490400976414303,0.16146804937766077,-0.14478578191594627,0.13539908751206473,0.07767403442825783,0.023582800277364115,-0.0056025400274426354,0.1676567537264147,-0.01810227414410447,-0.08195190220966592,-0.03268636789554514
2804071,1154953,033,S,53033002200,1400000US53033002200,+47.6941159,-122.2754574,G5020,22,Census Tract 22,53,002200,True,seattle,Coastal / Pacific Northwest / water-constrained,Seattle,18.597003353639085,True,29.25856385136509,53,Washington,True,0.601063829787234,0.031914893617021274,-0.5691489361702128,False,False,Neither hotspot,False,29.788480731225317,19.2244379817576,0.3603723404255319,130,seattle,2024,GOOGLE/SATELLITE_EMBEDDING/V1/ANNUAL,/Users/yufeizhou/Desktop/heat-exposure-compare/data/processed/seattle/seattle_master_lst_hi_hotcompare.gpkg,seattle_master_lst_hi_hotcompare,-0.026006215213564967,-0.20740380269078024,-0.1497791343379002,-0.011808795137865384,0.05518648024386416,-0.03150045533306685,-0.017563537337848618,-0.021858715221620383,0.171449565662335,-0.09198417350605767,0.12933046240588428,-0.0047966129154904955,-0.16381466593080102,-0.1372735256544189,-0.03315481406121151,0.03484322236374519,0.07390247335386689,0.030872398135582336,0.05347885169402184,0.08242072710348082,0.030996231892966603,0.06599786885479811,-0.09355102502818106,0.16984225900007124,-0.022103374284800137,0.14886302078655567,0.04477630649618703,-0.20977003799726465,0.11668208793344467,-0.015909843902262934,-0.12722105492273217,0.04390080185586786,0.02613069725218988,0.03386853238108425,0.007681199158154745,-0.04248230455393489,-0.08372074060061047,0.007358846173771382,-0.06715742232582722,0.11468523614732251,-0.1222211931561496,-0.03917100266098785,0.11606548963755545,0.039998169893463886,0.054420047192674105,0.13835844369662484,-0.06897637672580531,-0.027992545378935123,0.11867982653279056,-0.16213101204089267,-0.13686959714641814,0.014601660984653198,-0.05169688892045292,0.07897570437324139,0.1422698532969061,-0.14988655329229505,0.10815141579841606,0.10380968206232875,0.011743684782242787,-0.01593550172699139,0.15586901462173647,-0.053444969959224514,-0.04437286823853813,0.006440535346262577
988287,0,033,S,53033002800,1400000US53033002800,+47.6851257,-122.3498985,G5020,28,Census Tract 28,53,002800,True,seattle,Coastal / Pacific Northwest / water-constrained,Seattle,18.710880215962735,True,29.5622003499563,53,Washington,True,0.7074468085106383,0.2978723404255319,-0.40957446808510645,False,False,Neither hotspot,False,29.788480731225317,19.2244379817576,0.3603723404255319,131,seattle,2024,GOOGLE/SATELLITE_EMBEDDING/V1/ANNUAL,/Users/yufeizhou/Desktop/heat-exposure-compare/data/processed/seattle/seattle_master_lst_hi_hotcompare.gpkg,seattle_master_lst_hi_hotcompare,0.034795880469370696,-0.2751641121019142,-0.05011886111465929,-0.06553942064864383,0.06883885008863126,-0.06927967280106884,-0.06313688780125187,-0.17899966117610575,0.12704989039747133,-0.15036214736438988,0.1296992127737024,0.07313911972768157,-0.20025323522894314,-0.199276755533937,-0.09373847301176406,-0.03428613955863113,0.09372314368993001,0.19243250051447508,0.08448757755675197,0.0979890951061959,0.021054171124204334,0.09746066427962186,-0.09571223849686265,0.12351194841462879,-0.051482142093117786,0.27095821006101417,0.05512486909293909,-0.0834646999365644,0.1268697356776736,0.022856773674031845,-0.04281326096425194,-0.09057903209227303,-0.04879841886746191,-0.0046771186957755,0.12770997969663728,-0.11997428400796688,-0.20940050341008415,0.02615196555949637,-0.022646749152447222,0.07902946991638941,-0.1840248165011712,-0.08116279392253348,0.0604336942696404,0.040786773795994845,0.1348602998896477,0.09551031146824555,-0.08555676465461637,-0.06398388007358609,0.1952177363475135,-0.13403453565910767,-0.09505041181843221,0.022348454895206645,-0.08904162787566934,0.04453847127553513,0.1971803984400282,-0.23120931413102763,0.16295678279721107,0.07427380942763255,0.020934727598611234,-0.004286620655327253,0.1576647304667436,0.07825745376453752,-0.15815084911984745,-0.07299353837844393
1147619,0,033,S,53033006500,1400000US53033006500,+47.6309633,-122.3177579,G5020,65,Census Tract 65,53,006500,True,seattle,Coastal / Pacific Northwest / water-constrained,Seattle,19.2244379817576,True,28.519622926093536,53,Washington,True,0.42021276595744683,0.776595744680851,0.3563829787234042,False,True,HI-only hotspot,True,29.788480731225317,19.2244379817576,0.3603723404255319,132,seattle,2024,GOOGLE/SATELLITE_EMBEDDING/V1/ANNUAL,/Users/yufeizhou/Desktop/heat-exposure-compare/data/processed/seattle/seattle_master_lst_hi_hotcompare.gpkg,seattle_master_lst_hi_hotcompare,-0.04048647904483405,-0.2433371544144676,-0.04386576698359652,-0.022644936355334173,0.05957712149930881,-0.10118623505660926,-0.03644627960496169,-0.10809064897365023,0.16554420071753065,-0.14174515477798627,0.13249978652245978,0.031192031791216844,-0.19446878279403995,-0.15524851383103822,-0.09306213812183926,0.050933192264041166,0.07752755991724553,0.16339447118986858,0.0550144917426192,0.04978942672083706,0.03792300027960717,0.07563004003451129,-0.0936291219577829,0.14444297494519362,0.0032495582411295352,0.2497816260309717,0.018156813991185166,-0.11680901258699344,0.12327808507239027,0.003902818135971452,-0.05652147755537945,-0.04759767657127116,-0.026251109630229252,0.0420720703018003,0.10298952278503368,-0.10418333589126177,-0.2053885243730385,0.06382989277652995,-0.07558414355112746,0.04614819875211088,-0.1429989712543101,-0.05267127548679317,0.06692533240709982,0.04640868558030542,0.09037711688887924,0.08927745793297394,-0.09451078583563557,-0.03927004801256757,0.2107015261180432,-0.15292739389649768,-0.15433639147062161,0.03688876881334365,-0.05832107508401312,0.09471086763624384,0.1883732466239693,-0.18878509819434003,0.1636848742998714,0.07624990979791739,0.02254544640872549,0.030284150477984155,0.16897252016877168,0.010633869291867968,-0.10322097276513595,-0.09626518277912711
2200035,509440,033,S,53033003100,1400000US53033003100,+47.6877574,-122.3964308,G5020,31,Census Tract 31,53,003100,True,seattle,Coastal / Pacific Northwest / water-constrained,Seattle,18.844775426560606,True,21.534077844311415,53,Washington,True,0.047872340425531915,0.44148936170212766,0.39361702127659576,False,False,Neither hotspot,True,29.788480731225317,19.2244379817576,0.3603723404255319,133,seattle,2024,GOOGLE/SATELLITE_EMBEDDING/V1/ANNUAL,/Users/yufeizhou/Desktop/heat-exposure-compare/data/processed/seattle/seattle_master_lst_hi_hotcompare.gpkg,seattle_master_lst_hi_hotcompare,-0.029155102515205474,-0.24281136797998756,-0.06201903044572356,-0.060821727720724916,0.06473325205611447,-0.036953990614529704,-0.04361914759146425,-0.06710935040895252,0.15545525632235782,-0.10796483733662231,0.11762495858224294,0.015649712199756364,-0.1559854034336763,-0.1697901886809167,-0.03342236433429213,0.0046194240462969684,0.10150610750937139,0.10393278883144547,0.07921733769124134,0.03136975611155715,0.020977796990161,0.13225630940998642,-0.11753257136151965,0.15977107052529793,-0.02595402926605505,0.19016263005417194,0.010083314809319057,-0.15038163729266088,0.1283009499198568,-0.035909694288378854,-0.08434654235995527,-0.019574209293042825,-0.019700462494066817,0.02140069690855219,0.03671957292160579,-0.11822609604889764,-0.1228646995100086,0.040316684197999185,-0.04298620424376142,0.11804877421625065,-0.10899961630662593,-0.04524365383197357,0.11560270185634205,0.04881058379158761,0.07761213060033806,0.14254925701539437,-0.06530624665413286,-0.0272044523733536,0.1741234748004804,-0.14338048579321824,-0.10776957608549448,0.04079314189890754,-0.054286338656189384,0.07216675436541596,0.15730937950501048,-0.1519870010931451,0.13330013112121428,0.07222915866181046,0.01897955673893901,-6.570939992303085e-05,0.15963876726298293,-0.009334676231018807,-0.09079285987495658,-0.02978768947139743
973801,0,033,S,53033003900,1400000US53033003900,+47.6794117,-122.2823415,G5020,39,Census Tract 39,53,003900,True,seattle,Coastal / Pacific Northwest / water-constrained,Seattle,18.604142996193676,True,30.6147368421053,53,Washington,True,0.898936170212766,0.1622340425531915,-0.7367021276595744,True,False,LST-only hotspot,False,29.788480731225317,19.2244379817576,0.3603723404255319,134,seattle,2024,GOOGLE/SATELLITE_EMBEDDING/V1/ANNUAL,/Users/yufeizhou/Desktop/heat-exposure-compare/data/processed/seattle/seattle_master_lst_hi_hotcompare.gpkg,seattle_master_lst_hi_hotcompare,-0.0076593246375222315,-0.27628116842411077,-0.03398209250097258,-0.03868326044631067,0.07926878951112434,-0.08862537468773084,-0.05939775548576853,-0.16392642517969874,0.1579237277577504,-0.16634198164370315,0.09896721429230383,0.050646319650859604,-0.20746437954201521,-0.15424430114262933,-0.09397103009423254,0.017791959244472955,0.08495966348939023,0.20350410844851463,0.10393977583029965,0.06094417620127826,0.02464049403963544,0.08593128385954193,-0.07363637999920744,0.1342464978034372,-0.04757176798902605,0.2768360761936162,0.04839736446257892,-0.10654410659915987,0.1252526954099536,0.004032264353141051,-0.049350560271573106,-0.08313307837771927,-0.05408710959144436,0.025509022523603868,0.10926063797184331,-0.09916517733919189,-0.1936851170435972,0.07524091989341201,-0.06422509420519723,0.10911805894432643,-0.13699937731604067,-0.06306693624281057,0.06345648025368232,0.04345604221522405,0.1134034777847059,0.08173562204233707,-0.10192374682463794,-0.05552578344341495,0.19384882319462315,-0.17478565170701696,-0.11776026728928063,0.03524164975941044,-0.062253036709622823,0.052996363896787836,0.18910017150749486,-0.21064909236175935,0.16233872250436143,0.08468534114077247,0.01615861704175899,0.013814890235309163,0.17614749228331125,0.06867110471798786,-0.13926328842429703,-0.1088719530429227
1822362,260223,033,S,53033005801,1400000US53033005801,+47.6548926,-122.3850376,G5020,58.01,Census Tract 58.01,53,005801,True,seattle,Coastal / Pacific Northwest / water-constrained,Seattle,18.844775426560606,True,22.866836601307217,53,Washington,True,0.0851063829787234,0.44148936170212766,0.35638297872340424,False,False,Neither hotspot,False,29.788480731225317,19.2244379817576,0.3603723404255319,135,seattle,2024,GOOGLE/SATELLITE_EMBEDDING/V1/ANNUAL,/Users/yufeizhou/Desktop/heat-exposure-compare/data/processed/seattle/seattle_master_lst_hi_hotcompare.gpkg,seattle_master_lst_hi_hotcompare,-0.006927502601346976,-0.26931044650009345,-0.07787633527978213,-0.08555263242666693,0.05729641787830733,-0.08615829904870911,-0.052579932711783836,-0.14614776439371566,0.06368893658272518,-0.04755116277766381,0.12381064717366178,0.034189215923618524,-0.1532232323511939,-0.18928681324056895,-0.09561870429764288,-0.07484611393473563,0.16055118157788228,0.12237449448269164,0.007367813036300091,0.11297204161368728,0.028617159455582325,0.06776394031231728,-0.16075501688569246,0.11343923062495717,-0.03827064869422397,0.19533562359452947,0.043696216403710214,-0.08367962198983465,0.10741399984685449,0.010745604536360734,-0.0063939709585399,-0.08626942076226644,0.05352932728085011,-0.04812805647534608,0.06845956608636562,-0.08590978642831397,-0.19864539436432702,0.04575905039834829,-0.020998215915842795,0.10013541105998226,-0.16832864171947173,-0.053885965697540915,0.02410088216259633,0.018123998947125478,0.10596983762424005,0.12221070841801343,-0.05908231855895763,-0.04191973730853645,0.16978431545873046,-0.10433645967318664,-0.1438837730444408,0.09975786320539429,-0.0735449146809098,0.07202822738241316,0.19441480767832728,-0.20957698198373365,0.13441904484697872,0.052373051925348336,0.04388312992562831,-0.018062768443721223,0.14478079757006446,-0.04558780853392967,-0.1491155253281272,-0.03856712598683125
0,240227879,033,S,53033990100,1400000US53033990100,+47.5114466,-122.4154275,G5020,9901,Census Tract 9901,53,990100,True,seattle,Coastal / Pacific Northwest / water-constrained,Seattle,19.3161914496394,True,21.45104082752999,53,Washington,True,0.03723404255319149,0.9308510638297872,0.8936170212765957,False,True,HI-only hotspot,True,29.788480731225317,19.2244379817576,0.3603723404255319,136,seattle,2024,GOOGLE/SATELLITE_EMBEDDING/V1/ANNUAL,/Users/yufeizhou/Desktop/heat-exposure-compare/data/processed/seattle/seattle_master_lst_hi_hotcompare.gpkg,seattle_master_lst_hi_hotcompare,-0.014867061806312408,-0.14101934342131303,-0.24306837083110316,-0.1360887299612162,0.008089190034321299,0.04622507238939127,0.0557017507718548,0.13922113320171267,0.12352126791639717,0.047312241734580755,0.09841938812404166,-0.09489663517046278,-0.015246837113744593,-0.15546181513475238,0.07740655156067518,-0.011755394283381869,0.09069028252915608,-0.12292069819793265,0.0720628790318504,-0.013355207144500666,0.04486409201106491,0.1649027259286041,-0.08884436624779163,0.23042854804851337,-0.10552110340106008,-0.1148588365551011,0.03173473530097063,-0.32510545499939575,0.12439803395805031,-0.14432037147915985,-0.2078138034902231,0.2917640601209915,0.11377307291311388,-0.0656510222722059,-0.16999291383003837,-0.04092216763024945,0.09383956154251033,-0.01336218673913452,0.021278378420338764,0.18784149409872783,-0.054720908902160845,-0.12875742171954602,0.18657710244861733,0.03298225837506849,0.0010339380457537728,0.21274265055595093,-0.1486172170781932,0.06840482697993663,-0.06642636550635161,-0.1069591688042836,-0.019926365940586367,0.06515438944878545,-0.0926559308912203,0.02037899921925744,-0.007811255347902023,-0.03327737308175731,-0.056012840779741925,0.15988054848282496,-0.00994852526357709,-0.05183738756082169,0.060986179620131975,-0.18616991934137017,0.02860520928717808,0.2624099996778446
1058322,0,033,S,53033007700,1400000US53033007700,+47.6191203,-122.2973516,G5020,77,Census Tract 77,53,007700,True,seattle,Coastal / Pacific Northwest / water-constrained,Seattle,19.2244379817576,True,29.727360764754792,53,Washington,True,0.7446808510638298,0.776595744680851,0.03191489361702127,False,True,HI-only hotspot,True,29.788480731225317,19.2244379817576,0.3603723404255319,137,seattle,2024,GOOGLE/SATELLITE_EMBEDDING/V1/ANNUAL,/Users/yufeizhou/Desktop/heat-exposure-compare/data/processed/seattle/seattle_master_lst_hi_hotcompare.gpkg,seattle_master_lst_hi_hotcompare,0.024899333203646075,-0.2542327705033177,-0.05715423590721668,-0.04095677952697043,0.08340196886051834,-0.06639145059549734,-0.03916395095427255,-0.1616260865936803,0.1371316613015111,-0.14535233300843126,0.12265592432079324,0.05731778608148901,-0.21772837658063388,-0.198342536384504,-0.0983865038593168,-0.006820486500351831,0.10380572991270473,0.1643653724485776,0.053186168352280586,0.12196983886228763,0.02561630794675605,0.07315705229723231,-0.1176381956853321,0.13247794394370024,0.000720459696003607,0.2818117365050273,0.04575745941265406,-0.11263666617927674,0.11840357932363815,0.010685481448711356,-0.05417362477098027,-0.07622075230613563,-0.03852972808722778,0.03312048590598744,0.1559661967525832,-0.10339133077848507,-0.1982166233601696,0.006041663095067177,-0.04688867022661662,0.055366377707667634,-0.18234131795707542,-0.05950042785770594,0.06273050237650654,0.04475070858175445,0.12013618670066042,0.09443260027811823,-0.07463334744576726,-0.07653309588118769,0.16487312519142144,-0.1430784639200834,-0.1155001887775486,0.0011014223223924494,-0.07113495564621398,0.08647884762124163,0.20003535059593203,-0.2310435033570567,0.1926572742001804,0.07318345973768473,0.025241288431228668,-0.008470255672737854,0.17371184749547167,0.04932669126778074,-0.15034354602751102,-0.07951492058340245
571882,0,033,S,53033007600,1400000US53033007600,+47.6218678,-122.3075858,G5020,76,Census Tract 76,53,007600,True,seattle,Coastal / Pacific Northwest / water-constrained,Seattle,19.2244379817576,True,29.712744186046542,53,Washington,True,0.7340425531914894,0.776595744680851,0.04255319148936165,False,True,HI-only hotspot,True,29.788480731225317,19.2244379817576,0.3603723404255319,138,seattle,2024,GOOGLE/SATELLITE_EMBEDDING/V1/ANNUAL,/Users/yufeizhou/Desktop/heat-exposure-compare/data/processed/seattle/seattle_master_lst_hi_hotcompare.gpkg,seattle_master_lst_hi_hotcompare,0.02837352887943687,-0.27719395425937754,-0.03628319048844539,-0.06914033467763923,0.07040102376428378,-0.11398638847210273,-0.04470801800934365,-0.18187085803830735,0.10117062640949909,-0.11653618574331623,0.11729063328074102,0.06946296348916098,-0.18714964009315796,-0.19342398349522777,-0.12611569316138768,-0.025884991928333604,0.11358209319305008,0.17778092874438117,0.06319375072080029,0.09276574457885035,0.02746364846934649,0.09134568630106119,-0.12115010152757653,0.12042736946069905,-0.028700293953397057,0.26130490587691513,0.05396883865274157,-0.07328091576814211,0.10590271436578996,-0.003857940445105451,-0.03992257574130888,-0.10403811335294813,-0.03519887780684297,-0.013787865926385777,0.1584767301550025,-0.12915286282535723,-0.22388303450741046,0.027463795553904113,-0.018053960415344784,0.0566840813858711,-0.20149044227863758,-0.07266427556535313,0.039824951964818896,0.02977829744715181,0.11021332053959786,0.08781706692951727,-0.08964229039052428,-0.061144636226703276,0.18148141269503779,-0.13256128489525537,-0.10585433481226263,0.02888369004720585,-0.08537307295784875,0.06844495638405386,0.1963345194145393,-0.23355665820467406,0.17440034517246933,0.077179775848523,0.022453106855774212,-0.013108277202775598,0.15953962786550613,0.04454370191216418,-0.17288983179764117,-0.07085594355672334
2097741,3632914,033,S,53033007800,1400000US53033007800,+47.6141558,-122.2810958,G5020,78,Census Tract 78,53,007800,True,seattle,Coastal / Pacific Northwest / water-constrained,Seattle,19.2244379817576,True,27.85434521301994,53,Washington,True,0.32978723404255317,0.776595744680851,0.44680851063829785,False,True,HI-only hotspot,True,29.788480731225317,19.2244379817576,0.3603723404255319,139,seattle,2024,GOOGLE/SATELLITE_EMBEDDING/V1/ANNUAL,/Users/yufeizhou/Desktop/heat-exposure-compare/data/processed/seattle/seattle_master_lst_hi_hotcompare.gpkg,seattle_master_lst_hi_hotcompare,-0.020117339611224826,-0.20037442660454324,-0.1777808814198034,-0.06959944337670862,0.04390766471696441,0.004380785932311272,0.01257425803521269,0.047848205526614576,0.1341915664583796,-0.022843080481816505,0.11810022048344107,-0.047534651174749296,-0.09717922331256816,-0.14652368221388734,0.012097881690635911,0.008899086166034471,0.0858203183994173,-0.04317711830880598,0.049643501621996294,0.04980268877683589,0.028157082811957397,0.10088758197045622,-0.10544884430715724,0.19791649978933273,-0.05445047059128632,0.028160642280709126,0.021589432954326963,-0.247444058498168,0.12142384425401498,-0.0781611671752745,-0.16162700663541504,0.12439917072262145,0.06117393892321313,0.0010733852671628934,-0.06508003254029496,-0.045356989585738326,-0.02463074356957074,-0.03231182266465421,-0.02005409557602104,0.15704707203193166,-0.11934385525068254,-0.06896358272553989,0.16295696763311554,0.03277937682384921,-0.005190618821806918,0.1873039151310647,-0.10870030909534974,0.021617552820848953,0.002999347520853015,-0.14007257550488775,-0.08449956614136733,0.03657656279878263,-0.06895033743303754,0.06543075636615031,0.07398532436896436,-0.08247810405784535,0.04672871619380087,0.13878216660182377,0.0030429533593854022,-0.04900037310106293,0.10561046609870972,-0.11957632040439443,-0.024348929874525437,0.136905506805333
1568590,1017000,033,S,53033004600,1400000US53033004600,+47.6738738,-122.3347099,G5020,46,Census Tract 46,53,004600,True,seattle,Coastal / Pacific Northwest / water-constrained,Seattle,18.604142996193676,True,29.631567361800762,53,Washington,True,0.7127659574468085,0.1622340425531915,-0.550531914893617,False,False,Neither hotspot,False,29.788480731225317,19.2244379817576,0.3603723404255319,140,seattle,2024,GOOGLE/SATELLITE_EMBEDDING/V1/ANNUAL,/Users/yufeizhou/Desktop/heat-exposure-compare/data/processed/seattle/seattle_master_lst_hi_hotcompare.gpkg,seattle_master_lst_hi_hotcompare,-0.07207343799026183,-0.24247758631093977,-0.14671988482302953,-0.03505781059949892,0.03456698687482391,-0.052326623219949076,-0.021274552148412357,-0.005245233455655734,0.12585234117193095,-0.07186307164501995,0.15121531539601363,-0.041724182499068334,-0.12379124059680362,-0.1453515596572434,-0.04505850243926927,0.021503620771662218,0.04454896996768856,0.03426179084837917,0.04427694148797614,0.0536573934042617,0.01928497985975717,0.07750485177293286,-0.11706331088870116,0.16814483998796817,-0.0531135252876483,0.12974265787966074,0.06137162780425193,-0.18233449596174858,0.11921684356617461,-0.03790868999745099,-0.13494914320347132,0.04211813979497288,0.004525881452524409,0.023490256507156013,-0.007987993476732428,-0.036693210306973624,-0.07684623348841374,-0.00023197909964399943,-0.053428203732765335,0.13395507308577853,-0.11995808905756923,-0.06370786100638766,0.12834073033013343,0.03865858664459229,0.027621607968201654,0.14317430416360388,-0.0887447623513054,-0.0025844280142885857,0.10846442101756337,-0.17617933542989925,-0.1553459330488215,0.058004616796662724,-0.044836755873952375,0.0675430872201754,0.11268450747642227,-0.14089763337563826,0.10070560705320701,0.11487206462541641,0.02175293640069053,-0.003871917430691374,0.12626138948463955,-0.0851103874681211,-0.034667639702835824,0.030246968722443528
757380,0,033,S,53033005000,1400000US53033005000,+47.6608696,-122.3418076,G5020,50,Census Tract 50,53,005000,True,seattle,Coastal / Pacific Northwest / water-constrained,Seattle,18.604142996193676,True,30.152120098039244,53,Washington,True,0.8138297872340425,0.1622340425531915,-0.651595744680851,True,False,LST-only hotspot,False,29.788480731225317,19.2244379817576,0.3603723404255319,141,seattle,2024,GOOGLE/SATELLITE_EMBEDDING/V1/ANNUAL,/Users/yufeizhou/Desktop/heat-exposure-compare/data/processed/seattle/seattle_master_lst_hi_hotcompare.gpkg,seattle_master_lst_hi_hotcompare,0.00709590641709012,-0.29540831740536544,-0.03251119307558085,-0.07282673921996553,0.0779195992185856,-0.10297488163973832,-0.053509760735487785,-0.1668291637837956,0.09322102967123336,-0.11363670992858585,0.11471668305855447,0.047471836055192576,-0.18511947293981992,-0.1790844896524778,-0.12176989581062186,-0.0484623312303346,0.11916061634930984,0.18255914031355258,0.059387184079816246,0.080284903926299,0.023031480475366545,0.0807885184813768,-0.12221252573566412,0.10997350434531535,-0.037756748889600726,0.25497374002381085,0.0601700172562499,-0.06124596198940939,0.1082239244093068,0.0017682982111632288,-0.03087753171200159,-0.12087299435097115,-0.02287082031748716,-0.019723362755226428,0.12105145898381733,-0.12737861645878587,-0.22288443796011723,0.0477356577734565,-0.015462775568921018,0.09793171415994713,-0.17475385539223007,-0.07823684947334716,0.043373912750093696,0.02617406163184401,0.10654281777429553,0.08959429268108293,-0.10131591384318948,-0.04181694994096682,0.1896134109195659,-0.12396171607609224,-0.11561051068422662,0.07001564497780664,-0.07785323383358259,0.05524303992813019,0.2011216031883419,-0.2170355580835699,0.15539495045622953,0.07257270880058765,0.022726961860638804,-0.003254524823678976,0.16768934123447451,0.036155810205958164,-0.17470705830909922,-0.06135384905437111
5085642,2365806,033,S,53033005700,1400000US53033005700,+47.6581015,-122.4137704,G5020,57,Census Tract 57,53,005700,True,seattle,Coastal / Pacific Northwest / water-constrained,Seattle,18.844775426560606,True,20.32826898810521,53,Washington,True,0.010638297872340425,0.44148936170212766,0.4308510638297872,False,False,Neither hotspot,True,29.788480731225317,19.2244379817576,0.3603723404255319,142,seattle,2024,GOOGLE/SATELLITE_EMBEDDING/V1/ANNUAL,/Users/yufeizhou/Desktop/heat-exposure-compare/data/processed/seattle/seattle_master_lst_hi_hotcompare.gpkg,seattle_master_lst_hi_hotcompare,-0.07541798930645334,-0.1713415835225227,-0.1483548368943415,-0.02611455653807578,0.050233074372621415,-0.045339942897170984,-0.01008993781092572,0.026905693144377026,0.1721748900534693,-0.03975691080744801,0.12313231119231438,-0.006966259566046232,-0.13005374504837722,-0.12266678204818376,-0.03284954504980056,0.029670304523786883,0.08477037097934627,-0.0005373489719979653,0.031828434798167916,0.03751312382361659,0.02791132461365223,0.10173680803385438,-0.10778064241452993,0.18880732194017805,0.00581897985838639,0.09768805309468873,-0.00916469830069569,-0.19674135179674207,0.11707678329995136,-0.03488092046557887,-0.11948506856904943,0.03984113417230781,0.06374082047472077,0.021050098897376662,-0.013272346356611254,-0.05452890901750802,-0.10054374994773645,0.02104194798480861,-0.05915346335442037,0.09860857157290841,-0.08137940252550603,-0.015768068381754888,0.12917948949750027,0.03791285462455459,0.011720054149022767,0.14633982986748245,-0.036807735167233555,-0.02217791403157246,0.15214056360036143,-0.13702834930335614,-0.153888511632922,0.05794227994292508,-0.015510454141699053,0.08095447142725559,0.12245219657747303,-0.10652424875129266,0.07345477301824004,0.07582553347735342,0.008978978808762446,-0.011973941421720967,0.14569098902368313,-0.09983272624665038,-0.04359968250128905,0.007982896992550947
903649,0,033,S,53033006400,1400000US53033006400,+47.6285398,-122.3048258,G5020,64,Census Tract 64,53,006400,True,seattle,Coastal / Pacific Northwest / water-constrained,Seattle,19.2244379817576,True,29.08051954732512,53,Washington,True,0.5851063829787234,0.776595744680851,0.1914893617021276,False,True,HI-only hotspot,True,29.788480731225317,19.2244379817576,0.3603723404255319,143,seattle,2024,GOOGLE/SATELLITE_EMBEDDING/V1/ANNUAL,/Users/yufeizhou/Desktop/heat-exposure-compare/data/processed/seattle/seattle_master_lst_hi_hotcompare.gpkg,seattle_master_lst_hi_hotcompare,0.02951751365232517,-0.23447616333320753,-0.08125816621195978,-0.02712593850704343,0.06687276694002482,-0.07479282204646678,-0.028769778152575004,-0.14595778839077464,0.17292574271245784,-0.1513013398882181,0.13772684494245227,0.05488057840273507,-0.2321524155752598,-0.1885121618191292,-0.09242936968657382,0.014578333897964472,0.07987654399525795,0.14133145493589355,0.04835324613671584,0.13035548841728908,0.032431388465010584,0.08760841998266132,-0.11133042311044784,0.14594416497249735,0.0018279699468245721,0.2718687402513256,0.03692837105312551,-0.12522691020834106,0.12904541538140385,0.011525934976567509,-0.06071900091885831,-0.061959054631750984,-0.03657057032995047,0.0483124919831432,0.16958452849735234,-0.08895207335990851,-0.19625163319468802,-0.002409960857678548,-0.05004416726559722,0.014486118908457937,-0.21527138538801802,-0.05321647974400407,0.0718829853937563,0.04554514794556585,0.10192612715971568,0.09428275272171531,-0.061650738484625545,-0.08825527021840707,0.16507717118395107,-0.1474937301228265,-0.11789747551048634,-0.02745777507047087,-0.06780256320771007,0.10018129369217056,0.20058105894123085,-0.23044501298191802,0.20302142678977117,0.07865602764583134,0.014885555823545794,-0.009068291803855174,0.1764178888208761,0.029446268109886393,-0.1344951669306332,-0.0791062013707291
1227698,652496,033,S,53033006100,1400000US53033006100,+47.6444403,-122.3222647,G5020,61,Census Tract 61,53,006100,True,seattle,Coastal / Pacific Northwest / water-constrained,Seattle,19.03233504845705,True,28.899242643511858,53,Washington,True,0.5106382978723404,0.5319148936170213,0.021276595744680882,False,False,Neither hotspot,False,29.788480731225317,19.2244379817576,0.3603723404255319,144,seattle,2024,GOOGLE/SATELLITE_EMBEDDING/V1/ANNUAL,/Users/yufeizhou/Desktop/heat-exposure-compare/data/processed/seattle/seattle_master_lst_hi_hotcompare.gpkg,seattle_master_lst_hi_hotcompare,-0.04384601601712785,-0.2763436989523777,-0.11640449068339155,-0.09350637146012986,0.034827731471190504,-0.0686610322651995,-0.0450251917001107,-0.06766371877569559,0.09944185460446607,-0.04611576089908494,0.14252613048295842,-0.020756836548846577,-0.12007231701403964,-0.17460652782202746,-0.047299386911753956,-0.04868867084246625,0.13826351697341935,0.0751387836638854,0.005810385219782984,0.07804058514582303,0.031535206586656164,0.08300525875663724,-0.14222062659269463,0.14508924530688408,-0.06877193415747795,0.14289724580189445,0.046403394435760435,-0.12366601132454659,0.12182387298774984,-0.02138842851086427,-0.06166597503508409,-0.008396293642898437,0.04116089861763991,-0.03186474157388462,0.016079618234895624,-0.08277835785485936,-0.13652483222213227,0.04463561510974754,-0.024341021549851627,0.13368970726550486,-0.16196288832052258,-0.09166934132106926,0.08423490828588245,0.030293550219373706,0.05629178032108696,0.1510892772657709,-0.10809268757395385,0.008925681272386219,0.11014545516783973,-0.1284218017728002,-0.14497440038418355,0.08724831216350522,-0.06956308537928947,0.0886752754686151,0.15020711855563743,-0.16295724741978923,0.10722817462278876,0.0947247053301567,0.03806683974468683,-0.019217032805338333,0.12492459840691258,-0.08207616797915217,-0.06654308341075911,0.03934331689375731
2437426,239356,033,S,53033006200,1400000US53033006200,+47.6391316,-122.3012264,G5020,62,Census Tract 62,53,006200,True,seattle,Coastal / Pacific Northwest / water-constrained,Seattle,19.173921534069624,True,28.233860479798004,53,Washington,True,0.3723404255319149,0.5531914893617021,0.18085106382978727,False,False,Neither hotspot,False,29.788480731225317,19.2244379817576,0.3603723404255319,145,seattle,2024,GOOGLE/SATELLITE_EMBEDDING/V1/ANNUAL,/Users/yufeizhou/Desktop/heat-exposure-compare/data/processed/seattle/seattle_master_lst_hi_hotcompare.gpkg,seattle_master_lst_hi_hotcompare,-0.05856147244036609,-0.20277064477967588,-0.11739159410612734,-0.0035379789147003643,0.04156840515506879,-0.08201842408695607,-0.03218024307149568,-0.03972305435374107,0.1578253657752282,-0.08703623563415679,0.1660813329272369,0.005775622188289732,-0.18630373702378397,-0.1344048645635066,-0.07894807118682351,0.021220502457973526,0.05190838537087087,0.059732794314156415,0.005824635178975926,0.08103975380208704,0.030363052334614872,0.0827135536582559,-0.13068682458479092,0.1566097134329862,0.014892497001923768,0.1923260279614556,0.014792398579853955,-0.14894874648982145,0.111222209242587,0.008176008198363012,-0.08515232988060985,-0.026059451832465302,0.013158619607274961,0.043821962632665724,0.06055020585867959,-0.05985160737926599,-0.13853068359465437,0.022391465199691065,-0.06638816661544794,0.04530686489463114,-0.1602024870341826,-0.0130536626272519,0.10101638939780594,0.04245352219137656,0.047004806873284635,0.14310020261448456,-0.021899499930095385,-0.06261717223474966,0.2096072137336707,-0.15300723368355412,-0.20027610340487254,0.040168354346766945,-0.010871419765643606,0.10930832418221546,0.17377876920246818,-0.1582444521529643,0.1527071623158713,0.07790026896849407,0.008936937687373086,0.007202847203886524,0.16098600039140248,-0.07416217636953355,-0.040249283359257274,-0.057583822058013476
2610569,3533560,033,S,53033006300,1400000US53033006300,+47.6350162,-122.2767793,G5020,63,Census Tract 63,53,006300,True,seattle,Coastal / Pacific Northwest / water-constrained,Seattle,19.201542973706744,True,26.75317381974252,53,Washington,True,0.2553191489361702,0.5638297872340425,0.30851063829787234,False,False,Neither hotspot,False,29.788480731225317,19.2244379817576,0.3603723404255319,146,seattle,2024,GOOGLE/SATELLITE_EMBEDDING/V1/ANNUAL,/Users/yufeizhou/Desktop/heat-exposure-compare/data/processed/seattle/seattle_master_lst_hi_hotcompare.gpkg,seattle_master_lst_hi_hotcompare,-0.038941326224493394,-0.20909216281287343,-0.168827558772686,-0.06932986439571875,0.026520991171236675,-0.017934131130327984,0.00551439633506881,0.030520715991527895,0.12823973846142847,-0.03502301083925792,0.12479541107929415,-0.043058461666978666,-0.0899295438627338,-0.14627597662908828,0.008070397473297863,0.006391396492244835,0.07174615111157226,-0.027393593831819225,0.049584547072768964,0.043619994118634695,0.029647236504863523,0.10889494148751026,-0.1167495900735301,0.19543094201739378,-0.07120662722858928,0.055672124304545885,0.037983118213103614,-0.24273688704237045,0.12712239316620572,-0.05949964782439906,-0.151839590270808,0.10662854415795399,0.030943196262553065,-0.009385041899845833,-0.051774098729805,-0.03425824761582293,-0.026878552667753897,-0.002347901227984439,-0.04024522403576183,0.13837330895715955,-0.1029856066728092,-0.05867115155732465,0.13820536851590007,0.039033532168373734,0.026654896549340164,0.1833528958861875,-0.09552698927401754,0.005777875207854348,0.04654920898948626,-0.153573179737766,-0.12329454296235057,0.052512379442058645,-0.06810833059395086,0.05690874803073006,0.08520125244791818,-0.10406401163875827,0.0581798153901827,0.12511408181712008,0.012381095100629593,-0.029174309595378683,0.10915881986604704,-0.1115696689979853,-0.015587887521277408,0.09942073677953767
1493249,0,033,S,53033003000,1400000US53033003000,+47.6850958,-122.3740444,G5020,30,Census Tract 30,53,003000,True,seattle,Coastal / Pacific Northwest / water-constrained,Seattle,18.844775426560606,True,25.39234036321035,53,Washington,True,0.18617021276595744,0.44148936170212766,0.25531914893617025,False,False,Neither hotspot,False,29.788480731225317,19.2244379817576,0.3603723404255319,147,seattle,2024,GOOGLE/SATELLITE_EMBEDDING/V1/ANNUAL,/Users/yufeizhou/Desktop/heat-exposure-compare/data/processed/seattle/seattle_master_lst_hi_hotcompare.gpkg,seattle_master_lst_hi_hotcompare,0.014384153808347885,-0.2769684366134935,-0.025179845683775213,-0.05203541549553058,0.0767521566523522,-0.06288806067663465,-0.04792321345230785,-0.15696792201017276,0.13070826447006662,-0.16625234473784353,0.11757791927114546,0.06669887955531283,-0.19203891648849625,-0.179370100934298,-0.08863147666884387,-0.021061514226791256,0.08027984457657117,0.20078111258474834,0.11277757139157925,0.08094309746409467,0.016059683161406435,0.10082275371871356,-0.08358909909764779,0.1370932681235778,-0.03999976729685795,0.2910709739844052,0.0389240730507036,-0.08651551855959101,0.14141048632243766,0.0004240498481667403,-0.05370300113766857,-0.09565986337111643,-0.07639202562582313,0.012082134316624927,0.1347727191357654,-0.1307525807270559,-0.21259938339596365,0.030154981833050255,-0.03789648777478251,0.07326588970782753,-0.15867561679059372,-0.08713325805022536,0.0784608928550296,0.04897444666504417,0.12917622999556239,0.10070939081864815,-0.09518940523661192,-0.0624333549883645,0.19647810048379064,-0.14385486742218317,-0.10908794563032854,0.02598398457810083,-0.07716837097249299,0.04114198947581958,0.19506046310563963,-0.21706819654400208,0.16630286234189706,0.07434114883912575,0.014793684110064029,-0.0041501836316835275,0.16507790801881864,0.090785396919534,-0.15624495953092335,-0.08664589200954104
2619718,0,033,S,53033021100,1400000US53033021100,+47.7412054,-122.3128854,G5020,211,Census Tract 211,53,021100,False,seattle,Coastal / Pacific Northwest / water-constrained,Seattle,18.604142996193676,True,28.58712197580648,53,Washington,True,0.43617021276595747,0.1622340425531915,-0.27393617021276595,False,False,Neither hotspot,False,29.788480731225317,19.2244379817576,0.3603723404255319,148,seattle,2024,GOOGLE/SATELLITE_EMBEDDING/V1/ANNUAL,/Users/yufeizhou/Desktop/heat-exposure-compare/data/processed/seattle/seattle_master_lst_hi_hotcompare.gpkg,seattle_master_lst_hi_hotcompare,0.0004924804444819528,-0.2376975390190184,-0.07319821159736319,-0.03180858044597106,0.08086971334831963,-0.04182183502995283,-0.04408281428434483,-0.09602950009683552,0.15550399156733682,-0.1289123851351233,0.09827515167329602,0.05065707759138217,-0.2046468188092491,-0.09174412457148465,-0.0835745205366312,0.0194051293552501,0.0744870378111551,0.13897803178615292,0.12040777731628656,0.07992374717960977,0.030127533185347406,0.04471009916935802,-0.08931263689512287,0.13533880226987732,-0.0028282402386841958,0.23091493241921693,0.003243030351156252,-0.13153498483958867,0.13462759907102106,0.002582210774230029,-0.035012075512766964,-0.08645924808824797,-0.016571682379275407,0.04079598856795039,0.02072463775605664,-0.06087686740154924,-0.20048632473946626,0.04273066324384836,-0.056182346152461135,0.09807073095274696,-0.14604193242058044,-0.010932020047356378,0.07293593552822489,0.059554274223561805,0.06882832464094543,0.1243609650337632,-0.06986250844725772,-0.06085855822469496,0.18404188233617247,-0.16587386914090932,-0.16962543412529474,0.009322350392600902,-0.023282066483098798,0.07656989668230943,0.21508413953143296,-0.1618726602381501,0.11778695870473946,0.1014833579995293,0.021238601862338467,-0.006168439893652686,0.21251725768684224,0.012634543577267876,-0.09206844647639773,-0.10204315085737281
3704669,11442081,033,S,53033024200,1400000US53033024200,+47.6348660,-122.2402688,G5020,242,Census Tract 242,53,024200,False,seattle,Coastal / Pacific Northwest / water-constrained,Seattle,18.77908955759395,True,22.867254358582358,53,Washington,True,0.09042553191489362,0.324468085106383,0.23404255319148937,False,False,Neither hotspot,False,29.788480731225317,19.2244379817576,0.3603723404255319,149,seattle,2024,GOOGLE/SATELLITE_EMBEDDING/V1/ANNUAL,/Users/yufeizhou/Desktop/heat-exposure-compare/data/processed/seattle/seattle_master_lst_hi_hotcompare.gpkg,seattle_master_lst_hi_hotcompare,-0.028919144826119653,-0.19062987691215227,-0.19347293398297272,-0.08913357561061841,0.024128065512348612,0.02064782302794493,0.010315195727049932,0.08620108947616736,0.12816554641158112,-0.0011022521451744586,0.10755876401580068,-0.062150667034091285,-0.05302945598466644,-0.12994029817852495,0.04945324189422812,0.01309431940305081,0.08900417096958603,-0.07521487854807536,0.07075088558650391,0.0077365010619678005,0.02879183753367403,0.1139766972999393,-0.09432930147262701,0.2215477848768508,-0.07890076867606675,-0.015817205832376797,0.020223572638631965,-0.2869228185069125,0.1263275955217734,-0.09546716630426628,-0.19203886077425122,0.1712315927914275,0.06860717366829079,-0.03252355284892658,-0.1313425345012641,-0.04804248166468375,0.024282849917431158,0.0013180064979086037,-0.019015790725818278,0.1845793063995705,-0.07924633568126632,-0.07360364310875256,0.1654342997512526,0.03561595464180004,0.0011519437318415373,0.21127927036230304,-0.12382215713705148,0.04399226663909817,-0.0015358695580543276,-0.1444347707561399,-0.07974260488405836,0.05725685788942323,-0.06830671972686227,0.04771402108860717,0.0466960457467904,-0.05750960798870426,0.013039315558485035,0.14964544318165074,0.00453379613872497,-0.050400606004471916,0.09652140897027679,-0.1253429550169564,0.015054078093060232,0.16548634604446893
1160392,0,033,S,53033026600,1400000US53033026600,+47.5128460,-122.3632681,G5020,266,Census Tract 266,53,026600,False,seattle,Coastal / Pacific Northwest / water-constrained,Seattle,19.444926156859484,True,28.211060259344038,53,Washington,True,0.3670212765957447,0.9707446808510638,0.6037234042553191,False,True,HI-only hotspot,True,29.788480731225317,19.2244379817576,0.3603723404255319,150,seattle,2024,GOOGLE/SATELLITE_EMBEDDING/V1/ANNUAL,/Users/yufeizhou/Desktop/heat-exposure-compare/data/processed/seattle/seattle_master_lst_hi_hotcompare.gpkg,seattle_master_lst_hi_hotcompare,-0.03235215750279297,-0.28202507521580283,-0.0437948254269439,-0.010539974221426645,0.08451521860247699,-0.0618128850187273,-0.05966662808073411,-0.1343006081335374,0.13708295751961508,-0.13856424341168813,0.11312874781889791,0.02190503388398318,-0.2035417787869133,-0.16335243185061682,-0.07643796869635543,0.01907552105246719,0.10144170131933157,0.14721801155356232,0.07548947963104331,0.06215668309309166,0.022926566945320487,0.06849510514509011,-0.10449370333039762,0.13075823016069754,-0.012156501351569544,0.2665575600224077,0.014759841608459685,-0.10983750737613773,0.14925799108960877,0.005685177886051511,-0.0593249835512778,-0.11350840879061466,-0.021079368027466495,0.027091293213043703,0.06124259465594284,-0.11392205452376472,-0.1614213675660149,0.06367717907241215,-0.08077566195209301,0.1194890549542721,-0.12183707683326098,-0.0366294476502699,0.07701963811691812,0.06034262132989365,0.10848632905416108,0.11438654107119432,-0.0727780809163397,-0.06741464457545537,0.22716034152763884,-0.1547882170451364,-0.1267820619432217,0.04887883788301724,-0.052641795068586156,0.10432782034878213,0.17580948449363654,-0.17905816480768144,0.16566900595892453,0.060780162915804285,0.03395340159723769,-0.01291264955967673,0.19274421421091403,0.013109839222111673,-0.13518140519205632,-0.10634937296405601
1303226,1143440,033,S,53033011102,1400000US53033011102,+47.5424632,-122.2604403,G5020,111.02,Census Tract 111.02,53,011102,True,seattle,Coastal / Pacific Northwest / water-constrained,Seattle,19.18235811415365,True,31.22099201824404,53,Washington,True,0.9361702127659575,0.5585106382978723,-0.3776595744680852,True,False,LST-only hotspot,False,29.788480731225317,19.2244379817576,0.3603723404255319,151,seattle,2024,GOOGLE/SATELLITE_EMBEDDING/V1/ANNUAL,/Users/yufeizhou/Desktop/heat-exposure-compare/data/processed/seattle/seattle_master_lst_hi_hotcompare.gpkg,seattle_master_lst_hi_hotcompare,-0.020383609009752886,-0.2298552632451401,-0.12466668473243199,-0.0723397009674093,0.05767492633973245,-0.0045244685213589025,-0.009995379435942723,-0.015004542964634004,0.13546330387633768,-0.049513099011129165,0.09200290353634756,-0.026227501845194425,-0.12410530959631264,-0.15077453906862723,0.0007903698896336133,0.012022460167569332,0.10221438924215812,0.023190021719354064,0.08300029362920712,0.058537327845018174,0.022370399552474836,0.10134119623378397,-0.1048135550540619,0.182469422967284,-0.053697147136980525,0.09048872379035372,0.03079865594184581,-0.21422439434988474,0.13991509112130887,-0.057567204992159296,-0.12436843004839537,0.056271015097897725,0.027229023850340935,-0.00211335967810027,-0.03867766286121194,-0.055643190900611386,-0.06794423334993495,0.011587642690625712,-0.0452565743088351,0.1541646312492294,-0.11381651973093133,-0.05823627801059621,0.1236041582264813,0.042344993842375944,0.03420459518739679,0.1731452900738416,-0.11384774564789948,0.003926232654777254,0.05595580482007069,-0.1390807599780356,-0.09952400191219538,0.04328086130829269,-0.07389629477832878,0.06000714997224735,0.10513483743316461,-0.1278142872557149,0.06670574527572923,0.11186461294864285,0.021812389267066284,-0.0368074777756719,0.13673797889559977,-0.06711397210759742,-0.06598640341051495,0.05489398349087999
1584847,0,033,S,53033002700,1400000US53033002700,+47.6868572,-122.3310895,G5020,27,Census Tract 27,53,002700,True,seattle,Coastal / Pacific Northwest / water-constrained,Seattle,18.604142996193676,True,30.313248299319767,53,Washington,True,0.8457446808510638,0.1622340425531915,-0.6835106382978723,True,False,LST-only hotspot,False,29.788480731225317,19.2244379817576,0.3603723404255319,152,seattle,2024,GOOGLE/SATELLITE_EMBEDDING/V1/ANNUAL,/Users/yufeizhou/Desktop/heat-exposure-compare/data/processed/seattle/seattle_master_lst_hi_hotcompare.gpkg,seattle_master_lst_hi_hotcompare,-0.01815213238982223,-0.2862384763239186,-0.03397945177996591,-0.056183232684818125,0.08219216102966939,-0.09301952795230638,-0.06624327883516923,-0.1663379144372453,0.11878532486456087,-0.1245387504149411,0.10500880347332776,0.039009000633740014,-0.19048159294866887,-0.15460126330762727,-0.09960282994324625,-0.005343664320978607,0.09738108790729501,0.18830522048078252,0.09541218851501983,0.07234243419588629,0.02035280076718363,0.0928631341522495,-0.09839562317070344,0.1383145753490817,-0.034077512784608674,0.26968217607052797,0.048334979328410715,-0.08374414894417273,0.1288627501134584,-0.007430677914328757,-0.05370004858264951,-0.10411800822578611,-0.0466118677078608,0.011353812311639615,0.10463045367375862,-0.12384933791159251,-0.19985209869569767,0.07848120804500175,-0.04432092592090308,0.11398914830827625,-0.1562985890260419,-0.06684109349669548,0.07052502847819776,0.04892528197350532,0.08889241303867079,0.10461262653567528,-0.10291722180843325,-0.05863768483803299,0.2092865899884111,-0.1661376577131904,-0.12162057317863269,0.0548508279043758,-0.034068616569318894,0.04928351327321826,0.18862459062318043,-0.21348173179573435,0.15999109351088753,0.0717711198061432,0.017177719647757328,-0.0040660600552830115,0.1821206271784737,0.041617852192287266,-0.14022994882767814,-0.10882122235600018
1742875,0,033,S,53033010402,1400000US53033010402,+47.5539478,-122.3101489,G5020,104.02,Census Tract 104.02,53,010402,True,seattle,Coastal / Pacific Northwest / water-constrained,Seattle,19.2242603124079,True,32.524556243550066,53,Washington,True,0.9840425531914894,0.6382978723404256,-0.3457446808510638,True,False,LST-only hotspot,False,29.788480731225317,19.2244379817576,0.3603723404255319,153,seattle,2024,GOOGLE/SATELLITE_EMBEDDING/V1/ANNUAL,/Users/yufeizhou/Desktop/heat-exposure-compare/data/processed/seattle/seattle_master_lst_hi_hotcompare.gpkg,seattle_master_lst_hi_hotcompare,-0.040262135645182606,-0.26900232389603124,-0.0008747674707411112,-0.06226426990941526,0.09924385530814935,-0.08069883399887626,-0.052799347743673945,-0.15275464711918502,0.13423844846839572,-0.13063166850080854,0.07414957634305433,0.02014287255107299,-0.19011773195808984,-0.1565231712737081,-0.08499957340837998,0.011404088290300882,0.11910163672193226,0.18621404473484976,0.07998756042923631,0.04639543500193763,0.017417267225859068,0.09043875310770823,-0.11156853994996814,0.13994123924681048,-0.008086182967086377,0.27081575178360556,0.019081026960417972,-0.0996797787595155,0.1449629404505005,-0.012357975808145719,-0.041420715258576164,-0.1104415606870962,-0.03163630671365068,0.017456963395206228,0.0776017889560817,-0.12153654174981791,-0.18079601485721222,0.09097042892061759,-0.0646516535114346,0.13552376801158064,-0.10517363182478082,-0.03650030041352014,0.066305438334765,0.044394461668046996,0.0981357415713981,0.10097587785287356,-0.0987436684800891,-0.045482828964434,0.20639448618772788,-0.1511477791558728,-0.12704980906531615,0.07059155253573315,-0.035817381932921666,0.0725875010568745,0.1828272336082028,-0.17687100590309307,0.16317600890315195,0.05828348204623408,0.014606414180394527,0.002138078926900167,0.19150569684079125,0.021296316930139086,-0.15178432657480984,-0.11443464153880369
780117,0,033,S,53033010702,1400000US53033010702,+47.5467996,-122.3730587,G5020,107.02,Census Tract 107.02,53,010702,True,seattle,Coastal / Pacific Northwest / water-constrained,Seattle,19.444926156859484,True,26.629959630911213,53,Washington,True,0.25,0.9707446808510638,0.7207446808510638,False,True,HI-only hotspot,True,29.788480731225317,19.2244379817576,0.3603723404255319,154,seattle,2024,GOOGLE/SATELLITE_EMBEDDING/V1/ANNUAL,/Users/yufeizhou/Desktop/heat-exposure-compare/data/processed/seattle/seattle_master_lst_hi_hotcompare.gpkg,seattle_master_lst_hi_hotcompare,-0.018669003225256848,-0.2573070413208281,-0.053376872012976515,-0.038770816564942044,0.07350703873500539,-0.10088467128561719,-0.05518653693504834,-0.1643584558795446,0.14115268636499972,-0.14175806596469195,0.12674332369029795,0.0689381479959765,-0.1864126440548472,-0.17045832602355482,-0.09590893870290713,0.028229087503514678,0.09726475754019495,0.15647788721278616,0.058292550486780594,0.09553392835578171,0.018197285408539068,0.06858667273864562,-0.09781631619177436,0.16406752942642416,-0.025099308505454318,0.242622690613511,0.0659220315145333,-0.12336296680765174,0.13718204394800088,0.01942913723757169,-0.08079143709241177,-0.08699151435414126,-0.005222166890260334,0.012234245415824529,0.11552064925148334,-0.07735394640095097,-0.17868874932709264,0.03848302660743694,-0.05635382441670834,0.06582405285450663,-0.1679807509296217,-0.053628073295097625,0.04293052968807625,0.040296364493303496,0.11126183567858386,0.08937842070742465,-0.06883636132044127,-0.05165958484352269,0.20484081083054734,-0.15697727289804164,-0.1387533435368482,0.03787746458559013,-0.06776860787012638,0.07461630055691637,0.19761443230557288,-0.22680332092804212,0.16906081390703065,0.03760538812253299,0.03394886711279498,-0.03426584584753498,0.16071546355921518,0.020464419982761866,-0.1148205509262348,-0.09639270665803823
1186191,0,033,S,53033011402,1400000US53033011402,+47.5206654,-122.3646254,G5020,114.02,Census Tract 114.02,53,011402,True,seattle,Coastal / Pacific Northwest / water-constrained,Seattle,19.444926156859484,True,26.86619824753562,53,Washington,True,0.26595744680851063,0.9707446808510638,0.7047872340425532,False,True,HI-only hotspot,True,29.788480731225317,19.2244379817576,0.3603723404255319,155,seattle,2024,GOOGLE/SATELLITE_EMBEDDING/V1/ANNUAL,/Users/yufeizhou/Desktop/heat-exposure-compare/data/processed/seattle/seattle_master_lst_hi_hotcompare.gpkg,seattle_master_lst_hi_hotcompare,-0.0164211548900242,-0.29374005826527927,-0.039365703869901875,-0.052156054512287275,0.09342274714755741,-0.0692778609070284,-0.05753240993288783,-0.17101099925705396,0.10665396327247335,-0.12171588289960043,0.10656209041466914,0.03389576026546802,-0.1918907775658073,-0.16941745824075308,-0.08534649684180926,-0.0032424967796835335,0.1309959928517278,0.16476255070636459,0.0765039806940068,0.0779425469371836,0.016979733327661336,0.048622228250611604,-0.1080284165919983,0.12010759603373872,-0.028480712207128646,0.2600597206247418,0.05797670808798081,-0.08257510762073564,0.13071690008232176,0.007860741128993789,-0.0511047987210773,-0.13382514773896584,0.0037519484458423302,-0.010551178650109806,0.08451629762612758,-0.1104768310488353,-0.202937418512229,0.06667971296250241,-0.053714691694552494,0.14290364149099036,-0.13358130534077003,-0.06356520723922401,0.043740600047465605,0.04050926720232568,0.10960137309115477,0.08252382371994034,-0.0896847366792698,-0.04516613228964587,0.2022663369565169,-0.14133171117456383,-0.11177340217243087,0.06452998975842757,-0.07012957367341847,0.06254619717752517,0.19093432509271113,-0.19879669046008494,0.15068386866855882,0.058127802048841735,0.04120018773643251,-0.018636374170056234,0.17318849187928306,0.02970154189389579,-0.16668013455043443,-0.08310371581576985
1233155,0,033,S,53033011401,1400000US53033011401,+47.5297061,-122.3620280,G5020,114.01,Census Tract 114.01,53,011401,True,seattle,Coastal / Pacific Northwest / water-constrained,Seattle,19.444926156859484,True,25.826416047265145,53,Washington,True,0.2127659574468085,0.9707446808510638,0.7579787234042553,False,True,HI-only hotspot,True,29.788480731225317,19.2244379817576,0.3603723404255319,156,seattle,2024,GOOGLE/SATELLITE_EMBEDDING/V1/ANNUAL,/Users/yufeizhou/Desktop/heat-exposure-compare/data/processed/seattle/seattle_master_lst_hi_hotcompare.gpkg,seattle_master_lst_hi_hotcompare,-0.03056668656853967,-0.26529116097816013,-0.046950926255288065,-0.03726809218720395,0.08850128595694687,-0.06860724971932532,-0.05064353516282454,-0.14636901584523931,0.13981052553130455,-0.1510270200280919,0.12031436663012814,0.027527911050502722,-0.20787721318454688,-0.1694932810513233,-0.08580295161730138,0.019811138992701118,0.08730494516610558,0.1615575915168529,0.06809087293707593,0.07794232733526735,0.019185680628417242,0.0582781038555248,-0.10761137337888478,0.13718097565203277,-0.013406774157533207,0.26774891217576263,0.05200571402330732,-0.11586314401284871,0.137718822618399,0.016458057554892238,-0.05766473724094199,-0.09704589728332302,-0.018049670080518696,0.027912978079390645,0.08423622671485724,-0.09286011122303987,-0.18449943793273518,0.05440358012113497,-0.06953240677246081,0.101854485018588,-0.13316030500594983,-0.052425743844707655,0.062424614665838915,0.052369378544325475,0.11452401681938369,0.0911077042001993,-0.0831036705900369,-0.05342199766529139,0.2058031391016611,-0.16437698753564509,-0.14148242441298362,0.03887923151795569,-0.05052085662936584,0.07502629185412323,0.18517756257491166,-0.19500988657631224,0.16113783164701995,0.06413057918032464,0.030464861043536063,0.010675288039143593,0.17428940398478468,0.019680232098073333,-0.13938934546482146,-0.09056056215223159
331138,0,033,S,53033004302,1400000US53033004302,+47.6647387,-122.3035964,G5020,43.02,Census Tract 43.02,53,004302,True,seattle,Coastal / Pacific Northwest / water-constrained,Seattle,18.604142996193676,True,29.638856749311344,53,Washington,True,0.7180851063829787,0.1622340425531915,-0.5558510638297872,False,False,Neither hotspot,False,29.788480731225317,19.2244379817576,0.3603723404255319,157,seattle,2024,GOOGLE/SATELLITE_EMBEDDING/V1/ANNUAL,/Users/yufeizhou/Desktop/heat-exposure-compare/data/processed/seattle/seattle_master_lst_hi_hotcompare.gpkg,seattle_master_lst_hi_hotcompare,0.020169755403881023,-0.23986885505633124,-0.05975473492406835,-0.04328426174409046,0.06915568570675647,-0.10535488740635908,-0.025380850287639017,-0.16483188822463765,0.07480146693759984,-0.08299043450001042,0.12552668101012615,0.06668516582836194,-0.1955530650878799,-0.17264225560469776,-0.15857993058817435,-0.053428701547966764,0.1336327832646563,0.12420842089769554,0.004281950670774768,0.13641358580114993,0.04803787450140946,0.06712732696606778,-0.1531900743561307,0.11574265960479381,0.010808323065944406,0.21274724965585526,0.05398508161036291,-0.0909007027880975,0.08955827600253215,0.01805212174076588,-0.005371464663147366,-0.09594162155632018,0.026996804676137836,-0.0053931953155221994,0.10990947076720238,-0.09068650960669626,-0.22851230217456658,0.015163699157300405,-0.017677702727995535,0.028560777922349945,-0.21150883488860953,-0.037673929824362073,0.020089032476548287,0.023299008524072597,0.10236802421156298,0.11935314224894841,-0.06108109029610859,-0.06342039468059218,0.17189826747860884,-0.11313276858540681,-0.160280902926062,0.054022314462979615,-0.06930909762209829,0.07033113681455841,0.20449030828682194,-0.24040035366413456,0.15338586050355218,0.05358586470354923,0.041863578638453004,-0.021980217100089374,0.16923796264183194,-0.026378689471116323,-0.17683033974504941,-0.06700760428799103
948077,0,033,S,53033010002,1400000US53033010002,+47.5765865,-122.3095716,G5020,100.02,Census Tract 100.02,53,010002,True,seattle,Coastal / Pacific Northwest / water-constrained,Seattle,19.2244379817576,True,31.063525149190152,53,Washington,True,0.9308510638297872,0.776595744680851,-0.1542553191489362,True,True,Both LST and HI hotspot,False,29.788480731225317,19.2244379817576,0.3603723404255319,158,seattle,2024,GOOGLE/SATELLITE_EMBEDDING/V1/ANNUAL,/Users/yufeizhou/Desktop/heat-exposure-compare/data/processed/seattle/seattle_master_lst_hi_hotcompare.gpkg,seattle_master_lst_hi_hotcompare,0.00413559397288964,-0.2586152361918426,-0.024115506926301527,-0.06589477382763538,0.0878383961463259,-0.05804602032052506,-0.053903838618315825,-0.20207632958532307,0.13658448639419637,-0.13849625524799686,0.11272302932164069,0.05046073901944608,-0.19931397870162398,-0.1800838901552491,-0.08746579133407767,0.004734298582394965,0.13792394943048758,0.15990878372051404,0.0833559755855482,0.06554424108050287,0.02649883179067795,0.08469557867299228,-0.10028878296479019,0.13527640515720657,-0.024138652779907153,0.27419281092615133,0.0283871381340655,-0.10798250230219915,0.13724973301165805,0.0020712913769397865,-0.03956667516273227,-0.10595002955586569,-0.008028728531671622,-0.011162610439126325,0.09902545802569276,-0.13136572373326894,-0.20254685179748583,0.06992471532717297,-0.04323906840538666,0.10555618020508371,-0.15333028097661025,-0.06395260684793087,0.05818513617279298,0.06006379480745348,0.1279512464982607,0.09903352087001775,-0.07951213676506833,-0.05836427125117215,0.2152917758270484,-0.1351782162954531,-0.09514956870589043,0.032368596408426896,-0.08070601521086283,0.08305849197509822,0.2041862730706194,-0.21427983999310277,0.17769666046959398,0.03821271469348246,0.030271854492126087,-0.045388755755585326,0.18541302267546914,0.05134471128489921,-0.1570443156201037,-0.09709078588695198
4025029,2443067,033,S,53033025302,1400000US53033025302,+47.4920109,-122.2153549,G5020,253.02,Census Tract 253.02,53,025302,False,seattle,Coastal / Pacific Northwest / water-constrained,Seattle,18.82380144699761,True,30.038289401427818,53,Washington,True,0.7872340425531915,0.3484042553191489,-0.4388297872340426,True,False,LST-only hotspot,False,29.788480731225317,19.2244379817576,0.3603723404255319,159,seattle,2024,GOOGLE/SATELLITE_EMBEDDING/V1/ANNUAL,/Users/yufeizhou/Desktop/heat-exposure-compare/data/processed/seattle/seattle_master_lst_hi_hotcompare.gpkg,seattle_master_lst_hi_hotcompare,-0.032226489035387475,-0.2593333024336332,-0.10638711872814563,-0.08870400563654723,0.04364950897263792,-0.04525615940292248,-0.024745638245390795,-0.061906753964701904,0.07942575362402031,-0.015559844561188986,0.11994307396516293,-0.015579521731938795,-0.09028739532708055,-0.1485957786056877,-0.033562686777414995,-0.016058861168736175,0.12655418801932733,0.024746096659354695,0.05552777918138392,0.03334700101893372,0.013099399552917399,0.09357802092971254,-0.144790453746292,0.1458739552691056,-0.08837030077740664,0.058435068527526335,0.04985889168613556,-0.17602002582685314,0.11050730725831212,-0.06700632370164535,-0.08716798433839175,-0.0014943024831175374,0.06405460662042718,-0.0784751160229978,-0.07603951970166331,-0.059496399060232304,-0.0700093838453351,0.03215091679852564,-0.00843801193401802,0.19738036581056678,-0.1135213161116601,-0.04627284311092739,0.08510510714842896,0.0076846967474265004,0.049488464432951816,0.15194136577963965,-0.08728603242576007,0.025293865635523934,0.1148127284041683,-0.12441419698974536,-0.11883110936912473,0.10045242206718749,-0.08607937287847996,0.0568250887972697,0.1279190488165606,-0.1278472042299409,0.05604407690990649,0.07441851184837756,0.0333363033231012,-0.06575830224437329,0.1220780855305669,-0.09376865529103895,-0.07786442728753663,0.05538269251941973
1280220,0,033,S,53033001702,1400000US53033001702,+47.6965211,-122.3639488,G5020,17.02,Census Tract 17.02,53,001702,True,seattle,Coastal / Pacific Northwest / water-constrained,Seattle,18.844775426560606,True,25.35157351962745,53,Washington,True,0.18085106382978725,0.44148936170212766,0.2606382978723404,False,False,Neither hotspot,False,29.788480731225317,19.2244379817576,0.3603723404255319,160,seattle,2024,GOOGLE/SATELLITE_EMBEDDING/V1/ANNUAL,/Users/yufeizhou/Desktop/heat-exposure-compare/data/processed/seattle/seattle_master_lst_hi_hotcompare.gpkg,seattle_master_lst_hi_hotcompare,-0.007266710233649287,-0.28330590002216616,-0.04038783598354995,-0.04040495112849009,0.07799910624487509,-0.06897456321438213,-0.05835549734715441,-0.14758715670537845,0.1331264138486973,-0.16182728647540218,0.13073867779575388,0.04916699277308642,-0.1960161795733494,-0.16813271908257763,-0.08937489397627588,0.0007767276493294397,0.08360023520543355,0.18409483751532765,0.09436976053362235,0.07658560894105888,0.023903863963750025,0.06727469010225638,-0.08454315458439354,0.12959340216749213,-0.03371045719878264,0.28032407352695904,0.0498980563045866,-0.08823294504813439,0.12545710996832093,0.008720010792441725,-0.05112913715340897,-0.09418517115232279,-0.04290546739166013,0.009587398647011039,0.10007912617114524,-0.11295961188933094,-0.2014042128707258,0.04402771593267399,-0.05025384646344032,0.09776483189013178,-0.15363523066950394,-0.07366770770313005,0.07063616766329728,0.051203493177765846,0.12770912909317997,0.09129742896242814,-0.08949271351407574,-0.04714907809399174,0.21069431053130838,-0.1581003268574876,-0.12239794354571035,0.03475306992737323,-0.07537815093723563,0.061046768922549254,0.19821365259309742,-0.20864341148220922,0.1667917205161105,0.07723017094703742,0.023486381576352272,-0.0003004985348408584,0.17380945318538807,0.06275360233041968,-0.13388561667683294,-0.09355597001345244
892768,0,033,S,53033001701,1400000US53033001701,+47.6963619,-122.3544843,G5020,17.01,Census Tract 17.01,53,001701,True,seattle,Coastal / Pacific Northwest / water-constrained,Seattle,18.826655514635387,True,27.431681726907676,53,Washington,True,0.30319148936170215,0.3617021276595745,0.05851063829787234,False,False,Neither hotspot,False,29.788480731225317,19.2244379817576,0.3603723404255319,161,seattle,2024,GOOGLE/SATELLITE_EMBEDDING/V1/ANNUAL,/Users/yufeizhou/Desktop/heat-exposure-compare/data/processed/seattle/seattle_master_lst_hi_hotcompare.gpkg,seattle_master_lst_hi_hotcompare,-0.000672198925636958,-0.28823523825456326,-0.02036624267017511,-0.06512504422621164,0.06579961074931842,-0.0896248643844341,-0.062405494416756885,-0.15659728044299098,0.11113926515950301,-0.1467310145524139,0.11832219717206065,0.05495037512418636,-0.1808217292436492,-0.17339401230929966,-0.09085685473476374,-0.028700136297327924,0.10081669426805007,0.2022721445014003,0.09456632465114236,0.06222675101766668,0.022894850035123863,0.08263814629330006,-0.08706897929081885,0.11941771001135629,-0.05402100543260019,0.27810675615778174,0.047930185062857136,-0.07043779350422232,0.11749353807588403,0.005064916501242809,-0.03576672034577705,-0.09239076956186171,-0.047380465554895015,-0.010040952623276235,0.10728161451136742,-0.13217745351054813,-0.21041834859175268,0.06280351462848467,-0.031010025043701404,0.10515384317065002,-0.1493919240836712,-0.08073583869059067,0.057277111445329494,0.03738661434795332,0.12970874695124235,0.08765793042682953,-0.1033395815042642,-0.03472517403094669,0.21153992039990768,-0.13818536177875382,-0.11154312901935809,0.0564515106869801,-0.0883034942813213,0.051755017226965336,0.19313378061210806,-0.2101766492340853,0.15512244710235776,0.07916581177788173,0.023382571564985695,0.00478804048937645,0.1559630525269621,0.07034228748469977,-0.14798194715665844,-0.08035886758731353
1630437,0,033,S,53033010401,1400000US53033010401,+47.5532124,-122.2955882,G5020,104.01,Census Tract 104.01,53,010401,True,seattle,Coastal / Pacific Northwest / water-constrained,Seattle,19.22394555912349,True,32.6993641774892,53,Washington,True,0.9893617021276596,0.6329787234042553,-0.3563829787234043,True,False,LST-only hotspot,False,29.788480731225317,19.2244379817576,0.3603723404255319,162,seattle,2024,GOOGLE/SATELLITE_EMBEDDING/V1/ANNUAL,/Users/yufeizhou/Desktop/heat-exposure-compare/data/processed/seattle/seattle_master_lst_hi_hotcompare.gpkg,seattle_master_lst_hi_hotcompare,-0.027616847162717003,-0.2394519818667904,-0.04711008286851614,-0.02092840313728352,0.09519671032987191,-0.08222152490603016,-0.0284721949198349,-0.14831675505263298,0.15492137569342593,-0.14064899658878896,0.11113824287058634,0.04349266251183219,-0.21120384368315992,-0.15969800718737354,-0.09137179439755831,0.02504462562996138,0.0953856737791312,0.13505171432722202,0.03674021418064988,0.11406761420271327,0.024402974631219307,0.057472594684271794,-0.10369594512022068,0.14918353917149496,0.013045676270076988,0.23989070133514576,0.02924294789016687,-0.14398749789269588,0.14242171010546098,0.028861519721395276,-0.06798721168888526,-0.11293781412726252,0.015377341056283354,0.02286139519037787,0.08419951590367737,-0.06441467403136766,-0.17665296838032657,0.017013827510603714,-0.07975930799853721,0.08225231668404948,-0.14628161089297123,-0.010663864899075597,0.05202268938994886,0.037806205241405294,0.08043686485285971,0.10561266354871013,-0.04050996447326692,-0.08346268247562078,0.19984262608195938,-0.14838346350742773,-0.14797694670874326,0.040711044430683664,-0.049850719355319144,0.08826439528543473,0.19545259422763195,-0.19451269017240072,0.1634621353759226,0.045724435451803574,0.022365058627609936,-0.023193933011880566,0.18910104898423744,-0.0039433614074166285,-0.13510217445681766,-0.11856446180778896
1457384,3664,033,S,53033010701,1400000US53033010701,+47.5451419,-122.3675265,G5020,107.01,Census Tract 107.01,53,010701,True,seattle,Coastal / Pacific Northwest / water-constrained,Seattle,19.444926156859484,True,26.607899584076087,53,Washington,True,0.24468085106382978,0.9707446808510638,0.726063829787234,False,True,HI-only hotspot,True,29.788480731225317,19.2244379817576,0.3603723404255319,163,seattle,2024,GOOGLE/SATELLITE_EMBEDDING/V1/ANNUAL,/Users/yufeizhou/Desktop/heat-exposure-compare/data/processed/seattle/seattle_master_lst_hi_hotcompare.gpkg,seattle_master_lst_hi_hotcompare,-0.0620196697601733,-0.19650713097940103,-0.09472080371211873,0.01203850316689534,0.07043781156945643,-0.13224716218351304,-0.031858368166149106,-0.08210084925556095,0.16842362089104831,-0.11799439922826965,0.1436275180687754,0.03854521572908706,-0.21209387480578054,-0.15166851468650774,-0.12348677378876625,0.0353654379617947,0.04901845218811353,0.10620095981788436,-0.009322002410836975,0.11390536554516922,0.0350901114072845,0.0672768810890486,-0.11568171613591358,0.1675605218067208,0.03471874660845319,0.20713441743948502,0.04343696859865546,-0.13435200505008574,0.10916718264458389,0.04568501678090939,-0.07817853624772039,-0.062455482550804645,0.026348148316855002,0.047594609127703066,0.1003723424632468,-0.040012877815035076,-0.17801539422289583,-0.00561674737770179,-0.08143267771045465,0.006867327421539391,-0.1444121407643077,-0.0017986292448516437,0.06999123418058595,0.03621033180576562,0.06468349285689179,0.10189615094826693,-0.0204334478795888,-0.08821865413822909,0.21720193730768683,-0.15068681376486004,-0.21271790355296358,0.03968781755328631,-0.016101696063917446,0.09151055713520212,0.17616775431897638,-0.1790223479855681,0.15422026721265014,0.04684469554369901,0.004692557960974684,0.011136504900639197,0.16954599605828896,-0.05667030030311037,-0.1081956368180674,-0.09601519049128113
1080391,0,033,S,53033011001,1400000US53033011001,+47.5384101,-122.2861704,G5020,110.01,Census Tract 110.01,53,011001,True,seattle,Coastal / Pacific Northwest / water-constrained,Seattle,19.220338896046595,True,33.01432175351532,53,Washington,True,1.0,0.5957446808510638,-0.4042553191489362,True,False,LST-only hotspot,False,29.788480731225317,19.2244379817576,0.3603723404255319,164,seattle,2024,GOOGLE/SATELLITE_EMBEDDING/V1/ANNUAL,/Users/yufeizhou/Desktop/heat-exposure-compare/data/processed/seattle/seattle_master_lst_hi_hotcompare.gpkg,seattle_master_lst_hi_hotcompare,-0.02408639087883043,-0.2638709208799579,-0.05099685445889482,-0.045001502986280736,0.08788479491778209,-0.08954363248296214,-0.04041772120008058,-0.16754106442844208,0.11942269401691365,-0.1197953511935246,0.10436843683582354,0.047120400111872164,-0.19012562070214145,-0.16938576000365657,-0.09346854898620403,0.006644111034764921,0.11970098537046076,0.14469677431833236,0.049344262406613645,0.11317660346638034,0.013441844992803226,0.06323844820314986,-0.12668639928897465,0.14489755621622563,-0.0091180009366368,0.23697533326868075,0.04529266116156686,-0.13025175387120194,0.13318339517866234,0.012193962652885703,-0.06052905705128767,-0.11420723277897503,0.005052521893543471,-0.00793624794364484,0.08338375617359045,-0.06991945069509455,-0.17791400194464194,0.03172375765215345,-0.063708387026402,0.10417675909429694,-0.14493409566353904,-0.022365840002704897,0.03183985487303616,0.032678322321193005,0.10774653868696198,0.0939892286480822,-0.05451423832313169,-0.07156563865055098,0.19218502531017745,-0.1370066986306704,-0.14883125497187846,0.05821610072538006,-0.06473423483901228,0.0866231057609833,0.19585683504760182,-0.2078474306764264,0.16235646292293676,0.03717438782877296,0.02875182622308825,-0.04115707595603356,0.17747268923977472,0.002618351956245746,-0.14198772047029096,-0.10398133333310973
979232,0,033,S,53033004301,1400000US53033004301,+47.6694019,-122.3002216,G5020,43.01,Census Tract 43.01,53,004301,True,seattle,Coastal / Pacific Northwest / water-constrained,Seattle,18.604142996193676,True,29.535290437891014,53,Washington,True,0.6914893617021277,0.1622340425531915,-0.5292553191489362,False,False,Neither hotspot,False,29.788480731225317,19.2244379817576,0.3603723404255319,165,seattle,2024,GOOGLE/SATELLITE_EMBEDDING/V1/ANNUAL,/Users/yufeizhou/Desktop/heat-exposure-compare/data/processed/seattle/seattle_master_lst_hi_hotcompare.gpkg,seattle_master_lst_hi_hotcompare,-0.01451010397009298,-0.2564154763018168,-0.040381733945059874,-0.04647355404878398,0.06599736535586687,-0.12558423854883974,-0.04157327891395479,-0.13687360297598364,0.11493808512690769,-0.11025362220679154,0.11596206206583173,0.051541570872251787,-0.18891194838870648,-0.15532050701533243,-0.1299479465517929,-0.003573076660922278,0.08801016292322805,0.15900641113646188,0.059204579116097805,0.06701889173005128,0.029121449483101025,0.09976697927839456,-0.11951195980235851,0.13982835510281919,-0.007654763881968907,0.23810565662923736,0.024060953894792843,-0.07647659115464715,0.12057254420124434,0.0010631532487736244,-0.04794959712957526,-0.10605280063917025,-0.025711080451675965,0.02323429914647467,0.11643014023766132,-0.11258994006531886,-0.20797341355513274,0.04494692228328974,-0.04134518146500796,0.05722566411464721,-0.16910880856531962,-0.04631358831350344,0.06340358275523598,0.042516542992869125,0.07482977301208481,0.10598743263705626,-0.08475673892261884,-0.058929334807942706,0.20545291052943934,-0.14580226910611052,-0.16245142554557027,0.048369472592838546,-0.03694935160601787,0.07157885689237826,0.17074120101723408,-0.20180747342761948,0.16425870104397713,0.07537469098572155,0.020026679292651648,0.0011885573059016818,0.16137423021929448,-0.002623991123015116,-0.13739818335932857,-0.08913785187771454
2326947,0,033,S,53033010001,1400000US53033010001,+47.5679917,-122.3049847,G5020,100.01,Census Tract 100.01,53,010001,True,seattle,Coastal / Pacific Northwest / water-constrained,Seattle,19.2244379817576,True,31.91193387158788,53,Washington,True,0.9627659574468085,0.776595744680851,-0.18617021276595747,True,True,Both LST and HI hotspot,False,29.788480731225317,19.2244379817576,0.3603723404255319,166,seattle,2024,GOOGLE/SATELLITE_EMBEDDING/V1/ANNUAL,/Users/yufeizhou/Desktop/heat-exposure-compare/data/processed/seattle/seattle_master_lst_hi_hotcompare.gpkg,seattle_master_lst_hi_hotcompare,-0.05250289512077122,-0.22154338947594263,-0.07429934039495764,0.0020129953373113295,0.08363731835970384,-0.10507367108655587,0.0008824054722713941,-0.10767283884440747,0.14103789713596135,-0.12260903785333782,0.10817000172924197,0.02009083745114803,-0.20065637179607104,-0.1375637672806102,-0.09861834524432811,0.05668643140618805,0.06884776962078668,0.1150878797983981,0.02810660078831115,0.10298658392555043,0.03775143412429241,0.05019375766650035,-0.11815509856194827,0.14616131694898757,0.03048239321434389,0.19248729126258085,0.05259601253844502,-0.15480674236518396,0.127272637023996,0.018870809579861,-0.0710618414710267,-0.07078691613803968,-0.002101988132003421,0.04428055954336496,0.05880324333396167,-0.029630325319487262,-0.1725232103413822,0.007189049719966411,-0.10143130514706977,0.05724971705675384,-0.09620422531264157,0.02407898572455276,0.0424305424714173,0.03892497159455245,0.07750356811696177,0.08740838694386456,-0.04257014235353428,-0.08393230783834645,0.19143732021452645,-0.14253117096191176,-0.19258988396743348,0.046541075231938546,-0.04670302951002879,0.06824183071847464,0.17936635943453735,-0.17866723036953225,0.13484785558811466,0.03806761694808988,0.021489564406499993,-0.008964196560121367,0.17893087898579055,-0.04066741751202021,-0.1339899239576104,-0.12019038604134329
1719569,0,033,S,53033011002,1400000US53033011002,+47.5405945,-122.2991995,G5020,110.02,Census Tract 110.02,53,011002,True,seattle,Coastal / Pacific Northwest / water-constrained,Seattle,19.22037616046215,True,32.95875252525255,53,Washington,True,0.9946808510638298,0.6170212765957447,-0.37765957446808507,True,False,LST-only hotspot,False,29.788480731225317,19.2244379817576,0.3603723404255319,167,seattle,2024,GOOGLE/SATELLITE_EMBEDDING/V1/ANNUAL,/Users/yufeizhou/Desktop/heat-exposure-compare/data/processed/seattle/seattle_master_lst_hi_hotcompare.gpkg,seattle_master_lst_hi_hotcompare,-0.05312669976409881,-0.28136111865920715,-0.0010634275472704703,-0.06280919659556433,0.0942559003136141,-0.08908155737090076,-0.06993581407064581,-0.1479647196761597,0.0930706269965392,-0.09896380031226064,0.07309982917654967,0.025637046646306682,-0.15769622878029352,-0.15640095370212695,-0.09726103408109273,-0.001974808243459661,0.1350712687940255,0.1828347899277324,0.06642063889124945,0.04986471380505428,0.007634630258366085,0.08237520345106962,-0.14066510171125232,0.1368977846598783,-0.01256061890296734,0.25104347913752456,0.02693804015146187,-0.09328740558521323,0.12290176788189593,-0.021034634559379966,-0.050843380133657405,-0.11678548580445172,-0.011525189285026953,-0.005471735061343556,0.06280620478623704,-0.11482448671721762,-0.15584045629835508,0.08078716001817403,-0.05296351598101639,0.1544989526593282,-0.11143866922062476,-0.028341180219613037,0.05150330993450335,0.029143558326043314,0.10391737047319971,0.11005091398408089,-0.08196026418837715,-0.028950868134039257,0.21408354423433354,-0.15088100532613727,-0.1346690506293985,0.09648151004790674,-0.02166170045512163,0.07224952266713222,0.19025854129478564,-0.1808356497395876,0.1655599223934201,0.051140596516019016,0.01957302899071024,-0.008724087071778651,0.1871850041477694,-0.00946824566108849,-0.13728823409478813,-0.11350527833946907
881731,0,033,S,53033005100,1400000US53033005100,+47.6585183,-122.3322480,G5020,51,Census Tract 51,53,005100,True,seattle,Coastal / Pacific Northwest / water-constrained,Seattle,18.604142996193676,True,30.087267932489464,53,Washington,True,0.7978723404255319,0.1622340425531915,-0.6356382978723404,True,False,LST-only hotspot,False,29.788480731225317,19.2244379817576,0.3603723404255319,168,seattle,2024,GOOGLE/SATELLITE_EMBEDDING/V1/ANNUAL,/Users/yufeizhou/Desktop/heat-exposure-compare/data/processed/seattle/seattle_master_lst_hi_hotcompare.gpkg,seattle_master_lst_hi_hotcompare,0.02847404560937699,-0.2760927570882479,-0.04142098341740923,-0.05769153342101035,0.07377769079173455,-0.062425362412724186,-0.05501470010249634,-0.1505692181091799,0.13995086199775375,-0.13542771476806453,0.09348767758502696,0.055188030077233975,-0.21470192212391376,-0.18866842622647978,-0.08606059464380421,-0.03401582768161488,0.09541621231176076,0.1849112608996487,0.08902585189599657,0.09525718253285775,0.028876913280209495,0.11479335899160684,-0.11365018946314605,0.1386819236287565,-0.027182984782176848,0.27812879896180864,0.04441660276164472,-0.08053638642750402,0.12942946053257864,-0.002646849820293096,-0.046364111912800515,-0.08651099709920711,-0.08162180221765375,0.01145990483881795,0.13942327281495734,-0.12597327115083282,-0.20109016335607816,0.027989445448526194,-0.03351835746990009,0.08118572551482799,-0.17144954049192845,-0.05637464815114317,0.06860307585255511,0.050888443585013175,0.12495101947608038,0.1086950866936122,-0.08780350202985893,-0.08770287685642615,0.1689835605307067,-0.13225536962923362,-0.11022123049523715,0.02318554012772281,-0.06212819917954568,0.039729577034243194,0.19386883857644882,-0.22321547581768833,0.1715764977763025,0.09585149502229344,-0.007207935554427007,0.01724506972333413,0.18598480029097297,0.06710024640109509,-0.17158391242153506,-0.08703577664456645
3022785,1546484,033,S,53033005600,1400000US53033005600,+47.6405468,-122.4071053,G5020,56,Census Tract 56,53,005600,True,seattle,Coastal / Pacific Northwest / water-constrained,Seattle,18.844775426560606,True,22.506384346635976,53,Washington,True,0.06914893617021277,0.44148936170212766,0.3723404255319149,False,False,Neither hotspot,True,29.788480731225317,19.2244379817576,0.3603723404255319,169,seattle,2024,GOOGLE/SATELLITE_EMBEDDING/V1/ANNUAL,/Users/yufeizhou/Desktop/heat-exposure-compare/data/processed/seattle/seattle_master_lst_hi_hotcompare.gpkg,seattle_master_lst_hi_hotcompare,-0.045487730476730034,-0.2365495666475795,-0.08410376746393464,-0.06116642463021805,0.0651642593348363,-0.03191669309460533,-0.042043286841679,-0.02822222668081703,0.14344342329827237,-0.07328692280155163,0.0982076637222832,-0.014005056598816658,-0.13532646130401313,-0.1518612910303098,-0.017256686375431887,0.009026998546923046,0.11602283380890498,0.060552702456198634,0.0645409473783235,0.049537835989383217,0.026956175494554098,0.12262621328670362,-0.12378624680864245,0.17827008951741685,-0.03507709119991172,0.13785228730177923,0.006636187400436573,-0.18462178656895842,0.1381279991704331,-0.05122011650590321,-0.10670415663931394,-0.0015611735810009374,0.014095323289243665,0.009223832724186367,-0.010208740698501329,-0.07883028259299124,-0.08981427917884784,0.04086356275858453,-0.06113212422185166,0.1365362627952471,-0.101765971232248,-0.029035229065803816,0.11824208385183413,0.04704521387658465,0.04523661558829739,0.17621284652872854,-0.07134923998125249,-0.016900056991659067,0.1238147131163969,-0.14225939986504796,-0.11430839345760621,0.06714377947333866,-0.043923962864240475,0.06865757579799192,0.1352454330690657,-0.1277614404074996,0.10775669880146055,0.0883177361165047,0.02029709366686921,-0.016005856629339274,0.1715554537718749,-0.06449971821110236,-0.07754655490612616,-0.013172105668313679
338451,154864,033,S,53033009200,1400000US53033009200,+47.6004609,-122.3335323,G5020,92,Census Tract 92,53,009200,True,seattle,Coastal / Pacific Northwest / water-constrained,Seattle,19.2244379817576,True,24.80483709273186,53,Washington,True,0.1595744680851064,0.776595744680851,0.6170212765957446,False,True,HI-only hotspot,True,29.788480731225317,19.2244379817576,0.3603723404255319,170,seattle,2024,GOOGLE/SATELLITE_EMBEDDING/V1/ANNUAL,/Users/yufeizhou/Desktop/heat-exposure-compare/data/processed/seattle/seattle_master_lst_hi_hotcompare.gpkg,seattle_master_lst_hi_hotcompare,-0.028398780594193998,-0.29244578923483705,-0.06761139211892542,-0.12940753811332187,0.013645106140869728,-0.11741481651321574,-0.015199952213693246,-0.06101561744222238,0.018591129343258017,-0.004321185118899675,0.10969451872060977,0.0032490723185230243,-0.06785183366294967,-0.1406721140778914,-0.06255497934532075,-0.12366762418363822,0.1677802611241424,0.07684403350399038,0.015255559484655583,0.06828157160402687,0.037725802906555306,0.10783778176200529,-0.1631256661943423,0.11826188000445949,-0.09710382308859457,0.09184415708784413,0.028161673660274757,-0.08860353092316021,0.1177436634184203,-0.04246755800046116,-0.007674895585260172,-0.02721556047068595,0.03845801592398807,-0.09829712171264852,0.008508365463278666,-0.09788132313899747,-0.14696472712144543,0.03581599132485068,0.008858917439936354,0.14444663988788203,-0.1431284265500967,-0.07924705302024607,0.049936752086092974,-0.009080340753406827,0.04502728851156998,0.15857809829858774,-0.09961828808971743,0.023601095549613788,0.10742095530079647,-0.07982201597789464,-0.15892757673387542,0.14718726827666315,-0.09507904245860054,0.04615285516210843,0.16191465488039114,-0.15001786369739895,0.058026591168527125,0.07275140465325784,0.027243456272075313,-0.03252653442723904,0.117041983560219,-0.1017477945109899,-0.09874044267051424,0.05953044093968135
9463717,619441,033,S,53033009300,1400000US53033009300,+47.5771253,-122.3309360,G5020,93,Census Tract 93,53,009300,True,seattle,Coastal / Pacific Northwest / water-constrained,Seattle,19.2244379817576,True,28.66022474952616,53,Washington,True,0.4521276595744681,0.776595744680851,0.3244680851063829,False,True,HI-only hotspot,True,29.788480731225317,19.2244379817576,0.3603723404255319,171,seattle,2024,GOOGLE/SATELLITE_EMBEDDING/V1/ANNUAL,/Users/yufeizhou/Desktop/heat-exposure-compare/data/processed/seattle/seattle_master_lst_hi_hotcompare.gpkg,seattle_master_lst_hi_hotcompare,-0.015775145942007778,-0.26970232993745386,-0.028272929536442205,-0.13985324909475338,0.017187266204793942,-0.15414035611114962,-0.028481602815405314,-0.14621065070440342,0.0009538809599318261,0.0001213808870532562,0.10261286946557208,0.027775834470534642,-0.10998041676622024,-0.14343846951234226,-0.09303757799928355,-0.11586541138061564,0.181581100061123,0.11710359423426143,0.027012815300256322,0.05955659426921068,0.027444769736299706,0.10554463848612504,-0.18258951700214585,0.07923629633890182,-0.07625944384403407,0.14103170315118174,0.012604455649257764,-0.04819952070849289,0.09665771954524773,-0.01466956195023815,0.05735251240404761,-0.09563480291984897,0.07588714836383224,-0.11305851499595158,0.037161252363499334,-0.09334149627339051,-0.1774470836963224,0.09528114297252202,0.012800245286424781,0.1378234988513533,-0.1426899000984609,-0.024820402294359372,-0.006022590724284104,-0.031403733889755286,0.08416226319231786,0.10226030756743176,-0.06653621414434094,-0.00017134042375266024,0.21151506566894665,-0.05749625079515425,-0.16186076261216975,0.16299834373046324,-0.08865718464242583,0.052519676332729234,0.20925896835206925,-0.16754717005552255,0.08045193947240184,0.03784208399578623,0.03696697731418892,-0.02247690844848451,0.12617266077763659,-0.07340332002651898,-0.1743389459671599,0.0036797453415293576
946085,0,033,S,53033001800,1400000US53033001800,+47.6940568,-122.3419681,G5020,18,Census Tract 18,53,001800,True,seattle,Coastal / Pacific Northwest / water-constrained,Seattle,18.604142996193676,True,30.025069625761553,53,Washington,True,0.7819148936170213,0.1622340425531915,-0.6196808510638298,True,False,LST-only hotspot,False,29.788480731225317,19.2244379817576,0.3603723404255319,172,seattle,2024,GOOGLE/SATELLITE_EMBEDDING/V1/ANNUAL,/Users/yufeizhou/Desktop/heat-exposure-compare/data/processed/seattle/seattle_master_lst_hi_hotcompare.gpkg,seattle_master_lst_hi_hotcompare,-0.005166950830151127,-0.29257373212530036,-0.05019660298661883,-0.06747532530103903,0.06275927674488035,-0.11040672112463354,-0.05501241104891546,-0.18292056566359646,0.09294187082921687,-0.11766383436447488,0.11580239028750731,0.05933031356830539,-0.18553345653085618,-0.17231867826918174,-0.11551209129142714,-0.029292545728961377,0.10743288893352135,0.18771925854814123,0.07663379492817753,0.07943026369671338,0.02740587039690427,0.08158530342706273,-0.11039209820255813,0.11645611022324034,-0.04949549811238711,0.2531438050556997,0.06884863937826509,-0.06242105082368946,0.11504799563892813,0.004847628183993571,-0.030325556907947294,-0.10510638752515729,-0.02721487144025706,-0.01497898902352685,0.1105625050683884,-0.11690949049869523,-0.2087609355986866,0.05056623562281793,-0.019643910616828002,0.09547106806868275,-0.17703373950602147,-0.07598618818032045,0.03759270942834813,0.04103436195082363,0.11702710787890508,0.07598169859947572,-0.09253504038395657,-0.04629679098959923,0.2073384441750717,-0.14125501459616585,-0.12922072004557808,0.05242661427422101,-0.07652214233740494,0.048426173710239856,0.20021809600739018,-0.2240727287538325,0.14258581311338528,0.07096456544669821,0.027625689391560945,-0.01653795433824586,0.15734667273086173,0.03435131406341929,-0.16081300528233322,-0.07073290052654325
1667272,0,033,S,53033001900,1400000US53033001900,+47.6965229,-122.3262226,G5020,19,Census Tract 19,53,001900,True,seattle,Coastal / Pacific Northwest / water-constrained,Seattle,18.604142996193676,True,30.5563817891374,53,Washington,True,0.8936170212765957,0.1622340425531915,-0.7313829787234042,True,False,LST-only hotspot,False,29.788480731225317,19.2244379817576,0.3603723404255319,173,seattle,2024,GOOGLE/SATELLITE_EMBEDDING/V1/ANNUAL,/Users/yufeizhou/Desktop/heat-exposure-compare/data/processed/seattle/seattle_master_lst_hi_hotcompare.gpkg,seattle_master_lst_hi_hotcompare,-0.04336855253077646,-0.28038783387327837,-0.0626794974748668,-0.03306839066755763,0.061584971038771065,-0.11665248904642249,-0.05484882630643444,-0.1506184717636142,0.13496144111968267,-0.13607177366314618,0.12997132149045923,0.02056311075251896,-0.20245900918702006,-0.15936814409925976,-0.10825119569372567,0.010804704814335394,0.08129910555918876,0.16236812803330686,0.061509082267161515,0.05475536116852756,0.021867851294228594,0.07157254140109023,-0.10890432527063443,0.11680847697681314,-0.033830062285027655,0.2612343743939348,0.05771021977367475,-0.08860865494464683,0.1158646195575246,-0.0041829235501883244,-0.04076178642450642,-0.08619697566130191,-0.01314221842069789,0.02709333711037379,0.08695833851835129,-0.10220320153245334,-0.184407306097775,0.07179959805904972,-0.044674895147846484,0.10446690040701014,-0.1531800948153913,-0.052895460776839404,0.06495270780764906,0.04118437638748415,0.09560617877142329,0.07308689365131973,-0.09141940576755896,-0.03726333261377902,0.2259094557432605,-0.16392544417253588,-0.13999286725169727,0.05001580180874352,-0.05411268715414658,0.08959991695577736,0.18924867170696488,-0.19468927045856885,0.15717097871619978,0.07596059644224212,0.027953909374521184,0.007397638603358088,0.16947215553613545,0.004019942159615112,-0.13139323771974645,-0.07153214442846262
1131992,0,033,S,53033002000,1400000US53033002000,+47.6954718,-122.3118714,G5020,20,Census Tract 20,53,002000,True,seattle,Coastal / Pacific Northwest / water-constrained,Seattle,18.604142996193676,True,30.334921700223735,53,Washington,True,0.8617021276595744,0.1622340425531915,-0.6994680851063829,True,False,LST-only hotspot,False,29.788480731225317,19.2244379817576,0.3603723404255319,174,seattle,2024,GOOGLE/SATELLITE_EMBEDDING/V1/ANNUAL,/Users/yufeizhou/Desktop/heat-exposure-compare/data/processed/seattle/seattle_master_lst_hi_hotcompare.gpkg,seattle_master_lst_hi_hotcompare,0.017097339191365364,-0.24431955418772947,-0.08459651082300523,-0.009121028821812469,0.08302692882112903,-0.05711685781925623,-0.04459966258329424,-0.1358804753772382,0.16698446257667984,-0.15366594005284973,0.12264533052276068,0.05839545947776711,-0.23539556567045272,-0.1616985518389787,-0.08333345109499483,0.011281882075502181,0.08929721788817038,0.166119290581494,0.0750251028316243,0.13117818929419656,0.03039799078357046,0.041776575691216754,-0.06900522656683566,0.13529521835794142,-0.0017387492968672753,0.2673677801828997,0.036947402231867696,-0.13578154426698663,0.13663310092867617,0.028422293076935855,-0.05847158330951723,-0.05513184544283173,-0.014015238069130668,0.04979652203747788,0.09344211419190708,-0.07062797009059467,-0.1934526677868493,0.0027478195505085297,-0.06615663437396908,0.08084689041414127,-0.16575386699404948,-0.03946807555447858,0.05754793076122614,0.04509125109110723,0.10030421684785783,0.09097477407097486,-0.07304310192731919,-0.0789612405146446,0.17237529978415517,-0.15750624250242895,-0.13095905390535206,0.0015189515873792654,-0.05771152305532202,0.08170357038748469,0.19823359830327636,-0.22804133397795384,0.160367276672989,0.09067395961232208,0.027375251203647397,0.00012873397470950293,0.18770643036834933,0.04046054802243478,-0.11853574345264642,-0.09665137050060617
1365467,0,033,S,53033002100,1400000US53033002100,+47.6953673,-122.2980453,G5020,21,Census Tract 21,53,002100,True,seattle,Coastal / Pacific Northwest / water-constrained,Seattle,18.604142996193676,True,29.77493686868689,53,Washington,True,0.75,0.1622340425531915,-0.5877659574468085,False,False,Neither hotspot,False,29.788480731225317,19.2244379817576,0.3603723404255319,175,seattle,2024,GOOGLE/SATELLITE_EMBEDDING/V1/ANNUAL,/Users/yufeizhou/Desktop/heat-exposure-compare/data/processed/seattle/seattle_master_lst_hi_hotcompare.gpkg,seattle_master_lst_hi_hotcompare,-0.007946113396612354,-0.251578652128886,-0.07273425114915386,0.0006700640408732706,0.06957989807312173,-0.06828815094718482,-0.05156404547531015,-0.10368394105866416,0.17552090143498794,-0.16236939785608576,0.14884818890089835,0.03793805171724737,-0.22336718527793917,-0.14749162280519107,-0.07650854679729684,0.0243834158253212,0.07348774897803048,0.1567685739962571,0.07821718154888484,0.07656396386069413,0.029823208998659034,0.056000081421491404,-0.06951821718105969,0.13154811228162222,-0.006527091191000953,0.2942038015844443,0.017174420819548283,-0.11567383996804476,0.1292837082717704,0.006694374878595825,-0.07047381130060704,-0.061439094367754354,-0.015327699844803236,0.05910833620623353,0.10077154824401628,-0.11356045119622313,-0.1886245956582441,0.049661006595799966,-0.06896945887712645,0.07357218087699774,-0.16802469295001957,-0.06698429272764823,0.09971841242602605,0.04242417215189553,0.08710301526231065,0.10320700512333728,-0.08219648833912764,-0.04489973344522377,0.22396096558957795,-0.1648977934344197,-0.13374266089847006,0.0126250307799423,-0.048313860254093774,0.11262423110936991,0.20087305397137947,-0.19383113371692906,0.1774020649481121,0.10105504290736379,0.019326671286673407,0.015360753075922495,0.1844201398264727,0.03346614090074728,-0.07827090464594882,-0.08651805787987135
962540,0,033,S,53033002400,1400000US53033002400,+47.6866167,-122.2879302,G5020,24,Census Tract 24,53,002400,True,seattle,Coastal / Pacific Northwest / water-constrained,Seattle,18.604142996193676,True,30.313333333333333,53,Washington,True,0.851063829787234,0.1622340425531915,-0.6888297872340425,True,False,LST-only hotspot,False,29.788480731225317,19.2244379817576,0.3603723404255319,176,seattle,2024,GOOGLE/SATELLITE_EMBEDDING/V1/ANNUAL,/Users/yufeizhou/Desktop/heat-exposure-compare/data/processed/seattle/seattle_master_lst_hi_hotcompare.gpkg,seattle_master_lst_hi_hotcompare,0.011901006747040893,-0.25790872362892525,-0.0662695291153148,-0.020582156172879836,0.06706248622927648,-0.056725600177356575,-0.04702169435960702,-0.13705351090513737,0.1758113748253431,-0.16042996899400372,0.12618212724306052,0.05775431291437016,-0.21423969991105857,-0.14389914654609165,-0.08335807349656352,0.025212927636119042,0.07092281812515606,0.17106522475301664,0.11222364611286324,0.07226150045714393,0.036161735562654805,0.08197509664708261,-0.06612770896860284,0.13636117411720772,-0.02641649388357991,0.2887617489132947,0.030935438735741737,-0.11044183374055515,0.13549893429376675,0.008196370654340089,-0.05719794919276447,-0.07145597457508794,-0.03954387254452539,0.027643073555763904,0.1056757002627681,-0.114239585351522,-0.19966139505158306,0.044615312705063345,-0.0630506673320774,0.08436053263397005,-0.16959943988699672,-0.06982631720116486,0.08897399548251758,0.039982274049640554,0.10273944594114454,0.0987249450105071,-0.08958912356406233,-0.06653059147278219,0.20714315404305148,-0.16885603170438201,-0.12685096536423415,0.002088896615712387,-0.06200653819131409,0.06867103164113442,0.1978220877956881,-0.20776607695994825,0.17573682532701165,0.09366957343170075,0.007767215422475827,-4.562105731378142e-06,0.19123456151173346,0.07047949651704935,-0.1017699370202679,-0.10496686355747273
1216627,28175,033,S,53033002600,1400000US53033002600,+47.6822031,-122.3113993,G5020,26,Census Tract 26,53,002600,True,seattle,Coastal / Pacific Northwest / water-constrained,Seattle,18.604142996193676,True,29.5580870806567,53,Washington,True,0.7021276595744681,0.1622340425531915,-0.5398936170212766,False,False,Neither hotspot,False,29.788480731225317,19.2244379817576,0.3603723404255319,177,seattle,2024,GOOGLE/SATELLITE_EMBEDDING/V1/ANNUAL,/Users/yufeizhou/Desktop/heat-exposure-compare/data/processed/seattle/seattle_master_lst_hi_hotcompare.gpkg,seattle_master_lst_hi_hotcompare,0.004737871284553398,-0.2812248069375123,-0.048095139273423584,-0.052316236122810444,0.07186760997084944,-0.09586960216455086,-0.04372721211060765,-0.1661404133580099,0.13218293917236834,-0.1358397868237023,0.105378951626529,0.052652436942893475,-0.19661228004151082,-0.16482466761732603,-0.0959369765126182,-0.0004595846456397352,0.09389346051968764,0.18750457223667352,0.08939765855133483,0.08608626145801483,0.02832740342129134,0.09615867399609557,-0.10136512584308233,0.14302269347608434,-0.03902921215677252,0.24569857821406088,0.04911977556322872,-0.09755229968973322,0.1354647542415653,0.0014092058020767472,-0.05481162410296088,-0.09206348523988588,-0.050438563645540314,0.0163617107363404,0.11343780832283945,-0.11162009073316215,-0.20656013641919962,0.04269109624046035,-0.04267321012107274,0.09151408099463894,-0.17709942167463516,-0.0637248134969205,0.0601978406823253,0.04734539851087283,0.09527697526435036,0.09712165731255909,-0.09646200856245758,-0.0684520407833038,0.17280478946873798,-0.1616106200245455,-0.11536105038343131,0.02467431899703624,-0.06311067872475404,0.04798544947762602,0.1824551458108866,-0.22177434918763192,0.1607947537698175,0.0758041093353656,0.017072077052329857,-0.010947262303079184,0.1672964860701271,0.043413934351449135,-0.1463248500489835,-0.09677615185418223
986209,0,033,S,53033002900,1400000US53033002900,+47.6850872,-122.3606466,G5020,29,Census Tract 29,53,002900,True,seattle,Coastal / Pacific Northwest / water-constrained,Seattle,18.844775426560606,True,28.90179894179898,53,Washington,True,0.5159574468085106,0.44148936170212766,-0.07446808510638298,False,False,Neither hotspot,False,29.788480731225317,19.2244379817576,0.3603723404255319,178,seattle,2024,GOOGLE/SATELLITE_EMBEDDING/V1/ANNUAL,/Users/yufeizhou/Desktop/heat-exposure-compare/data/processed/seattle/seattle_master_lst_hi_hotcompare.gpkg,seattle_master_lst_hi_hotcompare,0.013131533417788305,-0.27685032643641494,-0.019274123968282784,-0.0653944302775641,0.07167578153736069,-0.07261593185795634,-0.06350819349210517,-0.15879366953011081,0.13043821921169302,-0.17601255430512047,0.1365582816599644,0.0531448063241843,-0.18992174018889954,-0.19002848041292827,-0.09072267418855393,-0.018855650448766983,0.08774943492520564,0.20511967011990676,0.09876945678064901,0.05743665852397685,0.012374749950506216,0.09245529011336041,-0.07602962979337172,0.1221714598081379,-0.04866220115177009,0.2954027588149398,0.043116729722766645,-0.06877321324849255,0.1233841816240356,-0.0007257310107318552,-0.044734031089966306,-0.08627306342943428,-0.06234992409525114,0.014284178690519607,0.13519463720384514,-0.14527818377089047,-0.21770326882770863,0.058217600952871915,-0.030433301637715383,0.08773829273250616,-0.15832489768631647,-0.10325181279834318,0.08445105985255535,0.041734482010479725,0.13016686918424164,0.0839812032958669,-0.11188402844676709,-0.03689984810488,0.20934452898100678,-0.13273784944627584,-0.08687440272442791,0.029670359616018653,-0.09164656675139564,0.06487517711589035,0.1924438935237216,-0.20712341353019337,0.17127954741492693,0.08105925485607675,0.01583418527806766,0.00680757778763771,0.1514763388405664,0.096061074773664,-0.15395855802852115,-0.0610799091009605
1686311,0,033,S,53033009400,1400000US53033009400,+47.5880988,-122.3099702,G5020,94,Census Tract 94,53,009400,True,seattle,Coastal / Pacific Northwest / water-constrained,Seattle,19.2244379817576,True,28.959523424878867,53,Washington,True,0.5425531914893617,0.776595744680851,0.23404255319148937,False,True,HI-only hotspot,True,29.788480731225317,19.2244379817576,0.3603723404255319,179,seattle,2024,GOOGLE/SATELLITE_EMBEDDING/V1/ANNUAL,/Users/yufeizhou/Desktop/heat-exposure-compare/data/processed/seattle/seattle_master_lst_hi_hotcompare.gpkg,seattle_master_lst_hi_hotcompare,-0.009310910806328872,-0.2830019245498881,-0.03265259908183961,-0.042400065871081076,0.0902347868228948,-0.08140936548671364,-0.0554067055291235,-0.1564827433924754,0.09066936745876343,-0.09910752950114059,0.1114180382051899,0.04026625032846754,-0.18200234997778272,-0.1797659907007751,-0.10103036811469325,-0.0263085028115303,0.14522184682426303,0.1467899672842416,0.02914828664338025,0.10889204470597916,0.021297266377629107,0.050116980961119856,-0.12747082745682226,0.11534663461266179,-0.0007934384218763569,0.236589995413519,0.047521562370303326,-0.08694458623223111,0.10969119135405801,-0.006491639895959268,-0.03220623471749768,-0.1031660924849209,0.019420432948292467,-0.013285367677228342,0.08313745526639735,-0.10681379921383799,-0.1967751332978468,0.039786890020235215,-0.04386053198332182,0.11660206460833397,-0.15350859338546427,-0.04319685244073584,0.04012643521770841,0.031282454816200296,0.10757157251528551,0.10906484014932039,-0.07183078870697111,-0.05111676881899402,0.19857792403835917,-0.118050425970696,-0.12836163751031143,0.07898206196853856,-0.0695408731707044,0.09295562738074478,0.20563311635762146,-0.21296824552495935,0.16689078733154047,0.0395615775847481,0.027543306078610642,-0.027806788192377696,0.17617936214959928,-0.00030523525833803917,-0.15443812470714813,-0.08647114110382588
2591116,2922873,033,S,53033009500,1400000US53033009500,+47.5783426,-122.2831943,G5020,95,Census Tract 95,53,009500,True,seattle,Coastal / Pacific Northwest / water-constrained,Seattle,19.2244379817576,True,29.043881835937537,53,Washington,True,0.5691489361702128,0.776595744680851,0.20744680851063824,False,True,HI-only hotspot,True,29.788480731225317,19.2244379817576,0.3603723404255319,180,seattle,2024,GOOGLE/SATELLITE_EMBEDDING/V1/ANNUAL,/Users/yufeizhou/Desktop/heat-exposure-compare/data/processed/seattle/seattle_master_lst_hi_hotcompare.gpkg,seattle_master_lst_hi_hotcompare,-0.02653626710312967,-0.2285476391033775,-0.13871002169674906,-0.07714659565015194,0.04344914656736869,-0.01997529743788154,-0.002625012461240106,0.002094225974454806,0.1223810094051689,-0.04260278698179522,0.11278733705673978,-0.043851829223685274,-0.10755825822081712,-0.1537517078399858,-0.004937140377371772,0.012310310033362484,0.09232388779037295,-0.002876711811588949,0.05369690771809438,0.045321601238546706,0.026937440451607588,0.09948424155737494,-0.11216922542402279,0.18037541785800026,-0.0655979910110676,0.059328270128146676,0.030649268256322026,-0.21347139919967045,0.13050289542073895,-0.06279609752772451,-0.13483855463622121,0.0749576320386805,0.04474659045303446,-0.0089845445867275,-0.055535243670898536,-0.05715187307666899,-0.04852701367873197,-9.097247597367499e-05,-0.03290543178716286,0.15759118398153363,-0.12063219425149839,-0.06776832689827736,0.14175310903521138,0.03886364666533422,0.02044451786394842,0.17802536599804034,-0.11448612182735846,0.014021936860024231,0.05102626396398182,-0.14626492553832285,-0.0913292618885722,0.0512422028198129,-0.07822824307876527,0.06646367016449524,0.08648596574524023,-0.10623597790396237,0.06525796567196349,0.1180881669184436,0.01593112507326234,-0.04270534140974587,0.1153565529792214,-0.09661651472411119,-0.04989048487005305,0.08573667231682666
596190,13727,033,S,53033004902,1400000US53033004902,+47.6527830,-122.3506012,G5020,49.02,Census Tract 49.02,53,004902,True,seattle,Coastal / Pacific Northwest / water-constrained,Seattle,18.73530316210183,True,29.52313304721033,53,Washington,True,0.6861702127659575,0.30319148936170215,-0.3829787234042553,False,False,Neither hotspot,False,29.788480731225317,19.2244379817576,0.3603723404255319,181,seattle,2024,GOOGLE/SATELLITE_EMBEDDING/V1/ANNUAL,/Users/yufeizhou/Desktop/heat-exposure-compare/data/processed/seattle/seattle_master_lst_hi_hotcompare.gpkg,seattle_master_lst_hi_hotcompare,0.019039795303363586,-0.2861393734572767,-0.016246040690725546,-0.10631229211307959,0.07495127648727516,-0.11349392981823506,-0.0395195238617628,-0.14154786018119267,0.05500604633986008,-0.07132494237480438,0.07551156747086299,0.025881075536078314,-0.168019385323428,-0.184023013015526,-0.11964091825338598,-0.08412706695239762,0.13813186302066044,0.1720191641660174,0.05025888986896979,0.08315061174706287,0.025733394631300494,0.11283840508138875,-0.1701591382281253,0.11151482209460253,-0.00991972470749976,0.23706060587510452,0.038973041243408384,-0.05903140176021548,0.12541663070550627,-0.01338228399341975,-0.01060776678600586,-0.10873767388821813,-0.03643383061513869,-0.0005284909495615676,0.11334820267888912,-0.14267839332198898,-0.2265988838616391,0.05479056478601678,-0.010681451741308407,0.05543614517490431,-0.1740589489217686,-0.0571834070627609,0.03570840983133181,0.020627528512300545,0.0936381328121764,0.12376018826139035,-0.11050969172809808,-0.04958016393765931,0.15708179849887793,-0.1107285919248477,-0.13408532216213662,0.07963347754316585,-0.054682478393357103,0.05000945265208105,0.18503801222111424,-0.2041171508469448,0.14494336790766382,0.0750850821833358,0.022889793310615608,0.003714748683920799,0.1764197915672314,-0.009855455751345898,-0.18167786285765802,-0.04848866661797574
150829,0,033,S,53033007406,1400000US53033007406,+47.6193203,-122.3260062,G5020,74.06,Census Tract 74.06,53,007406,True,seattle,Coastal / Pacific Northwest / water-constrained,Seattle,19.2244379817576,True,28.86607142857148,53,Washington,True,0.4946808510638298,0.776595744680851,0.2819148936170212,False,True,HI-only hotspot,True,29.788480731225317,19.2244379817576,0.3603723404255319,182,seattle,2024,GOOGLE/SATELLITE_EMBEDDING/V1/ANNUAL,/Users/yufeizhou/Desktop/heat-exposure-compare/data/processed/seattle/seattle_master_lst_hi_hotcompare.gpkg,seattle_master_lst_hi_hotcompare,0.010903352463869954,-0.3095761705891598,0.01993054608318024,-0.13077004777200618,0.03417899295955475,-0.1566513341159704,-0.04918167845465111,-0.15263412766747397,-0.0003602481172033398,-0.02446411656015144,0.12245025948691342,0.0350611316453463,-0.10318686931226151,-0.1513142589317565,-0.1271260114935785,-0.11339736374466787,0.20024879928177539,0.15508127313503334,0.02334368391699117,0.03662612936438334,0.041889378133448,0.07666969218952367,-0.15894090942748768,0.06310955180338573,-0.04401553297192937,0.20543817891138394,0.04285461775351757,-0.0022762444647174552,0.07078370924667944,-0.0034021278015584455,0.04582315609464899,-0.1297471103783358,0.019377813959655328,-0.11774594347610451,0.06880453918570317,-0.17061579468366236,-0.27674894189437976,0.1007947355972439,0.023295252570794255,0.09478230801888853,-0.16555215635685094,-0.07364808000998242,-0.0012225399599779432,-0.02534059470686676,0.08406335689932268,0.10580488082641397,-0.11293815955193348,0.018761378492310587,0.217610540707902,-0.059109372285774495,-0.12748480849481006,0.140784399120159,-0.10342409494618422,0.053075050873820084,0.22369070508513966,-0.1811582306538645,0.10668776923747557,0.05314527086119408,0.05466295885497458,-0.011958629244673093,0.1635519543927955,-0.0004907158503706488,-0.18072576551161923,-0.024313338813642678
1554536,184845,033,S,53033011601,1400000US53033011601,+47.5235901,-122.3885434,G5020,116.01,Census Tract 116.01,53,011601,True,seattle,Coastal / Pacific Northwest / water-constrained,Seattle,19.444926156859484,True,22.777113803004713,53,Washington,True,0.07446808510638298,0.9707446808510638,0.8962765957446808,False,True,HI-only hotspot,True,29.788480731225317,19.2244379817576,0.3603723404255319,183,seattle,2024,GOOGLE/SATELLITE_EMBEDDING/V1/ANNUAL,/Users/yufeizhou/Desktop/heat-exposure-compare/data/processed/seattle/seattle_master_lst_hi_hotcompare.gpkg,seattle_master_lst_hi_hotcompare,-0.039873799257861185,-0.23614591960551404,-0.0503422220945571,-0.02066128487588151,0.07479065031479495,-0.050528061137370024,-0.06721442971613203,-0.05110164075316484,0.16273534739483128,-0.11465014556437964,0.11119141042804812,0.007092424129002712,-0.18460354737539666,-0.14196232138628612,-0.05349265340217396,0.01856715110052129,0.09817046208116682,0.11170882624928374,0.06166674734542778,0.0319612817778915,0.028336721291910602,0.09545746910731,-0.10054246997076444,0.1510509033348066,0.006740628950564755,0.25053505400732934,-0.02034707208142324,-0.12862527699627777,0.13936556783848805,-0.016988189214834273,-0.07432681540570787,-0.04697878049900783,-0.0006033209233624531,0.04895365666865954,0.039640846461221825,-0.12587261208980596,-0.13320725789495974,0.0734557264615297,-0.07558536033499295,0.11549393995577348,-0.1151819972200874,-0.040623345524727086,0.11668503888857293,0.049349409644301526,0.0644869044020779,0.1519566013062792,-0.07111013066613582,-0.02416179582219709,0.21244968782991266,-0.15121475789840252,-0.13225335968833749,0.056540266411725944,-0.02384388225138968,0.11136577856827559,0.16763046245042917,-0.15111483250434313,0.1612128218119583,0.08600736120781464,0.014112627945620527,0.02276854448932194,0.19482528716549494,-0.022323106535360546,-0.07056297970364979,-0.0655548291690823
832097,0,033,S,53033005803,1400000US53033005803,+47.6424544,-122.3878383,G5020,58.03,Census Tract 58.03,53,005803,True,seattle,Coastal / Pacific Northwest / water-constrained,Seattle,18.844775426560606,True,25.5336586317723,53,Washington,True,0.19680851063829788,0.44148936170212766,0.24468085106382978,False,False,Neither hotspot,False,29.788480731225317,19.2244379817576,0.3603723404255319,184,seattle,2024,GOOGLE/SATELLITE_EMBEDDING/V1/ANNUAL,/Users/yufeizhou/Desktop/heat-exposure-compare/data/processed/seattle/seattle_master_lst_hi_hotcompare.gpkg,seattle_master_lst_hi_hotcompare,0.017731141921425532,-0.24672184427580698,-0.06970698850398266,-0.02546337482539054,0.09927468171105469,-0.05530792145978897,-0.053226178812687555,-0.14909272036099733,0.12793332966198442,-0.13220464012367533,0.09438687261137399,0.06614891363623925,-0.2284962937149988,-0.20146380400379318,-0.09330614547790514,-0.040713380467779496,0.11355924302021796,0.14359308797480186,0.027889210615208115,0.17034624962109646,0.027557141555775985,0.07873980713254146,-0.13874910778083707,0.13409865742511967,0.002714637943557179,0.2460862586901424,0.06868047963339946,-0.14258373011332096,0.10247905454544148,0.036755821403019036,-0.03761775420724315,-0.08095133190673665,-0.01059309697791815,0.023483250128857908,0.10939332097211715,-0.0497856037033182,-0.17508081537016168,-0.019718985370583135,-0.06144697408973512,0.07800663334170486,-0.16137517995795334,0.006196433887588914,0.03706773974158873,0.039476908858807856,0.1313982464680895,0.12322472809882419,-0.031542210824515124,-0.10296178458982856,0.14675910902861464,-0.14375350029541112,-0.12976181594312666,0.021798288546641075,-0.054166680118931165,0.05489483475111875,0.19454523513953748,-0.23095695687086568,0.16193294742402556,0.06258842705536628,0.018779113797579322,0.010922093959535485,0.19084060176970052,0.011725142630097957,-0.18841340361364314,-0.10064960682398606
669384,62871,033,S,53033000403,1400000US53033000403,+47.7279716,-122.3536298,G5020,4.03,Census Tract 4.03,53,000403,True,seattle,Coastal / Pacific Northwest / water-constrained,Seattle,18.81188322384858,True,23.716678657074354,53,Washington,True,0.13297872340425532,0.32978723404255317,0.19680851063829785,False,False,Neither hotspot,False,29.788480731225317,19.2244379817576,0.3603723404255319,185,seattle,2024,GOOGLE/SATELLITE_EMBEDDING/V1/ANNUAL,/Users/yufeizhou/Desktop/heat-exposure-compare/data/processed/seattle/seattle_master_lst_hi_hotcompare.gpkg,seattle_master_lst_hi_hotcompare,0.0033223780105960114,-0.27365893004042635,-0.10007190370569952,-0.054107978803116026,0.048605598885401065,-0.043770646540895894,-0.06705159105199841,-0.10290941212905197,0.13485009546128765,-0.1165200612708735,0.13082945875548527,0.02409869872605771,-0.185095209832783,-0.12603942861068723,-0.06041671091717913,-0.03285631541780618,0.08212442599741819,0.11263704063769664,0.09605844016732834,0.08825761148150957,0.02583932017331769,0.07021909021289743,-0.1191402282137819,0.12414929583224953,-0.04790139505561282,0.24411189138383022,0.030834395681386434,-0.13233938689469263,0.14083733035288268,0.009272424876851641,-0.04685345602899141,-0.07355068080935948,-0.0166704145919888,0.009852946468341606,0.02043448561113764,-0.0821765697283722,-0.1773855699539667,0.06965301853599438,-0.040828554152861976,0.1057576164061062,-0.1755906165404698,-0.03828034948276825,0.07766154740588589,0.05132080526859449,0.08824144645879381,0.13539849066313805,-0.07870646838415891,-0.04273908803425823,0.1798634423514802,-0.16228202400887037,-0.16251295341482577,0.02840145783508932,-0.03507292968560789,0.06035113069422438,0.2003020709962927,-0.1626118374124313,0.13033752918233352,0.11359104287907473,0.018423002213650775,-0.0041982096043992004,0.21226977687502072,0.004507311032783415,-0.08927594497972555,-0.05762356614802702
1565825,786358,033,S,53033011602,1400000US53033011602,+47.5338344,-122.3952427,G5020,116.02,Census Tract 116.02,53,011602,True,seattle,Coastal / Pacific Northwest / water-constrained,Seattle,19.444926156859484,True,21.62458982346837,53,Washington,True,0.05319148936170213,0.9707446808510638,0.9175531914893617,False,True,HI-only hotspot,True,29.788480731225317,19.2244379817576,0.3603723404255319,186,seattle,2024,GOOGLE/SATELLITE_EMBEDDING/V1/ANNUAL,/Users/yufeizhou/Desktop/heat-exposure-compare/data/processed/seattle/seattle_master_lst_hi_hotcompare.gpkg,seattle_master_lst_hi_hotcompare,-0.03870598011513836,-0.20344655870465517,-0.10784904028682461,-0.05548604708569497,0.04510885238036181,-0.017642914636960765,-0.041173603675817086,0.0210038187475843,0.16483451236612218,-0.07244417953109361,0.11050542146199983,-0.011175797835982748,-0.1327754415429237,-0.11956199443673461,-0.0064345887243216875,0.01229079059147887,0.0948185320536649,0.0430134834687924,0.07529738256770457,0.01693957367158398,0.03765295726969461,0.10632842334724892,-0.09848209914083333,0.17039340806563508,-0.016702307928229715,0.13861306647684288,-0.015631328008836057,-0.18410751181588292,0.12810520143495688,-0.042622501587927956,-0.09599279878235573,0.047376577743996326,0.03262821291830454,0.02576962348161963,-0.03952183740238672,-0.09361872063876771,-0.09159381934782326,0.056051462161318844,-0.05261146410004155,0.12880985235243492,-0.1068687496899852,-0.05029558435953549,0.13716597968512298,0.04328307551894081,0.034349704790925514,0.17484945402576094,-0.0815413243628403,0.006238499738778585,0.14167036705519737,-0.14031477873014345,-0.12430471470223146,0.04528703672634342,-0.03172354611739164,0.08863683599647408,0.13799041351466643,-0.10053529947539647,0.08720391393101212,0.1101830303859577,0.009986585955288747,0.002975948075968742,0.16373427890044984,-0.057730301117815186,-0.01693251645867242,0.02204009388417758
497144,0,033,S,53033004901,1400000US53033004901,+47.6613804,-122.3513529,G5020,49.01,Census Tract 49.01,53,004901,True,seattle,Coastal / Pacific Northwest / water-constrained,Seattle,18.748800642194606,True,29.294171483622385,53,Washington,True,0.6170212765957447,0.31382978723404253,-0.30319148936170215,False,False,Neither hotspot,False,29.788480731225317,19.2244379817576,0.3603723404255319,187,seattle,2024,GOOGLE/SATELLITE_EMBEDDING/V1/ANNUAL,/Users/yufeizhou/Desktop/heat-exposure-compare/data/processed/seattle/seattle_master_lst_hi_hotcompare.gpkg,seattle_master_lst_hi_hotcompare,0.032193257472699015,-0.2877946465445613,-0.03317134421135978,-0.08663784597281585,0.08799471229614303,-0.09563096907031106,-0.06862048515898964,-0.17980513651731903,0.08666223340883794,-0.08594919344047265,0.09673294092368381,0.06971562398238088,-0.1863758375412164,-0.18960719701896203,-0.12096044308539966,-0.068791506248238,0.15317753229649306,0.18770129368483002,0.0668400616795752,0.08390482768436967,0.029813962068714447,0.10039578762339162,-0.12888109706869916,0.11020924831638126,-0.03615700029244567,0.24708252951705195,0.03980226910086472,-0.05419603272508729,0.10675952815970502,0.006832823455448769,-0.020472543338131866,-0.12089958390782155,-0.01731256577068266,-0.04563401653898095,0.11370725934617014,-0.1518137961125566,-0.2372833869758481,0.04755346003513272,0.0021721482773573953,0.10565677327933985,-0.18071415094658264,-0.0718674542482603,0.03052298187268284,0.023213857480117592,0.11297332192177256,0.10203492672207619,-0.09180071460796721,-0.05964917953090131,0.18697349009725742,-0.11712912920281168,-0.09140651018638776,0.06753284594760432,-0.07821574714930576,0.05144109550310667,0.19449727568594768,-0.23455227576813806,0.14851664548948615,0.07390905803438845,0.02907754469358935,-0.01681807109231629,0.17395000405118632,0.039797899045505625,-0.1930845677202193,-0.07281102771234982
2352764,1151351,033,S,53033005804,1400000US53033005804,+47.6319354,-122.3774788,G5020,58.04,Census Tract 58.04,53,005804,True,seattle,Coastal / Pacific Northwest / water-constrained,Seattle,18.844775426560606,True,27.002447176684914,53,Washington,True,0.2765957446808511,0.44148936170212766,0.16489361702127658,False,False,Neither hotspot,False,29.788480731225317,19.2244379817576,0.3603723404255319,188,seattle,2024,GOOGLE/SATELLITE_EMBEDDING/V1/ANNUAL,/Users/yufeizhou/Desktop/heat-exposure-compare/data/processed/seattle/seattle_master_lst_hi_hotcompare.gpkg,seattle_master_lst_hi_hotcompare,-0.06583548208237583,-0.26144053251936833,-0.08557630734588294,-0.11423432852530203,0.031240668992753115,-0.0809304046265037,-0.02280017440993664,-0.05500019348091099,0.07171782158976932,-0.015169781484518415,0.10310020960453341,-0.01322195914763059,-0.09443041442965014,-0.1543792117123506,-0.0384349169357843,-0.05217414651917531,0.14845748192353966,0.052683053966427196,0.028707484782091914,0.05139646741587065,0.02213191811511899,0.12172170657901535,-0.16459169467435542,0.1547747044466363,-0.07863193863996698,0.07923067997420426,0.02302659983011723,-0.1360234056586407,0.12652712293276946,-0.056943635830133954,-0.0519599262364329,-0.021128328098963894,0.05213631312911424,-0.05766374889647625,-0.025474862692796165,-0.06305395193457886,-0.0891045834606779,0.050883217693729416,-0.030495193798590593,0.1644188204126951,-0.10836857688187684,-0.03330026482671925,0.05897282178092,0.01906527048401411,0.055234969536862105,0.16118696384534695,-0.06855315271866208,0.0037664347753287963,0.13312797567067375,-0.10615078505345397,-0.1712147076634411,0.14021462881167604,-0.06111809454598731,0.06833778041839694,0.13838112901924454,-0.14189461349640747,0.06809511222654734,0.053181400258837455,0.030569886095319094,-0.025194188636686366,0.11720033175720511,-0.13461728409109572,-0.07922970343898637,0.018697976454648053
270324,277671,033,S,53033008101,1400000US53033008101,+47.6074716,-122.3427956,G5020,81.01,Census Tract 81.01,53,008101,True,seattle,Coastal / Pacific Northwest / water-constrained,Seattle,19.2244379817576,True,24.755000000000052,53,Washington,True,0.14893617021276595,0.776595744680851,0.6276595744680851,False,True,HI-only hotspot,True,29.788480731225317,19.2244379817576,0.3603723404255319,189,seattle,2024,GOOGLE/SATELLITE_EMBEDDING/V1/ANNUAL,/Users/yufeizhou/Desktop/heat-exposure-compare/data/processed/seattle/seattle_master_lst_hi_hotcompare.gpkg,seattle_master_lst_hi_hotcompare,-0.03569189678019492,-0.27202629172794085,-0.07655524813443725,-0.1387102118857117,0.015334930367082233,-0.08139616227976681,0.013212723636523848,0.025088482611663628,-0.030485055427815464,0.026687467024375366,0.09834998582952895,-0.018505083751861415,-0.007557927103806452,-0.14889468988968735,-0.02365897397608129,-0.10010288172735606,0.19225046114699895,0.05842742706237308,0.023483781261592868,0.04513467355005721,0.05086232543652838,0.08149538021206429,-0.13809045495290256,0.13032534989211683,-0.059692209649734165,0.05467730505817479,0.012698512538792296,-0.09836692062062964,0.13489472094808355,-0.06615949811115664,-0.07146400770596752,0.05640905733493541,0.02256471513341511,-0.0856075370657083,-0.030966939207771396,-0.11959609315402088,-0.11471995550098578,-0.020735533386755586,0.0009207488819786621,0.15465155925916999,-0.10365007814734141,-0.1103961271095323,0.09875789788498471,-0.011811160178918577,0.027231587210842637,0.2254140814825886,-0.11971973001071619,0.07407434767688197,0.05440630170937679,-0.06932155116971346,-0.13311268375228236,0.15131472354876363,-0.10651255585296958,0.04004525838448258,0.11923904879603614,-0.1089287404893242,0.04055694432680266,0.08765143623703547,0.06691396201779341,-0.05536059939443928,0.07408950392597295,-0.11917915669085821,-0.02431442967461925,0.09291527288092157
267231,0,033,S,53033007901,1400000US53033007901,+47.6144349,-122.3108156,G5020,79.01,Census Tract 79.01,53,007901,True,seattle,Coastal / Pacific Northwest / water-constrained,Seattle,19.2244379817576,True,29.426666666666733,53,Washington,True,0.648936170212766,0.776595744680851,0.12765957446808507,False,True,HI-only hotspot,True,29.788480731225317,19.2244379817576,0.3603723404255319,190,seattle,2024,GOOGLE/SATELLITE_EMBEDDING/V1/ANNUAL,/Users/yufeizhou/Desktop/heat-exposure-compare/data/processed/seattle/seattle_master_lst_hi_hotcompare.gpkg,seattle_master_lst_hi_hotcompare,-0.008719434854543805,-0.2902550563474775,0.006501926780811882,-0.07934412392056231,0.0738719797305412,-0.13851356095254766,-0.05473892990258703,-0.1499495521142014,0.0661684755041443,-0.09710115566067638,0.11754633169409212,0.06349235830350954,-0.15168089174922983,-0.16931620539266715,-0.13539399383268125,-0.04460402682730464,0.14017366514101579,0.20444117054733657,0.04609408382257335,0.059911603613499315,0.024306864067378784,0.06370028771496355,-0.10882094028614808,0.10678962612550941,-0.022693422723617684,0.252527324692595,0.0407652739442977,-0.042770089068774816,0.09608493775403247,-0.019340333441245073,-0.01902057761737225,-0.10758195014424367,-0.004745367223520669,-0.04563665839511427,0.131242670863389,-0.15331490279353888,-0.26718468112625304,0.07434755296320797,-0.017418778359510955,0.0740173487388203,-0.1724621557970162,-0.09524579811785891,0.026110590454989178,0.0010128576372248595,0.09545168095925076,0.09311382298464897,-0.11588628717771307,-0.01044308220899611,0.21196289556026718,-0.11140937537673767,-0.11162298526683131,0.10407457812184227,-0.08215861503812927,0.07784464622432674,0.1993781058826411,-0.2198383240324743,0.15387207736747807,0.06801820030599254,0.041341622987866394,0.0025499475050570035,0.15107905200606322,0.03201485660927903,-0.1622963994496038,-0.08343860167255635
556706,91220,033,S,53033008102,1400000US53033008102,+47.6052820,-122.3360120,G5020,81.02,Census Tract 81.02,53,008102,True,seattle,Coastal / Pacific Northwest / water-constrained,Seattle,19.2244379817576,True,24.966344778254697,53,Washington,True,0.16489361702127658,0.776595744680851,0.6117021276595744,False,True,HI-only hotspot,True,29.788480731225317,19.2244379817576,0.3603723404255319,191,seattle,2024,GOOGLE/SATELLITE_EMBEDDING/V1/ANNUAL,/Users/yufeizhou/Desktop/heat-exposure-compare/data/processed/seattle/seattle_master_lst_hi_hotcompare.gpkg,seattle_master_lst_hi_hotcompare,0.018130644208502585,-0.2618359071267029,-0.0074145645530768025,-0.12127484748344809,0.03446531187986552,-0.16061081638860675,0.04621575362957173,-0.027061732758725636,-0.10345365357672366,0.030009071527415727,0.07625883779939606,0.05767255295255508,-5.052612996585324e-05,-0.11785784320852567,-0.1361190389663269,-0.14833658114638776,0.2151656337812541,0.10505792092662147,0.01871984486280451,0.08048855797764867,0.04741499016101497,0.051520939255661535,-0.1699029926229803,0.10577321922916355,0.050525824643292055,0.11070573616434037,0.047094513411202535,-0.026984398477606305,0.11937563787581802,-0.07949284374661206,-0.015738417824352032,-0.01346355338817253,-0.020352040281635213,-0.07253245892540043,0.06903537138664934,-0.15647623853546325,-0.22696851005226287,-0.009248258367794637,0.04297056349942221,0.014698577230335593,-0.13827268438415907,-0.0996046316748157,0.04832389936101065,-0.05809091390207399,0.05764978849125203,0.20656755771073215,-0.1316549695125141,0.04933809120561058,0.12383758554407617,-0.023405652134461646,-0.20130454873878648,0.14902426956243836,-0.08874543156061579,0.04741251091000244,0.1911468501469157,-0.17025291584105942,0.0851905261943416,0.016285396161765636,0.05989778158185039,-0.10145403606124777,0.10238845041664302,-0.04107620519437058,-0.06872444794640932,0.039929745855760285
153725,0,033,S,53033007404,1400000US53033007404,+47.6230967,-122.3264852,G5020,74.04,Census Tract 74.04,53,007404,True,seattle,Coastal / Pacific Northwest / water-constrained,Seattle,19.2244379817576,True,29.36666666666673,53,Washington,True,0.6303191489361702,0.776595744680851,0.14627659574468077,False,True,HI-only hotspot,True,29.788480731225317,19.2244379817576,0.3603723404255319,192,seattle,2024,GOOGLE/SATELLITE_EMBEDDING/V1/ANNUAL,/Users/yufeizhou/Desktop/heat-exposure-compare/data/processed/seattle/seattle_master_lst_hi_hotcompare.gpkg,seattle_master_lst_hi_hotcompare,-0.00969790180675794,-0.30895170211274536,0.01584851066073197,-0.130949673852686,0.038626928768004304,-0.15199980663209228,-0.0771247950649025,-0.14273669248703624,0.018791633071141966,-0.03464736431704884,0.10108794443214834,0.015206248068924962,-0.11712425548643658,-0.16437297233264364,-0.1131280383288002,-0.09277248794206701,0.19508058842330453,0.17637679125624195,0.02786807645097838,0.026237164535529524,0.051585122169996465,0.0907632438582866,-0.16120300963261272,0.07209443575446231,-0.05011591492148,0.22825500330699533,0.03826179661786983,-0.024155902095447514,0.0657430189572572,-0.009773199323024546,0.03974520135613873,-0.11563510748322839,0.0348051824741989,-0.07898203007033726,0.06086478659758365,-0.18212413940617234,-0.24540506229908665,0.14993566320368246,0.009939571166456272,0.1095153007879144,-0.1526961807067283,-0.06630509931078904,0.0019969091687384137,-0.011040837748076756,0.08955673688534013,0.1143209273337628,-0.11525065557771885,0.037232802548345656,0.22662058844327754,-0.08576057038824351,-0.11034611206211285,0.14030463304547708,-0.0992668421910293,0.06367446420110326,0.21542761940622046,-0.17059690746122833,0.12040336423919992,0.07371645803664843,0.05702595811401164,0.02400479642350322,0.16944167541467964,-0.0039973911203935696,-0.16282513529123915,-0.042096977404993144
495054,0,033,S,53033007101,1400000US53033007101,+47.6216965,-122.3530304,G5020,71.01,Census Tract 71.01,53,007101,True,seattle,Coastal / Pacific Northwest / water-constrained,Seattle,19.2244379817576,True,27.960471264367847,53,Washington,True,0.3404255319148936,0.776595744680851,0.4361702127659574,False,True,HI-only hotspot,True,29.788480731225317,19.2244379817576,0.3603723404255319,193,seattle,2024,GOOGLE/SATELLITE_EMBEDDING/V1/ANNUAL,/Users/yufeizhou/Desktop/heat-exposure-compare/data/processed/seattle/seattle_master_lst_hi_hotcompare.gpkg,seattle_master_lst_hi_hotcompare,0.0158272631354937,-0.28613269271145697,0.02520104273465539,-0.11515676061951896,0.04635010992127576,-0.14373225812832946,-0.007413492790237605,-0.12397461112169923,-0.01146437075925325,-0.031150487555331792,0.08304084722495897,0.034394503212704826,-0.11814316800726281,-0.15918311350574366,-0.119284504939097,-0.12192293521725502,0.19093308659559757,0.13566828220747876,0.03738014929466585,0.09921494049996332,0.04394240997708807,0.05598001155634483,-0.1643531965800678,0.08426700269738491,-0.010710297857882708,0.1908396317183433,0.02960996041113598,-0.046696669740875864,0.10194224806076878,-0.010524543387446801,0.030838125208985597,-0.13097826369975193,0.040657554094492634,-0.05952536477315276,0.06647455580887257,-0.1235765271309706,-0.2468653479109746,0.08421999476816726,-0.017008091453376156,0.04590647630265195,-0.16905788508579372,-0.03985492939085321,-0.021311713149510882,-0.016127447349693503,0.07487960030233859,0.14557207499268554,-0.08560973430492906,-0.02240938497033741,0.1709735535001833,-0.05336435942759216,-0.1560837971455487,0.14817944302877273,-0.10065331008257579,0.04723674618203365,0.22558520363155024,-0.19342058270337334,0.1077832391925497,0.0384108869020684,0.06265313728247918,-0.01691034339907347,0.16851654163096325,-0.059416364069276056,-0.17030537581841576,-0.06142770893972301
617482,13535,033,S,53033000404,1400000US53033000404,+47.7309491,-122.3518318,G5020,4.04,Census Tract 4.04,53,000404,True,seattle,Coastal / Pacific Northwest / water-constrained,Seattle,18.69217925120597,True,25.184457994579976,53,Washington,True,0.1702127659574468,0.2925531914893617,0.1223404255319149,False,False,Neither hotspot,False,29.788480731225317,19.2244379817576,0.3603723404255319,194,seattle,2024,GOOGLE/SATELLITE_EMBEDDING/V1/ANNUAL,/Users/yufeizhou/Desktop/heat-exposure-compare/data/processed/seattle/seattle_master_lst_hi_hotcompare.gpkg,seattle_master_lst_hi_hotcompare,-0.0013719593468508788,-0.27759352080644945,-0.05743672354123013,-0.07648077037586389,0.06277141848034334,-0.08460283645160617,-0.04410455945285989,-0.14604174308867715,0.06869901657719527,-0.060503955168400785,0.10782972085347568,0.04108221897312611,-0.1635996548712411,-0.13745002639187315,-0.11146803173108216,-0.03441742443398836,0.1284949222518282,0.14901234875063973,0.08711239283889935,0.07647214344998403,0.03360028373670917,0.05211629956164808,-0.12816963336745768,0.10090578384297072,-0.0432895535875114,0.21738769847619663,0.04069737335260564,-0.06468964531145324,0.11197498213111022,0.0033316966644515718,-0.011819109535978495,-0.11655852194914638,0.02188662601477847,-0.04573691875754364,0.03376090409275356,-0.10429614577020263,-0.22486050124449156,0.08010424049417629,-0.0349612794691266,0.12029687424512303,-0.144566577801438,-0.04040614188017303,0.0233879615859051,0.02373024978814503,0.09738344422692938,0.10857747230751146,-0.08167772521663076,-0.042105125193100584,0.1950666218884153,-0.13238554773107086,-0.16144089407815532,0.09385949150781867,-0.06835710146487083,0.03535238261920177,0.21001581094619354,-0.19705347222517952,0.12098597067846487,0.07462922828497501,0.053441485481513534,-0.015534347112798056,0.17468594787277417,-0.0016742153972990126,-0.14416728975648765,-0.08500210776952917
335908,0,033,S,53033007102,1400000US53033007102,+47.6231794,-122.3626414,G5020,71.02,Census Tract 71.02,53,007102,True,seattle,Coastal / Pacific Northwest / water-constrained,Seattle,,True,27.06966981132077,53,Washington,False,,,,False,False,Missing,False,29.788480731225317,19.2244379817576,0.3603723404255319,195,seattle,2024,GOOGLE/SATELLITE_EMBEDDING/V1/ANNUAL,/Users/yufeizhou/Desktop/heat-exposure-compare/data/processed/seattle/seattle_master_lst_hi_hotcompare.gpkg,seattle_master_lst_hi_hotcompare,-0.021452129480413532,-0.29909217239324865,0.028403225763235517,-0.0989878984120635,0.07850602916504125,-0.1357416751554308,-0.0466129760021326,-0.11159069063458296,-0.050537284866987504,0.02224187565141302,0.05853847784888851,0.029279106462732327,-0.08428770880865603,-0.13259106200484738,-0.13678664906839788,-0.1146738353846472,0.2295213309562939,0.14466689323150142,0.04834463533517264,0.07399415538778233,0.025398610490952156,0.0747738920882237,-0.16635315612150992,0.09505283384231172,0.001202831806727357,0.18920058536525172,0.029435574728159067,-0.023264760640416004,0.08563809543739603,-0.06357508002256727,0.010878901525614127,-0.13447825144554384,0.03989756697238984,-0.08407349474538375,0.057472084370354386,-0.16019837757065122,-0.21292569048527807,0.09908581409399579,-0.011488347307682447,0.12707699037551176,-0.13869233378549772,-0.04958147561537179,0.02264987115029501,-0.022365540898838576,0.06582567362143586,0.17611138912336638,-0.10107572577957762,0.012808252988481856,0.20955084420953662,-0.057759945780419805,-0.16512824648381813,0.1869724802321088,-0.04020664556132617,0.06254266866557467,0.21501765466981962,-0.1860350355629492,0.11099725810651859,0.023020622846574083,0.0572959817372893,-0.06397416106077357,0.16952836899243787,-0.050828011419698754,-0.12902776944516067,-0.0742383216165191
131830,0,033,S,53033007405,1400000US53033007405,+47.6180293,-122.3235972,G5020,74.05,Census Tract 74.05,53,007405,True,seattle,Coastal / Pacific Northwest / water-constrained,Seattle,19.2244379817576,True,28.902857142857197,53,Washington,True,0.5212765957446809,0.776595744680851,0.25531914893617014,False,True,HI-only hotspot,True,29.788480731225317,19.2244379817576,0.3603723404255319,196,seattle,2024,GOOGLE/SATELLITE_EMBEDDING/V1/ANNUAL,/Users/yufeizhou/Desktop/heat-exposure-compare/data/processed/seattle/seattle_master_lst_hi_hotcompare.gpkg,seattle_master_lst_hi_hotcompare,0.016031533604757377,-0.2963824661376881,0.03111307374608948,-0.11601183984445958,0.044419364523891225,-0.17597231986351264,-0.03346021508794166,-0.13648791796795642,-0.009473512551691541,-0.020744994140002762,0.12770586084221433,0.058968448809723566,-0.08707205688142781,-0.13980840282489077,-0.1377021559563449,-0.11700277298295685,0.20839657288556507,0.17809797170256694,0.02431827796029032,0.03254967663277422,0.054021946316033354,0.05669445582180117,-0.13355940502301483,0.062899554119411,-0.017778053282959914,0.19892002360515884,0.040216353127119096,0.008277445561899851,0.06600222114789751,-0.0008061513684919495,0.04195624710318681,-0.11865128798776879,0.021101950108642183,-0.12868178240444464,0.07517964845318197,-0.19303573035516866,-0.3233945705703409,0.09014962602968188,0.030404028079554134,0.05697276012175067,-0.15798055923511037,-0.10364725293464395,-0.005704251724388214,-0.038633781497301276,0.07762003830100699,0.10941636884862802,-0.10725645204002243,0.027644452641093838,0.22613655658596793,-0.047380955001174424,-0.13218078462121666,0.1404612392625645,-0.11460809675214982,0.050822719658585425,0.2319034480918488,-0.1973528001567294,0.09352325437972211,0.0396690288790493,0.07280250617695563,-0.02575339543955492,0.15692198118087755,0.008678277829172312,-0.16193739909874397,-0.03389179901652255
431244,0,033,S,53033007902,1400000US53033007902,+47.6143565,-122.3057243,G5020,79.02,Census Tract 79.02,53,007902,True,seattle,Coastal / Pacific Northwest / water-constrained,Seattle,19.2244379817576,True,29.718161616161655,53,Washington,True,0.7393617021276596,0.776595744680851,0.037234042553191404,False,True,HI-only hotspot,True,29.788480731225317,19.2244379817576,0.3603723404255319,197,seattle,2024,GOOGLE/SATELLITE_EMBEDDING/V1/ANNUAL,/Users/yufeizhou/Desktop/heat-exposure-compare/data/processed/seattle/seattle_master_lst_hi_hotcompare.gpkg,seattle_master_lst_hi_hotcompare,0.034318202046582966,-0.2713130703931922,-0.032721119593288696,-0.06544481028020836,0.07565442122873128,-0.10048574802960636,-0.03366717166575039,-0.163165455983777,0.07375898632314598,-0.10450832700272052,0.10232902558563003,0.0765512008371841,-0.1724976592859868,-0.1869803880358672,-0.13199921686839045,-0.045473095362216165,0.12308721140233128,0.17923560745270198,0.062043554404890934,0.12279324852728726,0.027268180852266663,0.07790078060191029,-0.12986573363799628,0.12094776046473797,-0.004814779527375519,0.25695934552092975,0.052488141493990656,-0.07609086050447283,0.11884912179869465,-0.007208725373428644,-0.039920477664647076,-0.10187269748736241,-0.03198947110552735,-0.019398453873854374,0.15279254775756648,-0.13504877064577092,-0.23832997734124595,0.009698452853959915,-0.015666688195519068,0.039501298454055735,-0.19714508617135265,-0.07836335325374078,0.03467564859338824,0.0153775211856147,0.12008832941600649,0.11563165677590928,-0.08740184463896565,-0.05717692482892908,0.1746368137156861,-0.11577222253666176,-0.11688942140207847,0.038034895070603744,-0.08097989304986888,0.06491637861027175,0.1986312325952278,-0.23338290087590763,0.1664325737946837,0.06834748815453665,0.029117579671631307,-0.03114166103772355,0.16502387899082405,0.048914392860277496,-0.16139091746320217,-0.0757684549863279
118559,0,033,S,53033007403,1400000US53033007403,+47.6228951,-122.3227163,G5020,74.03,Census Tract 74.03,53,007403,True,seattle,Coastal / Pacific Northwest / water-constrained,Seattle,19.2244379817576,True,29.36666666666673,53,Washington,True,0.6303191489361702,0.776595744680851,0.14627659574468077,False,True,HI-only hotspot,True,29.788480731225317,19.2244379817576,0.3603723404255319,198,seattle,2024,GOOGLE/SATELLITE_EMBEDDING/V1/ANNUAL,/Users/yufeizhou/Desktop/heat-exposure-compare/data/processed/seattle/seattle_master_lst_hi_hotcompare.gpkg,seattle_master_lst_hi_hotcompare,0.01604648897111677,-0.285181256741477,0.02664741351116888,-0.10954566131243107,0.04319098898072034,-0.16785758733127712,-0.05378043412186023,-0.1656944536793371,0.015953669113593315,-0.04923961253641445,0.11790690631006742,0.06523345117248856,-0.11454767582088769,-0.16623575928252454,-0.14355143280968705,-0.06882241418940993,0.1813504230372529,0.1769898188448286,0.045024689252108424,0.033323474402222,0.05143922358999504,0.08825521217680432,-0.12291159079734552,0.09184713523245573,-0.030042670182431674,0.22307381512416477,0.02878197797791363,-0.011929817200989729,0.06610124206033431,-0.017311031710642695,0.01708753238229807,-0.10794240739345642,0.024692124051605372,-0.1004268340534741,0.11032993251730716,-0.1921785302409552,-0.27269995520930457,0.11502126238748754,0.004954229300373833,0.05686408943923898,-0.18841699365778,-0.09471060556435032,0.0068320166189502875,-0.008748969712699752,0.10556612693002043,0.11862923812453859,-0.11536637904517225,0.004311789429525884,0.23776567750583347,-0.06621896451517281,-0.11056416296412434,0.1260472722650005,-0.12034747766710564,0.0550770716540903,0.2141177803861712,-0.20558414220028398,0.13416837387660646,0.05696996226725369,0.05144791111079744,-0.010379319180745113,0.15395362018743325,0.019554590890148913,-0.17388576653655272,-0.06292809852481314
