STATEFP,COUNTYFP,TRACTCE,GEOID,GEOIDFQ,NAME,NAMELSAD,MTFCC,FUNCSTAT,ALAND,AWATER,INTPTLAT,INTPTLON,city,city_name,NAME_acs,population,poverty_universe,poverty_below,poverty_rate,acs_year,state,county,tract,tract_area_km2,lst_c,hi_c,hi_minus_lst,air_temp_c,rh_pct,analysis_ready,lst_hot_q75,hi_hot_q75,mismatch_class,priority_flag,lst_summer_mean_c,hi_summer_mean_c
06,037,204920,06037204920,1400000US06037204920,2049.20,Census Tract 2049.20,G5020,S,909972,0,+34.0175004,-118.1974975,los_angeles,Los Angeles,,,,,,,,,,0.9095216419332146,43.08022538552791,22.416491735154356,-20.663733650373555,22.416491735154352,61.01142526452512,True,True,False,LST-only hotspot,False,43.08022538552791,22.416491735154356
06,037,205110,06037205110,1400000US06037205110,2051.10,Census Tract 2051.10,G5020,S,286962,0,+34.0245059,-118.2142985,los_angeles,Los Angeles,,,,,,,,,,0.2868201284321896,42.82480392156865,22.416491735154356,-20.408312186414303,22.416491735154352,61.01142526452512,True,True,False,LST-only hotspot,False,42.82480392156865,22.416491735154356
06,037,205120,06037205120,1400000US06037205120,2051.20,Census Tract 2051.20,G5020,S,1466242,0,+34.0187542,-118.2117951,los_angeles,Los Angeles,,,,,,,,,,1.465519779546506,43.220317982456166,22.416491735154356,-20.803826247301814,22.416491735154352,61.01142526452512,True,True,False,LST-only hotspot,False,43.220317982456166,22.416491735154356
06,037,206010,06037206010,1400000US06037206010,2060.10,Census Tract 2060.10,G5020,S,1418137,20551,+34.0682177,-118.2320356,los_angeles,Los Angeles,,,,,,,,,,1.4379980638742285,39.343811693242245,22.835774952432423,-16.50803674080982,22.835774952432416,55.77099040687782,True,False,True,HI-only hotspot,True,39.343811693242245,22.835774952432423
06,037,206020,06037206020,1400000US06037206020,2060.20,Census Tract 2060.20,G5020,S,843243,30290,+34.0571230,-118.2311021,los_angeles,Los Angeles,,,,,,,,,,0.8731159792278862,40.00591575091578,22.835774952432423,-17.170140798483356,22.835774952432416,55.77099040687782,True,False,True,HI-only hotspot,True,40.00591575091578,22.835774952432423
06,037,206050,06037206050,1400000US06037206050,2060.50,Census Tract 2060.50,G5020,S,1643425,141255,+34.0325743,-118.2243204,los_angeles,Los Angeles,,,,,,,,,,1.7838165687048362,42.36114794352366,22.416491735154356,-19.944656208369306,22.416491735154352,61.01142526452512,True,True,False,LST-only hotspot,False,42.36114794352366,22.416491735154356
06,037,111402,06037111402,1400000US06037111402,1114.02,Census Tract 1114.02,G5020,S,971230,0,+34.2611726,-118.4957411,los_angeles,Los Angeles,,,,,,,,,,0.9709082805170526,41.34911282051285,22.60031635726711,-18.74879646324574,22.600316357267104,55.76673160950213,True,False,False,Neither hotspot,False,41.34911282051285,22.60031635726711
06,037,111303,06037111303,1400000US06037111303,1113.03,Census Tract 1113.03,G5020,S,1563907,0,+34.2612078,-118.5128459,los_angeles,Los Angeles,,,,,,,,,,1.56339867140588,41.24684580934104,22.60031635726711,-18.646529452073928,22.600316357267104,55.76673160950213,True,False,False,Neither hotspot,False,41.24684580934104,22.60031635726711
06,037,104321,06037104321,1400000US06037104321,1043.21,Census Tract 1043.21,G5020,S,519857,0,+34.2716582,-118.4180839,los_angeles,Los Angeles,,,,,,,,,,0.5196605964599273,43.154229166666696,22.613798050258485,-20.54043111640821,22.61379805025848,53.20122812690523,True,True,False,LST-only hotspot,False,43.154229166666696,22.613798050258485
06,037,104322,06037104322,1400000US06037104322,1043.22,Census Tract 1043.22,G5020,S,692312,0,+34.2742393,-118.4218751,los_angeles,Los Angeles,,,,,,,,,,0.6920501811110041,42.920845070422565,22.613798050258485,-20.307047020164084,22.61379805025848,53.20122812690523,True,True,False,LST-only hotspot,False,42.920845070422565,22.613798050258485
06,037,108203,06037108203,1400000US06037108203,1082.03,Census Tract 1082.03,G5020,S,1372380,0,+34.2930831,-118.5616551,los_angeles,Los Angeles,,,,,,,,,,1.3719825817054148,38.364314903846186,22.262046252817353,-16.102268651028833,22.262046252817356,58.85546862513549,True,False,False,Neither hotspot,False,38.364314903846186,22.262046252817353
06,037,231901,06037231901,1400000US06037231901,2319.01,Census Tract 2319.01,G5020,S,244763,0,+33.9983026,-118.2761377,los_angeles,Los Angeles,,,,,,,,,,0.24465191740580605,41.88000000000003,22.093422038313296,-19.786577961686735,22.093422038313292,61.875082282866735,True,True,False,LST-only hotspot,False,41.88000000000003,22.093422038313296
06,037,232402,06037232402,1400000US06037232402,2324.02,Census Tract 2324.02,G5020,S,543260,0,+33.9985350,-118.3135729,los_angeles,Los Angeles,,,,,,,,,,0.5430234633800901,39.414331337325386,22.093422038313296,-17.320909299012087,22.093422038313292,61.875082282866735,True,False,False,Neither hotspot,False,39.414331337325386,22.093422038313296
06,037,135204,06037135204,1400000US06037135204,1352.04,Census Tract 1352.04,G5020,S,1857531,0,+34.1890902,-118.6495411,los_angeles,Los Angeles,,,,,,,,,,1.8571022184315342,39.17597971014496,21.581173567768953,-17.594806142376008,21.581173567768946,64.10838999446597,True,False,False,Neither hotspot,False,39.17597971014496,21.581173567768953
06,037,132302,06037132302,1400000US06037132302,1323.02,Census Tract 1323.02,G5020,S,647601,0,+34.1956759,-118.5273085,los_angeles,Los Angeles,,,,,,,,,,0.6474011536260174,41.823632246376846,22.400895041313728,-19.422737205063118,22.40089504131373,58.90132299675208,True,True,False,LST-only hotspot,False,41.823632246376846,22.400895041313728
06,037,135115,06037135115,1400000US06037135115,1351.15,Census Tract 1351.15,G5020,S,331039,2486,+34.1846696,-118.6097925,los_angeles,Los Angeles,,,,,,,,,,0.3334396126912809,41.31652329749107,21.83585102523586,-19.48067227225521,21.835851025235854,62.58683071116808,True,False,False,Neither hotspot,False,41.31652329749107,21.83585102523586
06,037,132301,06037132301,1400000US06037132301,1323.01,Census Tract 1323.01,G5020,S,631000,0,+34.1992573,-118.5273425,los_angeles,Los Angeles,,,,,,,,,,0.6308018846169463,41.859441441441476,22.400895041313728,-19.45854640012775,22.40089504131373,58.90132299675208,True,True,False,LST-only hotspot,False,41.859441441441476,22.400895041313728
06,037,134907,06037134907,1400000US06037134907,1349.07,Census Tract 1349.07,G5020,S,391494,0,+34.1909915,-118.5939054,los_angeles,Los Angeles,,,,,,,,,,0.3913903873913008,42.047714776632326,21.83585102523586,-20.21186375139647,21.835851025235854,62.58683071116808,True,True,False,LST-only hotspot,False,42.047714776632326,21.83585102523586
06,037,119003,06037119003,1400000US06037119003,1190.03,Census Tract 1190.03,G5020,S,842110,9604,+34.2501205,-118.4331362,los_angeles,Los Angeles,,,,,,,,,,0.8513961622544355,42.961028097062616,22.799084069358322,-20.16194402770429,22.79908406935832,55.036093901511705,True,True,True,Both LST and HI hotspot,False,42.961028097062616,22.799084069358322
06,037,111401,06037111401,1400000US06037111401,1114.01,Census Tract 1114.01,G5020,S,840800,0,+34.2539293,-118.4966913,los_angeles,Los Angeles,,,,,,,,,,0.8405212152071149,41.00721300138316,22.536600833082833,-18.47061216830032,22.53660083308283,56.76824006103012,True,False,False,Neither hotspot,False,41.00721300138316,22.536600833082833
06,037,103401,06037103401,1400000US06037103401,1034.01,Census Tract 1034.01,G5020,S,1401638,0,+34.2539688,-118.3183847,los_angeles,Los Angeles,,,,,,,,,,1.4010253759181062,37.14677248677252,22.62764650177678,-14.519125984995735,22.627646501776777,52.29768579024152,True,False,False,Neither hotspot,True,37.14677248677252,22.62764650177678
06,037,207400,06037207400,1400000US06037207400,2074,Census Tract 2074,G5020,S,862957,6458,+34.0562223,-118.2466420,los_angeles,Los Angeles,,,,,,,,,,0.8690016176586742,40.19520522388061,22.835774952432423,-17.3594302714482,22.835774952432416,55.77099040687782,True,False,True,HI-only hotspot,True,40.19520522388061,22.835774952432423
06,037,192410,06037192410,1400000US06037192410,1924.10,Census Tract 1924.10,G5020,S,683899,0,+34.0798577,-118.3181008,los_angeles,Los Angeles,,,,,,,,,,0.6836026226589473,38.690051282051314,22.772576144121732,-15.917475137929578,22.77257614412173,56.943057890226434,True,False,True,HI-only hotspot,True,38.690051282051314,22.772576144121732
06,037,192510,06037192510,1400000US06037192510,1925.10,Census Tract 1925.10,G5020,S,340747,0,+34.0798690,-118.3068568,los_angeles,Los Angeles,,,,,,,,,,0.34059685881518503,39.39611683848801,22.772576144121732,-16.623540694366273,22.77257614412173,56.943057890226434,True,False,True,HI-only hotspot,True,39.39611683848801,22.772576144121732
06,037,192520,06037192520,1400000US06037192520,1925.20,Census Tract 1925.20,G5020,S,307803,0,+34.0799255,-118.3024972,los_angeles,Los Angeles,,,,,,,,,,0.30766752378328277,39.56604651162794,22.772576144121732,-16.793470367506206,22.77257614412173,56.943057890226434,True,False,True,HI-only hotspot,True,39.56604651162794,22.772576144121732
06,037,192610,06037192610,1400000US06037192610,1926.10,Census Tract 1926.10,G5020,S,415408,0,+34.0813650,-118.2961539,los_angeles,Los Angeles,,,,,,,,,,0.4152207148525495,40.241992187500024,22.772576144121732,-17.469416043378295,22.77257614412173,56.943057890226434,True,False,True,HI-only hotspot,True,40.241992187500024,22.772576144121732
06,037,192700,06037192700,1400000US06037192700,1927,Census Tract 1927,G5020,S,531211,0,+34.0800134,-118.2881064,los_angeles,Los Angeles,,,,,,,,,,0.5309696194983828,40.584684095860595,22.772576144121732,-17.812107951738867,22.77257614412173,56.943057890226434,True,False,True,HI-only hotspot,True,40.584684095860595,22.772576144121732
06,037,194500,06037194500,1400000US06037194500,1945,Census Tract 1945,G5020,S,685341,0,+34.0781753,-118.3695958,los_angeles,Los Angeles,,,,,,,,,,0.6850612182912293,37.766829501915744,22.395122353926983,-15.37170714798876,22.39512235392698,59.306167605666204,True,False,False,Neither hotspot,True,37.766829501915744,22.395122353926983
06,037,195100,06037195100,1400000US06037195100,1951,Census Tract 1951,G5020,S,1566301,329063,+34.1022274,-118.2669741,los_angeles,Los Angeles,,,,,,,,,,1.894485465249308,38.589640804597735,22.772576144121732,-15.817064660476001,22.77257614412173,56.943057890226434,True,False,True,HI-only hotspot,True,38.589640804597735,22.772576144121732
06,037,195300,06037195300,1400000US06037195300,1953,Census Tract 1953,G5020,S,580349,0,+34.0992506,-118.2836893,los_angeles,Los Angeles,,,,,,,,,,0.5800875937436101,39.87075684380035,22.772576144121732,-17.098180699678625,22.77257614412173,56.943057890226434,True,False,True,HI-only hotspot,True,39.87075684380035,22.772576144121732
06,037,137501,06037137501,1400000US06037137501,1375.01,Census Tract 1375.01,G5020,S,2514414,0,+34.1649344,-118.5768036,los_angeles,Los Angeles,,,,,,,,,,2.5137109362131467,40.19859693877554,21.83585102523586,-18.362745913539676,21.835851025235854,62.58683071116808,True,False,False,Neither hotspot,False,40.19859693877554,21.83585102523586
06,037,137502,06037137502,1400000US06037137502,1375.02,Census Tract 1375.02,G5020,S,2090222,0,+34.1634518,-118.5976927,los_angeles,Los Angeles,,,,,,,,,,2.089664953067066,40.31363214837716,21.83585102523586,-18.477781123141295,21.835851025235854,62.58683071116808,True,False,False,Neither hotspot,False,40.31363214837716,21.83585102523586
06,037,195500,06037195500,1400000US06037195500,1955,Census Tract 1955,G5020,S,1215212,0,+34.0881865,-118.2646124,los_angeles,Los Angeles,,,,,,,,,,1.2146467908153173,38.715796150481225,22.772576144121732,-15.943220006359493,22.77257614412173,56.943057890226434,True,False,True,HI-only hotspot,True,38.715796150481225,22.772576144121732
06,037,195600,06037195600,1400000US06037195600,1956,Census Tract 1956,G5020,S,527583,0,+34.0808254,-118.2655482,los_angeles,Los Angeles,,,,,,,,,,0.5273364762390924,39.99944444444448,22.772576144121732,-17.226868300322742,22.77257614412173,56.943057890226434,True,False,True,HI-only hotspot,True,39.99944444444448,22.772576144121732
06,037,195710,06037195710,1400000US06037195710,1957.10,Census Tract 1957.10,G5020,S,483410,0,+34.0747292,-118.2686024,los_angeles,Los Angeles,,,,,,,,,,0.4831867737321183,40.53081050228314,22.772576144121732,-17.7582343581614,22.77257614412173,56.943057890226434,True,False,True,HI-only hotspot,True,40.53081050228314,22.772576144121732
06,037,195720,06037195720,1400000US06037195720,1957.20,Census Tract 1957.20,G5020,S,288980,0,+34.0737571,-118.2633774,los_angeles,Los Angeles,,,,,,,,,,0.28884666935988335,40.47477011494255,22.772576144121732,-17.702193970820826,22.77257614412173,56.943057890226434,True,False,True,HI-only hotspot,True,40.47477011494255,22.772576144121732
06,037,195802,06037195802,1400000US06037195802,1958.02,Census Tract 1958.02,G5020,S,402524,0,+34.0756705,-118.2776960,los_angeles,Los Angeles,,,,,,,,,,0.40233921065166306,40.41449035812675,22.772576144121732,-17.641914214005016,22.77257614412173,56.943057890226434,True,False,True,HI-only hotspot,True,40.41449035812675,22.772576144121732
06,037,137504,06037137504,1400000US06037137504,1375.04,Census Tract 1375.04,G5020,S,3837562,0,+34.1480383,-118.5720594,los_angeles,Los Angeles,,,,,,,,,,3.836479349206371,36.668723254504535,21.365598446912916,-15.30312480759162,21.36559844691292,65.91561032895162,True,False,False,Neither hotspot,True,36.668723254504535,21.365598446912916
06,037,138000,06037138000,1400000US06037138000,1380,Census Tract 1380,G5020,S,4472196,0,+34.1488008,-118.5910495,los_angeles,Los Angeles,,,,,,,,,,4.470993722810672,37.56185846079148,21.310340116453325,-16.251518344338162,21.310340116453325,66.3067677890609,True,False,False,Neither hotspot,False,37.56185846079148,21.310340116453325
06,037,139200,06037139200,1400000US06037139200,1392,Census Tract 1392,G5020,S,1152028,0,+34.1756961,-118.5246446,los_angeles,Los Angeles,,,,,,,,,,1.1516657563151516,40.93928500986197,22.400895041313728,-18.538389968548238,22.40089504131373,58.90132299675208,True,False,False,Neither hotspot,False,40.93928500986197,22.400895041313728
06,037,143200,06037143200,1400000US06037143200,1432,Census Tract 1432,G5020,S,957092,0,+34.1494399,-118.3720618,los_angeles,Los Angeles,,,,,,,,,,0.9567074545525235,39.04271604938275,22.395122353926983,-16.64759369545576,22.39512235392698,59.306167605666204,True,False,False,Neither hotspot,False,39.04271604938275,22.395122353926983
06,037,201301,06037201301,1400000US06037201301,2013.01,Census Tract 2013.01,G5020,S,866189,0,+34.0882421,-118.1878388,los_angeles,Los Angeles,,,,,,,,,,0.8657515843796543,38.27708333333336,22.835774952432423,-15.441308380900937,22.835774952432416,55.77099040687782,True,False,True,HI-only hotspot,True,38.27708333333336,22.835774952432423
06,037,201302,06037201302,1400000US06037201302,2013.02,Census Tract 2013.02,G5020,S,991726,0,+34.0978820,-118.1838819,los_angeles,Los Angeles,,,,,,,,,,0.9912225500880494,37.74056291390731,22.835774952432423,-14.904787961474888,22.835774952432416,55.77099040687782,True,False,True,HI-only hotspot,True,37.74056291390731,22.835774952432423
06,037,201401,06037201401,1400000US06037201401,2014.01,Census Tract 2014.01,G5020,S,1279501,28686,+34.0782936,-118.1857852,los_angeles,Los Angeles,,,,,,,,,,1.3075258869506143,39.44476537216832,22.835774952432423,-16.608990419735893,22.835774952432416,55.77099040687782,True,False,True,HI-only hotspot,True,39.44476537216832,22.835774952432423
06,037,201402,06037201402,1400000US06037201402,2014.02,Census Tract 2014.02,G5020,S,1941232,0,+34.0689106,-118.1877681,los_angeles,Los Angeles,,,,,,,,,,1.94025597501708,40.760945190156626,22.835774952432423,-17.925170237724206,22.835774952432416,55.77099040687782,True,False,True,HI-only hotspot,True,40.760945190156626,22.835774952432423
06,037,236001,06037236001,1400000US06037236001,2360.01,Census Tract 2360.01,G5020,S,2134409,68544,+34.0168971,-118.3717636,los_angeles,Los Angeles,,,,,,,,,,2.202051845309099,36.32259484066772,21.696834168917924,-14.625760671749788,21.696834168917917,63.2459534939658,True,False,False,Neither hotspot,True,36.32259484066772,21.696834168917924
06,037,236102,06037236102,1400000US06037236102,2361.02,Census Tract 2361.02,G5020,S,498051,0,+34.0099782,-118.3409807,los_angeles,Los Angeles,,,,,,,,,,0.49783955734654406,38.027526539278156,22.093422038313296,-15.934104500964866,22.093422038313292,61.875082282866735,True,False,False,Neither hotspot,False,38.027526539278156,22.093422038313296
06,037,234301,06037234301,1400000US06037234301,2343.01,Census Tract 2343.01,G5020,S,503984,0,+34.0078100,-118.3313568,los_angeles,Los Angeles,,,,,,,,,,0.5037693927825744,38.6547154471545,22.093422038313296,-16.561293408841205,22.093422038313292,61.875082282866735,True,False,False,Neither hotspot,False,38.6547154471545,22.093422038313296
06,037,231601,06037231601,1400000US06037231601,2316.01,Census Tract 2316.01,G5020,S,319388,0,+34.0072700,-118.3023599,los_angeles,Los Angeles,,,,,,,,,,0.3192466980981381,40.88851851851855,22.093422038313296,-18.795096480205252,22.093422038313292,61.875082282866735,True,False,False,Neither hotspot,False,40.88851851851855,22.093422038313296
06,037,231603,06037231603,1400000US06037231603,2316.03,Census Tract 2316.03,G5020,S,320263,0,+34.0072782,-118.2937148,los_angeles,Los Angeles,,,,,,,,,,0.3201200705559744,41.42907407407411,22.093422038313296,-19.335652035760813,22.093422038313292,61.875082282866735,True,False,False,Neither hotspot,False,41.42907407407411,22.093422038313296
06,037,234001,06037234001,1400000US06037234001,2340.01,Census Tract 2340.01,G5020,S,677242,0,+34.0126054,-118.3235438,los_angeles,Los Angeles,,,,,,,,,,0.6769492690956991,39.497714285714316,22.093422038313296,-17.40429224740102,22.093422038313292,61.875082282866735,True,False,False,Neither hotspot,False,39.497714285714316,22.093422038313296
06,037,236205,06037236205,1400000US06037236205,2362.05,Census Tract 2362.05,G5020,S,166993,0,+34.0154268,-118.3522256,los_angeles,Los Angeles,,,,,,,,,,0.1669243165905485,37.51376811594206,22.00720728409691,-15.506560831845146,22.007207284096907,62.17309776354044,True,False,False,Neither hotspot,True,37.51376811594206,22.00720728409691
06,037,206051,06037206051,1400000US06037206051,2060.51,Census Tract 2060.51,G5020,S,3681803,48976,+34.0272770,-118.2328862,los_angeles,Los Angeles,,,,,,,,,,3.7289875736963634,42.839377336784615,22.416491735154356,-20.422885601630256,22.416491735154352,61.01142526452512,True,True,False,LST-only hotspot,False,42.839377336784615,22.416491735154356
06,037,231301,06037231301,1400000US06037231301,2313.01,Census Tract 2313.01,G5020,S,233928,0,+34.0153549,-118.3020819,los_angeles,Los Angeles,,,,,,,,,,0.23382439893959814,40.848333333333365,22.093422038313296,-18.75491129502007,22.093422038313292,61.875082282866735,True,False,False,Neither hotspot,False,40.848333333333365,22.093422038313296
06,037,231302,06037231302,1400000US06037231302,2313.02,Census Tract 2313.02,G5020,S,423524,0,+34.0140532,-118.3058946,los_angeles,Los Angeles,,,,,,,,,,0.4233382991640072,40.76922969187678,22.093422038313296,-18.675807653563485,22.093422038313292,61.875082282866735,True,False,False,Neither hotspot,False,40.76922969187678,22.093422038313296
06,037,275604,06037275604,1400000US06037275604,2756.04,Census Tract 2756.04,G5020,S,1550434,0,+33.9757930,-118.4154909,los_angeles,Los Angeles,,,,,,,,,,1.5498467237734759,32.19831210191086,21.696834168917924,-10.501477932992934,21.696834168917917,63.2459534939658,True,False,False,Neither hotspot,True,32.19831210191086,21.696834168917924
06,037,271804,06037271804,1400000US06037271804,2718.04,Census Tract 2718.04,G5020,S,348810,0,+34.0201691,-118.4138661,los_angeles,Los Angeles,,,,,,,,,,0.3486774339506298,37.29200305810401,21.696834168917924,-15.595168889186086,21.696834168917917,63.2459534939658,True,False,False,Neither hotspot,True,37.29200305810401,21.696834168917924
06,037,276608,06037276608,1400000US06037276608,2766.08,Census Tract 2766.08,G5020,S,360279,0,+33.9577155,-118.4293504,los_angeles,Los Angeles,,,,,,,,,,0.36014493986607704,30.714449541284438,21.696834168917924,-9.017615372366512,21.696834168917917,63.2459534939658,True,False,False,Neither hotspot,True,30.714449541284438,21.696834168917924
06,037,276102,06037276102,1400000US06037276102,2761.02,Census Tract 2761.02,G5020,S,658635,0,+33.9761861,-118.3703576,los_angeles,Los Angeles,,,,,,,,,,0.6583727984458037,37.33866310160431,21.696834168917924,-15.641828932686385,21.696834168917917,63.2459534939658,True,False,False,Neither hotspot,True,37.33866310160431,21.696834168917924
06,037,275312,06037275312,1400000US06037275312,2753.12,Census Tract 2753.12,G5020,S,783490,38298,+33.9798033,-118.4332118,los_angeles,Los Angeles,,,,,,,,,,0.8214850310113839,31.59807641633731,21.696834168917924,-9.901242247419384,21.696834168917917,63.2459534939658,True,False,False,Neither hotspot,True,31.59807641633731,21.696834168917924
06,037,275605,06037275605,1400000US06037275605,2756.05,Census Tract 2756.05,G5020,S,970244,70158,+33.9775186,-118.4205947,los_angeles,Los Angeles,,,,,,,,,,1.0400102849202237,32.78876410256413,21.696834168917924,-11.091929933646204,21.696834168917917,63.2459534939658,True,False,False,Neither hotspot,True,32.78876410256413,21.696834168917924
06,037,276101,06037276101,1400000US06037276101,2761.01,Census Tract 2761.01,G5020,S,326325,0,+33.9753456,-118.3783735,los_angeles,Los Angeles,,,,,,,,,,0.326193841408848,36.566595744680875,21.696834168917924,-14.86976157576295,21.696834168917917,63.2459534939658,True,False,False,Neither hotspot,True,36.566595744680875,21.696834168917924
06,037,139301,06037139301,1400000US06037139301,1393.01,Census Tract 1393.01,G5020,S,2865657,0,+34.1781538,-118.5581265,los_angeles,Los Angeles,,,,,,,,,,2.8648194819453616,40.8911549395878,21.977413225425945,-18.913741714161862,21.97741322542594,61.66348922621312,True,False,False,Neither hotspot,False,40.8911549395878,21.977413225425945
06,037,139302,06037139302,1400000US06037139302,1393.02,Census Tract 1393.02,G5020,S,338289,0,+34.1767230,-118.5383655,los_angeles,Los Angeles,,,,,,,,,,0.33818423246016754,40.61000000000003,22.400895041313728,-18.2091049586863,22.40089504131373,58.90132299675208,True,False,False,Neither hotspot,False,40.61000000000003,22.400895041313728
06,037,139502,06037139502,1400000US06037139502,1395.02,Census Tract 1395.02,G5020,S,1047549,0,+34.1628402,-118.5263111,los_angeles,Los Angeles,,,,,,,,,,1.0472257042451845,39.306206349206384,22.400895041313728,-16.905311307892653,22.40089504131373,58.90132299675208,True,False,False,Neither hotspot,False,39.306206349206384,22.400895041313728
06,037,139600,06037139600,1400000US06037139600,1396,Census Tract 1396,G5020,S,2477482,0,+34.1640599,-118.5101001,los_angeles,Los Angeles,,,,,,,,,,2.4766840551887674,40.44012871726589,22.400895041313728,-18.039233675952165,22.40089504131373,58.90132299675208,True,False,False,Neither hotspot,False,40.44012871726589,22.400895041313728
06,037,139701,06037139701,1400000US06037139701,1397.01,Census Tract 1397.01,G5020,S,3396397,2411,+34.1574290,-118.4954117,los_angeles,Los Angeles,,,,,,,,,,3.3976809331165714,38.509867674858256,22.234359210371174,-16.275508464487082,22.234359210371174,59.96794363453468,True,False,False,Neither hotspot,False,38.509867674858256,22.234359210371174
06,037,139801,06037139801,1400000US06037139801,1398.01,Census Tract 1398.01,G5020,S,3666763,0,+34.1527171,-118.5455833,los_angeles,Los Angeles,,,,,,,,,,3.665665317223709,37.008743983152854,21.92383614727065,-15.08490783588221,21.92383614727064,62.04326462898869,True,False,False,Neither hotspot,True,37.008743983152854,21.92383614727065
06,037,143500,06037143500,1400000US06037143500,1435,Census Tract 1435,G5020,S,1191719,46468,+34.1476412,-118.4067800,los_angeles,Los Angeles,,,,,,,,,,1.2377105032644746,38.18175062972295,22.395122353926983,-15.786628275795964,22.39512235392698,59.306167605666204,True,False,False,Neither hotspot,True,38.18175062972295,22.395122353926983
06,037,181000,06037181000,1400000US06037181000,1810,Census Tract 1810,G5020,S,4108343,30513,+34.1452670,-118.2043861,los_angeles,Los Angeles,,,,,,,,,,4.1368026235774025,38.84677398500133,22.835774952432423,-16.0109990325689,22.835774952432416,55.77099040687782,True,False,True,HI-only hotspot,True,38.84677398500133,22.835774952432423
06,037,181500,06037181500,1400000US06037181500,1815,Census Tract 1815,G5020,S,1094349,0,+34.1347811,-118.1928518,los_angeles,Los Angeles,,,,,,,,,,1.093802177442562,39.498397058823564,22.835774952432423,-16.662622106391137,22.835774952432416,55.77099040687782,True,False,True,HI-only hotspot,True,39.498397058823564,22.835774952432423
06,037,181600,06037181600,1400000US06037181600,1816,Census Tract 1816,G5020,S,1250035,0,+34.1297233,-118.2097405,los_angeles,Los Angeles,,,,,,,,,,1.2494183295481123,39.62702680067005,22.835774952432423,-16.791251848237625,22.835774952432416,55.77099040687782,True,False,True,HI-only hotspot,True,39.62702680067005,22.835774952432423
06,037,183101,06037183101,1400000US06037183101,1831.01,Census Tract 1831.01,G5020,S,967955,0,+34.1225069,-118.1817872,los_angeles,Los Angeles,,,,,,,,,,0.9674645290787173,39.907951273532696,22.835774952432423,-17.072176321100272,22.835774952432416,55.77099040687782,True,False,True,HI-only hotspot,True,39.907951273532696,22.835774952432423
06,037,183220,06037183220,1400000US06037183220,1832.20,Census Tract 1832.20,G5020,S,535234,0,+34.1199723,-118.1892861,los_angeles,Los Angeles,,,,,,,,,,0.5349646203165968,40.31733539094653,22.835774952432423,-17.48156043851411,22.835774952432416,55.77099040687782,True,False,True,HI-only hotspot,True,40.31733539094653,22.835774952432423
06,037,183300,06037183300,1400000US06037183300,1833,Census Tract 1833,G5020,S,541305,0,+34.1210001,-118.2008163,los_angeles,Los Angeles,,,,,,,,,,0.541037233523082,39.97500000000003,22.835774952432423,-17.13922504756761,22.835774952432416,55.77099040687782,True,False,True,HI-only hotspot,True,39.97500000000003,22.835774952432423
06,037,183510,06037183510,1400000US06037183510,1835.10,Census Tract 1835.10,G5020,S,500438,0,+34.1154022,-118.2030827,los_angeles,Los Angeles,,,,,,,,,,0.5001929414148867,38.83668918918922,22.835774952432423,-16.0009142367568,22.835774952432416,55.77099040687782,True,False,True,HI-only hotspot,True,38.83668918918922,22.835774952432423
06,037,183520,06037183520,1400000US06037183520,1835.20,Census Tract 1835.20,G5020,S,427707,0,+34.1109412,-118.2015849,los_angeles,Los Angeles,,,,,,,,,,0.4274939956052697,38.90758145363412,22.835774952432423,-16.071806501201696,22.835774952432416,55.77099040687782,True,False,True,HI-only hotspot,True,38.90758145363412,22.835774952432423
06,037,183610,06037183610,1400000US06037183610,1836.10,Census Tract 1836.10,G5020,S,378643,0,+34.1140024,-118.1948974,los_angeles,Los Angeles,,,,,,,,,,0.37845346492007603,39.866106194690296,22.835774952432423,-17.030331242257873,22.835774952432416,55.77099040687782,True,False,True,HI-only hotspot,True,39.866106194690296,22.835774952432423
06,037,192300,06037192300,1400000US06037192300,1923,Census Tract 1923,G5020,S,879493,0,+34.0797430,-118.3284923,los_angeles,Los Angeles,,,,,,,,,,0.8791158831927555,38.86475918884666,22.772576144121732,-16.092183044724937,22.77257614412173,56.943057890226434,True,False,True,HI-only hotspot,True,38.86475918884666,22.772576144121732
06,037,195400,06037195400,1400000US06037195400,1954,Census Tract 1954,G5020,S,1030345,0,+34.0916923,-118.2740531,los_angeles,Los Angeles,,,,,,,,,,1.0298741028129204,39.86299254526095,22.772576144121732,-17.090416401139215,22.77257614412173,56.943057890226434,True,False,True,HI-only hotspot,True,39.86299254526095,22.772576144121732
06,037,183820,06037183820,1400000US06037183820,1838.20,Census Tract 1838.20,G5020,S,308653,0,+34.1039593,-118.1971254,los_angeles,Los Angeles,,,,,,,,,,0.30849883307494985,37.810388888888916,22.835774952432423,-14.974613936456494,22.835774952432416,55.77099040687782,True,False,True,HI-only hotspot,True,37.810388888888916,22.835774952432423
06,037,185202,06037185202,1400000US06037185202,1852.02,Census Tract 1852.02,G5020,S,1205737,0,+34.0950599,-118.2170631,los_angeles,Los Angeles,,,,,,,,,,1.2051479306059516,38.59453153153156,22.835774952432423,-15.758756579099131,22.835774952432416,55.77099040687782,True,False,True,HI-only hotspot,True,38.59453153153156,22.835774952432423
06,037,185310,06037185310,1400000US06037185310,1853.10,Census Tract 1853.10,G5020,S,421083,0,+34.0922029,-118.2226256,los_angeles,Los Angeles,,,,,,,,,,0.4208781619833427,37.941119592875346,22.835774952432423,-15.105344640442924,22.835774952432416,55.77099040687782,True,False,True,HI-only hotspot,True,37.941119592875346,22.835774952432423
06,037,185320,06037185320,1400000US06037185320,1853.20,Census Tract 1853.20,G5020,S,556162,0,+34.0886826,-118.2248083,los_angeles,Los Angeles,,,,,,,,,,0.5558924972976147,37.68381750465553,22.835774952432423,-14.848042552223099,22.835774952432416,55.77099040687782,True,False,True,HI-only hotspot,True,37.68381750465553,22.835774952432423
06,037,186401,06037186401,1400000US06037186401,1864.01,Census Tract 1864.01,G5020,S,963513,0,+34.1174905,-118.2455175,los_angeles,Los Angeles,,,,,,,,,,0.9630568265455746,38.197469746974726,22.835774952432423,-15.361694794542306,22.835774952432416,55.77099040687782,True,False,True,HI-only hotspot,True,38.197469746974726,22.835774952432423
06,037,197200,06037197200,1400000US06037197200,1972,Census Tract 1972,G5020,S,744116,32985,+34.0907632,-118.2343586,los_angeles,Los Angeles,,,,,,,,,,0.7767293821825236,37.25593795093799,22.835774952432423,-14.420162998505559,22.835774952432416,55.77099040687782,True,False,True,HI-only hotspot,True,37.25593795093799,22.835774952432423
06,037,197300,06037197300,1400000US06037197300,1973,Census Tract 1973,G5020,S,654245,0,+34.0811373,-118.2520467,los_angeles,Los Angeles,,,,,,,,,,0.6539392544462074,39.14447278911569,22.825134336747464,-16.319338452368225,22.825134336747457,55.968328299482444,True,False,True,HI-only hotspot,True,39.14447278911569,22.825134336747464
06,037,197410,06037197410,1400000US06037197410,1974.10,Census Tract 1974.10,G5020,S,1393312,0,+34.0929146,-118.2504370,los_angeles,Los Angeles,,,,,,,,,,1.3926495244543264,37.293042635658956,22.82592769625378,-14.467114939405167,22.82592769625377,55.95361487521353,True,False,True,HI-only hotspot,True,37.293042635658956,22.82592769625378
06,037,197420,06037197420,1400000US06037197420,1974.20,Census Tract 1974.20,G5020,S,615577,0,+34.0832000,-118.2571856,los_angeles,Los Angeles,,,,,,,,,,0.6152889501465088,38.912916666666696,22.776697805533292,-16.136218861133404,22.77669780553329,56.86661870652976,True,False,True,HI-only hotspot,True,38.912916666666696,22.776697805533292
06,037,197500,06037197500,1400000US06037197500,1975,Census Tract 1975,G5020,S,581662,58811,+34.0717475,-118.2577066,los_angeles,Los Angeles,,,,,,,,,,0.6401741424051539,40.34962280701758,22.777565523725208,-17.57205728329237,22.777565523725205,56.85052624680418,True,False,True,HI-only hotspot,True,40.34962280701758,22.777565523725208
06,037,197600,06037197600,1400000US06037197600,1976,Census Tract 1976,G5020,S,388305,0,+34.0683314,-118.2519864,los_angeles,Los Angeles,,,,,,,,,,0.3881212785381948,40.272877604166695,22.829356323463365,-17.443521280703322,22.82935632346336,55.89002851065542,True,False,True,HI-only hotspot,True,40.272877604166695,22.829356323463365
06,037,197700,06037197700,1400000US06037197700,1977,Census Tract 1977,G5020,S,701770,0,+34.0685435,-118.2457754,los_angeles,Los Angeles,,,,,,,,,,0.7014369223604007,39.9995974235105,22.835774952432423,-17.163822471078074,22.835774952432416,55.77099040687782,True,False,True,HI-only hotspot,True,39.9995974235105,22.835774952432423
06,037,199110,06037199110,1400000US06037199110,1991.10,Census Tract 1991.10,G5020,S,901969,0,+34.0793607,-118.1974043,los_angeles,Los Angeles,,,,,,,,,,0.9015209117527594,39.84636363636367,22.835774952432423,-17.010588683931246,22.835774952432416,55.77099040687782,True,False,True,HI-only hotspot,True,39.84636363636367,22.835774952432423
06,037,187102,06037187102,1400000US06037187102,1871.02,Census Tract 1871.02,G5020,S,1954146,236563,+34.1090483,-118.2514556,los_angeles,Los Angeles,,,,,,,,,,2.1896638584512464,37.60530734632686,22.826584121238813,-14.778723225088052,22.82658412123881,55.94144100040828,True,False,True,HI-only hotspot,True,37.60530734632686,22.826584121238813
06,037,187200,06037187200,1400000US06037187200,1872,Census Tract 1872,G5020,S,918311,33035,+34.1054563,-118.2468522,los_angeles,Los Angeles,,,,,,,,,,0.9508935507538447,37.266258741258774,22.833565203890092,-14.43269353736868,22.833565203890082,55.81197178741448,True,False,True,HI-only hotspot,True,37.266258741258774,22.833565203890092
06,037,187300,06037187300,1400000US06037187300,1873,Census Tract 1873,G5020,S,1168844,0,+34.1016126,-118.2567240,los_angeles,Los Angeles,,,,,,,,,,1.1682953640141143,37.32984517304192,22.786044742614173,-14.54380043042775,22.78604474261417,56.693273016725904,True,False,True,HI-only hotspot,True,37.32984517304192,22.786044742614173
06,037,236400,06037236400,1400000US06037236400,2364,Census Tract 2364,G5020,S,1340500,0,+34.0067001,-118.3512616,los_angeles,Los Angeles,,,,,,,,,,1.3399391476456617,36.33486378205131,21.918961509228314,-14.415902272822995,21.918961509228307,62.4781338012108,True,False,False,Neither hotspot,True,36.33486378205131,21.918961509228314
06,037,237500,06037237500,1400000US06037237500,2375,Census Tract 2375,G5020,S,337329,0,+33.9783023,-118.2893094,los_angeles,Los Angeles,,,,,,,,,,0.33717464453771784,40.98200000000003,22.093422038313296,-18.88857796168673,22.093422038313292,61.875082282866735,True,False,False,Neither hotspot,False,40.98200000000003,22.093422038313296
06,037,213201,06037213201,1400000US06037213201,2132.01,Census Tract 2132.01,G5020,S,334942,0,+34.0526559,-118.3045301,los_angeles,Los Angeles,,,,,,,,,,0.3347948807294611,39.302336769759485,22.772576144121732,-16.529760625637753,22.77257614412173,56.943057890226434,True,False,True,HI-only hotspot,True,39.302336769759485,22.772576144121732
06,037,213202,06037213202,1400000US06037213202,2132.02,Census Tract 2132.02,G5020,S,337924,0,+34.0490294,-118.3045035,los_angeles,Los Angeles,,,,,,,,,,0.33777206164003193,39.30592982456144,22.772576144121732,-16.533353680439703,22.77257614412173,56.943057890226434,True,False,True,HI-only hotspot,True,39.30592982456144,22.772576144121732
06,037,242202,06037242202,1400000US06037242202,2422.02,Census Tract 2422.02,G5020,S,403612,0,+33.9465593,-118.2404230,los_angeles,Los Angeles,,,,,,,,,,0.4034191249286544,41.23843283582092,21.896093846667064,-19.34233898915386,21.896093846667064,64.38122363179295,True,False,False,Neither hotspot,False,41.23843283582092,21.896093846667064
06,037,128302,06037128302,1400000US06037128302,1283.02,Census Tract 1283.02,G5020,S,688871,0,+34.1838638,-118.4605367,los_angeles,Los Angeles,,,,,,,,,,0.6886278993814718,41.11415000000002,22.400895041313728,-18.713254958686296,22.40089504131373,58.90132299675208,True,False,False,Neither hotspot,False,41.11415000000002,22.400895041313728
06,037,134306,06037134306,1400000US06037134306,1343.06,Census Tract 1343.06,G5020,S,619830,0,+34.2119147,-118.6017021,los_angeles,Los Angeles,,,,,,,,,,0.619665525633827,41.735209339774585,21.83585102523586,-19.899358314538716,21.835851025235854,62.58683071116808,True,True,False,LST-only hotspot,False,41.735209339774585,21.83585102523586
06,037,119320,06037119320,1400000US06037119320,1193.20,Census Tract 1193.20,G5020,S,486438,10184,+34.2369427,-118.4547256,los_angeles,Los Angeles,,,,,,,,,,0.4964432360699371,42.35078571428574,22.51103033970109,-19.839755374584648,22.51103033970109,58.09564249011826,True,True,False,LST-only hotspot,False,42.35078571428574,22.51103033970109
06,037,294520,06037294520,1400000US06037294520,2945.20,Census Tract 2945.20,G5020,S,484078,0,+33.7868323,-118.2658196,los_angeles,Los Angeles,,,,,,,,,,0.48385539614675505,36.640139784946264,20.438854485663853,-16.201285299282404,20.438854485663853,71.0706293286502,True,False,False,Neither hotspot,False,36.640139784946264,20.438854485663853
06,037,243001,06037243001,1400000US06037243001,2430.01,Census Tract 2430.01,G5020,S,346578,0,+33.9398628,-118.2362448,los_angeles,Los Angeles,,,,,,,,,,0.34641382320773195,41.05386731391588,21.65852089757504,-19.395346416340843,21.658520897575045,65.91960984293696,True,False,False,Neither hotspot,False,41.05386731391588,21.65852089757504
06,037,242201,06037242201,1400000US06037242201,2422.01,Census Tract 2422.01,G5020,S,409622,0,+33.9507370,-118.2379637,los_angeles,Los Angeles,,,,,,,,,,0.4094262361700966,41.514523809523844,22.416491735154356,-19.098032074369485,22.416491735154352,61.01142526452512,True,True,False,LST-only hotspot,False,41.514523809523844,22.416491735154356
06,037,131021,06037131021,1400000US06037131021,1310.21,Census Tract 1310.21,G5020,S,558128,4317,+34.2199093,-118.5393555,los_angeles,Los Angeles,,,,,,,,,,0.5622723893065712,41.6237474747475,22.400895041313728,-19.222852433433776,22.40089504131373,58.90132299675208,True,True,False,LST-only hotspot,False,41.6237474747475,22.400895041313728
06,037,113238,06037113238,1400000US06037113238,1132.38,Census Tract 1132.38,G5020,S,709686,0,+34.2238854,-118.6016642,los_angeles,Los Angeles,,,,,,,,,,0.7094997967983533,41.23119868637113,21.83585102523586,-19.395347661135265,21.835851025235854,62.58683071116808,True,False,False,Neither hotspot,False,41.23119868637113,21.83585102523586
06,037,113428,06037113428,1400000US06037113428,1134.28,Census Tract 1134.28,G5020,S,1270492,0,+34.2241460,-118.5787221,los_angeles,Los Angeles,,,,,,,,,,1.2701354976733317,42.26322751322754,21.83585102523586,-20.427376487991683,21.835851025235854,62.58683071116808,True,True,False,LST-only hotspot,False,42.26322751322754,21.83585102523586
06,037,113423,06037113423,1400000US06037113423,1134.23,Census Tract 1134.23,G5020,S,710674,0,+34.2242425,-118.5666812,los_angeles,Los Angeles,,,,,,,,,,0.7104688954988412,42.33276234567905,21.83585102523586,-20.496911320443186,21.835851025235854,62.58683071116808,True,True,False,LST-only hotspot,False,42.33276234567905,21.83585102523586
06,037,119801,06037119801,1400000US06037119801,1198.01,Census Tract 1198.01,G5020,S,609343,2967,+34.2352193,-118.4310495,los_angeles,Los Angeles,,,,,,,,,,0.6120850310846555,43.167076502732286,22.854393328791108,-20.312683173941167,22.854393328791105,55.583815028259906,True,True,True,Both LST and HI hotspot,False,43.167076502732286,22.854393328791108
06,037,119004,06037119004,1400000US06037119004,1190.04,Census Tract 1190.04,G5020,S,842714,6812,+34.2417684,-118.4228648,los_angeles,Los Angeles,,,,,,,,,,0.849206135469285,42.855544993662896,22.854393328791108,-20.001151664871784,22.854393328791105,55.583815028259906,True,True,True,Both LST and HI hotspot,False,42.855544993662896,22.854393328791108
06,037,134906,06037134906,1400000US06037134906,1349.06,Census Tract 1349.06,G5020,S,172993,1794,+34.1918582,-118.5895109,los_angeles,Los Angeles,,,,,,,,,,0.17474070923660853,42.273797814207676,21.83585102523586,-20.437946788971814,21.835851025235854,62.58683071116808,True,True,False,LST-only hotspot,False,42.273797814207676,21.83585102523586
06,037,101222,06037101222,1400000US06037101222,1012.22,Census Tract 1012.22,G5020,S,296512,0,+34.2513519,-118.2885261,los_angeles,Los Angeles,,,,,,,,,,0.2963787223067357,37.29947368421056,22.8526187001977,-14.446854984012859,22.852618700197695,53.14082457836361,True,False,True,HI-only hotspot,True,37.29947368421056,22.8526187001977
06,037,103201,06037103201,1400000US06037103201,1032.01,Census Tract 1032.01,G5020,S,1954789,0,+34.2656446,-118.3236267,los_angeles,Los Angeles,,,,,,,,,,1.9539438065553534,38.55909461663951,22.334874462735854,-16.22422015390366,22.334874462735854,51.20045038104154,True,False,False,Neither hotspot,False,38.55909461663951,22.334874462735854
06,037,213310,06037213310,1400000US06037213310,2133.10,Census Tract 2133.10,G5020,S,312089,0,+34.0508743,-118.2978915,los_angeles,Los Angeles,,,,,,,,,,0.31195062913484567,39.982298850574736,22.772576144121732,-17.209722706453007,22.77257614412173,56.943057890226434,True,False,True,HI-only hotspot,True,39.982298850574736,22.772576144121732
06,037,213320,06037213320,1400000US06037213320,2133.20,Census Tract 2133.20,G5020,S,311438,0,+34.0508830,-118.2937000,los_angeles,Los Angeles,,,,,,,,,,0.31130097819949804,40.13666666666669,22.772576144121732,-17.36409052254496,22.77257614412173,56.943057890226434,True,False,True,HI-only hotspot,True,40.13666666666669,22.772576144121732
06,037,213401,06037213401,1400000US06037213401,2134.01,Census Tract 2134.01,G5020,S,196100,0,+34.0537069,-118.2879026,los_angeles,Los Angeles,,,,,,,,,,0.19601077365495437,40.626666666666694,22.772576144121732,-17.85409052254496,22.77257614412173,56.943057890226434,True,False,True,HI-only hotspot,True,40.626666666666694,22.772576144121732
06,037,214700,06037214700,1400000US06037214700,2147,Census Tract 2147,G5020,S,593341,0,+34.0664969,-118.3661529,los_angeles,Los Angeles,,,,,,,,,,0.5930975806729084,37.73327868852463,22.395122353926983,-15.338156334597645,22.39512235392698,59.306167605666204,True,False,False,Neither hotspot,True,37.73327868852463,22.395122353926983
06,037,214800,06037214800,1400000US06037214800,2148,Census Tract 2148,G5020,S,577069,0,+34.0713889,-118.3730522,los_angeles,Los Angeles,,,,,,,,,,0.5768358120957376,37.08964618249538,22.395122353926983,-14.694523828568396,22.39512235392698,59.306167605666204,True,False,False,Neither hotspot,True,37.08964618249538,22.395122353926983
06,037,216100,06037216100,1400000US06037216100,2161,Census Tract 2161,G5020,S,675030,0,+34.0569255,-118.3379721,los_angeles,Los Angeles,,,,,,,,,,0.6747432447742491,38.5194080996885,22.772576144121732,-15.746831955566767,22.77257614412173,56.943057890226434,True,False,True,HI-only hotspot,True,38.5194080996885,22.772576144121732
06,037,216700,06037216700,1400000US06037216700,2167,Census Tract 2167,G5020,S,777948,0,+34.0482451,-118.3719490,los_angeles,Los Angeles,,,,,,,,,,0.7776351726600892,38.2429782608696,22.222068325468218,-16.02090993540138,22.22206832546821,60.28254932581002,True,False,False,Neither hotspot,False,38.2429782608696,22.222068325468218
06,037,980031,06037980031,1400000US06037980031,9800.31,Census Tract 9800.31,G5020,S,14034188,11917519,+33.7376649,-118.2579640,los_angeles,Los Angeles,,,,,,,,,,25.939692566211647,32.08907203111508,20.496125217566778,-12.730216872746537,20.496125217566778,70.97238004933905,True,False,False,Neither hotspot,True,32.08907203111508,20.496125217566778
06,037,980028,06037980028,1400000US06037980028,9800.28,Census Tract 9800.28,G5020,S,17335397,2387924,+33.9423871,-118.4160617,los_angeles,Los Angeles,,,,,,,,,,19.715836247339386,33.20153766762233,21.22700819663017,-11.951287896059931,21.22700819663017,65.93631615555626,True,False,False,Neither hotspot,True,33.20153766762233,21.22700819663017
06,037,980022,06037980022,1400000US06037980022,9800.22,Census Tract 9800.22,G5020,S,5584581,867525,+34.3040449,-118.4807217,los_angeles,Los Angeles,,,,,,,,,,6.449913647245123,39.00706245824986,22.60031635726711,-16.40674610098275,22.600316357267104,55.76673160950213,True,False,False,Neither hotspot,False,39.00706245824986,22.60031635726711
06,037,980023,06037980023,1400000US06037980023,9800.23,Census Tract 9800.23,G5020,S,5192771,27323,+34.2320090,-118.6343023,los_angeles,Los Angeles,,,,,,,,,,5.21881972085676,38.7215617788966,21.83585102523586,-16.88571075366075,21.835851025235854,62.58683071116808,True,False,False,Neither hotspot,False,38.7215617788966,21.83585102523586
06,037,213402,06037213402,1400000US06037213402,2134.02,Census Tract 2134.02,G5020,S,391846,0,+34.0498405,-118.2878882,los_angeles,Los Angeles,,,,,,,,,,0.3916692150182119,40.62755725190842,22.772576144121732,-17.854981107786692,22.77257614412173,56.943057890226434,True,False,True,HI-only hotspot,True,40.62755725190842,22.772576144121732
06,037,214000,06037214000,1400000US06037214000,2140,Census Tract 2140,G5020,S,1011538,0,+34.0748535,-118.3485020,los_angeles,Los Angeles,,,,,,,,,,1.0111121138418793,38.66382882882886,22.76747541722721,-15.896353411601654,22.767475417227207,56.97499180529996,True,False,False,Neither hotspot,False,38.66382882882886,22.76747541722721
06,037,214100,06037214100,1400000US06037214100,2141,Census Tract 2141,G5020,S,1108280,0,+34.0746639,-118.3392739,los_angeles,Los Angeles,,,,,,,,,,1.1078075946239834,38.87031558185407,22.772576144121732,-16.097739437732344,22.77257614412173,56.943057890226434,True,False,True,HI-only hotspot,True,38.87031558185407,22.772576144121732
06,037,214400,06037214400,1400000US06037214400,2144,Census Tract 2144,G5020,S,344250,0,+34.0781666,-118.3573276,los_angeles,Los Angeles,,,,,,,,,,0.3441063969139868,38.7016666666667,22.395122353926983,-16.30654431273972,22.39512235392698,59.306167605666204,True,False,False,Neither hotspot,False,38.7016666666667,22.395122353926983
06,037,216800,06037216800,1400000US06037216800,2168,Census Tract 2168,G5020,S,739832,0,+34.0557841,-118.3706043,los_angeles,Los Angeles,,,,,,,,,,0.7395334013243464,38.055262008733656,22.395122353926983,-15.660139654806672,22.39512235392698,59.306167605666204,True,False,False,Neither hotspot,True,38.055262008733656,22.395122353926983
06,037,276605,06037276605,1400000US06037276605,2766.05,Census Tract 2766.05,G5020,S,237796,0,+33.9564713,-118.4348338,los_angeles,Los Angeles,,,,,,,,,,0.23770822950260545,30.45833333333336,21.696834168917924,-8.761499164415438,21.696834168917917,63.2459534939658,True,False,False,Neither hotspot,True,30.45833333333336,21.696834168917924
06,037,276607,06037276607,1400000US06037276607,2766.07,Census Tract 2766.07,G5020,S,478080,0,+33.9567510,-118.4214686,los_angeles,Los Angeles,,,,,,,,,,0.47790000404007316,32.490662100456646,21.696834168917924,-10.793827931538726,21.696834168917917,63.2459534939658,True,False,False,Neither hotspot,True,32.490662100456646,21.696834168917924
06,037,217200,06037217200,1400000US06037217200,2172,Census Tract 2172,G5020,S,919065,0,+34.0495840,-118.3424594,los_angeles,Los Angeles,,,,,,,,,,0.9186758099994704,38.71890566037739,22.757199070027955,-15.961706590349431,22.757199070027955,57.054726367040935,True,False,False,Neither hotspot,False,38.71890566037739,22.757199070027955
06,037,218110,06037218110,1400000US06037218110,2181.10,Census Tract 2181.10,G5020,S,598606,0,+34.0443254,-118.3275531,los_angeles,Los Angeles,,,,,,,,,,0.5983496790028574,39.457356902356935,22.309516526525073,-17.147840375831866,22.30951652652507,60.30580179429937,True,False,False,Neither hotspot,False,39.457356902356935,22.309516526525073
06,037,218210,06037218210,1400000US06037218210,2182.10,Census Tract 2182.10,G5020,S,388481,0,+34.0427907,-118.3423056,los_angeles,Los Angeles,,,,,,,,,,0.38831774773585465,39.381356932153416,22.099432251639033,-17.281924680514386,22.09943225163903,61.83143604930354,True,False,False,Neither hotspot,False,39.381356932153416,22.099432251639033
06,037,218220,06037218220,1400000US06037218220,2182.20,Census Tract 2182.20,G5020,S,672776,0,+34.0434012,-118.3348919,los_angeles,Los Angeles,,,,,,,,,,0.6724897547012058,39.490814132104475,22.146627659505658,-17.34418647259882,22.146627659505654,61.48870249173824,True,False,False,Neither hotspot,False,39.490814132104475,22.146627659505658
06,037,218300,06037218300,1400000US06037218300,2183,Census Tract 2183,G5020,S,891391,9418,+34.0427467,-118.3548171,los_angeles,Los Angeles,,,,,,,,,,0.9004329410835249,39.07829774614475,21.870429570824083,-17.20786817532067,21.870429570824076,62.64589243003276,True,False,False,Neither hotspot,False,39.07829774614475,21.870429570824083
06,037,131023,06037131023,1400000US06037131023,1310.23,Census Tract 1310.23,G5020,S,584038,4987,+34.2034007,-118.5401318,los_angeles,Los Angeles,,,,,,,,,,0.588843399121284,41.9509523809524,22.400895041313728,-19.550057339638673,22.40089504131373,58.90132299675208,True,True,False,LST-only hotspot,False,41.9509523809524,22.400895041313728
06,037,131801,06037131801,1400000US06037131801,1318.01,Census Tract 1318.01,G5020,S,656324,0,+34.2047130,-118.5316786,los_angeles,Los Angeles,,,,,,,,,,0.6561193714374357,41.86664864864867,22.400895041313728,-19.46575360733495,22.40089504131373,58.90132299675208,True,True,False,LST-only hotspot,False,41.86664864864867,22.400895041313728
06,037,240301,06037240301,1400000US06037240301,2403.01,Census Tract 2403.01,G5020,S,468912,0,+33.9564060,-118.2838030,los_angeles,Los Angeles,,,,,,,,,,0.4686985464623321,40.48608695652177,22.093422038313296,-18.39266491820847,22.093422038313292,61.875082282866735,True,False,False,Neither hotspot,False,40.48608695652177,22.093422038313296
06,037,240302,06037240302,1400000US06037240302,2403.02,Census Tract 2403.02,G5020,S,344616,0,+33.9564141,-118.2892796,los_angeles,Los Angeles,,,,,,,,,,0.3444606583688187,40.35860824742271,22.093422038313296,-18.265186209109416,22.093422038313292,61.875082282866735,True,False,False,Neither hotspot,False,40.35860824742271,22.093422038313296
06,037,218400,06037218400,1400000US06037218400,2184,Census Tract 2184,G5020,S,656666,0,+34.0369278,-118.3592342,los_angeles,Los Angeles,,,,,,,,,,0.6563950894309595,38.76883739837402,21.696834168917924,-17.07200322945609,21.696834168917917,63.2459534939658,True,False,False,Neither hotspot,False,38.76883739837402,21.696834168917924
06,037,218500,06037218500,1400000US06037218500,2185,Census Tract 2185,G5020,S,523255,0,+34.0373857,-118.3505694,los_angeles,Los Angeles,,,,,,,,,,0.5230384376164803,38.96745508982039,22.024553486142846,-16.942901603677548,22.024553486142835,62.11313776263843,True,False,False,Neither hotspot,False,38.96745508982039,22.024553486142846
06,037,218600,06037218600,1400000US06037218600,2186,Census Tract 2186,G5020,S,430627,0,+34.0371838,-118.3427434,los_angeles,Los Angeles,,,,,,,,,,0.43044537346154504,39.28491228070178,22.093422038313296,-17.191490242388486,22.093422038313292,61.875082282866735,True,False,False,Neither hotspot,False,39.28491228070178,22.093422038313296
06,037,218900,06037218900,1400000US06037218900,2189,Census Tract 2189,G5020,S,703403,0,+34.0326941,-118.3230172,los_angeles,Los Angeles,,,,,,,,,,0.7031004146953299,40.18980176211457,22.093422038313296,-18.096379723801277,22.093422038313292,61.875082282866735,True,False,False,Neither hotspot,False,40.18980176211457,22.093422038313296
06,037,219020,06037219020,1400000US06037219020,2190.20,Census Tract 2190.20,G5020,S,726495,0,+34.0222083,-118.3226729,los_angeles,Los Angeles,,,,,,,,,,0.7261813326331853,40.4501054852321,22.093422038313296,-18.356683446918804,22.093422038313292,61.875082282866735,True,False,False,Neither hotspot,False,40.4501054852321,22.093422038313296
06,037,271702,06037271702,1400000US06037271702,2717.02,Census Tract 2717.02,G5020,S,697727,8791,+34.0251282,-118.4259054,los_angeles,Los Angeles,,,,,,,,,,0.7062517028694972,36.93425925925928,21.696834168917924,-15.237425090341361,21.696834168917917,63.2459534939658,True,False,False,Neither hotspot,True,36.93425925925928,21.696834168917924
06,037,224410,06037224410,1400000US06037224410,2244.10,Census Tract 2244.10,G5020,S,453271,0,+34.0351369,-118.2799794,los_angeles,Los Angeles,,,,,,,,,,0.4530655116236064,40.81586854460097,22.093422038313296,-18.72244650628768,22.093422038313292,61.875082282866735,True,False,False,Neither hotspot,False,40.81586854460097,22.093422038313296
06,037,267404,06037267404,1400000US06037267404,2674.04,Census Tract 2674.04,G5020,S,284445,0,+34.0456314,-118.4605333,los_angeles,Los Angeles,,,,,,,,,,0.28434411344501165,35.74258426966295,21.782667289955047,-11.996891533574393,21.782667289955043,62.86091820648541,True,False,False,Neither hotspot,True,35.74258426966295,21.782667289955047
06,037,267300,06037267300,1400000US06037267300,2673,Census Tract 2673,G5020,S,430298,0,+34.0452043,-118.4496931,los_angeles,Los Angeles,,,,,,,,,,0.4301449183401676,37.03656641604013,21.927755958373204,-15.070444631597328,21.927755958373197,61.945712929987685,True,False,False,Neither hotspot,True,37.03656641604013,21.927755958373204
06,037,218800,06037218800,1400000US06037218800,2188,Census Tract 2188,G5020,S,411643,0,+34.0377797,-118.3230095,los_angeles,Los Angeles,,,,,,,,,,0.41146584840898703,40.027303030303074,22.093422038313296,-17.93388099198977,22.093422038313292,61.875082282866735,True,False,False,Neither hotspot,False,40.027303030303074,22.093422038313296
06,037,209401,06037209401,1400000US06037209401,2094.01,Census Tract 2094.01,G5020,S,215668,0,+34.0567212,-118.2815247,los_angeles,Los Angeles,,,,,,,,,,0.21556926223043643,40.442083333333365,22.772576144121732,-17.66950718921163,22.77257614412173,56.943057890226434,True,False,True,HI-only hotspot,True,40.442083333333365,22.772576144121732
06,037,232701,06037232701,1400000US06037232701,2327.01,Census Tract 2327.01,G5020,S,277476,0,+33.9921998,-118.2892962,los_angeles,Los Angeles,,,,,,,,,,0.27735134941986966,41.18858695652177,22.093422038313296,-19.095164918208475,22.093422038313292,61.875082282866735,True,False,False,Neither hotspot,False,41.18858695652177,22.093422038313296
06,037,232602,06037232602,1400000US06037232602,2326.02,Census Tract 2326.02,G5020,S,531420,0,+33.9920845,-118.2958368,los_angeles,Los Angeles,,,,,,,,,,0.5311811485919693,40.859972527472564,22.093422038313296,-18.766550489159265,22.093422038313292,61.875082282866735,True,False,False,Neither hotspot,False,40.859972527472564,22.093422038313296
06,037,232601,06037232601,1400000US06037232601,2326.01,Census Tract 2326.01,G5020,S,263865,0,+33.9921082,-118.3023519,los_angeles,Los Angeles,,,,,,,,,,0.26374778747390626,40.065549450549476,22.093422038313296,-17.97212741223618,22.093422038313292,61.875082282866735,True,False,False,Neither hotspot,False,40.065549450549476,22.093422038313296
06,037,273403,06037273403,1400000US06037273403,2734.03,Census Tract 2734.03,G5020,S,406431,390278,+33.9918529,-118.4792029,los_angeles,Los Angeles,,,,,,,,,,0.7964379193006064,30.674210526315825,,,,,False,False,False,Missing,False,30.674210526315825,
06,037,232702,06037232702,1400000US06037232702,2327.02,Census Tract 2327.02,G5020,S,453727,0,+33.9924358,-118.2837479,los_angeles,Los Angeles,,,,,,,,,,0.4535212039398304,41.33407276995308,22.093422038313296,-19.240650731639786,22.093422038313292,61.875082282866735,True,False,False,Neither hotspot,False,41.33407276995308,22.093422038313296
06,037,219500,06037219500,1400000US06037219500,2195,Census Tract 2195,G5020,S,557587,0,+34.0209191,-118.3405648,los_angeles,Los Angeles,,,,,,,,,,0.557354075406339,39.570764705882375,22.093422038313296,-17.477342667569083,22.093422038313292,61.875082282866735,True,False,False,Neither hotspot,False,39.570764705882375,22.093422038313296
06,037,219800,06037219800,1400000US06037219800,2198,Census Tract 2198,G5020,S,446134,0,+34.0299390,-118.3547601,los_angeles,Los Angeles,,,,,,,,,,0.4459478566782133,38.43522222222225,21.766237046062113,-16.668985176160138,21.766237046062106,63.00605103202347,True,False,False,Neither hotspot,False,38.43522222222225,21.766237046062113
06,037,220000,06037220000,1400000US06037220000,2200,Census Tract 2200,G5020,S,971788,0,+34.0278406,-118.3401928,los_angeles,Los Angeles,,,,,,,,,,0.9713804263102018,39.512837690631834,22.093422038313296,-17.419415652318538,22.093422038313292,61.875082282866735,True,False,False,Neither hotspot,False,39.512837690631834,22.093422038313296
06,037,220100,06037220100,1400000US06037220100,2201,Census Tract 2201,G5020,S,979773,1590,+34.0239340,-118.3662035,los_angeles,Los Angeles,,,,,,,,,,0.9809614503380994,37.51792323869614,21.696834168917924,-15.821089069778218,21.696834168917917,63.2459534939658,True,False,False,Neither hotspot,True,37.51792323869614,21.696834168917924
06,037,221120,06037221120,1400000US06037221120,2211.20,Census Tract 2211.20,G5020,S,317503,0,+34.0421001,-118.2878972,los_angeles,Los Angeles,,,,,,,,,,0.31735919303395277,41.06758333333337,22.093422038313296,-18.974161295020068,22.093422038313292,61.875082282866735,True,False,False,Neither hotspot,False,41.06758333333337,22.093422038313296
06,037,221210,06037221210,1400000US06037221210,2212.10,Census Tract 2212.10,G5020,S,358791,0,+34.0436624,-118.3028632,los_angeles,Los Angeles,,,,,,,,,,0.3586317383174767,40.3794166666667,22.195295154184564,-18.184121512482136,22.19529515418456,61.1352786239707,True,False,False,Neither hotspot,False,40.3794166666667,22.195295154184564
06,037,221220,06037221220,1400000US06037221220,2212.20,Census Tract 2212.20,G5020,S,659399,0,+34.0435736,-118.2960214,los_angeles,Los Angeles,,,,,,,,,,0.6591047428161353,40.71439236111115,22.19953986734587,-18.514852493765282,22.199539867345862,61.104453471516706,True,False,False,Neither hotspot,False,40.71439236111115,22.19953986734587
06,037,232300,06037232300,1400000US06037232300,2323,Census Tract 2323,G5020,S,628761,0,+33.9974228,-118.2981841,los_angeles,Los Angeles,,,,,,,,,,0.6284813923210087,40.993478260869594,22.093422038313296,-18.9000562225563,22.093422038313292,61.875082282866735,True,False,False,Neither hotspot,False,40.993478260869594,22.093422038313296
06,037,232500,06037232500,1400000US06037232500,2325,Census Tract 2325,G5020,S,767691,0,+33.9920834,-118.3108167,los_angeles,Los Angeles,,,,,,,,,,0.7673546999231774,39.721324786324814,22.093422038313296,-17.627902748011515,22.093422038313292,61.875082282866735,True,False,False,Neither hotspot,False,39.721324786324814,22.093422038313296
06,037,232800,06037232800,1400000US06037232800,2328,Census Tract 2328,G5020,S,426644,0,+33.9923979,-118.2771883,los_angeles,Los Angeles,,,,,,,,,,0.426450876322774,41.702141119221444,22.093422038313296,-19.60871908090815,22.093422038313292,61.875082282866735,True,True,False,LST-only hotspot,False,41.702141119221444,22.093422038313296
06,037,234200,06037234200,1400000US06037234200,2342,Census Tract 2342,G5020,S,882906,0,+34.0164073,-118.3311523,los_angeles,Los Angeles,,,,,,,,,,0.8825269441868463,39.790823970037486,22.093422038313296,-17.69740193172419,22.093422038313292,61.875082282866735,True,False,False,Neither hotspot,False,39.790823970037486,22.093422038313296
06,037,240600,06037240600,1400000US06037240600,2406,Census Tract 2406,G5020,S,675863,0,+33.9469450,-118.2684059,los_angeles,Los Angeles,,,,,,,,,,0.6755483832174233,40.88947619047623,21.65584822747526,-19.23362796300096,21.655848227475257,64.47311296415259,True,False,False,Neither hotspot,False,40.88947619047623,21.65584822747526
06,037,239310,06037239310,1400000US06037239310,2393.10,Census Tract 2393.10,G5020,S,534855,0,+33.9785291,-118.2773062,los_angeles,Los Angeles,,,,,,,,,,0.5346118621861158,41.37666666666669,22.093422038313296,-19.28324462835339,22.093422038313292,61.875082282866735,True,False,False,Neither hotspot,False,41.37666666666669,22.093422038313296
06,037,273404,06037273404,1400000US06037273404,2734.04,Census Tract 2734.04,G5020,S,217040,0,+33.9949909,-118.4776989,los_angeles,Los Angeles,,,,,,,,,,0.21696488084407797,31.508404761904796,,,,,False,False,False,Missing,False,31.508404761904796,
06,037,232401,06037232401,1400000US06037232401,2324.01,Census Tract 2324.01,G5020,S,569689,0,+34.0001927,-118.3082233,los_angeles,Los Angeles,,,,,,,,,,0.569439215634991,40.10098532494762,22.093422038313296,-18.007563286634323,22.093422038313292,61.875082282866735,True,False,False,Neither hotspot,False,40.10098532494762,22.093422038313296
06,037,231902,06037231902,1400000US06037231902,2319.02,Census Tract 2319.02,G5020,S,324078,0,+34.0018080,-118.2792325,los_angeles,Los Angeles,,,,,,,,,,0.3239321010705885,41.77998127340827,22.093422038313296,-19.68655923509497,22.093422038313292,61.875082282866735,True,True,False,LST-only hotspot,False,41.77998127340827,22.093422038313296
06,037,234302,06037234302,1400000US06037234302,2343.02,Census Tract 2343.02,G5020,S,366305,0,+34.0067851,-118.3258096,los_angeles,Los Angeles,,,,,,,,,,0.36614908807835056,38.74612535612538,22.093422038313296,-16.652703317812083,22.093422038313292,61.875082282866735,True,False,False,Neither hotspot,False,38.74612535612538,22.093422038313296
06,037,231602,06037231602,1400000US06037231602,2316.02,Census Tract 2316.02,G5020,S,315013,0,+34.0072718,-118.2980330,los_angeles,Los Angeles,,,,,,,,,,0.3148730952355659,41.3008412698413,22.093422038313296,-19.207419231528007,22.093422038313292,61.875082282866735,True,False,False,Neither hotspot,False,41.3008412698413,22.093422038313296
06,037,236101,06037236101,1400000US06037236101,2361.01,Census Tract 2361.01,G5020,S,632625,0,+34.0147343,-118.3396088,los_angeles,Los Angeles,,,,,,,,,,0.6323558592638833,39.48822638146171,22.093422038313296,-17.394804343148415,22.093422038313292,61.875082282866735,True,False,False,Neither hotspot,False,39.48822638146171,22.093422038313296
06,037,234002,06037234002,1400000US06037234002,2340.02,Census Tract 2340.02,G5020,S,564640,0,+34.0114647,-118.3190195,los_angeles,Los Angeles,,,,,,,,,,0.564393110216659,39.43244186046514,22.093422038313296,-17.339019822151847,22.093422038313292,61.875082282866735,True,False,False,Neither hotspot,False,39.43244186046514,22.093422038313296
06,037,236206,06037236206,1400000US06037236206,2362.06,Census Tract 2362.06,G5020,S,274945,0,+34.0192273,-118.3540683,los_angeles,Los Angeles,,,,,,,,,,0.27483124785560326,37.244111111111145,21.82021706161871,-15.423894049492436,21.820217061618703,62.81946022829055,True,False,False,Neither hotspot,True,37.244111111111145,21.82021706161871
06,037,265701,06037265701,1400000US06037265701,2657.01,Census Tract 2657.01,G5020,S,857712,0,+34.0627353,-118.4220876,los_angeles,Los Angeles,,,,,,,,,,0.8573879541831494,35.380511811023645,22.395122353926983,-12.985389457096666,22.39512235392698,59.306167605666204,True,False,False,Neither hotspot,True,35.380511811023645,22.395122353926983
06,037,216301,06037216301,1400000US06037216301,2163.01,Census Tract 2163.01,G5020,S,563878,0,+34.0611130,-118.3681221,los_angeles,Los Angeles,,,,,,,,,,0.5636499104000159,38.03054580896689,22.395122353926983,-15.635423455039913,22.39512235392698,59.306167605666204,True,False,False,Neither hotspot,True,38.03054580896689,22.395122353926983
06,037,265204,06037265204,1400000US06037265204,2652.04,Census Tract 2652.04,G5020,S,265276,0,+34.0616509,-118.4446082,los_angeles,Los Angeles,,,,,,,,,,0.265180942160624,35.0651612903226,22.395122353926983,-12.670038936395622,22.39512235392698,59.306167605666204,True,False,False,Neither hotspot,True,35.0651612903226,22.395122353926983
06,037,265203,06037265203,1400000US06037265203,2652.03,Census Tract 2652.03,G5020,S,310040,0,+34.0621133,-118.4382515,los_angeles,Los Angeles,,,,,,,,,,0.3099276970197742,35.09659793814436,22.395122353926983,-12.701475584217382,22.39512235392698,59.306167605666204,True,False,False,Neither hotspot,True,35.09659793814436,22.395122353926983
06,037,207711,06037207711,1400000US06037207711,2077.11,Census Tract 2077.11,G5020,S,693947,0,+34.0463506,-118.2647778,los_angeles,Los Angeles,,,,,,,,,,0.6936253187838819,41.105384024577596,22.46273164423678,-18.642652380340817,22.462731644236776,59.19315196797477,True,False,False,Neither hotspot,False,41.105384024577596,22.46273164423678
06,037,209202,06037209202,1400000US06037209202,2092.02,Census Tract 2092.02,G5020,S,243018,0,+34.0554715,-118.2599943,los_angeles,Los Angeles,,,,,,,,,,0.2429045096364258,40.88281531531534,22.772576144121732,-18.110239171193612,22.77257614412173,56.943057890226434,True,False,True,HI-only hotspot,True,40.88281531531534,22.772576144121732
06,037,113239,06037113239,1400000US06037113239,1132.39,Census Tract 1132.39,G5020,S,434252,0,+34.2319904,-118.6004946,los_angeles,Los Angeles,,,,,,,,,,0.4341366165464431,41.137026143790884,21.83585102523586,-19.301175118555015,21.835851025235854,62.58683071116808,True,False,False,Neither hotspot,False,41.137026143790884,21.83585102523586
06,037,113427,06037113427,1400000US06037113427,1134.27,Census Tract 1134.27,G5020,S,252050,7193,+34.2259883,-118.5894957,los_angeles,Los Angeles,,,,,,,,,,0.2591716878189357,42.1682034632035,21.83585102523586,-20.33235243796764,21.835851025235854,62.58683071116808,True,True,False,LST-only hotspot,False,42.1682034632035,21.83585102523586
06,037,226702,06037226702,1400000US06037226702,2267.02,Census Tract 2267.02,G5020,S,406619,0,+34.0170825,-118.2596808,los_angeles,Los Angeles,,,,,,,,,,0.40642862849177414,42.20660156250003,22.093422038313296,-20.11317952418674,22.093422038313292,61.875082282866735,True,True,False,LST-only hotspot,False,42.20660156250003,22.093422038313296
06,037,143402,06037143402,1400000US06037143402,1434.02,Census Tract 1434.02,G5020,S,629351,18831,+34.1546507,-118.4021645,los_angeles,Los Angeles,,,,,,,,,,0.6479308419393521,39.678405797101476,22.624757841359045,-17.05364795574243,22.62475784135904,57.444991316963055,True,False,False,Neither hotspot,False,39.678405797101476,22.624757841359045
06,037,141305,06037141305,1400000US06037141305,1413.05,Census Tract 1413.05,G5020,S,691205,0,+34.1563069,-118.4629615,los_angeles,Los Angeles,,,,,,,,,,0.6909622674948812,39.466028037383204,22.33733891734227,-17.128689120040928,22.337338917342276,59.308384186537744,True,False,False,Neither hotspot,False,39.466028037383204,22.33733891734227
06,037,128703,06037128703,1400000US06037128703,1287.03,Census Tract 1287.03,G5020,S,809339,18542,+34.1620698,-118.4435826,los_angeles,Los Angeles,,,,,,,,,,0.827579115747406,40.51086163522016,22.854393328791108,-17.65646830642905,22.854393328791105,55.583815028259906,True,False,True,HI-only hotspot,True,40.51086163522016,22.854393328791108
06,037,297002,06037297002,1400000US06037297002,2970.02,Census Tract 2970.02,G5020,S,766670,0,+33.7325963,-118.3049776,los_angeles,Los Angeles,,,,,,,,,,0.766332880736291,34.18209855565,,,,,False,False,False,Missing,False,34.18209855565,
06,037,297001,06037297001,1400000US06037297001,2970.01,Census Tract 2970.01,G5020,S,684352,0,+33.7336236,-118.3123901,los_angeles,Los Angeles,,,,,,,,,,0.684052719156146,33.43585435506904,,,,,False,False,False,Missing,False,33.43585435506904,
06,037,276601,06037276601,1400000US06037276601,2766.01,Census Tract 2766.01,G5020,S,2232407,7324,+33.9637725,-118.4345193,los_angeles,Los Angeles,,,,,,,,,,2.2389093293122673,29.838151790216873,21.696834168917924,-8.141317621298953,21.696834168917917,63.2459534939658,True,False,False,Neither hotspot,True,29.838151790216873,21.696834168917924
06,037,277000,06037277000,1400000US06037277000,2770,Census Tract 2770,G5020,S,2298914,0,+33.9713675,-118.4003336,los_angeles,Los Angeles,,,,,,,,,,2.298025701660818,34.542737758945414,21.696834168917924,-12.845903590027488,21.696834168917917,63.2459534939658,True,False,False,Neither hotspot,True,34.542737758945414,21.696834168917924
06,037,271600,06037271600,1400000US06037271600,2716,Census Tract 2716,G5020,S,901115,4341,+34.0210549,-118.4304607,los_angeles,Los Angeles,,,,,,,,,,0.9051230757779507,36.777948255114346,21.696834168917924,-15.081114086196425,21.696834168917917,63.2459534939658,True,False,False,Neither hotspot,True,36.777948255114346,21.696834168917924
06,037,135116,06037135116,1400000US06037135116,1351.16,Census Tract 1351.16,G5020,S,934301,2171,+34.1904437,-118.6036620,los_angeles,Los Angeles,,,,,,,,,,0.9362254007538751,41.50406367041201,21.83585102523586,-19.66821264517615,21.835851025235854,62.58683071116808,True,True,False,LST-only hotspot,False,41.50406367041201,21.83585102523586
06,037,137202,06037137202,1400000US06037137202,1372.02,Census Tract 1372.02,G5020,S,870011,0,+34.1745779,-118.6102569,los_angeles,Los Angeles,,,,,,,,,,0.8697895801202572,40.21277116402119,21.83585102523586,-18.37692013878533,21.835851025235854,62.58683071116808,True,False,False,Neither hotspot,False,40.21277116402119,21.83585102523586
06,037,276606,06037276606,1400000US06037276606,2766.06,Census Tract 2766.06,G5020,S,216888,0,+33.9551349,-118.4383274,los_angeles,Los Angeles,,,,,,,,,,0.21680883190308609,29.797343750000035,21.696834168917924,-8.10050958108211,21.696834168917917,63.2459534939658,True,False,False,Neither hotspot,True,29.797343750000035,21.696834168917924
06,037,269908,06037269908,1400000US06037269908,2699.08,Census Tract 2699.08,G5020,S,167452,0,+34.0296868,-118.4132103,los_angeles,Los Angeles,,,,,,,,,,0.16738798534727922,37.358429487179514,21.696834168917924,-15.661595318261591,21.696834168917917,63.2459534939658,True,False,False,Neither hotspot,True,37.358429487179514,21.696834168917924
06,037,206303,06037206303,1400000US06037206303,2063.03,Census Tract 2063.03,G5020,S,434791,0,+34.0401465,-118.2415808,los_angeles,Los Angeles,,,,,,,,,,0.4345819475869654,42.159105392156896,22.416491735154356,-19.742613657002543,22.416491735154352,61.01142526452512,True,True,False,LST-only hotspot,False,42.159105392156896,22.416491735154356
06,037,267503,06037267503,1400000US06037267503,2675.03,Census Tract 2675.03,G5020,S,197549,0,+34.0424856,-118.4542291,los_angeles,Los Angeles,,,,,,,,,,0.19747899548470899,37.27008333333336,21.696834168917924,-15.891499164415436,21.696834168917917,63.2459534939658,True,False,False,Neither hotspot,False,37.27008333333336,21.696834168917924
06,037,267406,06037267406,1400000US06037267406,2674.06,Census Tract 2674.06,G5020,S,211278,3875,+34.0433912,-118.4640120,los_angeles,Los Angeles,,,,,,,,,,0.2150793156297525,36.30623737373739,,,,,False,False,False,Missing,False,36.30623737373739,
06,037,206053,06037206053,1400000US06037206053,2060.53,Census Tract 2060.53,G5020,S,560000,28207,+34.0437716,-118.2249549,los_angeles,Los Angeles,,,,,,,,,,0.5879219683971141,41.41405303030306,22.52845941249566,-18.8855936178074,22.528459412495653,59.61199095594885,True,False,False,Neither hotspot,False,41.41405303030306,22.52845941249566
06,037,292002,06037292002,1400000US06037292002,2920.02,Census Tract 2920.02,G5020,S,466181,2204,+33.8390639,-118.3033440,los_angeles,Los Angeles,,,,,,,,,,0.4681788285967437,37.9636642156863,20.438854485663853,-17.524809730022447,20.438854485663853,71.0706293286502,True,False,False,Neither hotspot,False,37.9636642156863,20.438854485663853
06,037,141306,06037141306,1400000US06037141306,1413.06,Census Tract 1413.06,G5020,S,599114,0,+34.1506056,-118.4628536,los_angeles,Los Angeles,,,,,,,,,,0.5989047150021849,37.44444444444447,21.782667289955047,-15.661777154489426,21.782667289955043,62.86091820648541,True,False,False,Neither hotspot,True,37.44444444444447,21.782667289955047
06,037,128704,06037128704,1400000US06037128704,1287.04,Census Tract 1287.04,G5020,S,832961,0,+34.1602000,-118.4355988,los_angeles,Los Angeles,,,,,,,,,,0.8326549223101041,40.92130824372763,22.854393328791108,-18.06691491493653,22.854393328791105,55.583815028259906,True,False,True,HI-only hotspot,True,40.92130824372763,22.854393328791108
06,037,139506,06037139506,1400000US06037139506,1395.06,Census Tract 1395.06,G5020,S,182499,0,+34.1680216,-118.5257747,los_angeles,Los Angeles,,,,,,,,,,0.18244240473620815,40.15000000000003,22.400895041313728,-17.7491049586863,22.40089504131373,58.90132299675208,True,False,False,Neither hotspot,False,40.15000000000003,22.400895041313728
06,037,293204,06037293204,1400000US06037293204,2932.04,Census Tract 2932.04,G5020,S,603024,1719,+33.8297185,-118.3026955,los_angeles,Los Angeles,,,,,,,,,,0.6044772497542934,38.46729508196724,20.438854485663853,-18.028440596303383,20.438854485663853,71.0706293286502,True,False,False,Neither hotspot,False,38.46729508196724,20.438854485663853
06,037,275313,06037275313,1400000US06037275313,2753.13,Census Tract 2753.13,G5020,S,969993,7489,+33.9854415,-118.4325112,los_angeles,Los Angeles,,,,,,,,,,0.9771249258916623,33.51804444444448,21.696834168917924,-11.82121027552655,21.696834168917917,63.2459534939658,True,False,False,Neither hotspot,True,33.51804444444448,21.696834168917924
06,037,297502,06037297502,1400000US06037297502,2975.02,Census Tract 2975.02,G5020,S,961341,476,+33.7155921,-118.2963264,los_angeles,Los Angeles,,,,,,,,,,0.9613914576129844,31.972895845876,,,,,False,False,False,Missing,False,31.972895845876,
06,037,261104,06037261104,1400000US06037261104,2611.04,Census Tract 2611.04,G5020,S,4460207,137188,+34.1126013,-118.4072679,los_angeles,Los Angeles,,,,,,,,,,4.595623782633054,32.42762983947123,22.395122353926983,-10.032507485544246,22.39512235392698,59.306167605666204,True,False,False,Neither hotspot,True,32.42762983947123,22.395122353926983
06,037,293206,06037293206,1400000US06037293206,2932.06,Census Tract 2932.06,G5020,S,416865,0,+33.8235380,-118.3035584,los_angeles,Los Angeles,,,,,,,,,,0.41668123487468267,38.471607142857174,20.438854485663853,-18.032752657193317,20.438854485663853,71.0706293286502,True,False,False,Neither hotspot,False,38.471607142857174,20.438854485663853
06,037,293203,06037293203,1400000US06037293203,2932.03,Census Tract 2932.03,G5020,S,463285,2388,+33.8319847,-118.3077452,los_angeles,Los Angeles,,,,,,,,,,0.46546730753394866,38.403807785888105,20.438854485663853,-17.964953300224252,20.438854485663853,71.0706293286502,True,False,False,Neither hotspot,False,38.403807785888105,20.438854485663853
06,037,115204,06037115204,1400000US06037115204,1152.04,Census Tract 1152.04,G5020,S,762004,8775,+34.2441108,-118.5382749,los_angeles,Los Angeles,,,,,,,,,,0.7705433954185166,41.79059163059166,22.400895041313728,-19.38969658927793,22.40089504131373,58.90132299675208,True,True,False,LST-only hotspot,False,41.79059163059166,22.400895041313728
06,037,113324,06037113324,1400000US06037113324,1133.24,Census Tract 1133.24,G5020,S,324461,0,+34.2536130,-118.5863726,los_angeles,Los Angeles,,,,,,,,,,0.3243718933546779,41.5227777777778,22.119981176956852,-19.40279660082095,22.119981176956852,60.09925598714635,True,True,False,LST-only hotspot,False,41.5227777777778,22.119981176956852
06,037,113323,06037113323,1400000US06037113323,1133.23,Census Tract 1133.23,G5020,S,723904,17,+34.2529415,-118.5934782,los_angeles,Los Angeles,,,,,,,,,,0.7237272908976747,40.683951219512224,22.1165161751066,-18.56743504440562,22.1165161751066,60.129592264268574,True,False,False,Neither hotspot,False,40.683951219512224,22.1165161751066
06,037,104823,06037104823,1400000US06037104823,1048.23,Census Tract 1048.23,G5020,S,531333,0,+34.2489652,-118.4130092,los_angeles,Los Angeles,,,,,,,,,,0.5311319080683607,42.85108384458081,22.83668079294822,-20.014403051632595,22.83668079294821,55.408409857608035,True,True,True,Both LST and HI hotspot,False,42.85108384458081,22.83668079294822
06,037,111304,06037111304,1400000US06037111304,1113.04,Census Tract 1113.04,G5020,S,437442,0,+34.2608467,-118.5262266,los_angeles,Los Angeles,,,,,,,,,,0.43730482693652556,40.95026570048312,22.60031635726711,-18.349949343216004,22.600316357267104,55.76673160950213,True,False,False,Neither hotspot,False,40.95026570048312,22.60031635726711
06,037,103202,06037103202,1400000US06037103202,1032.02,Census Tract 1032.02,G5020,S,4738407,0,+34.2749357,-118.3434996,los_angeles,Los Angeles,,,,,,,,,,4.736402121760271,38.46993013297276,22.41728799062456,-16.0526421423482,22.41728799062456,51.79162000574907,True,False,False,Neither hotspot,False,38.46993013297276,22.41728799062456
06,037,101221,06037101221,1400000US06037101221,1012.21,Census Tract 1012.21,G5020,S,354178,0,+34.2543290,-118.2925767,los_angeles,Los Angeles,,,,,,,,,,0.3540168397081217,39.53095015576326,22.334874462735854,-17.196075693027407,22.334874462735854,51.20045038104154,True,False,False,Neither hotspot,False,39.53095015576326,22.334874462735854
06,037,103402,06037103402,1400000US06037103402,1034.02,Census Tract 1034.02,G5020,S,1099115,0,+34.2559405,-118.3083483,los_angeles,Los Angeles,,,,,,,,,,1.0986294184623018,38.469046184738986,22.364504404036385,-16.104541780702604,22.364504404036385,51.31149589233407,True,False,False,Neither hotspot,False,38.469046184738986,22.364504404036385
06,037,125102,06037125102,1400000US06037125102,1251.02,Census Tract 1251.02,G5020,S,648895,0,+34.1612478,-118.3921188,los_angeles,Los Angeles,,,,,,,,,,0.6486381218485703,40.7571527777778,22.854393328791108,-17.902759448986696,22.854393328791105,55.583815028259906,True,False,True,HI-only hotspot,True,40.7571527777778,22.854393328791108
06,037,125404,06037125404,1400000US06037125404,1254.04,Census Tract 1254.04,G5020,S,229451,0,+34.1622827,-118.3724264,los_angeles,Los Angeles,,,,,,,,,,0.2293586645854697,40.960788288288306,22.854393328791108,-18.106394959497205,22.854393328791105,55.583815028259906,True,False,True,HI-only hotspot,True,40.960788288288306,22.854393328791108
06,037,137203,06037137203,1400000US06037137203,1372.03,Census Tract 1372.03,G5020,S,1120826,3350,+34.1739496,-118.6178069,los_angeles,Los Angeles,,,,,,,,,,1.1238921760437044,40.02236947791168,21.83585102523586,-18.18651845267582,21.835851025235854,62.58683071116808,True,False,False,Neither hotspot,False,40.02236947791168,21.83585102523586
06,037,125101,06037125101,1400000US06037125101,1251.01,Census Tract 1251.01,G5020,S,649784,0,+34.1685095,-118.3921314,los_angeles,Los Angeles,,,,,,,,,,0.6495260611699496,41.268963963964,22.854393328791108,-18.414570635172886,22.854393328791105,55.583815028259906,True,False,True,HI-only hotspot,True,41.268963963964,22.854393328791108
06,037,125403,06037125403,1400000US06037125403,1254.03,Census Tract 1254.03,G5020,S,168331,0,+34.1630480,-118.3768649,los_angeles,Los Angeles,,,,,,,,,,0.1682629694224068,41.158625730994174,22.854393328791108,-18.30423240220307,22.854393328791105,55.583815028259906,True,False,True,HI-only hotspot,True,41.158625730994174,22.854393328791108
06,037,125321,06037125321,1400000US06037125321,1253.21,Census Tract 1253.21,G5020,S,259269,0,+34.1667044,-118.3650522,los_angeles,Los Angeles,,,,,,,,,,0.25916116742217105,41.40522222222225,22.854393328791108,-18.550828893431138,22.854393328791105,55.583815028259906,True,False,True,HI-only hotspot,True,41.40522222222225,22.854393328791108
06,037,125322,06037125322,1400000US06037125322,1253.22,Census Tract 1253.22,G5020,S,373214,0,+34.1666571,-118.3737667,los_angeles,Los Angeles,,,,,,,,,,0.37306063999495626,41.413708708708725,22.854393328791108,-18.559315379917624,22.854393328791105,55.583815028259906,True,False,True,HI-only hotspot,True,41.413708708708725,22.854393328791108
06,037,139505,06037139505,1400000US06037139505,1395.05,Census Tract 1395.05,G5020,S,169222,0,+34.1675296,-118.5231656,los_angeles,Los Angeles,,,,,,,,,,0.1691699571949516,40.65190972222226,22.400895041313728,-18.251014680908522,22.40089504131373,58.90132299675208,True,False,False,Neither hotspot,False,40.65190972222226,22.400895041313728
06,037,133101,06037133101,1400000US06037133101,1331.01,Census Tract 1331.01,G5020,S,659977,3851,+34.1844588,-118.5504885,los_angeles,Los Angeles,,,,,,,,,,0.6636293523634704,41.39333333333337,22.24021901778448,-19.15311431554889,22.24021901778448,59.949334669097865,True,False,False,Neither hotspot,False,41.39333333333337,22.24021901778448
06,037,133102,06037133102,1400000US06037133102,1331.02,Census Tract 1331.02,G5020,S,851344,4863,+34.1852327,-118.5382043,los_angeles,Los Angeles,,,,,,,,,,0.8559483219686087,41.34751537515378,22.400895041313728,-18.946620333840055,22.40089504131373,58.90132299675208,True,False,False,Neither hotspot,False,41.34751537515378,22.400895041313728
06,037,131024,06037131024,1400000US06037131024,1310.24,Census Tract 1310.24,G5020,S,844901,11039,+34.1966625,-118.5394960,los_angeles,Los Angeles,,,,,,,,,,0.8556776116379284,42.05517412935327,22.400895041313728,-19.65427908803954,22.40089504131373,58.90132299675208,True,True,False,LST-only hotspot,False,42.05517412935327,22.400895041313728
06,037,134801,06037134801,1400000US06037134801,1348.01,Census Tract 1348.01,G5020,S,914090,10131,+34.1964858,-118.5762862,los_angeles,Los Angeles,,,,,,,,,,0.9239617558223937,42.44839721254358,21.83585102523586,-20.612546187307718,21.835851025235854,62.58683071116808,True,True,False,LST-only hotspot,False,42.44839721254358,21.83585102523586
06,037,134802,06037134802,1400000US06037134802,1348.02,Census Tract 1348.02,G5020,S,945130,5060,+34.1948909,-118.5657988,los_angeles,Los Angeles,,,,,,,,,,0.9499178554875543,42.233487348734904,21.83585102523586,-20.397636323499047,21.835851025235854,62.58683071116808,True,True,False,LST-only hotspot,False,42.233487348734904,21.83585102523586
06,037,131802,06037131802,1400000US06037131802,1318.02,Census Tract 1318.02,G5020,S,659267,0,+34.2047052,-118.5229569,los_angeles,Los Angeles,,,,,,,,,,0.659055727345725,41.88763440860218,22.400895041313728,-19.486739367288457,22.40089504131373,58.90132299675208,True,True,False,LST-only hotspot,False,41.88763440860218,22.400895041313728
06,037,131022,06037131022,1400000US06037131022,1310.22,Census Tract 1310.22,G5020,S,498571,5662,+34.2111048,-118.5382470,los_angeles,Los Angeles,,,,,,,,,,0.5040804896338913,41.54500000000003,22.400895041313728,-19.144104958686302,22.40089504131373,58.90132299675208,True,True,False,LST-only hotspot,False,41.54500000000003,22.400895041313728
06,037,113424,06037113424,1400000US06037113424,1134.24,Census Tract 1134.24,G5020,S,1741131,0,+34.2284455,-118.5610661,los_angeles,Los Angeles,,,,,,,,,,1.7406238249190638,42.309899267399295,21.83585102523586,-20.47404824216344,21.835851025235854,62.58683071116808,True,True,False,LST-only hotspot,False,42.309899267399295,21.83585102523586
06,037,119802,06037119802,1400000US06037119802,1198.02,Census Tract 1198.02,G5020,S,626783,2975,+34.2329132,-118.4291943,los_angeles,Los Angeles,,,,,,,,,,0.6295233387980451,43.105833333333365,22.854393328791108,-20.251440004542257,22.854393328791105,55.583815028259906,True,True,True,Both LST and HI hotspot,False,43.105833333333365,22.854393328791108
06,037,293205,06037293205,1400000US06037293205,2932.05,Census Tract 2932.05,G5020,S,635542,0,+33.8183565,-118.3038904,los_angeles,Los Angeles,,,,,,,,,,0.6352621832566061,38.60417962003457,20.438854485663853,-18.16532513437072,20.438854485663853,71.0706293286502,True,False,False,Neither hotspot,False,38.60417962003457,20.438854485663853
06,037,224702,06037224702,1400000US06037224702,2247.02,Census Tract 2247.02,G5020,S,395566,0,+34.0248596,-118.2796034,los_angeles,Los Angeles,,,,,,,,,,0.39538711080977396,40.386214689265564,22.093422038313296,-18.292792650952265,22.093422038313292,61.875082282866735,True,False,False,Neither hotspot,False,40.386214689265564,22.093422038313296
06,037,270102,06037270102,1400000US06037270102,2701.02,Census Tract 2701.02,G5020,S,196322,0,+34.0256717,-118.3983188,los_angeles,Los Angeles,,,,,,,,,,0.1962462774771423,38.21333333333336,21.696834168917924,-16.516499164415436,21.696834168917917,63.2459534939658,True,False,False,Neither hotspot,False,38.21333333333336,21.696834168917924
06,037,271703,06037271703,1400000US06037271703,2717.03,Census Tract 2717.03,G5020,S,453321,0,+34.0229895,-118.4150805,los_angeles,Los Angeles,,,,,,,,,,0.4531503383462901,37.07609489051098,21.696834168917924,-15.379260721593058,21.696834168917917,63.2459534939658,True,False,False,Neither hotspot,True,37.07609489051098,21.696834168917924
06,037,269909,06037269909,1400000US06037269909,2699.09,Census Tract 2699.09,G5020,S,169898,0,+34.0259582,-118.4105667,los_angeles,Los Angeles,,,,,,,,,,0.16983371267205183,37.7016666666667,21.696834168917924,-16.00483249774878,21.696834168917917,63.2459534939658,True,False,False,Neither hotspot,False,37.7016666666667,21.696834168917924
06,037,271704,06037271704,1400000US06037271704,2717.04,Census Tract 2717.04,G5020,S,543743,0,+34.0288890,-118.4195622,los_angeles,Los Angeles,,,,,,,,,,0.5435363081542046,37.017122153209144,21.696834168917924,-15.320287984291213,21.696834168917917,63.2459534939658,True,False,False,Neither hotspot,True,37.017122153209144,21.696834168917924
06,037,206301,06037206301,1400000US06037206301,2063.01,Census Tract 2063.01,G5020,S,135445,0,+34.0436632,-118.2476235,los_angeles,Los Angeles,,,,,,,,,,0.1353813485608884,41.51666666666669,22.416491735154356,-19.10017493151233,22.416491735154352,61.01142526452512,True,True,False,LST-only hotspot,False,41.51666666666669,22.416491735154356
06,037,207901,06037207901,1400000US06037207901,2079.01,Census Tract 2079.01,G5020,S,203283,0,+34.0429141,-118.2641664,los_angeles,Los Angeles,,,,,,,,,,0.2031886392865816,41.15696721311478,22.093422038313296,-19.063545174801483,22.093422038313292,61.875082282866735,True,False,False,Neither hotspot,False,41.15696721311478,22.093422038313296
06,037,264306,06037264306,1400000US06037264306,2643.06,Census Tract 2643.06,G5020,S,356643,0,+34.0453339,-118.4691329,los_angeles,Los Angeles,,,,,,,,,,0.356520474926673,34.7558702064897,21.782667289955047,-11.405110487822762,21.782667289955043,62.86091820648541,True,False,False,Neither hotspot,True,34.7558702064897,21.782667289955047
06,037,206202,06037206202,1400000US06037206202,2062.02,Census Tract 2062.02,G5020,S,377893,0,+34.0467318,-118.2403201,los_angeles,Los Angeles,,,,,,,,,,0.3777117350871329,40.945028248587604,22.65100607702175,-18.29402217156585,22.651006077021744,58.080334581434265,True,False,False,Neither hotspot,False,40.945028248587604,22.65100607702175
06,037,267202,06037267202,1400000US06037267202,2672.02,Census Tract 2672.02,G5020,S,575907,0,+34.0470561,-118.4339786,los_angeles,Los Angeles,,,,,,,,,,0.5756954314266766,36.81145009416199,22.166304756579382,-14.645145337582607,22.166304756579375,60.59717089109771,True,False,False,Neither hotspot,True,36.81145009416199,22.166304756579382
06,037,207712,06037207712,1400000US06037207712,2077.12,Census Tract 2077.12,G5020,S,407275,0,+34.0477448,-118.2564092,los_angeles,Los Angeles,,,,,,,,,,0.40708490386401897,40.803387096774216,22.594511154891766,-18.208875941882454,22.594511154891762,58.144152645195724,True,False,False,Neither hotspot,False,40.803387096774216,22.594511154891766
06,037,207308,06037207308,1400000US06037207308,2073.08,Census Tract 2073.08,G5020,S,45914,0,+34.0446014,-118.2506539,los_angeles,Los Angeles,,,,,,,,,,0.045892853142040196,41.51666666666669,22.416491735154356,-19.10017493151233,22.416491735154352,61.01142526452512,True,True,False,LST-only hotspot,False,41.51666666666669,22.416491735154356
06,037,206052,06037206052,1400000US06037206052,2060.52,Census Tract 2060.52,G5020,S,907764,16638,+34.0477555,-118.2332714,los_angeles,Los Angeles,,,,,,,,,,0.9239592945364093,40.45261484098942,22.70836026449633,-17.74425457649309,22.708360264496324,57.36349004559749,True,False,False,Neither hotspot,False,40.45261484098942,22.70836026449633
06,037,206302,06037206302,1400000US06037206302,2063.02,Census Tract 2063.02,G5020,S,46422,0,+34.0426955,-118.2456376,los_angeles,Los Angeles,,,,,,,,,,0.046400153508535893,41.66833333333336,22.416491735154356,-19.251841598179002,22.416491735154352,61.01142526452512,True,True,False,LST-only hotspot,False,41.66833333333336,22.416491735154356
06,037,206201,06037206201,1400000US06037206201,2062.01,Census Tract 2062.01,G5020,S,200835,0,+34.0474873,-118.2440019,los_angeles,Los Angeles,,,,,,,,,,0.20074001029931945,40.41757575757579,22.74683608816132,-17.67073966941447,22.746836088161313,56.88259780092423,True,False,False,Neither hotspot,False,40.41757575757579,22.74683608816132
06,037,271803,06037271803,1400000US06037271803,2718.03,Census Tract 2718.03,G5020,S,228595,0,+34.0194715,-118.4103492,los_angeles,Los Angeles,,,,,,,,,,0.2285084602987244,37.32253521126764,21.696834168917924,-15.62570104234972,21.696834168917917,63.2459534939658,True,False,False,Neither hotspot,True,37.32253521126764,21.696834168917924
06,037,216901,06037216901,1400000US06037216901,2169.01,Census Tract 2169.01,G5020,S,703173,0,+34.0475565,-118.3635867,los_angeles,Los Angeles,,,,,,,,,,0.7028832625180921,38.76163690476193,22.148851074392535,-16.612785830369393,22.148851074392528,60.69564566448614,True,False,False,Neither hotspot,False,38.76163690476193,22.148851074392535
06,037,207305,06037207305,1400000US06037207305,2073.05,Census Tract 2073.05,G5020,S,202772,0,+34.0494280,-118.2496616,los_angeles,Los Angeles,,,,,,,,,,0.20267739337068716,40.08924731182798,22.815487054822196,-17.273760257005787,22.81548705482219,56.02455983547365,True,False,True,HI-only hotspot,True,40.08924731182798,22.815487054822196
06,037,265524,06037265524,1400000US06037265524,2655.24,Census Tract 2655.24,G5020,S,429281,0,+34.0508537,-118.4453248,los_angeles,Los Angeles,,,,,,,,,,0.4291239527339057,36.06013784461156,22.395122353926983,-13.665015490684585,22.39512235392698,59.306167605666204,True,False,False,Neither hotspot,True,36.06013784461156,22.395122353926983
06,037,203601,06037203601,1400000US06037203601,2036.01,Census Tract 2036.01,G5020,S,329988,0,+34.0516727,-118.2082016,los_angeles,Los Angeles,,,,,,,,,,0.32982746137383767,40.94225490196082,22.835774952432423,-18.106479949528396,22.835774952432416,55.77099040687782,True,False,True,HI-only hotspot,True,40.94225490196082,22.835774952432423
06,037,207306,06037207306,1400000US06037207306,2073.06,Census Tract 2073.06,G5020,S,161373,0,+34.0488584,-118.2464257,los_angeles,Los Angeles,,,,,,,,,,0.16129852755882446,40.016666666666694,22.835774952432423,-17.18089171423427,22.835774952432416,55.77099040687782,True,False,True,HI-only hotspot,True,40.016666666666694,22.835774952432423
06,037,264304,06037264304,1400000US06037264304,2643.04,Census Tract 2643.04,G5020,S,203711,0,+34.0505183,-118.4624275,los_angeles,Los Angeles,,,,,,,,,,0.2036379251337563,33.43770833333336,21.782667289955047,-11.655041043378315,21.782667289955043,62.86091820648541,True,False,False,Neither hotspot,True,33.43770833333336,21.782667289955047
06,037,206054,06037206054,1400000US06037206054,2060.54,Census Tract 2060.54,G5020,S,397066,21680,+34.0486658,-118.2254588,los_angeles,Los Angeles,,,,,,,,,,0.41854182140425716,39.96526881720433,22.835774952432423,-17.129493864771902,22.835774952432416,55.77099040687782,True,False,True,HI-only hotspot,True,39.96526881720433,22.835774952432423
06,037,267101,06037267101,1400000US06037267101,2671.01,Census Tract 2671.01,G5020,S,484394,0,+34.0507910,-118.4279971,los_angeles,Los Angeles,,,,,,,,,,0.484214831393184,36.742312925170104,22.395122353926983,-14.347190571243116,22.39512235392698,59.306167605666204,True,False,False,Neither hotspot,True,36.742312925170104,22.395122353926983
06,037,203602,06037203602,1400000US06037203602,2036.02,Census Tract 2036.02,G5020,S,223414,0,+34.0508472,-118.2114522,los_angeles,Los Angeles,,,,,,,,,,0.22330393087329148,40.804523809523836,22.835774952432423,-17.96874885709141,22.835774952432416,55.77099040687782,True,False,True,HI-only hotspot,True,40.804523809523836,22.835774952432423
06,037,270101,06037270101,1400000US06037270101,2701.01,Census Tract 2701.01,G5020,S,374512,0,+34.0282202,-118.3947356,los_angeles,Los Angeles,,,,,,,,,,0.3743642020917028,38.015098870056526,21.696834168917924,-16.318264701138606,21.696834168917917,63.2459534939658,True,False,False,Neither hotspot,False,38.015098870056526,21.696834168917924
06,037,226701,06037226701,1400000US06037226701,2267.01,Census Tract 2267.01,G5020,S,376108,0,+34.0176396,-118.2647766,los_angeles,Los Angeles,,,,,,,,,,0.37593206946263935,41.671318840579744,22.093422038313296,-19.577896802266448,22.093422038313292,61.875082282866735,True,True,False,LST-only hotspot,False,41.671318840579744,22.093422038313296
06,037,224701,06037224701,1400000US06037224701,2247.01,Census Tract 2247.01,G5020,S,235489,0,+34.0286296,-118.2806701,los_angeles,Los Angeles,,,,,,,,,,0.23538154231973674,40.626963470319666,22.093422038313296,-18.53354143200637,22.093422038313292,61.875082282866735,True,False,False,Neither hotspot,False,40.626963470319666,22.093422038313296
06,037,267201,06037267201,1400000US06037267201,2672.01,Census Tract 2672.01,G5020,S,599858,0,+34.0443021,-118.4402893,los_angeles,Los Angeles,,,,,,,,,,0.5996364306241416,37.252327898550746,21.863816126202696,-15.388511772348048,21.86381612620269,62.303830781546324,True,False,False,Neither hotspot,True,37.252327898550746,21.863816126202696
06,037,267405,06037267405,1400000US06037267405,2674.05,Census Tract 2674.05,G5020,S,213687,0,+34.0412046,-118.4672574,los_angeles,Los Angeles,,,,,,,,,,0.21361217517677233,36.230974358974386,,,,,False,False,False,Missing,False,36.230974358974386,
06,037,207303,06037207303,1400000US06037207303,2073.03,Census Tract 2073.03,G5020,S,177016,0,+34.0432917,-118.2538919,los_angeles,Los Angeles,,,,,,,,,,0.17693333545746315,41.30212121212123,22.27551586744189,-19.02660534467934,22.27551586744189,61.38829378161964,True,False,False,Neither hotspot,False,41.30212121212123,22.27551586744189
06,037,207902,06037207902,1400000US06037207902,2079.02,Census Tract 2079.02,G5020,S,699776,0,+34.0398342,-118.2590061,los_angeles,Los Angeles,,,,,,,,,,0.699450318517429,41.12329439252339,22.10248006719669,-19.0208143253267,22.102480067196687,61.8508676001095,True,False,False,Neither hotspot,False,41.12329439252339,22.10248006719669
06,037,267504,06037267504,1400000US06037267504,2675.04,Census Tract 2675.04,G5020,S,256302,0,+34.0404490,-118.4574873,los_angeles,Los Angeles,,,,,,,,,,0.25621107301143686,37.25333333333336,,,,,False,False,False,Missing,False,37.25333333333336,
06,037,264305,06037264305,1400000US06037264305,2643.05,Census Tract 2643.05,G5020,S,1345942,0,+34.0476827,-118.4788954,los_angeles,Los Angeles,,,,,,,,,,1.3454832099204495,32.3383772981615,21.782667289955047,-10.082143435597029,21.782667289955043,62.86091820648541,True,False,False,Neither hotspot,True,32.3383772981615,21.782667289955047
06,037,141500,06037141500,1400000US06037141500,1415,Census Tract 1415,G5020,S,3275159,0,+34.1405622,-118.4787549,los_angeles,Los Angeles,,,,,,,,,,3.2740417637993384,36.34914601916091,21.782667289955047,-14.566478729205873,21.782667289955043,62.86091820648541,True,False,False,Neither hotspot,True,36.34914601916091,21.782667289955047
06,037,209201,06037209201,1400000US06037209201,2092.01,Census Tract 2092.01,G5020,S,168180,0,+34.0523851,-118.2626532,los_angeles,Los Angeles,,,,,,,,,,0.16810136357343164,41.07205882352944,22.772576144121732,-18.299482679407706,22.77257614412173,56.943057890226434,True,False,True,HI-only hotspot,True,41.07205882352944,22.772576144121732
06,037,264303,06037264303,1400000US06037264303,2643.03,Census Tract 2643.03,G5020,S,216455,0,+34.0514491,-118.4660451,los_angeles,Los Angeles,,,,,,,,,,0.21638022732156267,33.2716666666667,21.782667289955047,-11.48899937671165,21.782667289955043,62.86091820648541,True,False,False,Neither hotspot,True,33.2716666666667,21.782667289955047
06,037,217102,06037217102,1400000US06037217102,2171.02,Census Tract 2171.02,G5020,S,501915,0,+34.0508918,-118.3537896,los_angeles,Los Angeles,,,,,,,,,,0.5017061596862158,38.72774834437089,22.540104604465363,-16.18764373990552,22.54010460446536,58.398483079205896,True,False,False,Neither hotspot,False,38.72774834437089,22.540104604465363
06,037,265523,06037265523,1400000US06037265523,2655.23,Census Tract 2655.23,G5020,S,338474,0,+34.0520292,-118.4386950,los_angeles,Los Angeles,,,,,,,,,,0.3383505170504071,36.263333333333364,22.395122353926983,-13.868210979406381,22.39512235392698,59.306167605666204,True,False,False,Neither hotspot,True,36.263333333333364,22.395122353926983
06,037,216902,06037216902,1400000US06037216902,2169.02,Census Tract 2169.02,G5020,S,391386,0,+34.0542120,-118.3622486,los_angeles,Los Angeles,,,,,,,,,,0.3912244023885666,38.55535014005605,22.395122353926983,-16.16022778612907,22.39512235392698,59.306167605666204,True,False,False,Neither hotspot,False,38.55535014005605,22.395122353926983
06,037,216202,06037216202,1400000US06037216202,2162.02,Census Tract 2162.02,G5020,S,502543,0,+34.0550334,-118.3487365,los_angeles,Los Angeles,,,,,,,,,,0.502335157326662,38.482473794549286,22.74646298882524,-15.736010805724051,22.746462988825233,57.10654346802415,True,False,False,Neither hotspot,True,38.482473794549286,22.74646298882524
06,037,265522,06037265522,1400000US06037265522,2655.22,Census Tract 2655.22,G5020,S,252474,0,+34.0563691,-118.4414877,los_angeles,Los Angeles,,,,,,,,,,0.25238461838197424,35.45127705627709,22.395122353926983,-13.056154702350108,22.39512235392698,59.306167605666204,True,False,False,Neither hotspot,True,35.45127705627709,22.395122353926983
06,037,216302,06037216302,1400000US06037216302,2163.02,Census Tract 2163.02,G5020,S,708984,0,+34.0590623,-118.3575091,los_angeles,Los Angeles,,,,,,,,,,0.7086922482672091,38.17221251819509,22.408308512536404,-15.763904005658683,22.408308512536404,59.22361355447181,True,False,False,Neither hotspot,True,38.17221251819509,22.408308512536404
06,037,209105,06037209105,1400000US06037209105,2091.05,Census Tract 2091.05,G5020,S,83227,0,+34.0576485,-118.2677496,los_angeles,Los Angeles,,,,,,,,,,0.08318822925355124,40.88333333333336,22.772576144121732,-18.11075718921163,22.77257614412173,56.943057890226434,True,False,True,HI-only hotspot,True,40.88333333333336,22.772576144121732
06,037,208001,06037208001,1400000US06037208001,2080.01,Census Tract 2080.01,G5020,S,575976,0,+34.0605441,-118.2552847,los_angeles,Los Angeles,,,,,,,,,,0.5757067570651946,40.72074906367044,22.79636445960946,-17.92438460406098,22.796364459609457,56.50188642177498,True,False,True,HI-only hotspot,True,40.72074906367044,22.79636445960946
06,037,216201,06037216201,1400000US06037216201,2162.01,Census Tract 2162.01,G5020,S,461879,0,+34.0593993,-118.3477029,los_angeles,Los Angeles,,,,,,,,,,0.4616812659711058,38.3111642156863,22.769800748605594,-15.541363467080707,22.76980074860559,56.96043369695761,True,False,False,Neither hotspot,True,38.3111642156863,22.769800748605594
06,037,265307,06037265307,1400000US06037265307,2653.07,Census Tract 2653.07,G5020,S,217570,0,+34.0613919,-118.4490612,los_angeles,Los Angeles,,,,,,,,,,0.21749101325447762,34.93765625000002,22.3664135228033,-12.571242727196726,22.366413522803295,59.47279654007961,True,False,False,Neither hotspot,True,34.93765625000002,22.3664135228033
06,037,214505,06037214505,1400000US06037214505,2145.05,Census Tract 2145.05,G5020,S,124378,0,+34.0689566,-118.3506352,los_angeles,Los Angeles,,,,,,,,,,0.12432493481038272,38.453252032520346,22.662101864064734,-15.791150168455614,22.662101864064727,57.63469975816004,True,False,False,Neither hotspot,True,38.453252032520346,22.662101864064734
06,037,199801,06037199801,1400000US06037199801,1998.01,Census Tract 1998.01,G5020,S,345036,0,+34.0693157,-118.2109573,los_angeles,Los Angeles,,,,,,,,,,0.34486656436257146,40.28166666666669,22.835774952432423,-17.445891714234264,22.835774952432416,55.77099040687782,True,False,True,HI-only hotspot,True,40.28166666666669,22.835774952432423
06,037,265702,06037265702,1400000US06037265702,2657.02,Census Tract 2657.02,G5020,S,375386,0,+34.0642617,-118.4273369,los_angeles,Los Angeles,,,,,,,,,,0.37524587513292507,35.194545454545484,22.395122353926983,-12.799423100618498,22.39512235392698,59.306167605666204,True,False,False,Neither hotspot,True,35.194545454545484,22.395122353926983
06,037,265306,06037265306,1400000US06037265306,2653.06,Census Tract 2653.06,G5020,S,93246,0,+34.0657336,-118.4489319,los_angeles,Los Angeles,,,,,,,,,,0.09321289152858453,33.97959770114945,22.395122353926983,-11.584475347222472,22.39512235392698,59.306167605666204,True,False,False,Neither hotspot,True,33.97959770114945,22.395122353926983
06,037,214504,06037214504,1400000US06037214504,2145.04,Census Tract 2145.04,G5020,S,133811,0,+34.0671209,-118.3501895,los_angeles,Los Angeles,,,,,,,,,,0.13375579095249754,38.596666666666685,22.772576144121732,-15.824090522544953,22.77257614412173,56.943057890226434,True,False,True,HI-only hotspot,True,38.596666666666685,22.772576144121732
06,037,199802,06037199802,1400000US06037199802,1998.02,Census Tract 1998.02,G5020,S,306222,0,+34.0721667,-118.2096449,los_angeles,Los Angeles,,,,,,,,,,0.3060723721495902,40.09388888888892,22.835774952432423,-17.25811393645649,22.835774952432416,55.77099040687782,True,False,True,HI-only hotspot,True,40.09388888888892,22.835774952432423
06,037,208002,06037208002,1400000US06037208002,2080.02,Census Tract 2080.02,G5020,S,395184,0,+34.0655189,-118.2571976,los_angeles,Los Angeles,,,,,,,,,,0.39499829002045583,40.788488700565,22.779003141577057,-18.009485558987944,22.779003141577046,56.82386458683506,True,False,True,HI-only hotspot,True,40.788488700565,22.779003141577057
06,037,211124,06037211124,1400000US06037211124,2111.24,Census Tract 2111.24,G5020,S,395043,0,+34.0663331,-118.2880332,los_angeles,Los Angeles,,,,,,,,,,0.39486318981979446,40.3116666666667,22.772576144121732,-17.53909052254497,22.77257614412173,56.943057890226434,True,False,True,HI-only hotspot,True,40.3116666666667,22.772576144121732
06,037,199002,06037199002,1400000US06037199002,1990.02,Census Tract 1990.02,G5020,S,1282802,62385,+34.0800545,-118.2197173,los_angeles,Los Angeles,,,,,,,,,,1.3445273660273052,38.25055821371614,22.835774952432423,-15.41478326128371,22.835774952432416,55.77099040687782,True,False,True,HI-only hotspot,True,38.25055821371614,22.835774952432423
06,037,214903,06037214903,1400000US06037214903,2149.03,Census Tract 2149.03,G5020,S,136477,0,+34.0742469,-118.3891907,los_angeles,Los Angeles,,,,,,,,,,0.13642195053480452,35.53239837398377,22.395122353926983,-13.137276020056785,22.39512235392698,59.306167605666204,True,False,False,Neither hotspot,True,35.53239837398377,22.395122353926983
06,037,214904,06037214904,1400000US06037214904,2149.04,Census Tract 2149.04,G5020,S,176200,0,+34.0743077,-118.3857264,los_angeles,Los Angeles,,,,,,,,,,0.1761301467570112,36.09250000000003,22.395122353926983,-13.697377646073049,22.39512235392698,59.306167605666204,True,False,False,Neither hotspot,True,36.09250000000003,22.395122353926983
06,037,217101,06037217101,1400000US06037217101,2171.01,Census Tract 2171.01,G5020,S,395918,0,+34.0465241,-118.3554675,los_angeles,Los Angeles,,,,,,,,,,0.3957562019098692,38.889422572178496,22.225735064150367,-16.66368750802814,22.22573506415036,60.28414271919372,True,False,False,Neither hotspot,False,38.889422572178496,22.225735064150367
06,037,207304,06037207304,1400000US06037207304,2073.04,Census Tract 2073.04,G5020,S,50317,0,+34.0463014,-118.2514975,los_angeles,Los Angeles,,,,,,,,,,0.05029384091136268,40.65952380952383,22.656082145027536,-18.003441664496297,22.656082145027533,58.01689106015523,True,False,False,Neither hotspot,False,40.65952380952383,22.656082145027536
06,037,192420,06037192420,1400000US06037192420,1924.20,Census Tract 1924.20,G5020,S,324905,0,+34.0798800,-118.3113323,los_angeles,Los Angeles,,,,,,,,,,0.32476073052207294,38.82092391304351,22.772576144121732,-16.048347768921776,22.77257614412173,56.943057890226434,True,False,True,HI-only hotspot,True,38.82092391304351,22.772576144121732
06,037,221302,06037221302,1400000US06037221302,2213.02,Census Tract 2213.02,G5020,S,462145,0,+34.0417457,-118.3114921,los_angeles,Los Angeles,,,,,,,,,,0.46194225533369754,40.35727619047622,22.093422038313296,-18.263854152162928,22.093422038313292,61.875082282866735,True,False,False,Neither hotspot,False,40.35727619047622,22.093422038313296
06,037,231500,06037231500,1400000US06037231500,2315,Census Tract 2315,G5020,S,919207,0,+34.0072777,-118.3108266,los_angeles,Los Angeles,,,,,,,,,,0.9188009316659652,39.9903962703963,22.093422038313296,-17.896974232083004,22.093422038313292,61.875082282866735,True,False,False,Neither hotspot,False,39.9903962703963,22.093422038313296
06,037,267102,06037267102,1400000US06037267102,2671.02,Census Tract 2671.02,G5020,S,619564,0,+34.0539673,-118.4218545,los_angeles,Los Angeles,,,,,,,,,,0.6193297920521185,36.53676215277781,22.395122353926983,-14.141639798850827,22.39512235392698,59.306167605666204,True,False,False,Neither hotspot,True,36.53676215277781,22.395122353926983
06,037,209106,06037209106,1400000US06037209106,2091.06,Census Tract 2091.06,G5020,S,221625,0,+34.0542615,-118.2674354,los_angeles,Los Angeles,,,,,,,,,,0.22152137478366055,41.25199004975127,22.772576144121732,-18.47941390562954,22.77257614412173,56.943057890226434,True,False,True,HI-only hotspot,True,41.25199004975127,22.772576144121732
06,037,207307,06037207307,1400000US06037207307,2073.07,Census Tract 2073.07,G5020,S,48861,0,+34.0460010,-118.2492681,los_angeles,Los Angeles,,,,,,,,,,0.04883812956669524,40.87380952380955,22.596184542559243,-18.277624981250305,22.596184542559236,58.765524611247706,True,False,False,Neither hotspot,False,40.87380952380955,22.596184542559243
06,037,190702,06037190702,1400000US06037190702,1907.02,Census Tract 1907.02,G5020,S,200007,0,+34.0961818,-118.3359195,los_angeles,Los Angeles,,,,,,,,,,0.19992190929558962,39.23137931034486,22.772576144121732,-16.458803166223127,22.77257614412173,56.943057890226434,True,False,True,HI-only hotspot,True,39.23137931034486,22.772576144121732
06,037,189801,06037189801,1400000US06037189801,1898.01,Census Tract 1898.01,G5020,S,410739,0,+34.0984761,-118.3613392,los_angeles,Los Angeles,,,,,,,,,,0.4105699091053607,36.5462830687831,22.395122353926983,-14.151160714856115,22.39512235392698,59.306167605666204,True,False,False,Neither hotspot,True,36.5462830687831,22.395122353926983
06,037,190701,06037190701,1400000US06037190701,1907.01,Census Tract 1907.01,G5020,S,442507,0,+34.0997840,-118.3326563,los_angeles,Los Angeles,,,,,,,,,,0.44231803490771715,38.737278645833364,22.772576144121732,-15.964702501711633,22.77257614412173,56.943057890226434,True,False,True,HI-only hotspot,True,38.737278645833364,22.772576144121732
06,037,190101,06037190101,1400000US06037190101,1901.01,Census Tract 1901.01,G5020,S,224370,0,+34.1024648,-118.3423064,los_angeles,Los Angeles,,,,,,,,,,0.22427561390883458,36.652826086956544,22.772576144121732,-13.88024994283481,22.77257614412173,56.943057890226434,True,False,True,HI-only hotspot,True,36.652826086956544,22.772576144121732
06,037,189802,06037189802,1400000US06037189802,1898.02,Census Tract 1898.02,G5020,S,318999,0,+34.0980559,-118.3560718,los_angeles,Los Angeles,,,,,,,,,,0.3188685029738148,36.931944444444476,22.395122353926983,-14.536822090517491,22.39512235392698,59.306167605666204,True,False,False,Neither hotspot,True,36.931944444444476,22.395122353926983
06,037,189906,06037189906,1400000US06037189906,1899.06,Census Tract 1899.06,G5020,S,202776,0,+34.0961645,-118.3468231,los_angeles,Los Angeles,,,,,,,,,,0.20269045822795168,38.27000000000003,22.772576144121732,-15.4974238558783,22.77257614412173,56.943057890226434,True,False,True,HI-only hotspot,True,38.27000000000003,22.772576144121732
06,037,189907,06037189907,1400000US06037189907,1899.07,Census Tract 1899.07,G5020,S,162253,0,+34.0961994,-118.3517319,los_angeles,Los Angeles,,,,,,,,,,0.16218596175194935,38.07500000000003,22.69872648951841,-15.376273510481619,22.698726489518403,57.40540544324726,True,False,False,Neither hotspot,True,38.07500000000003,22.69872648951841
06,037,190302,06037190302,1400000US06037190302,1903.02,Census Tract 1903.02,G5020,S,239835,0,+34.1039629,-118.3177452,los_angeles,Los Angeles,,,,,,,,,,0.23973055329538911,38.20250000000003,22.772576144121732,-15.429923855878302,22.77257614412173,56.943057890226434,True,False,True,HI-only hotspot,True,38.20250000000003,22.772576144121732
06,037,185101,06037185101,1400000US06037185101,1851.01,Census Tract 1851.01,G5020,S,815112,0,+34.1024707,-118.2060324,los_angeles,Los Angeles,,,,,,,,,,0.8147031023936625,38.13423333333336,22.835774952432423,-15.29845838090094,22.835774952432416,55.77099040687782,True,False,True,HI-only hotspot,True,38.13423333333336,22.835774952432423
06,037,211123,06037211123,1400000US06037211123,2111.23,Census Tract 2111.23,G5020,S,172032,0,+34.0627183,-118.2871904,los_angeles,Los Angeles,,,,,,,,,,0.17195509344967458,39.98019774011302,22.772576144121732,-17.207621595991288,22.77257614412173,56.943057890226434,True,False,True,HI-only hotspot,True,39.98019774011302,22.772576144121732
06,037,265521,06037265521,1400000US06037265521,2655.21,Census Tract 2655.21,G5020,S,130990,0,+34.0567030,-118.4448253,los_angeles,Los Angeles,,,,,,,,,,0.13094185322748636,35.17427350427353,22.395122353926983,-12.779151150346546,22.39512235392698,59.306167605666204,True,False,False,Neither hotspot,True,35.17427350427353,22.395122353926983
06,037,199001,06037199001,1400000US06037199001,1990.01,Census Tract 1990.01,G5020,S,249852,0,+34.0768133,-118.2172897,los_angeles,Los Angeles,,,,,,,,,,0.24972998861424472,38.7246385542169,22.835774952432423,-15.888863601784474,22.835774952432416,55.77099040687782,True,False,True,HI-only hotspot,True,38.7246385542169,22.835774952432423
06,037,185102,06037185102,1400000US06037185102,1851.02,Census Tract 1851.02,G5020,S,1462937,0,+34.1062262,-118.2128244,los_angeles,Los Angeles,,,,,,,,,,1.4622174939849581,38.252821927888185,22.835774952432423,-15.417046975455763,22.835774952432416,55.77099040687782,True,False,True,HI-only hotspot,True,38.252821927888185,22.835774952432423
06,037,190102,06037190102,1400000US06037190102,1901.02,Census Tract 1901.02,G5020,S,376233,0,+34.0977085,-118.3413300,los_angeles,Los Angeles,,,,,,,,,,0.3760771557243516,38.88477678571432,22.772576144121732,-16.112200641592583,22.77257614412173,56.943057890226434,True,False,True,HI-only hotspot,True,38.88477678571432,22.772576144121732
06,037,113426,06037113426,1400000US06037113426,1134.26,Census Tract 1134.26,G5020,S,1861894,4116,+34.2358383,-118.5796232,los_angeles,Los Angeles,,,,,,,,,,1.8654949073428457,42.20755727376866,21.83585102523586,-20.37170624853278,21.835851025235854,62.58683071116808,True,True,False,LST-only hotspot,False,42.20755727376866,21.83585102523586
06,037,113425,06037113425,1400000US06037113425,1134.25,Census Tract 1134.25,G5020,S,334913,4382,+34.2324832,-118.5919499,los_angeles,Los Angeles,,,,,,,,,,0.3392040526108491,42.0903703703704,21.83585102523586,-20.254519345134547,21.835851025235854,62.58683071116808,True,True,False,LST-only hotspot,False,42.0903703703704,21.83585102523586
06,037,240901,06037240901,1400000US06037240901,2409.01,Census Tract 2409.01,G5020,S,344922,6256,+33.9323798,-118.2603545,los_angeles,Los Angeles,,,,,,,,,,0.35101528938355175,40.74333333333337,21.308033147065544,-19.435300186267824,21.308033147065544,66.53821427491826,True,False,False,Neither hotspot,False,40.74333333333337,21.308033147065544
06,037,108204,06037108204,1400000US06037108204,1082.04,Census Tract 1082.04,G5020,S,1432707,0,+34.2809054,-118.5667040,los_angeles,Los Angeles,,,,,,,,,,1.4322951960557027,39.00562312312314,22.262046252817353,-16.743576870305798,22.262046252817356,58.85546862513549,True,False,False,Neither hotspot,False,39.00562312312314,22.262046252817353
06,037,243002,06037243002,1400000US06037243002,2430.02,Census Tract 2430.02,G5020,S,391782,0,+33.9390066,-118.2314369,los_angeles,Los Angeles,,,,,,,,,,0.39159408630200365,40.981250000000024,21.65852089757504,-19.322729102424987,21.658520897575045,65.91960984293696,True,False,False,Neither hotspot,False,40.981250000000024,21.65852089757504
06,037,240902,06037240902,1400000US06037240902,2409.02,Census Tract 2409.02,G5020,S,712715,6509,+33.9352313,-118.2637959,los_angeles,Los Angeles,,,,,,,,,,0.7188906313724771,40.74333333333337,21.308033147065544,-19.435300186267824,21.308033147065544,66.53821427491826,True,False,False,Neither hotspot,False,40.74333333333337,21.308033147065544
06,037,115203,06037115203,1400000US06037115203,1152.03,Census Tract 1152.03,G5020,S,604763,0,+34.2461946,-118.5323978,los_angeles,Los Angeles,,,,,,,,,,0.6045768444788029,41.43796200345427,22.400895041313728,-19.037066962140536,22.40089504131373,58.90132299675208,True,False,False,Neither hotspot,False,41.43796200345427,22.400895041313728
06,037,106112,06037106112,1400000US06037106112,1061.12,Census Tract 1061.12,G5020,S,3228477,0,+34.3055419,-118.4123941,los_angeles,Los Angeles,,,,,,,,,,3.227234848580221,41.57122850529103,22.613798050258485,-18.957430455032547,22.61379805025848,53.20122812690523,True,True,False,LST-only hotspot,False,41.57122850529103,22.613798050258485
06,037,106113,06037106113,1400000US06037106113,1061.13,Census Tract 1061.13,G5020,S,1443463,0,+34.3061546,-118.4222070,los_angeles,Los Angeles,,,,,,,,,,1.442918582083667,41.92452380952385,22.613798050258485,-19.310725759265353,22.61379805025848,53.20122812690523,True,True,False,LST-only hotspot,False,41.92452380952385,22.613798050258485
06,037,106114,06037106114,1400000US06037106114,1061.14,Census Tract 1061.14,G5020,S,1011120,3298,+34.3023558,-118.4268073,los_angeles,Los Angeles,,,,,,,,,,1.0140367229542986,42.12038377192985,22.613798050258485,-19.50658572167137,22.61379805025848,53.20122812690523,True,True,False,LST-only hotspot,False,42.12038377192985,22.613798050258485
06,037,106403,06037106403,1400000US06037106403,1064.03,Census Tract 1064.03,G5020,S,1105644,0,+34.3060186,-118.4412741,los_angeles,Los Angeles,,,,,,,,,,1.1052374302728134,41.98671583087515,22.613798050258485,-19.372917780616667,22.61379805025848,53.20122812690523,True,True,False,LST-only hotspot,False,41.98671583087515,22.613798050258485
06,037,101300,06037101300,1400000US06037101300,1013,Census Tract 1013,G5020,S,2580478,0,+34.2487777,-118.2709990,los_angeles,Los Angeles,,,,,,,,,,2.579289522769595,37.76264159100739,22.735983548130054,-15.026658042877324,22.735983548130054,52.70370558563032,True,False,False,Neither hotspot,True,37.76264159100739,22.735983548130054
06,037,103101,06037103101,1400000US06037103101,1031.01,Census Tract 1031.01,G5020,S,2029806,0,+34.2732407,-118.3078874,los_angeles,Los Angeles,,,,,,,,,,2.0289092115144736,37.803756388415714,22.334874462735854,-15.46888192567985,22.334874462735854,51.20045038104154,True,False,False,Neither hotspot,True,37.803756388415714,22.334874462735854
06,037,103102,06037103102,1400000US06037103102,1031.02,Census Tract 1031.02,G5020,S,1241029,0,+34.2633843,-118.3073883,los_angeles,Los Angeles,,,,,,,,,,1.2404737162934159,39.740667466027205,22.334874462735854,-17.405793003291354,22.334874462735854,51.20045038104154,True,False,False,Neither hotspot,False,39.740667466027205,22.334874462735854
06,037,104103,06037104103,1400000US06037104103,1041.03,Census Tract 1041.03,G5020,S,949109,0,+34.2820993,-118.3925764,los_angeles,Los Angeles,,,,,,,,,,0.9487336051830019,41.66407029478462,22.613798050258485,-19.050272244526134,22.61379805025848,53.20122812690523,True,True,False,LST-only hotspot,False,41.66407029478462,22.613798050258485
06,037,104105,06037104105,1400000US06037104105,1041.05,Census Tract 1041.05,G5020,S,584682,0,+34.2761480,-118.4046859,los_angeles,Los Angeles,,,,,,,,,,0.5844564968345537,43.07232965009211,22.613798050258485,-20.458531599833627,22.61379805025848,53.20122812690523,True,True,False,LST-only hotspot,False,43.07232965009211,22.613798050258485
06,037,106510,06037106510,1400000US06037106510,1065.10,Census Tract 1065.10,G5020,S,5782012,8398,+34.3264211,-118.4796437,los_angeles,Los Angeles,,,,,,,,,,5.78843871547122,38.062301321421955,22.60031635726711,-15.461984964154844,22.600316357267104,55.76673160950213,True,False,False,Neither hotspot,True,38.062301321421955,22.60031635726711
06,037,106520,06037106520,1400000US06037106520,1065.20,Census Tract 1065.20,G5020,S,2205882,0,+34.3088574,-118.4613523,los_angeles,Los Angeles,,,,,,,,,,2.2051004481464678,40.82367452135496,22.600534764664616,-18.223139756690344,22.60053476466461,55.72516969741293,True,False,False,Neither hotspot,False,40.82367452135496,22.600534764664616
06,037,106604,06037106604,1400000US06037106604,1066.04,Census Tract 1066.04,G5020,S,2611563,8851,+34.3033292,-118.4745764,los_angeles,Los Angeles,,,,,,,,,,2.619501616126042,39.839881101376754,22.60031635726711,-17.23956474410964,22.600316357267104,55.76673160950213,True,False,False,Neither hotspot,False,39.839881101376754,22.60031635726711
06,037,106641,06037106641,1400000US06037106641,1066.41,Census Tract 1066.41,G5020,S,1135493,0,+34.2984691,-118.5084331,los_angeles,Los Angeles,,,,,,,,,,1.1351212448684815,37.911248826291114,22.60031635726711,-15.310932469024,22.600316357267104,55.76673160950213,True,False,False,Neither hotspot,True,37.911248826291114,22.60031635726711
06,037,113232,06037113232,1400000US06037113232,1132.32,Census Tract 1132.32,G5020,S,2065813,0,+34.2258260,-118.6125452,los_angeles,Los Angeles,,,,,,,,,,2.0652804462745156,40.68980967078191,21.83585102523586,-18.853958645546058,21.835851025235854,62.58683071116808,True,False,False,Neither hotspot,False,40.68980967078191,21.83585102523586
06,037,113234,06037113234,1400000US06037113234,1132.34,Census Tract 1132.34,G5020,S,1012996,9924,+34.2257746,-118.5939793,los_angeles,Los Angeles,,,,,,,,,,1.022643385336609,41.860870488322746,21.83585102523586,-20.02501946308689,21.835851025235854,62.58683071116808,True,True,False,LST-only hotspot,False,41.860870488322746,21.83585102523586
06,037,261103,06037261103,1400000US06037261103,2611.03,Census Tract 2611.03,G5020,S,2080081,0,+34.1175820,-118.3864111,los_angeles,Los Angeles,,,,,,,,,,2.0792549064258545,33.13700927357035,22.395122353926983,-10.741886919643372,22.39512235392698,59.306167605666204,True,False,False,Neither hotspot,True,33.13700927357035,22.395122353926983
06,037,104824,06037104824,1400000US06037104824,1048.24,Census Tract 1048.24,G5020,S,592028,0,+34.2514971,-118.4095367,los_angeles,Los Angeles,,,,,,,,,,0.5917998480985083,42.718241758241795,22.767144491521034,-19.95109726672075,22.767144491521034,54.719799998098324,True,True,False,LST-only hotspot,False,42.718241758241795,22.767144491521034
06,037,139704,06037139704,1400000US06037139704,1397.04,Census Tract 1397.04,G5020,S,5805662,545561,+34.1351431,-118.5137935,los_angeles,Los Angeles,,,,,,,,,,6.349193073046032,34.225298443646345,21.809312303353774,-12.415986140292564,21.809312303353774,62.69026351299253,True,False,False,Neither hotspot,True,34.225298443646345,21.809312303353774
06,037,143606,06037143606,1400000US06037143606,1436.06,Census Tract 1436.06,G5020,S,230897,12455,+34.1419414,-118.3723402,los_angeles,Los Angeles,,,,,,,,,,0.2432533524208738,36.87200854700857,22.395122353926983,-14.476886193081588,22.39512235392698,59.306167605666204,True,False,False,Neither hotspot,True,36.87200854700857,22.395122353926983
06,037,189703,06037189703,1400000US06037189703,1897.03,Census Tract 1897.03,G5020,S,3046221,337933,+34.1297719,-118.3309888,los_angeles,Los Angeles,,,,,,,,,,3.3827093625375153,35.04271257678632,22.772576144121732,-12.270136432664591,22.77257614412173,56.943057890226434,True,False,True,HI-only hotspot,True,35.04271257678632,22.772576144121732
06,037,143801,06037143801,1400000US06037143801,1438.01,Census Tract 1438.01,G5020,S,1431401,0,+34.1368977,-118.3857939,los_angeles,Los Angeles,,,,,,,,,,1.4308309236812378,35.349404485692205,22.395122353926983,-12.954282131765233,22.39512235392698,59.306167605666204,True,False,False,Neither hotspot,True,35.349404485692205,22.395122353926983
06,037,189704,06037189704,1400000US06037189704,1897.04,Census Tract 1897.04,G5020,S,951651,21747,+34.1351634,-118.3441134,los_angeles,Los Angeles,,,,,,,,,,0.9729859052015223,35.395253863134684,22.772576144121732,-12.622677719012955,22.77257614412173,56.943057890226434,True,False,True,HI-only hotspot,True,35.395253863134684,22.772576144121732
06,037,143802,06037143802,1400000US06037143802,1438.02,Census Tract 1438.02,G5020,S,1164733,0,+34.1338831,-118.3743634,los_angeles,Los Angeles,,,,,,,,,,1.1642616149081992,35.64529523809526,22.395122353926983,-13.250172884168283,22.39512235392698,59.306167605666204,True,False,False,Neither hotspot,True,35.64529523809526,22.395122353926983
06,037,139705,06037139705,1400000US06037139705,1397.05,Census Tract 1397.05,G5020,S,3043509,0,+34.1400461,-118.4916264,los_angeles,Los Angeles,,,,,,,,,,3.0424950201839907,35.375873612602966,21.795284182839925,-13.580589429763046,21.79528418283992,62.78011014098066,True,False,False,Neither hotspot,True,35.375873612602966,21.795284182839925
06,037,143605,06037143605,1400000US06037143605,1436.05,Census Tract 1436.05,G5020,S,314004,15312,+34.1410917,-118.3641876,los_angeles,Los Angeles,,,,,,,,,,0.329183240388023,37.17361370716513,22.395122353926983,-14.778491353238149,22.39512235392698,59.306167605666204,True,False,False,Neither hotspot,True,37.17361370716513,22.395122353926983
06,037,189501,06037189501,1400000US06037189501,1895.01,Census Tract 1895.01,G5020,S,342952,0,+34.1089232,-118.3192601,los_angeles,Los Angeles,,,,,,,,,,0.3428023180921882,36.918421985815634,22.772576144121732,-14.145845841693902,22.77257614412173,56.943057890226434,True,False,True,HI-only hotspot,True,36.918421985815634,22.772576144121732
06,037,189502,06037189502,1400000US06037189502,1895.02,Census Tract 1895.02,G5020,S,249297,0,+34.1077046,-118.3240616,los_angeles,Los Angeles,,,,,,,,,,0.2491898747189484,37.514234234234266,22.772576144121732,-14.741658090112535,22.77257614412173,56.943057890226434,True,False,True,HI-only hotspot,True,37.514234234234266,22.772576144121732
06,037,190303,06037190303,1400000US06037190303,1903.03,Census Tract 1903.03,G5020,S,163526,0,+34.1035471,-118.3114567,los_angeles,Los Angeles,,,,,,,,,,0.1634539612230482,38.2866666666667,22.772576144121732,-15.514090522544965,22.77257614412173,56.943057890226434,True,False,True,HI-only hotspot,True,38.2866666666667,22.772576144121732
06,037,143302,06037143302,1400000US06037143302,1433.02,Census Tract 1433.02,G5020,S,1030153,6492,+34.1521830,-118.3866138,los_angeles,Los Angeles,,,,,,,,,,1.0362314857285455,38.83433691756275,22.395122353926983,-16.43921456363577,22.39512235392698,59.306167605666204,True,False,False,Neither hotspot,False,38.83433691756275,22.395122353926983
06,037,143101,06037143101,1400000US06037143101,1431.01,Census Tract 1431.01,G5020,S,1322579,46303,+34.1488570,-118.3545369,los_angeles,Los Angeles,,,,,,,,,,1.368309756078694,38.31248006379588,22.560371262074444,-15.752108801721443,22.56037126207444,58.27160043359569,True,False,False,Neither hotspot,True,38.31248006379588,22.560371262074444
06,037,143401,06037143401,1400000US06037143401,1434.01,Census Tract 1434.01,G5020,S,1109140,0,+34.1534939,-118.4138689,los_angeles,Los Angeles,,,,,,,,,,1.1087176206383496,39.29458605664491,22.579731275195897,-16.714854781449016,22.579731275195897,57.80992784415975,True,False,False,Neither hotspot,False,39.29458605664491,22.579731275195897
06,037,143102,06037143102,1400000US06037143102,1431.02,Census Tract 1431.02,G5020,S,391203,0,+34.1501345,-118.3626374,los_angeles,Los Angeles,,,,,,,,,,0.39104407163804505,38.90606349206353,22.395122353926983,-16.510941138136545,22.39512235392698,59.306167605666204,True,False,False,Neither hotspot,False,38.90606349206353,22.395122353926983
06,037,143301,06037143301,1400000US06037143301,1433.01,Census Tract 1433.01,G5020,S,580343,0,+34.1559853,-118.3878138,los_angeles,Los Angeles,,,,,,,,,,0.5801124843012292,40.609819819819855,22.854393328791108,-17.755426491028736,22.854393328791105,55.583815028259906,True,False,True,HI-only hotspot,True,40.609819819819855,22.854393328791108
06,037,117405,06037117405,1400000US06037117405,1174.05,Census Tract 1174.05,G5020,S,201834,0,+34.2337311,-118.4702311,los_angeles,Los Angeles,,,,,,,,,,0.20176396013173342,42.221864035087755,22.400895041313728,-19.820968993774027,22.40089504131373,58.90132299675208,True,True,False,LST-only hotspot,False,42.221864035087755,22.400895041313728
06,037,117301,06037117301,1400000US06037117301,1173.01,Census Tract 1173.01,G5020,S,1331906,0,+34.2421587,-118.4896512,los_angeles,Los Angeles,,,,,,,,,,1.331458415443473,41.3661437908497,22.400895041313728,-18.96524874953597,22.40089504131373,58.90132299675208,True,False,False,Neither hotspot,False,41.3661437908497,22.400895041313728
06,037,103300,06037103300,1400000US06037103300,1033,Census Tract 1033,G5020,S,6141955,0,+34.2573786,-118.3554785,los_angeles,Los Angeles,,,,,,,,,,6.139399911221566,38.98910283315848,22.578876336875382,-16.410226496283105,22.578876336875382,52.96206607750326,True,False,False,Neither hotspot,False,38.98910283315848,22.578876336875382
06,037,117530,06037117530,1400000US06037117530,1175.30,Census Tract 1175.30,G5020,S,544547,12334,+34.2264373,-118.4643776,los_angeles,Los Angeles,,,,,,,,,,0.5566852639074297,42.998438095238136,22.400895041313728,-20.597543053924397,22.40089504131373,58.90132299675208,True,True,False,LST-only hotspot,False,42.998438095238136,22.400895041313728
06,037,119310,06037119310,1400000US06037119310,1193.10,Census Tract 1193.10,G5020,S,425102,3695,+34.2450202,-118.4516702,los_angeles,Los Angeles,,,,,,,,,,0.4286435587683318,42.40211111111114,22.73010120555657,-19.67200990555458,22.730101205556565,56.49305795295776,True,True,False,LST-only hotspot,False,42.40211111111114,22.73010120555657
06,037,221602,06037221602,1400000US06037221602,2216.02,Census Tract 2216.02,G5020,S,522794,0,+34.0384299,-118.2921027,los_angeles,Los Angeles,,,,,,,,,,0.5225583793476275,40.95191767068276,22.093422038313296,-18.85849563236947,22.093422038313292,61.875082282866735,True,False,False,Neither hotspot,False,40.95191767068276,22.093422038313296
06,037,234902,06037234902,1400000US06037234902,2349.02,Census Tract 2349.02,G5020,S,447718,0,+33.9822575,-118.3340918,los_angeles,Los Angeles,,,,,,,,,,0.4475288683239121,39.04238927738931,22.093422038313296,-16.94896723907601,22.093422038313292,61.875082282866735,True,False,False,Neither hotspot,False,39.04238927738931,22.093422038313296
06,037,236203,06037236203,1400000US06037236203,2362.03,Census Tract 2362.03,G5020,S,339340,0,+34.0184551,-118.3467705,los_angeles,Los Angeles,,,,,,,,,,0.33919742931849783,38.32753401360548,22.093422038313296,-16.23411197529218,22.093422038313292,61.875082282866735,True,False,False,Neither hotspot,False,38.32753401360548,22.093422038313296
06,037,236204,06037236204,1400000US06037236204,2362.04,Census Tract 2362.04,G5020,S,229870,0,+34.0147165,-118.3491895,los_angeles,Los Angeles,,,,,,,,,,0.22977364309140183,37.85833333333336,22.093422038313296,-15.764911295020067,22.093422038313292,61.875082282866735,True,False,False,Neither hotspot,True,37.85833333333336,22.093422038313296
06,037,237101,06037237101,1400000US06037237101,2371.01,Census Tract 2371.01,G5020,S,628939,0,+33.9856234,-118.2913772,los_angeles,Los Angeles,,,,,,,,,,0.6286572328193607,40.785672043010784,22.093422038313296,-18.692250004697485,22.093422038313292,61.875082282866735,True,False,False,Neither hotspot,False,40.785672043010784,22.093422038313296
06,037,237202,06037237202,1400000US06037237202,2372.02,Census Tract 2372.02,G5020,S,1108042,472,+33.9863341,-118.3100903,los_angeles,Los Angeles,,,,,,,,,,1.108026992530326,39.695339506172864,22.093422038313296,-17.60191746785957,22.093422038313292,61.875082282866735,True,False,False,Neither hotspot,False,39.695339506172864,22.093422038313296
06,037,119340,06037119340,1400000US06037119340,1193.40,Census Tract 1193.40,G5020,S,122149,0,+34.2336090,-118.4519009,los_angeles,Los Angeles,,,,,,,,,,0.12210556591138853,43.09177536231886,22.617785526628992,-20.47398983568987,22.617785526628992,57.31468875095146,True,True,False,LST-only hotspot,False,43.09177536231886,22.617785526628992
06,037,237401,06037237401,1400000US06037237401,2374.01,Census Tract 2374.01,G5020,S,516111,0,+33.9784675,-118.2948084,los_angeles,Los Angeles,,,,,,,,,,0.5158770140377601,40.50833333333336,22.093422038313296,-18.414911295020065,22.093422038313292,61.875082282866735,True,False,False,Neither hotspot,False,40.50833333333336,22.093422038313296
06,037,237402,06037237402,1400000US06037237402,2374.02,Census Tract 2374.02,G5020,S,521230,0,+33.9784618,-118.3013342,los_angeles,Los Angeles,,,,,,,,,,0.5209979812529069,40.068055555555596,22.093422038313296,-17.9746335172423,22.093422038313292,61.875082282866735,True,False,False,Neither hotspot,False,40.068055555555596,22.093422038313296
06,037,239202,06037239202,1400000US06037239202,2392.02,Census Tract 2392.02,G5020,S,1275622,0,+33.9856782,-118.2649765,los_angeles,Los Angeles,,,,,,,,,,1.2750329560543674,41.785685483870985,22.093422038313296,-19.692263445557693,22.093422038313292,61.875082282866735,True,True,False,LST-only hotspot,False,41.785685483870985,22.093422038313296
06,037,239501,06037239501,1400000US06037239501,2395.01,Census Tract 2395.01,G5020,S,474215,0,+33.9729857,-118.2628927,los_angeles,Los Angeles,,,,,,,,,,0.4739939783803212,41.3516666666667,22.093422038313296,-19.258244628353406,22.093422038313292,61.875082282866735,True,False,False,Neither hotspot,False,41.3516666666667,22.093422038313296
06,037,239502,06037239502,1400000US06037239502,2395.02,Census Tract 2395.02,G5020,S,510915,0,+33.9693296,-118.2630441,los_angeles,Los Angeles,,,,,,,,,,0.5106797671965414,41.3516666666667,22.093422038313296,-19.258244628353406,22.093422038313292,61.875082282866735,True,False,False,Neither hotspot,False,41.3516666666667,22.093422038313296
06,037,239602,06037239602,1400000US06037239602,2396.02,Census Tract 2396.02,G5020,S,358086,0,+33.9694506,-118.2749022,los_angeles,Los Angeles,,,,,,,,,,0.3579238784879559,41.28539215686278,22.093422038313296,-19.191970118549474,22.093422038313292,61.875082282866735,True,False,False,Neither hotspot,False,41.28539215686278,22.093422038313296
06,037,239701,06037239701,1400000US06037239701,2397.01,Census Tract 2397.01,G5020,S,409688,0,+33.9660920,-118.2752631,los_angeles,Los Angeles,,,,,,,,,,0.409502824798335,41.177429378531095,22.093422038313296,-19.084007340217802,22.093422038313292,61.875082282866735,True,False,False,Neither hotspot,False,41.177429378531095,22.093422038313296
06,037,214902,06037214902,1400000US06037214902,2149.02,Census Tract 2149.02,G5020,S,507191,0,+34.0729569,-118.3800897,los_angeles,Los Angeles,,,,,,,,,,0.5069894210071618,36.70022580645165,22.395122353926983,-14.305103452524662,22.39512235392698,59.306167605666204,True,False,False,Neither hotspot,True,36.70022580645165,22.395122353926983
06,037,234501,06037234501,1400000US06037234501,2345.01,Census Tract 2345.01,G5020,S,751800,0,+33.9974948,-118.3244351,los_angeles,Los Angeles,,,,,,,,,,0.7514735321455532,38.88046794871798,22.093422038313296,-16.787045910404686,22.093422038313292,61.875082282866735,True,False,False,Neither hotspot,False,38.88046794871798,22.093422038313296
06,037,234502,06037234502,1400000US06037234502,2345.02,Census Tract 2345.02,G5020,S,544855,0,+34.0018666,-118.3244227,los_angeles,Los Angeles,,,,,,,,,,0.544622176616255,38.708059071729984,22.093422038313296,-16.614637033416685,22.093422038313292,61.875082282866735,True,False,False,Neither hotspot,False,38.708059071729984,22.093422038313296
06,037,265201,06037265201,1400000US06037265201,2652.01,Census Tract 2652.01,G5020,S,438820,0,+34.0668275,-118.4364091,los_angeles,Los Angeles,,,,,,,,,,0.43865822392163467,34.4267919799499,22.395122353926983,-12.031669626022914,22.39512235392698,59.306167605666204,True,False,False,Neither hotspot,True,34.4267919799499,22.395122353926983
06,037,275101,06037275101,1400000US06037275101,2751.01,Census Tract 2751.01,G5020,S,334329,9884,+33.9992665,-118.4045296,los_angeles,Los Angeles,,,,,,,,,,0.34408199450074595,36.822058823529446,21.696834168917924,-15.125224654611518,21.696834168917917,63.2459534939658,True,False,False,Neither hotspot,True,36.822058823529446,21.696834168917924
06,037,119700,06037119700,1400000US06037119700,1197,Census Tract 1197,G5020,S,1288674,21675,+34.2207731,-118.4257669,los_angeles,Los Angeles,,,,,,,,,,1.3098546010751002,43.18129901960788,22.854393328791108,-20.326905690816766,22.854393328791105,55.583815028259906,True,True,True,Both LST and HI hotspot,False,43.18129901960788,22.854393328791108
06,037,119900,06037119900,1400000US06037119900,1199,Census Tract 1199,G5020,S,1052205,0,+34.2278369,-118.4412802,los_angeles,Los Angeles,,,,,,,,,,1.0518200614720716,43.44578171091449,22.854393328791108,-20.591388382123377,22.854393328791105,55.583815028259906,True,True,True,Both LST and HI hotspot,False,43.44578171091449,22.854393328791108
06,037,120020,06037120020,1400000US06037120020,1200.20,Census Tract 1200.20,G5020,S,518506,14554,+34.2188235,-118.4548516,los_angeles,Los Angeles,,,,,,,,,,0.5328681026187695,43.37228511530401,22.49501732739394,-20.87726778791007,22.495017327393942,58.21278360706503,True,True,False,LST-only hotspot,False,43.37228511530401,22.49501732739394
06,037,120030,06037120030,1400000US06037120030,1200.30,Census Tract 1200.30,G5020,S,377706,0,+34.2151078,-118.4518684,los_angeles,Los Angeles,,,,,,,,,,0.3775716533998111,43.33061011904765,22.627644185052418,-20.70296593399523,22.62764418505242,57.24256901250599,True,True,False,LST-only hotspot,False,43.33061011904765,22.627644185052418
06,037,295103,06037295103,1400000US06037295103,2951.03,Census Tract 2951.03,G5020,S,2056813,1202,+33.7616099,-118.2947359,los_angeles,Los Angeles,,,,,,,,,,2.057100810895188,36.48685437174293,20.438854485663853,-16.04799988607908,20.438854485663853,71.0706293286502,True,False,False,Neither hotspot,False,36.48685437174293,20.438854485663853
06,037,102103,06037102103,1400000US06037102103,1021.03,Census Tract 1021.03,G5020,S,1186489,0,+34.2250792,-118.3541879,los_angeles,Los Angeles,,,,,,,,,,1.185994497487922,41.50640812557713,22.892936688142573,-18.61347143743455,22.892936688142573,54.742931753929795,True,True,True,Both LST and HI hotspot,False,41.50640812557713,22.892936688142573
06,037,104201,06037104201,1400000US06037104201,1042.01,Census Tract 1042.01,G5020,S,1090097,0,+34.2865005,-118.4160998,los_angeles,Los Angeles,,,,,,,,,,1.0896804753414795,42.802013888888915,22.613798050258485,-20.188215838630438,22.61379805025848,53.20122812690523,True,True,False,LST-only hotspot,False,42.802013888888915,22.613798050258485
06,037,104310,06037104310,1400000US06037104310,1043.10,Census Tract 1043.10,G5020,S,1508621,0,+34.2763731,-118.4292815,los_angeles,Los Angeles,,,,,,,,,,1.5080640195993575,42.40143427741471,22.613798050258485,-19.787636227156217,22.61379805025848,53.20122812690523,True,True,False,LST-only hotspot,False,42.40143427741471,22.613798050258485
06,037,104401,06037104401,1400000US06037104401,1044.01,Census Tract 1044.01,G5020,S,681117,0,+34.2670388,-118.4327217,los_angeles,Los Angeles,,,,,,,,,,0.6808643483914569,42.75444186046515,22.613798050258485,-20.140643810206658,22.61379805025848,53.20122812690523,True,True,False,LST-only hotspot,False,42.75444186046515,22.613798050258485
06,037,124700,06037124700,1400000US06037124700,1247,Census Tract 1247,G5020,S,1347617,14339,+34.1631392,-118.4158172,los_angeles,Los Angeles,,,,,,,,,,1.3614373798964692,40.89229532163745,22.854393328791108,-18.037901992846344,22.854393328791105,55.583815028259906,True,False,True,HI-only hotspot,True,40.89229532163745,22.854393328791108
06,037,104500,06037104500,1400000US06037104500,1045,Census Tract 1045,G5020,S,531002,0,+34.2555108,-118.4257479,los_angeles,Los Angeles,,,,,,,,,,0.5308047471636572,43.033445121951246,22.660743470459973,-20.372701651491273,22.660743470459966,53.6661231320476,True,True,False,LST-only hotspot,False,43.033445121951246,22.660743470459973
06,037,104610,06037104610,1400000US06037104610,1046.10,Census Tract 1046.10,G5020,S,592138,0,+34.2604355,-118.4189927,los_angeles,Los Angeles,,,,,,,,,,0.5919124808440449,43.08347069597073,22.613798050258485,-20.46967264571224,22.61379805025848,53.20122812690523,True,True,False,LST-only hotspot,False,43.08347069597073,22.613798050258485
06,037,104620,06037104620,1400000US06037104620,1046.20,Census Tract 1046.20,G5020,S,531171,0,+34.2579043,-118.4224647,los_angeles,Los Angeles,,,,,,,,,,0.5309714409720279,43.03700617283954,22.613798050258485,-20.423208122581052,22.61379805025848,53.20122812690523,True,True,False,LST-only hotspot,False,43.03700617283954,22.613798050258485
06,037,104701,06037104701,1400000US06037104701,1047.01,Census Tract 1047.01,G5020,S,550504,0,+34.2684745,-118.4152140,los_angeles,Los Angeles,,,,,,,,,,0.5502938003555278,43.22270833333335,22.613798050258485,-20.608910283074866,22.61379805025848,53.20122812690523,True,True,False,LST-only hotspot,False,43.22270833333335,22.613798050258485
06,037,125200,06037125200,1400000US06037125200,1252,Census Tract 1252,G5020,S,1303250,498,+34.1667371,-118.3844985,los_angeles,Los Angeles,,,,,,,,,,1.3032266144806035,41.156040630182446,22.854393328791108,-18.30164730139134,22.854393328791105,55.583815028259906,True,False,True,HI-only hotspot,True,41.156040630182446,22.854393328791108
06,037,106642,06037106642,1400000US06037106642,1066.42,Census Tract 1066.42,G5020,S,1577594,0,+34.2863224,-118.5070136,los_angeles,Los Angeles,,,,,,,,,,1.5770828832250854,39.02548980933598,22.60031635726711,-16.425173452068876,22.600316357267104,55.76673160950213,True,False,False,Neither hotspot,False,39.02548980933598,22.60031635726711
06,037,106643,06037106643,1400000US06037106643,1066.43,Census Tract 1066.43,G5020,S,4338941,0,+34.2894657,-118.5220352,los_angeles,Los Angeles,,,,,,,,,,4.3375675065027295,38.549850061957905,22.60031635726711,-15.94953370469079,22.600316357267104,55.76673160950213,True,False,False,Neither hotspot,False,38.549850061957905,22.60031635726711
06,037,107010,06037107010,1400000US06037107010,1070.10,Census Tract 1070.10,G5020,S,684671,0,+34.3020803,-118.4467204,los_angeles,Los Angeles,,,,,,,,,,0.6844216763462577,42.03123015873019,22.612899270725727,-19.418330888004462,22.61289927072572,53.37226169241169,True,True,False,LST-only hotspot,False,42.03123015873019,22.612899270725727
06,037,107020,06037107020,1400000US06037107020,1070.20,Census Tract 1070.20,G5020,S,993964,0,+34.2975549,-118.4504817,los_angeles,Los Angeles,,,,,,,,,,0.9936025055858088,41.618244739756385,22.60864723732158,-19.00959750243481,22.608647237321577,54.18140387607015,True,True,False,LST-only hotspot,False,41.618244739756385,22.60864723732158
06,037,108101,06037108101,1400000US06037108101,1081.01,Census Tract 1081.01,G5020,S,1128633,0,+34.2793058,-118.5416524,los_angeles,Los Angeles,,,,,,,,,,1.1282909508522663,39.68017258382646,22.60031635726711,-17.07985622655935,22.600316357267104,55.76673160950213,True,False,False,Neither hotspot,False,39.68017258382646,22.60031635726711
06,037,108102,06037108102,1400000US06037108102,1081.02,Census Tract 1081.02,G5020,S,2183817,0,+34.2804584,-118.5550665,los_angeles,Los Angeles,,,,,,,,,,2.1831678468358615,39.71146784486994,22.320334326779978,-17.391133518089955,22.320334326779978,58.32324148105729,True,False,False,Neither hotspot,False,39.71146784486994,22.320334326779978
06,037,106010,06037106010,1400000US06037106010,1060.10,Census Tract 1060.10,G5020,S,2517807,0,+34.3253415,-118.4434033,los_angeles,Los Angeles,,,,,,,,,,2.516888296037144,38.65584265010355,22.61136967077557,-16.044472979327978,22.611369670775563,53.66333744985747,True,False,False,Neither hotspot,False,38.65584265010355,22.61136967077557
06,037,123104,06037123104,1400000US06037123104,1231.04,Census Tract 1231.04,G5020,S,781696,0,+34.1828906,-118.3650028,los_angeles,Los Angeles,,,,,,,,,,0.7813745915742888,42.87191964285718,22.854393328791108,-20.01752631406607,22.854393328791105,55.583815028259906,True,True,True,Both LST and HI hotspot,False,42.87191964285718,22.854393328791108
06,037,123204,06037123204,1400000US06037123204,1232.04,Census Tract 1232.04,G5020,S,324207,0,+34.1939360,-118.3943295,los_angeles,Los Angeles,,,,,,,,,,0.32407983191958356,43.21333333333337,22.854393328791108,-20.35894000454226,22.854393328791105,55.583815028259906,True,True,True,Both LST and HI hotspot,False,43.21333333333337,22.854393328791108
06,037,123206,06037123206,1400000US06037123206,1232.06,Census Tract 1232.06,G5020,S,602849,0,+34.1937075,-118.3748665,los_angeles,Los Angeles,,,,,,,,,,0.6026060153539788,43.39448911222784,22.854393328791108,-20.54009578343672,22.854393328791105,55.583815028259906,True,True,True,Both LST and HI hotspot,False,43.39448911222784,22.854393328791108
06,037,123301,06037123301,1400000US06037123301,1233.01,Census Tract 1233.01,G5020,S,1303485,0,+34.2003096,-118.4001219,los_angeles,Los Angeles,,,,,,,,,,1.3029801547097704,43.612739779874246,22.854393328791108,-20.75834645108314,22.854393328791105,55.583815028259906,True,True,True,Both LST and HI hotspot,False,43.612739779874246,22.854393328791108
06,037,123303,06037123303,1400000US06037123303,1233.03,Census Tract 1233.03,G5020,S,633407,0,+34.1972750,-118.4116037,los_angeles,Los Angeles,,,,,,,,,,0.6331651896148189,42.958612440191416,22.854393328791108,-20.104219111400308,22.854393328791105,55.583815028259906,True,True,True,Both LST and HI hotspot,False,42.958612440191416,22.854393328791108
06,037,125310,06037125310,1400000US06037125310,1253.10,Census Tract 1253.10,G5020,S,1053984,0,+34.1695168,-118.3660291,los_angeles,Los Angeles,,,,,,,,,,1.0535556581761296,41.67516778523493,22.854393328791108,-18.82077445644382,22.854393328791105,55.583815028259906,True,True,True,Both LST and HI hotspot,False,41.67516778523493,22.854393328791108
06,037,125600,06037125600,1400000US06037125600,1256,Census Tract 1256,G5020,S,1022291,0,+34.1578955,-118.3568636,los_angeles,Los Angeles,,,,,,,,,,1.021867488357668,40.89198484848489,22.819981150151797,-18.072003698333095,22.81998115015179,55.749182349936596,True,False,True,HI-only hotspot,True,40.89198484848489,22.819981150151797
06,037,127210,06037127210,1400000US06037127210,1272.10,Census Tract 1272.10,G5020,S,1539733,1672,+34.2066365,-118.4596472,los_angeles,Los Angeles,,,,,,,,,,1.5408559093700924,43.06733988355171,22.432580511181143,-20.634759372370567,22.432580511181147,58.66953204698843,True,True,False,LST-only hotspot,False,43.06733988355171,22.432580511181143
06,037,127220,06037127220,1400000US06037127220,1272.20,Census Tract 1272.20,G5020,S,652930,0,+34.2047822,-118.4531264,los_angeles,Los Angeles,,,,,,,,,,0.6526970875228147,42.69649612403104,22.561201412701077,-20.135294711329966,22.56120141270108,57.72862250556415,True,True,False,LST-only hotspot,False,42.69649612403104,22.561201412701077
06,037,127300,06037127300,1400000US06037127300,1273,Census Tract 1273,G5020,S,1059246,0,+34.2083989,-118.4697657,los_angeles,Los Angeles,,,,,,,,,,1.0588770069202498,43.008848114169254,22.400895041313728,-20.607953072855523,22.40089504131373,58.90132299675208,True,True,False,LST-only hotspot,False,43.008848114169254,22.400895041313728
06,037,127400,06037127400,1400000US06037127400,1274,Census Tract 1274,G5020,S,2157565,24074,+34.2102531,-118.4782103,los_angeles,Los Angeles,,,,,,,,,,2.1808892070439803,42.72523338406904,22.400895041313728,-20.324338342755304,22.40089504131373,58.90132299675208,True,True,False,LST-only hotspot,False,42.72523338406904,22.400895041313728
06,037,240402,06037240402,1400000US06037240402,2404.02,Census Tract 2404.02,G5020,S,601299,0,+33.9446893,-118.2854788,los_angeles,Los Angeles,,,,,,,,,,0.6010282615552978,40.2204306220096,21.308033147065544,-18.912397474944054,21.308033147065544,66.53821427491826,True,False,False,Neither hotspot,False,40.2204306220096,21.308033147065544
06,037,241001,06037241001,1400000US06037241001,2410.01,Census Tract 2410.01,G5020,S,904106,2395,+33.9296426,-118.2679732,los_angeles,Los Angeles,,,,,,,,,,0.9060836394040819,40.457881758764145,21.310323916676715,-19.14755784208743,21.310323916676715,66.53417110869617,True,False,False,Neither hotspot,False,40.457881758764145,21.310323916676715
06,037,104108,06037104108,1400000US06037104108,1041.08,Census Tract 1041.08,G5020,S,1096636,0,+34.2731497,-118.3985699,los_angeles,Los Angeles,,,,,,,,,,1.0962071175722794,42.93525793650797,22.613798050258485,-20.321459886249485,22.61379805025848,53.20122812690523,True,True,False,LST-only hotspot,False,42.93525793650797,22.613798050258485
06,037,106406,06037106406,1400000US06037106406,1064.06,Census Tract 1064.06,G5020,S,2012822,916,+34.3221382,-118.4598094,los_angeles,Los Angeles,,,,,,,,,,2.0130179778682726,39.38412533333336,22.60141646341521,-16.782708869918153,22.6014164634152,55.55738652532222,True,False,False,Neither hotspot,False,39.38412533333336,22.60141646341521
06,037,109100,06037109100,1400000US06037109100,1091,Census Tract 1091,G5020,S,2705905,0,+34.2771624,-118.4631600,los_angeles,Los Angeles,,,,,,,,,,2.7049520383706875,40.92068792619338,22.600446144925275,-18.3202417812681,22.60044614492527,55.74203362170338,True,False,False,Neither hotspot,False,40.92068792619338,22.600446144925275
06,037,109200,06037109200,1400000US06037109200,1092,Census Tract 1092,G5020,S,1016942,0,+34.2774288,-118.4744906,los_angeles,Los Angeles,,,,,,,,,,1.0165909060853224,41.03254706533779,22.60031635726711,-18.43223070807068,22.600316357267104,55.76673160950213,True,False,False,Neither hotspot,False,41.03254706533779,22.60031635726711
06,037,109300,06037109300,1400000US06037109300,1093,Census Tract 1093,G5020,S,1233087,0,+34.2711982,-118.4804333,los_angeles,Los Angeles,,,,,,,,,,1.2326689381107774,41.774026217228496,22.60031635726711,-19.173709859961384,22.600316357267104,55.76673160950213,True,True,False,LST-only hotspot,False,41.774026217228496,22.60031635726711
06,037,109400,06037109400,1400000US06037109400,1094,Census Tract 1094,G5020,S,1290832,0,+34.2687153,-118.4557009,los_angeles,Los Angeles,,,,,,,,,,1.2903711099788437,41.96241032370957,22.604916409993827,-19.357493913715736,22.604916409993823,54.891362967146236,True,True,False,LST-only hotspot,False,41.96241032370957,22.604916409993827
06,037,109500,06037109500,1400000US06037109500,1095,Census Tract 1095,G5020,S,1194513,0,+34.2703268,-118.4389358,los_angeles,Los Angeles,,,,,,,,,,1.194076888565566,40.98451861943691,22.612659269651587,-18.37185934978532,22.612659269651584,53.417932780748565,True,False,False,Neither hotspot,False,40.98451861943691,22.612659269651587
06,037,109601,06037109601,1400000US06037109601,1096.01,Census Tract 1096.01,G5020,S,2214612,33284,+34.2593157,-118.4495333,los_angeles,Los Angeles,,,,,,,,,,2.2470862415017714,42.56970839260316,22.60024077896582,-19.96946761363734,22.600240778965816,54.70583510822285,True,True,False,LST-only hotspot,False,42.56970839260316,22.60024077896582
06,037,127520,06037127520,1400000US06037127520,1275.20,Census Tract 1275.20,G5020,S,363717,0,+34.2184163,-118.4697511,los_angeles,Los Angeles,,,,,,,,,,0.36359035214213453,43.00834834834837,22.400895041313728,-20.60745330703465,22.40089504131373,58.90132299675208,True,True,False,LST-only hotspot,False,43.00834834834837,22.400895041313728
06,037,106646,06037106646,1400000US06037106646,1066.46,Census Tract 1066.46,G5020,S,1476213,0,+34.2797379,-118.4939447,los_angeles,Los Angeles,,,,,,,,,,1.4757222120860254,40.142733918128684,22.60031635726711,-17.54241756086157,22.600316357267104,55.76673160950213,True,False,False,Neither hotspot,False,40.142733918128684,22.60031635726711
06,037,108104,06037108104,1400000US06037108104,1081.04,Census Tract 1081.04,G5020,S,826020,0,+34.2943135,-118.5460083,los_angeles,Los Angeles,,,,,,,,,,0.8257701096121994,38.38193693693697,22.55460418099012,-15.827332755946856,22.55460418099011,56.184128503506635,True,False,False,Neither hotspot,True,38.38193693693697,22.55460418099012
06,037,111100,06037111100,1400000US06037111100,1111,Census Tract 1111,G5020,S,1059245,0,+34.2683099,-118.4950694,los_angeles,Los Angeles,,,,,,,,,,1.05889251345704,41.50746688741723,22.60031635726711,-18.90715053015013,22.600316357267104,55.76673160950213,True,True,False,LST-only hotspot,False,41.50746688741723,22.60031635726711
06,037,111201,06037111201,1400000US06037111201,1112.01,Census Tract 1112.01,G5020,S,1912806,0,+34.2748338,-118.5101489,los_angeles,Los Angeles,,,,,,,,,,1.9121905021579155,40.35407630522092,22.60031635726711,-17.753759947953803,22.600316357267104,55.76673160950213,True,False,False,Neither hotspot,False,40.35407630522092,22.60031635726711
06,037,111202,06037111202,1400000US06037111202,1112.02,Census Tract 1112.02,G5020,S,1866692,0,+34.2684432,-118.5148271,los_angeles,Los Angeles,,,,,,,,,,1.8660935029389363,41.08996343692872,22.60031635726711,-18.489647079661616,22.600316357267104,55.76673160950213,True,False,False,Neither hotspot,False,41.08996343692872,22.60031635726711
06,037,111204,06037111204,1400000US06037111204,1112.04,Census Tract 1112.04,G5020,S,3294685,16600,+34.2626470,-118.5471995,los_angeles,Los Angeles,,,,,,,,,,3.310294520648947,40.24295356550583,22.459317785495912,-17.783635780009917,22.459317785495905,57.11243388277895,True,False,False,Neither hotspot,False,40.24295356550583,22.459317785495912
06,037,111302,06037111302,1400000US06037111302,1113.02,Census Tract 1113.02,G5020,S,1552799,0,+34.2539511,-118.5128425,los_angeles,Los Angeles,,,,,,,,,,1.5523008101200526,41.064062032884934,22.533693540950843,-18.53036849193409,22.533693540950843,56.81393814918877,True,False,False,Neither hotspot,False,41.064062032884934,22.533693540950843
06,037,127920,06037127920,1400000US06037127920,1279.20,Census Tract 1279.20,G5020,S,648714,0,+34.1975655,-118.4356225,los_angeles,Los Angeles,,,,,,,,,,0.6484752345355181,42.484329710144955,22.854393328791108,-19.629936381353847,22.854393328791105,55.583815028259906,True,True,True,Both LST and HI hotspot,False,42.484329710144955,22.854393328791108
06,037,128210,06037128210,1400000US06037128210,1282.10,Census Tract 1282.10,G5020,S,549953,0,+34.1835838,-118.4443453,los_angeles,Los Angeles,,,,,,,,,,0.5497531039886592,42.11500000000004,22.854393328791108,-19.26060667120893,22.854393328791105,55.583815028259906,True,True,True,Both LST and HI hotspot,False,42.11500000000004,22.854393328791108
06,037,128303,06037128303,1400000US06037128303,1283.03,Census Tract 1283.03,G5020,S,413944,0,+34.1830757,-118.4523813,los_angeles,Los Angeles,,,,,,,,,,0.4137958545639071,41.75870370370373,22.63604230148718,-19.12266140221655,22.63604230148718,57.18113367975614,True,True,False,LST-only hotspot,False,41.75870370370373,22.63604230148718
06,037,128400,06037128400,1400000US06037128400,1284,Census Tract 1284,G5020,S,1718132,0,+34.1765275,-118.4588047,los_angeles,Los Angeles,,,,,,,,,,1.7175266130871207,39.39452548330408,22.471828868353246,-16.922696614950826,22.471828868353246,58.38241577496684,True,False,False,Neither hotspot,False,39.39452548330408,22.471828868353246
06,037,128500,06037128500,1400000US06037128500,1285,Census Tract 1285,G5020,S,973792,0,+34.1703043,-118.4443439,los_angeles,Los Angeles,,,,,,,,,,0.973439285005086,40.47111111111114,22.854393328791108,-17.616717782320034,22.854393328791105,55.583815028259906,True,False,True,HI-only hotspot,True,40.47111111111114,22.854393328791108
06,037,123304,06037123304,1400000US06037123304,1233.04,Census Tract 1233.04,G5020,S,879083,0,+34.1965389,-118.4060882,los_angeles,Los Angeles,,,,,,,,,,0.8787441906032031,43.21426739926743,22.854393328791108,-20.35987407047632,22.854393328791105,55.583815028259906,True,True,True,Both LST and HI hotspot,False,43.21426739926743,22.854393328791108
06,037,109800,06037109800,1400000US06037109800,1098,Census Tract 1098,G5020,S,1399406,0,+34.2537115,-118.4815974,los_angeles,Los Angeles,,,,,,,,,,1.3989311958660267,41.741841666666694,22.53201455655308,-19.209827110113615,22.532014556553072,56.84032915963524,True,True,False,LST-only hotspot,False,41.741841666666694,22.53201455655308
06,037,123510,06037123510,1400000US06037123510,1235.10,Census Tract 1235.10,G5020,S,788309,10153,+34.1953384,-118.4290714,los_angeles,Los Angeles,,,,,,,,,,0.7981644967516169,42.34477820025351,22.854393328791108,-19.4903848714624,22.854393328791105,55.583815028259906,True,True,True,Both LST and HI hotspot,False,42.34477820025351,22.854393328791108
06,037,123520,06037123520,1400000US06037123520,1235.20,Census Tract 1235.20,G5020,S,502129,8707,+34.1884912,-118.4236080,los_angeles,Los Angeles,,,,,,,,,,0.5106450123713572,42.17172185430467,22.854393328791108,-19.31732852551356,22.854393328791105,55.583815028259906,True,True,True,Both LST and HI hotspot,False,42.17172185430467,22.854393328791108
06,037,123601,06037123601,1400000US06037123601,1236.01,Census Tract 1236.01,G5020,S,1504226,28231,+34.1774941,-118.4162038,los_angeles,Los Angeles,,,,,,,,,,1.5318755566261617,41.67617136659439,22.854393328791108,-18.821778037803284,22.854393328791105,55.583815028259906,True,True,True,Both LST and HI hotspot,False,41.67617136659439,22.854393328791108
06,037,123700,06037123700,1400000US06037123700,1237,Census Tract 1237,G5020,S,952358,0,+34.1848596,-118.4095169,los_angeles,Los Angeles,,,,,,,,,,0.951994058336785,41.988014705882385,22.854393328791108,-19.133621377091277,22.854393328791105,55.583815028259906,True,True,True,Both LST and HI hotspot,False,41.988014705882385,22.854393328791108
06,037,123800,06037123800,1400000US06037123800,1238,Census Tract 1238,G5020,S,1290035,0,+34.1797390,-118.4014358,los_angeles,Los Angeles,,,,,,,,,,1.2895348479551145,41.86412972085389,22.854393328791108,-19.00973639206278,22.854393328791105,55.583815028259906,True,True,True,Both LST and HI hotspot,False,41.86412972085389,22.854393328791108
06,037,113211,06037113211,1400000US06037113211,1132.11,Census Tract 1132.11,G5020,S,7280767,3053,+34.2675047,-118.6227776,los_angeles,Los Angeles,,,,,,,,,,7.281965315196429,37.37658053592465,22.25319856037198,-15.123381975552673,22.253198560371988,58.93293064723952,True,False,False,Neither hotspot,True,37.37658053592465,22.25319856037198
06,037,113212,06037113212,1400000US06037113212,1132.12,Census Tract 1132.12,G5020,S,998550,0,+34.2606831,-118.6024264,los_angeles,Los Angeles,,,,,,,,,,0.9982875409976043,39.353001186239645,22.262046252817353,-17.090954933422292,22.262046252817356,58.85546862513549,True,False,False,Neither hotspot,False,39.353001186239645,22.262046252817353
06,037,128910,06037128910,1400000US06037128910,1289.10,Census Tract 1289.10,G5020,S,1298022,38748,+34.1616765,-118.4585185,los_angeles,Los Angeles,,,,,,,,,,1.3362949337690377,39.50061361836899,22.484916101701454,-17.01569751666753,22.484916101701458,58.28667781494117,True,False,False,Neither hotspot,False,39.50061361836899,22.484916101701454
06,037,131100,06037131100,1400000US06037131100,1311,Census Tract 1311,G5020,S,1101828,0,+34.2146244,-118.5056231,los_angeles,Los Angeles,,,,,,,,,,1.1014709771805744,41.61494427558259,22.400895041313728,-19.21404923426887,22.40089504131373,58.90132299675208,True,True,False,LST-only hotspot,False,41.61494427558259,22.400895041313728
06,037,131200,06037131200,1400000US06037131200,1312,Census Tract 1312,G5020,S,1128421,0,+34.2147262,-118.5142310,los_angeles,Los Angeles,,,,,,,,,,1.1280614029897176,41.720425925925966,22.400895041313728,-19.319530884612227,22.40089504131373,58.90132299675208,True,True,False,LST-only hotspot,False,41.720425925925966,22.400895041313728
06,037,241202,06037241202,1400000US06037241202,2412.02,Census Tract 2412.02,G5020,S,1163232,0,+33.9334312,-118.2857529,los_angeles,Los Angeles,,,,,,,,,,1.1627078515757545,40.094912764003695,21.308033147065544,-18.78687961693815,21.308033147065544,66.53821427491826,True,False,False,Neither hotspot,False,40.094912764003695,21.308033147065544
06,037,262501,06037262501,1400000US06037262501,2625.01,Census Tract 2625.01,G5020,S,1635118,3278,+34.0503509,-118.5202383,los_angeles,Los Angeles,,,,,,,,,,1.6378806061146705,31.112683673469423,21.782667289955047,-9.243591617408407,21.782667289955043,62.86091820648541,True,False,False,Neither hotspot,True,31.112683673469423,21.782667289955047
06,037,264103,06037264103,1400000US06037264103,2641.03,Census Tract 2641.03,G5020,S,230523,0,+34.0549771,-118.4662764,los_angeles,Los Angeles,,,,,,,,,,0.23044243191805855,33.09614035087722,21.782667289955047,-11.313473060922174,21.782667289955043,62.86091820648541,True,False,False,Neither hotspot,True,33.09614035087722,21.782667289955047
06,037,239702,06037239702,1400000US06037239702,2397.02,Census Tract 2397.02,G5020,S,486273,0,+33.9622020,-118.2750006,los_angeles,Los Angeles,,,,,,,,,,0.48604902579743037,40.961960167714906,22.093422038313296,-18.86853812940162,22.093422038313292,61.875082282866735,True,False,False,Neither hotspot,False,40.961960167714906,22.093422038313296
06,037,239802,06037239802,1400000US06037239802,2398.02,Census Tract 2398.02,G5020,S,609447,0,+33.9624080,-118.2629489,los_angeles,Los Angeles,,,,,,,,,,0.6091647760644133,41.37354054054057,22.093422038313296,-19.28011850222727,22.093422038313292,61.875082282866735,True,False,False,Neither hotspot,False,41.37354054054057,22.093422038313296
06,037,265601,06037265601,1400000US06037265601,2656.01,Census Tract 2656.01,G5020,S,623099,0,+34.0558599,-118.4327259,los_angeles,Los Angeles,,,,,,,,,,0.6228704164305937,35.881701940035306,22.395122353926983,-13.48657958610832,22.39512235392698,59.306167605666204,True,False,False,Neither hotspot,True,35.881701940035306,22.395122353926983
06,037,106649,06037106649,1400000US06037106649,1066.49,Census Tract 1066.49,G5020,S,1112675,0,+34.2892496,-118.4606550,los_angeles,Los Angeles,,,,,,,,,,1.1122786730869119,40.59658357771263,22.60031635726711,-17.996267220445525,22.600316357267104,55.76673160950213,True,False,False,Neither hotspot,False,40.59658357771263,22.60031635726711
06,037,108202,06037108202,1400000US06037108202,1082.02,Census Tract 1082.02,G5020,S,5976110,3024,+34.2840658,-118.5812419,los_angeles,Los Angeles,,,,,,,,,,5.977474494707097,37.12622007859953,22.262046252817353,-14.864173825782178,22.262046252817356,58.85546862513549,True,False,False,Neither hotspot,True,37.12622007859953,22.262046252817353
06,037,102104,06037102104,1400000US06037102104,1021.04,Census Tract 1021.04,G5020,S,1658823,0,+34.2161790,-118.3453979,los_angeles,Los Angeles,,,,,,,,,,1.6581230868198724,41.941819085487104,22.944011704010222,-18.99780738147688,22.94401170401022,53.62865092055424,True,True,True,Both LST and HI hotspot,False,41.941819085487104,22.944011704010222
06,037,113237,06037113237,1400000US06037113237,1132.37,Census Tract 1132.37,G5020,S,4736224,11048,+34.2451986,-118.6126947,los_angeles,Los Angeles,,,,,,,,,,4.746054377693432,39.21955637091397,21.84295901769052,-17.37659735322345,21.842959017690514,62.52459985583065,True,False,False,Neither hotspot,False,39.21955637091397,21.84295901769052
06,037,190401,06037190401,1400000US06037190401,1904.01,Census Tract 1904.01,G5020,S,166929,0,+34.1035718,-118.3027866,los_angeles,Los Angeles,,,,,,,,,,0.1668551827050545,38.61833333333336,22.772576144121732,-15.845757189211628,22.77257614412173,56.943057890226434,True,False,True,HI-only hotspot,True,38.61833333333336,22.772576144121732
06,037,190402,06037190402,1400000US06037190402,1904.02,Census Tract 1904.02,G5020,S,157146,0,+34.1035491,-118.3071514,los_angeles,Los Angeles,,,,,,,,,,0.15707567568106043,38.52988888888892,22.772576144121732,-15.757312744767185,22.77257614412173,56.943057890226434,True,False,True,HI-only hotspot,True,38.52988888888892,22.772576144121732
06,037,190801,06037190801,1400000US06037190801,1908.01,Census Tract 1908.01,G5020,S,324193,0,+34.0943767,-118.3244586,los_angeles,Los Angeles,,,,,,,,,,0.32405223618089923,39.57753623188408,22.772576144121732,-16.804960087762353,22.77257614412173,56.943057890226434,True,False,True,HI-only hotspot,True,39.57753623188408,22.772576144121732
06,037,207501,06037207501,1400000US06037207501,2075.01,Census Tract 2075.01,G5020,S,134327,0,+34.0564422,-118.2529675,los_angeles,Los Angeles,,,,,,,,,,0.13426294592665838,40.492393162393185,22.827672541110537,-17.664720621282644,22.82767254111053,55.92125546884559,True,False,True,HI-only hotspot,True,40.492393162393185,22.827672541110537
06,037,208501,06037208501,1400000US06037208501,2085.01,Census Tract 2085.01,G5020,S,243219,0,+34.0695316,-118.2719463,los_angeles,Los Angeles,,,,,,,,,,0.24310623500435843,41.05247807017546,22.772576144121732,-18.279901926053732,22.77257614412173,56.943057890226434,True,False,True,HI-only hotspot,True,41.05247807017546,22.772576144121732
06,037,185203,06037185203,1400000US06037185203,1852.03,Census Tract 1852.03,G5020,S,548105,0,+34.1001268,-118.2316876,los_angeles,Los Angeles,,,,,,,,,,0.5478413143759564,38.47386546184742,22.835774952432423,-15.638090509414994,22.835774952432416,55.77099040687782,True,False,True,HI-only hotspot,True,38.47386546184742,22.835774952432423
06,037,185204,06037185204,1400000US06037185204,1852.04,Census Tract 1852.04,G5020,S,963641,0,+34.1029045,-118.2232595,los_angeles,Los Angeles,,,,,,,,,,0.9631714989754351,38.65043918918922,22.835774952432423,-15.814664236756794,22.835774952432416,55.77099040687782,True,False,True,HI-only hotspot,True,38.65043918918922,22.835774952432423
06,037,211121,06037211121,1400000US06037211121,2111.21,Census Tract 2111.21,G5020,S,213925,0,+34.0730100,-118.2854106,los_angeles,Los Angeles,,,,,,,,,,0.21382932572195865,40.47085858585862,22.772576144121732,-17.698282441736893,22.77257614412173,56.943057890226434,True,False,True,HI-only hotspot,True,40.47085858585862,22.772576144121732
06,037,211202,06037211202,1400000US06037211202,2112.02,Census Tract 2112.02,G5020,S,179169,0,+34.0745209,-118.2941130,los_angeles,Los Angeles,,,,,,,,,,0.17908703992696617,40.20833333333336,22.772576144121732,-17.435757189211625,22.77257614412173,56.943057890226434,True,False,True,HI-only hotspot,True,40.20833333333336,22.772576144121732
06,037,291120,06037291120,1400000US06037291120,2911.20,Census Tract 2911.20,G5020,S,701467,0,+33.9127920,-118.2869267,los_angeles,Los Angeles,,,,,,,,,,0.7011501304117917,40.791281407035214,21.308033147065544,-19.483248259969663,21.308033147065544,66.53821427491826,True,False,False,Neither hotspot,False,40.791281407035214,21.308033147065544
06,037,267902,06037267902,1400000US06037267902,2679.02,Census Tract 2679.02,G5020,S,778072,0,+34.0475522,-118.4201983,los_angeles,Los Angeles,,,,,,,,,,0.7777762305534657,36.95813443072706,22.188222150961334,-14.769912279765721,22.18822215096133,60.47351157256979,True,False,False,Neither hotspot,True,36.95813443072706,22.188222150961334
06,037,269601,06037269601,1400000US06037269601,2696.01,Census Tract 2696.01,G5020,S,333656,0,+34.0418546,-118.3794518,los_angeles,Los Angeles,,,,,,,,,,0.33352278164311977,38.120641025641056,21.696834168917924,-16.423806856723132,21.696834168917917,63.2459534939658,True,False,False,Neither hotspot,False,38.120641025641056,21.696834168917924
06,037,269903,06037269903,1400000US06037269903,2699.03,Census Tract 2699.03,G5020,S,283825,0,+34.0209031,-118.4064763,los_angeles,Los Angeles,,,,,,,,,,0.2837167106638071,37.771198501872696,21.696834168917924,-16.074364332954772,21.696834168917917,63.2459534939658,True,False,False,Neither hotspot,False,37.771198501872696,21.696834168917924
06,037,269905,06037269905,1400000US06037269905,2699.05,Census Tract 2699.05,G5020,S,238027,0,+34.0218574,-118.4018807,los_angeles,Los Angeles,,,,,,,,,,0.23793649345330076,38.21333333333336,21.696834168917924,-16.516499164415436,21.696834168917917,63.2459534939658,True,False,False,Neither hotspot,False,38.21333333333336,21.696834168917924
06,037,271902,06037271902,1400000US06037271902,2719.02,Census Tract 2719.02,G5020,S,924201,0,+34.0096289,-118.4316771,los_angeles,Los Angeles,,,,,,,,,,0.9238602842002152,35.899155092592615,21.696834168917924,-14.202320923674696,21.696834168917917,63.2459534939658,True,False,False,Neither hotspot,True,35.899155092592615,21.696834168917924
06,037,272201,06037272201,1400000US06037272201,2722.01,Census Tract 2722.01,G5020,S,260003,0,+34.0003832,-118.4341265,los_angeles,Los Angeles,,,,,,,,,,0.25990675429621707,35.172616033755304,21.696834168917924,-13.47578186483738,21.696834168917917,63.2459534939658,True,False,False,Neither hotspot,True,35.172616033755304,21.696834168917924
06,037,272202,06037272202,1400000US06037272202,2722.02,Census Tract 2722.02,G5020,S,309580,0,+33.9975532,-118.4391489,los_angeles,Los Angeles,,,,,,,,,,0.30946741201321276,34.65374570446739,21.696834168917924,-12.956911535549462,21.696834168917917,63.2459534939658,True,False,False,Neither hotspot,True,34.65374570446739,21.696834168917924
06,037,271801,06037271801,1400000US06037271801,2718.01,Census Tract 2718.01,G5020,S,479928,0,+34.0167262,-118.4182342,los_angeles,Los Angeles,,,,,,,,,,0.4797467494832995,36.837527593819026,21.696834168917924,-15.140693424901098,21.696834168917917,63.2459534939658,True,False,False,Neither hotspot,True,36.837527593819026,21.696834168917924
06,037,221810,06037221810,1400000US06037221810,2218.10,Census Tract 2218.10,G5020,S,304336,0,+34.0306568,-118.2923015,los_angeles,Los Angeles,,,,,,,,,,0.30419906254706847,40.8616666666667,22.093422038313296,-18.768244628353404,22.093422038313292,61.875082282866735,True,False,False,Neither hotspot,False,40.8616666666667,22.093422038313296
06,037,203200,06037203200,1400000US06037203200,2032,Census Tract 2032,G5020,S,515982,0,+34.0526028,-118.1968646,los_angeles,Los Angeles,,,,,,,,,,0.5157243541211456,41.06863636363639,22.835774952432423,-18.232861411203963,22.835774952432416,55.77099040687782,True,False,True,HI-only hotspot,True,41.06863636363639,22.835774952432423
06,037,262400,06037262400,1400000US06037262400,2624,Census Tract 2624,G5020,S,11268733,0,+34.0918093,-118.5086270,los_angeles,Los Angeles,,,,,,,,,,11.265096267664282,30.05430727814636,21.782667289955047,-8.271639988191314,21.782667289955043,62.86091820648541,True,False,False,Neither hotspot,True,30.05430727814636,21.782667289955047
06,037,209402,06037209402,1400000US06037209402,2094.02,Census Tract 2094.02,G5020,S,136231,0,+34.0546619,-118.2772209,los_angeles,Los Angeles,,,,,,,,,,0.13616801825874736,40.97141666666669,22.772576144121732,-18.19884052254496,22.77257614412173,56.943057890226434,True,False,True,HI-only hotspot,True,40.97141666666669,22.772576144121732
06,037,212305,06037212305,1400000US06037212305,2123.05,Census Tract 2123.05,G5020,S,108058,0,+34.0561038,-118.2981624,los_angeles,Los Angeles,,,,,,,,,,0.10801036234877374,38.98236111111114,22.772576144121732,-16.209784966989407,22.77257614412173,56.943057890226434,True,False,True,HI-only hotspot,True,38.98236111111114,22.772576144121732
06,037,211804,06037211804,1400000US06037211804,2118.04,Census Tract 2118.04,G5020,S,185958,0,+34.0671619,-118.3066067,los_angeles,Los Angeles,,,,,,,,,,0.18587690783213004,38.6041666666667,22.772576144121732,-15.831590522544966,22.77257614412173,56.943057890226434,True,False,True,HI-only hotspot,True,38.6041666666667,22.772576144121732
06,037,212101,06037212101,1400000US06037212101,2121.01,Census Tract 2121.01,G5020,S,185776,0,+34.0635956,-118.2941414,los_angeles,Los Angeles,,,,,,,,,,0.18569179304202263,39.483993710691855,22.772576144121732,-16.711417566570127,22.77257614412173,56.943057890226434,True,False,True,HI-only hotspot,True,39.483993710691855,22.772576144121732
06,037,212102,06037212102,1400000US06037212102,2121.02,Census Tract 2121.02,G5020,S,138659,0,+34.0635726,-118.2984975,los_angeles,Los Angeles,,,,,,,,,,0.13859768057485358,39.122017543859684,22.772576144121732,-16.349441399737948,22.77257614412173,56.943057890226434,True,False,True,HI-only hotspot,True,39.122017543859684,22.772576144121732
06,037,214503,06037214503,1400000US06037214503,2145.03,Census Tract 2145.03,G5020,S,232314,0,+34.0668419,-118.3541156,los_angeles,Los Angeles,,,,,,,,,,0.23221691522488472,38.221000000000025,22.48319490497243,-15.737805095027598,22.48319490497242,58.75477533873026,True,False,False,Neither hotspot,True,38.221000000000025,22.48319490497243
06,037,234901,06037234901,1400000US06037234901,2349.01,Census Tract 2349.01,G5020,S,325412,0,+33.9817876,-118.3286609,los_angeles,Los Angeles,,,,,,,,,,0.3252737617974266,39.14489197530867,22.093422038313296,-17.05146993699537,22.093422038313292,61.875082282866735,True,False,False,Neither hotspot,False,39.14489197530867,22.093422038313296
06,037,239801,06037239801,1400000US06037239801,2398.01,Census Tract 2398.01,G5020,S,370764,0,+33.9660533,-118.2629318,los_angeles,Los Angeles,,,,,,,,,,0.3705890420540084,41.3589568345324,22.093422038313296,-19.265534796219107,22.093422038313292,61.875082282866735,True,False,False,Neither hotspot,False,41.3589568345324,22.093422038313296
06,037,261102,06037261102,1400000US06037261102,2611.02,Census Tract 2611.02,G5020,S,7952195,0,+34.1132006,-118.4248437,los_angeles,Los Angeles,,,,,,,,,,7.94922185236827,32.156111111111144,22.395122353926983,-9.760988757184158,22.39512235392698,59.306167605666204,True,False,False,Neither hotspot,True,32.156111111111144,22.395122353926983
06,037,191204,06037191204,1400000US06037191204,1912.04,Census Tract 1912.04,G5020,S,201085,0,+34.0930661,-118.2982811,los_angeles,Los Angeles,,,,,,,,,,0.20099604607105415,40.27510752688175,22.772576144121732,-17.502531382760015,22.77257614412173,56.943057890226434,True,False,True,HI-only hotspot,True,40.27510752688175,22.772576144121732
06,037,143901,06037143901,1400000US06037143901,1439.01,Census Tract 1439.01,G5020,S,5281922,11638,+34.1321312,-118.4000525,los_angeles,Los Angeles,,,,,,,,,,5.291493859414028,34.00882226322265,22.395122353926983,-11.613699909295672,22.39512235392698,59.306167605666204,True,False,False,Neither hotspot,True,34.00882226322265,22.395122353926983
06,037,139802,06037139802,1400000US06037139802,1398.02,Census Tract 1398.02,G5020,S,6076219,0,+34.1428645,-118.5563557,los_angeles,Los Angeles,,,,,,,,,,6.074440673410647,35.50763185935006,21.427818717426998,-14.079813141923063,21.42781871742699,65.45341092685732,True,False,False,Neither hotspot,True,35.50763185935006,21.427818717426998
06,037,123010,06037123010,1400000US06037123010,1230.10,Census Tract 1230.10,G5020,S,1015841,0,+34.2027436,-118.3745716,los_angeles,Los Angeles,,,,,,,,,,1.0154276518322491,43.58212307692309,22.854393328791108,-20.727729748131992,22.854393328791105,55.583815028259906,True,True,True,Both LST and HI hotspot,False,43.58212307692309,22.854393328791108
06,037,134720,06037134720,1400000US06037134720,1347.20,Census Tract 1347.20,G5020,S,989535,0,+34.2046449,-118.5688121,los_angeles,Los Angeles,,,,,,,,,,0.9892531094075638,42.437461170848295,21.83585102523586,-20.601610145612433,21.835851025235854,62.58683071116808,True,True,False,LST-only hotspot,False,42.437461170848295,21.83585102523586
06,037,224310,06037224310,1400000US06037224310,2243.10,Census Tract 2243.10,G5020,S,180792,0,+34.0443840,-118.2827213,los_angeles,Los Angeles,,,,,,,,,,0.18071216152661784,41.045993589743624,22.210967941241677,-18.83502564850194,22.210967941241677,61.02146267644823,True,False,False,Neither hotspot,False,41.045993589743624,22.210967941241677
06,037,143602,06037143602,1400000US06037143602,1436.02,Census Tract 1436.02,G5020,S,1146733,73249,+34.1450296,-118.3855058,los_angeles,Los Angeles,,,,,,,,,,1.2194974389115514,37.712153316106836,22.395122353926983,-15.31703096217985,22.39512235392698,59.306167605666204,True,False,False,Neither hotspot,True,37.712153316106836,22.395122353926983
06,037,186100,06037186100,1400000US06037186100,1861,Census Tract 1861,G5020,S,1347073,0,+34.1284627,-118.2299806,los_angeles,Los Angeles,,,,,,,,,,1.3464240130453318,38.993223010244314,22.835774952432423,-16.157448057811894,22.835774952432416,55.77099040687782,True,False,True,HI-only hotspot,True,38.993223010244314,22.835774952432423
06,037,293307,06037293307,1400000US06037293307,2933.07,Census Tract 2933.07,G5020,S,338892,0,+33.7873771,-118.3035525,los_angeles,Los Angeles,,,,,,,,,,0.3387429860512075,37.29715542521998,20.438854485663853,-16.858300939556123,20.438854485663853,71.0706293286502,True,False,False,Neither hotspot,False,37.29715542521998,20.438854485663853
06,037,209810,06037209810,1400000US06037209810,2098.10,Census Tract 2098.10,G5020,S,149829,0,+34.0491173,-118.2823449,los_angeles,Los Angeles,,,,,,,,,,0.1497617297671477,40.811777777777806,22.772576144121732,-18.039201633656074,22.77257614412173,56.943057890226434,True,False,True,HI-only hotspot,True,40.811777777777806,22.772576144121732
06,037,117404,06037117404,1400000US06037117404,1174.04,Census Tract 1174.04,G5020,S,1765652,0,+34.2284788,-118.4790770,los_angeles,Los Angeles,,,,,,,,,,1.7650469612334145,41.91574074074077,22.400895041313728,-19.514845699427045,22.40089504131373,58.90132299675208,True,True,False,LST-only hotspot,False,41.91574074074077,22.400895041313728
06,037,123203,06037123203,1400000US06037123203,1232.03,Census Tract 1232.03,G5020,S,583709,3900,+34.1967006,-118.3916113,los_angeles,Los Angeles,,,,,,,,,,0.5873759186200949,43.34765398550729,22.854393328791108,-20.493260656716178,22.854393328791105,55.583815028259906,True,True,True,Both LST and HI hotspot,False,43.34765398550729,22.854393328791108
06,037,237600,06037237600,1400000US06037237600,2376,Census Tract 2376,G5020,S,503739,0,+33.9785135,-118.2838719,los_angeles,Los Angeles,,,,,,,,,,0.503514223744573,41.20067085953881,22.093422038313296,-19.107248821225514,22.093422038313292,61.875082282866735,True,False,False,Neither hotspot,False,41.20067085953881,22.093422038313296
06,037,204410,06037204410,1400000US06037204410,2044.10,Census Tract 2044.10,G5020,S,296877,0,+34.0461881,-118.2152707,los_angeles,Los Angeles,,,,,,,,,,0.29673054824643313,41.244827586206924,22.62372367013087,-18.621103916076052,22.623723670130868,58.421325277412095,True,False,False,Neither hotspot,False,41.244827586206924,22.62372367013087
06,037,296220,06037296220,1400000US06037296220,2962.20,Census Tract 2962.20,G5020,S,536366,0,+33.7410279,-118.2837798,los_angeles,Los Angeles,,,,,,,,,,0.5361246205723946,34.72327607470052,,,,,False,False,False,Missing,False,34.72327607470052,
06,037,228500,06037228500,1400000US06037228500,2285,Census Tract 2285,G5020,S,448896,0,+34.0034920,-118.2690648,los_angeles,Los Angeles,,,,,,,,,,0.4486876621321162,41.69833333333335,22.093422038313296,-19.604911295020056,22.093422038313292,61.875082282866735,True,True,False,LST-only hotspot,False,41.69833333333335,22.093422038313296
06,037,183810,06037183810,1400000US06037183810,1838.10,Census Tract 1838.10,G5020,S,454936,0,+34.1073650,-118.1978496,los_angeles,Los Angeles,,,,,,,,,,0.4547060208364349,38.08876498800963,22.835774952432423,-15.252990035577197,22.835774952432416,55.77099040687782,True,False,True,HI-only hotspot,True,38.08876498800963,22.835774952432423
06,037,131400,06037131400,1400000US06037131400,1314,Census Tract 1314,G5020,S,1107142,0,+34.2145917,-118.5316957,los_angeles,Los Angeles,,,,,,,,,,1.1067991692990629,41.52277777777782,22.400895041313728,-19.121882736464087,22.40089504131373,58.90132299675208,True,True,False,LST-only hotspot,False,41.52277777777782,22.400895041313728
06,037,131600,06037131600,1400000US06037131600,1316,Census Tract 1316,G5020,S,2184442,6443,+34.2147180,-118.5513560,los_angeles,Los Angeles,,,,,,,,,,2.1902383203763467,41.84439153439157,22.032352623900746,-19.81203891049082,22.032352623900742,61.305146210195126,True,True,False,LST-only hotspot,False,41.84439153439157,22.032352623900746
06,037,131900,06037131900,1400000US06037131900,1319,Census Tract 1319,G5020,S,1318217,0,+34.2047193,-118.5098593,los_angeles,Los Angeles,,,,,,,,,,1.3177911923201453,41.69644012944987,22.400895041313728,-19.295545088136144,22.40089504131373,58.90132299675208,True,True,False,LST-only hotspot,False,41.69644012944987,22.400895041313728
06,037,262303,06037262303,1400000US06037262303,2623.03,Census Tract 2623.03,G5020,S,2614304,0,+34.0660696,-118.4868492,los_angeles,Los Angeles,,,,,,,,,,2.613430077935289,30.63384710234281,21.782667289955047,-8.851179812387766,21.782667289955043,62.86091820648541,True,False,False,Neither hotspot,True,30.63384710234281,21.782667289955047
06,037,191410,06037191410,1400000US06037191410,1914.10,Census Tract 1914.10,G5020,S,311385,0,+34.0887621,-118.2881169,los_angeles,Los Angeles,,,,,,,,,,0.31124497764388726,40.767614379084996,22.772576144121732,-17.995038234963268,22.77257614412173,56.943057890226434,True,False,True,HI-only hotspot,True,40.767614379084996,22.772576144121732
06,037,234800,06037234800,1400000US06037234800,2348,Census Tract 2348,G5020,S,654190,0,+33.9818234,-118.3220826,los_angeles,Los Angeles,,,,,,,,,,0.6539064201998807,39.23003840245779,22.093422038313296,-17.13661636414449,22.093422038313292,61.875082282866735,True,False,False,Neither hotspot,False,39.23003840245779,22.093422038313296
06,037,141600,06037141600,1400000US06037141600,1416,Census Tract 1416,G5020,S,3905302,0,+34.1388889,-118.4612098,los_angeles,Los Angeles,,,,,,,,,,3.903925291179851,35.976690218897225,21.855978619308292,-14.120711599588939,21.85597861930829,62.43541190015293,True,False,False,Neither hotspot,True,35.976690218897225,21.855978619308292
06,037,980021,06037980021,1400000US06037980021,9800.21,Census Tract 9800.21,G5020,S,6879973,65862,+34.2700470,-118.3813338,los_angeles,Los Angeles,,,,,,,,,,6.943032203071803,39.86362886918651,22.590239875110747,-17.273388994075777,22.590239875110747,53.03224036582201,True,False,False,Neither hotspot,False,39.86362886918651,22.590239875110747
06,037,211802,06037211802,1400000US06037211802,2118.02,Census Tract 2118.02,G5020,S,325416,0,+34.0635374,-118.3047254,los_angeles,Los Angeles,,,,,,,,,,0.3252728544384844,38.26237318840582,22.772576144121732,-15.489797044284087,22.77257614412173,56.943057890226434,True,False,True,HI-only hotspot,True,38.26237318840582,22.772576144121732
06,037,262100,06037262100,1400000US06037262100,2621,Census Tract 2621,G5020,S,8744712,27033,+34.1080230,-118.4569641,los_angeles,Los Angeles,,,,,,,,,,8.76859951814331,32.41769169132152,22.074625343749357,-10.343066347572165,22.074625343749354,61.16636438826943,True,False,False,Neither hotspot,True,32.41769169132152,22.074625343749357
06,037,191720,06037191720,1400000US06037191720,1917.20,Census Tract 1917.20,G5020,S,264327,0,+34.0887897,-118.3123611,los_angeles,Los Angeles,,,,,,,,,,0.2642118355880772,39.8266666666667,22.772576144121732,-17.05409052254497,22.77257614412173,56.943057890226434,True,False,True,HI-only hotspot,True,39.8266666666667,22.772576144121732
06,037,194300,06037194300,1400000US06037194300,1943,Census Tract 1943,G5020,S,2470916,0,+34.1016712,-118.3875194,los_angeles,Los Angeles,,,,,,,,,,2.469938025465317,33.80624622682193,22.395122353926983,-11.411123872894954,22.39512235392698,59.306167605666204,True,False,False,Neither hotspot,True,33.80624622682193,22.395122353926983
06,037,122420,06037122420,1400000US06037122420,1224.20,Census Tract 1224.20,G5020,S,862724,0,+34.2036100,-118.3832842,los_angeles,Los Angeles,,,,,,,,,,0.8623797137160375,43.61389880952385,22.854393328791108,-20.759505480732734,22.854393328791105,55.583815028259906,True,True,True,Both LST and HI hotspot,False,43.61389880952385,22.854393328791108
06,037,128220,06037128220,1400000US06037128220,1282.20,Census Tract 1282.20,G5020,S,555593,0,+34.1835533,-118.4355767,los_angeles,Los Angeles,,,,,,,,,,0.5553879311593496,42.1313541666667,22.854393328791108,-19.276960837875592,22.854393328791105,55.583815028259906,True,True,True,Both LST and HI hotspot,False,42.1313541666667,22.854393328791108
06,037,189903,06037189903,1400000US06037189903,1899.03,Census Tract 1899.03,G5020,S,83968,0,+34.1025151,-118.3477123,los_angeles,Los Angeles,,,,,,,,,,0.08393264802981154,35.866666666666696,22.772576144121732,-13.094090522544963,22.77257614412173,56.943057890226434,True,False,True,HI-only hotspot,True,35.866666666666696,22.772576144121732
06,037,194101,06037194101,1400000US06037194101,1941.01,Census Tract 1941.01,G5020,S,2542754,0,+34.1114184,-118.3530199,los_angeles,Los Angeles,,,,,,,,,,2.5416965931420856,34.77006329113927,22.578593563338103,-12.191469727801172,22.5785935633381,58.15751680727523,True,False,False,Neither hotspot,True,34.77006329113927,22.578593563338103
06,037,111205,06037111205,1400000US06037111205,1112.05,Census Tract 1112.05,G5020,S,1141321,17739,+34.2539438,-118.5351373,los_angeles,Los Angeles,,,,,,,,,,1.1587038994198535,41.006565349544104,22.529397530621075,-18.477167818923025,22.529397530621075,56.881464716822016,True,False,False,Neither hotspot,False,41.006565349544104,22.529397530621075
06,037,265602,06037265602,1400000US06037265602,2656.02,Census Tract 2656.02,G5020,S,335903,0,+34.0602409,-118.4341570,los_angeles,Los Angeles,,,,,,,,,,0.3357792930783502,35.425137614678924,22.395122353926983,-13.030015260751945,22.39512235392698,59.306167605666204,True,False,False,Neither hotspot,True,35.425137614678924,22.395122353926983
06,037,115403,06037115403,1400000US06037115403,1154.03,Census Tract 1154.03,G5020,S,703742,0,+34.2247342,-118.5317299,los_angeles,Los Angeles,,,,,,,,,,0.7035259618928178,41.89671875000004,22.400895041313728,-19.49582370868631,22.40089504131373,58.90132299675208,True,True,False,LST-only hotspot,False,41.89671875000004,22.400895041313728
06,037,297201,06037297201,1400000US06037297201,2972.01,Census Tract 2972.01,G5020,S,403962,0,+33.7249036,-118.2914165,los_angeles,Los Angeles,,,,,,,,,,0.40378034377669464,33.99855775803147,,,,,False,False,False,Missing,False,33.99855775803147,
06,037,125502,06037125502,1400000US06037125502,1255.02,Census Tract 1255.02,G5020,S,522914,0,+34.1566283,-118.3655444,los_angeles,Los Angeles,,,,,,,,,,0.522698903249368,40.347586912065466,22.792405835251163,-17.555181076814304,22.79240583525116,56.08621844361535,True,False,True,HI-only hotspot,True,40.347586912065466,22.792405835251163
06,037,127103,06037127103,1400000US06037127103,1271.03,Census Tract 1271.03,G5020,S,280065,5980,+34.2043745,-118.4301703,los_angeles,Los Angeles,,,,,,,,,,0.28593891151323864,42.976666666666695,22.854393328791108,-20.122273337875587,22.854393328791105,55.583815028259906,True,True,True,Both LST and HI hotspot,False,42.976666666666695,22.854393328791108
06,037,127603,06037127603,1400000US06037127603,1276.03,Census Tract 1276.03,G5020,S,431404,0,+34.1957241,-118.4800237,los_angeles,Los Angeles,,,,,,,,,,0.43125685988206974,42.02161290322583,22.400895041313728,-19.620717861912105,22.40089504131373,58.90132299675208,True,True,False,LST-only hotspot,False,42.02161290322583,22.400895041313728
06,037,127711,06037127711,1400000US06037127711,1277.11,Census Tract 1277.11,G5020,S,955433,0,+34.1879128,-118.4698269,los_angeles,Los Angeles,,,,,,,,,,0.9550994245674803,41.19278333333336,22.400895041313728,-18.79188829201963,22.40089504131373,58.90132299675208,True,False,False,Neither hotspot,False,41.19278333333336,22.400895041313728
06,037,127803,06037127803,1400000US06037127803,1278.03,Census Tract 1278.03,G5020,S,640835,0,+34.1975153,-118.4530799,los_angeles,Los Angeles,,,,,,,,,,0.6406063219250134,42.2107657657658,22.562683619548906,-19.6480821462169,22.562683619548906,57.717779613398115,True,True,False,LST-only hotspot,False,42.2107657657658,22.562683619548906
06,037,127806,06037127806,1400000US06037127806,1278.06,Census Tract 1278.06,G5020,S,683161,0,+34.1885731,-118.4572358,los_angeles,Los Angeles,,,,,,,,,,0.6829163409639839,41.44771771771775,22.49077758477771,-18.956940132940034,22.49077758477772,58.24379889488876,True,True,False,LST-only hotspot,False,41.44771771771775,22.49077758477771
06,037,128101,06037128101,1400000US06037128101,1281.01,Census Tract 1281.01,G5020,S,648896,0,+34.1902993,-118.4356174,los_angeles,Los Angeles,,,,,,,,,,0.6486563817750653,42.205817901234596,22.854393328791108,-19.35142457244349,22.854393328791105,55.583815028259906,True,True,True,Both LST and HI hotspot,False,42.205817901234596,22.854393328791108
06,037,128601,06037128601,1400000US06037128601,1286.01,Census Tract 1286.01,G5020,S,681877,0,+34.1784585,-118.4410822,los_angeles,Los Angeles,,,,,,,,,,0.6816261649657674,41.14659779614327,22.854393328791108,-18.292204467352164,22.854393328791105,55.583815028259906,True,False,True,HI-only hotspot,True,41.14659779614327,22.854393328791108
06,037,128602,06037128602,1400000US06037128602,1286.02,Census Tract 1286.02,G5020,S,1134347,0,+34.1712143,-118.4356063,los_angeles,Los Angeles,,,,,,,,,,1.1339292784663366,41.386332350049194,22.854393328791108,-18.531939021258086,22.854393328791105,55.583815028259906,True,False,True,HI-only hotspot,True,41.386332350049194,22.854393328791108
06,037,128802,06037128802,1400000US06037128802,1288.02,Census Tract 1288.02,G5020,S,971169,0,+34.1684788,-118.4552597,los_angeles,Los Angeles,,,,,,,,,,0.9708204776557384,39.03158273381298,22.51019139117339,-16.521391342639596,22.51019139117339,58.10177970938167,True,False,False,Neither hotspot,False,39.03158273381298,22.51019139117339
06,037,131702,06037131702,1400000US06037131702,1317.02,Census Tract 1317.02,G5020,S,716344,4766,+34.2035942,-118.5476933,los_angeles,Los Angeles,,,,,,,,,,0.7208911115855114,42.21010673234813,22.233886957743913,-19.976219774604218,22.233886957743913,59.990635621702616,True,True,False,LST-only hotspot,False,42.21010673234813,22.233886957743913
06,037,132002,06037132002,1400000US06037132002,1320.02,Census Tract 1320.02,G5020,S,1600216,0,+34.1948951,-118.5071960,los_angeles,Los Angeles,,,,,,,,,,1.5996960318511186,41.56631241565455,22.400895041313728,-19.16541737434082,22.40089504131373,58.90132299675208,True,True,False,LST-only hotspot,False,41.56631241565455,22.400895041313728
06,037,132101,06037132101,1400000US06037132101,1321.01,Census Tract 1321.01,G5020,S,810523,0,+34.1902625,-118.4956552,los_angeles,Los Angeles,,,,,,,,,,0.8102534928255736,41.465166051660546,22.400895041313728,-19.064271010346815,22.40089504131373,58.90132299675208,True,True,False,LST-only hotspot,False,41.465166051660546,22.400895041313728
06,037,273502,06037273502,1400000US06037273502,2735.02,Census Tract 2735.02,G5020,S,593097,193545,+33.9867153,-118.4722260,los_angeles,Los Angeles,,,,,,,,,,0.7863687207378026,30.922000000000033,,,,,False,False,False,Missing,False,30.922000000000033,
06,037,273902,06037273902,1400000US06037273902,2739.02,Census Tract 2739.02,G5020,S,904442,286125,+33.9832035,-118.4661393,los_angeles,Los Angeles,,,,,,,,,,1.1901568737140797,29.547744572158397,,,,,False,False,False,Missing,False,29.547744572158397,
06,037,275102,06037275102,1400000US06037275102,2751.02,Census Tract 2751.02,G5020,S,610131,13718,+33.9979789,-118.4112469,los_angeles,Los Angeles,,,,,,,,,,0.6236118726385489,36.59260526315793,21.696834168917924,-14.895771094240004,21.696834168917917,63.2459534939658,True,False,False,Neither hotspot,True,36.59260526315793,21.696834168917924
06,037,275603,06037275603,1400000US06037275603,2756.03,Census Tract 2756.03,G5020,S,995774,28121,+33.9864759,-118.4066251,los_angeles,Los Angeles,,,,,,,,,,1.0235023542059376,35.88621505376347,21.696834168917924,-14.189380884845546,21.696834168917917,63.2459534939658,True,False,False,Neither hotspot,True,35.88621505376347,21.696834168917924
06,037,231720,06037231720,1400000US06037231720,2317.20,Census Tract 2317.20,G5020,S,472239,0,+34.0074463,-118.2840710,los_angeles,Los Angeles,,,,,,,,,,0.4720252023657759,41.593062770562796,22.093422038313296,-19.499640732249503,22.093422038313292,61.875082282866735,True,True,False,LST-only hotspot,False,41.593062770562796,22.093422038313296
06,037,212410,06037212410,1400000US06037212410,2124.10,Census Tract 2124.10,G5020,S,157191,0,+34.0595607,-118.3022261,los_angeles,Los Angeles,,,,,,,,,,0.1571201788547879,38.063333333333354,22.772576144121732,-15.290757189211622,22.77257614412173,56.943057890226434,True,False,True,HI-only hotspot,True,38.063333333333354,22.772576144121732
06,037,127102,06037127102,1400000US06037127102,1271.02,Census Tract 1271.02,G5020,S,859268,0,+34.2060072,-118.4445251,los_angeles,Los Angeles,,,,,,,,,,0.8589560239072553,42.90930661577612,22.854393328791108,-20.054913286985006,22.854393328791105,55.583815028259906,True,True,True,Both LST and HI hotspot,False,42.90930661577612,22.854393328791108
06,037,262200,06037262200,1400000US06037262200,2622,Census Tract 2622,G5020,S,8568505,0,+34.1017341,-118.4698062,los_angeles,Los Angeles,,,,,,,,,,8.565535016928173,32.33499623777279,21.782667289955047,-10.552328947817745,21.782667289955043,62.86091820648541,True,False,False,Neither hotspot,True,32.33499623777279,21.782667289955047
06,037,297110,06037297110,1400000US06037297110,2971.10,Census Tract 2971.10,G5020,S,487479,0,+33.7346618,-118.2841870,los_angeles,Los Angeles,,,,,,,,,,0.48726205558090235,35.51070403280932,,,,,False,False,False,Missing,False,35.51070403280932,
06,037,117302,06037117302,1400000US06037117302,1173.02,Census Tract 1173.02,G5020,S,2051819,0,+34.2381430,-118.4987424,los_angeles,Los Angeles,,,,,,,,,,2.0511407834565745,40.80744029075808,22.400895041313728,-18.406545249444353,22.40089504131373,58.90132299675208,True,False,False,Neither hotspot,False,40.80744029075808,22.400895041313728
06,037,117303,06037117303,1400000US06037117303,1173.03,Census Tract 1173.03,G5020,S,1800594,0,+34.2281097,-118.4912814,los_angeles,Los Angeles,,,,,,,,,,1.7999918377998168,41.08343137254906,22.400895041313728,-18.682536331235326,22.40089504131373,58.90132299675208,True,False,False,Neither hotspot,False,41.08343137254906,22.400895041313728
06,037,117520,06037117520,1400000US06037117520,1175.20,Census Tract 1175.20,G5020,S,321687,4030,+34.2300853,-118.4621861,los_angeles,Los Angeles,,,,,,,,,,0.3256017065732149,42.68137681159424,22.400895041313728,-20.28048177028051,22.40089504131373,58.90132299675208,True,True,False,LST-only hotspot,False,42.68137681159424,22.400895041313728
06,037,132102,06037132102,1400000US06037132102,1321.02,Census Tract 1321.02,G5020,S,1371494,0,+34.2020968,-118.4973692,los_angeles,Los Angeles,,,,,,,,,,1.3710418007052467,41.69153077537972,22.400895041313728,-19.290635734065994,22.40089504131373,58.90132299675208,True,True,False,LST-only hotspot,False,41.69153077537972,22.400895041313728
06,037,132501,06037132501,1400000US06037132501,1325.01,Census Tract 1325.01,G5020,S,700497,4303,+34.1968245,-118.5485970,los_angeles,Los Angeles,,,,,,,,,,0.7045905768558742,42.17082101806242,22.233886957743913,-19.93693406031851,22.233886957743913,59.990635621702616,True,True,False,LST-only hotspot,False,42.17082101806242,22.233886957743913
06,037,132502,06037132502,1400000US06037132502,1325.02,Census Tract 1325.02,G5020,S,614444,10361,+34.1911391,-118.5469513,los_angeles,Los Angeles,,,,,,,,,,0.6246185328796149,41.95403044871799,22.246051248446236,-19.707979200271748,22.246051248446236,59.91129386079877,True,True,False,LST-only hotspot,False,41.95403044871799,22.246051248446236
06,037,134002,06037134002,1400000US06037134002,1340.02,Census Tract 1340.02,G5020,S,740801,12734,+34.2026924,-118.5855271,los_angeles,Los Angeles,,,,,,,,,,0.7533288612918555,42.50397260273976,21.83585102523586,-20.668121577503893,21.835851025235854,62.58683071116808,True,True,False,LST-only hotspot,False,42.50397260273976,21.83585102523586
06,037,134423,06037134423,1400000US06037134423,1344.23,Census Tract 1344.23,G5020,S,1560693,6351,+34.2140487,-118.6350313,los_angeles,Los Angeles,,,,,,,,,,1.566664091804422,39.39203588681852,21.83585102523586,-17.55618486158266,21.835851025235854,62.58683071116808,True,False,False,Neither hotspot,False,39.39203588681852,21.83585102523586
06,037,134904,06037134904,1400000US06037134904,1349.04,Census Tract 1349.04,G5020,S,1031886,7874,+34.1914626,-118.5803105,los_angeles,Los Angeles,,,,,,,,,,1.0394708916761632,42.26009523809527,21.83585102523586,-20.42424421285941,21.835851025235854,62.58683071116808,True,True,False,LST-only hotspot,False,42.26009523809527,21.83585102523586
06,037,137104,06037137104,1400000US06037137104,1371.04,Census Tract 1371.04,G5020,S,2564757,0,+34.1737636,-118.5849481,los_angeles,Los Angeles,,,,,,,,,,2.5640530880215326,40.703997835497866,21.83585102523586,-18.868146810262008,21.835851025235854,62.58683071116808,True,False,False,Neither hotspot,False,40.703997835497866,21.83585102523586
06,037,139001,06037139001,1400000US06037139001,1390.01,Census Tract 1390.01,G5020,S,1239789,0,+34.1754113,-118.5117181,los_angeles,Los Angeles,,,,,,,,,,1.239390192442823,41.0639722966935,22.400895041313728,-18.663077255379775,22.40089504131373,58.90132299675208,True,False,False,Neither hotspot,False,41.0639722966935,22.400895041313728
06,037,139402,06037139402,1400000US06037139402,1394.02,Census Tract 1394.02,G5020,S,2443891,0,+34.1677649,-118.5517782,los_angeles,Los Angeles,,,,,,,,,,2.443167952935648,40.01484311050481,22.08715300237281,-17.927690108131998,22.087153002372805,60.94770995414269,True,False,False,Neither hotspot,False,40.01484311050481,22.08715300237281
06,037,269907,06037269907,1400000US06037269907,2699.07,Census Tract 2699.07,G5020,S,276794,0,+34.0280469,-118.4067099,los_angeles,Los Angeles,,,,,,,,,,0.27668875719864683,37.75788617886182,21.696834168917924,-16.061052009943896,21.696834168917917,63.2459534939658,True,False,False,Neither hotspot,False,37.75788617886182,21.696834168917924
06,037,120300,06037120300,1400000US06037120300,1203,Census Tract 1203,G5020,S,1718660,0,+34.2152914,-118.4408399,los_angeles,Los Angeles,,,,,,,,,,1.7180311795608505,43.334447637292506,22.854393328791108,-20.480054308501387,22.854393328791105,55.583815028259906,True,True,True,Both LST and HI hotspot,False,43.334447637292506,22.854393328791108
06,037,120400,06037120400,1400000US06037120400,1204,Census Tract 1204,G5020,S,1065823,0,+34.2188821,-118.4323396,los_angeles,Los Angeles,,,,,,,,,,1.065427985715777,43.30536868686871,22.854393328791108,-20.450975358077603,22.854393328791105,55.583815028259906,True,True,True,Both LST and HI hotspot,False,43.30536868686871,22.854393328791108
06,037,121010,06037121010,1400000US06037121010,1210.10,Census Tract 1210.10,G5020,S,2036700,538,+34.2239130,-118.4039440,los_angeles,Los Angeles,,,,,,,,,,2.03644794067058,42.39272605671485,22.854393328791108,-19.538332727923745,22.854393328791105,55.583815028259906,True,True,True,Both LST and HI hotspot,False,42.39272605671485,22.854393328791108
06,037,121020,06037121020,1400000US06037121020,1210.20,Census Tract 1210.20,G5020,S,824528,0,+34.2121224,-118.4020620,los_angeles,Los Angeles,,,,,,,,,,0.8242104227588184,43.46319971870607,22.854393328791108,-20.608806389914964,22.854393328791105,55.583815028259906,True,True,True,Both LST and HI hotspot,False,43.46319971870607,22.854393328791108
06,037,293306,06037293306,1400000US06037293306,2933.06,Census Tract 2933.06,G5020,S,613552,1884,+33.7818249,-118.3043625,los_angeles,Los Angeles,,,,,,,,,,0.6151632787402264,37.358000000000025,20.438854485663853,-16.919145514336176,20.438854485663853,71.0706293286502,True,False,False,Neither hotspot,False,37.358000000000025,20.438854485663853
06,037,121210,06037121210,1400000US06037121210,1212.10,Census Tract 1212.10,G5020,S,1997365,29714,+34.2418820,-118.4049441,los_angeles,Los Angeles,,,,,,,,,,2.0262931753885187,42.09735325794295,22.854393328791108,-19.24295992915184,22.854393328791105,55.583815028259906,True,True,True,Both LST and HI hotspot,False,42.09735325794295,22.854393328791108
06,037,121600,06037121600,1400000US06037121600,1216,Census Tract 1216,G5020,S,1139500,0,+34.2110681,-118.4105906,los_angeles,Los Angeles,,,,,,,,,,1.139060099603835,43.3847478991597,22.854393328791108,-20.530354570368583,22.854393328791105,55.583815028259906,True,True,True,Both LST and HI hotspot,False,43.3847478991597,22.854393328791108
06,037,124000,06037124000,1400000US06037124000,1240,Census Tract 1240,G5020,S,1333419,16656,+34.1617442,-118.4032660,los_angeles,Los Angeles,,,,,,,,,,1.3495554011303885,40.88283294842188,22.854393328791108,-18.028439619630777,22.854393328791105,55.583815028259906,True,False,True,HI-only hotspot,True,40.88283294842188,22.854393328791108
06,037,124102,06037124102,1400000US06037124102,1241.02,Census Tract 1241.02,G5020,S,649213,0,+34.1757824,-118.3833988,los_angeles,Los Angeles,,,,,,,,,,0.6489540501789596,41.73500000000003,22.854393328791108,-18.88060667120892,22.854393328791105,55.583815028259906,True,True,True,Both LST and HI hotspot,False,41.73500000000003,22.854393328791108
06,037,124201,06037124201,1400000US06037124201,1242.01,Census Tract 1242.01,G5020,S,972597,0,+34.1848664,-118.3746763,los_angeles,Los Angeles,,,,,,,,,,0.9722037439011801,42.710827338129526,22.854393328791108,-19.856434009338425,22.854393328791105,55.583815028259906,True,True,True,Both LST and HI hotspot,False,42.710827338129526,22.854393328791108
06,037,124300,06037124300,1400000US06037124300,1243,Census Tract 1243,G5020,S,890999,0,+34.1757378,-118.3642963,los_angeles,Los Angeles,,,,,,,,,,0.8906338214660916,42.51882716049385,22.854393328791108,-19.66443383170275,22.854393328791105,55.583815028259906,True,True,True,Both LST and HI hotspot,False,42.51882716049385,22.854393328791108
06,037,124400,06037124400,1400000US06037124400,1244,Census Tract 1244,G5020,S,961443,14163,+34.1739658,-118.4114177,los_angeles,Los Angeles,,,,,,,,,,0.9752325603483243,41.32598104793759,22.854393328791108,-18.471587719146488,22.854393328791105,55.583815028259906,True,False,True,HI-only hotspot,True,41.32598104793759,22.854393328791108
06,037,124600,06037124600,1400000US06037124600,1246,Census Tract 1246,G5020,S,1120028,0,+34.1620692,-118.4269321,los_angeles,Los Angeles,,,,,,,,,,1.1196118956879053,41.03308851224109,22.854393328791108,-18.178695183449978,22.854393328791105,55.583815028259906,True,False,True,HI-only hotspot,True,41.03308851224109,22.854393328791108
06,037,141102,06037141102,1400000US06037141102,1411.02,Census Tract 1411.02,G5020,S,766382,12522,+34.1494929,-118.4318823,los_angeles,Los Angeles,,,,,,,,,,0.7786172504713155,38.007758620689685,22.43273506307534,-15.575023557614346,22.432735063075334,59.00131976527516,True,False,False,Neither hotspot,True,38.007758620689685,22.43273506307534
06,037,141201,06037141201,1400000US06037141201,1412.01,Census Tract 1412.01,G5020,S,693121,7927,+34.1519021,-118.4426826,los_angeles,Los Angeles,,,,,,,,,,0.7007944031027616,38.52854368932042,22.517743245274197,-16.010800444046218,22.517743245274197,58.31233560684414,True,False,False,Neither hotspot,False,38.52854368932042,22.517743245274197
06,037,141202,06037141202,1400000US06037141202,1412.02,Census Tract 1412.02,G5020,S,700175,0,+34.1471798,-118.4423602,los_angeles,Los Angeles,,,,,,,,,,0.6999196785924895,37.46873511904764,22.395122353926983,-15.07361276512066,22.39512235392698,59.306167605666204,True,False,False,Neither hotspot,True,37.46873511904764,22.395122353926983
06,037,141304,06037141304,1400000US06037141304,1413.04,Census Tract 1413.04,G5020,S,712236,0,+34.1510010,-118.4526294,los_angeles,Los Angeles,,,,,,,,,,0.7119803188144718,38.209423380726726,22.165406182202226,-16.0440171985245,22.16540618220222,60.453078942745925,True,False,False,Neither hotspot,False,38.209423380726726,22.165406182202226
06,037,143603,06037143603,1400000US06037143603,1436.03,Census Tract 1436.03,G5020,S,491491,33973,+34.1442858,-118.3727317,los_angeles,Los Angeles,,,,,,,,,,0.5252520668491577,37.655684326710855,22.395122353926983,-15.260561972783865,22.39512235392698,59.306167605666204,True,False,False,Neither hotspot,True,37.655684326710855,22.395122353926983
06,037,183221,06037183221,1400000US06037183221,1832.21,Census Tract 1832.21,G5020,S,706755,0,+34.1254320,-118.1909385,los_angeles,Los Angeles,,,,,,,,,,0.7064003029027232,40.1295703703704,22.835774952432423,-17.29379541793797,22.835774952432416,55.77099040687782,True,False,True,HI-only hotspot,True,40.1295703703704,22.835774952432423
06,037,183222,06037183222,1400000US06037183222,1832.22,Census Tract 1832.22,G5020,S,928685,0,+34.1291817,-118.1973354,los_angeles,Los Angeles,,,,,,,,,,0.9282203794820096,39.789397163120604,22.835774952432423,-16.95362221068818,22.835774952432416,55.77099040687782,True,False,True,HI-only hotspot,True,39.789397163120604,22.835774952432423
06,037,183401,06037183401,1400000US06037183401,1834.01,Census Tract 1834.01,G5020,S,485332,0,+34.1216662,-118.2092262,los_angeles,Los Angeles,,,,,,,,,,0.48509366025127376,39.419166666666705,22.835774952432423,-16.583391714234278,22.835774952432416,55.77099040687782,True,False,True,HI-only hotspot,True,39.419166666666705,22.835774952432423
06,037,121900,06037121900,1400000US06037121900,1219,Census Tract 1219,G5020,S,1687532,0,+34.2178665,-118.3832004,los_angeles,Los Angeles,,,,,,,,,,1.6868545032739264,42.963885582010604,22.854393328791108,-20.10949225321951,22.854393328791105,55.583815028259906,True,True,True,Both LST and HI hotspot,False,42.963885582010604,22.854393328791108
06,037,122000,06037122000,1400000US06037122000,1220,Census Tract 1220,G5020,S,3217927,47179,+34.2147689,-118.4183782,los_angeles,Los Angeles,,,,,,,,,,3.2638656483349213,43.01843540829989,22.854393328791108,-20.16404207950878,22.854393328791105,55.583815028259906,True,True,True,Both LST and HI hotspot,False,43.01843540829989,22.854393328791108
06,037,122120,06037122120,1400000US06037122120,1221.20,Census Tract 1221.20,G5020,S,719822,0,+34.2107757,-118.3719094,los_angeles,Los Angeles,,,,,,,,,,0.7195326553408108,43.15000000000004,22.854393328791108,-20.295606671208937,22.854393328791105,55.583815028259906,True,True,True,Both LST and HI hotspot,False,43.15000000000004,22.854393328791108
06,037,122200,06037122200,1400000US06037122200,1222,Census Tract 1222,G5020,S,1704850,0,+34.2143169,-118.3594491,los_angeles,Los Angeles,,,,,,,,,,1.7041454311499216,42.6407283715013,22.856393952026295,-19.784334419475,22.85639395202629,55.540168323742954,True,True,True,Both LST and HI hotspot,False,42.6407283715013,22.856393952026295
06,037,123020,06037123020,1400000US06037123020,1230.20,Census Tract 1230.20,G5020,S,565646,0,+34.2047368,-118.3664946,los_angeles,Los Angeles,,,,,,,,,,0.5654165867978042,43.54725490196082,22.854393328791108,-20.692861573169708,22.854393328791105,55.583815028259906,True,True,True,Both LST and HI hotspot,False,43.54725490196082,22.854393328791108
06,037,123103,06037123103,1400000US06037123103,1231.03,Census Tract 1231.03,G5020,S,900961,1374,+34.1921320,-118.3654030,los_angeles,Los Angeles,,,,,,,,,,0.9019640420789288,43.260836298932425,22.854393328791108,-20.40644297014131,22.854393328791105,55.583815028259906,True,True,True,Both LST and HI hotspot,False,43.260836298932425,22.854393328791108
06,037,101110,06037101110,1400000US06037101110,1011.10,Census Tract 1011.10,G5020,S,1142401,0,+34.2594737,-118.2929869,los_angeles,Los Angeles,,,,,,,,,,1.141884797781555,39.56890873015875,22.334874462735854,-17.234034267422896,22.334874462735854,51.20045038104154,True,False,False,Neither hotspot,False,39.56890873015875,22.334874462735854
06,037,101220,06037101220,1400000US06037101220,1012.20,Census Tract 1012.20,G5020,S,698886,0,+34.2516083,-118.2816328,los_angeles,Los Angeles,,,,,,,,,,0.6985650459299735,38.02831761006293,22.711887513010257,-15.31643009705267,22.711887513010257,52.61339975232266,True,False,False,Neither hotspot,True,38.02831761006293,22.711887513010257
06,037,113301,06037113301,1400000US06037113301,1133.01,Census Tract 1133.01,G5020,S,2254327,0,+34.2440457,-118.5583038,los_angeles,Los Angeles,,,,,,,,,,2.2536681805802523,42.14752401536987,21.88989307138452,-20.257630943985344,21.889893071384517,62.11368969737721,True,True,False,LST-only hotspot,False,42.14752401536987,21.88989307138452
06,037,113303,06037113303,1400000US06037113303,1133.03,Census Tract 1133.03,G5020,S,4088551,7269,+34.2436235,-118.5775956,los_angeles,Los Angeles,,,,,,,,,,4.094680440479,42.37531353135317,21.83585102523586,-20.539462506117307,21.835851025235854,62.58683071116808,True,True,False,LST-only hotspot,False,42.37531353135317,21.83585102523586
06,037,113322,06037113322,1400000US06037113322,1133.22,Census Tract 1133.22,G5020,S,1786815,0,+34.2536782,-118.5721365,los_angeles,Los Angeles,,,,,,,,,,1.7863089973697783,41.81623046875003,22.124698181428787,-19.691532287321245,22.124698181428787,60.05795835989208,True,True,False,LST-only hotspot,False,41.81623046875003,22.124698181428787
06,037,106020,06037106020,1400000US06037106020,1060.20,Census Tract 1060.20,G5020,S,2010764,7144,+34.3232264,-118.4294854,los_angeles,Los Angeles,,,,,,,,,,2.017152640732887,39.9954731861199,22.613798050258485,-17.381675135861418,22.61379805025848,53.20122812690523,True,False,False,Neither hotspot,False,39.9954731861199,22.613798050258485
06,037,106111,06037106111,1400000US06037106111,1061.11,Census Tract 1061.11,G5020,S,2774241,12394,+34.3191370,-118.4095511,los_angeles,Los Angeles,,,,,,,,,,2.7855651527968783,39.83298356269117,22.613798050258485,-17.219185512432677,22.61379805025848,53.20122812690523,True,False,False,Neither hotspot,False,39.83298356269117,22.613798050258485
06,037,115101,06037115101,1400000US06037115101,1151.01,Census Tract 1151.01,G5020,S,3882382,0,+34.2394391,-118.5112304,los_angeles,Los Angeles,,,,,,,,,,3.8811265539628694,40.812052319309636,22.400895041313728,-18.411157277995905,22.40089504131373,58.90132299675208,True,False,False,Neither hotspot,False,40.812052319309636,22.400895041313728
06,037,115202,06037115202,1400000US06037115202,1152.02,Census Tract 1152.02,G5020,S,1737515,3837,+34.2332349,-118.5376549,los_angeles,Los Angeles,,,,,,,,,,1.7408236316715322,42.18205266307603,22.400895041313728,-19.7811576217623,22.40089504131373,58.90132299675208,True,True,False,LST-only hotspot,False,42.18205266307603,22.400895041313728
06,037,115301,06037115301,1400000US06037115301,1153.01,Census Tract 1153.01,G5020,S,1621785,19448,+34.2422846,-118.5480890,los_angeles,Los Angeles,,,,,,,,,,1.6407409946413825,41.85561797752813,22.223128384570135,-19.63248959295799,22.223128384570135,60.06080856982679,True,True,False,LST-only hotspot,False,41.85561797752813,22.223128384570135
06,037,115401,06037115401,1400000US06037115401,1154.01,Census Tract 1154.01,G5020,S,1905167,0,+34.2248079,-118.5151269,los_angeles,Los Angeles,,,,,,,,,,1.904558383906733,41.490989583333366,22.400895041313728,-19.090094542019642,22.40089504131373,58.90132299675208,True,True,False,LST-only hotspot,False,41.490989583333366,22.400895041313728
06,037,137000,06037137000,1400000US06037137000,1370,Census Tract 1370,G5020,S,3006590,4374,+34.1661153,-118.6402345,los_angeles,Los Angeles,,,,,,,,,,3.010249004074156,39.02597530864201,21.79172976524334,-17.234245543398668,21.79172976524333,62.85043124103102,True,False,False,Neither hotspot,False,39.02597530864201,21.79172976524334
06,037,275500,06037275500,1400000US06037275500,2755,Census Tract 2755,G5020,S,762034,25717,+33.9918105,-118.4148705,los_angeles,Los Angeles,,,,,,,,,,0.7874514583273778,36.05388663967614,21.696834168917924,-14.35705247075822,21.696834168917917,63.2459534939658,True,False,False,Neither hotspot,True,36.05388663967614,21.696834168917924
06,037,221601,06037221601,1400000US06037221601,2216.01,Census Tract 2216.01,G5020,S,369898,0,+34.0348166,-118.2959265,los_angeles,Los Angeles,,,,,,,,,,0.36973141866776665,40.85602981029814,22.093422038313296,-18.76260777198484,22.093422038313292,61.875082282866735,True,False,False,Neither hotspot,False,40.85602981029814,22.093422038313296
06,037,222001,06037222001,1400000US06037222001,2220.01,Census Tract 2220.01,G5020,S,474298,0,+34.0281954,-118.3132805,los_angeles,Los Angeles,,,,,,,,,,0.47409056872526406,40.75616531165315,22.093422038313296,-18.662743273339853,22.093422038313292,61.875082282866735,True,False,False,Neither hotspot,False,40.75616531165315,22.093422038313296
06,037,237201,06037237201,1400000US06037237201,2372.01,Census Tract 2372.01,G5020,S,453406,0,+33.9857256,-118.2991149,los_angeles,Los Angeles,,,,,,,,,,0.45320277412809973,40.13973236009735,22.093422038313296,-18.04631032178406,22.093422038313292,61.875082282866735,True,False,False,Neither hotspot,False,40.13973236009735,22.093422038313296
06,037,239201,06037239201,1400000US06037239201,2392.01,Census Tract 2392.01,G5020,S,449869,0,+33.9857805,-118.2771699,los_angeles,Los Angeles,,,,,,,,,,0.4496619896001155,41.49750000000004,22.093422038313296,-19.404077961686742,22.093422038313292,61.875082282866735,True,True,False,LST-only hotspot,False,41.49750000000004,22.093422038313296
06,037,239601,06037239601,1400000US06037239601,2396.01,Census Tract 2396.01,G5020,S,422289,0,+33.9728370,-118.2752978,los_angeles,Los Angeles,,,,,,,,,,0.42209381544195296,41.28539215686278,22.093422038313296,-19.191970118549474,22.093422038313292,61.875082282866735,True,False,False,Neither hotspot,False,41.28539215686278,22.093422038313296
06,037,980019,06037980019,1400000US06037980019,9800.19,Census Tract 9800.19,G5020,S,44210349,31076,+34.0925672,-118.5343628,los_angeles,Los Angeles,,,,,,,,,,44.2282911230967,30.496002003763184,21.49276473643008,-9.003237267333107,21.49276473643008,64.96098412631228,True,False,False,Neither hotspot,True,30.496002003763184,21.49276473643008
06,037,132700,06037132700,1400000US06037132700,1327,Census Tract 1327,G5020,S,1310875,10477,+34.1888959,-118.5257626,los_angeles,Los Angeles,,,,,,,,,,1.3209407932042494,41.56557632398758,22.400895041313728,-19.164681282673847,22.40089504131373,58.90132299675208,True,True,False,LST-only hotspot,False,41.56557632398758,22.400895041313728
06,037,132900,06037132900,1400000US06037132900,1329,Census Tract 1329,G5020,S,1184831,9256,+34.1828565,-118.5282202,los_angeles,Los Angeles,,,,,,,,,,1.1937183713623691,41.203864379085005,22.400895041313728,-18.80296933777127,22.40089504131373,58.90132299675208,True,False,False,Neither hotspot,False,41.203864379085005,22.400895041313728
06,037,133000,06037133000,1400000US06037133000,1330,Census Tract 1330,G5020,S,997188,5043,+34.1960820,-118.5571125,los_angeles,Los Angeles,,,,,,,,,,1.0019391999782836,42.12715036803368,21.83585102523586,-20.29129934279782,21.835851025235854,62.58683071116808,True,True,False,LST-only hotspot,False,42.12715036803368,21.83585102523586
06,037,134103,06037134103,1400000US06037134103,1341.03,Census Tract 1341.03,G5020,S,1040917,9622,+34.2185595,-118.5814401,los_angeles,Los Angeles,,,,,,,,,,1.0502455923088874,42.375963302752325,21.83585102523586,-20.540112277516464,21.835851025235854,62.58683071116808,True,True,False,LST-only hotspot,False,42.375963302752325,21.83585102523586
06,037,134104,06037134104,1400000US06037134104,1341.04,Census Tract 1341.04,G5020,S,647979,0,+34.2119534,-118.5753847,los_angeles,Los Angeles,,,,,,,,,,0.6477980759966984,42.45503840245779,21.83585102523586,-20.619187377221927,21.835851025235854,62.58683071116808,True,True,False,LST-only hotspot,False,42.45503840245779,21.83585102523586
06,037,134201,06037134201,1400000US06037134201,1342.01,Census Tract 1342.01,G5020,S,1459411,7345,+34.2139885,-118.5912335,los_angeles,Los Angeles,,,,,,,,,,1.4663597607409977,42.192359396433496,21.83585102523586,-20.356508371197638,21.835851025235854,62.58683071116808,True,True,False,LST-only hotspot,False,42.192359396433496,21.83585102523586
06,037,141303,06037141303,1400000US06037141303,1413.03,Census Tract 1413.03,G5020,S,262757,0,+34.1549446,-118.4552465,los_angeles,Los Angeles,,,,,,,,,,0.26266447090405043,39.12862403100778,22.19242289259975,-16.936201138408023,22.192422892599755,60.23653533491797,True,False,False,Neither hotspot,False,39.12862403100778,22.19242289259975
06,037,186202,06037186202,1400000US06037186202,1862.02,Census Tract 1862.02,G5020,S,408258,0,+34.1200290,-118.2241896,los_angeles,Los Angeles,,,,,,,,,,0.4080603347925067,38.819435483871,22.835774952432423,-15.98366053143857,22.835774952432416,55.77099040687782,True,False,True,HI-only hotspot,True,38.819435483871,22.835774952432423
06,037,188202,06037188202,1400000US06037188202,1882.02,Census Tract 1882.02,G5020,S,759725,0,+34.1164011,-118.2797541,los_angeles,Los Angeles,,,,,,,,,,0.7593800758123364,36.148817663817695,22.772576144121732,-13.376241519695963,22.77257614412173,56.943057890226434,True,False,True,HI-only hotspot,True,36.148817663817695,22.772576144121732
06,037,189905,06037189905,1400000US06037189905,1899.05,Census Tract 1899.05,G5020,S,258366,0,+34.1006030,-118.3515882,los_angeles,Los Angeles,,,,,,,,,,0.2582580783698132,36.77118750000003,22.701803558460217,-14.069383941539813,22.70180355846021,57.386140961871384,True,False,False,Neither hotspot,True,36.77118750000003,22.701803558460217
06,037,241002,06037241002,1400000US06037241002,2410.02,Census Tract 2410.02,G5020,S,707342,0,+33.9252619,-118.2614024,los_angeles,Los Angeles,,,,,,,,,,0.7070169266955725,40.25389813023859,21.32443895666386,-18.929459173574724,21.32443895666386,66.50925832278297,True,False,False,Neither hotspot,False,40.25389813023859,21.32443895666386
06,037,262604,06037262604,1400000US06037262604,2626.04,Census Tract 2626.04,G5020,S,5670210,335774,+34.0522392,-118.5493086,los_angeles,Los Angeles,,,,,,,,,,6.004202336396147,28.54732552480112,21.650425851870004,-6.875353480481523,21.65042585187,63.818880576718136,True,False,False,Neither hotspot,True,28.54732552480112,21.650425851870004
06,037,262802,06037262802,1400000US06037262802,2628.02,Census Tract 2628.02,G5020,S,3327032,76803,+34.0458645,-118.5024565,los_angeles,Los Angeles,,,,,,,,,,3.402735091841313,31.008771604938296,21.782667289955047,-8.626681151971336,21.782667289955043,62.86091820648541,True,False,False,Neither hotspot,True,31.008771604938296,21.782667289955047
06,037,267403,06037267403,1400000US06037267403,2674.03,Census Tract 2674.03,G5020,S,234224,0,+34.0474941,-118.4566299,los_angeles,Los Angeles,,,,,,,,,,0.2341391098879315,34.98454106280195,21.782667289955047,-12.817332710044976,21.782667289955043,62.86091820648541,True,False,False,Neither hotspot,True,34.98454106280195,21.782667289955047
06,037,980009,06037980009,1400000US06037980009,9800.09,Census Tract 9800.09,G5020,S,20893446,356889,+34.1276025,-118.2963810,los_angeles,Los Angeles,,,,,,,,,,21.240883347228344,34.87058845977717,22.784445401435644,-12.08614305834152,22.78444540143564,56.71264064510497,True,False,True,HI-only hotspot,True,34.87058845977717,22.784445401435644
06,037,296901,06037296901,1400000US06037296901,2969.01,Census Tract 2969.01,G5020,S,617328,0,+33.7301628,-118.2945655,los_angeles,Los Angeles,,,,,,,,,,0.6170531034869442,34.34660670879925,,,,,False,False,False,Missing,False,34.34660670879925,
06,037,123902,06037123902,1400000US06037123902,1239.02,Census Tract 1239.02,G5020,S,664411,0,+34.1758783,-118.3922288,los_angeles,Los Angeles,,,,,,,,,,0.6641485068274401,41.84481651376151,22.854393328791108,-18.990423184970396,22.854393328791105,55.583815028259906,True,True,True,Both LST and HI hotspot,False,41.84481651376151,22.854393328791108
06,037,134522,06037134522,1400000US06037134522,1345.22,Census Tract 1345.22,G5020,S,615291,0,+34.2046743,-118.6017183,los_angeles,Los Angeles,,,,,,,,,,0.6151304525915773,41.89890804597704,21.83585102523586,-20.063057020741176,21.835851025235854,62.58683071116808,True,True,False,LST-only hotspot,False,41.89890804597704,21.83585102523586
06,037,192001,06037192001,1400000US06037192001,1920.01,Census Tract 1920.01,G5020,S,530779,0,+34.0852271,-118.3472967,los_angeles,Los Angeles,,,,,,,,,,0.5305559957451192,39.03896825396828,22.772576144121732,-16.266392109846553,22.77257614412173,56.943057890226434,True,False,True,HI-only hotspot,True,39.03896825396828,22.772576144121732
06,037,211122,06037211122,1400000US06037211122,2111.22,Census Tract 2111.22,G5020,S,365557,0,+34.0726793,-118.2892234,los_angeles,Los Angeles,,,,,,,,,,0.3653913495261148,40.39365277777782,22.772576144121732,-17.621076633656084,22.77257614412173,56.943057890226434,True,False,True,HI-only hotspot,True,40.39365277777782,22.772576144121732
06,037,104822,06037104822,1400000US06037104822,1048.22,Census Tract 1048.22,G5020,S,604352,0,+34.2458703,-118.4209447,los_angeles,Los Angeles,,,,,,,,,,0.6041250159778134,42.86622950819675,22.854393328791108,-20.01183617940564,22.854393328791105,55.583815028259906,True,True,True,Both LST and HI hotspot,False,42.86622950819675,22.854393328791108
06,037,269602,06037269602,1400000US06037269602,2696.02,Census Tract 2696.02,G5020,S,290591,0,+34.0432688,-118.3844820,los_angeles,Los Angeles,,,,,,,,,,0.29047668293289136,37.809820788530494,21.704342644025548,-16.105478144504946,21.70434264402554,63.2035902048443,True,False,False,Neither hotspot,False,37.809820788530494,21.704342644025548
06,037,271901,06037271901,1400000US06037271901,2719.01,Census Tract 2719.01,G5020,S,637161,21017,+34.0131825,-118.4231336,los_angeles,Los Angeles,,,,,,,,,,0.6579298287042231,36.66738945578234,21.696834168917924,-14.97055528686442,21.696834168917917,63.2459534939658,True,False,False,Neither hotspot,True,36.66738945578234,21.696834168917924
06,037,115103,06037115103,1400000US06037115103,1151.03,Census Tract 1151.03,G5020,S,1518656,0,+34.2438279,-118.5274502,los_angeles,Los Angeles,,,,,,,,,,1.5181810760772518,41.57273118279573,22.425769097927265,-19.146962084868456,22.42576909792727,58.51034170543919,True,True,False,LST-only hotspot,False,41.57273118279573,22.425769097927265
06,037,127605,06037127605,1400000US06037127605,1276.05,Census Tract 1276.05,G5020,S,644921,3699,+34.1902695,-118.4880058,los_angeles,Los Angeles,,,,,,,,,,0.6484017351959314,41.28904320987657,22.400895041313728,-18.88814816856284,22.40089504131373,58.90132299675208,True,False,False,Neither hotspot,False,41.28904320987657,22.400895041313728
06,037,117102,06037117102,1400000US06037117102,1171.02,Census Tract 1171.02,G5020,S,1032677,6067,+34.2481946,-118.4598237,los_angeles,Los Angeles,,,,,,,,,,1.0383758537810721,41.740367063492094,22.400895041313728,-19.33947202217836,22.40089504131373,58.90132299675208,True,True,False,LST-only hotspot,False,41.740367063492094,22.400895041313728
06,037,119341,06037119341,1400000US06037119341,1193.41,Census Tract 1193.41,G5020,S,326366,0,+34.2371666,-118.4458756,los_angeles,Los Angeles,,,,,,,,,,0.32624917389918917,42.95862847222226,22.854393328791108,-20.104235143431143,22.854393328791105,55.583815028259906,True,True,True,Both LST and HI hotspot,False,42.95862847222226,22.854393328791108
06,037,120106,06037120106,1400000US06037120106,1201.06,Census Tract 1201.06,G5020,S,205877,415,+34.2226265,-118.4563815,los_angeles,Los Angeles,,,,,,,,,,0.20621853230883336,43.36500000000003,22.400895041313728,-20.964104958686303,22.40089504131373,58.90132299675208,True,True,False,LST-only hotspot,False,43.36500000000003,22.400895041313728
06,037,122121,06037122121,1400000US06037122121,1221.21,Census Tract 1221.21,G5020,S,411960,0,+34.2142143,-118.3705556,los_angeles,Los Angeles,,,,,,,,,,0.41179248446868527,43.13490885416671,22.854393328791108,-20.280515525375602,22.854393328791105,55.583815028259906,True,True,True,Both LST and HI hotspot,False,43.13490885416671,22.854393328791108
06,037,124204,06037124204,1400000US06037124204,1242.04,Census Tract 1242.04,G5020,S,324351,0,+34.1739725,-118.3746553,los_angeles,Los Angeles,,,,,,,,,,0.3242193916152402,41.78902173913046,22.854393328791108,-18.934628410339354,22.854393328791105,55.583815028259906,True,True,True,Both LST and HI hotspot,False,41.78902173913046,22.854393328791108
06,037,128801,06037128801,1400000US06037128801,1288.01,Census Tract 1288.01,G5020,S,492122,0,+34.1682377,-118.4651573,los_angeles,Los Angeles,,,,,,,,,,0.49194648999697416,38.14833333333336,22.400895041313728,-15.747438292019634,22.40089504131373,58.90132299675208,True,False,False,Neither hotspot,True,38.14833333333336,22.400895041313728
06,037,139504,06037139504,1400000US06037139504,1395.04,Census Tract 1395.04,G5020,S,289066,0,+34.1670182,-118.5202503,los_angeles,Los Angeles,,,,,,,,,,0.2889754145870605,40.83833333333336,22.400895041313728,-18.437438292019632,22.40089504131373,58.90132299675208,True,False,False,Neither hotspot,False,40.83833333333336,22.400895041313728
06,037,191902,06037191902,1400000US06037191902,1919.02,Census Tract 1919.02,G5020,S,726301,0,+34.0837728,-118.3388222,los_angeles,Los Angeles,,,,,,,,,,0.7259918640152438,39.24812217194574,22.772576144121732,-16.475546027824006,22.77257614412173,56.943057890226434,True,False,True,HI-only hotspot,True,39.24812217194574,22.772576144121732
06,037,194102,06037194102,1400000US06037194102,1941.02,Census Tract 1941.02,G5020,S,3500521,3009,+34.1166590,-118.3650891,los_angeles,Los Angeles,,,,,,,,,,3.502097582479932,34.23982496194829,22.395122353926983,-11.844702608021295,22.39512235392698,59.306167605666204,True,False,False,Neither hotspot,True,34.23982496194829,22.395122353926983
06,037,195803,06037195803,1400000US06037195803,1958.03,Census Tract 1958.03,G5020,S,377392,0,+34.0818094,-118.2769285,los_angeles,Los Angeles,,,,,,,,,,0.37722019394211737,40.33867231638421,22.772576144121732,-17.566096172262476,22.77257614412173,56.943057890226434,True,False,True,HI-only hotspot,True,40.33867231638421,22.772576144121732
06,037,102105,06037102105,1400000US06037102105,1021.05,Census Tract 1021.05,G5020,S,492761,0,+34.2098760,-118.3492653,los_angeles,Los Angeles,,,,,,,,,,0.49255417290433284,42.533310344827626,22.949695744721797,-19.583614600105825,22.949695744721794,53.5046447403615,True,True,True,Both LST and HI hotspot,False,42.533310344827626,22.949695744721797
06,037,104821,06037104821,1400000US06037104821,1048.21,Census Tract 1048.21,G5020,S,531802,0,+34.2465705,-118.4162955,los_angeles,Los Angeles,,,,,,,,,,0.5315996426422518,42.81484662576691,22.854393328791108,-19.960453296975796,22.854393328791105,55.583815028259906,True,True,True,Both LST and HI hotspot,False,42.81484662576691,22.854393328791108
06,037,106408,06037106408,1400000US06037106408,1064.08,Census Tract 1064.08,G5020,S,229070,0,+34.3132628,-118.4400764,los_angeles,Los Angeles,,,,,,,,,,0.22898763805242187,41.62366197183101,22.613798050258485,-19.00986392157253,22.61379805025848,53.20122812690523,True,True,False,LST-only hotspot,False,41.62366197183101,22.613798050258485
06,037,115104,06037115104,1400000US06037115104,1151.04,Census Tract 1151.04,G5020,S,1020182,0,+34.2374910,-118.5226460,los_angeles,Los Angeles,,,,,,,,,,1.0198586706331572,41.42949414270503,22.400895041313728,-19.028599101391308,22.40089504131373,58.90132299675208,True,False,False,Neither hotspot,False,41.42949414270503,22.400895041313728
06,037,119201,06037119201,1400000US06037119201,1192.01,Census Tract 1192.01,G5020,S,947368,4796,+34.2462338,-118.4406390,los_angeles,Los Angeles,,,,,,,,,,0.9518162384710747,42.80318594104311,22.854393328791108,-19.948792612252003,22.854393328791105,55.583815028259906,True,True,True,Both LST and HI hotspot,False,42.80318594104311,22.854393328791108
06,037,125501,06037125501,1400000US06037125501,1255.01,Census Tract 1255.01,G5020,S,464095,0,+34.1622937,-118.3657855,los_angeles,Los Angeles,,,,,,,,,,0.46390499921403755,40.882080610021816,22.854393328791108,-18.027687281230705,22.854393328791105,55.583815028259906,True,False,True,HI-only hotspot,True,40.882080610021816,22.854393328791108
06,037,134422,06037134422,1400000US06037134422,1344.22,Census Tract 1344.22,G5020,S,2338224,9988,+34.2024601,-118.6306683,los_angeles,Los Angeles,,,,,,,,,,2.3476412659304686,39.69195926966296,21.83585102523586,-17.856108244427094,21.835851025235854,62.58683071116808,True,False,False,Neither hotspot,False,39.69195926966296,21.83585102523586
06,037,134520,06037134520,1400000US06037134520,1345.20,Census Tract 1345.20,G5020,S,950602,16628,+34.1982940,-118.5996400,los_angeles,Los Angeles,,,,,,,,,,0.9669741471498977,41.990196687370634,21.83585102523586,-20.154345662134766,21.835851025235854,62.58683071116808,True,True,False,LST-only hotspot,False,41.990196687370634,21.83585102523586
06,037,134901,06037134901,1400000US06037134901,1349.01,Census Tract 1349.01,G5020,S,1053137,8888,+34.1873507,-118.5606591,los_angeles,Los Angeles,,,,,,,,,,1.061715798987118,41.53685774946925,21.83585102523586,-19.701006724233384,21.835851025235854,62.58683071116808,True,True,False,LST-only hotspot,False,41.53685774946925,21.83585102523586
06,037,135102,06037135102,1400000US06037135102,1351.02,Census Tract 1351.02,G5020,S,1653273,15192,+34.1886366,-118.6174552,los_angeles,Los Angeles,,,,,,,,,,1.6680462620831322,41.152594339622674,21.83585102523586,-19.316743314386816,21.835851025235854,62.58683071116808,True,False,False,Neither hotspot,False,41.152594339622674,21.83585102523586
06,037,135111,06037135111,1400000US06037135111,1351.11,Census Tract 1351.11,G5020,S,1024852,14844,+34.1924609,-118.6102388,los_angeles,Los Angeles,,,,,,,,,,1.0394297274887936,41.42533437826544,21.83585102523586,-19.589483353029582,21.835851025235854,62.58683071116808,True,False,False,Neither hotspot,False,41.42533437826544,21.83585102523586
06,037,135202,06037135202,1400000US06037135202,1352.02,Census Tract 1352.02,G5020,S,1762594,0,+34.1888180,-118.6369084,los_angeles,Los Angeles,,,,,,,,,,1.7621759961593237,40.427161654135375,21.83585102523586,-18.59131062889951,21.835851025235854,62.58683071116808,True,False,False,Neither hotspot,False,40.427161654135375,21.83585102523586
06,037,134710,06037134710,1400000US06037134710,1347.10,Census Tract 1347.10,G5020,S,566354,4275,+34.2023735,-118.5779426,los_angeles,Los Angeles,,,,,,,,,,0.5704707905506576,42.58881987577642,21.83585102523586,-20.752968850540565,21.835851025235854,62.58683071116808,True,True,False,LST-only hotspot,False,42.58881987577642,21.83585102523586
06,037,134302,06037134302,1400000US06037134302,1343.02,Census Tract 1343.02,G5020,S,1299631,7244,+34.2136956,-118.6209257,los_angeles,Los Angeles,,,,,,,,,,1.306546033882585,40.13949074074078,21.83585102523586,-18.303639715504914,21.835851025235854,62.58683071116808,True,False,False,Neither hotspot,False,40.13949074074078,21.83585102523586
06,037,134303,06037134303,1400000US06037134303,1343.03,Census Tract 1343.03,G5020,S,1570731,14226,+34.2032480,-118.6118990,los_angeles,Los Angeles,,,,,,,,,,1.584554428682615,41.07307748538015,21.83585102523586,-19.237226460144278,21.835851025235854,62.58683071116808,True,False,False,Neither hotspot,False,41.07307748538015,21.83585102523586
06,037,134304,06037134304,1400000US06037134304,1343.04,Census Tract 1343.04,G5020,S,1020442,0,+34.2139331,-118.6102868,los_angeles,Los Angeles,,,,,,,,,,1.0201788559203013,41.01420335429772,21.83585102523586,-19.178352329061862,21.835851025235854,62.58683071116808,True,False,False,Neither hotspot,False,41.01420335429772,21.83585102523586
06,037,134421,06037134421,1400000US06037134421,1344.21,Census Tract 1344.21,G5020,S,2134568,0,+34.2020230,-118.6471400,los_angeles,Los Angeles,,,,,,,,,,2.1340732837835135,38.72224060150379,21.67069365150262,-17.051546950001175,21.670693651502614,63.57355618623907,True,False,False,Neither hotspot,False,38.72224060150379,21.67069365150262
06,037,208301,06037208301,1400000US06037208301,2083.01,Census Tract 2083.01,G5020,S,92955,0,+34.0619781,-118.2658491,los_angeles,Los Angeles,,,,,,,,,,0.09291117208735114,40.88333333333336,22.772576144121732,-18.11075718921163,22.77257614412173,56.943057890226434,True,False,True,HI-only hotspot,True,40.88333333333336,22.772576144121732
06,037,219901,06037219901,1400000US06037219901,2199.01,Census Tract 2199.01,G5020,S,524891,0,+34.0297377,-118.3605226,los_angeles,Los Angeles,,,,,,,,,,0.5246739475168987,38.28273885350321,21.696834168917924,-16.58590468458529,21.696834168917917,63.2459534939658,True,False,False,Neither hotspot,False,38.28273885350321,21.696834168917924
06,037,189904,06037189904,1400000US06037189904,1899.04,Census Tract 1899.04,G5020,S,159600,0,+34.0997191,-118.3467929,los_angeles,Los Angeles,,,,,,,,,,0.1595324869838657,37.538550724637716,22.772576144121732,-14.76597458051598,22.77257614412173,56.943057890226434,True,False,True,HI-only hotspot,True,37.538550724637716,22.772576144121732
06,037,190201,06037190201,1400000US06037190201,1902.01,Census Tract 1902.01,G5020,S,226852,0,+34.1033578,-118.3297140,los_angeles,Los Angeles,,,,,,,,,,0.22675455163622366,37.848333333333365,22.772576144121732,-15.075757189211632,22.77257614412173,56.943057890226434,True,False,True,HI-only hotspot,True,37.848333333333365,22.772576144121732
06,037,188100,06037188100,1400000US06037188100,1881,Census Tract 1881,G5020,S,2091754,16592,+34.1366071,-118.2703438,los_angeles,Los Angeles,,,,,,,,,,2.1073697753833343,35.71155913978498,22.772576144121732,-12.938982995663244,22.77257614412173,56.943057890226434,True,False,True,HI-only hotspot,True,35.71155913978498,22.772576144121732
06,037,188300,06037188300,1400000US06037188300,1883,Census Tract 1883,G5020,S,905660,17207,+34.1207814,-118.2647639,los_angeles,Los Angeles,,,,,,,,,,0.9224377119551894,36.56936120789783,22.772576144121732,-13.796785063776092,22.77257614412173,56.943057890226434,True,False,True,HI-only hotspot,True,36.56936120789783,22.772576144121732
06,037,189300,06037189300,1400000US06037189300,1893,Census Tract 1893,G5020,S,1907035,0,+34.1112758,-118.3093120,los_angeles,Los Angeles,,,,,,,,,,1.9061944877084223,36.55898242630389,22.772576144121732,-13.786406282182154,22.77257614412173,56.943057890226434,True,False,True,HI-only hotspot,True,36.55898242630389,22.772576144121732
06,037,199120,06037199120,1400000US06037199120,1991.20,Census Tract 1991.20,G5020,S,943132,18746,+34.0700703,-118.1996896,los_angeles,Los Angeles,,,,,,,,,,0.9613990015497591,40.581775956284176,22.835774952432423,-17.746001003851756,22.835774952432416,55.77099040687782,True,False,True,HI-only hotspot,True,40.581775956284176,22.835774952432423
06,037,199201,06037199201,1400000US06037199201,1992.01,Census Tract 1992.01,G5020,S,395192,0,+34.0762204,-118.2119070,los_angeles,Los Angeles,,,,,,,,,,0.39499684933015844,39.19238317757013,22.835774952432423,-16.356608225137702,22.835774952432416,55.77099040687782,True,False,True,HI-only hotspot,True,39.19238317757013,22.835774952432423
06,037,199202,06037199202,1400000US06037199202,1992.02,Census Tract 1992.02,G5020,S,954425,0,+34.0812849,-118.2032927,los_angeles,Los Angeles,,,,,,,,,,0.9539509797386948,39.85364436619721,22.835774952432423,-17.01786941376479,22.835774952432416,55.77099040687782,True,False,True,HI-only hotspot,True,39.85364436619721,22.835774952432423
06,037,199300,06037199300,1400000US06037199300,1993,Census Tract 1993,G5020,S,2550542,40785,+34.0941911,-118.2003961,los_angeles,Los Angeles,,,,,,,,,,2.5900349426007243,38.669945286195315,22.835774952432423,-15.83417033376289,22.835774952432416,55.77099040687782,True,False,True,HI-only hotspot,True,38.669945286195315,22.835774952432423
06,037,199400,06037199400,1400000US06037199400,1994,Census Tract 1994,G5020,S,669970,27134,+34.0896162,-118.2093313,los_angeles,Los Angeles,,,,,,,,,,0.6967645498098559,38.87925581395352,22.835774952432423,-16.04348086152109,22.835774952432416,55.77099040687782,True,False,True,HI-only hotspot,True,38.87925581395352,22.835774952432423
06,037,199700,06037199700,1400000US06037199700,1997,Census Tract 1997,G5020,S,937116,33464,+34.0678503,-118.2202429,los_angeles,Los Angeles,,,,,,,,,,0.9701098065620324,39.79218079096048,22.835774952432423,-16.95640583852806,22.835774952432416,55.77099040687782,True,False,True,HI-only hotspot,True,39.79218079096048,22.835774952432423
06,037,199900,06037199900,1400000US06037199900,1999,Census Tract 1999,G5020,S,443011,0,+34.0650794,-118.2115758,los_angeles,Los Angeles,,,,,,,,,,0.4427962795641245,40.38617647058826,22.835774952432423,-17.550401518155837,22.835774952432416,55.77099040687782,True,False,True,HI-only hotspot,True,40.38617647058826,22.835774952432423
06,037,201110,06037201110,1400000US06037201110,2011.10,Census Tract 2011.10,G5020,S,1013912,0,+34.0948043,-118.1743332,los_angeles,Los Angeles,,,,,,,,,,1.0133939201574729,37.77927829698861,22.835774952432423,-14.943503344556184,22.835774952432416,55.77099040687782,True,False,True,HI-only hotspot,True,37.77927829698861,22.835774952432423
06,037,127104,06037127104,1400000US06037127104,1271.04,Census Tract 1271.04,G5020,S,707802,0,+34.2051759,-118.4357985,los_angeles,Los Angeles,,,,,,,,,,0.7075411527321972,42.998164464023525,22.854393328791108,-20.143771135232413,22.854393328791105,55.583815028259906,True,True,True,Both LST and HI hotspot,False,42.998164464023525,22.854393328791108
06,037,127804,06037127804,1400000US06037127804,1278.04,Census Tract 1278.04,G5020,S,638133,0,+34.1974925,-118.4618228,los_angeles,Los Angeles,,,,,,,,,,0.6379086151743714,42.257311827957025,22.400895041313728,-19.856416786643294,22.40089504131373,58.90132299675208,True,True,False,LST-only hotspot,False,42.257311827957025,22.400895041313728
06,037,128102,06037128102,1400000US06037128102,1281.02,Census Tract 1281.02,G5020,S,648809,0,+34.1902959,-118.4443506,los_angeles,Los Angeles,,,,,,,,,,0.6485737081116602,42.16005401234571,22.854393328791108,-19.305660683554606,22.854393328791105,55.583815028259906,True,True,True,Both LST and HI hotspot,False,42.16005401234571,22.854393328791108
06,037,132001,06037132001,1400000US06037132001,1320.01,Census Tract 1320.01,G5020,S,968646,0,+34.1920691,-118.5141950,los_angeles,Los Angeles,,,,,,,,,,0.9683399542478233,41.466726190476216,22.400895041313728,-19.065831149162488,22.40089504131373,58.90132299675208,True,True,False,LST-only hotspot,False,41.466726190476216,22.400895041313728
06,037,134001,06037134001,1400000US06037134001,1340.01,Census Tract 1340.01,G5020,S,581316,2186,+34.2029146,-118.5917267,los_angeles,Los Angeles,,,,,,,,,,0.5833443896298964,42.38409803921572,21.83585102523586,-20.548247013979854,21.835851025235854,62.58683071116808,True,True,False,LST-only hotspot,False,42.38409803921572,21.83585102523586
06,037,208802,06037208802,1400000US06037208802,2088.02,Census Tract 2088.02,G5020,S,211495,0,+34.0621454,-118.2786688,los_angeles,Los Angeles,,,,,,,,,,0.21139762697256972,40.681250000000034,22.772576144121732,-17.908673855878295,22.77257614412173,56.943057890226434,True,False,True,HI-only hotspot,True,40.681250000000034,22.772576144121732
06,037,211921,06037211921,1400000US06037211921,2119.21,Census Tract 2119.21,G5020,S,92665,0,+34.0672320,-118.2929020,los_angeles,Los Angeles,,,,,,,,,,0.09262358996030692,40.3116666666667,22.772576144121732,-17.53909052254497,22.77257614412173,56.943057890226434,True,False,True,HI-only hotspot,True,40.3116666666667,22.772576144121732
06,037,215102,06037215102,1400000US06037215102,2151.02,Census Tract 2151.02,G5020,S,257742,0,+34.0649899,-118.3456017,los_angeles,Los Angeles,,,,,,,,,,0.2576348226501898,38.471333333333355,22.772576144121732,-15.698757189211621,22.77257614412173,56.943057890226434,True,False,True,HI-only hotspot,True,38.471333333333355,22.772576144121732
06,037,217002,06037217002,1400000US06037217002,2170.02,Census Tract 2170.02,G5020,S,771339,0,+34.0495333,-118.3804933,los_angeles,Los Angeles,,,,,,,,,,0.7710289125861933,37.363059163059184,22.346756072714232,-15.016303090344953,22.346756072714232,59.57905320831898,True,False,False,Neither hotspot,True,37.363059163059184,22.346756072714232
06,037,221303,06037221303,1400000US06037221303,2213.03,Census Tract 2213.03,G5020,S,233968,0,+34.0453825,-118.3084384,los_angeles,Los Angeles,,,,,,,,,,0.23386342191004877,39.98939393939397,22.31980674024944,-17.66958719914453,22.319806740249437,60.23107415198664,True,False,False,Neither hotspot,False,39.98939393939397,22.31980674024944
06,037,201120,06037201120,1400000US06037201120,2011.20,Census Tract 2011.20,G5020,S,792267,0,+34.0949804,-118.1636455,los_angeles,Los Angeles,,,,,,,,,,0.7918554013077024,38.59004593175856,22.835774952432423,-15.754270979326135,22.835774952432416,55.77099040687782,True,False,True,HI-only hotspot,True,38.59004593175856,22.835774952432423
06,037,201501,06037201501,1400000US06037201501,2015.01,Census Tract 2015.01,G5020,S,888744,0,+34.0865745,-118.1646554,los_angeles,Los Angeles,,,,,,,,,,0.8882908326610551,39.710684079602004,22.835774952432423,-16.87490912716959,22.835774952432416,55.77099040687782,True,False,True,HI-only hotspot,True,39.710684079602004,22.835774952432423
06,037,201503,06037201503,1400000US06037201503,2015.03,Census Tract 2015.03,G5020,S,439362,0,+34.0851726,-118.1739007,los_angeles,Los Angeles,,,,,,,,,,0.43913734199306076,39.15311904761907,22.835774952432423,-16.31734409518665,22.835774952432416,55.77099040687782,True,False,True,HI-only hotspot,True,39.15311904761907,22.835774952432423
06,037,201504,06037201504,1400000US06037201504,2015.04,Census Tract 2015.04,G5020,S,368342,0,+34.0808280,-118.1737920,los_angeles,Los Angeles,,,,,,,,,,0.36815363499508635,39.486383647798775,22.835774952432423,-16.650608695366348,22.835774952432416,55.77099040687782,True,False,True,HI-only hotspot,True,39.486383647798775,22.835774952432423
06,037,201700,06037201700,1400000US06037201700,2017,Census Tract 2017,G5020,S,1694749,0,+34.0674315,-118.1708887,los_angeles,Los Angeles,,,,,,,,,,1.6938849773014477,40.44840098400987,22.835774952432423,-17.612626031577445,22.835774952432416,55.77099040687782,True,False,True,HI-only hotspot,True,40.44840098400987,22.835774952432423
06,037,203100,06037203100,1400000US06037203100,2031,Census Tract 2031,G5020,S,657447,0,+34.0590790,-118.1964766,los_angeles,Los Angeles,,,,,,,,,,0.6571167346665879,41.131407766990314,22.835774952432423,-18.295632814557894,22.835774952432416,55.77099040687782,True,False,True,HI-only hotspot,True,41.131407766990314,22.835774952432423
06,037,203300,06037203300,1400000US06037203300,2033,Census Tract 2033,G5020,S,1491864,0,+34.0597594,-118.2062827,los_angeles,Los Angeles,,,,,,,,,,1.49112691715428,40.89297117516632,22.835774952432423,-18.0571962227339,22.835774952432416,55.77099040687782,True,False,True,HI-only hotspot,True,40.89297117516632,22.835774952432423
06,037,203500,06037203500,1400000US06037203500,2035,Census Tract 2035,G5020,S,1635683,23932,+34.0572260,-118.2185819,los_angeles,Los Angeles,,,,,,,,,,1.6588083470104817,40.34018445322796,22.835774952432423,-17.504409500795536,22.835774952432416,55.77099040687782,True,False,True,HI-only hotspot,True,40.34018445322796,22.835774952432423
06,037,203710,06037203710,1400000US06037203710,2037.10,Census Tract 2037.10,G5020,S,282072,0,+34.0498932,-118.2009322,los_angeles,Los Angeles,,,,,,,,,,0.2819328244130998,41.023235294117676,22.835774952432423,-18.187460341685252,22.835774952432416,55.77099040687782,True,False,True,HI-only hotspot,True,41.023235294117676,22.835774952432423
06,037,203720,06037203720,1400000US06037203720,2037.20,Census Tract 2037.20,G5020,S,321042,0,+34.0468935,-118.2031501,los_angeles,Los Angeles,,,,,,,,,,0.3208818210313359,41.387070707070734,22.70871943204513,-18.678351275025612,22.70871943204512,57.35900096980124,True,False,False,Neither hotspot,False,41.387070707070734,22.70871943204513
06,037,189201,06037189201,1400000US06037189201,1892.01,Census Tract 1892.01,G5020,S,325702,0,+34.1035829,-118.2961605,los_angeles,Los Angeles,,,,,,,,,,0.32555600807539736,38.90768817204304,22.772576144121732,-16.135112027921306,22.77257614412173,56.943057890226434,True,False,True,HI-only hotspot,True,38.90768817204304,22.772576144121732
06,037,211803,06037211803,1400000US06037211803,2118.03,Census Tract 2118.03,G5020,S,139528,0,+34.0671880,-118.3022323,los_angeles,Los Angeles,,,,,,,,,,0.139465826038799,38.833333333333364,22.772576144121732,-16.060757189211632,22.77257614412173,56.943057890226434,True,False,True,HI-only hotspot,True,38.833333333333364,22.772576144121732
06,037,211922,06037211922,1400000US06037211922,2119.22,Census Tract 2119.22,G5020,S,92893,0,+34.0672221,-118.2953981,los_angeles,Los Angeles,,,,,,,,,,0.09285221230234239,40.3116666666667,22.772576144121732,-17.53909052254497,22.77257614412173,56.943057890226434,True,False,True,HI-only hotspot,True,40.3116666666667,22.772576144121732
06,037,212501,06037212501,1400000US06037212501,2125.01,Census Tract 2125.01,G5020,S,79596,0,+34.0560700,-118.3053637,los_angeles,Los Angeles,,,,,,,,,,0.07956121184594524,38.474000000000025,22.772576144121732,-15.701423855878293,22.77257614412173,56.943057890226434,True,False,True,HI-only hotspot,True,38.474000000000025,22.772576144121732
06,037,241201,06037241201,1400000US06037241201,2412.01,Census Tract 2412.01,G5020,S,485898,0,+33.9402403,-118.2858348,los_angeles,Los Angeles,,,,,,,,,,0.4856783712592494,40.19745478036179,21.308033147065544,-18.889421633296244,21.308033147065544,66.53821427491826,True,False,False,Neither hotspot,False,40.19745478036179,21.308033147065544
06,037,267901,06037267901,1400000US06037267901,2679.01,Census Tract 2679.01,G5020,S,1119638,0,+34.0564560,-118.4137158,los_angeles,Los Angeles,,,,,,,,,,1.1192103607599542,36.30484668644909,22.395122353926983,-13.909724332522106,22.39512235392698,59.306167605666204,True,False,False,Neither hotspot,True,36.30484668644909,22.395122353926983
06,037,269906,06037269906,1400000US06037269906,2699.06,Census Tract 2699.06,G5020,S,207994,0,+34.0249593,-118.4031746,los_angeles,Los Angeles,,,,,,,,,,0.2079142065525045,38.21333333333336,21.696834168917924,-16.516499164415436,21.696834168917917,63.2459534939658,True,False,False,Neither hotspot,False,38.21333333333336,21.696834168917924
06,037,203900,06037203900,1400000US06037203900,2039,Census Tract 2039,G5020,S,448476,0,+34.0333803,-118.1944807,los_angeles,Los Angeles,,,,,,,,,,0.4482556537731006,42.19637681159422,22.416491735154356,-19.77988507643987,22.416491735154352,61.01142526452512,True,True,False,LST-only hotspot,False,42.19637681159422,22.416491735154356
06,037,204110,06037204110,1400000US06037204110,2041.10,Census Tract 2041.10,G5020,S,603786,0,+34.0387870,-118.1987145,los_angeles,Los Angeles,,,,,,,,,,0.6034857510669454,42.41651268115945,22.416491735154356,-20.000020946005094,22.416491735154352,61.01142526452512,True,True,False,LST-only hotspot,False,42.41651268115945,22.416491735154356
06,037,204120,06037204120,1400000US06037204120,2041.20,Census Tract 2041.20,G5020,S,263402,0,+34.0338905,-118.2011680,los_angeles,Los Angeles,,,,,,,,,,0.26327164857630514,41.94600000000003,22.416491735154356,-19.529508264845678,22.416491735154352,61.01142526452512,True,True,False,LST-only hotspot,False,41.94600000000003,22.416491735154356
06,037,204300,06037204300,1400000US06037204300,2043,Census Tract 2043,G5020,S,643484,0,+34.0387491,-118.2078724,los_angeles,Los Angeles,,,,,,,,,,0.6431664054597369,41.97500841750845,22.416491735154356,-19.558516682354092,22.416491735154352,61.01142526452512,True,True,False,LST-only hotspot,False,41.97500841750845,22.416491735154356
06,037,204600,06037204600,1400000US06037204600,2046,Census Tract 2046,G5020,S,564176,18298,+34.0366414,-118.2158297,los_angeles,Los Angeles,,,,,,,,,,0.582189273942145,41.80009363295883,22.416491735154356,-19.383601897804475,22.416491735154352,61.01142526452512,True,True,False,LST-only hotspot,False,41.80009363295883,22.416491735154356
06,037,204700,06037204700,1400000US06037204700,2047,Census Tract 2047,G5020,S,1011060,0,+34.0309820,-118.2124516,los_angeles,Los Angeles,,,,,,,,,,1.0105612910234691,42.0268579234973,22.416491735154356,-19.61036618834295,22.416491735154352,61.01142526452512,True,True,False,LST-only hotspot,False,42.0268579234973,22.416491735154356
06,037,204810,06037204810,1400000US06037204810,2048.10,Census Tract 2048.10,G5020,S,770086,0,+34.0285558,-118.2030003,los_angeles,Los Angeles,,,,,,,,,,0.7697056595696886,42.3580055788006,22.416491735154356,-19.941513843646234,22.416491735154352,61.01142526452512,True,True,False,LST-only hotspot,False,42.3580055788006,22.416491735154356
06,037,204820,06037204820,1400000US06037204820,2048.20,Census Tract 2048.20,G5020,S,320144,0,+34.0238153,-118.2058412,los_angeles,Los Angeles,,,,,,,,,,0.31998299557380516,42.900707070707114,22.416491735154356,-20.484215335552754,22.416491735154352,61.01142526452512,True,True,False,LST-only hotspot,False,42.900707070707114,22.416491735154356
06,037,204910,06037204910,1400000US06037204910,2049.10,Census Tract 2049.10,G5020,S,518337,0,+34.0248828,-118.1955701,los_angeles,Los Angeles,,,,,,,,,,0.5180794471217712,42.86786324786328,22.416491735154356,-20.451371512708924,22.416491735154352,61.01142526452512,True,True,False,LST-only hotspot,False,42.86786324786328,22.416491735154356
06,037,137301,06037137301,1400000US06037137301,1373.01,Census Tract 1373.01,G5020,S,1601322,8359,+34.1762530,-118.6340417,los_angeles,Los Angeles,,,,,,,,,,1.609296669502683,40.17438746438751,21.83585102523586,-18.338536439151632,21.835851025235854,62.58683071116808,True,False,False,Neither hotspot,False,40.17438746438751,21.83585102523586
06,037,137302,06037137302,1400000US06037137302,1373.02,Census Tract 1373.02,G5020,S,2446886,0,+34.1773480,-118.6541956,los_angeles,Los Angeles,,,,,,,,,,2.4463315903012375,39.040633986928135,21.466960576733104,-17.57367341019503,21.466960576733097,64.79075049276956,True,False,False,Neither hotspot,False,39.040633986928135,21.466960576733104
06,037,137401,06037137401,1400000US06037137401,1374.01,Census Tract 1374.01,G5020,S,2377598,0,+34.1591455,-118.6108388,los_angeles,Los Angeles,,,,,,,,,,2.3769874425223008,39.189313186813216,21.68529131297459,-17.50402187383863,21.68529131297458,63.652598608118375,True,False,False,Neither hotspot,False,39.189313186813216,21.68529131297459
06,037,141400,06037141400,1400000US06037141400,1414,Census Tract 1414,G5020,S,1982391,0,+34.1575339,-118.4761273,los_angeles,Los Angeles,,,,,,,,,,1.981708165066977,38.84794069192754,22.263397930220776,-16.584542761706764,22.263397930220776,59.78195784570431,True,False,False,Neither hotspot,False,38.84794069192754,22.263397930220776
06,037,104203,06037104203,1400000US06037104203,1042.03,Census Tract 1042.03,G5020,S,707989,0,+34.2790579,-118.4115542,los_angeles,Los Angeles,,,,,,,,,,0.707718182467155,43.09604454685102,22.613798050258485,-20.482246496592538,22.61379805025848,53.20122812690523,True,True,False,LST-only hotspot,False,43.09604454685102,22.613798050258485
06,037,102107,06037102107,1400000US06037102107,1021.07,Census Tract 1021.07,G5020,S,12908562,13753,+34.2409052,-118.3395988,los_angeles,Los Angeles,,,,,,,,,,12.916814287774072,38.11022920346543,22.87605582037068,-15.234173383094744,22.876055820370677,53.70326459014678,True,False,True,HI-only hotspot,True,38.11022920346543,22.87605582037068
06,037,203800,06037203800,1400000US06037203800,2038,Census Tract 2038,G5020,S,487391,0,+34.0449856,-118.1955756,los_angeles,Los Angeles,,,,,,,,,,0.4871483542595875,42.150333333333364,22.550662364683337,-19.59967096865003,22.55066236468333,59.334486110078,True,True,False,LST-only hotspot,False,42.150333333333364,22.550662364683337
06,037,208610,06037208610,1400000US06037208610,2086.10,Census Tract 2086.10,G5020,S,350131,0,+34.0721590,-118.2817724,los_angeles,Los Angeles,,,,,,,,,,0.3499706465453189,40.51743119266058,22.772576144121732,-17.74485504853885,22.77257614412173,56.943057890226434,True,False,True,HI-only hotspot,True,40.51743119266058,22.772576144121732
06,037,208620,06037208620,1400000US06037208620,2086.20,Census Tract 2086.20,G5020,S,324331,0,+34.0697090,-118.2779829,los_angeles,Los Angeles,,,,,,,,,,0.3241830014233399,41.015488215488254,22.772576144121732,-18.242912071366515,22.77257614412173,56.943057890226434,True,False,True,HI-only hotspot,True,41.015488215488254,22.772576144121732
06,037,208903,06037208903,1400000US06037208903,2089.03,Census Tract 2089.03,G5020,S,159288,0,+34.0597997,-118.2733596,los_angeles,Los Angeles,,,,,,,,,,0.15921414619532234,40.72979591836737,22.772576144121732,-17.957219774245644,22.77257614412173,56.943057890226434,True,False,True,HI-only hotspot,True,40.72979591836737,22.772576144121732
06,037,209300,06037209300,1400000US06037209300,2093,Census Tract 2093,G5020,S,306315,0,+34.0507300,-118.2683015,los_angeles,Los Angeles,,,,,,,,,,0.3061740137310083,41.348368421052655,22.772576144121732,-18.57579227693093,22.77257614412173,56.943057890226434,True,False,True,HI-only hotspot,True,41.348368421052655,22.772576144121732
06,037,209510,06037209510,1400000US06037209510,2095.10,Census Tract 2095.10,G5020,S,182484,0,+34.0529626,-118.2819584,los_angeles,Los Angeles,,,,,,,,,,0.182402092613737,40.85187878787882,22.772576144121732,-18.07930264375708,22.77257614412173,56.943057890226434,True,False,True,HI-only hotspot,True,40.85187878787882,22.772576144121732
06,037,210010,06037210010,1400000US06037210010,2100.10,Census Tract 2100.10,G5020,S,408974,0,+34.0468502,-118.2723098,los_angeles,Los Angeles,,,,,,,,,,0.4087862396226915,41.24544619422575,22.526583318395843,-18.718862875829906,22.526583318395836,58.7294604261434,True,False,False,Neither hotspot,False,41.24544619422575,22.526583318395843
06,037,190510,06037190510,1400000US06037190510,1905.10,Census Tract 1905.10,G5020,S,318393,0,+34.0999771,-118.3113901,los_angeles,Los Angeles,,,,,,,,,,0.31825028222017254,39.12907608695655,22.772576144121732,-16.356499942834816,22.77257614412173,56.943057890226434,True,False,True,HI-only hotspot,True,39.12907608695655,22.772576144121732
06,037,190520,06037190520,1400000US06037190520,1905.20,Census Tract 1905.20,G5020,S,243960,0,+34.0999328,-118.3038048,los_angeles,Los Angeles,,,,,,,,,,0.24385194145233163,39.23750000000003,22.772576144121732,-16.464923855878297,22.77257614412173,56.943057890226434,True,False,True,HI-only hotspot,True,39.23750000000003,22.772576144121732
06,037,190902,06037190902,1400000US06037190902,1909.02,Census Tract 1909.02,G5020,S,486991,0,+34.0943950,-118.3190130,los_angeles,Los Angeles,,,,,,,,,,0.4867781154389166,39.59666666666669,22.772576144121732,-16.82409052254496,22.77257614412173,56.943057890226434,True,False,True,HI-only hotspot,True,39.59666666666669,22.772576144121732
06,037,191000,06037191000,1400000US06037191000,1910,Census Tract 1910,G5020,S,648704,0,+34.1009548,-118.3216769,los_angeles,Los Angeles,,,,,,,,,,0.6484206556947394,38.691884057971045,22.772576144121732,-15.919307913849313,22.77257614412173,56.943057890226434,True,False,True,HI-only hotspot,True,38.691884057971045,22.772576144121732
06,037,191110,06037191110,1400000US06037191110,1911.10,Census Tract 1911.10,G5020,S,272751,0,+34.0965841,-118.3049408,los_angeles,Los Angeles,,,,,,,,,,0.2726294664299481,39.81638497652585,22.772576144121732,-17.04380883240412,22.77257614412173,56.943057890226434,True,False,True,HI-only hotspot,True,39.81638497652585,22.772576144121732
06,037,191120,06037191120,1400000US06037191120,1911.20,Census Tract 1911.20,G5020,S,379659,0,+34.0929287,-118.3047940,los_angeles,Los Angeles,,,,,,,,,,0.3794897877187039,39.83135693215342,22.772576144121732,-17.05878078803169,22.77257614412173,56.943057890226434,True,False,True,HI-only hotspot,True,39.83135693215342,22.772576144121732
06,037,191201,06037191201,1400000US06037191201,1912.01,Census Tract 1912.01,G5020,S,572288,0,+34.0985766,-118.2961735,los_angeles,Los Angeles,,,,,,,,,,0.5720307936993377,39.87780180180183,22.772576144121732,-17.105225657680094,22.77257614412173,56.943057890226434,True,False,True,HI-only hotspot,True,39.87780180180183,22.772576144121732
06,037,191420,06037191420,1400000US06037191420,1914.20,Census Tract 1914.20,G5020,S,227178,0,+34.0851215,-118.2881029,los_angeles,Los Angeles,,,,,,,,,,0.2270760429817118,40.7676315789474,22.772576144121732,-17.995055434825666,22.77257614412173,56.943057890226434,True,False,True,HI-only hotspot,True,40.7676315789474,22.772576144121732
06,037,191500,06037191500,1400000US06037191500,1915,Census Tract 1915,G5020,S,641384,0,+34.0872608,-118.2960370,los_angeles,Los Angeles,,,,,,,,,,0.6410974681079102,40.703584905660406,22.772576144121732,-17.931008761538678,22.77257614412173,56.943057890226434,True,False,True,HI-only hotspot,True,40.703584905660406,22.772576144121732
06,037,191610,06037191610,1400000US06037191610,1916.10,Census Tract 1916.10,G5020,S,417925,0,+34.0863852,-118.3059567,los_angeles,Los Angeles,,,,,,,,,,0.4177418306999859,40.21333333333336,22.772576144121732,-17.440757189211634,22.77257614412173,56.943057890226434,True,False,True,HI-only hotspot,True,40.21333333333336,22.772576144121732
06,037,191620,06037191620,1400000US06037191620,1916.20,Census Tract 1916.20,G5020,S,228850,0,+34.0885854,-118.3027208,los_angeles,Los Angeles,,,,,,,,,,0.22874772909719857,40.30000000000003,22.772576144121732,-17.5274238558783,22.77257614412173,56.943057890226434,True,False,True,HI-only hotspot,True,40.30000000000003,22.772576144121732
06,037,191710,06037191710,1400000US06037191710,1917.10,Census Tract 1917.10,G5020,S,705306,3325,+34.0854739,-118.3192295,los_angeles,Los Angeles,,,,,,,,,,0.7083221159761675,39.56643678160923,22.772576144121732,-16.793860637487494,22.77257614412173,56.943057890226434,True,False,True,HI-only hotspot,True,39.56643678160923,22.772576144121732
06,037,191820,06037191820,1400000US06037191820,1918.20,Census Tract 1918.20,G5020,S,404735,0,+34.0852963,-118.3277048,los_angeles,Los Angeles,,,,,,,,,,0.4045616824177082,39.35717391304351,22.772576144121732,-16.584597768921775,22.77257614412173,56.943057890226434,True,False,True,HI-only hotspot,True,39.35717391304351,22.772576144121732
06,037,137402,06037137402,1400000US06037137402,1374.02,Census Tract 1374.02,G5020,S,3080184,0,+34.1554636,-118.6249424,los_angeles,Los Angeles,,,,,,,,,,3.079425711121313,38.38937412095643,21.559214946016958,-16.830159174939467,21.559214946016954,64.54505610853111,True,False,False,Neither hotspot,False,38.38937412095643,21.559214946016958
06,037,272100,06037272100,1400000US06037272100,2721,Census Tract 2721,G5020,S,1199293,0,+34.0037101,-118.4422882,los_angeles,Los Angeles,,,,,,,,,,1.1988594790337628,35.05963414634149,21.696834168917924,-13.362799977423569,21.696834168917917,63.2459534939658,True,False,False,Neither hotspot,True,35.05963414634149,21.696834168917924
06,037,221110,06037221110,1400000US06037221110,2211.10,Census Tract 2211.10,G5020,S,234230,0,+34.0457195,-118.2878287,los_angeles,Los Angeles,,,,,,,,,,0.23412442315173004,40.91715189873421,22.31694111111101,-18.600210787623197,22.31694111111101,60.25188438149145,True,False,False,Neither hotspot,False,40.91715189873421,22.31694111111101
06,037,212303,06037212303,1400000US06037212303,2123.03,Census Tract 2123.03,G5020,S,155649,0,+34.0597633,-118.2935144,los_angeles,Los Angeles,,,,,,,,,,0.15557864023412427,39.058333333333366,22.772576144121732,-16.285757189211633,22.77257614412173,56.943057890226434,True,False,True,HI-only hotspot,True,39.058333333333366,22.772576144121732
06,037,201200,06037201200,1400000US06037201200,2012,Census Tract 2012,G5020,S,440870,0,+34.0887085,-118.1785472,los_angeles,Los Angeles,,,,,,,,,,0.44064469276599516,38.613613138686155,22.835774952432423,-15.777838186253737,22.835774952432416,55.77099040687782,True,False,True,HI-only hotspot,True,38.613613138686155,22.835774952432423
06,037,191203,06037191203,1400000US06037191203,1912.03,Census Tract 1912.03,G5020,S,205208,0,+34.0931674,-118.2939076,los_angeles,Los Angeles,,,,,,,,,,0.2051159699405024,40.46000000000003,22.772576144121732,-17.687423855878297,22.77257614412173,56.943057890226434,True,False,True,HI-only hotspot,True,40.46000000000003,22.772576144121732
06,037,135201,06037135201,1400000US06037135201,1352.01,Census Tract 1352.01,G5020,S,1531444,351,+34.1903616,-118.6261323,los_angeles,Los Angeles,,,,,,,,,,1.5314182834036925,40.9986357526882,21.83585102523586,-19.162784727452344,21.835851025235854,62.58683071116808,True,False,False,Neither hotspot,False,40.9986357526882,21.83585102523586
06,037,119400,06037119400,1400000US06037119400,1194,Census Tract 1194,G5020,S,1117289,4269,+34.2378874,-118.4353682,los_angeles,Los Angeles,,,,,,,,,,1.1211449383406549,43.06465700483095,22.854393328791108,-20.21026367603984,22.854393328791105,55.583815028259906,True,True,True,Both LST and HI hotspot,False,43.06465700483095,22.854393328791108
06,037,113213,06037113213,1400000US06037113213,1132.13,Census Tract 1132.13,G5020,S,1300834,24,+34.2515000,-118.6078470,los_angeles,Los Angeles,,,,,,,,,,1.300519897245833,39.2719981834696,22.104110146683613,-17.167888036785985,22.10411014668361,60.2382077087879,True,False,False,Neither hotspot,False,39.2719981834696,22.104110146683613
06,037,296600,06037296600,1400000US06037296600,2966,Census Tract 2966,G5020,S,841947,0,+33.7397829,-118.2923625,los_angeles,Los Angeles,,,,,,,,,,0.8415702413290552,35.83632379572621,,,,,False,False,False,Missing,False,35.83632379572621,
06,037,237300,06037237300,1400000US06037237300,2373,Census Tract 2373,G5020,S,997691,0,+33.9782832,-118.3110714,los_angeles,Los Angeles,,,,,,,,,,0.9972540746871797,39.82691794871798,22.093422038313296,-17.733495910404688,22.093422038313292,61.875082282866735,True,False,False,Neither hotspot,False,39.82691794871798,22.093422038313296
06,037,227010,06037227010,1400000US06037227010,2270.10,Census Tract 2270.10,G5020,S,579198,0,+34.0185256,-118.2469968,los_angeles,Los Angeles,,,,,,,,,,0.5789230159069783,42.63628571428574,22.416491735154356,-20.219793979131385,22.416491735154352,61.01142526452512,True,True,False,LST-only hotspot,False,42.63628571428574,22.416491735154356
06,037,219300,06037219300,1400000US06037219300,2193,Census Tract 2193,G5020,S,651811,0,+34.0267587,-118.3318299,los_angeles,Los Angeles,,,,,,,,,,0.6515324840619472,40.191840796019925,22.093422038313296,-18.098418757706636,22.093422038313292,61.875082282866735,True,False,False,Neither hotspot,False,40.191840796019925,22.093422038313296
06,037,204420,06037204420,1400000US06037204420,2044.20,Census Tract 2044.20,G5020,S,302058,0,+34.0445316,-118.2116198,los_angeles,Los Angeles,,,,,,,,,,0.30190727062940975,41.48500000000002,22.519082309594733,-18.96591769040529,22.519082309594726,59.72919120361142,True,True,False,LST-only hotspot,False,41.48500000000002,22.519082309594733
06,037,211320,06037211320,1400000US06037211320,2113.20,Census Tract 2113.20,G5020,S,186272,0,+34.0708715,-118.2941394,los_angeles,Los Angeles,,,,,,,,,,0.1861886578686626,40.3116666666667,22.772576144121732,-17.53909052254497,22.77257614412173,56.943057890226434,True,False,True,HI-only hotspot,True,40.3116666666667,22.772576144121732
06,037,262301,06037262301,1400000US06037262301,2623.01,Census Tract 2623.01,G5020,S,13055740,1359,+34.0925404,-118.4910639,los_angeles,Los Angeles,,,,,,,,,,13.052753752658772,31.172562380833973,21.782667289955047,-9.389895090878936,21.782667289955043,62.86091820648541,True,False,False,Neither hotspot,True,31.172562380833973,21.782667289955047
06,037,218120,06037218120,1400000US06037218120,2181.20,Census Tract 2181.20,G5020,S,445213,0,+34.0435631,-118.3206759,los_angeles,Los Angeles,,,,,,,,,,0.44501956420191163,39.83510204081637,22.185823957470905,-17.64927808334546,22.185823957470905,61.20405855597691,True,False,False,Neither hotspot,False,39.83510204081637,22.185823957470905
06,037,209403,06037209403,1400000US06037209403,2094.03,Census Tract 2094.03,G5020,S,138195,0,+34.0531328,-118.2738446,los_angeles,Los Angeles,,,,,,,,,,0.13813469345652962,41.144379844961264,22.772576144121732,-18.371803700839532,22.77257614412173,56.943057890226434,True,False,True,HI-only hotspot,True,41.144379844961264,22.772576144121732
06,037,208902,06037208902,1400000US06037208902,2089.02,Census Tract 2089.02,G5020,S,184049,0,+34.0564462,-118.2723721,los_angeles,Los Angeles,,,,,,,,,,0.18396571633598605,40.828452380952406,22.772576144121732,-18.055876236830677,22.77257614412173,56.943057890226434,True,False,True,HI-only hotspot,True,40.828452380952406,22.772576144121732
06,037,212203,06037212203,1400000US06037212203,2122.03,Census Tract 2122.03,G5020,S,106312,0,+34.0597621,-118.2903562,los_angeles,Los Angeles,,,,,,,,,,0.10626415976300406,39.520833333333364,22.772576144121732,-16.74825718921163,22.77257614412173,56.943057890226434,True,False,True,HI-only hotspot,True,39.520833333333364,22.772576144121732
06,037,194200,06037194200,1400000US06037194200,1942,Census Tract 1942,G5020,S,2603216,0,+34.1035086,-118.3749964,los_angeles,Los Angeles,,,,,,,,,,2.602166878056685,34.463988463123215,22.395122353926983,-12.068866109196238,22.39512235392698,59.306167605666204,True,False,False,Neither hotspot,True,34.463988463123215,22.395122353926983
06,037,183620,06037183620,1400000US06037183620,1836.20,Census Tract 1836.20,G5020,S,517470,0,+34.1151760,-118.1898523,los_angeles,Los Angeles,,,,,,,,,,0.5172091813905775,39.834936708860795,22.835774952432423,-16.999161756428368,22.835774952432416,55.77099040687782,True,False,True,HI-only hotspot,True,39.834936708860795,22.835774952432423
06,037,139303,06037139303,1400000US06037139303,1393.03,Census Tract 1393.03,G5020,S,415569,0,+34.1762843,-118.5333072,los_angeles,Los Angeles,,,,,,,,,,0.41544305835716144,40.699986225895344,22.400895041313728,-18.299091184581616,22.40089504131373,58.90132299675208,True,False,False,Neither hotspot,False,40.699986225895344,22.400895041313728
06,037,123410,06037123410,1400000US06037123410,1234.10,Census Tract 1234.10,G5020,S,488725,8391,+34.1972397,-118.4219865,los_angeles,Los Angeles,,,,,,,,,,0.4969280841483327,42.707657004830935,22.854393328791108,-19.85326367603983,22.854393328791105,55.583815028259906,True,True,True,Both LST and HI hotspot,False,42.707657004830935,22.854393328791108
06,037,120010,06037120010,1400000US06037120010,1200.10,Census Tract 1200.10,G5020,S,553982,11621,+34.2191995,-118.4622655,los_angeles,Los Angeles,,,,,,,,,,0.5654013737476449,43.22874007936511,22.400895041313728,-20.827845038051382,22.40089504131373,58.90132299675208,True,True,False,LST-only hotspot,False,43.22874007936511,22.400895041313728
06,037,117510,06037117510,1400000US06037117510,1175.10,Census Tract 1175.10,G5020,S,330594,4518,+34.2336780,-118.4621483,los_angeles,Los Angeles,,,,,,,,,,0.33499405061128323,42.496036745406855,22.400895041313728,-20.095141704093123,22.40089504131373,58.90132299675208,True,True,False,LST-only hotspot,False,42.496036745406855,22.400895041313728
06,037,294810,06037294810,1400000US06037294810,2948.10,Census Tract 2948.10,G5020,S,320464,0,+33.7795265,-118.2714945,los_angeles,Los Angeles,,,,,,,,,,0.32031890155973575,35.968333333333355,20.438854485663853,-15.529478847669502,20.438854485663853,71.0706293286502,True,False,False,Neither hotspot,True,35.968333333333355,20.438854485663853
06,037,242300,06037242300,1400000US06037242300,2423,Census Tract 2423,G5020,S,630038,0,+33.9485060,-118.2461145,los_angeles,Los Angeles,,,,,,,,,,0.629741512667535,41.237811965811986,22.09386825044111,-19.143943715370884,22.093868250441105,63.1005499825158,True,False,False,Neither hotspot,False,41.237811965811986,22.09386825044111
06,037,980015,06037980015,1400000US06037980015,9800.15,Census Tract 9800.15,G5020,S,5188935,220674,+33.7732472,-118.2888391,los_angeles,Los Angeles,,,,,,,,,,5.407194379569036,36.968693009118574,20.438854485663853,-16.529838523454718,20.438854485663853,71.0706293286502,True,False,False,Neither hotspot,False,36.968693009118574,20.438854485663853
06,037,262601,06037262601,1400000US06037262601,2626.01,Census Tract 2626.01,G5020,S,3620351,0,+34.0738344,-118.5557893,los_angeles,Los Angeles,,,,,,,,,,3.6192936845575066,29.7065416666667,21.381257524747074,-8.325284141919623,21.381257524747074,65.76874691495645,True,False,False,Neither hotspot,True,29.7065416666667,21.381257524747074
06,037,237900,06037237900,1400000US06037237900,2379,Census Tract 2379,G5020,S,979778,0,+33.9709293,-118.3111925,los_angeles,Los Angeles,,,,,,,,,,0.9793493546485299,39.234394484412505,22.093422038313296,-17.14097244609921,22.093422038313292,61.875082282866735,True,False,False,Neither hotspot,False,39.234394484412505,22.093422038313296
06,037,228600,06037228600,1400000US06037228600,2286,Census Tract 2286,G5020,S,526963,0,+34.0036935,-118.2608661,los_angeles,Los Angeles,,,,,,,,,,0.5267183037992,41.81221505376347,22.093422038313296,-19.71879301545017,22.093422038313292,61.875082282866735,True,True,False,LST-only hotspot,False,41.81221505376347,22.093422038313296
06,037,222600,06037222600,1400000US06037222600,2226,Census Tract 2226,G5020,S,651938,0,+34.0218424,-118.2958710,los_angeles,Los Angeles,,,,,,,,,,0.6516466513088337,41.12181464174458,22.093422038313296,-19.028392603431282,22.093422038313292,61.875082282866735,True,False,False,Neither hotspot,False,41.12181464174458,22.093422038313296
06,037,208904,06037208904,1400000US06037208904,2089.04,Census Tract 2089.04,G5020,S,112106,0,+34.0595681,-118.2700929,los_angeles,Los Angeles,,,,,,,,,,0.11205269871036704,40.88333333333336,22.772576144121732,-18.11075718921163,22.77257614412173,56.943057890226434,True,False,True,HI-only hotspot,True,40.88333333333336,22.772576144121732
06,037,139703,06037139703,1400000US06037139703,1397.03,Census Tract 1397.03,G5020,S,4728892,0,+34.1445790,-118.5320785,los_angeles,Los Angeles,,,,,,,,,,4.727435271996125,35.337163385381345,21.903123070430226,-13.434040314951115,21.903123070430226,62.089428847901935,True,False,False,Neither hotspot,True,35.337163385381345,21.903123070430226
06,037,123602,06037123602,1400000US06037123602,1236.02,Census Tract 1236.02,G5020,S,927752,0,+34.1812199,-118.4263255,los_angeles,Los Angeles,,,,,,,,,,0.9274035020516539,42.00472610722613,22.854393328791108,-19.15033277843503,22.854393328791105,55.583815028259906,True,True,True,Both LST and HI hotspot,False,42.00472610722613,22.854393328791108
06,037,122410,06037122410,1400000US06037122410,1224.10,Census Tract 1224.10,G5020,S,706993,0,+34.2044832,-118.3919739,los_angeles,Los Angeles,,,,,,,,,,0.7067148574928874,43.84910533910537,22.854393328791108,-20.994712010314267,22.854393328791105,55.583815028259906,True,True,True,Both LST and HI hotspot,False,43.84910533910537,22.854393328791108
06,037,131300,06037131300,1400000US06037131300,1313,Census Tract 1313,G5020,S,1118011,0,+34.2146599,-118.5229633,los_angeles,Los Angeles,,,,,,,,,,1.117660030515479,41.62332432432436,22.400895041313728,-19.22242928301063,22.40089504131373,58.90132299675208,True,True,False,LST-only hotspot,False,41.62332432432436,22.400895041313728
06,037,115302,06037115302,1400000US06037115302,1153.02,Census Tract 1153.02,G5020,S,832983,4830,+34.2259651,-118.5503049,los_angeles,Los Angeles,,,,,,,,,,0.8375662669431162,42.07414141414145,22.16760035285734,-19.906541061284113,22.167600352857338,60.42299095459809,True,True,False,LST-only hotspot,False,42.07414141414145,22.16760035285734
06,037,109700,06037109700,1400000US06037109700,1097,Census Tract 1097,G5020,S,1586861,0,+34.2619342,-118.4808881,los_angeles,Los Angeles,,,,,,,,,,1.586318061665971,42.01605072463771,22.60031635726711,-19.4157343673706,22.600316357267104,55.76673160950213,True,True,False,LST-only hotspot,False,42.01605072463771,22.60031635726711
06,037,241300,06037241300,1400000US06037241300,2413,Census Tract 2413,G5020,S,522126,0,+33.9261331,-118.2862377,los_angeles,Los Angeles,,,,,,,,,,0.5218925061690568,40.08743333333337,21.308033147065544,-18.77940018626782,21.308033147065544,66.53821427491826,True,False,False,Neither hotspot,False,40.08743333333337,21.308033147065544
06,037,228410,06037228410,1400000US06037228410,2284.10,Census Tract 2284.10,G5020,S,277715,0,+34.0137400,-118.2691132,los_angeles,Los Angeles,,,,,,,,,,0.277585636242018,41.6266666666667,22.093422038313296,-19.533244628353405,22.093422038313292,61.875082282866735,True,True,False,LST-only hotspot,False,41.6266666666667,22.093422038313296
06,037,204200,06037204200,1400000US06037204200,2042,Census Tract 2042,G5020,S,301202,0,+34.0436195,-118.2050757,los_angeles,Los Angeles,,,,,,,,,,0.301053469086656,42.20172043010756,22.42100015684552,-19.780720273262034,22.421000156845512,60.95507650261494,True,True,False,LST-only hotspot,False,42.20172043010756,22.42100015684552
06,037,209820,06037209820,1400000US06037209820,2098.20,Census Tract 2098.20,G5020,S,179107,0,+34.0472132,-118.2782548,los_angeles,Los Angeles,,,,,,,,,,0.1790247824429829,41.1427878787879,22.661441835898533,-18.481346042889367,22.66144183589853,57.75011642720393,True,False,False,Neither hotspot,False,41.1427878787879,22.661441835898533
06,037,214600,06037214600,1400000US06037214600,2146,Census Tract 2146,G5020,S,581187,0,+34.0727874,-118.3656444,los_angeles,Los Angeles,,,,,,,,,,0.5809481565010104,37.94196491228074,22.395122353926983,-15.546842558353756,22.39512235392698,59.306167605666204,True,False,False,Neither hotspot,True,37.94196491228074,22.395122353926983
06,037,211420,06037211420,1400000US06037211420,2114.20,Census Tract 2114.20,G5020,S,381085,0,+34.0726363,-118.3029423,los_angeles,Los Angeles,,,,,,,,,,0.38091508458052376,39.08619047619051,22.772576144121732,-16.313614332068777,22.77257614412173,56.943057890226434,True,False,True,HI-only hotspot,True,39.08619047619051,22.772576144121732
06,037,191810,06037191810,1400000US06037191810,1918.10,Census Tract 1918.10,G5020,S,404246,0,+34.0889240,-118.3277122,los_angeles,Los Angeles,,,,,,,,,,0.4040734346533566,39.35716450216454,22.772576144121732,-16.5845883580428,22.77257614412173,56.943057890226434,True,False,True,HI-only hotspot,True,39.35716450216454,22.772576144121732
06,037,192620,06037192620,1400000US06037192620,1926.20,Census Tract 1926.20,G5020,S,243560,0,+34.0776717,-118.2960541,los_angeles,Los Angeles,,,,,,,,,,0.24345021260310798,40.09438172043013,22.772576144121732,-17.3218055763084,22.77257614412173,56.943057890226434,True,False,True,HI-only hotspot,True,40.09438172043013,22.772576144121732
06,037,124500,06037124500,1400000US06037124500,1245,Census Tract 1245,G5020,S,807913,0,+34.1722741,-118.4267703,los_angeles,Los Angeles,,,,,,,,,,0.8076138937917453,41.52435684647306,22.854393328791108,-18.669963517681953,22.854393328791105,55.583815028259906,True,True,True,Both LST and HI hotspot,False,41.52435684647306,22.854393328791108
06,037,127910,06037127910,1400000US06037127910,1279.10,Census Tract 1279.10,G5020,S,649784,0,+34.1975649,-118.4443625,los_angeles,Los Angeles,,,,,,,,,,0.6495484887501373,42.37594086021508,22.854393328791108,-19.521547531423977,22.854393328791105,55.583815028259906,True,True,True,Both LST and HI hotspot,False,42.37594086021508,22.854393328791108
06,037,123205,06037123205,1400000US06037123205,1232.05,Census Tract 1232.05,G5020,S,757734,0,+34.1945637,-118.3835614,los_angeles,Los Angeles,,,,,,,,,,0.757432595497898,43.032673469387795,22.854393328791108,-20.17828014059668,22.854393328791105,55.583815028259906,True,True,True,Both LST and HI hotspot,False,43.032673469387795,22.854393328791108
06,037,108103,06037108103,1400000US06037108103,1081.03,Census Tract 1081.03,G5020,S,2564931,0,+34.2864260,-118.5399996,los_angeles,Los Angeles,,,,,,,,,,2.5641515641734034,39.06661243220696,22.56263670858622,-16.50397572362073,22.562636708586215,56.11078366756391,True,False,False,Neither hotspot,False,39.06661243220696,22.56263670858622
06,037,134305,06037134305,1400000US06037134305,1343.05,Census Tract 1343.05,G5020,S,357578,0,+34.2176340,-118.6016952,los_angeles,Los Angeles,,,,,,,,,,0.35748477479052715,41.36084045584048,21.83585102523586,-19.524989430604617,21.835851025235854,62.58683071116808,True,False,False,Neither hotspot,False,41.36084045584048,21.83585102523586
06,037,143902,06037143902,1400000US06037143902,1439.02,Census Tract 1439.02,G5020,S,2522502,4486,+34.1358007,-118.4214241,los_angeles,Los Angeles,,,,,,,,,,2.5260318265413977,34.73374787414969,22.395122353926983,-12.338625520222708,22.39512235392698,59.306167605666204,True,False,False,Neither hotspot,True,34.73374787414969,22.395122353926983
06,037,141700,06037141700,1400000US06037141700,1417,Census Tract 1417,G5020,S,3244104,0,+34.1379864,-118.4376485,los_angeles,Los Angeles,,,,,,,,,,3.2429148568299686,35.04468791500667,22.3920722789072,-12.65261563609947,22.3920722789072,59.32387054690535,True,False,False,Neither hotspot,True,35.04468791500667,22.3920722789072
06,037,123420,06037123420,1400000US06037123420,1234.20,Census Tract 1234.20,G5020,S,778593,8123,+34.1936905,-118.4155624,los_angeles,Los Angeles,,,,,,,,,,0.7864177020533093,42.53030789825973,22.854393328791108,-19.675914569468624,22.854393328791105,55.583815028259906,True,True,True,Both LST and HI hotspot,False,42.53030789825973,22.854393328791108
06,037,134101,06037134101,1400000US06037134101,1341.01,Census Tract 1341.01,G5020,S,1065785,0,+34.2143034,-118.5666432,los_angeles,Los Angeles,,,,,,,,,,1.0654813090503084,42.29781219272373,21.83585102523586,-20.461961167487875,21.835851025235854,62.58683071116808,True,True,False,LST-only hotspot,False,42.29781219272373,21.83585102523586
06,037,242600,06037242600,1400000US06037242600,2426,Census Tract 2426,G5020,S,475999,0,+33.9323759,-118.2502423,los_angeles,Los Angeles,,,,,,,,,,0.4757740018855688,41.200000000000024,21.65852089757504,-19.541479102424983,21.658520897575045,65.91960984293696,True,False,False,Neither hotspot,False,41.200000000000024,21.65852089757504
06,037,277100,06037277100,1400000US06037277100,2771,Census Tract 2771,G5020,S,1234119,0,+33.9652179,-118.3783987,los_angeles,Los Angeles,,,,,,,,,,1.2336247940993224,37.20399042645782,21.696834168917924,-15.507156257539899,21.696834168917917,63.2459534939658,True,False,False,Neither hotspot,True,37.20399042645782,21.696834168917924
06,037,277200,06037277200,1400000US06037277200,2772,Census Tract 2772,G5020,S,1041838,0,+33.9526286,-118.3822385,los_angeles,Los Angeles,,,,,,,,,,1.041422318668272,36.20328732106342,21.600674683072395,-14.60261263799103,21.600674683072388,63.79659118863566,True,False,False,Neither hotspot,True,36.20328732106342,21.600674683072395
06,037,291110,06037291110,1400000US06037291110,2911.10,Census Tract 2911.10,G5020,S,711349,0,+33.9200911,-118.2868209,los_angeles,Los Angeles,,,,,,,,,,0.7110288607792469,40.49282546494996,21.308033147065544,-19.184792317884416,21.308033147065544,66.53821427491826,True,False,False,Neither hotspot,False,40.49282546494996,21.308033147065544
06,037,291130,06037291130,1400000US06037291130,2911.30,Census Tract 2911.30,G5020,S,1291463,0,+33.9024424,-118.2871419,los_angeles,Los Angeles,,,,,,,,,,1.2908819334136425,40.70678780284047,21.308033147065544,-19.398754655774923,21.308033147065544,66.53821427491826,True,False,False,Neither hotspot,False,40.70678780284047,21.308033147065544
06,037,291210,06037291210,1400000US06037291210,2912.10,Census Tract 2912.10,G5020,S,1242663,0,+33.8886904,-118.2870814,los_angeles,Los Angeles,,,,,,,,,,1.2420983628521367,40.430192135835604,21.308033147065544,-19.122158988770057,21.308033147065544,66.53821427491826,True,False,False,Neither hotspot,False,40.430192135835604,21.308033147065544
06,037,291220,06037291220,1400000US06037291220,2912.20,Census Tract 2912.20,G5020,S,818696,0,+33.8771395,-118.2867090,los_angeles,Los Angeles,,,,,,,,,,0.8183247667735818,40.06971241830068,21.308033147065544,-18.76167927123514,21.308033147065544,66.53821427491826,True,False,False,Neither hotspot,False,40.06971241830068,21.308033147065544
06,037,291300,06037291300,1400000US06037291300,2913,Census Tract 2913,G5020,S,2358585,45836,+33.8641805,-118.2951289,los_angeles,Los Angeles,,,,,,,,,,2.403346791920613,38.96575940860218,21.308033147065544,-17.657726261536638,21.308033147065544,66.53821427491826,True,False,False,Neither hotspot,False,38.96575940860218,21.308033147065544
06,037,293302,06037293302,1400000US06037293302,2933.02,Census Tract 2933.02,G5020,S,1119337,0,+33.8016119,-118.3042086,los_angeles,Los Angeles,,,,,,,,,,1.1188430783752232,38.15254335260119,20.438854485663853,-17.713688866937336,20.438854485663853,71.0706293286502,True,False,False,Neither hotspot,False,38.15254335260119,20.438854485663853
06,037,293304,06037293304,1400000US06037293304,2933.04,Census Tract 2933.04,G5020,S,569496,0,+33.7926172,-118.3043149,los_angeles,Los Angeles,,,,,,,,,,0.5692445174166012,37.39182795698929,20.438854485663853,-16.952973471325432,20.438854485663853,71.0706293286502,True,False,False,Neither hotspot,False,37.39182795698929,20.438854485663853
06,037,294110,06037294110,1400000US06037294110,2941.10,Census Tract 2941.10,G5020,S,988523,0,+33.7979782,-118.2603808,los_angeles,Los Angeles,,,,,,,,,,0.9880668086613449,37.5652481121899,20.440009309981544,-17.125238802208358,20.440009309981544,71.06864820053863,True,False,False,Neither hotspot,False,37.5652481121899,20.440009309981544
06,037,294120,06037294120,1400000US06037294120,2941.20,Census Tract 2941.20,G5020,S,1564713,0,+33.7957904,-118.2475630,los_angeles,Los Angeles,,,,,,,,,,1.5639718927084603,37.476302193913696,20.76008689077149,-16.716215303142206,20.76008689077149,70.51954762872174,True,False,False,Neither hotspot,False,37.476302193913696,20.76008689077149
06,037,294200,06037294200,1400000US06037294200,2942,Census Tract 2942,G5020,S,953769,0,+33.7948377,-118.2693892,los_angeles,Los Angeles,,,,,,,,,,0.9533318708390291,37.15297996745987,20.438854485663853,-16.71412548179601,20.438854485663853,71.0706293286502,True,False,False,Neither hotspot,False,37.15297996745987,20.438854485663853
06,037,294410,06037294410,1400000US06037294410,2944.10,Census Tract 2944.10,G5020,S,833787,0,+33.7941280,-118.2898931,los_angeles,Los Angeles,,,,,,,,,,0.8334140207773714,38.25054263565895,20.438854485663853,-17.81168814999509,20.438854485663853,71.0706293286502,True,False,False,Neither hotspot,False,38.25054263565895,20.438854485663853
06,037,293301,06037293301,1400000US06037293301,2933.01,Census Tract 2933.01,G5020,S,844979,0,+33.8111773,-118.3038284,los_angeles,Los Angeles,,,,,,,,,,0.8446063889846488,38.48625757575761,20.438854485663853,-18.04740309009375,20.438854485663853,71.0706293286502,True,False,False,Neither hotspot,False,38.48625757575761,20.438854485663853
06,037,294620,06037294620,1400000US06037294620,2946.20,Census Tract 2946.20,G5020,S,841598,0,+33.7874696,-118.2479267,los_angeles,Los Angeles,,,,,,,,,,0.8412008323151854,37.08922596754061,20.795695199828227,-16.29353076771238,20.79569519982823,70.45846074217307,True,False,False,Neither hotspot,False,37.08922596754061,20.795695199828227
06,037,294510,06037294510,1400000US06037294510,2945.10,Census Tract 2945.10,G5020,S,518230,0,+33.7865877,-118.2716940,los_angeles,Los Angeles,,,,,,,,,,0.5179919005025041,36.31755623721883,20.438854485663853,-15.878701751554987,20.438854485663853,71.0706293286502,True,False,False,Neither hotspot,True,36.31755623721883,20.438854485663853
06,037,294820,06037294820,1400000US06037294820,2948.20,Census Tract 2948.20,G5020,S,383486,0,+33.7797819,-118.2656258,los_angeles,Los Angeles,,,,,,,,,,0.38331129537254444,35.925940170940194,20.438854485663853,-15.487085685276337,20.438854485663853,71.0706293286502,True,False,False,Neither hotspot,True,35.925940170940194,20.438854485663853
06,037,294900,06037294900,1400000US06037294900,2949,Census Tract 2949,G5020,S,644545,0,+33.7748702,-118.2774453,los_angeles,Los Angeles,,,,,,,,,,0.6442521053731091,35.12370454545457,20.438854485663853,-14.684850059790719,20.438854485663853,71.0706293286502,True,False,False,Neither hotspot,True,35.12370454545457,20.438854485663853
06,037,296210,06037296210,1400000US06037296210,2962.10,Census Tract 2962.10,G5020,S,559516,0,+33.7476138,-118.2839528,los_angeles,Los Angeles,,,,,,,,,,0.5592635032600177,34.07903193612778,20.438854485663853,-13.396145514336176,20.438854485663853,71.0706293286502,True,False,False,Neither hotspot,True,34.07903193612778,20.438854485663853
06,037,296300,06037296300,1400000US06037296300,2963,Census Tract 2963,G5020,S,1062647,0,+33.7545885,-118.3012745,los_angeles,Los Angeles,,,,,,,,,,1.0621813163680722,36.3207308377897,20.438854485663853,-15.881876352125847,20.438854485663853,71.0706293286502,True,False,False,Neither hotspot,False,36.3207308377897,20.438854485663853
06,037,294610,06037294610,1400000US06037294610,2946.10,Census Tract 2946.10,G5020,S,823808,0,+33.7873240,-118.2581968,los_angeles,Los Angeles,,,,,,,,,,0.823424023236645,36.97299446749657,20.472909823530163,-16.50008464396641,20.472909823530166,71.01220660048018,True,False,False,Neither hotspot,False,36.97299446749657,20.472909823530163
06,037,275311,06037275311,1400000US06037275311,2753.11,Census Tract 2753.11,G5020,S,1255305,37063,+33.9882746,-118.4233089,los_angeles,Los Angeles,,,,,,,,,,1.2918830549967832,34.976236424394344,21.696834168917924,-13.279402255476427,21.696834168917917,63.2459534939658,True,False,False,Neither hotspot,True,34.976236424394344,21.696834168917924
06,037,275400,06037275400,1400000US06037275400,2754,Census Tract 2754,G5020,S,750990,0,+33.9906137,-118.4391729,los_angeles,Los Angeles,,,,,,,,,,0.7507135642551416,33.27065217391307,21.696834168917924,-11.573818004995147,21.696834168917917,63.2459534939658,True,False,False,Neither hotspot,True,33.27065217391307,21.696834168917924
06,037,296500,06037296500,1400000US06037296500,2965,Census Tract 2965,G5020,S,902420,6249,+33.7480876,-118.2927139,los_angeles,Los Angeles,,,,,,,,,,0.9082655181699181,36.1621057513915,20.438854485663853,-15.865160665851333,20.438854485663853,71.0706293286502,True,False,False,Neither hotspot,True,36.1621057513915,20.438854485663853
06,037,297120,06037297120,1400000US06037297120,2971.20,Census Tract 2971.20,G5020,S,426006,0,+33.7282151,-118.2850928,los_angeles,Los Angeles,,,,,,,,,,0.42581189373253986,34.165760869565254,,,,,False,False,False,Missing,False,34.165760869565254,
06,037,297300,06037297300,1400000US06037297300,2973,Census Tract 2973,G5020,S,1231963,1164971,+33.7180342,-118.3149190,los_angeles,Los Angeles,,,,,,,,,,2.3958920745148546,30.55199994136792,,,,,False,False,False,Missing,False,30.55199994136792,
06,037,297400,06037297400,1400000US06037297400,2974,Census Tract 2974,G5020,S,2092347,955977,+33.7208388,-118.3228117,los_angeles,Los Angeles,,,,,,,,,,3.0470173585080795,29.660815212501156,,,,,False,False,False,Missing,False,29.660815212501156,
06,037,276000,06037276000,1400000US06037276000,2760,Census Tract 2760,G5020,S,2338438,0,+33.9691783,-118.3890198,los_angeles,Los Angeles,,,,,,,,,,2.337521267668073,36.1057301808067,21.696834168917924,-14.40889601188878,21.696834168917917,63.2459534939658,True,False,False,Neither hotspot,True,36.1057301808067,21.696834168917924
06,037,276400,06037276400,1400000US06037276400,2764,Census Tract 2764,G5020,S,1275965,0,+33.9668881,-118.4095017,los_angeles,Los Angeles,,,,,,,,,,1.2754731305161147,33.00707692307696,21.696834168917924,-11.310242754159034,21.696834168917917,63.2459534939658,True,False,False,Neither hotspot,True,33.00707692307696,21.696834168917924
06,037,276500,06037276500,1400000US06037276500,2765,Census Tract 2765,G5020,S,1191958,0,+33.9665412,-118.4180348,los_angeles,Los Angeles,,,,,,,,,,1.1915106414735017,31.5139771689498,21.696834168917924,-9.817143000031878,21.696834168917917,63.2459534939658,True,False,False,Neither hotspot,True,31.5139771689498,21.696834168917924
06,037,277400,06037277400,1400000US06037277400,2774,Census Tract 2774,G5020,S,638940,0,+33.9490353,-118.3743485,los_angeles,Los Angeles,,,,,,,,,,0.6386845518616516,36.81341940532085,21.52418812923535,-15.2892312760855,21.52418812923535,64.2345758482638,True,False,False,Neither hotspot,True,36.81341940532085,21.52418812923535
06,037,240020,06037240020,1400000US06037240020,2400.20,Census Tract 2400.20,G5020,S,719816,0,+33.9542642,-118.2638880,los_angeles,Los Angeles,,,,,,,,,,0.7194816273363116,40.941826484018286,22.093422038313296,-18.848404445704993,22.093422038313292,61.875082282866735,True,False,False,Neither hotspot,False,40.941826484018286,22.093422038313296
06,037,275200,06037275200,1400000US06037275200,2752,Census Tract 2752,G5020,S,462852,1250,+33.9956333,-118.4203026,los_angeles,Los Angeles,,,,,,,,,,0.46392720240393664,35.95830985915496,21.696834168917924,-14.261475690237035,21.696834168917917,63.2459534939658,True,False,False,Neither hotspot,True,35.95830985915496,21.696834168917924
06,037,226420,06037226420,1400000US06037226420,2264.20,Census Tract 2264.20,G5020,S,426940,0,+34.0218419,-118.2570623,los_angeles,Los Angeles,,,,,,,,,,0.42673999155620906,42.17174300254456,22.1230162090163,-20.048726793528267,22.123016209016296,61.79596866286598,True,True,False,LST-only hotspot,False,42.17174300254456,22.1230162090163
06,037,219010,06037219010,1400000US06037219010,2190.10,Census Tract 2190.10,G5020,S,440857,0,+34.0276144,-118.3229262,los_angeles,Los Angeles,,,,,,,,,,0.44066478070876364,40.39443452380956,22.093422038313296,-18.30101248549626,22.093422038313292,61.875082282866735,True,False,False,Neither hotspot,False,40.39443452380956,22.093422038313296
06,037,209520,06037209520,1400000US06037209520,2095.20,Census Tract 2095.20,G5020,S,231175,0,+34.0505519,-118.2769503,los_angeles,Los Angeles,,,,,,,,,,0.23106938432709612,41.12833333333336,22.772576144121732,-18.355757189211626,22.77257614412173,56.943057890226434,True,False,True,HI-only hotspot,True,41.12833333333336,22.772576144121732
06,037,208720,06037208720,1400000US06037208720,2087.20,Census Tract 2087.20,G5020,S,164736,0,+34.0627628,-118.2811045,los_angeles,Los Angeles,,,,,,,,,,0.16465998080499947,40.546972789115685,22.772576144121732,-17.774396644993942,22.77257614412173,56.943057890226434,True,False,True,HI-only hotspot,True,40.546972789115685,22.772576144121732
06,037,208710,06037208710,1400000US06037208710,2087.10,Census Tract 2087.10,G5020,S,170380,0,+34.0657276,-118.2825414,los_angeles,Los Angeles,,,,,,,,,,0.1703019914735073,40.38777777777781,22.772576144121732,-17.61520163365608,22.77257614412173,56.943057890226434,True,False,True,HI-only hotspot,True,40.38777777777781,22.772576144121732
06,037,190901,06037190901,1400000US06037190901,1909.01,Census Tract 1909.01,G5020,S,490199,0,+34.0944222,-118.3124771,los_angeles,Los Angeles,,,,,,,,,,0.48998379837784983,39.59666666666669,22.772576144121732,-16.82409052254496,22.77257614412173,56.943057890226434,True,False,True,HI-only hotspot,True,39.59666666666669,22.772576144121732
06,037,189702,06037189702,1400000US06037189702,1897.02,Census Tract 1897.02,G5020,S,1458586,0,+34.1124928,-118.3410239,los_angeles,Los Angeles,,,,,,,,,,1.4579699830073678,35.246247113163996,22.772576144121732,-12.473670969042269,22.77257614412173,56.943057890226434,True,False,True,HI-only hotspot,True,35.246247113163996,22.772576144121732
06,037,143700,06037143700,1400000US06037143700,1437,Census Tract 1437,G5020,S,3287546,0,+34.1289815,-118.3568128,los_angeles,Los Angeles,,,,,,,,,,3.2861858866057654,34.959996706192385,22.530140409312853,-12.429856296879535,22.53014040931285,58.46086551377965,True,False,False,Neither hotspot,True,34.959996706192385,22.530140409312853
06,037,181300,06037181300,1400000US06037181300,1813,Census Tract 1813,G5020,S,1441053,0,+34.1360850,-118.2236590,los_angeles,Los Angeles,,,,,,,,,,1.4403518958049724,39.450193885160374,22.835774952432423,-16.614418932727943,22.835774952432416,55.77099040687782,True,False,True,HI-only hotspot,True,39.450193885160374,22.835774952432423
06,037,980008,06037980008,1400000US06037980008,9800.08,Census Tract 9800.08,G5020,S,3369161,0,+34.2106316,-118.4906758,los_angeles,Los Angeles,,,,,,,,,,3.368030890641379,41.91960355987059,22.400895041313728,-19.51870851855685,22.40089504131373,58.90132299675208,True,True,False,LST-only hotspot,False,41.91960355987059,22.400895041313728
06,037,294301,06037294301,1400000US06037294301,2943.01,Census Tract 2943.01,G5020,S,713041,0,+33.7946618,-118.2795526,los_angeles,Los Angeles,,,,,,,,,,0.7127179604380226,37.49880781499206,20.438854485663853,-17.059953329328206,20.438854485663853,71.0706293286502,True,False,False,Neither hotspot,False,37.49880781499206,20.438854485663853
06,037,294302,06037294302,1400000US06037294302,2943.02,Census Tract 2943.02,G5020,S,840310,0,+33.7848764,-118.2782902,los_angeles,Los Angeles,,,,,,,,,,0.8399265394144003,36.00387550881957,20.438854485663853,-15.565021023155715,20.438854485663853,71.0706293286502,True,False,False,Neither hotspot,True,36.00387550881957,20.438854485663853
06,037,294421,06037294421,1400000US06037294421,2944.21,Census Tract 2944.21,G5020,S,673257,0,+33.7902748,-118.2975505,los_angeles,Los Angeles,,,,,,,,,,0.6729596557626077,38.37611952861956,20.438854485663853,-17.937265042955705,20.438854485663853,71.0706293286502,True,False,False,Neither hotspot,False,38.37611952861956,20.438854485663853
06,037,294701,06037294701,1400000US06037294701,2947.01,Census Tract 2947.01,G5020,S,1753940,0,+33.7780093,-118.2549078,los_angeles,Los Angeles,,,,,,,,,,1.753121885730275,35.29709259259262,20.582251587466942,-14.714841005125676,20.582251587466946,70.82462824852884,True,False,False,Neither hotspot,True,35.29709259259262,20.582251587466942
06,037,296401,06037296401,1400000US06037296401,2964.01,Census Tract 2964.01,G5020,S,986904,1098,+33.7411716,-118.3150067,los_angeles,Los Angeles,,,,,,,,,,0.9875705064399966,34.01959662853705,,,,,False,False,False,Missing,False,34.01959662853705,
06,037,101400,06037101400,1400000US06037101400,1014,Census Tract 1014,G5020,S,6310056,0,+34.2428521,-118.2941612,los_angeles,Los Angeles,,,,,,,,,,6.307216644862179,36.094079512278924,22.940826607217616,-13.153252905061303,22.940826607217613,53.47140546057739,True,False,True,HI-only hotspot,True,36.094079512278924,22.940826607217616
06,037,183402,06037183402,1400000US06037183402,1834.02,Census Tract 1834.02,G5020,S,513459,0,+34.1257206,-118.2164099,los_angeles,Los Angeles,,,,,,,,,,0.5132066755963468,39.18378205128207,22.835774952432423,-16.348007098849656,22.835774952432416,55.77099040687782,True,False,True,HI-only hotspot,True,39.18378205128207,22.835774952432423
06,037,183701,06037183701,1400000US06037183701,1837.01,Census Tract 1837.01,G5020,S,550875,0,+34.1093057,-118.1878599,los_angeles,Los Angeles,,,,,,,,,,0.5506014348249216,39.09817460317464,22.835774952432423,-16.262399650742214,22.835774952432416,55.77099040687782,True,False,True,HI-only hotspot,True,39.09817460317464,22.835774952432423
06,037,183702,06037183702,1400000US06037183702,1837.02,Census Tract 1837.02,G5020,S,862390,30058,+34.1048444,-118.1836835,los_angeles,Los Angeles,,,,,,,,,,0.8919978529907966,38.50103553921572,22.835774952432423,-15.665260586783296,22.835774952432416,55.77099040687782,True,False,True,HI-only hotspot,True,38.50103553921572,22.835774952432423
06,037,186201,06037186201,1400000US06037186201,1862.01,Census Tract 1862.01,G5020,S,522020,0,+34.1213123,-118.2188456,los_angeles,Los Angeles,,,,,,,,,,0.5217652419947458,38.79035256410259,22.835774952432423,-15.954577611670171,22.835774952432416,55.77099040687782,True,False,True,HI-only hotspot,True,38.79035256410259,22.835774952432423
06,037,186203,06037186203,1400000US06037186203,1862.03,Census Tract 1862.03,G5020,S,842698,0,+34.1150031,-118.2153416,los_angeles,Los Angeles,,,,,,,,,,0.8422864013105731,38.62793409378964,22.835774952432423,-15.792159141357219,22.835774952432416,55.77099040687782,True,False,True,HI-only hotspot,True,38.62793409378964,22.835774952432423
06,037,186302,06037186302,1400000US06037186302,1863.02,Census Tract 1863.02,G5020,S,1685260,0,+34.1126731,-118.2288551,los_angeles,Los Angeles,,,,,,,,,,1.6844470498203659,39.16829847908748,22.835774952432423,-16.332523526655056,22.835774952432416,55.77099040687782,True,False,True,HI-only hotspot,True,39.16829847908748,22.835774952432423
06,037,296402,06037296402,1400000US06037296402,2964.02,Census Tract 2964.02,G5020,S,1045964,0,+33.7465581,-118.3038513,los_angeles,Los Angeles,,,,,,,,,,1.045503367722296,36.11251450676986,20.438854485663853,-15.871198215258453,20.438854485663853,71.0706293286502,True,False,False,Neither hotspot,True,36.11251450676986,20.438854485663853
06,037,296902,06037296902,1400000US06037296902,2969.02,Census Tract 2969.02,G5020,S,493111,0,+33.7344706,-118.2956423,los_angeles,Los Angeles,,,,,,,,,,0.49289216697055366,35.65656891495604,,,,,False,False,False,Missing,False,35.65656891495604,
06,037,297202,06037297202,1400000US06037297202,2972.02,Census Tract 2972.02,G5020,S,575787,0,+33.7247349,-118.2990073,los_angeles,Los Angeles,,,,,,,,,,0.5755308761766017,33.20975692756444,,,,,False,False,False,Missing,False,33.20975692756444,
06,037,297601,06037297601,1400000US06037297601,2976.01,Census Tract 2976.01,G5020,S,771120,1781231,+33.7088571,-118.2869206,los_angeles,Los Angeles,,,,,,,,,,2.551202777331195,31.497495484647832,,,,,False,False,False,Missing,False,31.497495484647832,
06,037,297602,06037297602,1400000US06037297602,2976.02,Census Tract 2976.02,G5020,S,622070,0,+33.7159024,-118.2903209,los_angeles,Los Angeles,,,,,,,,,,0.6217942337841055,32.043951954780994,,,,,False,False,False,Missing,False,32.043951954780994,
06,037,104204,06037104204,1400000US06037104204,1042.04,Census Tract 1042.04,G5020,S,2660594,3735,+34.2912875,-118.3931176,los_angeles,Los Angeles,,,,,,,,,,2.663279187849799,40.94862831858411,22.613798050258485,-18.33483026832562,22.61379805025848,53.20122812690523,True,False,False,Neither hotspot,False,40.94862831858411,22.613798050258485
06,037,106645,06037106645,1400000US06037106645,1066.45,Census Tract 1066.45,G5020,S,2527932,0,+34.2905628,-118.4941725,los_angeles,Los Angeles,,,,,,,,,,2.5270911071921076,39.14634599156122,22.60031635726711,-16.546029634294097,22.600316357267104,55.76673160950213,True,False,False,Neither hotspot,False,39.14634599156122,22.60031635726711
06,037,121102,06037121102,1400000US06037121102,1211.02,Census Tract 1211.02,G5020,S,7462900,76989,+34.2375131,-118.3842789,los_angeles,Los Angeles,,,,,,,,,,7.536866613258587,41.692502517623396,22.831341040558808,-18.86116147706459,22.831341040558804,55.35553091427598,True,True,True,Both LST and HI hotspot,False,41.692502517623396,22.831341040558808
06,037,124104,06037124104,1400000US06037124104,1241.04,Census Tract 1241.04,G5020,S,324444,0,+34.1848613,-118.3834100,los_angeles,Los Angeles,,,,,,,,,,0.32431428385421907,42.52922939068104,22.854393328791108,-19.674836061889927,22.854393328791105,55.583815028259906,True,True,True,Both LST and HI hotspot,False,42.52922939068104,22.854393328791108
06,037,186403,06037186403,1400000US06037186403,1864.03,Census Tract 1864.03,G5020,S,545640,0,+34.1117882,-118.2395216,los_angeles,Los Angeles,,,,,,,,,,0.5453780688032076,38.63283625730997,22.835774952432423,-15.797061304877547,22.835774952432416,55.77099040687782,True,False,True,HI-only hotspot,True,38.63283625730997,22.835774952432423
06,037,186404,06037186404,1400000US06037186404,1864.04,Census Tract 1864.04,G5020,S,401149,0,+34.1067595,-118.2354293,los_angeles,Los Angeles,,,,,,,,,,0.4009553040340327,38.62268000000003,22.835774952432423,-15.786905047567606,22.835774952432416,55.77099040687782,True,False,True,HI-only hotspot,True,38.62268000000003,22.835774952432423
06,037,187101,06037187101,1400000US06037187101,1871.01,Census Tract 1871.01,G5020,S,760497,27646,+34.1160806,-118.2602407,los_angeles,Los Angeles,,,,,,,,,,0.7877742651074727,37.177780141843996,22.776879041708842,-14.400901100135146,22.77687904170884,56.86325755093461,True,False,True,HI-only hotspot,True,37.177780141843996,22.776879041708842
06,037,188201,06037188201,1400000US06037188201,1882.01,Census Tract 1882.01,G5020,S,753139,23077,+34.1124175,-118.2723964,los_angeles,Los Angeles,,,,,,,,,,0.7758593330717535,36.829430199430234,22.772576144121732,-14.056854055308499,22.77257614412173,56.943057890226434,True,False,True,HI-only hotspot,True,36.829430199430234,22.772576144121732
06,037,189101,06037189101,1400000US06037189101,1891.01,Census Tract 1891.01,G5020,S,395232,0,+34.1047367,-118.2885050,los_angeles,Los Angeles,,,,,,,,,,0.3950549244305587,38.96333333333336,22.772576144121732,-16.190757189211627,22.77257614412173,56.943057890226434,True,False,True,HI-only hotspot,True,38.96333333333336,22.772576144121732
06,037,189102,06037189102,1400000US06037189102,1891.02,Census Tract 1891.02,G5020,S,634459,0,+34.1126894,-118.2884455,los_angeles,Los Angeles,,,,,,,,,,0.6341722730174758,36.7604800724638,22.772576144121732,-13.987903928342067,22.77257614412173,56.943057890226434,True,False,True,HI-only hotspot,True,36.7604800724638,22.772576144121732
06,037,189202,06037189202,1400000US06037189202,1892.02,Census Tract 1892.02,G5020,S,1034608,0,+34.1113316,-118.2957554,los_angeles,Los Angeles,,,,,,,,,,1.0341449157864515,36.94154261057176,22.772576144121732,-14.168966466450026,22.77257614412173,56.943057890226434,True,False,True,HI-only hotspot,True,36.94154261057176,22.772576144121732
06,037,190802,06037190802,1400000US06037190802,1908.02,Census Tract 1908.02,G5020,S,486757,0,+34.0943604,-118.3299158,los_angeles,Los Angeles,,,,,,,,,,0.4865494937453368,39.4366666666667,22.772576144121732,-16.66409052254497,22.77257614412173,56.943057890226434,True,False,True,HI-only hotspot,True,39.4366666666667,22.772576144121732
06,037,191301,06037191301,1400000US06037191301,1913.01,Census Tract 1913.01,G5020,S,273535,0,+34.0923345,-118.2865853,los_angeles,Los Angeles,,,,,,,,,,0.2734119424266863,40.68273333333337,22.772576144121732,-17.91015718921164,22.77257614412173,56.943057890226434,True,False,True,HI-only hotspot,True,40.68273333333337,22.772576144121732
06,037,191302,06037191302,1400000US06037191302,1913.02,Census Tract 1913.02,G5020,S,422477,0,+34.0962277,-118.2884036,los_angeles,Los Angeles,,,,,,,,,,0.42228684230196734,40.618059895833376,22.772576144121732,-17.845483751711637,22.77257614412173,56.943057890226434,True,False,True,HI-only hotspot,True,40.618059895833376,22.772576144121732
06,037,191901,06037191901,1400000US06037191901,1919.01,Census Tract 1919.01,G5020,S,773165,0,+34.0906829,-118.3383611,los_angeles,Los Angeles,,,,,,,,,,0.7728394834395929,39.28425064599487,22.772576144121732,-16.511674501873134,22.77257614412173,56.943057890226434,True,False,True,HI-only hotspot,True,39.28425064599487,22.772576144121732
06,037,124902,06037124902,1400000US06037124902,1249.02,Census Tract 1249.02,G5020,S,338585,0,+34.1702439,-118.4008746,los_angeles,Los Angeles,,,,,,,,,,0.33845339361260396,41.238333333333365,22.854393328791108,-18.383940004542257,22.854393328791105,55.583815028259906,True,False,True,HI-only hotspot,True,41.238333333333365,22.854393328791108
06,037,134905,06037134905,1400000US06037134905,1349.05,Census Tract 1349.05,G5020,S,2586737,0,+34.1833588,-118.5842954,los_angeles,Los Angeles,,,,,,,,,,2.5860272237192503,41.483197452229334,21.83585102523586,-19.647346426993472,21.835851025235854,62.58683071116808,True,True,False,LST-only hotspot,False,41.483197452229334,21.83585102523586
06,037,192002,06037192002,1400000US06037192002,1920.02,Census Tract 1920.02,G5020,S,858326,0,+34.0835415,-118.3553201,los_angeles,Los Angeles,,,,,,,,,,0.8579699746731196,38.70886986301373,22.503704951106297,-16.20516491190744,22.503704951106297,58.62636892040271,True,False,False,Neither hotspot,False,38.70886986301373,22.503704951106297
06,037,194401,06037194401,1400000US06037194401,1944.01,Census Tract 1944.01,G5020,S,465758,0,+34.0843098,-118.3642238,los_angeles,Los Angeles,,,,,,,,,,0.4655665461226214,37.934099099099136,22.395122353926983,-15.538976745172144,22.39512235392698,59.306167605666204,True,False,False,Neither hotspot,True,37.934099099099136,22.395122353926983
06,037,194402,06037194402,1400000US06037194402,1944.02,Census Tract 1944.02,G5020,S,589165,0,+34.0850407,-118.3719012,los_angeles,Los Angeles,,,,,,,,,,0.5889266892847195,37.07287619047622,22.395122353926983,-14.677753836549236,22.39512235392698,59.306167605666204,True,False,False,Neither hotspot,True,37.07287619047622,22.395122353926983
06,037,195201,06037195201,1400000US06037195201,1952.01,Census Tract 1952.01,G5020,S,600824,0,+34.1087422,-118.2785167,los_angeles,Los Angeles,,,,,,,,,,0.600549425031575,37.94053508771933,22.772576144121732,-15.167958943597595,22.77257614412173,56.943057890226434,True,False,True,HI-only hotspot,True,37.94053508771933,22.772576144121732
06,037,195202,06037195202,1400000US06037195202,1952.02,Census Tract 1952.02,G5020,S,877983,0,+34.1029474,-118.2785412,los_angeles,Los Angeles,,,,,,,,,,0.8775815759022974,39.335026041666694,22.772576144121732,-16.562449897544965,22.77257614412173,56.943057890226434,True,False,True,HI-only hotspot,True,39.335026041666694,22.772576144121732
06,037,195804,06037195804,1400000US06037195804,1958.04,Census Tract 1958.04,G5020,S,335855,0,+34.0787744,-118.2728192,los_angeles,Los Angeles,,,,,,,,,,0.3357018366504022,40.3415372168285,22.772576144121732,-17.568961072706767,22.77257614412173,56.943057890226434,True,False,True,HI-only hotspot,True,40.3415372168285,22.772576144121732
06,037,195901,06037195901,1400000US06037195901,1959.01,Census Tract 1959.01,G5020,S,290879,0,+34.0887786,-118.2823148,los_angeles,Los Angeles,,,,,,,,,,0.29074708724668424,40.65734082397007,22.772576144121732,-17.884764679848338,22.77257614412173,56.943057890226434,True,False,True,HI-only hotspot,True,40.65734082397007,22.772576144121732
06,037,195902,06037195902,1400000US06037195902,1959.02,Census Tract 1959.02,G5020,S,331573,16124,+34.0871531,-118.2791664,los_angeles,Los Angeles,,,,,,,,,,0.3475392551658655,40.40320987654325,22.772576144121732,-17.630633732421515,22.77257614412173,56.943057890226434,True,False,True,HI-only hotspot,True,40.40320987654325,22.772576144121732
06,037,195903,06037195903,1400000US06037195903,1959.03,Census Tract 1959.03,G5020,S,238077,0,+34.0808128,-118.2824400,los_angeles,Los Angeles,,,,,,,,,,0.237970002640511,40.606742424242455,22.772576144121732,-17.834166280120726,22.77257614412173,56.943057890226434,True,False,True,HI-only hotspot,True,40.606742424242455,22.772576144121732
06,037,201601,06037201601,1400000US06037201601,2016.01,Census Tract 2016.01,G5020,S,540413,0,+34.0726971,-118.1774624,los_angeles,Los Angeles,,,,,,,,,,0.540136534947736,39.87188008130085,22.835774952432423,-17.03610512886842,22.835774952432416,55.77099040687782,True,False,True,HI-only hotspot,True,39.87188008130085,22.835774952432423
06,037,201602,06037201602,1400000US06037201602,2016.02,Census Tract 2016.02,G5020,S,1065765,0,+34.0771500,-118.1678921,los_angeles,Los Angeles,,,,,,,,,,1.0652206779217817,39.74755287009067,22.835774952432423,-16.911777917658245,22.835774952432416,55.77099040687782,True,False,True,HI-only hotspot,True,39.74755287009067,22.835774952432423
06,037,141101,06037141101,1400000US06037141101,1411.01,Census Tract 1411.01,G5020,S,736754,22366,+34.1511670,-118.4243044,los_angeles,Los Angeles,,,,,,,,,,0.7588390255040298,38.66772393538916,22.48819048099196,-16.179533454397205,22.48819048099196,58.551858272799734,True,False,False,Neither hotspot,False,38.66772393538916,22.48819048099196
06,037,190202,06037190202,1400000US06037190202,1902.02,Census Tract 1902.02,G5020,S,211376,0,+34.1034023,-118.3355352,los_angeles,Los Angeles,,,,,,,,,,0.21128611937061384,37.24858649789032,22.772576144121732,-14.476010353768588,22.77257614412173,56.943057890226434,True,False,True,HI-only hotspot,True,37.24858649789032,22.772576144121732
06,037,207103,06037207103,1400000US06037207103,2071.03,Census Tract 2071.03,G5020,S,324130,0,+34.0644824,-118.2392725,los_angeles,Los Angeles,,,,,,,,,,0.32397371373978845,39.81170103092787,22.835774952432423,-16.975926078495448,22.835774952432416,55.77099040687782,True,False,True,HI-only hotspot,True,39.81170103092787,22.835774952432423
06,037,211704,06037211704,1400000US06037211704,2117.04,Census Tract 2117.04,G5020,S,184945,0,+34.0635115,-118.3115783,los_angeles,Los Angeles,,,,,,,,,,0.1848646082995566,37.80881410256414,22.772576144121732,-15.036237958442406,22.77257614412173,56.943057890226434,True,False,True,HI-only hotspot,True,37.80881410256414,22.772576144121732
06,037,237102,06037237102,1400000US06037237102,2371.02,Census Tract 2371.02,G5020,S,459964,0,+33.9857553,-118.2837235,los_angeles,Los Angeles,,,,,,,,,,0.4597532955101445,41.24252380952383,22.093422038313296,-19.149101771210535,22.093422038313292,61.875082282866735,True,False,False,Neither hotspot,False,41.24252380952383,22.093422038313296
06,037,240401,06037240401,1400000US06037240401,2404.01,Census Tract 2404.01,G5020,S,693040,0,+33.9499184,-118.2857158,los_angeles,Los Angeles,,,,,,,,,,0.6927263455357252,40.393838141025675,22.093422038313296,-18.300416102712376,22.093422038313292,61.875082282866735,True,False,False,Neither hotspot,False,40.393838141025675,22.093422038313296
06,037,262704,06037262704,1400000US06037262704,2627.04,Census Tract 2627.04,G5020,S,1946779,528324,+34.0408050,-118.5419865,los_angeles,Los Angeles,,,,,,,,,,2.474361761624617,30.361907276027093,21.782667289955047,-8.139647524859793,21.782667289955043,62.86091820648541,True,False,False,Neither hotspot,True,30.361907276027093,21.782667289955047
06,037,264102,06037264102,1400000US06037264102,2641.02,Census Tract 2641.02,G5020,S,396480,0,+34.0595085,-118.4693771,los_angeles,Los Angeles,,,,,,,,,,0.396343961330375,32.27257452574528,21.782667289955047,-10.489907235790232,21.782667289955043,62.86091820648541,True,False,False,Neither hotspot,True,32.27257452574528,21.782667289955047
06,037,262706,06037262706,1400000US06037262706,2627.06,Census Tract 2627.06,G5020,S,2303895,525442,+34.0351983,-118.5245644,los_angeles,Los Angeles,,,,,,,,,,2.8284592005071816,31.401649440137838,21.782667289955047,-9.550666043378321,21.782667289955043,62.86091820648541,True,False,False,Neither hotspot,True,31.401649440137838,21.782667289955047
06,037,101122,06037101122,1400000US06037101122,1011.22,Census Tract 1011.22,G5020,S,2644045,0,+34.2677213,-118.2901465,los_angeles,Los Angeles,,,,,,,,,,2.642850715162054,38.57701149425291,22.334874462735854,-16.242137031517046,22.334874462735854,51.20045038104154,True,False,False,Neither hotspot,False,38.57701149425291,22.334874462735854
06,037,104404,06037104404,1400000US06037104404,1044.04,Census Tract 1044.04,G5020,S,539620,0,+34.2639207,-118.4286916,los_angeles,Los Angeles,,,,,,,,,,0.5394191984637116,42.938128834355865,22.613798050258485,-20.32433078409737,22.61379805025848,53.20122812690523,True,True,False,LST-only hotspot,False,42.938128834355865,22.613798050258485
06,037,104703,06037104703,1400000US06037104703,1047.03,Census Tract 1047.03,G5020,S,1168239,0,+34.2552250,-118.4005884,los_angeles,Los Angeles,,,,,,,,,,1.167783661464101,42.33207981220661,22.661917105965014,-19.67016270624159,22.661917105965006,53.67774550717617,True,True,False,LST-only hotspot,False,42.33207981220661,22.661917105965014
06,037,104704,06037104704,1400000US06037104704,1047.04,Census Tract 1047.04,G5020,S,1663127,0,+34.2625305,-118.4088621,los_angeles,Los Angeles,,,,,,,,,,1.6624862915221876,42.92999348958336,22.613798050258485,-20.316195439324872,22.61379805025848,53.20122812690523,True,True,False,LST-only hotspot,False,42.92999348958336,22.613798050258485
06,037,106405,06037106405,1400000US06037106405,1064.05,Census Tract 1064.05,G5020,S,1171734,0,+34.3146862,-118.4482857,los_angeles,Los Angeles,,,,,,,,,,1.1713103079758695,41.14351388888891,22.611513652279392,-18.532000236609527,22.611513652279385,53.635938439234145,True,False,False,Neither hotspot,False,41.14351388888891,22.611513652279392
06,037,106407,06037106407,1400000US06037106407,1064.07,Census Tract 1064.07,G5020,S,232136,0,+34.3105741,-118.4365572,los_angeles,Los Angeles,,,,,,,,,,0.23204998432607638,41.64152380952383,22.613798050258485,-19.02772575926535,22.61379805025848,53.20122812690523,True,True,False,LST-only hotspot,False,41.64152380952383,22.613798050258485
06,037,106648,06037106648,1400000US06037106648,1066.48,Census Tract 1066.48,G5020,S,792932,0,+34.2930983,-118.4558345,los_angeles,Los Angeles,,,,,,,,,,0.7926445491731925,40.99103566529495,22.601925283591182,-18.38911038170377,22.60192528359118,55.46056041199056,True,False,False,Neither hotspot,False,40.99103566529495,22.601925283591182
06,037,109603,06037109603,1400000US06037109603,1096.03,Census Tract 1096.03,G5020,S,998894,0,+34.2536518,-118.4654157,los_angeles,Los Angeles,,,,,,,,,,0.99854527632098,42.06245920745923,22.53407501105882,-19.528384196400413,22.534075011058814,56.8079420353369,True,True,False,LST-only hotspot,False,42.06245920745923,22.53407501105882
06,037,109604,06037109604,1400000US06037109604,1096.04,Census Tract 1096.04,G5020,S,1174875,0,+34.2615445,-118.4653518,los_angeles,Los Angeles,,,,,,,,,,1.1744648785181637,42.168412073490835,22.60031635726711,-19.568095716223727,22.600316357267104,55.76673160950213,True,True,False,LST-only hotspot,False,42.168412073490835,22.60031635726711
06,037,111206,06037111206,1400000US06037111206,1112.06,Census Tract 1112.06,G5020,S,2611193,11548,+34.2690645,-118.5343557,los_angeles,Los Angeles,,,,,,,,,,2.621935703512167,40.319816419141944,22.60031635726711,-17.719500061874825,22.600316357267104,55.76673160950213,True,False,False,Neither hotspot,False,40.319816419141944,22.60031635726711
06,037,113101,06037113101,1400000US06037113101,1131.01,Census Tract 1131.01,G5020,S,2265263,2714,+34.2654115,-118.5852975,los_angeles,Los Angeles,,,,,,,,,,2.267355335427727,40.63994202898552,22.262046252817353,-18.37789577616818,22.262046252817356,58.85546862513549,True,False,False,Neither hotspot,False,40.63994202898552,22.262046252817353
06,037,278001,06037278001,1400000US06037278001,2780.01,Census Tract 2780.01,G5020,S,1614008,779,+33.9559664,-118.4022250,los_angeles,Los Angeles,,,,,,,,,,1.6141595391449286,34.87617969821677,21.696834168917924,-13.179345529298839,21.696834168917917,63.2459534939658,True,False,False,Neither hotspot,True,34.87617969821677,21.696834168917924
06,037,104403,06037104403,1400000US06037104403,1044.03,Census Tract 1044.03,G5020,S,693083,0,+34.2587946,-118.4344932,los_angeles,Los Angeles,,,,,,,,,,0.692824029057992,42.92042635658917,22.63058376736541,-20.289842589223756,22.630583767365405,53.36745512002299,True,True,False,LST-only hotspot,False,42.92042635658917,22.63058376736541
06,037,117101,06037117101,1400000US06037117101,1171.01,Census Tract 1171.01,G5020,S,771813,7676,+34.2391372,-118.4621301,los_angeles,Los Angeles,,,,,,,,,,0.7792145943514294,41.97491111111114,22.400895041313728,-19.57401606979741,22.40089504131373,58.90132299675208,True,True,False,LST-only hotspot,False,41.97491111111114,22.400895041313728
06,037,117201,06037117201,1400000US06037117201,1172.01,Census Tract 1172.01,G5020,S,791651,0,+34.2426809,-118.4700957,los_angeles,Los Angeles,,,,,,,,,,0.7913762125320895,41.74855932203393,22.400895041313728,-19.347664280720196,22.40089504131373,58.90132299675208,True,True,False,LST-only hotspot,False,41.74855932203393,22.400895041313728
06,037,117407,06037117407,1400000US06037117407,1174.07,Census Tract 1174.07,G5020,S,198328,0,+34.2301059,-118.4703116,los_angeles,Los Angeles,,,,,,,,,,0.19825897892643607,42.36357142857147,22.400895041313728,-19.96267638725774,22.40089504131373,58.90132299675208,True,True,False,LST-only hotspot,False,42.36357142857147,22.400895041313728
06,037,117408,06037117408,1400000US06037117408,1174.08,Census Tract 1174.08,G5020,S,376512,0,+34.2248464,-118.4703709,los_angeles,Los Angeles,,,,,,,,,,0.3763808953671577,42.732595870206524,22.400895041313728,-20.331700828892796,22.40089504131373,58.90132299675208,True,True,False,LST-only hotspot,False,42.732595870206524,22.400895041313728
06,037,119342,06037119342,1400000US06037119342,1193.42,Census Tract 1193.42,G5020,S,219099,0,+34.2407686,-118.4472672,los_angeles,Los Angeles,,,,,,,,,,0.2190193762760733,42.93000000000003,22.854393328791108,-20.07560667120892,22.854393328791105,55.583815028259906,True,True,True,Both LST and HI hotspot,False,42.93000000000003,22.854393328791108
06,037,120103,06037120103,1400000US06037120103,1201.03,Census Tract 1201.03,G5020,S,138471,0,+34.2297200,-118.4517987,los_angeles,Los Angeles,,,,,,,,,,0.13842147897679152,43.30742424242427,22.668871302095816,-20.638552940328456,22.668871302095813,56.9409773790067,True,True,False,LST-only hotspot,False,43.30742424242427,22.668871302095816
06,037,274202,06037274202,1400000US06037274202,2742.02,Census Tract 2742.02,G5020,S,952665,1272378,+33.9709011,-118.4615184,los_angeles,Los Angeles,,,,,,,,,,2.224268613775671,28.950245310245336,,,,,False,False,False,Missing,False,28.950245310245336,
06,037,113102,06037113102,1400000US06037113102,1131.02,Census Tract 1131.02,G5020,S,3653887,16997,+34.2658924,-118.5667261,los_angeles,Los Angeles,,,,,,,,,,3.6698328972123617,40.64676190476193,22.262046252817353,-18.384715651944585,22.262046252817356,58.85546862513549,True,False,False,Neither hotspot,False,40.64676190476193,22.262046252817353
06,037,115404,06037115404,1400000US06037115404,1154.04,Census Tract 1154.04,G5020,S,946611,6707,+34.2255624,-118.5416703,los_angeles,Los Angeles,,,,,,,,,,0.9530278473467564,41.948333333333366,22.400895041313728,-19.54743829201964,22.40089504131373,58.90132299675208,True,True,False,LST-only hotspot,False,41.948333333333366,22.400895041313728
06,037,117202,06037117202,1400000US06037117202,1172.02,Census Tract 1172.02,G5020,S,1813873,0,+34.2429089,-118.4788740,los_angeles,Los Angeles,,,,,,,,,,1.8132515316975086,41.70948490230909,22.400895041313728,-19.308589860995365,22.40089504131373,58.90132299675208,True,True,False,LST-only hotspot,False,41.70948490230909,22.400895041313728
06,037,119001,06037119001,1400000US06037119001,1190.01,Census Tract 1190.01,G5020,S,1016690,56537,+34.2351095,-118.4203143,los_angeles,Los Angeles,,,,,,,,,,1.072818411283187,42.677595381526146,22.854393328791108,-19.823202052735038,22.854393328791105,55.583815028259906,True,True,True,Both LST and HI hotspot,False,42.677595381526146,22.854393328791108
06,037,119202,06037119202,1400000US06037119202,1192.02,Census Tract 1192.02,G5020,S,959137,10578,+34.2588359,-118.4407540,los_angeles,Los Angeles,,,,,,,,,,0.9693601062363335,42.85485260770977,22.687449666135816,-20.16740294157396,22.687449666135812,53.930591464054615,True,True,False,LST-only hotspot,False,42.85485260770977,22.687449666135816
06,037,121801,06037121801,1400000US06037121801,1218.01,Census Tract 1218.01,G5020,S,485689,0,+34.2114871,-118.3928771,los_angeles,Los Angeles,,,,,,,,,,0.48549520535294327,43.39891304347828,22.854393328791108,-20.544519714687176,22.854393328791105,55.583815028259906,True,True,True,Both LST and HI hotspot,False,43.39891304347828,22.854393328791108
06,037,121802,06037121802,1400000US06037121802,1218.02,Census Tract 1218.02,G5020,S,950694,0,+34.2192141,-118.3913636,los_angeles,Los Angeles,,,,,,,,,,0.9503196523657071,42.78602259887009,22.854393328791108,-19.931629270078982,22.854393328791105,55.583815028259906,True,True,True,Both LST and HI hotspot,False,42.78602259887009,22.854393328791108
06,037,123901,06037123901,1400000US06037123901,1239.01,Census Tract 1239.01,G5020,S,1291196,0,+34.1854544,-118.3937977,los_angeles,Los Angeles,,,,,,,,,,1.290690075677952,42.32486036036039,22.854393328791108,-19.47046703156929,22.854393328791105,55.583815028259906,True,True,True,Both LST and HI hotspot,False,42.32486036036039,22.854393328791108
06,037,125402,06037125402,1400000US06037125402,1254.02,Census Tract 1254.02,G5020,S,732971,0,+34.1565862,-118.3742188,los_angeles,Los Angeles,,,,,,,,,,0.7326796787262925,40.476061285500776,22.786429462555606,-17.689631822945167,22.786429462555606,56.13465644105994,True,False,True,HI-only hotspot,True,40.476061285500776,22.786429462555606
06,037,120104,06037120104,1400000US06037120104,1201.04,Census Tract 1201.04,G5020,S,453888,0,+34.2239630,-118.4493666,los_angeles,Los Angeles,,,,,,,,,,0.4537245980762972,43.40934731934735,22.74022592774785,-20.669121391599496,22.740225927747854,56.41899185948871,True,True,False,LST-only hotspot,False,43.40934731934735,22.74022592774785
06,037,120107,06037120107,1400000US06037120107,1201.07,Census Tract 1201.07,G5020,S,202445,4839,+34.2256810,-118.4563753,los_angeles,Los Angeles,,,,,,,,,,0.20720950318911172,43.20447089947093,22.400895041313728,-20.803575858157203,22.40089504131373,58.90132299675208,True,True,False,LST-only hotspot,False,43.20447089947093,22.400895041313728
06,037,120108,06037120108,1400000US06037120108,1201.08,Census Tract 1201.08,G5020,S,376444,10489,+34.2300529,-118.4563783,los_angeles,Los Angeles,,,,,,,,,,0.3867959793727272,43.00661458333335,22.400895041313728,-20.60571954201963,22.40089504131373,58.90132299675208,True,True,False,LST-only hotspot,False,43.00661458333335,22.400895041313728
06,037,121101,06037121101,1400000US06037121101,1211.01,Census Tract 1211.01,G5020,S,472252,0,+34.2244170,-118.3654293,los_angeles,Los Angeles,,,,,,,,,,0.4720572698506195,42.25187500000003,22.854393328791108,-19.397481671208915,22.854393328791105,55.583815028259906,True,True,True,Both LST and HI hotspot,False,42.25187500000003,22.854393328791108
06,037,121221,06037121221,1400000US06037121221,1212.21,Census Tract 1212.21,G5020,S,504267,0,+34.2276175,-118.3955625,los_angeles,Los Angeles,,,,,,,,,,0.5040684076970213,42.078322147651036,22.854393328791108,-19.223928818859928,22.854393328791105,55.583815028259906,True,True,True,Both LST and HI hotspot,False,42.078322147651036,22.854393328791108
06,037,121222,06037121222,1400000US06037121222,1212.22,Census Tract 1212.22,G5020,S,1334916,0,+34.2321519,-118.3919487,los_angeles,Los Angeles,,,,,,,,,,1.3343873681322749,42.06199029126218,22.854393328791108,-19.20759696247106,22.854393328791105,55.583815028259906,True,True,True,Both LST and HI hotspot,False,42.06199029126218,22.854393328791108
06,037,124103,06037124103,1400000US06037124103,1241.03,Census Tract 1241.03,G5020,S,323950,0,+34.1884919,-118.3834122,los_angeles,Los Angeles,,,,,,,,,,0.3238221565177117,42.52922939068104,22.854393328791108,-19.674836061889927,22.854393328791105,55.583815028259906,True,True,True,Both LST and HI hotspot,False,42.52922939068104,22.854393328791108
06,037,124105,06037124105,1400000US06037124105,1241.05,Census Tract 1241.05,G5020,S,324541,0,+34.1812288,-118.3834060,los_angeles,Los Angeles,,,,,,,,,,0.3244112553415227,42.26543956043959,22.854393328791108,-19.41104623164848,22.854393328791105,55.583815028259906,True,True,True,Both LST and HI hotspot,False,42.26543956043959,22.854393328791108
06,037,124203,06037124203,1400000US06037124203,1242.03,Census Tract 1242.03,G5020,S,324254,0,+34.1776041,-118.3746650,los_angeles,Los Angeles,,,,,,,,,,0.324121816604132,41.79225806451615,22.854393328791108,-18.93786473572505,22.854393328791105,55.583815028259906,True,True,True,Both LST and HI hotspot,False,41.79225806451615,22.854393328791108
06,037,124903,06037124903,1400000US06037124903,1249.03,Census Tract 1249.03,G5020,S,311405,0,+34.1666099,-118.4008675,los_angeles,Los Angeles,,,,,,,,,,0.31128184006106413,41.238333333333365,22.854393328791108,-18.383940004542257,22.854393328791105,55.583815028259906,True,False,True,HI-only hotspot,True,41.238333333333365,22.854393328791108
06,037,127604,06037127604,1400000US06037127604,1276.04,Census Tract 1276.04,G5020,S,434538,0,+34.1993163,-118.4797991,los_angeles,Los Angeles,,,,,,,,,,0.43439117557047496,42.45031250000003,22.400895041313728,-20.049417458686307,22.40089504131373,58.90132299675208,True,True,False,LST-only hotspot,False,42.45031250000003,22.400895041313728
06,037,127606,06037127606,1400000US06037127606,1276.06,Census Tract 1276.06,G5020,S,543715,0,+34.1902629,-118.4778055,los_angeles,Los Angeles,,,,,,,,,,0.5435269635897383,41.35029304029307,22.400895041313728,-18.94939799897934,22.40089504131373,58.90132299675208,True,False,False,Neither hotspot,False,41.35029304029307,22.400895041313728
06,037,127712,06037127712,1400000US06037127712,1277.12,Census Tract 1277.12,G5020,S,570010,0,+34.1974182,-118.4700952,los_angeles,Los Angeles,,,,,,,,,,0.5698123991600265,42.3297916666667,22.400895041313728,-19.928896625352976,22.40089504131373,58.90132299675208,True,True,False,LST-only hotspot,False,42.3297916666667,22.400895041313728
06,037,131701,06037131701,1400000US06037131701,1317.01,Census Tract 1317.01,G5020,S,659667,0,+34.2046643,-118.5578906,los_angeles,Los Angeles,,,,,,,,,,0.6594750261866604,42.40500000000004,21.83585102523586,-20.569148974764175,21.835851025235854,62.58683071116808,True,True,False,LST-only hotspot,False,42.40500000000004,21.83585102523586
06,037,134521,06037134521,1400000US06037134521,1345.21,Census Tract 1345.21,G5020,S,351788,0,+34.2046283,-118.5952099,los_angeles,Los Angeles,,,,,,,,,,0.351692672916632,42.21328382838286,21.83585102523586,-20.377432803147002,21.835851025235854,62.58683071116808,True,True,False,LST-only hotspot,False,42.21328382838286,21.83585102523586
06,037,135113,06037135113,1400000US06037135113,1351.13,Census Tract 1351.13,G5020,S,643588,0,+34.1810128,-118.6059584,los_angeles,Los Angeles,,,,,,,,,,0.6434204804962512,40.984626016260194,21.83585102523586,-19.14877499102433,21.835851025235854,62.58683071116808,True,False,False,Neither hotspot,False,40.984626016260194,21.83585102523586
06,037,137103,06037137103,1400000US06037137103,1371.03,Census Tract 1371.03,G5020,S,759715,0,+34.1744854,-118.6013397,los_angeles,Los Angeles,,,,,,,,,,0.7595168874431241,40.76950067476387,21.83585102523586,-18.933649649528007,21.835851025235854,62.58683071116808,True,False,False,Neither hotspot,False,40.76950067476387,21.83585102523586
06,037,980020,06037980020,1400000US06037980020,9800.20,Census Tract 9800.20,G5020,S,8531857,0,+34.2266905,-118.3034043,los_angeles,Los Angeles,,,,,,,,,,8.528062815621029,35.31022039072042,22.949695744721797,-12.36052464599862,22.949695744721794,53.5046447403615,True,False,True,HI-only hotspot,True,35.31022039072042,22.949695744721797
06,037,208302,06037208302,1400000US06037208302,2083.02,Census Tract 2083.02,G5020,S,439970,0,+34.0634788,-118.2624816,los_angeles,Los Angeles,,,,,,,,,,0.43976426894551585,40.90215686274513,22.772576144121732,-18.129580718623398,22.77257614412173,56.943057890226434,True,False,True,HI-only hotspot,True,40.90215686274513,22.772576144121732
06,037,208401,06037208401,1400000US06037208401,2084.01,Census Tract 2084.01,G5020,S,229676,0,+34.0637659,-118.2691298,los_angeles,Los Angeles,,,,,,,,,,0.22956860417519406,40.96135714285716,22.772576144121732,-18.18878099873544,22.77257614412173,56.943057890226434,True,False,True,HI-only hotspot,True,40.96135714285716,22.772576144121732
06,037,208402,06037208402,1400000US06037208402,2084.02,Census Tract 2084.02,G5020,S,340750,0,+34.0683644,-118.2660132,los_angeles,Los Angeles,,,,,,,,,,0.3405911754351859,41.05354368932041,22.772576144121732,-18.28096754519868,22.77257614412173,56.943057890226434,True,False,True,HI-only hotspot,True,41.05354368932041,22.772576144121732
06,037,208502,06037208502,1400000US06037208502,2085.02,Census Tract 2085.02,G5020,S,261043,0,+34.0660490,-118.2741645,los_angeles,Los Angeles,,,,,,,,,,0.26092339711089835,41.01364978902957,22.772576144121732,-18.241073644907832,22.77257614412173,56.943057890226434,True,False,True,HI-only hotspot,True,41.01364978902957,22.772576144121732
06,037,208801,06037208801,1400000US06037208801,2088.01,Census Tract 2088.01,G5020,S,234245,34211,+34.0596750,-118.2770843,los_angeles,Los Angeles,,,,,,,,,,0.2683326907208529,40.68000000000003,22.772576144121732,-17.907423855878296,22.77257614412173,56.943057890226434,True,False,True,HI-only hotspot,True,40.68000000000003,22.772576144121732
06,037,209103,06037209103,1400000US06037209103,2091.03,Census Tract 2091.03,G5020,S,124015,0,+34.0571100,-118.2640302,los_angeles,Los Angeles,,,,,,,,,,0.12395861806101097,40.88459459459463,22.772576144121732,-18.112018450472892,22.77257614412173,56.943057890226434,True,False,True,HI-only hotspot,True,40.88459459459463,22.772576144121732
06,037,209104,06037209104,1400000US06037209104,2091.04,Census Tract 2091.04,G5020,S,69958,0,+34.0591782,-118.2663761,los_angeles,Los Angeles,,,,,,,,,,0.06992549645406776,40.88333333333336,22.772576144121732,-18.11075718921163,22.77257614412173,56.943057890226434,True,False,True,HI-only hotspot,True,40.88333333333336,22.772576144121732
06,037,120105,06037120105,1400000US06037120105,1201.05,Census Tract 1201.05,G5020,S,550918,0,+34.2340798,-118.4488025,los_angeles,Los Angeles,,,,,,,,,,0.550719843945801,43.36259920634924,22.854393328791108,-20.508205877558126,22.854393328791105,55.583815028259906,True,True,True,Both LST and HI hotspot,False,43.36259920634924,22.854393328791108
06,037,139401,06037139401,1400000US06037139401,1394.01,Census Tract 1394.01,G5020,S,907259,0,+34.1696955,-118.5375830,los_angeles,Los Angeles,,,,,,,,,,0.9069816755750526,39.81512367491168,22.400895041313728,-17.41422863359796,22.40089504131373,58.90132299675208,True,False,False,Neither hotspot,False,39.81512367491168,22.400895041313728
06,037,980024,06037980024,1400000US06037980024,9800.24,Census Tract 9800.24,G5020,S,7998841,288250,+34.1803242,-118.4883751,los_angeles,Los Angeles,,,,,,,,,,8.284307567067003,39.7085608134533,22.400895041313728,-17.307665772139565,22.40089504131373,58.90132299675208,True,False,False,Neither hotspot,False,39.7085608134533,22.400895041313728
06,037,980026,06037980026,1400000US06037980026,9800.26,Census Tract 9800.26,G5020,S,13865627,35273,+34.2734804,-118.2633014,los_angeles,Los Angeles,,,,,,,,,,13.894537845666175,34.54763933302881,22.237166974497846,-12.310472358530971,22.237166974497846,50.90013627191003,True,False,False,Neither hotspot,True,34.54763933302881,22.237166974497846
06,037,211201,06037211201,1400000US06037211201,2112.01,Census Tract 2112.01,G5020,S,139369,0,+34.0745294,-118.2984693,los_angeles,Los Angeles,,,,,,,,,,0.1393061558835821,39.95320833333336,22.772576144121732,-17.18063218921163,22.77257614412173,56.943057890226434,True,False,True,HI-only hotspot,True,39.95320833333336,22.772576144121732
06,037,212502,06037212502,1400000US06037212502,2125.02,Census Tract 2125.02,G5020,S,285085,0,+34.0586417,-118.3069674,los_angeles,Los Angeles,,,,,,,,,,0.2849578765967362,38.12133333333336,22.772576144121732,-15.348757189211625,22.77257614412173,56.943057890226434,True,False,True,HI-only hotspot,True,38.12133333333336,22.772576144121732
06,037,212702,06037212702,1400000US06037212702,2127.02,Census Tract 2127.02,G5020,S,880616,0,+34.0585147,-118.3261907,los_angeles,Los Angeles,,,,,,,,,,0.8802388233843,38.20430909090912,22.772576144121732,-15.431732946787388,22.77257614412173,56.943057890226434,True,False,True,HI-only hotspot,True,38.20430909090912,22.772576144121732
06,037,214501,06037214501,1400000US06037214501,2145.01,Census Tract 2145.01,G5020,S,752344,0,+34.0712362,-118.3578948,los_angeles,Los Angeles,,,,,,,,,,0.7520354447004117,38.32883404864094,22.395122353926983,-15.933711694713963,22.39512235392698,59.306167605666204,True,False,False,Neither hotspot,False,38.32883404864094,22.395122353926983
06,037,215101,06037215101,1400000US06037215101,2151.01,Census Tract 2151.01,G5020,S,351656,3300,+34.0636762,-118.3535529,los_angeles,Los Angeles,,,,,,,,,,0.35480698755636253,38.25880530973455,22.57883880048195,-15.679966509252592,22.578838800481947,58.15598146098313,True,False,False,Neither hotspot,True,38.25880530973455,22.57883880048195
06,037,216401,06037216401,1400000US06037216401,2164.01,Census Tract 2164.01,G5020,S,411515,0,+34.0567002,-118.3797321,los_angeles,Los Angeles,,,,,,,,,,0.4113501059958532,37.208244274809196,22.395122353926983,-14.813121920882208,22.39512235392698,59.306167605666204,True,False,False,Neither hotspot,True,37.208244274809196,22.395122353926983
06,037,216402,06037216402,1400000US06037216402,2164.02,Census Tract 2164.02,G5020,S,229443,0,+34.0611535,-118.3804364,los_angeles,Los Angeles,,,,,,,,,,0.2293503096832769,37.063888888888926,22.395122353926983,-14.66876653496194,22.39512235392698,59.306167605666204,True,False,False,Neither hotspot,True,37.063888888888926,22.395122353926983
06,037,217001,06037217001,1400000US06037217001,2170.01,Census Tract 2170.01,G5020,S,548535,0,+34.0523836,-118.3870300,los_angeles,Los Angeles,,,,,,,,,,0.5483183981361672,36.732471590909114,22.395122353926983,-14.337349236982131,22.39512235392698,59.306167605666204,True,False,False,Neither hotspot,True,36.732471590909114,22.395122353926983
06,037,218701,06037218701,1400000US06037218701,2187.01,Census Tract 2187.01,G5020,S,549903,0,+34.0373889,-118.3333058,los_angeles,Los Angeles,,,,,,,,,,0.5496687265801362,39.678471337579644,22.093422038313296,-17.585049299266355,22.093422038313292,61.875082282866735,True,False,False,Neither hotspot,False,39.678471337579644,22.093422038313296
06,037,218702,06037218702,1400000US06037218702,2187.02,Census Tract 2187.02,G5020,S,359671,0,+34.0334074,-118.3337765,los_angeles,Los Angeles,,,,,,,,,,0.3595171323713328,39.75564102564106,22.093422038313296,-17.662218987327766,22.093422038313292,61.875082282866735,True,False,False,Neither hotspot,False,39.75564102564106,22.093422038313296
06,037,219902,06037219902,1400000US06037219902,2199.02,Census Tract 2199.02,G5020,S,798150,2669,+34.0296515,-118.3698125,los_angeles,Los Angeles,,,,,,,,,,0.8004910427205814,38.10728205128209,21.696834168917924,-16.410447882364156,21.696834168917917,63.2459534939658,True,False,False,Neither hotspot,False,38.10728205128209,21.696834168917924
06,037,221304,06037221304,1400000US06037221304,2213.04,Census Tract 2213.04,G5020,S,227251,0,+34.0453620,-118.3146461,los_angeles,Los Angeles,,,,,,,,,,0.22715179084755302,39.85082010582014,22.309026516347718,-17.541793589472416,22.309026516347714,60.30936025345712,True,False,False,Neither hotspot,False,39.85082010582014,22.309026516347718
06,037,221401,06037221401,1400000US06037221401,2214.01,Census Tract 2214.01,G5020,S,542311,0,+34.0338860,-118.3132694,los_angeles,Los Angeles,,,,,,,,,,0.5420728708250429,40.602880434782634,22.093422038313296,-18.50945839646934,22.093422038313292,61.875082282866735,True,False,False,Neither hotspot,False,40.602880434782634,22.093422038313296
06,037,122122,06037122122,1400000US06037122122,1221.22,Census Tract 1221.22,G5020,S,1017265,15394,+34.2197648,-118.3736105,los_angeles,Los Angeles,,,,,,,,,,1.0322413193502997,42.80393561786088,22.854393328791108,-19.94954228906977,22.854393328791105,55.583815028259906,True,True,True,Both LST and HI hotspot,False,42.80393561786088,22.854393328791108
06,037,127805,06037127805,1400000US06037127805,1278.05,Census Tract 1278.05,G5020,S,614510,0,+34.1921963,-118.4576889,los_angeles,Los Angeles,,,,,,,,,,0.6142894617224582,42.029960127591735,22.472500034073313,-19.557460093518426,22.472500034073317,58.37750594909542,True,True,False,LST-only hotspot,False,42.029960127591735,22.472500034073313
06,037,183103,06037183103,1400000US06037183103,1831.03,Census Tract 1831.03,G5020,S,639705,18167,+34.1156486,-118.1749059,los_angeles,Los Angeles,,,,,,,,,,0.6575362193911923,39.796834170854304,22.835774952432423,-16.961059218421877,22.835774952432416,55.77099040687782,True,False,True,HI-only hotspot,True,39.796834170854304,22.835774952432423
06,037,183104,06037183104,1400000US06037183104,1831.04,Census Tract 1831.04,G5020,S,662254,4556,+34.1215773,-118.1746179,los_angeles,Los Angeles,,,,,,,,,,0.6664706864326482,39.370089869281074,22.835774952432423,-16.534314916848654,22.835774952432416,55.77099040687782,True,False,True,HI-only hotspot,True,39.370089869281074,22.835774952432423
06,037,186301,06037186301,1400000US06037186301,1863.01,Census Tract 1863.01,G5020,S,1160503,0,+34.1223497,-118.2404148,los_angeles,Los Angeles,,,,,,,,,,1.1599479516291336,38.6744490740741,22.835774952432423,-15.838674121641679,22.835774952432416,55.77099040687782,True,False,True,HI-only hotspot,True,38.6744490740741,22.835774952432423
06,037,980010,06037980010,1400000US06037980010,9800.10,Census Tract 9800.10,G5020,S,3757606,76092,+34.0786807,-118.2395140,los_angeles,Los Angeles,,,,,,,,,,3.8318667633552757,38.513822033898336,22.835774952432423,-15.678047081465914,22.835774952432416,55.77099040687782,True,False,True,HI-only hotspot,True,38.513822033898336,22.835774952432423
06,037,980014,06037980014,1400000US06037980014,9800.14,Census Tract 9800.14,G5020,S,6478055,973764,+33.7824778,-118.2384201,los_angeles,Los Angeles,,,,,,,,,,7.448276359189104,35.93899720198504,20.76585486136151,-15.17314234062351,20.765854861361515,70.50965254034537,True,False,False,Neither hotspot,True,35.93899720198504,20.76585486136151
06,037,222002,06037222002,1400000US06037222002,2220.02,Census Tract 2220.02,G5020,S,655705,0,+34.0218914,-118.3132782,los_angeles,Los Angeles,,,,,,,,,,0.6554179060112401,40.79916666666669,22.093422038313296,-18.705744628353397,22.093422038313292,61.875082282866735,True,False,False,Neither hotspot,False,40.79916666666669,22.093422038313296
06,037,226001,06037226001,1400000US06037226001,2260.01,Census Tract 2260.01,G5020,S,1034764,0,+34.0244804,-118.2502706,los_angeles,Los Angeles,,,,,,,,,,1.0342778591888862,42.49842948717952,22.310872795802467,-20.187556691377043,22.310872795802464,61.29377467436758,True,True,False,LST-only hotspot,False,42.49842948717952,22.310872795802467
06,037,226002,06037226002,1400000US06037226002,2260.02,Census Tract 2260.02,G5020,S,2568345,0,+34.0326185,-118.2477706,los_angeles,Los Angeles,,,,,,,,,,2.567131334733839,42.37187446988977,22.38237623281618,-19.989498237073587,22.382376232816178,61.10262568758156,True,True,False,LST-only hotspot,False,42.37187446988977,22.38237623281618
06,037,221402,06037221402,1400000US06037221402,2214.02,Census Tract 2214.02,G5020,S,532313,0,+34.0384431,-118.3090474,los_angeles,Los Angeles,,,,,,,,,,0.5320802770964463,40.41270666666669,22.093422038313296,-18.3192846283534,22.093422038313292,61.875082282866735,True,False,False,Neither hotspot,False,40.41270666666669,22.093422038313296
06,037,207101,06037207101,1400000US06037207101,2071.01,Census Tract 2071.01,G5020,S,300183,0,+34.0612027,-118.2448177,los_angeles,Los Angeles,,,,,,,,,,0.30004214820443226,40.11571705426359,22.835774952432423,-17.279942101831168,22.835774952432416,55.77099040687782,True,False,True,HI-only hotspot,True,40.11571705426359,22.835774952432423
06,037,207102,06037207102,1400000US06037207102,2071.02,Census Tract 2071.02,G5020,S,415045,0,+34.0592851,-118.2395097,los_angeles,Los Angeles,,,,,,,,,,0.41484707752730343,39.93101851851855,22.835774952432423,-17.095243566086125,22.835774952432416,55.77099040687782,True,False,True,HI-only hotspot,True,39.93101851851855,22.835774952432423
06,037,207502,06037207502,1400000US06037207502,2075.02,Census Tract 2075.02,G5020,S,418380,0,+34.0527070,-118.2530840,los_angeles,Los Angeles,,,,,,,,,,0.418184547121586,40.311002604166696,22.814050362075623,-17.49695224209107,22.81405036207562,56.17388860427891,True,False,True,HI-only hotspot,True,40.311002604166696,22.814050362075623
06,037,211703,06037211703,1400000US06037211703,2117.03,Census Tract 2117.03,G5020,S,184109,0,+34.0671466,-118.3115820,los_angeles,Los Angeles,,,,,,,,,,0.18402730373924178,37.6416666666667,22.772576144121732,-14.869090522544969,22.77257614412173,56.943057890226434,True,False,True,HI-only hotspot,True,37.6416666666667,22.772576144121732
06,037,212701,06037212701,1400000US06037212701,2127.01,Census Tract 2127.01,G5020,S,469617,0,+34.0543037,-118.3193139,los_angeles,Los Angeles,,,,,,,,,,0.46941516587406723,38.557839912280734,22.772576144121732,-15.785263768159005,22.77257614412173,56.943057890226434,True,False,True,HI-only hotspot,True,38.557839912280734,22.772576144121732
06,037,273700,06037273700,1400000US06037273700,2737,Census Tract 2737,G5020,S,690352,0,+33.9983793,-118.4526783,los_angeles,Los Angeles,,,,,,,,,,0.6901036138552001,33.47157894736844,21.696834168917924,-12.452124164415432,21.696834168917917,63.2459534939658,True,False,False,Neither hotspot,True,33.47157894736844,21.696834168917924
06,037,273800,06037273800,1400000US06037273800,2738,Census Tract 2738,G5020,S,741626,0,+33.9927102,-118.4512626,los_angeles,Los Angeles,,,,,,,,,,0.7413623050343875,32.75952873563221,21.696834168917924,-12.208108359817734,21.696834168917917,63.2459534939658,True,False,False,Neither hotspot,True,32.75952873563221,21.696834168917924
06,037,274100,06037274100,1400000US06037274100,2741,Census Tract 2741,G5020,S,628049,0,+33.9875224,-118.4489221,los_angeles,Los Angeles,,,,,,,,,,0.6278244128432624,31.672382246376845,21.696834168917924,-10.021598502163785,21.696834168917917,63.2459534939658,True,False,False,Neither hotspot,True,31.672382246376845,21.696834168917924
06,037,221500,06037221500,1400000US06037221500,2215,Census Tract 2215,G5020,S,380722,0,+34.0348455,-118.3046372,los_angeles,Los Angeles,,,,,,,,,,0.38055326696668174,40.79947154471548,22.093422038313296,-18.70604950640218,22.093422038313292,61.875082282866735,True,False,False,Neither hotspot,False,40.79947154471548,22.093422038313296
06,037,221710,06037221710,1400000US06037221710,2217.10,Census Tract 2217.10,G5020,S,327983,0,+34.0346983,-118.2876315,los_angeles,Los Angeles,,,,,,,,,,0.3278336313860387,40.8616666666667,22.093422038313296,-18.768244628353404,22.093422038313292,61.875082282866735,True,False,False,Neither hotspot,False,40.8616666666667,22.093422038313296
06,037,221900,06037221900,1400000US06037221900,2219,Census Tract 2219,G5020,S,410027,0,+34.0267671,-118.2895580,los_angeles,Los Angeles,,,,,,,,,,0.40984104995964893,40.91666666666669,22.093422038313296,-18.8232446283534,22.093422038313292,61.875082282866735,True,False,False,Neither hotspot,False,40.91666666666669,22.093422038313296
06,037,222100,06037222100,1400000US06037222100,2221,Census Tract 2221,G5020,S,478935,0,+34.0273170,-118.3023777,los_angeles,Los Angeles,,,,,,,,,,0.4787240850262632,40.928140096618385,22.093422038313296,-18.834718058305093,22.093422038313292,61.875082282866735,True,False,False,Neither hotspot,False,40.928140096618385,22.093422038313296
06,037,222200,06037222200,1400000US06037222200,2222,Census Tract 2222,G5020,S,481869,0,+34.0309167,-118.3024156,los_angeles,Los Angeles,,,,,,,,,,0.48165596301487207,40.817798053528016,22.093422038313296,-18.724376015214716,22.093422038313292,61.875082282866735,True,False,False,Neither hotspot,False,40.817798053528016,22.093422038313296
06,037,222500,06037222500,1400000US06037222500,2225,Census Tract 2225,G5020,S,652465,0,+34.0218497,-118.3045508,los_angeles,Los Angeles,,,,,,,,,,0.652174715886377,40.916000000000025,22.093422038313296,-18.82257796168673,22.093422038313292,61.875082282866735,True,False,False,Neither hotspot,False,40.916000000000025,22.093422038313296
06,037,222700,06037222700,1400000US06037222700,2227,Census Tract 2227,G5020,S,821876,0,+34.0209296,-118.2856599,los_angeles,Los Angeles,,,,,,,,,,0.8215064397988021,40.83779922779926,22.093422038313296,-18.744377189485967,22.093422038313292,61.875082282866735,True,False,False,Neither hotspot,False,40.83779922779926,22.093422038313296
06,037,224010,06037224010,1400000US06037224010,2240.10,Census Tract 2240.10,G5020,S,830399,0,+34.0367636,-118.2658976,los_angeles,Los Angeles,,,,,,,,,,0.8300127467215429,41.19026692708336,22.093422038313296,-19.096844888770065,22.093422038313292,61.875082282866735,True,False,False,Neither hotspot,False,41.19026692708336,22.093422038313296
06,037,224020,06037224020,1400000US06037224020,2240.20,Census Tract 2240.20,G5020,S,1232331,0,+34.0304827,-118.2686569,los_angeles,Los Angeles,,,,,,,,,,1.2317668446656176,40.8492372134039,22.093422038313296,-18.75581517509061,22.093422038313292,61.875082282866735,True,False,False,Neither hotspot,False,40.8492372134039,22.093422038313296
06,037,234600,06037234600,1400000US06037234600,2346,Census Tract 2346,G5020,S,1303261,598,+33.9920177,-118.3275610,los_angeles,Los Angeles,,,,,,,,,,1.3032993485560473,38.98214833759594,22.093422038313296,-16.88872629928264,22.093422038313292,61.875082282866735,True,False,False,Neither hotspot,False,38.98214833759594,22.093422038313296
06,037,234700,06037234700,1400000US06037234700,2347,Census Tract 2347,G5020,S,742058,0,+33.9872213,-118.3276852,los_angeles,Los Angeles,,,,,,,,,,0.7417402007764952,39.25499210110588,22.093422038313296,-17.161570062792578,22.093422038313292,61.875082282866735,True,False,False,Neither hotspot,False,39.25499210110588,22.093422038313296
06,037,235100,06037235100,1400000US06037235100,2351,Census Tract 2351,G5020,S,1181474,0,+33.9852423,-118.3463239,los_angeles,Los Angeles,,,,,,,,,,1.1809795792580244,38.37670707070709,22.070588191287502,-16.306118879419596,22.070588191287495,61.954011231384555,True,False,False,Neither hotspot,False,38.37670707070709,22.070588191287502
06,037,265100,06037265100,1400000US06037265100,2651,Census Tract 2651,G5020,S,2362034,0,+34.0737151,-118.4288493,los_angeles,Los Angeles,,,,,,,,,,2.3611585071387333,33.76808115543331,22.395122353926983,-11.372958801506329,22.39512235392698,59.306167605666204,True,False,False,Neither hotspot,True,33.76808115543331,22.395122353926983
06,037,265301,06037265301,1400000US06037265301,2653.01,Census Tract 2653.01,G5020,S,1595806,0,+34.0710687,-118.4454342,los_angeles,Los Angeles,,,,,,,,,,1.5952294809354075,33.61231638418082,22.317267896642417,-11.295048487538407,22.317267896642413,59.75804268204153,True,False,False,Neither hotspot,True,33.61231638418082,22.317267896642417
06,037,265303,06037265303,1400000US06037265303,2653.03,Census Tract 2653.03,G5020,S,147998,0,+34.0672740,-118.4534106,los_angeles,Los Angeles,,,,,,,,,,0.14794448220864986,33.21833333333336,21.782667289955047,-11.435666043378315,21.782667289955043,62.86091820648541,True,False,False,Neither hotspot,True,33.21833333333336,21.782667289955047
06,037,265304,06037265304,1400000US06037265304,2653.04,Census Tract 2653.04,G5020,S,130983,0,+34.0677546,-118.4511610,los_angeles,Los Angeles,,,,,,,,,,0.13093660232414578,33.68540650406507,22.230805141641834,-11.454601362423244,22.230805141641827,60.25988118149574,True,False,False,Neither hotspot,True,33.68540650406507,22.230805141641834
06,037,265410,06037265410,1400000US06037265410,2654.10,Census Tract 2654.10,G5020,S,710541,0,+34.0656025,-118.4632446,los_angeles,Los Angeles,,,,,,,,,,0.7102892761395864,33.398838862559266,21.782667289955047,-11.616171572604221,21.782667289955043,62.86091820648541,True,False,False,Neither hotspot,True,33.398838862559266,21.782667289955047
06,037,237720,06037237720,1400000US06037237720,2377.20,Census Tract 2377.20,G5020,S,325225,0,+33.9692863,-118.2861511,los_angeles,Los Angeles,,,,,,,,,,0.32507619208354394,41.00384057971017,22.093422038313296,-18.91041854139688,22.093422038313292,61.875082282866735,True,False,False,Neither hotspot,False,41.00384057971017,22.093422038313296
06,037,237800,06037237800,1400000US06037237800,2378,Census Tract 2378,G5020,S,972785,0,+33.9709601,-118.2981214,los_angeles,Los Angeles,,,,,,,,,,0.9723520557648127,40.19790613718415,22.093422038313296,-18.104484098870856,22.093422038313292,61.875082282866735,True,False,False,Neither hotspot,False,40.19790613718415,22.093422038313296
06,037,238000,06037238000,1400000US06037238000,2380,Census Tract 2380,G5020,S,1663572,0,+33.9472944,-118.3097251,los_angeles,Los Angeles,,,,,,,,,,1.6628415845120388,39.33513395638632,21.739630033097022,-17.595503923289307,21.739630033097015,63.97567071293106,True,False,False,Neither hotspot,False,39.33513395638632,21.739630033097022
06,037,238100,06037238100,1400000US06037238100,2381,Census Tract 2381,G5020,S,983749,0,+33.9636280,-118.3111989,los_angeles,Los Angeles,,,,,,,,,,0.983315469048713,39.36493808049539,22.093422038313296,-17.271516042182096,22.093422038313292,61.875082282866735,True,False,False,Neither hotspot,False,39.36493808049539,22.093422038313296
06,037,238200,06037238200,1400000US06037238200,2382,Census Tract 2382,G5020,S,1026631,0,+33.9634958,-118.2979777,los_angeles,Los Angeles,,,,,,,,,,1.0261707415927375,40.27276915113875,22.093422038313296,-18.179347112825454,22.093422038313292,61.875082282866735,True,False,False,Neither hotspot,False,40.27276915113875,22.093422038313296
06,037,238310,06037238310,1400000US06037238310,2383.10,Census Tract 2383.10,G5020,S,397068,0,+33.9660436,-118.2861074,los_angeles,Los Angeles,,,,,,,,,,0.3968895592272888,40.82820289855076,22.093422038313296,-18.734780860237453,22.093422038313292,61.875082282866735,True,False,False,Neither hotspot,False,40.82820289855076,22.093422038313296
06,037,238320,06037238320,1400000US06037238320,2383.20,Census Tract 2383.20,G5020,S,468279,0,+33.9621527,-118.2861548,los_angeles,Los Angeles,,,,,,,,,,0.468068572892635,40.47816993464055,22.093422038313296,-18.384747896327255,22.093422038313292,61.875082282866735,True,False,False,Neither hotspot,False,40.47816993464055,22.093422038313296
06,037,238400,06037238400,1400000US06037238400,2384,Census Tract 2384,G5020,S,1301542,0,+33.9563491,-118.3089917,los_angeles,Los Angeles,,,,,,,,,,1.3009732697092737,39.45109756097565,22.093422038313296,-17.357675522662348,22.093422038313292,61.875082282866735,True,False,False,Neither hotspot,False,39.45109756097565,22.093422038313296
06,037,239320,06037239320,1400000US06037239320,2393.20,Census Tract 2393.20,G5020,S,347073,0,+33.9785676,-118.2717384,los_angeles,Los Angeles,,,,,,,,,,0.34691319936728493,41.41879629629632,22.093422038313296,-19.32537425798303,22.093422038313292,61.875082282866735,True,False,False,Neither hotspot,False,41.41879629629632,22.093422038313296
06,037,211000,06037211000,1400000US06037211000,2110,Census Tract 2110,G5020,S,2656762,0,+34.0677859,-118.3317418,los_angeles,Los Angeles,,,,,,,,,,2.655631547067902,38.38323420074352,22.772576144121732,-15.61065805662179,22.77257614412173,56.943057890226434,True,False,True,HI-only hotspot,True,38.38323420074352,22.772576144121732
06,037,211310,06037211310,1400000US06037211310,2113.10,Census Tract 2113.10,G5020,S,143939,0,+34.0709091,-118.2984928,los_angeles,Los Angeles,,,,,,,,,,0.14387431331703393,39.8374842767296,22.772576144121732,-17.06490813260786,22.77257614412173,56.943057890226434,True,False,True,HI-only hotspot,True,39.8374842767296,22.772576144121732
06,037,211410,06037211410,1400000US06037211410,2114.10,Census Tract 2114.10,G5020,S,270793,0,+34.0726142,-118.3073155,los_angeles,Los Angeles,,,,,,,,,,0.27067462584239926,38.80605555555559,22.772576144121732,-16.033479411433856,22.77257614412173,56.943057890226434,True,False,True,HI-only hotspot,True,38.80605555555559,22.772576144121732
06,037,211500,06037211500,1400000US06037211500,2115,Census Tract 2115,G5020,S,909039,0,+34.0724565,-118.3152596,los_angeles,Los Angeles,,,,,,,,,,0.9086417200505954,38.02831688596494,22.772576144121732,-15.255740741843208,22.77257614412173,56.943057890226434,True,False,True,HI-only hotspot,True,38.02831688596494,22.772576144121732
06,037,211701,06037211701,1400000US06037211701,2117.01,Census Tract 2117.01,G5020,S,651516,0,+34.0653405,-118.3184531,los_angeles,Los Angeles,,,,,,,,,,0.6512327589019219,37.74795698924735,22.772576144121732,-14.975380845125612,22.77257614412173,56.943057890226434,True,False,True,HI-only hotspot,True,37.74795698924735,22.772576144121732
06,037,211910,06037211910,1400000US06037211910,2119.10,Census Tract 2119.10,G5020,S,137966,0,+34.0672078,-118.2985036,los_angeles,Los Angeles,,,,,,,,,,0.13790388237789855,39.81888888888892,22.772576144121732,-17.04631274476719,22.77257614412173,56.943057890226434,True,False,True,HI-only hotspot,True,39.81888888888892,22.772576144121732
06,037,212202,06037212202,1400000US06037212202,2122.02,Census Tract 2122.02,G5020,S,206471,0,+34.0563658,-118.2879320,los_angeles,Los Angeles,,,,,,,,,,0.20637757047037322,39.95487179487182,22.772576144121732,-17.18229565075009,22.77257614412173,56.943057890226434,True,False,True,HI-only hotspot,True,39.95487179487182,22.772576144121732
06,037,212204,06037212204,1400000US06037212204,2122.04,Census Tract 2122.04,G5020,S,213185,0,+34.0598252,-118.2865323,los_angeles,Los Angeles,,,,,,,,,,0.2130889135018128,40.16833333333336,22.772576144121732,-17.395757189211626,22.77257614412173,56.943057890226434,True,False,True,HI-only hotspot,True,40.16833333333336,22.772576144121732
06,037,212304,06037212304,1400000US06037212304,2123.04,Census Tract 2123.04,G5020,S,205676,0,+34.0598538,-118.2979144,los_angeles,Los Angeles,,,,,,,,,,0.2055840743946448,38.8166904761905,22.772576144121732,-16.044114332068773,22.77257614412173,56.943057890226434,True,False,True,HI-only hotspot,True,38.8166904761905,22.772576144121732
06,037,212306,06037212306,1400000US06037212306,2123.06,Census Tract 2123.06,G5020,S,161926,0,+34.0561280,-118.2940726,los_angeles,Los Angeles,,,,,,,,,,0.16185328862519416,39.41777777777781,22.772576144121732,-16.645201633656075,22.77257614412173,56.943057890226434,True,False,True,HI-only hotspot,True,39.41777777777781,22.772576144121732
06,037,212420,06037212420,1400000US06037212420,2124.20,Census Tract 2124.20,G5020,S,143454,0,+34.0560876,-118.3019777,los_angeles,Los Angeles,,,,,,,,,,0.14339073574380054,38.49111111111114,22.772576144121732,-15.718534966989404,22.77257614412173,56.943057890226434,True,False,True,HI-only hotspot,True,38.49111111111114,22.772576144121732
06,037,212610,06037212610,1400000US06037212610,2126.10,Census Tract 2126.10,G5020,S,357157,0,+34.0598448,-118.3138698,los_angeles,Los Angeles,,,,,,,,,,0.3570000122314522,37.890000000000036,22.772576144121732,-15.117423855878304,22.77257614412173,56.943057890226434,True,False,True,HI-only hotspot,True,37.890000000000036,22.772576144121732
06,037,212620,06037212620,1400000US06037212620,2126.20,Census Tract 2126.20,G5020,S,288619,0,+34.0563607,-118.3130597,los_angeles,Los Angeles,,,,,,,,,,0.288492770522018,38.10717948717952,22.772576144121732,-15.334603343057791,22.77257614412173,56.943057890226434,True,False,True,HI-only hotspot,True,38.10717948717952,22.772576144121732
06,037,212800,06037212800,1400000US06037212800,2128,Census Tract 2128,G5020,S,781275,0,+34.0518662,-118.3305985,los_angeles,Los Angeles,,,,,,,,,,0.7809391486942624,38.72667372881359,22.772576144121732,-15.954097584691857,22.77257614412173,56.943057890226434,True,False,True,HI-only hotspot,True,38.72667372881359,22.772576144121732
06,037,212900,06037212900,1400000US06037212900,2129,Census Tract 2129,G5020,S,373620,0,+34.0494541,-118.3215149,los_angeles,Los Angeles,,,,,,,,,,0.3734587328540529,38.91207627118647,22.772576144121732,-16.139500127064743,22.77257614412173,56.943057890226434,True,False,True,HI-only hotspot,True,38.91207627118647,22.772576144121732
06,037,213100,06037213100,1400000US06037213100,2131,Census Tract 2131,G5020,S,537044,0,+34.0506364,-118.3126928,los_angeles,Los Angeles,,,,,,,,,,0.5368079020905526,38.9166666666667,22.772576144121732,-16.144090522544968,22.77257614412173,56.943057890226434,True,False,True,HI-only hotspot,True,38.9166666666667,22.772576144121732
06,037,224200,06037224200,1400000US06037224200,2242,Census Tract 2242,G5020,S,368196,0,+34.0406213,-118.2767182,los_angeles,Los Angeles,,,,,,,,,,0.36802775900874535,41.21565527065529,22.093422038313296,-19.122233232341998,22.093422038313292,61.875082282866735,True,False,False,Neither hotspot,False,41.21565527065529,22.093422038313296
06,037,224320,06037224320,1400000US06037224320,2243.20,Census Tract 2243.20,G5020,S,290769,0,+34.0415850,-118.2808542,los_angeles,Los Angeles,,,,,,,,,,0.29063989094169534,41.162535460992935,22.093422038313296,-19.06911342267964,22.093422038313292,61.875082282866735,True,False,False,Neither hotspot,False,41.162535460992935,22.093422038313296
06,037,224420,06037224420,1400000US06037224420,2244.20,Census Tract 2244.20,G5020,S,358656,0,+34.0316495,-118.2769038,los_angeles,Los Angeles,,,,,,,,,,0.35849579398814757,40.6494801223242,22.093422038313296,-18.556058084010903,22.093422038313292,61.875082282866735,True,False,False,Neither hotspot,False,40.6494801223242,22.093422038313296
06,037,224600,06037224600,1400000US06037224600,2246,Census Tract 2246,G5020,S,718926,0,+34.0222989,-118.2718023,los_angeles,Los Angeles,,,,,,,,,,0.7185954074249549,40.72471342383109,22.093422038313296,-18.631291385517795,22.093422038313292,61.875082282866735,True,False,False,Neither hotspot,False,40.72471342383109,22.093422038313296
06,037,265420,06037265420,1400000US06037265420,2654.20,Census Tract 2654.20,G5020,S,730774,0,+34.0704417,-118.4594425,los_angeles,Los Angeles,,,,,,,,,,0.7305136278967187,33.15626307922275,21.782667289955047,-11.373595789267704,21.782667289955043,62.86091820648541,True,False,False,Neither hotspot,True,33.15626307922275,21.782667289955047
06,037,267800,06037267800,1400000US06037267800,2678,Census Tract 2678,G5020,S,1151184,0,+34.0395800,-118.4306812,los_angeles,Los Angeles,,,,,,,,,,1.1507566587899474,37.366643258427,21.696834168917924,-15.669809089509075,21.696834168917917,63.2459534939658,True,False,False,Neither hotspot,True,37.366643258427,21.696834168917924
06,037,267600,06037267600,1400000US06037267600,2676,Census Tract 2676,G5020,S,1273089,0,+34.0340797,-118.4524613,los_angeles,Los Angeles,,,,,,,,,,1.272632616700968,36.63505952380955,21.696834168917924,-15.228011688500215,21.696834168917917,63.2459534939658,True,False,False,Neither hotspot,True,36.63505952380955,21.696834168917924
06,037,267700,06037267700,1400000US06037267700,2677,Census Tract 2677,G5020,S,814658,0,+34.0387217,-118.4441579,los_angeles,Los Angeles,,,,,,,,,,0.8143615893034117,37.39085958005252,21.696834168917924,-15.694025411134595,21.696834168917917,63.2459534939658,True,False,False,Neither hotspot,True,37.39085958005252,21.696834168917924
06,037,235201,06037235201,1400000US06037235201,2352.01,Census Tract 2352.01,G5020,S,652606,0,+33.9745535,-118.3221148,los_angeles,Los Angeles,,,,,,,,,,0.6523246409764132,38.672867383512575,22.093422038313296,-16.579445345199286,22.093422038313292,61.875082282866735,True,False,False,Neither hotspot,False,38.672867383512575,22.093422038313296
06,037,235202,06037235202,1400000US06037235202,2352.02,Census Tract 2352.02,G5020,S,851554,0,+33.9730801,-118.3303760,los_angeles,Los Angeles,,,,,,,,,,0.8511898205409043,38.819797768479795,22.093422038313296,-16.726375730166502,22.093422038313292,61.875082282866735,True,False,False,Neither hotspot,False,38.819797768479795,22.093422038313296
06,037,269800,06037269800,1400000US06037269800,2698,Census Tract 2698,G5020,S,467088,0,+34.0320450,-118.3968111,los_angeles,Los Angeles,,,,,,,,,,0.466903574767829,37.848809523809564,21.696834168917924,-16.151975354891636,21.696834168917917,63.2459534939658,True,False,False,Neither hotspot,False,37.848809523809564,21.696834168917924
06,037,226410,06037226410,1400000US06037226410,2264.10,Census Tract 2264.10,G5020,S,282483,0,+34.0241996,-118.2622815,los_angeles,Los Angeles,,,,,,,,,,0.28235239391467626,41.809767441860494,22.093422038313296,-19.716345403547194,22.093422038313292,61.875082282866735,True,True,False,LST-only hotspot,False,41.809767441860494,22.093422038313296
06,037,227020,06037227020,1400000US06037227020,2270.20,Census Tract 2270.20,G5020,S,440119,0,+34.0157537,-118.2519330,los_angeles,Los Angeles,,,,,,,,,,0.4399135324686086,42.59611959287536,22.354837212856445,-20.24128238001891,22.35483721285644,61.17624530619337,True,True,False,LST-only hotspot,False,42.59611959287536,22.354837212856445
06,037,228100,06037228100,1400000US06037228100,2281,Census Tract 2281,G5020,S,1003328,0,+34.0096170,-118.2439607,los_angeles,Los Angeles,,,,,,,,,,1.0028542542800267,42.6622782874618,22.416491735154356,-20.245786552307443,22.416491735154352,61.01142526452512,True,True,False,LST-only hotspot,False,42.6622782874618,22.416491735154356
06,037,228210,06037228210,1400000US06037228210,2282.10,Census Tract 2282.10,G5020,S,411032,0,+34.0104120,-118.2534818,los_angeles,Los Angeles,,,,,,,,,,0.41083981872898895,42.39463114754101,22.289382346233282,-20.105248801307734,22.289382346233282,61.35122474715133,True,True,False,LST-only hotspot,False,42.39463114754101,22.289382346233282
06,037,228220,06037228220,1400000US06037228220,2282.20,Census Tract 2282.20,G5020,S,366214,0,+34.0060455,-118.2513193,los_angeles,Los Angeles,,,,,,,,,,0.36604232059883035,42.37031007751941,22.356385745044392,-20.013924332475018,22.35638574504439,61.17210564003054,True,True,False,LST-only hotspot,False,42.37031007751941,22.356385745044392
06,037,228310,06037228310,1400000US06037228310,2283.10,Census Tract 2283.10,G5020,S,546319,0,+34.0113510,-118.2624160,los_angeles,Los Angeles,,,,,,,,,,0.5460639779190866,41.93180392156866,22.093422038313296,-19.838381883255362,22.093422038313292,61.875082282866735,True,True,False,LST-only hotspot,False,41.93180392156866,22.093422038313296
06,037,228320,06037228320,1400000US06037228320,2283.20,Census Tract 2283.20,G5020,S,337041,0,+34.0078219,-118.2636360,los_angeles,Los Angeles,,,,,,,,,,0.3368823596614065,41.76482758620692,22.093422038313296,-19.671405547893627,22.093422038313292,61.875082282866735,True,True,False,LST-only hotspot,False,41.76482758620692,22.093422038313296
06,037,228420,06037228420,1400000US06037228420,2284.20,Census Tract 2284.20,G5020,S,277393,0,+34.0082598,-118.2718914,los_angeles,Los Angeles,,,,,,,,,,0.27726410485240394,41.63218518518521,22.093422038313296,-19.53876314687191,22.093422038313292,61.875082282866735,True,True,False,LST-only hotspot,False,41.63218518518521,22.093422038313296
06,037,228710,06037228710,1400000US06037228710,2287.10,Census Tract 2287.10,G5020,S,404789,0,+33.9993679,-118.2542903,los_angeles,Los Angeles,,,,,,,,,,0.4045986982645006,42.26188346883471,22.251017012382103,-20.010866456452607,22.2510170123821,61.45378617635863,True,True,False,LST-only hotspot,False,42.26188346883471,22.251017012382103
06,037,228720,06037228720,1400000US06037228720,2287.20,Census Tract 2287.20,G5020,S,404152,0,+33.9993670,-118.2499406,los_angeles,Los Angeles,,,,,,,,,,0.40396157690762746,42.4837669376694,22.416491735154356,-20.067275202515045,22.416491735154352,61.01142526452512,True,True,False,LST-only hotspot,False,42.4837669376694,22.416491735154356
06,037,269000,06037269000,1400000US06037269000,2690,Census Tract 2690,G5020,S,2294749,0,+34.0433250,-118.4043050,los_angeles,Los Angeles,,,,,,,,,,2.2938620805718206,36.896787234042584,21.950396970850292,-14.946390263192292,21.950396970850285,61.81533620686694,True,False,False,Neither hotspot,True,36.896787234042584,21.950396970850292
06,037,269100,06037269100,1400000US06037269100,2691,Census Tract 2691,G5020,S,839267,0,+34.0530704,-118.3948253,los_angeles,Los Angeles,,,,,,,,,,0.8389409392140921,36.25318066157763,22.395122353926983,-13.858058307650651,22.39512235392698,59.306167605666204,True,False,False,Neither hotspot,True,36.25318066157763,22.395122353926983
06,037,269300,06037269300,1400000US06037269300,2693,Census Tract 2693,G5020,S,2205507,3034,+34.0444598,-118.4122005,los_angeles,Los Angeles,,,,,,,,,,2.2077027996393404,36.96570579494803,21.758051112328822,-15.207654682619202,21.758051112328815,62.900563646403135,True,False,False,Neither hotspot,True,36.96570579494803,21.758051112328822
06,037,269500,06037269500,1400000US06037269500,2695,Census Tract 2695,G5020,S,1384207,0,+34.0433812,-118.3937878,los_angeles,Los Angeles,,,,,,,,,,1.3836652840328008,37.006631701631726,21.88890411258009,-15.11772758905164,21.888904112580082,62.162282783431166,True,False,False,Neither hotspot,True,37.006631701631726,21.88890411258009
06,037,269700,06037269700,1400000US06037269700,2697,Census Tract 2697,G5020,S,897605,0,+34.0363360,-118.3871530,los_angeles,Los Angeles,,,,,,,,,,0.897249993013857,37.9488583638584,21.696834168917924,-16.25202419494047,21.696834168917917,63.2459534939658,True,False,False,Neither hotspot,False,37.9488583638584,21.696834168917924
06,037,228800,06037228800,1400000US06037228800,2288,Census Tract 2288,G5020,S,844484,0,+33.9992469,-118.2432565,los_angeles,Los Angeles,,,,,,,,,,0.8440817151195644,42.64358267716538,22.416491735154356,-20.227090942011024,22.416491735154352,61.01142526452512,True,True,False,LST-only hotspot,False,42.64358267716538,22.416491735154356
06,037,228900,06037228900,1400000US06037228900,2289,Census Tract 2289,G5020,S,515517,0,+33.9920544,-118.2430143,los_angeles,Los Angeles,,,,,,,,,,0.5152686387283382,42.57918300653599,22.416491735154356,-20.162691271381625,22.416491735154352,61.01142526452512,True,True,False,LST-only hotspot,False,42.57918300653599,22.416491735154356
06,037,229100,06037229100,1400000US06037229100,2291,Census Tract 2291,G5020,S,475049,0,+33.9921607,-118.2520958,los_angeles,Los Angeles,,,,,,,,,,0.4748264659919007,42.42923497267763,22.337048367078687,-20.092186605598943,22.337048367078683,61.223799941166504,True,True,False,LST-only hotspot,False,42.42923497267763,22.337048367078687
06,037,237710,06037237710,1400000US06037237710,2377.10,Census Tract 2377.10,G5020,S,432281,0,+33.9726959,-118.2861364,los_angeles,Los Angeles,,,,,,,,,,0.43208315758019555,41.00384057971017,22.093422038313296,-18.91041854139688,22.093422038313292,61.875082282866735,True,False,False,Neither hotspot,False,41.00384057971017,22.093422038313296
06,037,239330,06037239330,1400000US06037239330,2393.30,Census Tract 2393.30,G5020,S,979523,0,+33.9783876,-118.2631028,los_angeles,Los Angeles,,,,,,,,,,0.979068028512314,41.55402862985689,22.093422038313296,-19.46060659154359,22.093422038313292,61.875082282866735,True,True,False,LST-only hotspot,False,41.55402862985689,22.093422038313296
06,037,240700,06037240700,1400000US06037240700,2407,Census Tract 2407,G5020,S,1194497,0,+33.9470153,-118.2593919,los_angeles,Los Angeles,,,,,,,,,,1.1939408445417663,41.105927977839364,21.675054296922127,-19.43087368091724,21.675054296922127,64.39686078193654,True,False,False,Neither hotspot,False,41.105927977839364,21.675054296922127
06,037,240800,06037240800,1400000US06037240800,2408,Census Tract 2408,G5020,S,630658,7788,+33.9397051,-118.2618930,los_angeles,Los Angeles,,,,,,,,,,0.6381503924269348,41.04845648604272,21.309759687708446,-19.738696798334274,21.309759687708446,66.53516696244544,True,False,False,Neither hotspot,False,41.04845648604272,21.309759687708446
06,037,241110,06037241110,1400000US06037241110,2411.10,Census Tract 2411.10,G5020,S,486637,0,+33.9364940,-118.2716976,los_angeles,Los Angeles,,,,,,,,,,0.4864112784436822,40.616595744680886,21.308033147065544,-19.30856259761534,21.308033147065544,66.53821427491826,True,False,False,Neither hotspot,False,40.616595744680886,21.308033147065544
06,037,241120,06037241120,1400000US06037241120,2411.20,Census Tract 2411.20,G5020,S,663697,0,+33.9364446,-118.2768362,los_angeles,Los Angeles,,,,,,,,,,0.6633922188628639,40.37143939393943,21.308033147065544,-19.06340624687389,21.308033147065544,66.53821427491826,True,False,False,Neither hotspot,False,40.37143939393943,21.308033147065544
06,037,241400,06037241400,1400000US06037241400,2414,Census Tract 2414,G5020,S,575556,0,+33.9255825,-118.2755595,los_angeles,Los Angeles,,,,,,,,,,0.5752939946107057,40.24396510560149,21.308033147065544,-18.935931958535953,21.308033147065544,66.53821427491826,True,False,False,Neither hotspot,False,40.24396510560149,21.308033147065544
06,037,262302,06037262302,1400000US06037262302,2623.02,Census Tract 2623.02,G5020,S,3063535,0,+34.0751234,-118.4768411,los_angeles,Los Angeles,,,,,,,,,,3.062487237549679,32.08584647739224,21.782667289955047,-10.303179187437197,21.782667289955043,62.86091820648541,True,False,False,Neither hotspot,True,32.08584647739224,21.782667289955047
06,037,229200,06037229200,1400000US06037229200,2292,Census Tract 2292,G5020,S,445674,0,+33.9982715,-118.2608283,los_angeles,Los Angeles,,,,,,,,,,0.44546811549601556,42.06053030303033,22.093422038313296,-19.96710826471703,22.093422038313292,61.875082282866735,True,True,False,LST-only hotspot,False,42.06053030303033,22.093422038313296
06,037,229300,06037229300,1400000US06037229300,2293,Census Tract 2293,G5020,S,502416,515,+33.9979135,-118.2706778,los_angeles,Los Angeles,,,,,,,,,,0.50269886254105,41.8626666666667,22.093422038313296,-19.769244628353402,22.093422038313292,61.875082282866735,True,True,False,LST-only hotspot,False,41.8626666666667,22.093422038313296
06,037,229410,06037229410,1400000US06037229410,2294.10,Census Tract 2294.10,G5020,S,542426,0,+33.9922359,-118.2695618,los_angeles,Los Angeles,,,,,,,,,,0.5421751836010608,41.76518115942031,22.093422038313296,-19.67175912110702,22.093422038313292,61.875082282866735,True,True,False,LST-only hotspot,False,41.76518115942031,22.093422038313296
06,037,229420,06037229420,1400000US06037229420,2294.20,Census Tract 2294.20,G5020,S,584157,0,+33.9925311,-118.2608177,los_angeles,Los Angeles,,,,,,,,,,0.5838830161997868,42.03567204301078,22.093422038313296,-19.942250004697478,22.093422038313292,61.875082282866735,True,True,False,LST-only hotspot,False,42.03567204301078,22.093422038313296
06,037,231100,06037231100,1400000US06037231100,2311,Census Tract 2311,G5020,S,894059,0,+34.0152478,-118.2765579,los_angeles,Los Angeles,,,,,,,,,,0.8936500018823107,40.93412935323385,22.093422038313296,-18.84070731492056,22.093422038313292,61.875082282866735,True,False,False,Neither hotspot,False,40.93412935323385,22.093422038313296
06,037,231210,06037231210,1400000US06037231210,2312.10,Census Tract 2312.10,G5020,S,320683,0,+34.0145285,-118.2980282,los_angeles,Los Angeles,,,,,,,,,,0.32053971460898684,41.13072222222225,22.093422038313296,-19.037300183908965,22.093422038313292,61.875082282866735,True,False,False,Neither hotspot,False,41.13072222222225,22.093422038313296
06,037,231220,06037231220,1400000US06037231220,2312.20,Census Tract 2312.20,G5020,S,965178,0,+34.0145635,-118.2893753,los_angeles,Los Angeles,,,,,,,,,,0.9647431698681163,41.14913978494627,22.093422038313296,-19.055717746632975,22.093422038313292,61.875082282866735,True,False,False,Neither hotspot,False,41.14913978494627,22.093422038313296
06,037,231400,06037231400,1400000US06037231400,2314,Census Tract 2314,G5020,S,621035,0,+34.0145548,-118.3129995,los_angeles,Los Angeles,,,,,,,,,,0.620761588978346,40.260000000000026,22.093422038313296,-18.16657796168673,22.093422038313292,61.875082282866735,True,False,False,Neither hotspot,False,40.260000000000026,22.093422038313296
06,037,231710,06037231710,1400000US06037231710,2317.10,Census Tract 2317.10,G5020,S,323785,0,+34.0073136,-118.2893576,los_angeles,Los Angeles,,,,,,,,,,0.3236395795686332,41.54314641744552,22.093422038313296,-19.449724379132217,22.093422038313292,61.875082282866735,True,True,False,LST-only hotspot,False,41.54314641744552,22.093422038313296
06,037,240010,06037240010,1400000US06037240010,2400.10,Census Tract 2400.10,G5020,S,588434,0,+33.9583159,-118.2637831,los_angeles,Los Angeles,,,,,,,,,,0.5881619680937733,41.37035928143715,22.093422038313296,-19.276937243123857,22.093422038313292,61.875082282866735,True,False,False,Neither hotspot,False,41.37035928143715,22.093422038313296
06,037,240200,06037240200,1400000US06037240200,2402,Census Tract 2402,G5020,S,746814,0,+33.9560337,-118.2761415,los_angeles,Los Angeles,,,,,,,,,,0.7464725533860648,40.74798449612406,22.093422038313296,-18.654562457810762,22.093422038313292,61.875082282866735,True,False,False,Neither hotspot,False,40.74798449612406,22.093422038313296
06,037,240500,06037240500,1400000US06037240500,2405,Census Tract 2405,G5020,S,812533,0,+33.9469270,-118.2756654,los_angeles,Los Angeles,,,,,,,,,,0.8121564384154814,40.63673151750976,21.65641576808595,-18.98031574942381,21.65641576808595,64.469743274553,True,False,False,Neither hotspot,False,40.63673151750976,21.65641576808595
06,037,270200,06037270200,1400000US06037270200,2702,Census Tract 2702,G5020,S,758090,6115,+34.0328855,-118.3797742,los_angeles,Los Angeles,,,,,,,,,,0.7639007820518939,38.34890101892288,21.696834168917924,-16.65206685000496,21.696834168917917,63.2459534939658,True,False,False,Neither hotspot,False,38.34890101892288,21.696834168917924
06,037,270300,06037270300,1400000US06037270300,2703,Census Tract 2703,G5020,S,963539,12995,+34.0399075,-118.3708123,los_angeles,Los Angeles,,,,,,,,,,0.9761432736212108,38.52651149425291,21.696834168917924,-16.829677325334984,21.696834168917917,63.2459534939658,True,False,False,Neither hotspot,False,38.52651149425291,21.696834168917924
06,037,271100,06037271100,1400000US06037271100,2711,Census Tract 2711,G5020,S,804371,0,+34.0339126,-118.4268131,los_angeles,Los Angeles,,,,,,,,,,0.8040760144820996,37.03367346938777,21.696834168917924,-15.336839300469853,21.696834168917917,63.2459534939658,True,False,False,Neither hotspot,True,37.03367346938777,21.696834168917924
06,037,271200,06037271200,1400000US06037271200,2712,Census Tract 2712,G5020,S,524468,0,+34.0313918,-118.4420025,los_angeles,Los Angeles,,,,,,,,,,0.5242794073452177,36.98950920245402,21.696834168917924,-15.317540831082107,21.696834168917917,63.2459534939658,True,False,False,Neither hotspot,True,36.98950920245402,21.696834168917924
06,037,271300,06037271300,1400000US06037271300,2713,Census Tract 2713,G5020,S,1470376,0,+34.0259601,-118.4413946,los_angeles,Los Angeles,,,,,,,,,,1.4698421713909806,36.670154525386344,21.696834168917924,-14.977785195457566,21.696834168917917,63.2459534939658,True,False,False,Neither hotspot,True,36.670154525386344,21.696834168917924
06,037,271400,06037271400,1400000US06037271400,2714,Census Tract 2714,G5020,S,1149044,0,+34.0100779,-118.4473997,los_angeles,Los Angeles,,,,,,,,,,1.1486304899538298,35.12249053030306,21.696834168917924,-13.57716141607107,21.696834168917917,63.2459534939658,True,False,False,Neither hotspot,True,35.12249053030306,21.696834168917924
06,037,231800,06037231800,1400000US06037231800,2318,Census Tract 2318,G5020,S,520258,0,+34.0074446,-118.2774651,los_angeles,Los Angeles,,,,,,,,,,0.5200196750943575,41.58047619047621,22.093422038313296,-19.487054152162912,22.093422038313292,61.875082282866735,True,True,False,LST-only hotspot,False,41.58047619047621,22.093422038313296
06,037,232110,06037232110,1400000US06037232110,2321.10,Census Tract 2321.10,G5020,S,380033,0,+33.9994947,-118.2893178,los_angeles,Los Angeles,,,,,,,,,,0.37986080045706666,41.428981481481514,22.093422038313296,-19.335559443168222,22.093422038313292,61.875082282866735,True,False,False,Neither hotspot,False,41.428981481481514,22.093422038313296
06,037,232200,06037232200,1400000US06037232200,2322,Census Tract 2322,G5020,S,522951,0,+34.0017243,-118.2978735,los_angeles,Los Angeles,,,,,,,,,,0.5227178492492893,41.15021739130438,22.093422038313296,-19.056795352991085,22.093422038313292,61.875082282866735,True,False,False,Neither hotspot,False,41.15021739130438,22.093422038313296
06,037,242700,06037242700,1400000US06037242700,2427,Census Tract 2427,G5020,S,1015210,0,+33.9363535,-118.2426486,los_angeles,Los Angeles,,,,,,,,,,1.0147278579136358,41.13445168295333,21.65852089757504,-19.475930785378292,21.658520897575045,65.91960984293696,True,False,False,Neither hotspot,False,41.13445168295333,21.65852089757504
06,037,242100,06037242100,1400000US06037242100,2421,Census Tract 2421,G5020,S,459615,0,+33.9456299,-118.2323662,los_angeles,Los Angeles,,,,,,,,,,0.4593957205967137,41.12314814814818,21.79723451490982,-19.32591363323836,21.79723451490982,65.02137998544984,True,False,False,Neither hotspot,False,41.12314814814818,21.79723451490982
06,037,243100,06037243100,1400000US06037243100,2431,Census Tract 2431,G5020,S,586033,0,+33.9326936,-118.2351416,los_angeles,Los Angeles,,,,,,,,,,0.5857520414238228,41.01977011494255,21.65852089757504,-19.361249217367515,21.658520897575045,65.91960984293696,True,False,False,Neither hotspot,False,41.01977011494255,21.65852089757504
06,037,261200,06037261200,1400000US06037261200,2612,Census Tract 2612,G5020,S,7267513,323001,+34.1132765,-118.4418058,los_angeles,Los Angeles,,,,,,,,,,7.587760495108713,32.2216659565403,22.28787095584753,-9.93379500069276,22.287870955847527,59.92866547398179,True,False,False,Neither hotspot,True,32.2216659565403,22.28787095584753
06,037,219700,06037219700,1400000US06037219700,2197,Census Tract 2197,G5020,S,1092488,0,+34.0277561,-118.3490693,los_angeles,Los Angeles,,,,,,,,,,1.0920327917970574,38.723822947576686,22.051056568585597,-16.67276637899109,22.051056568585594,62.021525498295716,True,False,False,Neither hotspot,False,38.723822947576686,22.051056568585597
06,037,221820,06037221820,1400000US06037221820,2218.20,Census Tract 2218.20,G5020,S,204263,0,+34.0304526,-118.2864985,los_angeles,Los Angeles,,,,,,,,,,0.20417062462153154,40.8616666666667,22.093422038313296,-18.768244628353404,22.093422038313292,61.875082282866735,True,False,False,Neither hotspot,False,40.8616666666667,22.093422038313296
06,037,242000,06037242000,1400000US06037242000,2420,Census Tract 2420,G5020,S,646734,0,+33.9392821,-118.2502155,los_angeles,Los Angeles,,,,,,,,,,0.6464278910798743,41.16285714285717,21.65852089757504,-19.50433624528213,21.658520897575045,65.91960984293696,True,False,False,Neither hotspot,False,41.16285714285717,21.65852089757504
06,037,264000,06037264000,1400000US06037264000,2640,Census Tract 2640,G5020,S,1868031,0,+34.0545499,-118.4815022,los_angeles,Los Angeles,,,,,,,,,,1.8673984479312515,31.229530885780907,21.782667289955047,-9.446863595825864,21.782667289955043,62.86091820648541,True,False,False,Neither hotspot,True,31.229530885780907,21.782667289955047
06,037,267502,06037267502,1400000US06037267502,2675.02,Census Tract 2675.02,G5020,S,434714,0,+34.0375502,-118.4621616,los_angeles,Los Angeles,,,,,,,,,,0.4345601485097672,36.42220959595962,,,,,False,False,False,Missing,False,36.42220959595962,
06,037,271500,06037271500,1400000US06037271500,2715,Census Tract 2715,G5020,S,910071,0,+34.0166821,-118.4382414,los_angeles,Los Angeles,,,,,,,,,,0.9097386004679932,36.28314148681058,21.696834168917924,-14.58630731789265,21.696834168917917,63.2459534939658,True,False,False,Neither hotspot,True,36.28314148681058,21.696834168917924
06,037,272301,06037272301,1400000US06037272301,2723.01,Census Tract 2723.01,G5020,S,604024,0,+34.0050155,-118.4222404,los_angeles,Los Angeles,,,,,,,,,,0.6038002938522748,36.130000000000024,21.696834168917924,-14.433165831082103,21.696834168917917,63.2459534939658,True,False,False,Neither hotspot,True,36.130000000000024,21.696834168917924
06,037,272302,06037272302,1400000US06037272302,2723.02,Census Tract 2723.02,G5020,S,505134,0,+34.0021096,-118.4274418,los_angeles,Los Angeles,,,,,,,,,,0.5049452272199436,35.6303854166667,21.696834168917924,-13.933551247748772,21.696834168917917,63.2459534939658,True,False,False,Neither hotspot,True,35.6303854166667,21.696834168917924
06,037,273100,06037273100,1400000US06037273100,2731,Census Tract 2731,G5020,S,1177012,0,+34.0034845,-118.4598118,los_angeles,Los Angeles,,,,,,,,,,1.176599150707422,33.644736842105296,21.696834168917924,-13.12149916441544,21.696834168917917,63.2459534939658,True,False,False,Neither hotspot,True,33.644736842105296,21.696834168917924
06,037,273200,06037273200,1400000US06037273200,2732,Census Tract 2732,G5020,S,642773,0,+33.9975912,-118.4669822,los_angeles,Los Angeles,,,,,,,,,,0.6425521706774805,32.72604390243906,,,,,False,False,False,Missing,False,32.72604390243906,
06,037,273300,06037273300,1400000US06037273300,2733,Census Tract 2733,G5020,S,573442,0,+33.9955625,-118.4722134,los_angeles,Los Angeles,,,,,,,,,,0.5732447262556474,31.92303086419756,,,,,False,False,False,Missing,False,31.92303086419756,
06,037,273600,06037273600,1400000US06037273600,2736,Census Tract 2736,G5020,S,588642,0,+33.9933608,-118.4599433,los_angeles,Los Angeles,,,,,,,,,,0.5884408573892684,32.354211293260505,,,,,False,False,False,Missing,False,32.354211293260505,
06,037,232120,06037232120,1400000US06037232120,2321.20,Census Tract 2321.20,G5020,S,521876,0,+33.9996748,-118.2839315,los_angeles,Los Angeles,,,,,,,,,,0.521638505323181,41.47950733752624,22.093422038313296,-19.386085299212947,22.093422038313292,61.875082282866735,True,True,False,LST-only hotspot,False,41.47950733752624,22.093422038313296
06,037,294830,06037294830,1400000US06037294830,2948.30,Census Tract 2948.30,G5020,S,885881,0,+33.7729434,-118.2670110,los_angeles,Los Angeles,,,,,,,,,,0.8854724194723915,34.47447401774402,20.438854485663853,-14.035619532080167,20.438854485663853,71.0706293286502,True,False,False,Neither hotspot,True,34.47447401774402,20.438854485663853
06,037,106603,06037106603,1400000US06037106603,1066.03,Census Tract 1066.03,G5020,S,10318680,2478,+34.3121073,-118.5243083,los_angeles,Los Angeles,,,,,,,,,,10.317886102918465,35.52982332707945,22.60031635726711,-12.929506969812342,22.600316357267104,55.76673160950213,True,False,False,Neither hotspot,True,35.52982332707945,22.60031635726711
06,037,134424,06037134424,1400000US06037134424,1344.24,Census Tract 1344.24,G5020,S,3713069,0,+34.2135678,-118.6565672,los_angeles,Los Angeles,,,,,,,,,,3.712228253587355,37.62999704229521,21.417163595159874,-16.212833447135335,21.41716359515987,65.08826037191855,True,False,False,Neither hotspot,False,37.62999704229521,21.417163595159874
06,037,189600,06037189600,1400000US06037189600,1896,Census Tract 1896,G5020,S,1070644,0,+34.1112603,-118.3297989,los_angeles,Los Angeles,,,,,,,,,,1.0701819920547089,36.12511640211643,22.772576144121732,-13.352540257994699,22.77257614412173,56.943057890226434,True,False,True,HI-only hotspot,True,36.12511640211643,22.772576144121732
06,037,189400,06037189400,1400000US06037189400,1894,Census Tract 1894,G5020,S,1446823,0,+34.1200812,-118.3211428,los_angeles,Los Angeles,,,,,,,,,,1.4461956870558552,34.88953662182364,22.772576144121732,-12.116960477701907,22.77257614412173,56.943057890226434,True,False,True,HI-only hotspot,True,34.88953662182364,22.772576144121732
06,037,181400,06037181400,1400000US06037181400,1814,Census Tract 1814,G5020,S,879184,0,+34.1367194,-118.2088736,los_angeles,Los Angeles,,,,,,,,,,0.8787504483321672,39.65332687338505,22.835774952432423,-16.81755192095262,22.835774952432416,55.77099040687782,True,False,True,HI-only hotspot,True,39.65332687338505,22.835774952432423
